# Blender 5.2.0 LTS
# www.blender.org
mtllib ash mag.mtl
o mp7_mag
v -0.323259 -0.676034 0.000041
v -0.363460 -0.670114 0.000041
v -0.363551 -0.670114 -0.014268
v -0.360574 -0.670540 -0.023269
v -0.354284 -0.671479 -0.035148
v -0.346800 -0.672578 -0.043429
v -0.339154 -0.673695 -0.047298
v -0.326995 -0.675485 -0.049729
v -0.315270 -0.677221 -0.049639
v -0.099878 -0.708592 -0.037759
v -0.100474 -0.708503 0.000041
v -0.118496 -0.705845 -0.048199
v -0.101661 -0.708326 -0.044239
v -0.108885 -0.707263 -0.048108
v -0.121550 -0.705348 -0.057108
v -0.314589 -0.677310 -0.059898
v -0.124190 -0.704976 -0.060078
v -0.307702 -0.678338 -0.063048
v -0.127076 -0.704551 -0.063048
v -0.124190 -0.704977 0.060071
v -0.127076 -0.704551 0.063041
v -0.307702 -0.678338 0.063041
v -0.314589 -0.677310 0.059891
v -0.121550 -0.705349 0.057191
v -0.315270 -0.677222 0.049631
v -0.118496 -0.705845 0.048192
v -0.101661 -0.708326 0.044232
v -0.108885 -0.707263 0.048101
v -0.099878 -0.708592 0.037752
v -0.323259 -0.676034 0.000041
v -0.100474 -0.708503 0.000041
v -0.326995 -0.675485 0.049722
v -0.339154 -0.673695 0.047291
v -0.346800 -0.672578 0.043422
v -0.354284 -0.671479 0.035141
v -0.360574 -0.670540 0.023262
v -0.363551 -0.670114 0.014262
v -0.363460 -0.670114 0.000041
v -0.237833 0.465760 -0.014629
v -0.235537 0.465760 -0.020119
v -0.237495 0.465350 -0.024348
v -0.237495 0.465350 0.024342
v -0.235537 0.465760 0.020112
v -0.237833 0.465760 0.014622
v -0.230355 0.465760 -0.022728
v -0.230265 0.465760 -0.026868
v -0.237495 0.465350 -0.024348
v -0.237495 0.465350 0.024342
v -0.230265 0.465760 0.026951
v -0.230355 0.465760 0.022721
v -0.237495 0.465350 -0.024348
v -0.235537 0.465760 -0.020119
v -0.230355 0.465760 -0.022728
v -0.230355 0.465760 0.022721
v -0.235537 0.465760 0.020112
v -0.237495 0.465350 0.024342
v -0.230265 0.465760 -0.026868
v -0.230355 0.465760 -0.022728
v -0.208845 0.465760 -0.022728
v -0.208845 0.465760 -0.022728
v -0.208845 0.465760 -0.028218
v -0.230265 0.465760 -0.026868
v -0.237495 0.465350 -0.024348
v -0.242255 0.465760 -0.014629
v -0.237833 0.465760 -0.014629
v -0.230265 0.465760 0.026951
v -0.208845 0.465760 0.028211
v -0.208845 0.465760 0.022721
v -0.208845 0.465760 0.022721
v -0.230355 0.465760 0.022721
v -0.230265 0.465760 0.026951
v -0.237833 0.465760 0.014622
v -0.242255 0.465760 0.014622
v -0.237495 0.465350 0.024342
v -0.230265 0.465760 -0.026868
v -0.228909 0.463240 -0.034159
v -0.239195 0.463240 -0.027679
v -0.239195 0.463240 0.027761
v -0.228909 0.463240 0.034152
v -0.230265 0.465760 0.026951
v -0.228909 0.463240 -0.034159
v -0.230265 0.465760 -0.026868
v -0.208845 0.465760 -0.028218
v -0.208845 0.465760 0.028211
v -0.230265 0.465760 0.026951
v -0.228909 0.463240 0.034152
v -0.199156 0.448270 -0.014629
v -0.199500 0.448270 -0.022728
v -0.229927 0.448270 -0.022728
v -0.235200 0.448270 -0.020028
v -0.237495 0.448270 -0.014629
v -0.229927 0.448270 -0.022728
v -0.235200 0.448270 -0.020028
v -0.199156 0.448270 -0.014629
v -0.199156 0.448270 0.014622
v -0.237495 0.448270 0.014622
v -0.235200 0.448270 0.020112
v -0.229927 0.448270 0.022721
v -0.199500 0.448270 0.022721
v -0.199156 0.448270 0.014622
v -0.235200 0.448270 0.020112
v -0.229927 0.448270 0.022721
v -0.208845 0.465760 -0.028218
v -0.208845 0.463240 -0.034878
v -0.228909 0.463240 -0.034159
v -0.228909 0.463240 0.034152
v -0.208845 0.463240 0.034871
v -0.208845 0.465760 0.028211
v -0.239195 0.463240 -0.027679
v -0.242255 0.465760 -0.014629
v -0.237495 0.465350 -0.024348
v -0.239195 0.463240 0.027761
v -0.237495 0.465350 0.024342
v -0.242255 0.465760 0.014622
v -0.239195 0.463240 -0.027679
v -0.237495 0.465350 -0.024348
v -0.230265 0.465760 -0.026868
v -0.230265 0.465760 0.026951
v -0.237495 0.465350 0.024342
v -0.239195 0.463240 0.027761
v -0.188871 0.430770 0.000041
v -0.184027 0.431110 -0.032089
v -0.188871 0.430770 -0.039379
v -0.188871 0.430770 0.000041
v -0.188871 0.430770 0.039372
v -0.184027 0.431110 0.032082
v -0.058400 0.430770 -0.015978
v -0.055086 0.430770 -0.015978
v -0.054826 0.430770 -0.037489
v -0.058400 0.430770 -0.039379
v -0.069956 0.430770 -0.015978
v -0.074975 0.430770 -0.039379
v -0.069872 0.430770 0.000041
v -0.082537 0.430770 0.000041
v -0.159293 0.430770 0.000041
v -0.082537 0.430770 0.000041
v -0.090105 0.430770 -0.039379
v -0.159293 0.430770 -0.039379
v -0.235881 0.430770 -0.030018
v -0.243526 0.430770 -0.014718
v -0.246925 0.430770 0.000041
v -0.235881 0.430770 0.000041
v -0.225083 0.430770 -0.039379
v -0.225083 0.430770 0.000041
v -0.188871 0.430770 -0.039379
v -0.188871 0.430770 0.000041
v -0.159293 0.430770 0.000041
v -0.159293 0.430770 0.039372
v -0.090105 0.430770 0.039372
v -0.082537 0.430770 0.000041
v -0.069872 0.430770 0.000041
v -0.082537 0.430770 0.000041
v -0.074975 0.430770 0.039372
v -0.069956 0.430770 0.015971
v -0.058400 0.430770 0.039372
v -0.058400 0.430770 0.015971
v -0.054826 0.430770 0.037482
v -0.055086 0.430770 0.015971
v -0.188871 0.430770 0.039372
v -0.188871 0.430770 0.000041
v -0.225083 0.430770 0.000041
v -0.225083 0.430770 0.039372
v -0.235881 0.430770 0.000041
v -0.235881 0.430770 0.030012
v -0.246925 0.430770 0.000041
v -0.243526 0.430770 0.014711
v -0.074975 0.430770 -0.039379
v -0.078542 0.430540 -0.034518
v -0.082537 0.430770 0.000041
v -0.086531 0.431000 -0.034518
v -0.090105 0.430770 -0.039379
v -0.179267 0.431020 -0.030379
v -0.188871 0.430770 0.000041
v -0.159293 0.430770 0.000041
v -0.184027 0.431110 -0.032089
v -0.159293 0.430770 0.000041
v -0.168897 0.430540 -0.030379
v -0.179267 0.431020 -0.030379
v -0.164053 0.430450 -0.032089
v -0.090105 0.430770 0.039372
v -0.086531 0.431000 0.034511
v -0.082537 0.430770 0.000041
v -0.078542 0.430540 0.034511
v -0.074975 0.430770 0.039372
v -0.164053 0.430450 0.032082
v -0.159293 0.430770 0.000041
v -0.168897 0.430540 0.030372
v -0.188871 0.430770 0.000041
v -0.179267 0.431020 0.030372
v -0.184027 0.431110 0.032082
v -0.159293 0.430770 -0.039379
v -0.164053 0.430450 -0.032089
v -0.159293 0.430770 0.000041
v -0.159293 0.430770 0.039372
v -0.159293 0.430770 0.000041
v -0.164053 0.430450 0.032082
v -0.179267 0.431020 0.030372
v -0.168897 0.430540 0.030372
v -0.159293 0.430770 0.000041
v -0.053808 0.415690 -0.015978
v -0.067239 0.414950 -0.015978
v -0.067239 0.414860 0.000041
v -0.053977 0.415500 0.000041
v -0.053808 0.415690 0.015971
v -0.053977 0.415500 0.000041
v -0.067239 0.414860 0.000041
v -0.067239 0.414950 0.015971
v -0.239195 0.463240 -0.027679
v -0.244545 0.463240 -0.014629
v -0.242255 0.465760 -0.014629
v -0.239195 0.463240 0.027761
v -0.242255 0.465760 0.014622
v -0.244545 0.463240 0.014622
v -0.228994 0.457520 -0.039379
v -0.228909 0.463240 -0.034159
v -0.208845 0.463240 -0.034878
v -0.208845 0.463240 0.034871
v -0.228909 0.463240 0.034152
v -0.228994 0.457520 0.039372
v -0.239875 0.457520 -0.030018
v -0.239195 0.463240 -0.027679
v -0.228909 0.463240 -0.034159
v -0.228909 0.463240 0.034152
v -0.239195 0.463240 0.027761
v -0.239875 0.457520 0.030012
v -0.246587 0.457520 -0.014629
v -0.244545 0.463240 -0.014629
v -0.239195 0.463240 -0.027679
v -0.239195 0.463240 0.027761
v -0.244545 0.463240 0.014622
v -0.246587 0.457520 0.014622
v -0.239195 0.463240 -0.027679
v -0.239875 0.457520 -0.030018
v -0.246587 0.457520 -0.014629
v -0.246587 0.457520 0.014622
v -0.239875 0.457520 0.030012
v -0.239195 0.463240 0.027761
v -0.199156 0.448270 -0.014629
v -0.189383 0.430770 -0.014629
v -0.190914 0.430770 -0.028309
v -0.190914 0.430770 0.028302
v -0.189383 0.430770 0.014622
v -0.199156 0.448270 0.014622
v -0.208845 0.463240 -0.034878
v -0.192185 0.430770 -0.039379
v -0.208845 0.457520 -0.039379
v -0.208845 0.463240 0.034871
v -0.208845 0.457520 0.039372
v -0.192185 0.430770 0.039372
v -0.092738 -0.683141 -0.037759
v -0.099878 -0.708592 -0.037759
v -0.101661 -0.708326 -0.044239
v -0.100474 -0.708503 0.000041
v -0.092738 -0.683141 0.037752
v -0.099878 -0.708592 0.037752
v -0.100474 -0.708503 0.000041
v -0.101661 -0.708326 0.044232
v -0.092738 -0.683141 -0.037759
v -0.093334 -0.683052 0.000041
v -0.100474 -0.708503 0.000041
v -0.100474 -0.708503 0.000041
v -0.093334 -0.683052 0.000041
v -0.092738 -0.683141 0.037752
v -0.208845 0.465760 -0.022728
v -0.199500 0.448270 -0.022728
v -0.190914 0.430770 -0.028309
v -0.190914 0.430770 0.028302
v -0.199500 0.448270 0.022721
v -0.208845 0.465760 0.022721
v -0.208845 0.463240 -0.034878
v -0.190914 0.430770 -0.028309
v -0.192185 0.430770 -0.039379
v -0.208845 0.463240 0.034871
v -0.192185 0.430770 0.039372
v -0.190914 0.430770 0.028302
v -0.208845 0.465760 -0.028218
v -0.190914 0.430770 -0.028309
v -0.208845 0.463240 -0.034878
v -0.208845 0.465760 0.028211
v -0.208845 0.463240 0.034871
v -0.190914 0.430770 0.028302
v -0.190914 0.430770 -0.028309
v -0.208845 0.465760 -0.028218
v -0.208845 0.465760 -0.022728
v -0.208845 0.465760 0.022721
v -0.208845 0.465760 0.028211
v -0.190914 0.430770 0.028302
v -0.190914 0.430770 -0.028309
v -0.199500 0.448270 -0.022728
v -0.199156 0.448270 -0.014629
v -0.199156 0.448270 0.014622
v -0.199500 0.448270 0.022721
v -0.190914 0.430770 0.028302
v -0.137108 -0.476710 -0.039379
v -0.128690 -0.479960 -0.039379
v -0.130137 -0.482350 -0.037759
v -0.130137 -0.482350 0.037752
v -0.128690 -0.479960 0.039372
v -0.137108 -0.476710 0.039372
v -0.101661 -0.681829 -0.048108
v -0.094437 -0.682875 -0.044239
v -0.101661 -0.708326 -0.044239
v -0.101661 -0.708326 -0.044239
v -0.092738 -0.683141 -0.037759
v -0.092738 -0.683141 0.037752
v -0.094437 -0.682875 0.044232
v -0.101661 -0.708326 0.044232
v -0.101661 -0.708326 0.044232
v -0.101661 -0.681829 0.048101
v -0.145350 -0.479230 -0.039379
v -0.137108 -0.476710 -0.039379
v -0.137192 -0.479640 -0.037759
v -0.144164 -0.481760 -0.037759
v -0.137277 -0.482560 -0.036859
v -0.142886 -0.484280 -0.036859
v -0.144164 -0.481760 -0.037759
v -0.137192 -0.479640 -0.037759
v -0.144164 -0.481760 0.037752
v -0.142886 -0.484280 0.036852
v -0.137277 -0.482560 0.036852
v -0.137192 -0.479640 0.037752
v -0.144164 -0.481760 0.037752
v -0.145350 -0.479230 0.039372
v -0.137192 -0.479640 0.037752
v -0.137108 -0.476710 0.039372
v -0.067239 0.414950 -0.015978
v -0.069956 0.430770 -0.015978
v -0.069872 0.430770 0.000041
v -0.069872 0.430770 0.000041
v -0.069956 0.430770 0.015971
v -0.067239 0.414950 0.015971
v -0.130137 -0.482350 -0.037759
v -0.137192 -0.479640 -0.037759
v -0.137108 -0.476710 -0.039379
v -0.131583 -0.484740 -0.036859
v -0.131583 -0.484740 0.036852
v -0.130137 -0.482350 0.037752
v -0.137192 -0.479640 0.037752
v -0.137108 -0.476710 0.039372
v -0.069872 0.430770 0.000041
v -0.067239 0.414860 0.000041
v -0.067239 0.414950 -0.015978
v -0.067239 0.414950 0.015971
v -0.067239 0.414860 0.000041
v -0.069872 0.430770 0.000041
v -0.121382 -0.683141 0.000041
v -0.120785 -0.683229 -0.037489
v -0.104722 -0.616660 -0.037489
v -0.104722 -0.616660 0.037482
v -0.120785 -0.683230 0.037482
v -0.121382 -0.683141 0.000041
v -0.150791 -0.485540 -0.039379
v -0.145350 -0.479230 -0.039379
v -0.144164 -0.481760 -0.037759
v -0.144164 -0.481760 0.037752
v -0.145350 -0.479230 0.039372
v -0.150791 -0.485540 0.039372
v -0.104722 -0.616660 -0.037489
v -0.105234 -0.616606 0.000041
v -0.121382 -0.683141 0.000041
v -0.090020 -0.538339 0.000041
v -0.104722 -0.616660 0.037482
v -0.105234 -0.616606 0.000041
v -0.090020 -0.538339 0.000041
v -0.121382 -0.683141 0.000041
v -0.053127 0.372070 -0.039379
v -0.049561 0.372090 -0.037489
v -0.044885 0.313390 -0.037489
v -0.049561 0.372090 -0.037489
v -0.058400 0.430770 -0.039379
v -0.045475 0.313390 0.000041
v -0.050066 0.372090 0.000041
v -0.045475 0.313390 0.000041
v -0.055086 0.430770 -0.015978
v -0.053808 0.415690 -0.015978
v -0.054826 0.430770 -0.037489
v -0.058400 0.430770 -0.039379
v -0.049561 0.372090 -0.037489
v -0.050066 0.372090 0.000041
v -0.053808 0.415690 -0.015978
v -0.053977 0.415500 0.000041
v -0.049561 0.372090 0.037482
v -0.044885 0.313390 0.037482
v -0.045475 0.313390 0.000041
v -0.053127 0.372070 0.039372
v -0.058400 0.430770 0.039372
v -0.049561 0.372090 0.037482
v -0.045475 0.313390 0.000041
v -0.050066 0.372090 0.000041
v -0.053808 0.415690 0.015971
v -0.055086 0.430770 0.015971
v -0.054826 0.430770 0.037482
v -0.049561 0.372090 0.037482
v -0.058400 0.430770 0.039372
v -0.053808 0.415690 0.015971
v -0.050066 0.372090 0.000041
v -0.053977 0.415500 0.000041
v -0.131583 -0.484740 -0.036859
v -0.137277 -0.482560 -0.036859
v -0.137192 -0.479640 -0.037759
v -0.137192 -0.479640 0.037752
v -0.137277 -0.482560 0.036852
v -0.131583 -0.484740 0.036852
v -0.076590 -0.464840 -0.037489
v -0.077180 -0.464800 0.000041
v -0.090020 -0.538339 0.000041
v -0.063750 -0.390670 -0.037489
v -0.063750 -0.390670 0.037482
v -0.076590 -0.464840 0.037482
v -0.077180 -0.464800 0.000041
v -0.090020 -0.538339 0.000041
v -0.120111 -0.679117 -0.060078
v -0.117556 -0.679490 -0.057108
v -0.121550 -0.705348 -0.057108
v -0.118496 -0.705845 -0.048199
v -0.114410 -0.679950 -0.048199
v -0.118496 -0.705845 -0.048199
v -0.118496 -0.705845 0.048192
v -0.114410 -0.679950 0.048282
v -0.117556 -0.679490 0.057191
v -0.121550 -0.705349 0.057191
v -0.120111 -0.679118 0.060071
v -0.118496 -0.705845 0.048192
v -0.101661 -0.708326 -0.044239
v -0.108885 -0.707263 -0.048108
v -0.101661 -0.681829 -0.048108
v -0.101661 -0.681829 0.048101
v -0.108885 -0.707263 0.048101
v -0.101661 -0.708326 0.044232
v -0.148671 -0.487030 -0.037759
v -0.144164 -0.481760 -0.037759
v -0.142886 -0.484280 -0.036859
v -0.146544 -0.488520 -0.036859
v -0.148671 -0.487030 -0.037759
v -0.144164 -0.481760 -0.037759
v -0.150791 -0.485540 -0.039379
v -0.148671 -0.487030 0.037752
v -0.146544 -0.488520 0.036852
v -0.142886 -0.484280 0.036852
v -0.150791 -0.485540 0.039372
v -0.144164 -0.481760 0.037752
v -0.144164 -0.481760 0.037752
v -0.148671 -0.487030 0.037752
v -0.063750 -0.390670 -0.037489
v -0.064346 -0.390650 0.000041
v -0.077180 -0.464800 0.000041
v -0.056104 -0.324840 -0.037489
v -0.056104 -0.324840 0.037482
v -0.063750 -0.390670 0.037482
v -0.064346 -0.390650 0.000041
v -0.077180 -0.464800 0.000041
v -0.128690 -0.479960 -0.039379
v -0.124443 -0.486440 -0.039379
v -0.126738 -0.487600 -0.037759
v -0.126738 -0.487600 0.037752
v -0.124443 -0.486440 0.039372
v -0.128690 -0.479960 0.039372
v -0.029665 -0.128530 0.000041
v -0.028309 -0.102760 0.000041
v -0.028309 -0.102760 0.039281
v -0.029665 -0.128530 0.039281
v -0.031539 -0.102760 0.057191
v -0.032810 -0.128500 0.057191
v -0.034087 -0.102760 0.060071
v -0.035365 -0.128500 0.060071
v -0.037064 -0.102760 0.063041
v -0.028309 -0.102760 -0.039288
v -0.028309 -0.102760 0.000041
v -0.029665 -0.128530 0.000041
v -0.029665 -0.128530 -0.039199
v -0.031539 -0.102760 -0.057108
v -0.032810 -0.128500 -0.057108
v -0.034087 -0.102760 -0.060078
v -0.035365 -0.128500 -0.060078
v -0.037064 -0.102760 -0.063048
v -0.123081 -0.678674 -0.063048
v -0.120111 -0.679117 -0.060078
v -0.124190 -0.704976 -0.060078
v -0.121550 -0.705348 -0.057108
v -0.120111 -0.679118 0.060071
v -0.124190 -0.704977 0.060071
v -0.121550 -0.705349 0.057191
v -0.123081 -0.678675 0.063041
v -0.056104 -0.324840 -0.037489
v -0.056610 -0.324820 0.000041
v -0.064346 -0.390650 0.000041
v -0.050066 -0.255520 0.000041
v -0.056104 -0.324840 0.037482
v -0.056610 -0.324820 0.000041
v -0.050066 -0.255520 0.000041
v -0.064346 -0.390650 0.000041
v -0.126738 -0.487600 -0.037759
v -0.130137 -0.482350 -0.037759
v -0.128690 -0.479960 -0.039379
v -0.129034 -0.488770 -0.036859
v -0.131583 -0.484740 -0.036859
v -0.130137 -0.482350 0.037752
v -0.131583 -0.484740 0.036852
v -0.129034 -0.488770 0.036852
v -0.128690 -0.479960 0.039372
v -0.126738 -0.487600 0.037752
v -0.056104 -0.324840 -0.037489
v -0.049470 -0.255540 -0.037489
v -0.050066 -0.255520 0.000041
v -0.045475 -0.185570 -0.037489
v -0.046156 -0.103050 -0.039379
v -0.042589 -0.103050 -0.037489
v -0.045475 -0.185570 0.037482
v -0.042589 -0.103050 0.037482
v -0.046156 -0.103050 0.039372
v -0.049470 -0.255540 0.037482
v -0.050066 -0.255520 0.000041
v -0.056104 -0.324840 0.037482
v -0.045475 -0.185570 -0.037489
v -0.045987 -0.185550 0.000041
v -0.050066 -0.255520 0.000041
v -0.043095 -0.103050 0.000041
v -0.045475 -0.185570 -0.037489
v -0.045475 -0.185570 0.037482
v -0.045987 -0.185550 0.000041
v -0.043095 -0.103050 0.000041
v -0.050066 -0.255520 0.000041
v -0.045475 -0.185570 0.037482
v -0.058990 0.098770 0.039372
v -0.042505 0.098770 0.039372
v -0.043439 0.167030 0.039372
v -0.039950 0.031390 0.037482
v -0.038932 0.098770 0.037482
v -0.040462 0.031390 0.000041
v -0.039528 0.098770 0.000041
v -0.038932 0.098770 0.037482
v -0.039866 0.167040 0.037482
v -0.043439 0.167030 0.039372
v -0.039528 0.098770 0.000041
v -0.040378 0.167050 0.000041
v -0.059586 0.166960 0.039372
v -0.044801 0.240630 0.039372
v -0.061033 0.240560 0.039372
v -0.039866 0.167040 0.037482
v -0.048452 0.313390 0.039372
v -0.064774 0.313340 0.039372
v -0.041227 0.240630 0.037482
v -0.044885 0.313390 0.037482
v -0.045475 0.313390 0.000041
v -0.041740 0.240630 0.000041
v -0.041227 0.240630 0.037482
v -0.044801 0.240630 0.039372
v -0.040378 0.167050 0.000041
v -0.041740 0.240630 0.000041
v -0.053127 0.372070 0.039372
v -0.044885 0.313390 0.037482
v -0.064774 0.313340 0.039372
v -0.069619 0.372050 0.039372
v -0.058400 0.430770 0.039372
v -0.074975 0.430770 0.039372
v -0.069619 0.372050 0.039372
v -0.045475 -0.185570 -0.037489
v -0.042589 -0.103050 -0.037489
v -0.043095 -0.103050 0.000041
v -0.043095 -0.103050 0.000041
v -0.042589 -0.103050 0.037482
v -0.045475 -0.185570 0.037482
v -0.225083 0.430770 -0.039379
v -0.228994 0.457520 -0.039379
v -0.208845 0.457520 -0.039379
v -0.208845 0.463240 -0.034878
v -0.228994 0.457520 0.039372
v -0.208845 0.457520 0.039372
v -0.208845 0.463240 0.034871
v -0.225083 0.430770 0.039372
v -0.043011 -0.042310 -0.037489
v -0.043523 -0.042310 0.000041
v -0.045306 -0.106700 0.000041
v -0.044710 -0.106700 -0.037489
v -0.046584 -0.042310 -0.039379
v -0.048367 -0.106700 -0.039379
v -0.046584 -0.042310 0.039372
v -0.048367 -0.106700 0.039372
v -0.044710 -0.106700 0.037482
v -0.043011 -0.042310 0.037482
v -0.045306 -0.106700 0.000041
v -0.043523 -0.042310 0.000041
v -0.044885 0.313390 -0.037489
v -0.048452 0.313390 -0.039379
v -0.053127 0.372070 -0.039379
v -0.064774 0.313340 -0.039379
v -0.069619 0.372050 -0.039379
v -0.058400 0.430770 -0.039379
v -0.069619 0.372050 -0.039379
v -0.074975 0.430770 -0.039379
v -0.061033 0.240560 -0.039379
v -0.064774 0.313340 -0.039379
v -0.044801 0.240630 -0.039379
v -0.059586 0.166960 -0.039379
v -0.041227 0.240630 -0.037489
v -0.044885 0.313390 -0.037489
v -0.045475 0.313390 0.000041
v -0.041740 0.240630 0.000041
v -0.043439 0.167030 -0.039379
v -0.039866 0.167050 -0.037489
v -0.058990 0.098770 -0.039379
v -0.044801 0.240630 -0.039379
v -0.041227 0.240630 -0.037489
v -0.040378 0.167050 0.000041
v -0.041740 0.240630 0.000041
v -0.038932 0.098770 -0.037489
v -0.042505 0.098770 -0.039379
v -0.043439 0.167030 -0.039379
v -0.039866 0.167050 -0.037489
v -0.039528 0.098770 0.000041
v -0.040378 0.167050 0.000041
v -0.043523 0.031390 -0.039379
v -0.060014 0.031410 -0.039379
v -0.039950 0.031390 -0.037489
v -0.038932 0.098770 -0.037489
v -0.040462 0.031390 0.000041
v -0.039528 0.098770 0.000041
v -0.046584 -0.042310 -0.039379
v -0.062900 -0.042340 -0.039379
v -0.043011 -0.042310 -0.037489
v -0.039950 0.031390 -0.037489
v -0.040462 0.031390 0.000041
v -0.043523 -0.042310 0.000041
v -0.104722 -0.616660 -0.037489
v -0.108295 -0.616234 -0.039379
v -0.092991 -0.538073 -0.039379
v -0.120785 -0.683229 -0.037489
v -0.124358 -0.682698 -0.039379
v -0.108295 -0.616234 -0.039379
v -0.092991 -0.538073 0.039372
v -0.108295 -0.616234 0.039372
v -0.104722 -0.616660 0.037482
v -0.120785 -0.683230 0.037482
v -0.108295 -0.616234 0.039372
v -0.124358 -0.682698 0.039372
v -0.259421 -0.179650 -0.014718
v -0.255854 -0.103050 -0.014718
v -0.248202 -0.103050 -0.028669
v -0.262826 -0.179560 0.000041
v -0.259253 -0.103050 0.000041
v -0.248202 -0.103050 0.028752
v -0.255854 -0.103050 0.014711
v -0.259421 -0.179650 0.014711
v -0.259253 -0.103050 0.000041
v -0.262826 -0.179560 0.000041
v -0.228909 0.463240 -0.034159
v -0.228994 0.457520 -0.039379
v -0.239875 0.457520 -0.030018
v -0.228994 0.457520 -0.039379
v -0.235881 0.430770 -0.030018
v -0.228994 0.457520 0.039372
v -0.239875 0.457520 0.030012
v -0.235881 0.430770 0.030012
v -0.228994 0.457520 0.039372
v -0.228909 0.463240 0.034152
v -0.130137 -0.482350 -0.037759
v -0.126738 -0.487600 -0.037759
v -0.129034 -0.488770 -0.036859
v -0.129034 -0.488770 0.036852
v -0.126738 -0.487600 0.037752
v -0.130137 -0.482350 0.037752
v -0.108036 -0.203060 -0.039379
v -0.100046 -0.195210 -0.039379
v -0.099197 -0.198010 -0.036499
v -0.099197 -0.198010 0.036581
v -0.100046 -0.195210 0.039372
v -0.108036 -0.203060 0.039372
v -0.076590 -0.464840 -0.037489
v -0.080157 -0.464560 -0.039379
v -0.067323 -0.390490 -0.039379
v -0.089508 -0.538392 -0.037489
v -0.240978 -0.180160 0.039372
v -0.251860 -0.179860 0.028571
v -0.257385 -0.247900 0.028482
v -0.237405 -0.103050 0.039372
v -0.248202 -0.103050 0.028752
v -0.259421 -0.179650 0.014711
v -0.264778 -0.247620 0.014802
v -0.248202 -0.103050 0.028752
v -0.262826 -0.179560 0.000041
v -0.255854 -0.103050 0.014711
v -0.268176 -0.247490 0.000041
v -0.089508 -0.538392 0.037482
v -0.076590 -0.464840 0.037482
v -0.080157 -0.464560 0.039372
v -0.067323 -0.390490 0.039372
v -0.043523 0.031390 0.039372
v -0.046584 -0.042310 0.039372
v -0.043011 -0.042310 0.037482
v -0.060014 0.031410 0.039372
v -0.062900 -0.042340 0.039372
v -0.039950 0.031390 0.037482
v -0.040462 0.031390 0.000041
v -0.043523 -0.042310 0.000041
v -0.105571 -0.204280 -0.036499
v -0.099197 -0.198010 -0.036499
v -0.098347 -0.200830 -0.034159
v -0.098347 -0.200830 0.034152
v -0.099197 -0.198010 0.036581
v -0.105571 -0.204280 0.036581
v -0.098347 -0.200830 -0.034159
v -0.103107 -0.205510 -0.034159
v -0.105571 -0.204280 -0.036499
v -0.105571 -0.204280 0.036581
v -0.103107 -0.205510 0.034152
v -0.098347 -0.200830 0.034152
v -0.063750 -0.390670 -0.037489
v -0.067323 -0.390490 -0.039379
v -0.059586 -0.324750 -0.039379
v -0.076590 -0.464840 -0.037489
v -0.059586 -0.324750 0.039372
v -0.067323 -0.390490 0.039372
v -0.063750 -0.390670 0.037482
v -0.076590 -0.464840 0.037482
v -0.252962 -0.317770 -0.039379
v -0.264013 -0.317450 -0.028398
v -0.257385 -0.247900 -0.028489
v -0.260018 -0.380030 -0.039379
v -0.278292 -0.379000 -0.014809
v -0.271405 -0.317240 -0.014809
v -0.264778 -0.247620 -0.014809
v -0.281691 -0.378810 0.000041
v -0.274810 -0.317130 0.000041
v -0.268176 -0.247490 0.000041
v -0.100046 -0.195210 -0.039379
v -0.092057 -0.195190 -0.039379
v -0.092991 -0.198010 -0.036499
v -0.092991 -0.198010 -0.036499
v -0.099197 -0.198010 -0.036499
v -0.100046 -0.195210 -0.039379
v -0.100046 -0.195210 0.039372
v -0.099197 -0.198010 0.036581
v -0.092991 -0.198010 0.036581
v -0.092991 -0.198010 0.036581
v -0.092057 -0.195190 0.039372
v -0.100046 -0.195210 0.039372
v -0.049470 -0.255540 -0.037489
v -0.053043 -0.255420 -0.039379
v -0.049048 -0.185480 -0.039379
v -0.056104 -0.324840 -0.037489
v -0.049048 -0.185480 0.039372
v -0.053043 -0.255420 0.039372
v -0.049470 -0.255540 0.037482
v -0.056104 -0.324840 0.037482
v -0.153171 -0.495090 -0.039379
v -0.150791 -0.485540 -0.039379
v -0.148671 -0.487030 -0.037759
v -0.099197 -0.198010 -0.036499
v -0.092991 -0.198010 -0.036499
v -0.093840 -0.200810 -0.034159
v -0.093840 -0.200810 -0.034159
v -0.098347 -0.200830 -0.034159
v -0.099197 -0.198010 -0.036499
v -0.148671 -0.487030 0.037752
v -0.150791 -0.485540 0.039372
v -0.153171 -0.495090 0.039372
v -0.099197 -0.198010 0.036581
v -0.098347 -0.200830 0.034152
v -0.093840 -0.200810 0.034152
v -0.093840 -0.200810 0.034152
v -0.092991 -0.198010 0.036581
v -0.099197 -0.198010 0.036581
v -0.049048 -0.185480 -0.039379
v -0.045475 -0.185570 -0.037489
v -0.049470 -0.255540 -0.037489
v -0.046156 -0.103050 -0.039379
v -0.049470 -0.255540 0.037482
v -0.045475 -0.185570 0.037482
v -0.049048 -0.185480 0.039372
v -0.046156 -0.103050 0.039372
v -0.077861 -0.042380 -0.039379
v -0.074294 -0.042570 -0.034428
v -0.076674 -0.102480 -0.034428
v -0.080410 -0.106700 -0.039379
v -0.077861 -0.042380 -0.039379
v -0.077861 -0.042380 0.039372
v -0.080410 -0.106700 0.039372
v -0.076674 -0.102480 0.034511
v -0.074294 -0.042570 0.034511
v -0.077861 -0.042380 0.039372
v -0.079735 0.313320 0.039372
v -0.076078 0.240530 0.039372
v -0.072420 0.240700 0.034511
v -0.076162 0.313650 0.034511
v -0.084664 0.372050 0.039372
v -0.079735 0.313320 0.039372
v -0.081091 0.372480 0.034511
v -0.068341 0.313020 0.034511
v -0.090105 0.430770 0.039372
v -0.084664 0.372050 0.039372
v -0.086531 0.431000 0.034511
v -0.078542 0.430540 0.034511
v -0.073185 0.371630 0.034511
v -0.295037 -0.519304 0.028391
v -0.281438 -0.447770 0.028391
v -0.288746 -0.447170 0.014802
v -0.278292 -0.379000 0.014802
v -0.292151 -0.446900 0.000041
v -0.305666 -0.518329 0.000041
v -0.278292 -0.379000 0.014802
v -0.218028 -0.128530 -0.063048
v -0.224999 -0.128550 -0.059898
v -0.213268 -0.102760 -0.059898
v -0.218028 -0.128530 0.063041
v -0.206212 -0.102760 0.063041
v -0.213268 -0.102760 0.059891
v -0.213268 -0.102760 -0.059898
v -0.206212 -0.102760 -0.063048
v -0.218028 -0.128530 -0.063048
v -0.099197 -0.198010 -0.036499
v -0.105571 -0.204280 -0.036499
v -0.108036 -0.203060 -0.039379
v -0.109910 -0.252990 -0.035419
v -0.103107 -0.205510 -0.034159
v -0.103107 -0.205510 0.034152
v -0.105571 -0.204280 0.036581
v -0.109910 -0.252990 0.035412
v -0.108036 -0.203060 0.039372
v -0.099197 -0.198010 0.036581
v -0.092991 -0.538073 -0.039379
v -0.115260 -0.536424 -0.039379
v -0.104806 -0.462870 -0.039379
v -0.108295 -0.616234 -0.039379
v -0.166945 -0.609145 -0.039379
v -0.108295 -0.616234 -0.039379
v -0.124358 -0.682698 -0.039379
v -0.186660 -0.673765 -0.039379
v -0.139151 -0.513490 -0.039379
v -0.131245 -0.511275 -0.039379
v -0.125292 -0.504130 -0.039379
v -0.089508 -0.538392 -0.037489
v -0.080157 -0.464560 -0.039379
v -0.104722 -0.616660 -0.037489
v -0.104722 -0.616660 -0.037489
v -0.090020 -0.538339 0.000041
v -0.076590 -0.464840 -0.037489
v -0.108295 -0.616234 0.039372
v -0.092991 -0.538073 0.039372
v -0.115260 -0.536424 0.039372
v -0.166945 -0.609145 0.039372
v -0.104806 -0.462870 0.039372
v -0.186660 -0.673765 0.039372
v -0.124358 -0.682698 0.039372
v -0.108295 -0.616234 0.039372
v -0.125292 -0.504130 0.039372
v -0.131245 -0.511275 0.039372
v -0.139151 -0.513490 0.039372
v -0.104722 -0.616660 0.037482
v -0.089508 -0.538392 0.037482
v -0.080157 -0.464560 0.039372
v -0.090020 -0.538339 0.000041
v -0.104722 -0.616660 0.037482
v -0.076590 -0.464840 0.037482
v -0.226529 0.098830 -0.014809
v -0.219046 0.098830 -0.029749
v -0.220576 0.031480 -0.029749
v -0.227975 0.031480 -0.014809
v -0.231374 0.031480 0.000041
v -0.229927 0.098830 0.000041
v -0.229506 -0.042570 -0.014718
v -0.232223 -0.042570 0.000041
v -0.227975 0.031480 -0.014809
v -0.222450 -0.042570 -0.029838
v -0.211140 -0.042570 -0.039379
v -0.209526 0.031480 -0.039379
v -0.175356 -0.042520 -0.039379
v -0.229506 -0.042570 -0.014718
v -0.226951 -0.106700 -0.029929
v -0.216581 -0.106700 -0.039379
v -0.211140 -0.042570 -0.039379
v -0.177652 -0.074620 -0.039379
v -0.233410 -0.106700 -0.014718
v -0.229506 -0.042570 -0.014718
v -0.232223 -0.042570 0.000041
v -0.236134 -0.106700 0.000041
v -0.232223 -0.042570 0.000041
v -0.216581 -0.106700 0.039372
v -0.211140 -0.042570 0.039372
v -0.222450 -0.042570 0.029831
v -0.177652 -0.074620 0.039372
v -0.226951 -0.106700 0.029922
v -0.229506 -0.042570 0.014711
v -0.229506 -0.042570 0.014711
v -0.233410 -0.106700 0.014711
v -0.232223 -0.042570 0.000041
v -0.232223 -0.042570 0.000041
v -0.236134 -0.106700 0.000041
v -0.150707 -0.495220 -0.037759
v -0.148671 -0.487030 -0.037759
v -0.146544 -0.488520 -0.036859
v -0.146544 -0.488520 0.036852
v -0.148671 -0.487030 0.037752
v -0.150707 -0.495220 0.037752
v -0.112290 -0.252930 -0.038028
v -0.108036 -0.203060 -0.039379
v -0.105571 -0.204280 -0.036499
v -0.105571 -0.204280 0.036581
v -0.108036 -0.203060 0.039372
v -0.112290 -0.252930 0.038021
v -0.109910 -0.252990 -0.035419
v -0.114586 -0.300750 -0.036499
v -0.116966 -0.301850 -0.039379
v -0.116966 -0.301850 0.039372
v -0.114586 -0.300750 0.036581
v -0.109910 -0.252990 0.035412
v -0.105571 -0.204280 -0.036499
v -0.109910 -0.252990 -0.035419
v -0.112290 -0.252930 -0.038028
v -0.116966 -0.301850 -0.039379
v -0.103107 -0.205510 -0.034159
v -0.107530 -0.252990 -0.034159
v -0.114586 -0.300750 -0.036499
v -0.107530 -0.252990 -0.034159
v -0.112290 -0.299670 -0.034159
v -0.114586 -0.300750 0.036581
v -0.112290 -0.299670 0.034152
v -0.107530 -0.252990 0.034152
v -0.107530 -0.252990 0.034152
v -0.109910 -0.252990 0.035412
v -0.103107 -0.205510 0.034152
v -0.112290 -0.252930 0.038021
v -0.105571 -0.204280 0.036581
v -0.116966 -0.301850 0.039372
v -0.123081 -0.678674 -0.063048
v -0.127076 -0.704551 -0.063048
v -0.307702 -0.678338 -0.063048
v -0.124190 -0.704976 -0.060078
v -0.123081 -0.678675 0.063041
v -0.127076 -0.704551 0.063041
v -0.124190 -0.704977 0.060071
v -0.307702 -0.678338 0.063041
v -0.037064 -0.102760 0.063041
v -0.038335 -0.128500 0.063041
v -0.035365 -0.128500 0.060071
v -0.048620 -0.102760 0.063041
v -0.050151 -0.128510 0.063041
v -0.206212 -0.102760 0.063041
v -0.038335 -0.128500 0.063041
v -0.213268 -0.102760 0.059891
v -0.224999 -0.128550 0.059891
v -0.218028 -0.128530 0.063041
v -0.214201 -0.102760 0.035682
v -0.225680 -0.128530 0.035141
v -0.224999 -0.128550 0.059891
v -0.213268 -0.102760 0.059891
v -0.035365 -0.128500 -0.060078
v -0.038335 -0.128500 -0.063048
v -0.037064 -0.102760 -0.063048
v -0.048620 -0.102760 -0.063048
v -0.206212 -0.102760 -0.063048
v -0.050151 -0.128510 -0.063048
v -0.038335 -0.128500 -0.063048
v -0.307702 -0.678338 -0.063048
v -0.293169 -0.653968 -0.063048
v -0.123081 -0.678674 -0.063048
v -0.123081 -0.678675 0.063041
v -0.293169 -0.653968 0.063041
v -0.307702 -0.678338 0.063041
v -0.206212 -0.102760 0.063041
v -0.218028 -0.128530 0.063041
v -0.050151 -0.128510 0.063041
v -0.050151 -0.128510 -0.063048
v -0.218028 -0.128530 -0.063048
v -0.206212 -0.102760 -0.063048
v -0.227975 0.031480 0.014802
v -0.229506 -0.042570 0.014711
v -0.231374 0.031480 0.000041
v -0.232223 -0.042570 0.000041
v -0.220576 0.031480 0.029742
v -0.226529 0.098830 0.014802
v -0.229927 0.098830 0.000041
v -0.227975 0.031480 0.014802
v -0.219046 0.098830 0.029742
v -0.211140 -0.042570 0.039372
v -0.209526 0.031480 0.039372
v -0.175356 -0.042520 0.039372
v -0.209526 0.031480 0.039372
v -0.173404 0.031460 0.039372
v -0.207995 0.098830 0.039372
v -0.219046 0.098830 0.029742
v -0.172043 0.098810 0.039372
v -0.218365 0.166570 0.029742
v -0.225764 0.166570 0.014802
v -0.226529 0.098830 0.014802
v -0.229927 0.098830 0.000041
v -0.229247 0.166570 0.000041
v -0.207995 0.098830 0.039372
v -0.207321 0.166570 0.039372
v -0.214201 -0.102760 -0.035688
v -0.213268 -0.102760 -0.059898
v -0.224999 -0.128550 -0.059898
v -0.224999 -0.128550 -0.059898
v -0.225680 -0.128530 -0.035148
v -0.214201 -0.102760 -0.035688
v -0.218365 0.166570 -0.029749
v -0.207321 0.166570 -0.039379
v -0.207995 0.098830 -0.039379
v -0.172043 0.098810 -0.039379
v -0.207995 0.098830 -0.039379
v -0.173404 0.031460 -0.039379
v -0.209526 0.031480 -0.039379
v -0.219046 0.098830 -0.029749
v -0.225764 0.166570 -0.014809
v -0.226529 0.098830 -0.014809
v -0.229927 0.098830 0.000041
v -0.229247 0.166570 0.000041
v -0.108885 -0.707263 -0.048108
v -0.118496 -0.705845 -0.048199
v -0.114410 -0.679950 -0.048199
v -0.114410 -0.679950 0.048282
v -0.118496 -0.705845 0.048192
v -0.108885 -0.707263 0.048101
v -0.114410 -0.679950 -0.048199
v -0.101661 -0.681829 -0.048108
v -0.108885 -0.707263 -0.048108
v -0.108885 -0.707263 0.048101
v -0.101661 -0.681829 0.048101
v -0.114410 -0.679950 0.048282
v -0.128100 -0.494830 -0.036859
v -0.129034 -0.488770 -0.036859
v -0.126738 -0.487600 -0.037759
v -0.125636 -0.494970 -0.037759
v -0.124443 -0.486440 -0.039379
v -0.126738 -0.487600 0.037752
v -0.129034 -0.488770 0.036852
v -0.128100 -0.494830 0.036852
v -0.124443 -0.486440 0.039372
v -0.125636 -0.494970 0.037752
v -0.062563 0.098790 -0.034518
v -0.070384 0.098760 -0.034518
v -0.070890 0.166990 -0.034518
v -0.058990 0.098770 -0.039379
v -0.060014 0.031410 -0.039379
v -0.063581 0.031550 -0.034428
v -0.060014 0.031410 -0.039379
v -0.062900 -0.042340 -0.039379
v -0.066473 -0.042160 -0.034428
v -0.071486 0.031280 -0.034428
v -0.063581 0.031550 -0.034428
v -0.074294 -0.042570 -0.034428
v -0.074035 0.098770 -0.039379
v -0.075060 0.031410 -0.039379
v -0.074035 0.098770 -0.039379
v -0.074547 0.166920 -0.039379
v -0.075060 0.031410 -0.039379
v -0.074294 -0.042570 -0.034428
v -0.077861 -0.042380 -0.039379
v -0.220492 0.240230 -0.029838
v -0.209441 0.240230 -0.039379
v -0.207321 0.166570 -0.039379
v -0.218365 0.166570 -0.029749
v -0.225764 0.166570 -0.014809
v -0.173657 0.240300 -0.039379
v -0.177483 0.313140 -0.039379
v -0.171621 0.166650 -0.039379
v -0.227975 0.240230 -0.014809
v -0.229247 0.166570 0.000041
v -0.231374 0.240230 0.000041
v -0.207321 0.166570 -0.039379
v -0.172043 0.098810 -0.039379
v -0.326995 -0.675485 -0.049729
v -0.339154 -0.673695 -0.047298
v -0.325043 -0.649271 -0.047658
v -0.315270 -0.677221 -0.049639
v -0.312462 -0.651115 -0.050359
v -0.325043 -0.649271 -0.047658
v -0.301074 -0.652798 -0.050178
v -0.315270 -0.677221 -0.049639
v -0.315270 -0.677222 0.049631
v -0.301074 -0.652798 0.050172
v -0.312462 -0.651115 0.050352
v -0.326995 -0.675485 0.049722
v -0.325043 -0.649271 0.047652
v -0.315270 -0.677222 0.049631
v -0.325043 -0.649271 0.047652
v -0.339154 -0.673695 0.047291
v -0.092991 -0.198010 -0.036499
v -0.086363 -0.204440 -0.036499
v -0.088659 -0.205840 -0.034159
v -0.088659 -0.205840 0.034152
v -0.086363 -0.204440 0.036581
v -0.092991 -0.198010 0.036581
v -0.086363 -0.204440 -0.036499
v -0.092991 -0.198010 -0.036499
v -0.092057 -0.195190 -0.039379
v -0.088659 -0.205840 -0.034159
v -0.093840 -0.200810 -0.034159
v -0.092991 -0.198010 -0.036499
v -0.092991 -0.198010 0.036581
v -0.093840 -0.200810 0.034152
v -0.088659 -0.205840 0.034152
v -0.092057 -0.195190 0.039372
v -0.092991 -0.198010 0.036581
v -0.086363 -0.204440 0.036581
v -0.112290 -0.252930 0.038021
v -0.126142 -0.252760 0.039372
v -0.133197 -0.322610 0.039372
v -0.108036 -0.203060 0.039372
v -0.133197 -0.322610 -0.039379
v -0.126142 -0.252760 -0.039379
v -0.112290 -0.252930 -0.038028
v -0.108036 -0.203060 -0.039379
v -0.227975 0.240230 0.014802
v -0.231374 0.240230 0.000041
v -0.229247 0.166570 0.000041
v -0.225764 0.166570 0.014802
v -0.220492 0.240230 0.029831
v -0.218365 0.166570 0.029742
v -0.207321 0.166570 0.039372
v -0.209441 0.240230 0.039372
v -0.173657 0.240300 0.039372
v -0.171621 0.166650 0.039372
v -0.177483 0.313140 0.039372
v -0.172043 0.098810 0.039372
v -0.207321 0.166570 0.039372
v -0.177483 0.313140 0.039372
v -0.213352 0.313090 0.039372
v -0.182924 0.371970 0.039372
v -0.224402 0.313090 0.029831
v -0.220492 0.240230 0.029831
v -0.231795 0.313090 0.014802
v -0.227975 0.240230 0.014802
v -0.235200 0.313090 0.000041
v -0.231374 0.240230 0.000041
v -0.219046 0.371930 0.039372
v -0.219046 0.371930 0.039372
v -0.188871 0.430770 0.039372
v -0.225083 0.430770 0.039372
v -0.229927 0.371930 0.029922
v -0.224402 0.313090 0.029831
v -0.213352 0.313090 0.039372
v -0.229927 0.371930 0.029922
v -0.224402 0.313090 0.029831
v -0.231795 0.313090 0.014802
v -0.225083 0.430770 0.039372
v -0.235881 0.430770 0.030012
v -0.237495 0.371930 0.014711
v -0.235200 0.313090 0.000041
v -0.240894 0.371930 0.000041
v -0.243526 0.430770 0.014711
v -0.246925 0.430770 0.000041
v -0.235881 0.430770 0.030012
v -0.229927 0.371930 0.029922
v -0.092057 -0.195190 -0.039379
v -0.084067 -0.203040 -0.039379
v -0.086363 -0.204440 -0.036499
v -0.086363 -0.204440 0.036581
v -0.084067 -0.203040 0.039372
v -0.092057 -0.195190 0.039372
v -0.231795 0.313090 -0.014809
v -0.224402 0.313090 -0.029838
v -0.220492 0.240230 -0.029838
v -0.227975 0.240230 -0.014809
v -0.235200 0.313090 0.000041
v -0.231374 0.240230 0.000041
v -0.213352 0.313090 -0.039379
v -0.177483 0.313140 -0.039379
v -0.182924 0.371970 -0.039379
v -0.219046 0.371930 -0.039379
v -0.188871 0.430770 -0.039379
v -0.219046 0.371930 -0.039379
v -0.225083 0.430770 -0.039379
v -0.229927 0.371930 -0.029929
v -0.213352 0.313090 -0.039379
v -0.224402 0.313090 -0.029838
v -0.224402 0.313090 -0.029838
v -0.229927 0.371930 -0.029929
v -0.231795 0.313090 -0.014809
v -0.235881 0.430770 -0.030018
v -0.225083 0.430770 -0.039379
v -0.237495 0.371930 -0.014718
v -0.235200 0.313090 0.000041
v -0.240894 0.371930 0.000041
v -0.243526 0.430770 -0.014718
v -0.246925 0.430770 0.000041
v -0.235881 0.430770 -0.030018
v -0.229927 0.371930 -0.029929
v -0.146544 -0.488520 -0.036859
v -0.148243 -0.495340 -0.036859
v -0.150707 -0.495220 -0.037759
v -0.149520 -0.502080 -0.037759
v -0.148671 -0.487030 -0.037759
v -0.153171 -0.495090 -0.039379
v -0.151725 -0.503330 -0.039379
v -0.150707 -0.495220 -0.037759
v -0.148243 -0.495340 0.036852
v -0.150707 -0.495220 0.037752
v -0.149520 -0.502080 0.037752
v -0.146544 -0.488520 0.036852
v -0.153171 -0.495090 0.039372
v -0.148671 -0.487030 0.037752
v -0.150707 -0.495220 0.037752
v -0.151725 -0.503330 0.039372
v -0.152581 -0.068950 -0.032089
v -0.148158 -0.074580 -0.039379
v -0.158015 -0.082060 -0.039379
v -0.158015 -0.082060 0.039372
v -0.148158 -0.074580 0.039372
v -0.152581 -0.068950 0.032082
v -0.128690 -0.479960 -0.039379
v -0.137108 -0.476710 -0.039379
v -0.165155 -0.457520 -0.039379
v -0.104806 -0.462870 -0.039379
v -0.124443 -0.486440 -0.039379
v -0.260018 -0.380030 -0.039379
v -0.118405 -0.387990 -0.039379
v -0.252962 -0.317770 -0.039379
v -0.133197 -0.322610 -0.039379
v -0.270984 -0.379410 -0.028398
v -0.270472 -0.448670 -0.039379
v -0.264013 -0.317450 -0.028398
v -0.257385 -0.247900 -0.028489
v -0.246334 -0.248310 -0.039379
v -0.240978 -0.180160 -0.039379
v -0.264778 -0.247620 -0.014809
v -0.264013 -0.317450 -0.028398
v -0.251860 -0.179860 -0.028578
v -0.264778 -0.247620 -0.014809
v -0.268176 -0.247490 0.000041
v -0.271405 -0.317240 -0.014809
v -0.259421 -0.179650 -0.014718
v -0.126142 -0.252760 -0.039379
v -0.240978 -0.180160 -0.039379
v -0.119514 -0.183510 -0.039379
v -0.092225 -0.103050 -0.039379
v -0.237405 -0.103050 -0.039379
v -0.071149 -0.184930 -0.039379
v -0.100046 -0.195210 -0.039379
v -0.076590 -0.254620 -0.039379
v -0.088146 -0.253750 -0.039379
v -0.092738 -0.301800 -0.039379
v -0.257385 -0.247900 -0.028489
v -0.251860 -0.179860 -0.028578
v -0.237405 -0.103050 -0.039379
v -0.248202 -0.103050 -0.028669
v -0.264778 -0.247620 -0.014809
v -0.259421 -0.179650 -0.014718
v -0.248202 -0.103050 -0.028669
v -0.268176 -0.247490 0.000041
v -0.262826 -0.179560 0.000041
v -0.255854 -0.103050 -0.014718
v -0.080410 -0.106700 -0.039379
v -0.216581 -0.106700 -0.039379
v -0.167879 -0.082060 -0.039379
v -0.177652 -0.074620 -0.039379
v -0.167879 -0.082060 -0.039379
v -0.216581 -0.106700 -0.039379
v -0.211140 -0.042570 -0.039379
v -0.175356 -0.042520 -0.039379
v -0.177652 -0.074620 -0.039379
v -0.153515 0.371980 -0.039379
v -0.159293 0.430770 -0.039379
v -0.090105 0.430770 -0.039379
v -0.084664 0.372050 -0.039379
v -0.148158 0.313190 -0.039379
v -0.079735 0.313320 -0.039379
v -0.144332 0.240370 -0.039379
v -0.076078 0.240530 -0.039379
v -0.142464 0.166730 -0.039379
v -0.074547 0.166920 -0.039379
v -0.074035 0.098770 -0.039379
v -0.142633 0.098810 -0.039379
v -0.075060 0.031410 -0.039379
v -0.143995 0.031440 -0.039379
v -0.143995 0.031440 -0.039379
v -0.075060 0.031410 -0.039379
v -0.077861 -0.042380 -0.039379
v -0.146031 -0.042480 -0.039379
v -0.146031 -0.042480 -0.039379
v -0.077861 -0.042380 -0.039379
v -0.080410 -0.106700 -0.039379
v -0.080410 -0.106700 -0.039379
v -0.148158 -0.074580 -0.039379
v -0.146031 -0.042480 -0.039379
v -0.080410 -0.106700 -0.039379
v -0.158015 -0.082060 -0.039379
v -0.148158 -0.074580 -0.039379
v -0.167879 -0.082060 -0.039379
v -0.158015 -0.082060 -0.039379
v -0.080410 -0.106700 -0.039379
v -0.062900 -0.042340 -0.039379
v -0.046584 -0.042310 -0.039379
v -0.048367 -0.106700 -0.039379
v -0.048367 -0.106700 -0.039379
v -0.065196 -0.106700 -0.039379
v -0.062900 -0.042340 -0.039379
v -0.177652 -0.074620 0.039372
v -0.175356 -0.042520 0.039372
v -0.211140 -0.042570 0.039372
v -0.177652 -0.074620 0.039372
v -0.216581 -0.106700 0.039372
v -0.167879 -0.082060 0.039372
v -0.167879 -0.082060 0.039372
v -0.216581 -0.106700 0.039372
v -0.080410 -0.106700 0.039372
v -0.080410 -0.106700 0.039372
v -0.158015 -0.082060 0.039372
v -0.167879 -0.082060 0.039372
v -0.080410 -0.106700 0.039372
v -0.148158 -0.074580 0.039372
v -0.158015 -0.082060 0.039372
v -0.146031 -0.042480 0.039372
v -0.148158 -0.074580 0.039372
v -0.080410 -0.106700 0.039372
v -0.080410 -0.106700 0.039372
v -0.077861 -0.042380 0.039372
v -0.146031 -0.042480 0.039372
v -0.143995 0.031440 0.039372
v -0.146031 -0.042480 0.039372
v -0.077861 -0.042380 0.039372
v -0.075060 0.031410 0.039372
v -0.062900 -0.042340 0.039372
v -0.065196 -0.106700 0.039372
v -0.048367 -0.106700 0.039372
v -0.048367 -0.106700 0.039372
v -0.046584 -0.042310 0.039372
v -0.062900 -0.042340 0.039372
v -0.142633 0.098810 0.039372
v -0.143995 0.031440 0.039372
v -0.075060 0.031410 0.039372
v -0.074035 0.098770 0.039372
v -0.142464 0.166730 0.039372
v -0.074547 0.166920 0.039372
v -0.076078 0.240530 0.039372
v -0.144332 0.240370 0.039372
v -0.079735 0.313320 0.039372
v -0.148158 0.313190 0.039372
v -0.084664 0.372050 0.039372
v -0.153515 0.371980 0.039372
v -0.090105 0.430770 0.039372
v -0.159293 0.430770 0.039372
v -0.165155 -0.457520 -0.039379
v -0.270472 -0.448670 -0.039379
v -0.174254 -0.530842 -0.039379
v -0.153171 -0.495090 -0.039379
v -0.284155 -0.520314 -0.039379
v -0.165155 -0.457520 -0.039379
v -0.150791 -0.485540 -0.039379
v -0.153171 -0.495090 -0.039379
v -0.165155 -0.457520 -0.039379
v -0.145350 -0.479230 -0.039379
v -0.150791 -0.485540 -0.039379
v -0.165155 -0.457520 -0.039379
v -0.137108 -0.476710 -0.039379
v -0.145350 -0.479230 -0.039379
v -0.104806 -0.462870 -0.039379
v -0.123256 -0.495110 -0.039379
v -0.124443 -0.486440 -0.039379
v -0.115260 -0.536424 -0.039379
v -0.125292 -0.504130 -0.039379
v -0.123256 -0.495110 -0.039379
v -0.146796 -0.510335 -0.039379
v -0.139151 -0.513490 -0.039379
v -0.115260 -0.536424 -0.039379
v -0.174254 -0.530842 -0.039379
v -0.151725 -0.503330 -0.039379
v -0.174254 -0.530842 -0.039379
v -0.153171 -0.495090 -0.039379
v -0.151725 -0.503330 -0.039379
v -0.100046 -0.195210 -0.039379
v -0.108036 -0.203060 -0.039379
v -0.119514 -0.183510 -0.039379
v -0.126142 -0.252760 -0.039379
v -0.119514 -0.183510 -0.039379
v -0.108036 -0.203060 -0.039379
v -0.133197 -0.322610 -0.039379
v -0.116966 -0.301850 -0.039379
v -0.108885 -0.312680 -0.039379
v -0.133197 -0.322610 -0.039379
v -0.108885 -0.312680 -0.039379
v -0.100811 -0.312680 -0.039379
v -0.100811 -0.312680 -0.039379
v -0.092738 -0.301800 -0.039379
v -0.083049 -0.324240 -0.039379
v -0.076590 -0.254620 -0.039379
v -0.083049 -0.324240 -0.039379
v -0.092738 -0.301800 -0.039379
v -0.088146 -0.253750 -0.039379
v -0.084067 -0.203040 -0.039379
v -0.071149 -0.184930 -0.039379
v -0.071149 -0.184930 -0.039379
v -0.084067 -0.203040 -0.039379
v -0.092057 -0.195190 -0.039379
v -0.092225 -0.103050 -0.039379
v -0.046156 -0.103050 -0.039379
v -0.046156 -0.103050 -0.039379
v -0.049048 -0.185480 -0.039379
v -0.076590 -0.254620 -0.039379
v -0.071149 -0.184930 -0.039379
v -0.071149 -0.184930 -0.039379
v -0.092057 -0.195190 -0.039379
v -0.100046 -0.195210 -0.039379
v -0.083049 -0.324240 -0.039379
v -0.076590 -0.254620 -0.039379
v -0.053043 -0.255420 -0.039379
v -0.049048 -0.185480 -0.039379
v -0.270472 -0.448670 0.039372
v -0.260018 -0.380030 0.039372
v -0.270984 -0.379410 0.028391
v -0.264013 -0.317450 0.028482
v -0.165155 -0.457520 0.039372
v -0.118405 -0.387990 0.039372
v -0.252962 -0.317770 0.039372
v -0.133197 -0.322610 0.039372
v -0.137108 -0.476710 0.039372
v -0.128690 -0.479960 0.039372
v -0.104806 -0.462870 0.039372
v -0.124443 -0.486440 0.039372
v -0.246334 -0.248310 0.039372
v -0.257385 -0.247900 0.028482
v -0.240978 -0.180160 0.039372
v -0.264013 -0.317450 0.028482
v -0.264778 -0.247620 0.014802
v -0.264778 -0.247620 0.014802
v -0.251860 -0.179860 0.028571
v -0.271405 -0.317240 0.014802
v -0.268176 -0.247490 0.000041
v -0.259421 -0.179650 0.014711
v -0.126142 -0.252760 0.039372
v -0.252962 -0.317770 0.039372
v -0.119514 -0.183510 0.039372
v -0.257385 -0.247900 0.028482
v -0.264013 -0.317450 0.028482
v -0.260018 -0.380030 0.039372
v -0.092225 -0.103050 0.039372
v -0.237405 -0.103050 0.039372
v -0.071149 -0.184930 0.039372
v -0.100046 -0.195210 0.039372
v -0.088146 -0.253750 0.039372
v -0.076590 -0.254620 0.039372
v -0.092738 -0.301800 0.039372
v -0.264778 -0.247620 0.014802
v -0.271405 -0.317240 0.014802
v -0.278292 -0.379000 0.014802
v -0.274810 -0.317130 0.000041
v -0.281691 -0.378810 0.000041
v -0.268176 -0.247490 0.000041
v -0.270472 -0.448670 0.039372
v -0.165155 -0.457520 0.039372
v -0.174254 -0.530842 0.039372
v -0.153171 -0.495090 0.039372
v -0.284155 -0.520314 0.039372
v -0.166945 -0.609145 0.039372
v -0.165155 -0.457520 0.039372
v -0.145350 -0.479230 0.039372
v -0.137108 -0.476710 0.039372
v -0.165155 -0.457520 0.039372
v -0.150791 -0.485540 0.039372
v -0.145350 -0.479230 0.039372
v -0.153171 -0.495090 0.039372
v -0.150791 -0.485540 0.039372
v -0.165155 -0.457520 0.039372
v -0.174254 -0.530842 0.039372
v -0.151725 -0.503330 0.039372
v -0.153171 -0.495090 0.039372
v -0.174254 -0.530842 0.039372
v -0.146796 -0.510335 0.039372
v -0.151725 -0.503330 0.039372
v -0.115260 -0.536424 0.039372
v -0.139151 -0.513490 0.039372
v -0.123256 -0.495110 0.039372
v -0.125292 -0.504130 0.039372
v -0.115260 -0.536424 0.039372
v -0.104806 -0.462870 0.039372
v -0.124443 -0.486440 0.039372
v -0.123256 -0.495110 0.039372
v -0.100046 -0.195210 0.039372
v -0.119514 -0.183510 0.039372
v -0.108036 -0.203060 0.039372
v -0.108036 -0.203060 0.039372
v -0.119514 -0.183510 0.039372
v -0.126142 -0.252760 0.039372
v -0.100046 -0.195210 0.039372
v -0.092057 -0.195190 0.039372
v -0.071149 -0.184930 0.039372
v -0.071149 -0.184930 0.039372
v -0.092057 -0.195190 0.039372
v -0.084067 -0.203040 0.039372
v -0.046156 -0.103050 0.039372
v -0.092225 -0.103050 0.039372
v -0.049048 -0.185480 0.039372
v -0.046156 -0.103050 0.039372
v -0.071149 -0.184930 0.039372
v -0.076590 -0.254620 0.039372
v -0.071149 -0.184930 0.039372
v -0.084067 -0.203040 0.039372
v -0.088146 -0.253750 0.039372
v -0.092738 -0.301800 0.039372
v -0.083049 -0.324240 0.039372
v -0.076590 -0.254620 0.039372
v -0.100811 -0.312680 0.039372
v -0.083049 -0.324240 0.039372
v -0.092738 -0.301800 0.039372
v -0.100811 -0.312680 0.039372
v -0.108885 -0.312680 0.039372
v -0.133197 -0.322610 0.039372
v -0.133197 -0.322610 0.039372
v -0.108885 -0.312680 0.039372
v -0.116966 -0.301850 0.039372
v -0.076590 -0.254620 0.039372
v -0.053043 -0.255420 0.039372
v -0.049048 -0.185480 0.039372
v -0.083049 -0.324240 0.039372
v -0.208845 0.457520 -0.039379
v -0.192185 0.430770 -0.039379
v -0.225083 0.430770 -0.039379
v -0.225083 0.430770 0.039372
v -0.192185 0.430770 0.039372
v -0.208845 0.457520 0.039372
v -0.158015 -0.082060 -0.039379
v -0.167879 -0.082060 -0.039379
v -0.166945 -0.075180 -0.032089
v -0.166945 -0.075180 -0.032089
v -0.158100 -0.075150 -0.032089
v -0.158015 -0.082060 -0.039379
v -0.158015 -0.082060 0.039372
v -0.158100 -0.075150 0.032082
v -0.166945 -0.075180 0.032082
v -0.166945 -0.075180 0.032082
v -0.167879 -0.082060 0.039372
v -0.158015 -0.082060 0.039372
v -0.270984 -0.379410 0.028391
v -0.284155 -0.520314 0.039372
v -0.281438 -0.447770 0.028391
v -0.278292 -0.379000 0.014802
v -0.264013 -0.317450 0.028482
v -0.281691 -0.378810 0.000041
v -0.292151 -0.446900 0.000041
v -0.271405 -0.317240 0.014802
v -0.300646 -0.591935 0.039372
v -0.166945 -0.609145 0.039372
v -0.321048 -0.654074 0.039372
v -0.186660 -0.673765 0.039372
v -0.174254 -0.530842 0.039372
v -0.115260 -0.536424 0.039372
v -0.146796 -0.510335 0.039372
v -0.158100 -0.075150 -0.032089
v -0.166945 -0.075180 -0.032089
v -0.164650 -0.069090 -0.030379
v -0.164650 -0.069090 0.030372
v -0.166945 -0.075180 0.032082
v -0.158100 -0.075150 0.032082
v -0.174254 -0.530842 -0.039379
v -0.115260 -0.536424 -0.039379
v -0.166945 -0.609145 -0.039379
v -0.146796 -0.510335 -0.039379
v -0.186660 -0.673765 -0.039379
v -0.321048 -0.654074 -0.039379
v -0.300646 -0.591935 -0.039379
v -0.284155 -0.520314 -0.039379
v -0.281438 -0.447770 -0.028398
v -0.270984 -0.379410 -0.028398
v -0.288746 -0.447170 -0.014809
v -0.278292 -0.379000 -0.014809
v -0.295037 -0.519304 -0.028398
v -0.278292 -0.379000 -0.014809
v -0.292151 -0.446900 0.000041
v -0.305666 -0.518329 0.000041
v -0.264013 -0.317450 -0.028398
v -0.278292 -0.379000 -0.014809
v -0.281438 -0.447770 -0.028398
v -0.292151 -0.446900 0.000041
v -0.281691 -0.378810 0.000041
v -0.271405 -0.317240 -0.014809
v -0.142886 -0.484280 -0.036859
v -0.138126 -0.495110 -0.036859
v -0.146544 -0.488520 -0.036859
v -0.148243 -0.495340 -0.036859
v -0.137277 -0.482560 -0.036859
v -0.131583 -0.484740 -0.036859
v -0.128100 -0.494830 -0.036859
v -0.129631 -0.501240 -0.036859
v -0.133710 -0.506188 -0.036859
v -0.138891 -0.507641 -0.036859
v -0.143911 -0.505550 -0.036859
v -0.147309 -0.500820 -0.036859
v -0.147309 -0.500820 -0.036859
v -0.148243 -0.495340 -0.036859
v -0.138126 -0.495110 -0.036859
v -0.131583 -0.484740 -0.036859
v -0.129034 -0.488770 -0.036859
v -0.128100 -0.494830 -0.036859
v -0.142886 -0.484280 0.036852
v -0.146544 -0.488520 0.036852
v -0.138126 -0.495110 0.036852
v -0.148243 -0.495340 0.036852
v -0.137277 -0.482560 0.036852
v -0.131583 -0.484740 0.036852
v -0.128100 -0.494830 0.036852
v -0.129631 -0.501240 0.036852
v -0.133710 -0.506188 0.036852
v -0.138891 -0.507641 0.036852
v -0.143911 -0.505550 0.036852
v -0.147309 -0.500820 0.036852
v -0.147309 -0.500820 0.036852
v -0.138126 -0.495110 0.036852
v -0.148243 -0.495340 0.036852
v -0.131583 -0.484740 0.036852
v -0.129034 -0.488770 0.036852
v -0.128100 -0.494830 0.036852
v -0.311697 -0.590535 -0.028489
v -0.318584 -0.589667 -0.014718
v -0.302345 -0.518648 -0.014809
v -0.331333 -0.652550 -0.028578
v -0.337792 -0.651611 -0.014718
v -0.318584 -0.589667 -0.014718
v -0.321385 -0.589312 0.000041
v -0.305666 -0.518329 0.000041
v -0.337792 -0.651611 -0.014718
v -0.318584 -0.589667 0.014802
v -0.337792 -0.651611 0.014711
v -0.331333 -0.652550 0.028571
v -0.337792 -0.651611 0.014711
v -0.321385 -0.589312 0.000041
v -0.305666 -0.518329 0.000041
v -0.311697 -0.590535 0.028482
v -0.318584 -0.589667 0.014802
v -0.302345 -0.518648 0.014802
v -0.158015 -0.082060 -0.039379
v -0.158100 -0.075150 -0.032089
v -0.152581 -0.068950 -0.032089
v -0.152581 -0.068950 0.032082
v -0.158100 -0.075150 0.032082
v -0.158015 -0.082060 0.039372
v -0.074294 -0.042570 -0.034428
v -0.066473 -0.042160 -0.034428
v -0.068601 -0.102480 -0.034428
v -0.068601 -0.102480 -0.034428
v -0.076674 -0.102480 -0.034428
v -0.068601 -0.102480 0.034511
v -0.066473 -0.042170 0.034511
v -0.074294 -0.042570 0.034511
v -0.076674 -0.102480 0.034511
v -0.068601 -0.102480 0.034511
v -0.103107 -0.205510 -0.034159
v -0.098347 -0.200830 -0.034159
v -0.093840 -0.200810 -0.034159
v -0.093840 -0.200810 -0.034159
v -0.088659 -0.205840 -0.034159
v -0.103107 -0.205510 -0.034159
v -0.106765 -0.307060 -0.034159
v -0.112290 -0.299670 -0.034159
v -0.097582 -0.299780 -0.034159
v -0.097582 -0.299780 0.034152
v -0.112290 -0.299670 0.034152
v -0.106765 -0.307060 0.034152
v -0.103107 -0.205510 0.034152
v -0.088659 -0.205840 0.034152
v -0.093840 -0.200810 0.034152
v -0.093840 -0.200810 0.034152
v -0.098347 -0.200830 0.034152
v -0.103107 -0.205510 0.034152
v -0.156997 -0.063340 -0.030379
v -0.152581 -0.068950 -0.032089
v -0.158100 -0.075150 -0.032089
v -0.159805 -0.069350 -0.030379
v -0.164650 -0.069090 -0.030379
v -0.158100 -0.075150 -0.032089
v -0.165752 -0.042770 -0.030379
v -0.155635 -0.042270 -0.030379
v -0.159805 -0.069350 0.030372
v -0.155635 -0.042270 0.030372
v -0.165752 -0.042770 0.030372
v -0.158100 -0.075150 0.032082
v -0.164650 -0.069090 0.030372
v -0.156997 -0.063340 0.030372
v -0.158100 -0.075150 0.032082
v -0.152581 -0.068950 0.032082
v -0.300646 -0.591935 -0.039379
v -0.311697 -0.590535 -0.028489
v -0.295037 -0.519304 -0.028398
v -0.321048 -0.654074 -0.039379
v -0.331333 -0.652550 -0.028578
v -0.321048 -0.654074 0.039372
v -0.300646 -0.591935 0.039372
v -0.311697 -0.590535 0.028482
v -0.331333 -0.652550 0.028571
v -0.295037 -0.519304 0.028391
v -0.243442 0.430770 -0.014629
v -0.246587 0.457520 -0.014629
v -0.239875 0.457520 -0.030018
v -0.239875 0.457520 0.030012
v -0.246587 0.457520 0.014622
v -0.243442 0.430770 0.014622
v -0.146031 -0.042480 -0.039379
v -0.150876 -0.042180 -0.032089
v -0.148755 0.031600 -0.032089
v -0.155635 -0.042270 -0.030379
v -0.165752 -0.042770 -0.030379
v -0.163884 0.031350 -0.030379
v -0.172471 -0.068960 -0.032089
v -0.170512 -0.042860 -0.032089
v -0.170512 -0.042860 -0.032089
v -0.175356 -0.042520 -0.039379
v -0.172471 -0.068960 -0.032089
v -0.153515 0.031570 -0.030379
v -0.148755 0.031600 -0.032089
v -0.162438 0.098740 -0.030379
v -0.168644 0.031320 -0.032089
v -0.147477 0.098880 -0.032089
v -0.143995 0.031440 -0.039379
v -0.152237 0.098860 -0.030379
v -0.172471 -0.068960 0.032082
v -0.167283 -0.063360 0.030372
v -0.165752 -0.042770 0.030372
v -0.164650 -0.069090 0.030372
v -0.159805 -0.069350 0.030372
v -0.170512 -0.042860 0.032171
v -0.175356 -0.042520 0.039372
v -0.165752 -0.042770 0.030372
v -0.163884 0.031350 0.030372
v -0.170512 -0.042860 0.032171
v -0.172471 -0.068960 0.032082
v -0.155635 -0.042270 0.030372
v -0.150876 -0.042180 0.032171
v -0.148755 0.031600 0.032171
v -0.146031 -0.042480 0.039372
v -0.153515 0.031570 0.030372
v -0.148755 0.031600 0.032171
v -0.162438 0.098740 0.030372
v -0.168644 0.031320 0.032171
v -0.147477 0.098880 0.032171
v -0.143995 0.031440 0.039372
v -0.143995 0.031440 0.039372
v -0.142633 0.098810 0.039372
v -0.152237 0.098860 0.030372
v -0.147309 0.166640 0.032171
v -0.103107 -0.205510 -0.034159
v -0.088659 -0.205840 -0.034159
v -0.092906 -0.253590 -0.035239
v -0.107530 -0.252990 -0.034159
v -0.097582 -0.299780 -0.034159
v -0.112290 -0.299670 -0.034159
v -0.103023 -0.307060 -0.034159
v -0.106765 -0.307060 -0.034159
v -0.106765 -0.307060 0.034152
v -0.103023 -0.307060 0.034152
v -0.097582 -0.299780 0.034152
v -0.107530 -0.252990 0.034152
v -0.112290 -0.299670 0.034152
v -0.092906 -0.253590 0.035232
v -0.103107 -0.205510 0.034152
v -0.088659 -0.205840 0.034152
v -0.167879 -0.082060 -0.039379
v -0.177652 -0.074620 -0.039379
v -0.172471 -0.068960 -0.032089
v -0.167283 -0.063360 -0.030379
v -0.164650 -0.069090 -0.030379
v -0.166945 -0.075180 -0.032089
v -0.166945 -0.075180 -0.032089
v -0.172471 -0.068960 -0.032089
v -0.166945 -0.075180 0.032082
v -0.164650 -0.069090 0.030372
v -0.167283 -0.063360 0.030372
v -0.172471 -0.068960 0.032082
v -0.166945 -0.075180 0.032082
v -0.172471 -0.068960 0.032082
v -0.177652 -0.074620 0.039372
v -0.167879 -0.082060 0.039372
v -0.112290 -0.252930 -0.038028
v -0.116966 -0.301850 -0.039379
v -0.133197 -0.322610 -0.039379
v -0.133197 -0.322610 0.039372
v -0.116966 -0.301850 0.039372
v -0.112290 -0.252930 0.038021
v -0.142633 0.098810 -0.039379
v -0.143995 0.031440 -0.039379
v -0.147309 0.166640 -0.032089
v -0.142633 0.098810 -0.039379
v -0.142464 0.166730 -0.039379
v -0.152069 0.166650 -0.030379
v -0.162101 0.166710 -0.030379
v -0.167198 0.098720 -0.032089
v -0.172043 0.098810 -0.039379
v -0.162438 0.098740 -0.030379
v -0.170512 -0.042860 -0.032089
v -0.163884 0.031350 -0.030379
v -0.173404 0.031460 -0.039379
v -0.168644 0.031320 -0.032089
v -0.172043 0.098810 -0.039379
v -0.171621 0.166650 -0.039379
v -0.170512 -0.042860 -0.032089
v -0.175356 -0.042520 -0.039379
v -0.172471 -0.068960 -0.032089
v -0.177652 -0.074620 -0.039379
v -0.166861 0.166730 -0.032089
v -0.171621 0.166650 -0.039379
v -0.173657 0.240300 -0.039379
v -0.168813 0.240560 -0.032089
v -0.173657 0.240300 -0.039379
v -0.177483 0.313140 -0.039379
v -0.164053 0.240510 -0.030379
v -0.153936 0.240150 -0.030379
v -0.157763 0.312840 -0.030379
v -0.149176 0.240100 -0.032089
v -0.147309 0.166640 -0.032089
v -0.142464 0.166730 -0.039379
v -0.144332 0.240370 -0.039379
v -0.167879 0.313510 -0.030379
v -0.168813 0.240560 -0.032089
v -0.163119 0.371520 -0.030379
v -0.172723 0.313620 -0.032089
v -0.177483 0.313140 -0.039379
v -0.177483 0.313140 -0.039379
v -0.182924 0.371970 -0.039379
v -0.182924 0.371970 -0.039379
v -0.178164 0.372600 -0.032089
v -0.182924 0.371970 -0.039379
v -0.188871 0.430770 -0.039379
v -0.184027 0.431110 -0.032089
v -0.178164 0.372600 -0.032089
v -0.179267 0.431020 -0.030379
v -0.173404 0.372430 -0.030379
v -0.172723 0.313620 -0.032089
v -0.173404 0.372430 -0.030379
v -0.168897 0.430540 -0.030379
v -0.179267 0.431020 -0.030379
v -0.164053 0.430450 -0.032089
v -0.158275 0.371360 -0.032089
v -0.159293 0.430770 -0.039379
v -0.153515 0.371980 -0.039379
v -0.157763 0.312840 -0.030379
v -0.158275 0.371360 -0.032089
v -0.152918 0.312720 -0.032089
v -0.148158 0.313190 -0.039379
v -0.153515 0.371980 -0.039379
v -0.164053 0.430450 -0.032089
v -0.148158 0.313190 -0.039379
v -0.152918 0.312720 -0.032089
v -0.149176 0.240100 -0.032089
v -0.144332 0.240370 -0.039379
v -0.148158 0.313190 -0.039379
v -0.142633 0.098810 0.039372
v -0.142464 0.166730 0.039372
v -0.152069 0.166650 0.030372
v -0.162101 0.166710 0.030372
v -0.167198 0.098720 0.032171
v -0.162438 0.098740 0.030372
v -0.172043 0.098810 0.039372
v -0.163884 0.031350 0.030372
v -0.170512 -0.042860 0.032171
v -0.173404 0.031460 0.039372
v -0.175356 -0.042520 0.039372
v -0.170512 -0.042860 0.032171
v -0.177652 -0.074620 0.039372
v -0.172471 -0.068960 0.032082
v -0.172043 0.098810 0.039372
v -0.168644 0.031320 0.032171
v -0.171621 0.166650 0.039372
v -0.166861 0.166730 0.032082
v -0.173657 0.240300 0.039372
v -0.171621 0.166650 0.039372
v -0.168813 0.240560 0.032171
v -0.177483 0.313140 0.039372
v -0.173657 0.240300 0.039372
v -0.164053 0.240510 0.030372
v -0.153936 0.240150 0.030372
v -0.157763 0.312840 0.030372
v -0.149176 0.240100 0.032082
v -0.147309 0.166640 0.032171
v -0.142464 0.166730 0.039372
v -0.144332 0.240370 0.039372
v -0.167879 0.313510 0.030372
v -0.168813 0.240560 0.032171
v -0.163119 0.371520 0.030372
v -0.172723 0.313620 0.032082
v -0.177483 0.313140 0.039372
v -0.182924 0.371970 0.039372
v -0.177483 0.313140 0.039372
v -0.178164 0.372600 0.032082
v -0.182924 0.371970 0.039372
v -0.188871 0.430770 0.039372
v -0.182924 0.371970 0.039372
v -0.184027 0.431110 0.032082
v -0.179267 0.431020 0.030372
v -0.178164 0.372600 0.032082
v -0.173404 0.372430 0.030372
v -0.173404 0.372430 0.030372
v -0.172723 0.313620 0.032082
v -0.168897 0.430540 0.030372
v -0.179267 0.431020 0.030372
v -0.164053 0.430450 0.032082
v -0.158275 0.371360 0.032082
v -0.153515 0.371980 0.039372
v -0.159293 0.430770 0.039372
v -0.158275 0.371360 0.032082
v -0.157763 0.312840 0.030372
v -0.152918 0.312720 0.032082
v -0.148158 0.313190 0.039372
v -0.148158 0.313190 0.039372
v -0.153515 0.371980 0.039372
v -0.164053 0.430450 0.032082
v -0.152918 0.312720 0.032082
v -0.149176 0.240100 0.032082
v -0.144332 0.240370 0.039372
v -0.148158 0.313190 0.039372
v -0.155635 -0.042270 -0.030379
v -0.156997 -0.063340 -0.030379
v -0.159805 -0.069350 -0.030379
v -0.155635 -0.042270 0.030372
v -0.159805 -0.069350 0.030372
v -0.156997 -0.063340 0.030372
v -0.074547 0.166920 -0.039379
v -0.076078 0.240530 -0.039379
v -0.072511 0.240700 -0.034518
v -0.076078 0.240530 -0.039379
v -0.079735 0.313320 -0.039379
v -0.076162 0.313660 -0.034518
v -0.079735 0.313320 -0.039379
v -0.084664 0.372050 -0.039379
v -0.081091 0.372480 -0.034518
v -0.084664 0.372050 -0.039379
v -0.090105 0.430770 -0.039379
v -0.086531 0.431000 -0.034518
v -0.078542 0.430540 -0.034518
v -0.073185 0.371630 -0.034518
v -0.069619 0.372050 -0.039379
v -0.064774 0.313340 -0.039379
v -0.068341 0.313020 -0.034518
v -0.064774 0.313340 -0.039379
v -0.069619 0.372050 -0.039379
v -0.078542 0.430540 -0.034518
v -0.074975 0.430770 -0.039379
v -0.064774 0.313340 -0.039379
v -0.061033 0.240560 -0.039379
v -0.064606 0.240390 -0.034518
v -0.061033 0.240560 -0.039379
v -0.059586 0.166960 -0.039379
v -0.063160 0.166890 -0.034518
v -0.058990 0.098770 -0.039379
v -0.059586 0.166960 -0.039379
v -0.148158 -0.074580 -0.039379
v -0.152581 -0.068950 -0.032089
v -0.150876 -0.042180 -0.032089
v -0.150876 -0.042180 -0.032089
v -0.156997 -0.063340 -0.030379
v -0.156997 -0.063340 -0.030379
v -0.155635 -0.042270 -0.030379
v -0.150876 -0.042180 0.032171
v -0.155635 -0.042270 0.030372
v -0.156997 -0.063340 0.030372
v -0.152581 -0.068950 0.032082
v -0.148158 -0.074580 0.039372
v -0.156997 -0.063340 0.030372
v -0.150876 -0.042180 0.032171
v -0.159805 -0.069350 -0.030379
v -0.164650 -0.069090 -0.030379
v -0.165752 -0.042770 -0.030379
v -0.167283 -0.063360 -0.030379
v -0.228994 0.457520 -0.039379
v -0.225083 0.430770 -0.039379
v -0.235881 0.430770 -0.030018
v -0.228994 0.457520 0.039372
v -0.235881 0.430770 0.030012
v -0.225083 0.430770 0.039372
v -0.166945 -0.609145 -0.039379
v -0.295037 -0.519304 -0.028398
v -0.281438 -0.447770 -0.028398
v -0.300646 -0.591935 -0.039379
v -0.302345 -0.518648 -0.014809
v -0.311697 -0.590535 -0.028489
v -0.288746 -0.447170 -0.014809
v -0.288746 -0.447170 -0.014809
v -0.305666 -0.518329 0.000041
v -0.318584 -0.589667 -0.014718
v -0.104806 -0.462870 -0.039379
v -0.128690 -0.479960 -0.039379
v -0.123256 -0.495110 -0.039379
v -0.115260 -0.536424 -0.039379
v -0.118405 -0.387990 -0.039379
v -0.080157 -0.464560 -0.039379
v -0.092991 -0.538073 -0.039379
v -0.067323 -0.390490 -0.039379
v -0.059586 -0.324750 -0.039379
v -0.083049 -0.324240 -0.039379
v -0.133197 -0.322610 -0.039379
v -0.100811 -0.312680 -0.039379
v -0.053043 -0.255420 -0.039379
v -0.083049 -0.324240 -0.039379
v -0.056104 -0.324840 -0.037489
v -0.059586 -0.324750 -0.039379
v -0.063750 -0.390670 -0.037489
v -0.050151 -0.128510 -0.059989
v -0.224999 -0.128550 -0.059898
v -0.218028 -0.128530 -0.063048
v -0.035365 -0.128500 -0.060078
v -0.032810 -0.128500 -0.057108
v -0.050151 -0.128510 -0.058549
v -0.050151 -0.128510 0.058542
v -0.032810 -0.128500 0.057191
v -0.035365 -0.128500 0.060071
v -0.218028 -0.128530 0.063041
v -0.224999 -0.128550 0.059891
v -0.050151 -0.128510 0.059982
v -0.050151 -0.128530 -0.037218
v -0.225680 -0.128530 -0.035148
v -0.224999 -0.128550 -0.059898
v -0.050151 -0.128510 -0.058549
v -0.050151 -0.128510 -0.059989
v -0.035365 -0.128500 -0.060078
v -0.038335 -0.128500 -0.063048
v -0.032810 -0.128500 -0.057108
v -0.029665 -0.128530 -0.039199
v -0.050151 -0.128530 0.000041
v -0.029665 -0.128530 0.000041
v -0.050151 -0.128510 -0.059989
v -0.050151 -0.128510 -0.063048
v -0.038335 -0.128500 -0.063048
v -0.218028 -0.128530 -0.063048
v -0.224999 -0.128550 0.059891
v -0.225680 -0.128530 0.035141
v -0.050151 -0.128530 0.037211
v -0.050151 -0.128510 0.058542
v -0.050151 -0.128510 0.059982
v -0.035365 -0.128500 0.060071
v -0.038335 -0.128500 0.063041
v -0.032810 -0.128500 0.057191
v -0.029665 -0.128530 0.039281
v -0.050151 -0.128530 0.000041
v -0.029665 -0.128530 0.000041
v -0.038335 -0.128500 0.063041
v -0.050151 -0.128510 0.063041
v -0.050151 -0.128510 0.059982
v -0.218028 -0.128530 0.063041
v -0.172471 -0.068960 -0.032089
v -0.166945 -0.075180 -0.032089
v -0.167879 -0.082060 -0.039379
v -0.167879 -0.082060 0.039372
v -0.166945 -0.075180 0.032082
v -0.172471 -0.068960 0.032082
v -0.129631 -0.501240 -0.036859
v -0.128100 -0.494830 -0.036859
v -0.125636 -0.494970 -0.037759
v -0.126738 -0.487600 -0.037759
v -0.125636 -0.494970 -0.037759
v -0.150876 -0.042180 -0.032089
v -0.146031 -0.042480 -0.039379
v -0.148158 -0.074580 -0.039379
v -0.148158 -0.074580 0.039372
v -0.146031 -0.042480 0.039372
v -0.150876 -0.042180 0.032171
v -0.080410 -0.106700 -0.039379
v -0.076674 -0.102480 -0.034428
v -0.068601 -0.102480 -0.034428
v -0.068601 -0.102480 -0.034428
v -0.065196 -0.106700 -0.039379
v -0.080410 -0.106700 -0.039379
v -0.080410 -0.106700 0.039372
v -0.065196 -0.106700 0.039372
v -0.068601 -0.102480 0.034511
v -0.068601 -0.102480 0.034511
v -0.076674 -0.102480 0.034511
v -0.080410 -0.106700 0.039372
v -0.300646 -0.591935 0.039372
v -0.295037 -0.519304 0.028391
v -0.281438 -0.447770 0.028391
v -0.311697 -0.590535 0.028482
v -0.302345 -0.518648 0.014802
v -0.288746 -0.447170 0.014802
v -0.318584 -0.589667 0.014802
v -0.305666 -0.518329 0.000041
v -0.288746 -0.447170 0.014802
v -0.128690 -0.479960 0.039372
v -0.104806 -0.462870 0.039372
v -0.115260 -0.536424 0.039372
v -0.123256 -0.495110 0.039372
v -0.118405 -0.387990 0.039372
v -0.092991 -0.538073 0.039372
v -0.080157 -0.464560 0.039372
v -0.067323 -0.390490 0.039372
v -0.059586 -0.324750 0.039372
v -0.083049 -0.324240 0.039372
v -0.133197 -0.322610 0.039372
v -0.100811 -0.312680 0.039372
v -0.083049 -0.324240 0.039372
v -0.053043 -0.255420 0.039372
v -0.059586 -0.324750 0.039372
v -0.056104 -0.324840 0.037482
v -0.063750 -0.390670 0.037482
v -0.148755 0.031600 -0.032089
v -0.143995 0.031440 -0.039379
v -0.146031 -0.042480 -0.039379
v -0.146031 -0.042480 0.039372
v -0.143995 0.031440 0.039372
v -0.148755 0.031600 0.032171
v -0.337792 -0.651611 -0.014718
v -0.340516 -0.651221 0.000041
v -0.321385 -0.589312 0.000041
v -0.321385 -0.589312 0.000041
v -0.340516 -0.651221 0.000041
v -0.337792 -0.651611 0.014711
v -0.239875 0.457520 -0.030018
v -0.235881 0.430770 -0.030018
v -0.243442 0.430770 -0.014629
v -0.243442 0.430770 0.014622
v -0.235881 0.430770 0.030012
v -0.239875 0.457520 0.030012
v -0.064774 0.313340 0.039372
v -0.064774 0.313340 0.039372
v -0.069619 0.372050 0.039372
v -0.078542 0.430540 0.034511
v -0.069619 0.372050 0.039372
v -0.074975 0.430770 0.039372
v -0.061033 0.240560 0.039372
v -0.064774 0.313340 0.039372
v -0.064606 0.240390 0.034511
v -0.070890 0.166990 0.034511
v -0.076078 0.240530 0.039372
v -0.074547 0.166920 0.039372
v -0.059586 0.166960 0.039372
v -0.061033 0.240560 0.039372
v -0.063160 0.166890 0.034511
v -0.058990 0.098770 0.039372
v -0.059586 0.166960 0.039372
v -0.062563 0.098790 0.034511
v -0.060014 0.031410 0.039372
v -0.058990 0.098770 0.039372
v -0.063581 0.031550 0.034511
v -0.070384 0.098760 0.034511
v -0.074547 0.166920 0.039372
v -0.074035 0.098770 0.039372
v -0.062900 -0.042340 0.039372
v -0.060014 0.031410 0.039372
v -0.066473 -0.042170 0.034511
v -0.071486 0.031280 0.034511
v -0.063581 0.031550 0.034511
v -0.074294 -0.042570 0.034511
v -0.074035 0.098770 0.039372
v -0.075060 0.031410 0.039372
v -0.074294 -0.042570 0.034511
v -0.075060 0.031410 0.039372
v -0.077861 -0.042380 0.039372
v -0.128100 -0.494830 0.036852
v -0.125636 -0.494970 0.037752
v -0.126738 -0.487600 0.037752
v -0.125636 -0.494970 0.037752
v -0.129631 -0.501240 0.036852
v -0.123256 -0.495110 0.039372
v -0.127504 -0.502680 0.037752
v -0.124443 -0.486440 0.039372
v -0.148243 -0.495340 -0.036859
v -0.147309 -0.500820 -0.036859
v -0.149520 -0.502080 -0.037759
v -0.127504 -0.502680 -0.037759
v -0.125636 -0.494970 -0.037759
v -0.123256 -0.495110 -0.039379
v -0.124443 -0.486440 -0.039379
v -0.149520 -0.502080 0.037752
v -0.147309 -0.500820 0.036852
v -0.148243 -0.495340 0.036852
v -0.248202 -0.103050 -0.028669
v -0.255854 -0.103050 -0.014718
v -0.259253 -0.103050 0.000041
v -0.248202 -0.103050 0.000041
v -0.237405 -0.103050 -0.039379
v -0.237405 -0.103050 0.000041
v -0.092225 -0.103050 -0.039379
v -0.092225 -0.103050 0.000041
v -0.046156 -0.103050 -0.039379
v -0.046156 -0.103050 0.000041
v -0.042589 -0.103050 -0.037489
v -0.043095 -0.103050 0.000041
v -0.042589 -0.103050 0.037482
v -0.043095 -0.103050 0.000041
v -0.046156 -0.103050 0.000041
v -0.046156 -0.103050 0.039372
v -0.092225 -0.103050 0.000041
v -0.092225 -0.103050 0.039372
v -0.237405 -0.103050 0.000041
v -0.237405 -0.103050 0.039372
v -0.248202 -0.103050 0.000041
v -0.248202 -0.103050 0.028752
v -0.259253 -0.103050 0.000041
v -0.255854 -0.103050 0.014711
v -0.034087 -0.102760 0.060071
v -0.031539 -0.102760 0.057191
v -0.048620 -0.102760 0.058542
v -0.037064 -0.102760 0.063041
v -0.048620 -0.102760 0.059982
v -0.213268 -0.102760 0.059891
v -0.214201 -0.102760 0.035682
v -0.048620 -0.102760 0.037482
v -0.028309 -0.102760 0.039281
v -0.028309 -0.102760 0.000041
v -0.048620 -0.102760 0.000041
v -0.048620 -0.102760 0.059982
v -0.048620 -0.102760 0.063041
v -0.037064 -0.102760 0.063041
v -0.206212 -0.102760 0.063041
v -0.048620 -0.102760 0.059982
v -0.213268 -0.102760 0.059891
v -0.206212 -0.102760 0.063041
v -0.048620 -0.102760 -0.058549
v -0.031539 -0.102760 -0.057108
v -0.034087 -0.102760 -0.060078
v -0.048620 -0.102760 -0.059989
v -0.037064 -0.102760 -0.063048
v -0.213268 -0.102760 -0.059898
v -0.214201 -0.102760 -0.035688
v -0.048620 -0.102760 -0.037489
v -0.028309 -0.102760 -0.039288
v -0.028309 -0.102760 0.000041
v -0.048620 -0.102760 0.000041
v -0.037064 -0.102760 -0.063048
v -0.048620 -0.102760 -0.063048
v -0.048620 -0.102760 -0.059989
v -0.206212 -0.102760 -0.063048
v -0.206212 -0.102760 -0.063048
v -0.213268 -0.102760 -0.059898
v -0.048620 -0.102760 -0.059989
v -0.150707 -0.495220 -0.037759
v -0.149520 -0.502080 -0.037759
v -0.151725 -0.503330 -0.039379
v -0.151725 -0.503330 0.039372
v -0.149520 -0.502080 0.037752
v -0.150707 -0.495220 0.037752
v -0.125636 -0.494970 -0.037759
v -0.127504 -0.502680 -0.037759
v -0.129631 -0.501240 -0.036859
v -0.129631 -0.501240 0.036852
v -0.127504 -0.502680 0.037752
v -0.125636 -0.494970 0.037752
v -0.339154 -0.673695 -0.047298
v -0.346800 -0.672578 -0.043429
v -0.333032 -0.648084 -0.043609
v -0.333032 -0.648084 -0.043609
v -0.325043 -0.649271 -0.047658
v -0.339154 -0.673695 -0.047298
v -0.339154 -0.673695 0.047291
v -0.325043 -0.649271 0.047652
v -0.333032 -0.648084 0.043602
v -0.333032 -0.648084 0.043602
v -0.346800 -0.672578 0.043422
v -0.339154 -0.673695 0.047291
v -0.307702 -0.678338 -0.063048
v -0.314589 -0.677310 -0.059898
v -0.300140 -0.652940 -0.059898
v -0.300140 -0.652940 -0.059898
v -0.293169 -0.653968 -0.063048
v -0.307702 -0.678338 -0.063048
v -0.307702 -0.678338 0.063041
v -0.293169 -0.653968 0.063041
v -0.300140 -0.652940 0.059891
v -0.300140 -0.652940 0.059891
v -0.314589 -0.677310 0.059891
v -0.307702 -0.678338 0.063041
v -0.246587 0.457520 -0.014629
v -0.243442 0.430770 -0.014629
v -0.238767 0.430770 -0.014629
v -0.244545 0.463240 -0.014629
v -0.242255 0.465760 -0.014629
v -0.237833 0.465760 -0.014629
v -0.237495 0.448270 -0.014629
v -0.199156 0.448270 -0.014629
v -0.189383 0.430770 -0.014629
v -0.199156 0.448270 0.014622
v -0.189383 0.430770 0.014622
v -0.238767 0.430770 0.014622
v -0.237495 0.448270 0.014622
v -0.237833 0.465760 0.014622
v -0.242255 0.465760 0.014622
v -0.244545 0.463240 0.014622
v -0.246587 0.457520 0.014622
v -0.243442 0.430770 0.014622
v -0.055086 0.430770 -0.015978
v -0.067239 0.414950 -0.015978
v -0.053808 0.415690 -0.015978
v -0.055086 0.430770 0.015971
v -0.053808 0.415690 0.015971
v -0.067239 0.414950 0.015971
v -0.069956 0.430770 -0.015978
v -0.067239 0.414950 -0.015978
v -0.058400 0.430770 -0.015978
v -0.058400 0.430770 -0.015978
v -0.067239 0.414950 -0.015978
v -0.055086 0.430770 -0.015978
v -0.069956 0.430770 0.015971
v -0.058400 0.430770 0.015971
v -0.067239 0.414950 0.015971
v -0.058400 0.430770 0.015971
v -0.055086 0.430770 0.015971
v -0.067239 0.414950 0.015971
v -0.095202 -0.300790 -0.036499
v -0.090526 -0.253730 -0.037848
v -0.088146 -0.253750 -0.039379
v -0.097582 -0.299780 -0.034159
v -0.092906 -0.253590 -0.035239
v -0.084067 -0.203040 -0.039379
v -0.090526 -0.253730 -0.037848
v -0.086363 -0.204440 -0.036499
v -0.092906 -0.253590 0.035232
v -0.090526 -0.253730 0.037841
v -0.086363 -0.204440 0.036581
v -0.090526 -0.253730 0.037841
v -0.097582 -0.299780 0.034152
v -0.088146 -0.253750 0.039372
v -0.084067 -0.203040 0.039372
v -0.095202 -0.300790 0.036581
v -0.090526 -0.253730 -0.037848
v -0.095202 -0.300790 -0.036499
v -0.097582 -0.299780 -0.034159
v -0.097582 -0.299780 0.034152
v -0.095202 -0.300790 0.036581
v -0.090526 -0.253730 0.037841
v -0.229927 0.448270 -0.022728
v -0.199500 0.448270 -0.022728
v -0.208845 0.465760 -0.022728
v -0.230355 0.465760 -0.022728
v -0.229927 0.448270 0.022721
v -0.230355 0.465760 0.022721
v -0.208845 0.465760 0.022721
v -0.199500 0.448270 0.022721
v -0.123256 -0.495110 -0.039379
v -0.125292 -0.504130 -0.039379
v -0.127504 -0.502680 -0.037759
v -0.127504 -0.502680 0.037752
v -0.125292 -0.504130 0.039372
v -0.123256 -0.495110 0.039372
v -0.088146 -0.253750 -0.039379
v -0.092738 -0.301800 -0.039379
v -0.095202 -0.300790 -0.036499
v -0.092906 -0.253590 -0.035239
v -0.088659 -0.205840 -0.034159
v -0.086363 -0.204440 -0.036499
v -0.095202 -0.300790 0.036581
v -0.092738 -0.301800 0.039372
v -0.088146 -0.253750 0.039372
v -0.086363 -0.204440 0.036581
v -0.088659 -0.205840 0.034152
v -0.092906 -0.253590 0.035232
v -0.107867 -0.309880 -0.036499
v -0.114586 -0.300750 -0.036499
v -0.112290 -0.299670 -0.034159
v -0.112290 -0.299670 -0.034159
v -0.106765 -0.307060 -0.034159
v -0.107867 -0.309880 -0.036499
v -0.107867 -0.309880 0.036581
v -0.106765 -0.307060 0.034152
v -0.112290 -0.299670 0.034152
v -0.112290 -0.299670 0.034152
v -0.114586 -0.300750 0.036581
v -0.107867 -0.309880 0.036581
v -0.090526 -0.253730 -0.037848
v -0.086363 -0.204440 -0.036499
v -0.084067 -0.203040 -0.039379
v -0.084067 -0.203040 0.039372
v -0.086363 -0.204440 0.036581
v -0.090526 -0.253730 0.037841
v -0.108885 -0.312680 -0.039379
v -0.116966 -0.301850 -0.039379
v -0.114586 -0.300750 -0.036499
v -0.114586 -0.300750 -0.036499
v -0.107867 -0.309880 -0.036499
v -0.108885 -0.312680 -0.039379
v -0.108885 -0.312680 0.039372
v -0.107867 -0.309880 0.036581
v -0.114586 -0.300750 0.036581
v -0.114586 -0.300750 0.036581
v -0.116966 -0.301850 0.039372
v -0.108885 -0.312680 0.039372
v -0.147309 -0.500820 -0.036859
v -0.143911 -0.505550 -0.036859
v -0.145350 -0.507943 -0.037759
v -0.145350 -0.507943 0.037752
v -0.143911 -0.505550 0.036852
v -0.147309 -0.500820 0.036852
v -0.065196 -0.106700 -0.039379
v -0.068601 -0.102480 -0.034428
v -0.066473 -0.042160 -0.034428
v -0.062900 -0.042340 -0.039379
v -0.065196 -0.106700 0.039372
v -0.062900 -0.042340 0.039372
v -0.066473 -0.042170 0.034511
v -0.068601 -0.102480 0.034511
v -0.346800 -0.672578 -0.043429
v -0.354284 -0.671479 -0.035148
v -0.340937 -0.646932 -0.035148
v -0.340937 -0.646932 0.035232
v -0.354284 -0.671479 0.035141
v -0.346800 -0.672578 0.043422
v -0.340937 -0.646932 -0.035148
v -0.333032 -0.648084 -0.043609
v -0.346800 -0.672578 -0.043429
v -0.346800 -0.672578 0.043422
v -0.333032 -0.648084 0.043602
v -0.340937 -0.646932 0.035232
v -0.229927 0.448270 -0.022728
v -0.230355 0.465760 -0.022728
v -0.235537 0.465760 -0.020119
v -0.235537 0.465760 0.020112
v -0.230355 0.465760 0.022721
v -0.229927 0.448270 0.022721
v -0.235537 0.465760 -0.020119
v -0.235200 0.448270 -0.020028
v -0.229927 0.448270 -0.022728
v -0.229927 0.448270 0.022721
v -0.235200 0.448270 0.020112
v -0.235537 0.465760 0.020112
v -0.127504 -0.502680 -0.037759
v -0.132517 -0.508722 -0.037759
v -0.133710 -0.506188 -0.036859
v -0.133710 -0.506188 0.036852
v -0.132517 -0.508723 0.037752
v -0.127504 -0.502680 0.037752
v -0.354284 -0.671479 -0.035148
v -0.360574 -0.670540 -0.023269
v -0.347396 -0.645975 -0.023269
v -0.347396 -0.645975 0.023262
v -0.360574 -0.670540 0.023262
v -0.354284 -0.671479 0.035141
v -0.347396 -0.645975 -0.023269
v -0.340937 -0.646932 -0.035148
v -0.354284 -0.671479 -0.035148
v -0.354284 -0.671479 0.035141
v -0.340937 -0.646932 0.035232
v -0.347396 -0.645975 0.023262
v -0.145350 -0.507943 -0.037759
v -0.149520 -0.502080 -0.037759
v -0.147309 -0.500820 -0.036859
v -0.149520 -0.502080 -0.037759
v -0.146796 -0.510335 -0.039379
v -0.147309 -0.500820 0.036852
v -0.149520 -0.502080 0.037752
v -0.145350 -0.507943 0.037752
v -0.146796 -0.510335 0.039372
v -0.149520 -0.502080 0.037752
v -0.360574 -0.670540 -0.023269
v -0.363551 -0.670114 -0.014268
v -0.350542 -0.645514 -0.014268
v -0.350542 -0.645514 0.014262
v -0.363551 -0.670114 0.014262
v -0.360574 -0.670540 0.023262
v -0.350542 -0.645514 -0.014268
v -0.347396 -0.645975 -0.023269
v -0.360574 -0.670540 -0.023269
v -0.360574 -0.670540 0.023262
v -0.347396 -0.645975 0.023262
v -0.350542 -0.645514 0.014262
v -0.237495 0.448270 -0.014629
v -0.235200 0.448270 -0.020028
v -0.235537 0.465760 -0.020119
v -0.235537 0.465760 -0.020119
v -0.237833 0.465760 -0.014629
v -0.237495 0.448270 -0.014629
v -0.237495 0.448270 0.014622
v -0.237833 0.465760 0.014622
v -0.235537 0.465760 0.020112
v -0.235537 0.465760 0.020112
v -0.235200 0.448270 0.020112
v -0.237495 0.448270 0.014622
v -0.363551 -0.670114 -0.014268
v -0.363460 -0.670114 0.000041
v -0.350542 -0.645514 0.000041
v -0.350542 -0.645514 0.000041
v -0.363460 -0.670114 0.000041
v -0.363551 -0.670114 0.014262
v -0.350542 -0.645514 0.000041
v -0.350542 -0.645514 -0.014268
v -0.363551 -0.670114 -0.014268
v -0.363551 -0.670114 0.014262
v -0.350542 -0.645514 0.014262
v -0.350542 -0.645514 0.000041
v -0.095202 -0.300790 -0.036499
v -0.101920 -0.309860 -0.036499
v -0.103023 -0.307060 -0.034159
v -0.103023 -0.307060 -0.034159
v -0.097582 -0.299780 -0.034159
v -0.095202 -0.300790 -0.036499
v -0.095202 -0.300790 0.036581
v -0.097582 -0.299780 0.034152
v -0.103023 -0.307060 0.034152
v -0.103023 -0.307060 0.034152
v -0.101920 -0.309860 0.036581
v -0.095202 -0.300790 0.036581
v -0.133710 -0.506188 -0.036859
v -0.129631 -0.501240 -0.036859
v -0.127504 -0.502680 -0.037759
v -0.132517 -0.508722 -0.037759
v -0.125292 -0.504130 -0.039379
v -0.127504 -0.502680 0.037752
v -0.129631 -0.501240 0.036852
v -0.133710 -0.506188 0.036852
v -0.125292 -0.504130 0.039372
v -0.132517 -0.508723 0.037752
v -0.132517 -0.508722 -0.037759
v -0.139060 -0.510566 -0.037759
v -0.138891 -0.507641 -0.036859
v -0.133710 -0.506188 -0.036859
v -0.146796 -0.510335 -0.039379
v -0.151725 -0.503330 -0.039379
v -0.149520 -0.502080 -0.037759
v -0.138891 -0.507641 0.036852
v -0.139060 -0.510566 0.037752
v -0.132517 -0.508723 0.037752
v -0.133710 -0.506188 0.036852
v -0.149520 -0.502080 0.037752
v -0.151725 -0.503330 0.039372
v -0.146796 -0.510335 0.039372
v -0.092738 -0.301800 -0.039379
v -0.100811 -0.312680 -0.039379
v -0.101920 -0.309860 -0.036499
v -0.101920 -0.309860 -0.036499
v -0.095202 -0.300790 -0.036499
v -0.092738 -0.301800 -0.039379
v -0.092738 -0.301800 0.039372
v -0.095202 -0.300790 0.036581
v -0.101920 -0.309860 0.036581
v -0.101920 -0.309860 0.036581
v -0.100811 -0.312680 0.039372
v -0.092738 -0.301800 0.039372
v -0.101920 -0.309860 -0.036499
v -0.107867 -0.309880 -0.036499
v -0.106765 -0.307060 -0.034159
v -0.106765 -0.307060 0.034152
v -0.107867 -0.309880 0.036581
v -0.101920 -0.309860 0.036581
v -0.106765 -0.307060 -0.034159
v -0.103023 -0.307060 -0.034159
v -0.101920 -0.309860 -0.036499
v -0.101920 -0.309860 0.036581
v -0.103023 -0.307060 0.034152
v -0.106765 -0.307060 0.034152
v -0.125292 -0.504130 -0.039379
v -0.131245 -0.511275 -0.039379
v -0.132517 -0.508722 -0.037759
v -0.132517 -0.508723 0.037752
v -0.131245 -0.511275 0.039372
v -0.125292 -0.504130 0.039372
v -0.107867 -0.309880 -0.036499
v -0.101920 -0.309860 -0.036499
v -0.100811 -0.312680 -0.039379
v -0.100811 -0.312680 0.039372
v -0.101920 -0.309860 0.036581
v -0.107867 -0.309880 0.036581
v -0.100811 -0.312680 -0.039379
v -0.108885 -0.312680 -0.039379
v -0.107867 -0.309880 -0.036499
v -0.107867 -0.309880 0.036581
v -0.108885 -0.312680 0.039372
v -0.100811 -0.312680 0.039372
v -0.139060 -0.510566 -0.037759
v -0.145350 -0.507943 -0.037759
v -0.143911 -0.505550 -0.036859
v -0.138891 -0.507641 -0.036859
v -0.145350 -0.507943 -0.037759
v -0.139151 -0.513490 -0.039379
v -0.146796 -0.510335 -0.039379
v -0.145350 -0.507943 -0.037759
v -0.139060 -0.510566 0.037752
v -0.138891 -0.507641 0.036852
v -0.143911 -0.505550 0.036852
v -0.145350 -0.507943 0.037752
v -0.139151 -0.513490 0.039372
v -0.145350 -0.507943 0.037752
v -0.145350 -0.507943 0.037752
v -0.146796 -0.510335 0.039372
v -0.314589 -0.677310 -0.059898
v -0.315270 -0.677221 -0.049639
v -0.301074 -0.652798 -0.050178
v -0.300140 -0.652940 -0.059898
v -0.314589 -0.677310 -0.059898
v -0.314589 -0.677310 0.059891
v -0.300140 -0.652940 0.059891
v -0.301074 -0.652798 0.050172
v -0.315270 -0.677222 0.049631
v -0.314589 -0.677310 0.059891
v -0.131245 -0.511275 -0.039379
v -0.139151 -0.513490 -0.039379
v -0.139060 -0.510566 -0.037759
v -0.132517 -0.508722 -0.037759
v -0.131245 -0.511275 0.039372
v -0.132517 -0.508723 0.037752
v -0.139060 -0.510566 0.037752
v -0.139151 -0.513490 0.039372
v -0.092738 -0.683141 -0.037759
v -0.094437 -0.682875 -0.044239
v -0.101661 -0.681829 -0.048108
v -0.114410 -0.679950 -0.048199
v -0.306087 -0.652054 0.000041
v -0.093334 -0.683052 0.000041
v -0.301074 -0.652798 -0.050178
v -0.117556 -0.679490 -0.057108
v -0.312462 -0.651115 -0.050359
v -0.300140 -0.652940 -0.059898
v -0.120111 -0.679117 -0.060078
v -0.123081 -0.678674 -0.063048
v -0.293169 -0.653968 -0.063048
v -0.325043 -0.649271 -0.047658
v -0.333032 -0.648084 -0.043609
v -0.340937 -0.646932 -0.035148
v -0.347396 -0.645975 -0.023269
v -0.350542 -0.645514 -0.014268
v -0.350542 -0.645514 0.000041
v -0.306087 -0.652054 0.000041
v -0.092738 -0.683141 0.037752
v -0.093334 -0.683052 0.000041
v -0.101661 -0.681829 0.048101
v -0.094437 -0.682875 0.044232
v -0.114410 -0.679950 0.048282
v -0.301074 -0.652798 0.050172
v -0.117556 -0.679490 0.057191
v -0.300140 -0.652940 0.059891
v -0.120111 -0.679118 0.060071
v -0.123081 -0.678675 0.063041
v -0.293169 -0.653968 0.063041
v -0.312462 -0.651115 0.050352
v -0.325043 -0.649271 0.047652
v -0.333032 -0.648084 0.043602
v -0.340937 -0.646932 0.035232
v -0.347396 -0.645975 0.023262
v -0.350542 -0.645514 0.014262
v -0.350542 -0.645514 0.000041
vn -0.1477 -0.9890 -0.0000
vn -0.1478 -0.9890 -0.0000
vn -0.1477 -0.9890 0.0087
vn -0.1112 0.9928 -0.0438
vn -0.1112 0.9928 0.0438
vn -0.0555 0.9985 -0.0000
vn -0.0369 0.9962 -0.0784
vn -0.0369 0.9962 0.0784
vn -0.0000 1.0000 -0.0000
vn -0.0000 0.9990 -0.0437
vn -0.0000 0.9990 0.0437
vn -0.1457 0.9210 -0.3612
vn -0.0825 0.9345 -0.3461
vn -0.3502 0.8627 -0.3648
vn -0.3502 0.8627 0.3648
vn -0.0825 0.9346 0.3461
vn -0.1457 0.9210 0.3612
vn -0.0825 0.9346 -0.3461
vn -0.0183 0.9347 -0.3548
vn -0.0183 0.9347 0.3549
vn -0.0824 0.9346 0.3461
vn -0.0000 1.0000 -0.0001
vn -0.0000 1.0000 0.0001
vn -0.0183 0.9347 -0.3549
vn -0.0092 0.9349 -0.3549
vn -0.0824 0.9346 -0.3461
vn -0.0092 0.9349 0.3549
vn -0.3503 0.8627 -0.3647
vn -0.6842 0.6688 -0.2908
vn -0.3593 0.8626 -0.3562
vn -0.3503 0.8627 0.3647
vn -0.3592 0.8626 0.3562
vn -0.6842 0.6688 0.2908
vn -0.3503 0.8627 -0.3648
vn -0.3592 0.8626 -0.3563
vn -0.3592 0.8626 0.3563
vn -0.3503 0.8627 0.3648
vn -0.0739 0.9973 -0.0000
vn -0.0000 1.0000 0.0087
vn -0.0000 1.0000 -0.0087
vn -0.0831 0.9964 -0.0174
vn -0.0370 0.9993 -0.0087
vn -0.0001 1.0000 -0.0000
vn -0.0370 0.9993 0.0087
vn -0.0831 0.9964 0.0174
vn -0.0000 1.0000 0.0088
vn 0.0093 0.9999 0.0087
vn 0.0462 0.9986 -0.0262
vn 0.0463 0.9986 -0.0262
vn 0.0185 0.9998 -0.0088
vn -0.0830 0.9964 -0.0174
vn -0.0830 0.9964 0.0174
vn 0.0185 0.9998 0.0087
vn -0.0000 1.0000 -0.0088
vn 0.0463 0.9986 0.0262
vn -0.0000 1.0000 -0.0089
vn -0.0001 1.0000 -0.0087
vn 0.0093 0.9999 -0.0087
vn -0.0647 0.9979 -0.0000
vn -0.0463 0.9989 0.0087
vn -0.0555 0.9984 0.0087
vn -0.0462 0.9989 0.0087
vn -0.0463 0.9989 0.0088
vn -0.0555 0.9984 -0.0087
vn -0.0463 0.9989 -0.0087
vn -0.7074 0.6447 -0.2898
vn -0.7073 0.6447 0.2898
vn -0.3437 0.2851 -0.8948
vn -0.3199 0.6174 -0.7187
vn -0.0087 0.6312 -0.7756
vn -0.0087 0.6312 0.7756
vn -0.3199 0.6174 0.7187
vn -0.3438 0.2851 0.8947
vn -0.7754 0.1305 -0.6179
vn -0.7456 0.3274 -0.5804
vn -0.3200 0.6174 -0.7187
vn -0.3200 0.6174 0.7187
vn -0.7456 0.3273 0.5804
vn -0.7754 0.1305 0.6179
vn -0.9161 0.0880 -0.3912
vn -0.8789 0.3153 -0.3579
vn -0.7457 0.3273 -0.5804
vn -0.7457 0.3273 0.5804
vn -0.8789 0.3153 0.3579
vn -0.9161 0.0881 0.3912
vn -0.9161 0.0881 -0.3912
vn -0.7754 0.1305 0.6178
vn 0.8829 0.4655 -0.0618
vn 0.8712 0.4820 -0.0931
vn 0.8789 0.4678 -0.0931
vn 0.8789 0.4678 0.0931
vn 0.8712 0.4820 0.0931
vn 0.8829 0.4655 0.0618
vn 0.8453 0.4604 -0.2713
vn 0.8713 0.4681 -0.1475
vn 0.7059 0.4377 -0.5569
vn 0.8452 0.4604 0.2713
vn 0.7059 0.4377 0.5569
vn 0.8713 0.4681 0.1475
vn 0.9551 -0.2706 -0.1202
vn 0.9535 -0.2724 -0.1286
vn 0.7375 -0.2067 -0.6429
vn 0.9627 -0.2704 -0.0000
vn 0.9551 -0.2706 0.1203
vn 0.9535 -0.2724 0.1287
vn 0.9627 -0.2705 -0.0000
vn 0.7375 -0.2067 0.6429
vn 0.9551 -0.2706 0.1202
vn 0.8890 0.4576 -0.0154
vn 0.8842 0.4593 -0.0851
vn 0.8842 0.4593 0.0851
vn 0.8890 0.4576 0.0154
vn 0.8453 0.4604 -0.2712
vn 0.8453 0.4604 0.2712
vn 0.8848 0.4596 -0.0774
vn 0.8848 0.4596 0.0774
vn 0.8842 0.4593 -0.0850
vn 0.8829 0.4655 0.0617
vn 0.8842 0.4593 0.0850
vn -0.0171 -0.4785 -0.8779
vn -0.3195 -0.3859 -0.8655
vn -0.2768 -0.3280 -0.9032
vn -0.2768 -0.3280 0.9032
vn -0.3194 -0.3859 0.8655
vn -0.0171 -0.4784 0.8780
vn 0.2668 -0.0780 -0.9606
vn 0.7775 -0.2203 -0.5890
vn 0.7375 -0.2066 -0.6430
vn 0.9551 -0.2706 -0.1203
vn 0.7775 -0.2203 0.5890
vn 0.7375 -0.2066 0.6429
vn 0.7375 -0.2067 0.6430
vn 0.2668 -0.0779 0.9606
vn 0.2785 -0.4090 -0.8690
vn -0.0170 -0.4784 -0.8780
vn -0.0169 -0.4043 -0.9145
vn 0.2357 -0.3506 -0.9064
vn -0.0084 -0.3069 -0.9517
vn 0.1767 -0.2719 -0.9460
vn -0.0170 -0.4043 -0.9145
vn 0.2357 -0.3506 0.9064
vn 0.1767 -0.2719 0.9460
vn -0.0084 -0.3069 0.9517
vn -0.0170 -0.4043 0.9145
vn 0.2786 -0.4090 0.8690
vn 0.2357 -0.3507 0.9064
vn -0.0169 -0.4043 0.9145
vn -0.0170 -0.4784 0.8780
vn 0.9856 0.1689 -0.0075
vn 0.9858 0.1676 -0.0074
vn 0.9856 0.1689 0.0075
vn 0.9869 0.1611 -0.0075
vn -0.0171 -0.4784 -0.8780
vn -0.2086 -0.2483 -0.9459
vn -0.2086 -0.2483 0.9459
vn -0.0171 -0.4785 0.8779
vn 0.9869 0.1611 -0.0000
vn 0.9858 0.1676 -0.0075
vn 0.9715 -0.2369 -0.0000
vn 0.8283 -0.1982 -0.5241
vn 0.8506 -0.1841 -0.4926
vn 0.8505 -0.1842 0.4926
vn 0.8283 -0.1983 0.5241
vn 0.4735 -0.2401 -0.8474
vn 0.2786 -0.4090 -0.8690
vn 0.4735 -0.2401 0.8474
vn 0.8505 -0.1842 -0.4926
vn 0.9764 -0.2159 -0.0000
vn 0.9833 -0.1820 -0.0000
vn 0.8506 -0.1842 0.4926
vn 0.2403 0.0211 -0.9705
vn 0.8637 0.0748 -0.4985
vn 0.8648 0.0545 -0.4991
vn 0.8637 0.0747 -0.4985
vn 0.2246 0.0212 -0.9742
vn 0.9978 0.0668 -0.0000
vn 0.9962 0.0874 -0.0000
vn 0.9961 0.0874 0.0150
vn 0.9961 0.0873 0.0149
vn 0.8550 0.0747 -0.5132
vn 0.8636 0.0748 0.4985
vn 0.8648 0.0545 0.4992
vn 0.2404 0.0211 0.9704
vn 0.2247 0.0212 0.9742
vn 0.2404 0.0211 0.9705
vn 0.8637 0.0748 0.4985
vn 0.9962 0.0873 -0.0000
vn 0.8637 0.0747 0.4985
vn 0.9961 0.0874 -0.0149
vn 0.8550 0.0747 0.5132
vn 0.2246 0.0212 0.9742
vn 0.8576 -0.1499 -0.4920
vn 0.9845 -0.1755 -0.0000
vn 0.8629 -0.1222 -0.4905
vn 0.8628 -0.1222 0.4905
vn 0.8576 -0.1499 0.4920
vn 0.7149 -0.1105 -0.6905
vn 0.8506 -0.1364 -0.5078
vn 0.9318 -0.1489 -0.3310
vn 0.8506 -0.1364 -0.5077
vn 0.9295 -0.1486 -0.3376
vn 0.9318 -0.1489 0.3310
vn 0.9295 -0.1486 0.3376
vn 0.8507 -0.1364 0.5077
vn 0.8506 -0.1364 0.5078
vn 0.7149 -0.1105 0.6905
vn 0.9318 -0.1489 0.3309
vn 0.7375 -0.2067 -0.6430
vn 0.2084 -0.0637 -0.9760
vn 0.2668 -0.0780 0.9606
vn 0.2084 -0.0638 0.9760
vn 0.4055 -0.2040 -0.8910
vn 0.1768 -0.2719 -0.9460
vn 0.3066 -0.1550 -0.9391
vn 0.2358 -0.3506 -0.9064
vn 0.4055 -0.2040 0.8910
vn 0.3066 -0.1550 0.9391
vn 0.1768 -0.2718 0.9460
vn 0.4055 -0.2041 0.8910
vn 0.1768 -0.2719 0.9460
vn 0.8628 -0.1222 -0.4905
vn 0.9900 -0.1414 -0.0000
vn 0.8659 -0.0886 -0.4922
vn 0.8659 -0.0886 0.4922
vn -0.5039 -0.1896 -0.8427
vn -0.4292 -0.1614 -0.8887
vn -0.4292 -0.1614 0.8887
vn -0.5039 -0.1896 0.8427
vn -0.3195 -0.3859 0.8655
vn 0.9986 -0.0534 -0.0000
vn 0.9945 -0.0536 0.0894
vn 0.9018 -0.0475 0.4296
vn 0.8988 -0.0473 0.4357
vn 0.7266 -0.0343 0.6862
vn 0.3955 -0.0210 0.9182
vn 0.9945 -0.0536 -0.0894
vn 0.9986 -0.0535 -0.0000
vn 0.9945 -0.0537 -0.0894
vn 0.9018 -0.0475 -0.4296
vn 0.8988 -0.0473 -0.4357
vn 0.7266 -0.0343 -0.6862
vn 0.3955 -0.0210 -0.9182
vn 0.3879 -0.0631 -0.9196
vn 0.7148 -0.1105 0.6905
vn 0.3879 -0.0631 0.9196
vn 0.9942 -0.1073 -0.0000
vn 0.9900 -0.1413 -0.0000
vn 0.9973 -0.0740 -0.0000
vn -0.2769 -0.3280 -0.9032
vn -0.3329 -0.1203 -0.9353
vn -0.2087 -0.2483 -0.9459
vn -0.2087 -0.2483 0.9459
vn -0.3328 -0.1203 0.9353
vn -0.2769 -0.3280 0.9032
vn 0.8660 -0.0886 -0.4922
vn 0.8673 -0.0683 -0.4930
vn 0.8654 -0.0408 -0.4995
vn 0.2501 -0.0071 -0.9682
vn 0.8710 -0.0272 -0.4905
vn 0.8654 -0.0408 0.4994
vn 0.8710 -0.0271 0.4905
vn 0.2501 -0.0071 0.9682
vn 0.8654 -0.0408 0.4995
vn 0.8673 -0.0683 0.4930
vn 0.8654 -0.0409 -0.4995
vn 0.9989 -0.0468 -0.0000
vn 0.9994 -0.0334 -0.0000
vn 0.8654 -0.0409 0.4995
vn -0.0000 -0.0000 1.0000
vn 0.2403 -0.0000 0.9707
vn 0.2403 0.0071 0.9707
vn 0.8678 -0.0271 0.4962
vn 0.8681 -0.0000 0.4964
vn 0.9996 -0.0268 -0.0000
vn 1.0000 -0.0000 -0.0000
vn 0.8680 0.0135 0.4964
vn 0.2404 0.0070 0.9706
vn 0.2404 0.0070 0.9707
vn 0.2404 -0.0000 0.9707
vn 0.9999 0.0134 -0.0000
vn 0.2403 0.0070 0.9707
vn 0.0001 -0.0000 1.0000
vn 0.8680 0.0136 0.4964
vn 0.2403 0.0141 0.9706
vn 0.8678 0.0271 0.4962
vn 0.8648 0.0544 0.4991
vn 0.9994 0.0335 -0.0000
vn 0.9994 0.0334 -0.0000
vn 0.2402 0.0211 0.9705
vn 0.2404 0.0141 0.9706
vn 0.8648 0.0545 0.4991
vn 0.8710 -0.0272 0.4905
vn -0.3151 -0.0493 -0.9478
vn -0.0000 0.2654 -0.9641
vn -0.3437 0.2850 0.8948
vn -0.0001 0.2654 0.9641
vn -0.3151 -0.0493 0.9478
vn 0.8658 -0.0272 -0.4997
vn 0.8626 -0.0204 -0.5054
vn 0.2404 -0.0070 -0.9706
vn 0.2326 -0.0071 -0.9725
vn 0.2404 -0.0070 0.9706
vn 0.2326 -0.0071 0.9725
vn 0.8626 -0.0204 0.5054
vn 0.8658 -0.0273 0.4997
vn 0.8648 0.0544 -0.4991
vn 0.2404 0.0141 -0.9706
vn -0.0000 -0.0000 -1.0000
vn 0.2245 0.0212 -0.9742
vn -0.0001 -0.0000 -1.0000
vn 0.2403 0.0141 -0.9706
vn 0.2404 0.0070 -0.9707
vn 0.8678 0.0271 -0.4962
vn 0.8680 0.0136 -0.4964
vn 0.2404 0.0071 -0.9707
vn 0.8678 0.0270 -0.4963
vn 0.8680 0.0135 -0.4964
vn 0.8681 -0.0000 -0.4964
vn 0.2404 -0.0000 -0.9707
vn 0.2403 0.0070 -0.9707
vn 0.2403 -0.0000 -0.9707
vn 0.2404 0.0070 -0.9706
vn 0.0001 -0.0000 -1.0000
vn 0.8678 -0.0271 -0.4962
vn 0.9996 -0.0267 -0.0000
vn 0.2403 -0.0071 -0.9707
vn 0.9994 -0.0335 -0.0000
vn 0.2419 -0.0567 -0.9686
vn 0.2420 -0.0426 -0.9693
vn 0.2165 -0.0496 -0.9750
vn 0.2418 -0.0567 -0.9687
vn 0.2420 -0.0426 0.9693
vn 0.2419 -0.0567 0.9687
vn 0.8506 -0.1841 0.4926
vn 0.8283 -0.1982 0.5240
vn 0.2418 -0.0567 0.9687
vn 0.2165 -0.0495 0.9750
vn 0.8283 -0.1982 0.5241
vn -0.9342 0.0606 -0.3515
vn -0.9352 0.0404 -0.3518
vn -0.7981 0.0343 -0.6015
vn -0.9982 0.0601 -0.0000
vn -0.9989 0.0468 -0.0000
vn -0.7981 0.0343 0.6015
vn -0.9352 0.0404 0.3518
vn -0.9342 0.0606 0.3515
vn -0.9982 0.0601 0.0001
vn -0.3200 0.6174 -0.7186
vn -0.3438 0.2851 -0.8947
vn -0.7753 0.1304 -0.6179
vn -0.7767 -0.1169 -0.6190
vn -0.7754 0.1304 -0.6179
vn -0.3437 0.2851 0.8948
vn -0.7754 0.1304 0.6179
vn -0.7767 -0.1169 0.6190
vn -0.7754 0.1304 0.6178
vn -0.3438 0.2850 0.8947
vn -0.3200 0.6174 0.7186
vn -0.3329 -0.1203 0.9353
vn 0.6493 -0.3004 -0.6987
vn 0.2781 -0.6426 -0.7140
vn 0.2593 -0.6172 -0.7429
vn 0.2594 -0.6172 0.7429
vn 0.2781 -0.6426 0.7140
vn 0.6493 -0.3005 0.6987
vn 0.2499 -0.0354 -0.9676
vn 0.8567 -0.1565 -0.4915
vn -0.3815 0.0212 0.9241
vn -0.7977 0.0479 0.6012
vn -0.7967 0.0684 0.6005
vn -0.3717 0.0141 0.9282
vn -0.7977 0.0479 0.6011
vn -0.9319 0.0812 0.3536
vn -0.9343 0.0606 0.3514
vn -0.9962 0.0874 -0.0000
vn 0.8567 -0.1565 0.4915
vn 0.8576 -0.1498 0.4920
vn 0.2499 -0.0354 0.9676
vn 0.2404 -0.0070 0.9707
vn 0.2403 -0.0071 0.9707
vn 0.6254 -0.2939 -0.7228
vn 0.2594 -0.6171 -0.7429
vn 0.2505 -0.5801 -0.7751
vn 0.2505 -0.5801 0.7751
vn 0.2593 -0.6172 0.7429
vn 0.6254 -0.2938 0.7229
vn 0.2506 -0.5801 -0.7751
vn 0.5777 -0.2877 -0.7639
vn 0.5777 -0.2877 0.7639
vn 0.2506 -0.5801 0.7751
vn 0.8628 -0.1223 -0.4905
vn 0.2403 -0.0282 -0.9703
vn 0.2403 -0.0282 0.9703
vn 0.8629 -0.1222 0.4904
vn -0.3812 0.0423 -0.9235
vn -0.7959 0.0820 -0.5999
vn -0.7967 0.0684 -0.6005
vn -0.3811 0.0493 -0.9232
vn -0.9281 0.1214 -0.3521
vn -0.9308 0.0947 -0.3531
vn -0.7959 0.0820 -0.5998
vn -0.9319 0.0812 -0.3536
vn -0.9909 0.1347 -0.0000
vn -0.9949 0.1007 -0.0000
vn 0.2780 -0.6426 -0.7140
vn -0.2699 -0.6441 -0.7157
vn -0.2593 -0.6172 -0.7429
vn 0.2780 -0.6426 0.7140
vn -0.2592 -0.6172 0.7429
vn -0.2593 -0.6172 0.7429
vn -0.2700 -0.6441 0.7157
vn 0.2500 -0.0213 -0.9680
vn 0.2404 -0.0141 -0.9706
vn 0.8660 -0.0885 -0.4922
vn 0.2404 -0.0141 0.9706
vn 0.2500 -0.0213 0.9680
vn 0.8674 -0.0682 0.4930
vn 0.8660 -0.0886 0.4922
vn 0.5431 -0.0210 -0.8394
vn 0.4736 -0.2401 -0.8474
vn -0.2505 -0.5801 -0.7751
vn 0.4736 -0.2401 0.8474
vn 0.5431 -0.0210 0.8394
vn -0.2505 -0.5801 0.7751
vn 0.8673 -0.0682 0.4930
vn 0.8047 -0.0342 -0.5928
vn 0.4613 -0.0210 -0.8870
vn 0.3756 0.3051 -0.8751
vn 0.5119 0.4137 -0.7529
vn 0.8046 -0.0342 -0.5928
vn 0.8047 -0.0342 0.5927
vn 0.5119 0.4137 0.7529
vn 0.3756 0.3051 0.8751
vn 0.4615 -0.0186 0.8870
vn 0.8046 -0.0342 0.5928
vn 0.8039 0.0546 0.5922
vn 0.8048 0.0274 0.5929
vn 0.4549 0.0141 0.8905
vn 0.4547 0.0281 0.8902
vn 0.8032 0.0683 0.5917
vn 0.4610 0.0420 0.8864
vn -0.4613 -0.0280 0.8868
vn 0.8029 0.0751 0.5914
vn 0.4867 0.0421 0.8726
vn -0.4284 -0.0420 0.9026
vn -0.4610 -0.0420 0.8864
vn -0.7855 0.1652 0.5965
vn -0.7918 0.1373 0.5952
vn -0.9226 0.1555 0.3531
vn -0.9281 0.1214 0.3521
vn -0.9226 0.1555 0.3530
vn -0.9856 0.1689 -0.0000
vn -0.9792 0.2030 0.0001
vn -0.2657 0.1200 -0.9566
vn -0.8157 0.3675 -0.4468
vn -0.7242 0.3288 -0.6062
vn -0.2657 0.1200 0.9566
vn -0.1423 0.0640 0.9877
vn -0.7242 0.3288 0.6062
vn -0.7242 0.3287 -0.6062
vn -0.1423 0.0640 -0.9878
vn 0.6254 -0.2938 -0.7228
vn 0.6493 -0.3005 -0.6987
vn 0.6185 -0.0553 -0.7839
vn 0.6255 -0.2938 -0.7228
vn 0.5778 -0.2876 -0.7639
vn 0.5777 -0.2876 0.7639
vn 0.6255 -0.2937 0.7228
vn 0.6184 -0.0553 0.7839
vn 0.6254 -0.2938 0.7228
vn 0.2594 -0.6174 0.7426
vn 0.2419 -0.0426 -0.9694
vn 0.2164 -0.0495 -0.9750
vn 0.0002 -0.0000 -1.0000
vn 0.8506 -0.1842 -0.4926
vn 0.2420 -0.0426 0.9694
vn -0.0001 -0.0000 1.0000
vn 0.2164 -0.0495 0.9750
vn 0.0002 -0.0000 1.0000
vn -0.9417 0.0134 -0.3363
vn -0.7919 0.0137 -0.6105
vn -0.7918 0.0206 -0.6104
vn -0.9415 0.0202 -0.3363
vn -0.9998 0.0201 -0.0000
vn -0.9999 0.0134 -0.0001
vn -0.9509 0.0404 -0.3068
vn -0.9994 0.0334 -0.0000
vn -0.9998 0.0201 -0.0001
vn -0.9416 0.0202 -0.3363
vn -0.7943 0.0409 -0.6062
vn -0.7918 0.0206 -0.6105
vn -0.3401 0.0212 -0.9402
vn -0.3548 0.0070 -0.9349
vn -0.9509 0.0404 -0.3069
vn -0.8166 0.0544 -0.5747
vn -0.3814 0.0282 -0.9240
vn -0.3401 0.0212 -0.9401
vn -0.8166 0.0544 -0.5746
vn -0.9570 0.0605 -0.2838
vn -0.9994 0.0335 -0.0000
vn -0.3814 0.0282 0.9240
vn -0.3401 0.0212 0.9401
vn -0.7943 0.0409 0.6062
vn -0.8166 0.0544 0.5747
vn -0.9509 0.0404 0.3069
vn -0.9509 0.0404 0.3068
vn -0.9570 0.0605 0.2839
vn -0.8166 0.0544 0.5746
vn -0.9994 0.0334 0.0001
vn -0.9570 0.0605 0.2838
vn 0.4678 -0.0140 -0.8837
vn 0.4055 -0.2040 -0.8911
vn 0.3066 -0.1549 0.9391
vn 0.4678 -0.0140 0.8837
vn 0.7441 -0.0688 -0.6646
vn 0.6494 -0.3004 -0.6986
vn 0.6255 -0.2938 0.7228
vn 0.6494 -0.3004 0.6986
vn 0.7441 -0.0687 0.6645
vn 0.6909 0.1865 -0.6985
vn 0.7111 0.2084 -0.6715
vn 0.7110 0.2084 0.6716
vn 0.6909 0.1865 0.6985
vn 0.6185 -0.0553 0.7839
vn 0.7441 -0.0687 -0.6645
vn 0.7110 0.2084 -0.6716
vn 0.5777 -0.2876 -0.7639
vn 0.4772 -0.0350 -0.8781
vn 0.6184 -0.0553 -0.7839
vn 0.6908 0.1865 -0.6986
vn 0.4773 -0.0350 -0.8781
vn 0.6615 0.1596 -0.7327
vn 0.6908 0.1865 -0.6985
vn 0.6615 0.1596 0.7327
vn 0.4772 -0.0350 0.8781
vn 0.6908 0.1865 0.6985
vn 0.7111 0.2084 0.6716
vn 0.3878 -0.0631 -0.9196
vn 0.3640 -0.0563 -0.9297
vn -0.2491 0.1483 -0.9571
vn 0.3878 -0.0631 0.9196
vn 0.3640 -0.0563 0.9297
vn -0.2492 0.1482 0.9571
vn 0.3954 -0.0210 0.9183
vn 0.3716 -0.0211 0.9281
vn -0.1422 0.0640 0.9878
vn 0.3716 -0.0211 0.9282
vn -0.8157 0.3674 0.4468
vn -0.9123 0.4085 0.0308
vn -0.9138 0.4056 0.0230
vn -0.8157 0.3675 0.4468
vn -0.7242 0.3287 0.6062
vn -0.9122 0.4085 0.0308
vn 0.3717 -0.0211 -0.9281
vn 0.3954 -0.0210 -0.9183
vn -0.1422 0.0640 -0.9878
vn 0.3716 -0.0211 -0.9282
vn -0.2492 0.1483 -0.9570
vn -0.1338 0.0782 -0.9879
vn -0.1338 0.0782 0.9879
vn -0.2491 0.1482 0.9571
vn -0.2656 0.1199 0.9566
vn -0.2656 0.1199 -0.9566
vn -0.9416 0.0202 0.3363
vn -0.7918 0.0206 0.6105
vn -0.9417 0.0135 0.3363
vn -0.9999 0.0134 -0.0000
vn -0.9998 0.0201 0.0001
vn -0.9416 0.0202 0.3362
vn -0.7919 0.0137 0.6105
vn -0.3401 0.0212 0.9402
vn -0.3548 0.0070 0.9349
vn -0.3547 0.0070 0.9350
vn -0.7919 0.0137 0.6106
vn -0.7920 -0.0069 0.6105
vn -0.9417 -0.0067 0.3363
vn -1.0000 -0.0067 -0.0000
vn -0.3475 -0.0000 0.9377
vn -0.7919 -0.0069 0.6106
vn -0.9122 0.4085 -0.0308
vn -0.7241 0.3288 -0.6062
vn -0.8157 0.3674 -0.4468
vn -0.9138 0.4055 -0.0229
vn -0.9123 0.4085 -0.0307
vn -0.7919 -0.0069 -0.6106
vn -0.3475 -0.0000 -0.9377
vn -0.3547 0.0070 -0.9350
vn -0.7920 -0.0069 -0.6105
vn -0.9417 -0.0067 -0.3363
vn -0.9417 0.0135 -0.3363
vn 0.2083 -0.0637 -0.9760
vn 0.0083 -0.0071 -0.9999
vn 0.0083 -0.0000 -1.0000
vn 0.0083 -0.0000 1.0000
vn 0.0083 -0.0071 0.9999
vn 0.2083 -0.0638 0.9760
vn 0.2667 -0.0779 -0.9606
vn 0.2083 -0.0638 -0.9760
vn 0.2083 -0.0637 0.9760
vn 0.2667 -0.0779 0.9606
vn -0.3573 0.0141 -0.9339
vn -0.3329 -0.1202 -0.9353
vn -0.4292 -0.1613 -0.8887
vn -0.4678 0.0209 -0.8836
vn -0.5040 -0.1896 -0.8427
vn -0.4292 -0.1613 0.8887
vn -0.3329 -0.1202 0.9353
vn -0.3573 0.0141 0.9339
vn -0.5040 -0.1896 0.8427
vn -0.4678 0.0209 0.8836
vn -0.4614 -0.0000 -0.8872
vn 0.4614 -0.0000 -0.8872
vn 0.4614 0.0070 -0.8871
vn -0.8051 -0.0000 -0.5931
vn -0.8114 0.0205 -0.5842
vn -0.4614 0.0140 -0.8871
vn -0.8048 0.0274 -0.5929
vn 0.4614 -0.0140 -0.8871
vn 0.8051 -0.0068 -0.5931
vn 0.8114 -0.0205 -0.5842
vn 0.8051 0.0137 -0.5930
vn 0.4615 -0.0174 -0.8870
vn -0.7915 -0.0343 -0.6102
vn -0.3475 -0.0141 -0.9376
vn -0.9410 -0.0403 -0.3361
vn -0.9992 -0.0401 -0.0001
vn -0.3474 -0.0000 -0.9377
vn -0.1249 0.0496 -0.9909
vn -0.3394 0.1829 -0.9227
vn -0.2746 0.1415 -0.9511
vn 0.0083 -0.0283 -0.9996
vn -0.1249 0.0495 -0.9909
vn -0.0666 0.0141 -0.9977
vn -0.0665 0.0141 -0.9977
vn 0.0083 -0.0283 0.9996
vn -0.0582 0.0141 0.9982
vn -0.1249 0.0495 0.9909
vn -0.0583 0.0142 0.9982
vn -0.2746 0.1415 0.9511
vn -0.3394 0.1829 0.9227
vn -0.1249 0.0496 0.9909
vn -0.2593 -0.6171 -0.7429
vn -0.6784 -0.2154 -0.7024
vn -0.6444 -0.1942 -0.7396
vn -0.6444 -0.1942 0.7396
vn -0.6784 -0.2154 0.7024
vn -0.2593 -0.6171 0.7429
vn -0.2594 -0.6172 -0.7429
vn -0.2701 -0.6441 -0.7157
vn -0.2506 -0.5801 0.7751
vn -0.2594 -0.6172 0.7429
vn 0.0920 -0.0071 0.9957
vn 0.0920 -0.0355 0.9951
vn 0.0921 -0.0071 -0.9957
vn 0.0920 -0.0071 -0.9957
vn 0.0920 -0.0355 -0.9951
vn -0.9410 -0.0403 0.3361
vn -0.9992 -0.0401 0.0001
vn -1.0000 -0.0067 0.0001
vn -0.9417 -0.0068 0.3363
vn -0.7915 -0.0343 0.6102
vn -0.3475 -0.0141 0.9376
vn -0.3474 -0.0000 0.9377
vn -0.3473 -0.0281 0.9373
vn -0.7904 -0.0617 0.6094
vn -0.9387 -0.0676 0.3381
vn -0.9973 -0.0734 0.0001
vn -0.3472 -0.0351 0.9371
vn -0.3713 -0.0421 0.9275
vn -0.3473 -0.0351 0.9371
vn -0.7897 -0.0753 0.6089
vn -0.7904 -0.0617 0.6095
vn -0.3474 -0.0281 0.9373
vn -0.3473 -0.0352 0.9371
vn -0.7897 -0.0753 0.6088
vn -0.7905 -0.0617 0.6094
vn -0.3714 -0.0421 0.9275
vn -0.7929 -0.0825 0.6037
vn -0.9366 -0.0944 0.3373
vn -0.9973 -0.0734 -0.0000
vn -0.9949 -0.1007 -0.0000
vn -0.9390 -0.0947 0.3307
vn -0.7930 -0.0825 0.6037
vn -0.6857 -0.2429 -0.6861
vn -0.6857 -0.2429 0.6861
vn -0.2701 -0.6441 0.7157
vn -0.9387 -0.0676 -0.3381
vn -0.7904 -0.0617 -0.6094
vn -0.9992 -0.0401 -0.0000
vn -0.3473 -0.0281 -0.9373
vn -0.3473 -0.0351 -0.9371
vn -0.3713 -0.0421 -0.9275
vn -0.7897 -0.0753 -0.6089
vn -0.3474 -0.0281 -0.9373
vn -0.7904 -0.0617 -0.6095
vn -0.7905 -0.0617 -0.6094
vn -0.7897 -0.0753 -0.6088
vn -0.7929 -0.0825 -0.6037
vn -0.3714 -0.0421 -0.9275
vn -0.9366 -0.0944 -0.3373
vn -0.9949 -0.1007 -0.0001
vn -0.9390 -0.0947 -0.3307
vn -0.7930 -0.0825 -0.6036
vn -0.7897 -0.0754 -0.6088
vn 0.3066 -0.1549 -0.9391
vn 0.3573 -0.0141 -0.9339
vn 0.4678 -0.0139 -0.8837
vn 0.4214 0.1756 -0.8897
vn 0.4679 -0.0140 -0.8837
vn 0.4964 0.2039 -0.8438
vn 0.4679 -0.0139 -0.8837
vn 0.3573 -0.0141 0.9339
vn 0.4214 0.1756 0.8897
vn 0.4679 -0.0139 0.8837
vn 0.4964 0.2039 0.8438
vn -0.5584 0.2234 -0.7989
vn -0.6464 0.3593 -0.6731
vn -0.2450 0.6768 -0.6942
vn -0.2451 0.6768 0.6942
vn -0.6464 0.3593 0.6731
vn -0.5584 0.2234 0.7989
vn -0.3810 0.0493 -0.9232
vn -0.7980 0.1028 -0.5939
vn -0.3808 0.0633 -0.9225
vn -0.3813 0.0352 -0.9238
vn -0.3815 0.0211 -0.9241
vn -0.7967 0.0684 -0.6004
vn -0.7977 0.0480 -0.6011
vn -0.9962 0.0874 -0.0001
vn -0.9319 0.0812 -0.3535
vn -0.9343 0.0606 -0.3514
vn -0.3814 0.0211 -0.9242
vn -0.3717 0.0140 -0.9283
vn -0.7977 0.0479 -0.6012
vn -0.3815 0.0212 -0.9241
vn -0.3717 0.0140 -0.9282
vn -0.7977 0.0479 -0.6011
vn -0.7982 0.0343 -0.6015
vn -0.9962 0.0873 -0.0000
vn -0.9982 0.0601 -0.0001
vn -0.3401 0.0211 -0.9402
vn 0.0003 -0.0000 -1.0000
vn 0.2403 -0.0070 -0.9707
vn 0.2325 -0.0071 -0.9726
vn 0.2325 -0.0070 -0.9726
vn -0.3401 0.0211 0.9402
vn 0.2325 -0.0071 0.9726
vn 0.2325 -0.0070 0.9726
vn 0.2403 -0.0070 0.9707
vn -0.3810 0.0493 -0.9233
vn -0.3733 0.0775 -0.9245
vn -0.0002 -0.0000 -1.0000
vn 0.0004 -0.0000 -1.0000
vn 0.2500 -0.0071 -0.9682
vn 0.2403 -0.0141 -0.9706
vn 0.2499 -0.0212 -0.9680
vn -0.3808 0.0633 0.9225
vn -0.3811 0.0493 0.9232
vn -0.7980 0.1028 0.5938
vn -0.7959 0.0820 0.5999
vn -0.3812 0.0423 0.9235
vn -0.3812 0.0422 0.9235
vn -0.3813 0.0352 0.9238
vn -0.3815 0.0211 0.9241
vn -0.7959 0.0820 0.5998
vn -0.7967 0.0684 0.6004
vn -0.7977 0.0480 0.6011
vn -0.9308 0.0947 0.3531
vn -0.9319 0.0812 0.3535
vn -0.9962 0.0874 0.0001
vn -0.3814 0.0212 0.9242
vn -0.3813 0.0422 0.9235
vn -0.3717 0.0140 0.9283
vn -0.9319 0.0813 0.3536
vn -0.9308 0.0947 0.3532
vn -0.3807 0.0633 0.9225
vn -0.3732 0.0776 0.9245
vn -0.0002 -0.0000 1.0000
vn 0.2500 -0.0071 0.9682
vn 0.2403 -0.0141 0.9706
vn 0.2499 -0.0212 0.9680
vn -0.0000 0.2653 -0.9642
vn -0.0000 0.2653 0.9642
vn 0.2434 0.6650 -0.7061
vn 0.2642 0.4927 -0.8291
vn -0.2817 0.5078 -0.8141
vn -0.2449 0.6768 -0.6942
vn -0.2450 0.6768 0.6942
vn -0.2816 0.5078 0.8141
vn 0.2642 0.4927 0.8291
vn 0.2434 0.6650 0.7061
vn -0.7980 0.1028 0.5939
vn -0.7917 0.1374 0.5952
vn -0.3733 0.0775 0.9244
vn -0.3733 0.0776 0.9245
vn -0.3654 0.0988 0.9256
vn -0.4310 0.1339 0.8924
vn -0.2816 0.5078 -0.8141
vn 0.2642 0.4926 -0.8292
vn 0.1166 0.1416 -0.9830
vn 0.1165 0.1416 0.9830
vn 0.2642 0.4926 0.8292
vn -0.2816 0.5078 0.8142
vn -0.4310 0.1339 -0.8924
vn -0.3654 0.0988 -0.9256
vn -0.3733 0.0776 -0.9245
vn -0.7918 0.1373 -0.5952
vn -0.3733 0.0776 -0.9244
vn -0.7980 0.1028 -0.5938
vn -0.7918 0.1374 -0.5952
vn -0.9226 0.1555 -0.3531
vn -0.9280 0.1214 -0.3521
vn -0.7855 0.1652 -0.5965
vn -0.9226 0.1555 -0.3530
vn -0.9792 0.2030 -0.0001
vn -0.7918 0.1374 -0.5951
vn -0.9856 0.1689 -0.0001
vn -0.9909 0.1348 -0.0000
vn -0.7787 0.2137 -0.5898
vn -0.9155 0.2457 -0.3186
vn -0.9184 0.1901 -0.3470
vn -0.7958 0.2485 -0.5522
vn -0.9137 0.2793 -0.2952
vn -0.9155 0.2457 -0.3185
vn -0.9662 0.2579 -0.0001
vn -0.9792 0.2030 -0.0000
vn -0.9155 0.2457 0.3186
vn -0.9137 0.2793 0.2953
vn -0.7958 0.2485 0.5522
vn -0.9137 0.2793 0.2952
vn -0.9155 0.2457 0.3185
vn -0.9662 0.2579 0.0001
vn -0.7787 0.2137 0.5898
vn -0.9184 0.1901 0.3470
vn -0.5585 0.2234 -0.7989
vn -0.5585 0.2234 0.7989
vn -0.2817 0.5078 0.8141
vn -0.3685 0.3275 -0.8701
vn -0.3685 0.3275 0.8700
vn -0.4614 0.0140 0.8871
vn 0.4613 -0.0210 0.8870
vn -0.3685 0.3274 0.8701
vn -0.0083 0.0141 -0.9999
vn -0.0000 0.0142 -0.9999
vn -0.0083 0.0142 -0.9999
vn -0.0083 -0.0000 -1.0000
vn -0.0083 -0.0000 1.0000
vn -0.0083 0.0142 0.9999
vn -0.0000 0.0142 0.9999
vn -0.0083 0.0141 0.9999
vn -0.1830 0.0424 -0.9822
vn -0.1337 0.1563 -0.9786
vn 0.1165 0.1416 -0.9830
vn 0.1751 -0.0071 -0.9845
vn -0.1832 0.0071 -0.9831
vn -0.1337 0.1562 -0.9786
vn -0.1337 0.1562 0.9786
vn -0.1832 0.0071 0.9831
vn 0.1751 -0.0071 0.9845
vn -0.1337 0.1563 0.9786
vn 0.1166 0.1416 0.9830
vn -0.1830 0.0425 0.9822
vn -0.1338 0.1563 0.9786
vn -0.3655 0.0988 -0.9256
vn -0.7787 0.2137 -0.5899
vn -0.7854 0.1652 -0.5965
vn -0.4310 0.1339 -0.8923
vn -0.3655 0.0988 0.9256
vn -0.7787 0.2137 0.5899
vn -0.7854 0.1652 0.5965
vn -0.8990 -0.1217 -0.4208
vn -0.7754 0.1304 -0.6178
vn -0.9161 0.0880 0.3912
vn -0.8990 -0.1217 0.4208
vn -0.8328 0.0408 -0.5521
vn -0.6279 0.0277 -0.7778
vn -0.6281 0.0139 -0.7780
vn -0.1832 0.0071 -0.9830
vn 0.1752 -0.0071 -0.9845
vn 0.5667 0.1675 -0.8067
vn 0.6227 -0.0348 -0.7817
vn 0.8328 -0.0409 -0.5521
vn 0.6228 -0.0348 -0.7816
vn -0.1751 0.0071 -0.9845
vn -0.6280 0.0139 -0.7781
vn 0.1751 -0.0000 -0.9845
vn 0.6280 -0.0139 -0.7781
vn -0.6281 0.0069 -0.7781
vn -0.8333 0.0204 -0.5524
vn -0.1832 -0.0000 -0.9831
vn 0.5643 0.1702 0.8078
vn 0.1832 0.0212 0.9829
vn 0.1165 0.1415 0.9831
vn 0.5667 0.1675 0.8067
vn 0.6228 -0.0348 0.7816
vn 0.8328 -0.0408 0.5521
vn 0.6227 -0.0348 0.7817
vn 0.1752 -0.0071 0.9845
vn -0.1833 0.0071 0.9830
vn -0.6279 0.0277 0.7778
vn -0.6281 0.0139 0.7780
vn -0.8328 0.0408 0.5521
vn -0.1751 0.0071 0.9845
vn -0.6280 0.0139 0.7781
vn 0.1751 -0.0000 0.9845
vn 0.6280 -0.0138 0.7781
vn -0.6281 0.0069 0.7781
vn -0.8333 0.0204 0.5524
vn -0.8335 0.0068 0.5525
vn -0.1832 -0.0000 0.9831
vn -0.6281 -0.0069 0.7781
vn -0.0665 -0.0000 -0.9978
vn -0.0665 -0.0000 0.9978
vn -0.0666 -0.0000 0.9978
vn -0.0084 0.0142 0.9999
vn 0.2435 0.6650 -0.7061
vn 0.6445 0.3021 -0.7024
vn 0.1832 0.0213 -0.9828
vn 0.2643 0.4926 -0.8291
vn 0.1832 0.0212 -0.9829
vn 0.2642 0.4926 0.8291
vn 0.1832 0.0213 0.9829
vn 0.5667 0.1676 0.8067
vn 0.6445 0.3021 0.7024
vn -0.0416 0.0283 -0.9987
vn -0.0416 0.0283 0.9987
vn -0.8335 0.0068 -0.5525
vn -0.6281 -0.0069 -0.7781
vn -0.8335 -0.0068 -0.5525
vn 0.6281 -0.0069 -0.7781
vn 0.8334 -0.0136 -0.5525
vn 0.6281 -0.0139 -0.7780
vn 0.1752 -0.0000 -0.9845
vn 0.8333 -0.0204 -0.5524
vn 0.6281 -0.0125 -0.7780
vn 0.8335 0.0068 -0.5525
vn 0.8328 -0.0408 -0.5521
vn 0.6446 0.3020 -0.7024
vn 0.6231 0.0070 -0.7821
vn 0.8330 0.0340 -0.5522
vn 0.6279 0.0277 -0.7778
vn 0.8319 0.0612 -0.5515
vn 0.1751 0.0071 -0.9845
vn -0.1832 -0.0071 -0.9831
vn -0.1831 -0.0141 -0.9830
vn -0.6279 -0.0277 -0.7778
vn -0.6281 -0.0070 -0.7781
vn -0.8330 -0.0340 -0.5522
vn 0.1751 0.0142 -0.9844
vn 0.6278 0.0277 -0.7779
vn -0.1751 -0.0142 -0.9845
vn 0.6224 0.0487 -0.7812
vn 0.8282 0.0820 -0.5544
vn 0.6220 0.0626 -0.7805
vn 0.6224 0.0487 -0.7811
vn 0.6218 0.0637 -0.7806
vn 0.8282 0.0821 -0.5543
vn 0.6356 0.0623 -0.7695
vn 0.6219 0.0626 -0.7806
vn 0.6355 0.0623 -0.7696
vn 0.1912 0.0212 -0.9813
vn -0.1589 -0.0142 -0.9872
vn -0.6131 -0.0625 -0.7875
vn -0.6221 -0.0557 -0.7809
vn -0.6132 -0.0625 -0.7875
vn -0.8282 -0.0820 -0.5544
vn -0.8287 -0.0752 -0.5547
vn -0.1832 -0.0142 -0.9830
vn -0.1751 -0.0142 -0.9844
vn -0.6276 -0.0416 -0.7774
vn -0.8319 -0.0612 -0.5515
vn -0.6222 -0.0557 -0.7809
vn -0.1832 -0.0071 -0.9830
vn -0.6276 -0.0416 -0.7775
vn -0.8330 -0.0341 -0.5522
vn -0.8335 -0.0068 0.5525
vn 0.6281 -0.0069 0.7781
vn 0.1752 -0.0000 0.9845
vn 0.6281 -0.0139 0.7780
vn 0.8334 -0.0136 0.5525
vn 0.8333 -0.0204 0.5525
vn 0.8333 -0.0204 0.5524
vn 0.6228 -0.0349 0.7816
vn 0.6445 0.3020 0.7024
vn 0.8335 0.0068 0.5525
vn 0.6231 0.0070 0.7821
vn 0.8330 0.0340 0.5522
vn 0.6279 0.0277 0.7778
vn 0.8319 0.0612 0.5515
vn 0.8330 0.0341 0.5522
vn 0.1751 0.0071 0.9845
vn -0.1832 -0.0071 0.9831
vn -0.1831 -0.0142 0.9830
vn -0.6279 -0.0277 0.7778
vn -0.8330 -0.0340 0.5522
vn 0.1751 0.0142 0.9844
vn 0.6278 0.0277 0.7779
vn -0.1751 -0.0142 0.9844
vn 0.6224 0.0487 0.7812
vn 0.8282 0.0820 0.5544
vn 0.6224 0.0488 0.7812
vn 0.6220 0.0626 0.7805
vn 0.6356 0.0623 0.7695
vn 0.1912 0.0212 0.9813
vn 0.6355 0.0623 0.7696
vn 0.6219 0.0626 0.7806
vn -0.1588 -0.0142 0.9872
vn 0.1911 0.0212 0.9813
vn -0.6131 -0.0625 0.7876
vn -0.6221 -0.0557 0.7809
vn -0.8287 -0.0752 0.5547
vn -0.8282 -0.0820 0.5544
vn -0.6131 -0.0626 0.7875
vn -0.1832 -0.0142 0.9830
vn -0.6276 -0.0416 0.7774
vn -0.8319 -0.0612 0.5515
vn -0.6222 -0.0557 0.7809
vn -0.6131 -0.0625 0.7875
vn -0.6276 -0.0416 0.7775
vn -0.1833 -0.0071 0.9830
vn -0.1336 0.1562 0.9786
vn -0.1830 0.0424 0.9822
vn 0.8050 0.0137 -0.5931
vn 0.8048 0.0273 -0.5929
vn 0.4549 0.0141 -0.8904
vn 0.8048 0.0274 -0.5929
vn 0.8039 0.0547 -0.5922
vn 0.4547 0.0281 -0.8902
vn 0.8033 0.0683 -0.5917
vn 0.4610 0.0420 -0.8864
vn 0.8032 0.0683 -0.5917
vn 0.8029 0.0751 -0.5914
vn 0.4867 0.0421 -0.8726
vn -0.4284 -0.0420 -0.9026
vn -0.4610 -0.0420 -0.8864
vn -0.4615 -0.0374 -0.8863
vn -0.8032 -0.0683 -0.5917
vn -0.8039 -0.0547 -0.5922
vn -0.4613 -0.0280 -0.8868
vn -0.4611 -0.0420 -0.8864
vn -0.8029 -0.0751 -0.5914
vn -0.8048 -0.0274 -0.5929
vn -0.4614 -0.0140 -0.8871
vn -0.8051 -0.0137 -0.5930
vn -0.4613 -0.0069 -0.8872
vn -0.8050 -0.0137 -0.5931
vn -0.6278 0.0277 -0.7779
vn -0.1831 0.0424 -0.9822
vn -0.1832 0.0071 0.9830
vn -0.1831 0.0424 0.9822
vn -0.6464 0.3592 0.6731
vn -0.6278 0.0277 0.7779
vn 0.1166 0.1415 -0.9830
vn -0.3437 0.2850 -0.8948
vn -0.3152 -0.0493 -0.9478
vn -0.3152 -0.0493 0.9478
vn -0.7917 0.1373 -0.5952
vn -0.3655 0.0989 -0.9256
vn -0.9184 0.1901 -0.3469
vn 0.2498 -0.0354 -0.9676
vn 0.2402 -0.0282 -0.9703
vn 0.2501 -0.0213 -0.9680
vn 0.8629 -0.1223 -0.4904
vn -0.0000 -1.0000 -0.0000
vn -0.0000 -1.0000 -0.0087
vn -0.0000 -1.0000 0.0088
vn -0.0000 -1.0000 -0.0088
vn 0.0001 -1.0000 -0.0000
vn -0.0001 -1.0000 0.0001
vn -0.0000 -1.0000 -0.0001
vn 0.0002 -1.0000 -0.0000
vn -0.0000 -1.0000 0.0001
vn -0.0000 -1.0000 0.0087
vn 0.5667 0.1676 -0.8067
vn 0.2434 0.6650 -0.7060
vn 0.2434 0.6650 0.7060
vn -0.3089 0.1561 -0.9382
vn -0.4677 0.0209 -0.8836
vn -0.6464 0.3592 -0.6731
vn -0.8328 0.0409 0.5521
vn -0.3686 0.3274 -0.8700
vn -0.3685 0.3274 -0.8701
vn -0.5038 0.4497 -0.7375
vn -0.5039 0.4497 0.7375
vn -0.3733 0.0776 0.9244
vn -0.7917 0.1373 0.5952
vn -0.9184 0.1901 0.3469
vn 0.2420 -0.0425 0.9694
vn 0.2402 -0.0282 0.9703
vn -0.8333 0.0205 0.5524
vn -0.9559 0.2936 -0.0000
vn -0.9662 0.2579 -0.0000
vn -0.7767 -0.1169 -0.6189
vn -0.7767 -0.1169 0.6189
vn -0.8039 -0.0547 0.5922
vn -0.8032 -0.0683 0.5917
vn -0.4609 -0.0435 0.8864
vn -0.8033 -0.0683 0.5917
vn -0.8029 -0.0751 0.5914
vn -0.8048 -0.0274 0.5929
vn -0.4614 -0.0140 0.8871
vn 0.4614 0.0070 0.8872
vn 0.8050 0.0137 0.5931
vn -0.8051 -0.0137 0.5930
vn -0.4614 -0.0069 0.8872
vn -0.8051 -0.0000 0.5931
vn -0.8050 -0.0137 0.5931
vn -0.4615 -0.0000 0.8872
vn -0.8113 0.0205 0.5842
vn 0.4614 -0.0000 0.8872
vn 0.8051 0.0137 0.5930
vn 0.8051 -0.0069 0.5931
vn -0.8048 0.0274 0.5929
vn -0.4611 0.0193 0.8871
vn 0.4614 -0.0140 0.8871
vn 0.8051 -0.0068 0.5931
vn 0.8113 -0.0205 0.5842
vn 0.4614 -0.0210 0.8870
vn -0.3579 0.0143 0.9336
vn -0.3089 0.1561 0.9382
vn -0.5489 0.0209 0.8356
vn -0.4061 0.1972 0.8923
vn 0.3225 0.1335 -0.9371
vn -0.4061 0.1972 -0.8923
vn -0.5489 0.0209 -0.8356
vn 0.3225 0.1335 0.9371
vn 0.4215 0.1756 -0.8897
vn 0.4215 0.1756 0.8897
vn -0.4678 0.0210 -0.8836
vn -0.4677 0.0210 0.8836
vn -0.3395 0.1830 -0.9226
vn -0.5796 0.3167 -0.7508
vn -0.5155 0.2827 -0.8089
vn -0.2747 0.1415 -0.9511
vn -0.3395 0.1830 0.9226
vn -0.2747 0.1415 0.9511
vn -0.5155 0.2827 0.8089
vn -0.5796 0.3167 0.7508
vn -0.3394 0.1830 0.9227
vn -0.7629 0.4441 -0.4699
vn -0.6639 0.3951 -0.6349
vn -0.6639 0.3950 -0.6349
vn -0.1339 0.0783 -0.9879
vn -0.2492 0.1483 0.9570
vn -0.1339 0.0783 0.9879
vn -0.6639 0.3950 0.6349
vn -0.7629 0.4440 0.4699
vn -0.6651 0.2442 -0.7057
vn -0.6444 0.0555 -0.7627
vn -0.5485 0.0417 -0.8351
vn -0.6327 0.2374 -0.7371
vn -0.7366 0.0688 -0.6728
vn -0.6444 0.0555 -0.7626
vn -0.6857 -0.2428 -0.6862
vn -0.5485 0.0418 -0.8351
vn -0.6784 -0.2153 -0.7024
vn -0.7366 0.0688 0.6728
vn -0.6444 0.0555 0.7627
vn -0.6784 -0.2153 0.7024
vn -0.6444 0.0555 0.7626
vn -0.6327 0.2374 0.7371
vn -0.5485 0.0418 0.8351
vn -0.6857 -0.2428 0.6862
vn -0.5485 0.0417 0.8351
vn -0.6651 0.2443 0.7057
vn -0.6651 0.2443 -0.7057
vn -0.6327 0.2374 -0.7372
vn -0.6326 0.2374 0.7371
vn -0.6656 0.2443 0.7051
vn 0.2325 0.0071 0.9726
vn 0.2325 0.0071 -0.9726
vn -0.4744 0.2334 -0.8488
vn -0.4744 0.2334 0.8488
vn -0.5486 0.0418 -0.8351
vn -0.6882 0.2506 -0.6809
vn -0.6444 -0.1941 -0.7396
vn -0.6651 0.2442 0.7057
vn -0.6882 0.2507 0.6809
vn -0.5486 0.0417 0.8351
vn -0.6444 -0.1941 0.7396
vn 0.3102 0.5859 -0.7487
vn 0.6908 0.1866 -0.6986
vn 0.6615 0.1597 -0.7328
vn 0.6615 0.1597 -0.7327
vn 0.2914 0.5464 -0.7852
vn 0.3102 0.5859 0.7487
vn 0.2914 0.5464 0.7852
vn 0.6615 0.1597 0.7327
vn 0.6908 0.1866 0.6985
vn -0.6857 -0.2428 -0.6861
vn -0.6857 -0.2428 0.6861
vn 0.3273 0.6075 -0.7238
vn 0.7110 0.2085 -0.6715
vn 0.6908 0.1866 -0.6985
vn 0.3272 0.6075 -0.7238
vn 0.3272 0.6075 0.7238
vn 0.7110 0.2085 0.6715
vn 0.3273 0.6075 0.7238
vn 0.3232 0.1341 -0.9368
vn 0.2007 0.2487 -0.9476
vn 0.2691 0.3287 -0.9053
vn 0.2691 0.3287 0.9053
vn 0.2007 0.2487 0.9476
vn 0.3225 0.1336 0.9371
vn -0.5038 0.4497 -0.7376
vn -0.4613 0.0164 -0.8871
vn -0.5038 0.4497 0.7375
vn -0.5797 0.3168 -0.7508
vn -0.7424 0.3997 -0.5376
vn -0.7171 0.3923 -0.5761
vn -0.7171 0.3923 0.5761
vn -0.7424 0.3997 0.5376
vn -0.5797 0.3167 0.7508
vn -0.5156 0.2827 -0.8089
vn -0.5797 0.3167 -0.7508
vn -0.5797 0.3168 0.7508
vn -0.5156 0.2827 0.8089
vn 0.2326 0.0071 0.9725
vn 0.7419 0.0137 0.6703
vn 0.7420 0.0097 -0.6703
vn 0.2326 0.0071 -0.9726
vn 0.7420 0.0137 0.6703
vn 0.7383 0.0124 0.6744
vn 0.2326 0.0071 0.9726
vn 0.2326 0.0085 -0.9725
vn 0.7383 0.0138 -0.6743
vn 0.7420 0.0137 -0.6703
vn -0.4060 0.1973 -0.8923
vn -0.2357 0.3506 -0.9064
vn -0.1758 0.2632 -0.9486
vn -0.1758 0.2632 0.9486
vn -0.2357 0.3506 0.9064
vn -0.7425 0.3997 -0.5376
vn -0.8209 0.4396 -0.3644
vn -0.8082 0.4346 -0.3973
vn -0.8083 0.4346 0.3973
vn -0.8209 0.4396 0.3644
vn -0.7425 0.3997 0.5376
vn -0.7171 0.3923 -0.5760
vn -0.7171 0.3924 0.5760
vn -0.8082 0.4346 0.3973
vn 0.3224 0.1336 -0.9371
vn 0.2691 0.3288 -0.9053
vn 0.3195 0.3859 -0.8655
vn 0.3195 0.3859 0.8655
vn 0.2691 0.3288 0.9053
vn -0.8210 0.4396 -0.3644
vn -0.8770 0.4598 -0.1394
vn -0.8720 0.4615 -0.1632
vn -0.8720 0.4615 0.1632
vn -0.8770 0.4598 0.1394
vn -0.8210 0.4396 0.3644
vn -0.8083 0.4346 -0.3972
vn -0.8083 0.4346 0.3972
vn 0.9234 0.0203 0.3834
vn 0.7383 0.0138 0.6743
vn 0.7419 0.0172 0.6703
vn 0.9234 0.0203 -0.3834
vn 0.7383 0.0167 -0.6743
vn -0.8770 0.4598 -0.1393
vn -0.8846 0.4664 -0.0000
vn -0.8770 0.4598 0.1393
vn -0.8845 0.4665 -0.0000
vn -0.8720 0.4615 -0.1631
vn -0.8720 0.4615 0.1631
vn -0.6647 0.2441 -0.7061
vn -0.3102 0.5859 -0.7487
vn -0.2933 0.5499 -0.7821
vn -0.6326 0.2375 -0.7372
vn -0.6326 0.2375 0.7372
vn -0.2933 0.5499 0.7821
vn -0.3102 0.5859 0.7487
vn -0.2358 0.3506 -0.9064
vn -0.4061 0.1973 -0.8923
vn -0.4743 0.2335 -0.8488
vn -0.4060 0.1972 0.8923
vn -0.4743 0.2335 0.8488
vn -0.4061 0.1973 0.8923
vn -0.2358 0.3506 0.9064
vn 0.0255 0.4042 -0.9143
vn 0.0168 0.3069 -0.9516
vn 0.4964 0.2040 -0.8438
vn 0.0168 0.3069 0.9516
vn 0.0255 0.4042 0.9143
vn 0.4963 0.2040 0.8438
vn -0.6882 0.2507 -0.6809
vn -0.3273 0.6075 -0.7238
vn -0.3103 0.5859 -0.7486
vn -0.6881 0.2507 -0.6809
vn -0.6881 0.2507 0.6809
vn -0.3103 0.5859 0.7486
vn -0.3273 0.6075 0.7238
vn 0.3101 0.5859 0.7487
vn -0.3101 0.5859 0.7487
vn -0.2932 0.5499 -0.7821
vn -0.2932 0.5499 0.7821
vn -0.4743 0.2334 -0.8488
vn -0.2708 0.4099 -0.8710
vn -0.2708 0.4099 0.8710
vn -0.4743 0.2334 0.8488
vn 0.3101 0.5859 -0.7487
vn -0.3272 0.6075 -0.7238
vn -0.3272 0.6075 0.7238
vn 0.2690 0.3287 -0.9053
vn 0.2006 0.2488 -0.9476
vn 0.0256 0.4783 -0.8778
vn 0.0256 0.4784 -0.8778
vn 0.2690 0.3288 -0.9053
vn 0.2006 0.2487 0.9476
vn 0.2690 0.3288 0.9053
vn 0.0256 0.4784 0.8778
vn 0.0256 0.4783 0.8778
vn -0.8653 0.4974 -0.0623
vn -0.8587 0.5053 -0.0858
vn -0.7629 0.4440 -0.4699
vn -0.7629 0.4441 0.4699
vn -0.8587 0.5053 0.0858
vn -0.8653 0.4974 0.0623
vn -0.2707 0.4100 -0.8710
vn 0.0255 0.4784 -0.8778
vn 0.0254 0.4042 -0.9143
vn -0.2707 0.4099 0.8710
vn -0.2357 0.3507 0.9064
vn 0.0255 0.4784 0.8778
vn 0.1477 0.9890 -0.0000
vn 0.1387 0.9903 -0.0000
vn 0.1478 0.9890 -0.0000
vn 0.1476 0.9890 -0.0000
vn 0.1477 0.9890 0.0087
vn 0.1477 0.9890 -0.0087
vn 0.1478 0.9890 -0.0087
vt -0.977927 0.155239
vt -0.977927 0.139123
vt -0.980764 0.139112
vt -0.982634 0.140283
vt -0.987152 0.142826
vt -0.990263 0.145828
vt -0.991736 0.148878
vt -0.992672 0.153759
vt -0.992631 0.158470
vt -0.988130 0.244804
vt -0.977927 0.244574
vt -0.992069 0.237350
vt -0.990594 0.244104
vt -0.992045 0.241216
vt -0.995475 0.236113
vt -0.996508 0.158730
vt -0.996586 0.235080
vt -0.997692 0.161503
vt -0.997692 0.233908
vt 0.003414 0.235080
vt 0.002308 0.233908
vt 0.002308 0.161503
vt 0.003492 0.158730
vt 0.004525 0.236113
vt 0.007369 0.158470
vt 0.007931 0.237350
vt 0.009406 0.244104
vt 0.007956 0.241216
vt 0.011870 0.244804
vt 0.022073 0.155239
vt 0.022073 0.244574
vt 0.007328 0.153759
vt 0.008264 0.148878
vt 0.009737 0.145828
vt 0.012848 0.142826
vt 0.017366 0.140283
vt 0.019524 0.139112
vt 0.022073 0.139123
vt -0.762314 0.095363
vt -0.759158 0.094512
vt -0.758814 0.092269
vt 0.241186 0.092269
vt 0.240842 0.094512
vt 0.237686 0.095363
vt -0.755229 0.094902
vt -0.754656 0.093069
vt 0.245344 0.093069
vt 0.244771 0.094902
vt -0.742965 0.096241
vt -0.743396 0.094058
vt -0.764181 0.093600
vt 0.256604 0.094058
vt 0.257035 0.096241
vt 0.235819 0.093600
vt -0.753094 0.089942
vt -0.758868 0.090147
vt 0.241132 0.090147
vt 0.246906 0.089942
vt -0.698678 0.084547
vt -0.698808 0.081916
vt -0.708359 0.081916
vt -0.710153 0.082240
vt -0.711789 0.084547
vt 0.301322 0.084547
vt 0.288211 0.084547
vt 0.289847 0.082240
vt 0.291641 0.081916
vt 0.301192 0.081916
vt -0.743364 0.091232
vt 0.256636 0.091232
vt -0.869280 0.107419
vt -0.867642 0.097048
vt -0.869280 0.094705
vt 0.130720 0.107419
vt 0.130720 0.094705
vt 0.132358 0.097048
vt -0.824686 0.102259
vt -0.823568 0.102259
vt -0.823460 0.095313
vt -0.824686 0.094705
vt -0.828635 0.102259
vt -0.830360 0.094705
vt -0.828604 0.107419
vt -0.832945 0.107419
vt -0.859172 0.107419
vt -0.835536 0.094705
vt -0.859172 0.094705
vt -0.885367 0.097723
vt -0.887973 0.102661
vt -0.889136 0.107419
vt -0.885367 0.107419
vt -0.881649 0.094705
vt -0.881649 0.107419
vt 0.140828 0.107419
vt 0.140828 0.094705
vt 0.164464 0.094705
vt 0.167055 0.107419
vt 0.171396 0.107419
vt 0.169640 0.094705
vt 0.171365 0.102259
vt 0.175314 0.094705
vt 0.175314 0.102259
vt 0.176540 0.095313
vt 0.176432 0.102259
vt 0.118350 0.107419
vt 0.118350 0.094705
vt 0.114633 0.107419
vt 0.114633 0.097723
vt 0.110864 0.107419
vt 0.112027 0.102661
vt -0.831585 0.096286
vt -0.834311 0.096286
vt -0.865999 0.097620
vt -0.862452 0.097620
vt -0.860814 0.097048
vt 0.165689 0.096286
vt 0.168415 0.096286
vt 0.139186 0.097048
vt 0.137548 0.097620
vt 0.134001 0.097620
vt -0.805099 0.107421
vt -0.805115 0.102823
vt -0.810279 0.102825
vt -0.810260 0.107371
vt 0.194901 0.107421
vt 0.189740 0.107371
vt 0.189721 0.102825
vt 0.194885 0.102823
vt -0.765565 0.091734
vt 0.234435 0.091734
vt -0.752330 0.086934
vt 0.247670 0.086934
vt -0.758769 0.087465
vt 0.241231 0.087465
vt -0.766688 0.088406
vt 0.233312 0.088406
vt -0.732330 0.093731
vt -0.724872 0.088450
vt -0.729001 0.083093
vt 0.270999 0.083093
vt 0.275128 0.088450
vt 0.267670 0.093731
vt -0.732551 0.078341
vt -0.742796 0.088231
vt 0.257204 0.088231
vt 0.267449 0.078341
vt -0.998136 0.124261
vt -0.989192 0.123861
vt -0.989192 0.120995
vt -0.989192 0.138098
vt 0.001864 0.124261
vt 0.010808 0.123861
vt 0.010808 0.138098
vt 0.010808 0.120995
vt -0.998136 0.138035
vt 0.001864 0.138035
vt -0.734792 0.090654
vt 0.265208 0.090654
vt -0.841355 0.187998
vt -0.837748 0.187557
vt -0.838206 0.186528
vt 0.161794 0.186528
vt 0.162252 0.187557
vt 0.158645 0.187998
vt -0.998136 0.118850
vt -0.998136 0.121892
vt 0.001864 0.121892
vt 0.001864 0.118850
vt -0.844503 0.186479
vt -0.841169 0.186886
vt -0.843764 0.185625
vt -0.840995 0.185876
vt -0.843094 0.184858
vt 0.156236 0.185625
vt 0.156906 0.184858
vt 0.159005 0.185876
vt 0.158831 0.186886
vt 0.155497 0.186479
vt -0.805121 0.098177
vt -0.810279 0.098201
vt 0.189721 0.098201
vt 0.194879 0.098177
vt -0.838624 0.185593
vt 0.161376 0.185593
vt -0.805761 0.118775
vt -0.820171 0.119544
vt -0.818771 0.143321
vt 0.181229 0.143321
vt 0.179829 0.119544
vt 0.194239 0.118775
vt -0.846256 0.183875
vt 0.153744 0.183875
vt -0.804453 0.142710
vt -0.803572 0.170654
vt 0.195546 0.142710
vt 0.196428 0.170654
vt -0.790503 0.019561
vt -0.790549 0.018256
vt -0.806688 0.016909
vt -0.774352 0.021169
vt -0.805940 0.005496
vt -0.789617 0.006819
vt -0.773803 0.013157
vt -0.777974 0.012767
vt -0.774380 0.019754
vt -0.777617 0.007874
vt 0.209451 0.018256
vt 0.193312 0.016909
vt 0.194060 0.005496
vt 0.209497 0.019561
vt 0.225648 0.021169
vt 0.210383 0.006819
vt 0.222026 0.012767
vt 0.226197 0.013157
vt 0.225620 0.019754
vt 0.222383 0.007874
vt -0.817896 0.196756
vt -0.803536 0.196740
vt -0.817848 0.222790
vt 0.182152 0.222790
vt 0.182104 0.196756
vt 0.196464 0.196740
vt -0.998136 0.108970
vt -0.998136 0.110452
vt -0.989192 0.110141
vt -0.989192 0.113628
vt -0.998136 0.113939
vt 0.010808 0.113628
vt 0.001864 0.113939
vt 0.001864 0.110452
vt 0.010808 0.110141
vt 0.001864 0.108970
vt -0.989192 0.117533
vt 0.010808 0.117533
vt -0.845201 0.183497
vt -0.844239 0.183157
vt 0.154799 0.183497
vt 0.155761 0.183157
vt -0.803519 0.223112
vt -0.818918 0.245561
vt 0.181082 0.245561
vt 0.196481 0.223112
vt -0.835582 0.185680
vt -0.836502 0.185041
vt 0.163498 0.185041
vt 0.164418 0.185680
vt 0.043821 0.134706
vt 0.054064 0.135166
vt 0.054064 0.117122
vt 0.043821 0.116698
vt 0.054064 0.108786
vt 0.043821 0.108332
vt 0.054064 0.106941
vt 0.043821 0.106486
vt 0.054063 0.105019
vt -0.945936 0.117122
vt -0.945936 0.135166
vt -0.956179 0.134706
vt -0.956179 0.116698
vt -0.945936 0.108786
vt -0.956179 0.108332
vt -0.945936 0.106941
vt -0.956179 0.106486
vt -0.945937 0.105019
vt -0.998136 0.107388
vt -0.989192 0.108776
vt 0.010808 0.108776
vt 0.001864 0.107388
vt -0.804577 0.246432
vt -0.806528 0.270798
vt 0.195423 0.246432
vt 0.193472 0.270798
vt -0.837336 0.184459
vt 0.162664 0.184459
vt -0.820804 0.269446
vt -0.823599 0.293400
vt -0.829230 0.321357
vt -0.827502 0.321587
vt 0.176401 0.293400
vt 0.172498 0.321587
vt 0.170770 0.321357
vt 0.179196 0.269446
vt -0.809348 0.295133
vt -0.813201 0.323465
vt 0.190652 0.295133
vt 0.186799 0.323465
vt 0.134356 0.021712
vt 0.134340 0.016442
vt 0.153113 0.016668
vt 0.115800 0.015543
vt 0.134325 0.015192
vt 0.115423 0.004107
vt 0.134251 0.003747
vt 0.153106 0.015376
vt 0.153285 0.003899
vt 0.153111 0.021863
vt 0.173351 0.017056
vt 0.173359 0.022283
vt 0.193356 0.018161
vt 0.193380 0.023414
vt 0.173333 0.015816
vt 0.173780 0.004388
vt 0.209537 0.024903
vt 0.225688 0.026615
vt -0.749791 0.075671
vt 0.250209 0.075671
vt -0.904477 0.016510
vt -0.905102 0.005098
vt -0.922882 0.006332
vt -0.922152 0.017832
vt -0.904524 0.017801
vt -0.922225 0.019285
vt 0.095476 0.017801
vt 0.077775 0.019285
vt 0.077848 0.017832
vt 0.095523 0.016510
vt 0.077118 0.006332
vt 0.094898 0.005098
vt -0.806644 0.018161
vt -0.806620 0.023414
vt -0.790463 0.024903
vt -0.774312 0.026615
vt -0.826641 0.022283
vt -0.826649 0.017056
vt -0.846889 0.021863
vt -0.826667 0.015816
vt -0.826220 0.004388
vt -0.846887 0.016668
vt -0.846894 0.015376
vt -0.865644 0.021712
vt -0.846715 0.003899
vt -0.865675 0.015192
vt -0.865660 0.016442
vt -0.865749 0.003747
vt -0.884201 0.016795
vt -0.884177 0.022093
vt -0.884201 0.015543
vt -0.884577 0.004107
vt -0.904445 0.023070
vt -0.820315 0.143147
vt -0.819555 0.170731
vt -0.821934 0.119406
vt 0.180445 0.170731
vt 0.179685 0.143147
vt 0.178066 0.119406
vt -0.914255 0.278735
vt -0.917592 0.304977
vt -0.911509 0.305883
vt -0.920032 0.278033
vt -0.923338 0.304202
vt 0.088491 0.305883
vt 0.082408 0.304977
vt 0.085744 0.278735
vt 0.076662 0.304202
vt 0.079968 0.278033
vt -0.757845 0.075537
vt 0.242155 0.075537
vt -0.847899 0.282855
vt -0.845066 0.286175
vt -0.844383 0.285000
vt 0.155617 0.285000
vt 0.154934 0.286175
vt 0.152101 0.282855
vt -0.819469 0.196558
vt -0.819376 0.222535
vt -0.817946 0.170904
vt 0.097839 0.280447
vt 0.091825 0.279545
vt 0.094004 0.256033
vt 0.094371 0.306883
vt 0.088006 0.255307
vt 0.082219 0.254707
vt 0.182054 0.170904
vt 0.180531 0.196558
vt 0.180624 0.222535
vt 0.115799 0.016795
vt 0.115823 0.022093
vt 0.095555 0.023070
vt -0.846603 0.282505
vt -0.843786 0.283911
vt 0.156214 0.283911
vt 0.153397 0.282505
vt -0.845400 0.282155
vt 0.154600 0.282155
vt -0.820514 0.245296
vt 0.179486 0.245296
vt -0.898070 0.232749
vt -0.904113 0.231915
vt -0.905996 0.256033
vt -0.896763 0.211013
vt -0.908788 0.209811
vt -0.910096 0.231239
vt -0.911994 0.255307
vt -0.914600 0.209485
vt -0.915886 0.230724
vt -0.917781 0.254707
vt -0.841721 0.286815
vt -0.841926 0.285470
vt 0.158074 0.285470
vt 0.158279 0.286815
vt -0.822348 0.269233
vt -0.825191 0.293209
vt 0.174809 0.293209
vt 0.177652 0.269233
vt -0.846563 0.180410
vt -0.842083 0.284245
vt 0.153437 0.180410
vt 0.157917 0.284245
vt -0.904418 0.029381
vt -0.904444 0.027469
vt -0.920750 0.028921
vt -0.922272 0.030565
vt 0.095582 0.029381
vt 0.077728 0.030565
vt 0.079249 0.028921
vt 0.095556 0.027469
vt 0.193386 0.029663
vt 0.173376 0.028504
vt 0.173426 0.026642
vt 0.193493 0.027802
vt 0.209534 0.031204
vt 0.209675 0.029347
vt 0.193280 0.025285
vt 0.225680 0.032951
vt 0.225771 0.031086
vt 0.225597 0.028515
vt 0.209396 0.026787
vt 0.097161 0.160953
vt 0.097317 0.186303
vt 0.091222 0.185945
vt 0.091212 0.209811
vt 0.085399 0.185776
vt 0.085397 0.160728
vt -0.956179 0.017099
vt -0.956179 0.013662
vt -0.945937 0.013293
vt 0.043820 0.017099
vt 0.054063 0.022668
vt 0.054063 0.013293
vt -0.945937 0.022668
vt -0.845093 0.265724
vt 0.154907 0.265724
vt -0.828555 0.169464
vt -0.829387 0.195180
vt -0.844092 0.140752
vt -0.847392 0.117304
vt -0.839634 0.175243
vt -0.836604 0.176636
vt -0.834702 0.179562
vt 0.171445 0.169464
vt 0.155908 0.140752
vt 0.170613 0.195180
vt 0.152608 0.117304
vt 0.165298 0.179562
vt 0.163396 0.176636
vt 0.160366 0.175243
vt -0.865659 0.083236
vt -0.865640 0.078064
vt -0.884181 0.078367
vt -0.884162 0.083535
vt -0.884108 0.088177
vt -0.865647 0.087881
vt -0.904517 0.083931
vt -0.904404 0.088530
vt -0.904580 0.078774
vt -0.904560 0.074060
vt -0.884153 0.073759
vt -0.904475 0.062561
vt -0.922263 0.079805
vt -0.922298 0.075345
vt -0.913455 0.062961
vt -0.922171 0.084874
vt -0.922018 0.089440
vt 0.077702 0.075345
vt 0.095440 0.074060
vt 0.095420 0.078774
vt 0.086545 0.062961
vt 0.077737 0.079805
vt 0.095483 0.083931
vt 0.077829 0.084874
vt 0.095596 0.088530
vt 0.077982 0.089440
vt -0.845456 0.180583
vt 0.154544 0.180583
vt -0.846320 0.265532
vt 0.153680 0.265532
vt -0.844124 0.249207
vt -0.845175 0.248486
vt 0.154825 0.248486
vt 0.155876 0.249207
vt -0.844185 0.265910
vt -0.843169 0.249895
vt 0.156831 0.249895
vt 0.155815 0.265910
vt -0.989192 0.107348
vt -0.989192 0.035995
vt 0.010808 0.107348
vt 0.010808 0.035995
vt 0.043821 0.104477
vt 0.054063 0.099408
vt 0.043821 0.098697
vt 0.043820 0.013662
vt 0.054063 0.002193
vt 0.043820 0.002314
vt -0.956179 0.104477
vt -0.945937 0.099408
vt -0.956179 0.098697
vt -0.998135 0.040817
vt 0.001865 0.040817
vt 0.115838 0.083535
vt 0.115892 0.088177
vt 0.115819 0.078367
vt 0.134341 0.083236
vt 0.134353 0.087881
vt 0.134360 0.078064
vt 0.115847 0.073759
vt 0.095525 0.062561
vt 0.115892 0.062149
vt 0.134386 0.073436
vt 0.134414 0.061821
vt 0.153007 0.077990
vt 0.152944 0.083175
vt 0.152880 0.087823
vt 0.153021 0.073321
vt -0.945937 0.002193
vt -0.956179 0.002314
vt -0.846993 0.077990
vt -0.846979 0.073321
vt -0.865614 0.073436
vt -0.865586 0.061821
vt -0.884108 0.062149
vt -0.847056 0.083175
vt -0.847120 0.087823
vt -0.836578 0.182506
vt -0.835575 0.182654
vt 0.163422 0.182506
vt 0.164425 0.182654
vt -0.865615 0.023572
vt -0.865613 0.026085
vt -0.846848 0.026197
vt -0.884091 0.023959
vt -0.904328 0.024934
vt -0.884164 0.026497
vt -0.865588 0.027940
vt -0.884109 0.028357
vt -0.846856 0.028054
vt -0.826716 0.078650
vt -0.826717 0.074002
vt -0.826697 0.062393
vt -0.806673 0.063566
vt -0.846937 0.061757
vt -0.826831 0.083832
vt -0.826987 0.088474
vt -0.989192 0.025731
vt -0.989192 0.021104
vt -0.998135 0.024893
vt -0.989192 0.030292
vt -0.998135 0.029833
vt -0.998135 0.034194
vt 0.010808 0.030292
vt 0.001865 0.034194
vt 0.001865 0.029833
vt 0.010808 0.025731
vt 0.001865 0.024893
vt 0.010808 0.021104
vt -0.838856 0.283931
vt -0.839769 0.283127
vt 0.160231 0.283127
vt 0.161144 0.283931
vt 0.148217 0.264542
vt 0.149936 0.240270
vt -0.850064 0.240270
vt -0.851783 0.264542
vt 0.173169 0.083832
vt 0.173013 0.088474
vt 0.173284 0.078650
vt 0.173283 0.074002
vt 0.173303 0.062393
vt 0.153063 0.061757
vt 0.193328 0.063566
vt 0.193328 0.075166
vt 0.209507 0.065220
vt 0.193345 0.079808
vt 0.193183 0.085013
vt 0.192934 0.089658
vt 0.209530 0.076823
vt 0.225683 0.067043
vt 0.225733 0.078562
vt 0.209563 0.081359
vt 0.225780 0.082916
vt 0.209373 0.086582
vt 0.209072 0.091209
vt 0.225587 0.088182
vt 0.225276 0.092802
vt -0.837864 0.284751
vt 0.162136 0.284751
vt -0.806817 0.085013
vt -0.806655 0.079808
vt -0.807066 0.089658
vt -0.806672 0.075166
vt -0.790493 0.065220
vt -0.790470 0.076823
vt -0.774317 0.067043
vt -0.774267 0.078562
vt -0.790437 0.081359
vt -0.774220 0.082916
vt -0.790627 0.086582
vt -0.790928 0.091209
vt -0.774413 0.088182
vt -0.774724 0.092802
vt -0.844454 0.180739
vt -0.844523 0.178377
vt -0.845418 0.177700
vt 0.155546 0.180739
vt 0.155477 0.178377
vt 0.154582 0.177700
vt -0.911442 0.054557
vt -0.913427 0.052365
vt -0.915671 0.055845
vt 0.084329 0.055845
vt 0.086573 0.052365
vt 0.088558 0.054557
vt -0.853846 0.192196
vt -0.839850 0.219371
vt -0.902804 0.210323
vt -0.896436 0.186845
vt -0.899942 0.256875
vt -0.902161 0.280447
vt -0.908175 0.279545
vt -0.853555 0.288588
vt -0.847743 0.317921
vt -0.905629 0.306883
vt -0.834059 0.291801
vt -0.831726 0.267742
vt -0.836280 0.267164
vt -0.835009 0.250458
vt -0.915683 0.059442
vt -0.790439 0.053438
vt -0.774270 0.055271
vt -0.774320 0.032951
vt -0.790466 0.031204
vt -0.806611 0.051764
vt -0.806614 0.029663
vt -0.826642 0.050570
vt -0.826624 0.028504
vt -0.846893 0.050006
vt -0.865566 0.050099
vt -0.884092 0.050579
vt -0.904463 0.051377
vt -0.922174 0.024973
vt 0.084317 0.059442
vt 0.095537 0.051377
vt 0.115908 0.050579
vt 0.115891 0.028357
vt 0.077826 0.024973
vt 0.134434 0.050099
vt 0.134412 0.027940
vt 0.153107 0.050006
vt 0.153144 0.028054
vt 0.173358 0.050570
vt 0.193389 0.051764
vt 0.209561 0.053438
vt 0.225730 0.055271
vt -0.852445 0.166626
vt -0.896832 0.161406
vt -0.834471 0.182817
vt -0.842917 0.175711
vt -0.841083 0.245431
vt -0.837691 0.246094
vt -0.829856 0.243644
vt 0.103564 0.186845
vt 0.103237 0.211013
vt 0.097195 0.210323
vt 0.095887 0.231915
vt 0.146154 0.192196
vt 0.160150 0.219371
vt 0.101930 0.232749
vt 0.100058 0.256875
vt 0.089904 0.231239
vt 0.146445 0.288588
vt 0.152257 0.317921
vt 0.165941 0.291801
vt 0.163720 0.267164
vt 0.168274 0.267742
vt 0.164991 0.250458
vt 0.084114 0.230724
vt 0.085400 0.209485
vt 0.147555 0.166626
vt 0.103168 0.161406
vt 0.157083 0.175711
vt 0.165529 0.182817
vt 0.170144 0.243644
vt 0.162309 0.246094
vt 0.158917 0.245431
vt -0.913042 0.058899
vt -0.913010 0.056209
vt 0.086990 0.056209
vt 0.086958 0.058899
vt 0.101524 0.135743
vt 0.097862 0.113012
vt -0.911446 0.058190
vt 0.088554 0.058190
vt -0.902138 0.113012
vt -0.898476 0.135743
vt -0.902683 0.186303
vt -0.908778 0.185945
vt -0.902839 0.160953
vt -0.914601 0.185776
vt -0.914603 0.160728
vt -0.840498 0.181617
vt -0.836732 0.180243
vt -0.838014 0.178265
vt -0.839956 0.177372
vt -0.842066 0.177676
vt -0.843709 0.178989
vt 0.159502 0.181617
vt 0.163268 0.180243
vt 0.161986 0.178265
vt 0.160044 0.177372
vt 0.157934 0.177676
vt 0.156291 0.178989
vt -0.904653 0.135458
vt -0.910651 0.135444
vt -0.908796 0.160714
vt -0.907901 0.112827
vt -0.913754 0.112928
vt -0.916410 0.135773
vt 0.089349 0.135444
vt 0.086246 0.112928
vt 0.092099 0.112827
vt 0.083590 0.135773
vt 0.095347 0.135458
vt 0.091204 0.160714
vt -0.920730 0.026465
vt 0.079270 0.026465
vt 0.095672 0.024934
vt -0.840531 0.247993
vt -0.837469 0.250955
vt 0.162531 0.250955
vt 0.159469 0.247993
vt -0.909888 0.055948
vt -0.911502 0.056749
vt -0.904329 0.058538
vt -0.904169 0.055395
vt 0.088498 0.056749
vt 0.095831 0.055395
vt 0.095671 0.058538
vt 0.090112 0.055948
vt -0.766526 0.076182
vt 0.233474 0.076182
vt -0.904216 0.053903
vt -0.883976 0.053191
vt -0.884035 0.057982
vt -0.911523 0.060579
vt -0.904462 0.060027
vt -0.883962 0.054728
vt -0.865549 0.057574
vt -0.884096 0.059530
vt -0.865513 0.052746
vt -0.865508 0.054313
vt 0.088477 0.060579
vt 0.090064 0.058965
vt 0.095538 0.060027
vt 0.115965 0.057982
vt 0.095784 0.053903
vt 0.116024 0.053191
vt 0.116038 0.054728
vt 0.134451 0.057574
vt 0.115904 0.059530
vt 0.134487 0.052746
vt 0.134492 0.054313
vt 0.153087 0.052673
vt -0.838457 0.266796
vt -0.839167 0.248257
vt 0.160833 0.248257
vt 0.161543 0.266796
vt -0.909936 0.058965
vt -0.846913 0.052673
vt -0.846897 0.054258
vt -0.846881 0.057467
vt -0.865579 0.059157
vt -0.846884 0.059076
vt -0.826577 0.059707
vt -0.826597 0.058093
vt -0.826707 0.054843
vt -0.806733 0.056034
vt -0.826741 0.053244
vt -0.806525 0.059287
vt -0.790600 0.057698
vt -0.806475 0.060897
vt -0.790238 0.062586
vt -0.774139 0.064391
vt -0.774201 0.062825
vt -0.790319 0.060992
vt -0.774368 0.059515
vt -0.774431 0.057901
vt -0.790682 0.056091
vt -0.806797 0.054431
vt 0.153103 0.054258
vt 0.153119 0.057467
vt 0.134421 0.059157
vt 0.153116 0.059076
vt 0.173423 0.059707
vt 0.173403 0.058093
vt 0.173293 0.054843
vt 0.193267 0.056034
vt 0.173259 0.053244
vt 0.193475 0.059287
vt 0.209400 0.057698
vt 0.193525 0.060897
vt 0.209762 0.062586
vt 0.225861 0.064391
vt 0.225799 0.062825
vt 0.209681 0.060992
vt 0.225632 0.059515
vt 0.225569 0.057901
vt 0.209318 0.056091
vt 0.193203 0.054431
vt -0.826574 0.026642
vt -0.806507 0.027802
vt -0.790325 0.029347
vt -0.774229 0.031086
vt -0.774403 0.028515
vt -0.790604 0.026787
vt -0.806720 0.025285
vt -0.826689 0.024145
vt -0.846896 0.023722
vt -0.957801 0.098714
vt -0.957914 0.013671
vt -0.957738 0.105915
vt -0.959086 0.107182
vt -0.958475 0.098723
vt 0.041525 0.098723
vt 0.040914 0.107182
vt 0.042262 0.105915
vt 0.042086 0.013671
vt 0.042199 0.098714
vt -0.968268 0.098735
vt -0.969268 0.013357
vt -0.967316 0.108710
vt -0.983270 0.098759
vt -0.983234 0.108735
vt 0.031716 0.013357
vt 0.031716 0.098735
vt 0.031716 0.108710
vt 0.016730 0.098759
vt 0.016766 0.108735
vt -0.919446 0.113383
vt 0.080554 0.113383
vt 0.173311 0.024145
vt 0.153152 0.026197
vt 0.153104 0.023722
vt 0.134385 0.023572
vt 0.115909 0.023959
vt 0.134387 0.026085
vt 0.115836 0.026497
vt 0.164233 0.179922
vt -0.835767 0.179922
vt -0.830745 0.338116
vt -0.826819 0.333356
vt -0.824532 0.328032
vt -0.828934 0.327296
vt -0.835755 0.341413
vt -0.833270 0.326570
vt -0.893695 0.331718
vt -0.891212 0.316874
vt -0.912082 0.328641
vt -0.909597 0.313798
vt -0.913394 0.327692
vt -0.910819 0.313593
vt 0.086606 0.327692
vt 0.089181 0.313593
vt 0.090403 0.313798
vt 0.087918 0.328641
vt 0.108788 0.316874
vt 0.106305 0.331718
vt 0.166730 0.326570
vt 0.164245 0.341413
vt 0.171066 0.327296
vt 0.169255 0.338116
vt 0.175468 0.328032
vt 0.173181 0.333356
vt 0.055590 0.106455
vt 0.056937 0.107712
vt 0.056310 0.099384
vt 0.055635 0.099377
vt 0.055738 0.019274
vt 0.066842 0.018822
vt 0.065957 0.099387
vt 0.065130 0.109267
vt 0.083191 0.109264
vt 0.083204 0.099384
vt -0.943690 0.099384
vt -0.943063 0.107712
vt -0.944410 0.106455
vt -0.944365 0.099377
vt -0.944262 0.019274
vt -0.933158 0.018822
vt -0.934043 0.099387
vt -0.934870 0.109267
vt -0.916809 0.109264
vt -0.916796 0.099384
vt -0.989192 0.018205
vt -0.998135 0.021406
vt 0.001865 0.021406
vt 0.010808 0.018205
vt -0.989192 0.033586
vt -0.998135 0.037641
vt 0.001865 0.037641
vt 0.010808 0.033586
vt -0.714920 0.081860
vt -0.713833 0.089630
vt -0.712232 0.089630
vt -0.714209 0.080196
vt -0.713433 0.079464
vt -0.711913 0.079464
vt -0.695342 0.089630
vt 0.304658 0.089630
vt 0.287768 0.089630
vt 0.288087 0.079464
vt 0.286567 0.079464
vt 0.285791 0.080196
vt 0.285080 0.081860
vt 0.286167 0.089630
vt -0.800154 0.099160
vt -0.800570 0.103546
vt 0.199846 0.099160
vt 0.199430 0.103546
vt -0.801249 0.098938
vt 0.198751 0.098938
vt -0.836289 0.250703
vt -0.837232 0.266969
vt 0.162768 0.266969
vt 0.163711 0.250703
vt -0.702016 0.076833
vt -0.708487 0.076833
vt 0.291513 0.076833
vt 0.297984 0.076833
vt -0.840783 0.246762
vt 0.159217 0.246762
vt -0.842470 0.176741
vt 0.157530 0.176741
vt -0.989192 0.014478
vt -0.998135 0.016940
vt 0.001865 0.016940
vt 0.010808 0.014478
vt -0.710272 0.076941
vt 0.289728 0.076941
vt -0.837344 0.177494
vt 0.162656 0.177494
vt -0.989192 0.009916
vt -0.998135 0.011743
vt 0.001865 0.011743
vt 0.010808 0.009916
vt -0.989192 0.006836
vt -0.998135 0.008134
vt 0.001865 0.008134
vt 0.010808 0.006836
vt -0.711141 0.082158
vt -0.711260 0.077076
vt 0.288859 0.082158
vt 0.288740 0.077076
vt -0.989192 0.001787
vt -0.998135 0.002903
vt 0.001865 0.002903
vt 0.010808 0.001787
vt -0.838470 0.247216
vt 0.161530 0.247216
vt -0.839801 0.176359
vt 0.160199 0.176359
vt -0.986888 0.354785
vt -0.989353 0.354078
vt -0.990808 0.351168
vt -0.990856 0.346037
vt -0.972590 0.268576
vt -0.972591 0.354553
vt -0.991599 0.270598
vt -0.994233 0.344753
vt -0.991654 0.266013
vt -0.995266 0.270975
vt -0.995345 0.343711
vt -0.996450 0.342530
vt -0.996449 0.273806
vt -0.990645 0.260924
vt -0.989099 0.257692
vt -0.985916 0.254508
vt -0.981403 0.251878
vt -0.978002 0.250637
vt -0.972590 0.250637
vt 0.027410 0.268576
vt 0.013112 0.354785
vt 0.027409 0.354553
vt 0.009192 0.351168
vt 0.010647 0.354078
vt 0.009144 0.346037
vt 0.008401 0.270598
vt 0.005767 0.344753
vt 0.004734 0.270975
vt 0.004656 0.343711
vt 0.003550 0.342530
vt 0.003551 0.273806
vt 0.008346 0.266013
vt 0.009355 0.260924
vt 0.010901 0.257692
vt 0.014084 0.254508
vt 0.018597 0.251878
vt 0.021998 0.250637
vt 0.027410 0.250637
s 1
usemtl Magazine1Mtl.001
f 1/1/1 2/2/1 3/3/1
f 1/1/1 3/3/1 4/4/1
f 1/1/1 4/4/1 5/5/1
f 1/1/1 5/5/1 6/6/2
f 1/1/1 6/6/2 7/7/1
f 8/8/1 1/1/1 7/7/1
f 1/1/1 8/8/1 9/9/1
f 10/10/1 1/1/1 9/9/1
f 10/10/1 11/11/2 1/1/1
f 9/9/1 12/12/1 10/10/1
f 10/10/1 12/12/1 13/13/1
f 12/12/1 14/14/2 13/13/1
f 15/15/1 12/12/1 9/9/1
f 9/9/1 16/16/1 15/15/1
f 15/15/1 16/16/1 17/17/1
f 17/17/1 16/16/1 18/18/3
f 18/18/3 19/19/1 17/17/1
f 20/20/2 21/21/2 22/22/2
f 22/22/2 23/23/1 20/20/2
f 24/24/1 20/20/2 23/23/1
f 24/24/1 23/23/1 25/25/1
f 25/25/1 26/26/2 24/24/1
f 26/26/2 27/27/2 28/28/1
f 29/29/1 27/27/2 26/26/2
f 29/29/1 26/26/2 25/25/1
f 25/25/1 30/30/1 29/29/1
f 29/29/1 30/30/1 31/31/2
f 30/30/1 25/25/1 32/32/1
f 32/32/1 33/33/1 30/30/1
f 30/30/1 33/33/1 34/34/1
f 30/30/1 34/34/1 35/35/1
f 30/30/1 35/35/1 36/36/1
f 30/30/1 36/36/1 37/37/1
f 30/30/1 37/37/1 38/38/2
f 39/39/4 40/40/4 41/41/4
f 42/42/5 43/43/5 44/44/5
f 45/45/6 46/46/6 47/41/6
f 48/42/6 49/47/6 50/48/6
f 51/41/7 52/40/7 53/45/7
f 54/48/8 55/43/8 56/42/8
f 57/46/9 58/45/9 59/49/9
f 60/49/9 61/50/9 62/46/9
f 63/41/10 64/51/10 65/39/10
f 66/47/9 67/52/9 68/53/9
f 69/53/9 70/48/9 71/47/9
f 72/44/11 73/54/11 74/42/11
f 75/46/12 76/55/13 77/56/14
f 78/57/15 79/58/16 80/47/17
f 81/55/18 82/46/12 83/50/19
f 84/52/20 85/47/17 86/58/21
f 87/59/9 88/60/9 89/61/9
f 87/59/9 90/62/9 91/63/9
f 92/61/22 93/62/22 94/59/22
f 95/64/9 96/65/9 97/66/9
f 98/67/9 99/68/9 95/64/9
f 100/64/23 101/66/23 102/67/23
f 103/50/24 104/69/25 105/55/26
f 106/58/21 107/70/27 108/52/20
f 109/56/28 110/51/29 111/41/30
f 112/57/31 113/42/32 114/54/33
f 115/56/34 116/41/35 117/46/12
f 118/47/17 119/42/36 120/57/37
f 121/71/38 122/72/38 123/73/38
f 124/74/38 125/75/38 126/76/38
f 127/77/9 128/78/9 129/79/9
f 129/79/9 130/80/9 127/77/9
f 131/81/9 127/77/9 130/80/9
f 130/80/9 132/82/9 131/81/9
f 133/83/9 131/81/9 132/82/9
f 132/82/9 134/84/9 133/83/9
f 135/85/39 136/84/9 137/86/9
f 137/86/9 138/87/9 135/85/39
f 139/88/9 140/89/9 141/90/9
f 141/90/9 142/91/9 139/88/9
f 143/92/9 139/88/9 142/91/9
f 142/91/9 144/93/9 143/92/9
f 145/73/9 143/92/9 144/93/9
f 144/93/9 146/71/39 145/73/9
f 147/94/40 148/95/9 149/96/9
f 149/96/9 150/97/9 147/94/40
f 151/98/9 152/97/9 153/99/9
f 153/99/9 154/100/9 151/98/9
f 154/100/9 153/99/9 155/101/9
f 155/101/9 156/102/9 154/100/9
f 156/102/9 155/101/9 157/103/9
f 157/103/9 158/104/9 156/102/9
f 159/75/9 160/74/40 161/105/9
f 161/105/9 162/106/9 159/75/9
f 162/106/9 161/105/9 163/107/9
f 163/107/9 164/108/9 162/106/9
f 164/108/9 163/107/9 165/109/9
f 165/109/9 166/110/23 164/108/9
f 167/82/41 168/111/42 169/84/43
f 170/112/44 169/84/43 168/111/42
f 171/86/45 169/84/43 170/112/44
f 172/113/46 173/71/39 174/85/39
f 175/72/47 173/71/39 172/113/46
f 176/85/48 177/114/48 178/113/49
f 179/115/50 177/114/48 176/85/48
f 180/96/51 181/116/42 182/97/9
f 181/116/42 183/117/44 182/97/9
f 184/99/52 182/97/9 183/117/44
f 185/118/53 186/94/54 187/119/55
f 186/94/56 188/74/57 189/120/54
f 190/76/58 189/120/54 188/74/57
f 191/87/59 192/115/59 193/85/59
f 194/95/59 195/94/59 196/118/59
f 197/120/55 198/119/55 199/94/55
f 200/121/60 201/122/61 202/123/62
f 202/123/62 203/124/63 200/121/60
f 204/125/64 205/126/65 206/127/64
f 206/127/64 207/128/64 204/125/64
f 208/56/34 209/129/66 210/51/29
f 211/57/37 212/54/33 213/130/67
f 214/131/68 215/55/69 216/69/70
f 217/70/71 218/58/72 219/132/73
f 220/133/74 221/56/75 222/55/76
f 223/58/77 224/57/78 225/134/79
f 226/135/80 227/129/81 228/56/82
f 229/57/83 230/130/84 231/136/85
f 232/56/82 233/133/74 234/135/86
f 235/136/85 236/134/87 237/57/83
f 238/137/88 239/138/89 240/139/90
f 241/140/91 242/141/92 243/142/93
f 244/69/94 245/143/95 246/144/96
f 247/70/97 248/145/98 249/146/99
f 250/147/100 251/148/101 252/149/102
f 253/150/103 251/148/101 250/147/100
f 254/151/104 255/152/105 256/153/106
f 257/154/107 255/152/105 254/151/104
f 258/147/100 259/155/106 260/150/106
f 261/153/106 262/156/106 263/151/108
f 264/49/109 265/157/110 266/139/90
f 267/140/91 268/158/111 269/53/112
f 270/69/113 271/139/90 272/143/95
f 273/70/114 274/146/99 275/140/91
f 276/50/115 277/139/90 278/69/113
f 279/52/116 280/70/114 281/140/91
f 282/139/90 283/50/115 284/49/109
f 285/53/112 286/52/116 287/140/91
f 288/139/90 289/157/117 290/137/88
f 291/142/118 292/158/119 293/140/91
f 294/159/120 295/160/121 296/161/122
f 297/162/123 298/163/124 299/164/125
f 300/165/126 301/166/127 302/149/128
f 303/149/102 301/166/127 304/147/129
f 305/151/104 306/167/130 307/154/131
f 308/154/132 306/167/130 309/168/133
f 310/169/134 311/159/135 312/170/136
f 312/170/136 313/171/137 310/169/134
f 314/172/138 315/173/139 313/171/137
f 316/171/137 317/170/140 314/172/138
f 318/174/141 319/175/142 320/176/143
f 320/176/143 321/177/144 322/174/141
f 323/178/145 318/174/146 324/177/147
f 324/177/147 325/164/148 323/178/145
f 326/122/149 327/179/149 328/180/150
f 329/181/150 330/182/151 331/128/152
f 332/161/122 333/170/140 334/159/153
f 333/170/140 332/161/122 335/183/154
f 336/184/155 337/162/123 338/177/144
f 339/164/156 338/177/144 337/162/123
f 340/180/150 341/123/157 342/122/149
f 343/128/152 344/127/157 345/181/158
f 346/185/159 347/186/160 348/187/161
f 349/188/162 350/189/163 351/190/159
f 352/191/164 353/169/165 354/171/137
f 355/174/141 356/178/145 357/192/166
f 358/187/167 359/193/168 360/185/159
f 361/194/169 359/193/168 358/187/167
f 362/188/170 363/195/168 364/196/169
f 365/190/159 363/195/168 362/188/170
f 366/197/171 367/198/172 368/199/173
f 369/198/174 366/197/171 370/200/175
f 371/201/176 368/199/173 367/198/172
f 367/198/174 372/202/177 373/201/176
f 374/203/178 375/204/179 367/198/174
f 367/198/174 376/205/180 374/203/178
f 377/200/175 376/205/180 378/198/172
f 379/202/177 367/198/174 380/204/179
f 380/204/179 381/206/177 379/202/177
f 382/207/181 383/208/182 384/209/176
f 383/208/182 382/207/181 385/210/183
f 386/211/184 385/210/185 387/207/186
f 388/209/176 389/212/187 382/207/188
f 382/207/188 390/213/189 391/214/189
f 391/214/189 392/215/190 382/207/188
f 393/207/186 392/215/190 394/211/191
f 395/213/189 382/207/186 396/212/177
f 396/212/177 397/216/177 395/213/189
f 398/183/154 399/172/138 400/170/140
f 401/177/144 402/176/143 403/184/155
f 404/217/192 405/218/193 406/194/169
f 405/218/193 404/217/192 407/219/194
f 408/220/195 409/221/196 410/222/193
f 411/196/169 410/222/193 409/221/196
f 412/223/197 413/224/198 414/225/198
f 415/226/199 414/225/198 413/224/198
f 413/224/200 416/227/201 417/226/199
f 418/228/202 419/229/203 420/230/204
f 421/231/205 420/230/205 422/232/206
f 420/230/205 421/231/205 423/228/207
f 424/149/208 425/233/209 426/165/126
f 427/168/210 428/234/211 429/154/132
f 430/235/212 431/171/137 432/173/213
f 432/173/213 433/236/214 434/235/212
f 435/171/215 434/235/212 436/191/164
f 437/237/216 438/238/217 439/175/218
f 440/192/166 437/237/219 441/174/141
f 439/175/220 442/174/141 443/237/216
f 444/219/221 445/239/222 446/218/193
f 445/239/222 444/219/221 447/240/223
f 448/241/224 449/220/195 450/242/222
f 451/222/193 450/242/222 449/220/195
f 452/160/121 453/243/225 454/244/226
f 455/245/227 456/246/228 457/163/229
f 458/247/230 459/248/230 460/249/231
f 460/249/231 461/250/231 458/247/230
f 461/250/231 460/249/231 462/251/232
f 462/251/232 463/252/233 461/250/231
f 463/252/233 462/251/232 464/253/234
f 464/253/234 465/254/234 463/252/233
f 465/254/234 464/253/234 466/255/235
f 467/256/236 468/257/230 469/258/237
f 469/258/237 470/259/238 467/256/236
f 471/260/239 467/256/236 470/259/238
f 470/259/238 472/261/240 471/260/239
f 473/262/241 471/260/239 472/261/240
f 472/261/240 474/263/241 473/262/241
f 475/264/242 473/262/241 474/263/241
f 476/265/243 477/223/197 478/266/197
f 479/225/198 478/266/197 477/223/197
f 480/232/244 481/267/244 482/231/205
f 481/267/244 480/232/244 483/268/245
f 484/240/223 485/269/246 486/239/247
f 487/270/248 485/269/246 484/240/223
f 488/241/224 489/271/246 490/272/248
f 491/242/222 489/271/246 488/241/224
f 492/244/226 493/161/249 494/160/121
f 495/273/250 496/183/251 493/161/122
f 497/162/123 498/184/252 499/274/253
f 500/163/229 497/162/254 501/245/227
f 502/240/255 503/275/256 504/270/248
f 504/270/248 503/275/256 505/276/257
f 506/277/258 507/278/259 505/276/257
f 508/279/260 509/280/261 510/281/262
f 508/279/263 511/282/264 512/272/248
f 512/272/248 511/282/264 513/241/224
f 514/276/265 515/283/266 516/270/248
f 517/284/267 515/283/266 518/276/265
f 519/279/263 520/285/266 521/286/267
f 522/272/248 520/285/266 523/279/268
f 524/287/269 525/288/270 526/289/271
f 527/290/272 528/291/273 525/288/270
f 528/291/273 527/290/272 529/292/274
f 529/292/274 530/293/275 528/291/273
f 531/291/273 532/294/276 526/289/277
f 533/289/278 525/288/279 531/291/273
f 532/294/276 531/291/273 534/293/275
f 534/293/275 535/295/280 532/294/276
f 533/289/281 536/296/269 524/287/269
f 536/296/269 533/289/281 537/297/278
f 537/297/278 538/298/282 536/296/269
f 537/297/278 533/289/281 539/294/283
f 538/298/282 537/297/278 540/299/284
f 540/299/284 541/300/269 538/298/282
f 540/299/284 537/297/278 542/301/285
f 542/301/285 543/208/286 540/299/284
f 544/209/176 543/208/286 542/301/285
f 542/301/285 545/302/287 544/209/176
f 539/294/276 546/301/285 547/297/277
f 546/301/285 539/294/276 548/295/280
f 548/295/280 549/302/288 546/301/285
f 550/210/289 540/299/290 551/208/291
f 552/300/269 540/299/290 550/210/289
f 550/210/289 553/303/269 552/300/269
f 553/303/269 550/210/289 554/211/191
f 554/211/191 555/304/269 556/303/269
f 557/276/257 558/278/259 559/284/267
f 560/286/267 561/280/292 562/279/268
f 563/305/293 564/131/68 565/144/294
f 566/69/70 565/144/294 564/131/68
f 567/132/295 568/145/296 569/70/71
f 568/145/296 567/132/295 570/306/297
f 571/307/298 572/308/267 573/309/274
f 573/309/274 574/310/299 571/307/298
f 575/311/300 571/307/298 574/310/299
f 574/310/299 576/312/301 575/311/300
f 577/313/302 578/314/303 579/315/304
f 579/315/304 580/316/305 577/313/302
f 580/316/305 579/315/304 581/317/274
f 581/317/274 582/318/267 580/316/305
f 583/199/306 584/319/307 585/197/171
f 585/197/171 584/319/307 586/320/308
f 586/320/308 587/321/308 585/197/171
f 588/200/309 585/197/171 587/321/308
f 589/321/308 590/322/308 588/200/175
f 591/323/308 592/320/310 584/319/311
f 584/319/311 593/324/312 591/323/308
f 594/325/308 591/323/308 593/324/312
f 595/326/313 593/324/312 584/319/311
f 584/319/311 596/199/173 595/326/313
f 595/326/313 596/199/173 597/201/176
f 597/201/176 598/327/288 595/326/313
f 593/324/312 599/328/312 594/325/308
f 600/329/314 599/328/312 593/324/312
f 601/330/310 594/325/308 599/328/312
f 602/324/315 603/326/316 600/329/317
f 604/331/280 600/329/317 603/326/316
f 603/326/316 605/327/288 604/331/280
f 606/332/318 607/333/319 599/328/312
f 608/328/320 607/333/321 601/330/308
f 608/328/322 609/329/317 606/332/318
f 610/334/275 606/332/318 609/329/317
f 609/329/317 611/331/280 610/334/275
f 601/330/308 607/333/321 612/335/300
f 612/335/300 613/336/323 601/330/308
f 614/337/324 612/335/300 607/333/321
f 607/333/321 615/332/318 614/337/324
f 616/338/325 614/337/324 615/332/318
f 615/332/318 617/334/275 616/338/325
f 613/336/323 612/335/300 618/311/326
f 618/311/326 619/339/308 613/336/323
f 620/307/298 618/311/326 612/335/300
f 612/335/300 621/337/324 620/307/298
f 620/307/298 621/337/324 622/338/274
f 622/338/274 623/308/327 620/307/298
f 624/187/167 625/340/328 626/341/329
f 625/340/328 624/187/167 627/186/160
f 627/186/160 628/342/330 629/340/331
f 630/343/332 631/344/333 632/188/334
f 633/189/335 632/188/334 631/344/333
f 634/344/336 635/345/337 633/189/338
f 636/346/339 637/347/340 638/348/341
f 639/349/342 640/350/343 637/347/340
f 641/351/344 642/352/345 643/353/346
f 642/352/345 644/354/343 645/355/347
f 646/55/348 647/131/349 648/133/350
f 649/131/68 650/356/351 648/133/352
f 651/132/353 652/134/354 653/357/355
f 652/134/356 654/132/357 655/58/358
f 656/161/122 657/244/226 658/273/250
f 659/274/359 660/245/227 661/162/123
f 662/358/360 663/359/361 664/360/362
f 665/361/363 666/362/364 667/363/365
f 668/217/192 669/364/329 670/365/366
f 669/364/329 668/217/192 671/366/367
f 672/367/368 673/368/369 674/369/370
f 673/368/369 672/367/368 675/370/371
f 675/370/371 676/351/344 673/368/369
f 673/368/372 677/353/346 678/371/373
f 677/353/346 673/368/372 679/351/344
f 680/355/342 677/353/374 681/352/345
f 677/353/374 680/355/342 682/372/375
f 683/373/376 684/221/377 685/374/332
f 686/375/378 685/374/332 684/221/377
f 687/376/379 688/313/380 689/316/305
f 690/377/269 691/378/269 688/313/380
f 688/313/380 687/376/379 690/377/269
f 524/287/269 690/377/269 687/376/379
f 689/316/305 692/290/272 687/376/379
f 693/292/325 692/290/272 689/316/305
f 689/316/305 694/318/327 693/292/325
f 687/376/379 525/288/270 524/287/269
f 525/288/270 687/376/379 527/290/272
f 695/379/381 696/360/382 697/380/383
f 698/381/384 699/361/385 700/382/386
f 701/380/387 702/383/388 703/379/381
f 704/382/386 705/384/389 706/381/390
f 707/219/391 708/365/366 709/385/392
f 708/365/366 707/219/391 710/217/192
f 711/386/393 712/375/378 713/220/394
f 714/221/196 713/220/394 712/375/378
f 715/387/395 716/388/396 717/389/397
f 716/388/396 715/387/395 718/390/398
f 719/391/399 720/392/400 716/388/401
f 716/388/401 720/392/400 721/393/402
f 722/394/403 723/395/404 720/392/400
f 720/392/400 723/395/404 724/396/375
f 725/359/405 726/397/406 727/398/407
f 728/398/407 729/360/362 730/359/405
f 731/362/408 732/361/385 733/399/409
f 734/399/410 735/400/411 736/362/408
f 737/275/256 738/401/412 739/402/413
f 738/401/412 737/275/256 740/240/414
f 741/403/415 742/404/416 743/282/417
f 744/241/418 743/282/417 742/404/416
f 745/405/419 746/191/420 747/235/212
f 748/360/362 749/398/407 750/406/421
f 751/406/421 752/380/383 753/360/362
f 754/237/216 755/192/422 756/407/423
f 757/361/385 758/381/384 759/408/424
f 760/408/424 761/399/410 762/361/385
f 763/402/413 764/276/265 765/275/256
f 764/276/265 763/402/413 766/277/258
f 767/282/425 768/279/263 769/403/415
f 770/281/262 769/403/415 768/279/263
f 771/409/426 772/410/427 773/411/428
f 773/411/428 774/412/429 775/409/430
f 776/413/431 777/414/432 778/415/433
f 778/415/433 779/416/434 780/413/435
f 781/417/436 782/418/437 783/419/438
f 783/419/438 784/420/439 781/417/436
f 785/421/440 786/417/436 784/420/439
f 784/420/439 787/422/441 785/421/440
f 788/423/442 784/420/439 783/419/438
f 789/424/443 790/421/440 787/422/441
f 787/422/441 791/425/444 789/424/443
f 792/426/445 791/425/444 787/422/441
f 787/422/441 793/427/446 792/426/445
f 793/427/446 787/422/441 784/420/439
f 784/420/439 788/423/442 793/427/446
f 794/428/447 795/429/448 796/430/449
f 797/431/450 796/430/449 795/429/448
f 796/430/451 798/432/452 799/433/453
f 798/432/452 796/430/451 800/431/450
f 801/434/454 802/435/455 803/436/456
f 804/437/457 805/438/458 806/439/459
f 807/436/460 808/440/461 809/434/454
f 810/360/382 811/379/462 812/358/463
f 813/441/464 811/379/465 814/383/466
f 815/384/467 816/382/468 817/442/469
f 818/363/365 816/382/470 819/361/471
f 820/341/472 821/443/308 822/444/310
f 821/443/308 820/341/472 823/340/331
f 823/340/331 824/445/308 821/443/308
f 824/445/308 825/340/331 826/342/473
f 826/342/473 827/446/308 824/445/308
f 821/443/308 828/447/474 829/448/308
f 821/443/308 829/448/308 830/449/474
f 831/366/367 820/341/329 832/364/329
f 820/341/329 831/366/367 833/187/475
f 834/187/161 831/366/367 835/194/169
f 835/194/169 831/366/367 836/217/192
f 837/344/336 838/343/476 839/450/269
f 839/450/269 840/451/269 837/344/336
f 841/452/477 839/450/269 838/343/476
f 840/451/269 842/453/269 843/345/478
f 843/345/478 844/344/336 840/451/269
f 839/450/269 845/454/479 846/455/269
f 839/450/269 846/455/269 847/456/282
f 848/188/334 849/373/376 838/343/332
f 850/374/332 838/343/332 849/373/376
f 851/196/169 849/373/376 852/188/334
f 853/221/377 849/373/376 851/196/169
f 854/457/480 855/458/481 856/459/482
f 856/459/482 857/460/483 854/457/480
f 854/457/480 857/460/483 858/461/484
f 858/461/484 859/462/485 854/457/480
f 860/463/486 861/464/487 858/461/488
f 858/461/488 862/460/489 860/463/486
f 863/465/490 860/463/486 862/460/489
f 862/460/489 856/459/491 863/465/490
f 864/466/492 863/465/490 856/459/491
f 856/459/491 865/467/493 864/466/492
f 866/468/308 864/466/492 865/467/493
f 867/463/494 863/465/490 868/469/495
f 869/470/496 868/469/495 863/465/490
f 863/465/490 870/466/497 869/470/496
f 871/471/308 869/470/496 870/466/497
f 868/469/498 872/472/499 873/463/486
f 874/464/500 873/463/486 872/472/499
f 872/472/499 875/473/342 876/464/487
f 877/474/501 878/475/502 879/476/503
f 878/475/502 877/474/501 880/477/269
f 879/476/503 881/478/504 877/474/501
f 881/478/504 879/476/503 882/479/505
f 883/479/506 884/480/507 881/478/508
f 884/480/507 883/479/506 885/481/509
f 886/481/500 887/482/342 884/480/510
f 888/483/511 889/235/512 890/236/214
f 891/238/513 892/237/216 893/484/514
f 894/485/515 895/358/516 896/379/465
f 897/382/517 898/363/518 899/486/519
f 900/441/464 901/487/520 902/488/521
f 903/489/522 904/490/523 905/442/524
f 906/379/465 907/441/464 908/485/525
f 909/488/526 908/485/525 907/441/464
f 910/383/527 911/491/528 907/441/529
f 912/487/530 907/441/529 911/491/528
f 913/491/531 914/492/532 912/487/533
f 915/490/523 916/493/534 917/494/535
f 918/494/535 919/442/469 915/490/536
f 919/442/469 918/494/535 920/384/467
f 921/486/519 919/442/524 922/382/517
f 919/442/524 921/486/519 923/489/537
f 924/265/538 925/495/539 926/496/540
f 927/266/197 925/495/539 924/265/538
f 928/268/541 929/497/542 930/267/244
f 931/498/543 929/497/542 928/268/541
f 932/255/544 933/499/545 934/254/234
f 933/499/545 932/255/544 935/500/269
f 936/501/269 935/500/269 937/438/546
f 935/500/269 936/501/269 938/499/547
f 939/439/459 940/502/548 941/437/457
f 942/503/549 943/504/550 940/502/551
f 944/502/551 945/439/552 942/503/553
f 946/263/241 947/505/554 948/264/555
f 949/506/308 948/264/555 947/505/554
f 950/440/556 949/506/308 951/507/308
f 952/505/557 951/507/308 949/506/308
f 953/496/558 954/508/559 955/265/538
f 956/268/541 957/509/560 958/498/561
f 959/438/546 960/437/562 961/501/269
f 962/507/308 963/434/563 964/440/556
f 965/510/564 966/479/506 879/476/503
f 966/479/506 965/510/564 967/511/484
f 967/511/484 968/481/509 966/479/506
f 879/476/503 969/512/565 965/510/564
f 970/513/566 971/514/567 967/511/568
f 967/511/568 972/510/569 970/513/566
f 970/513/566 972/510/569 969/512/565
f 969/512/565 973/515/570 970/513/566
f 969/512/565 879/476/503 974/475/571
f 974/475/571 975/516/572 969/512/565
f 975/516/572 974/475/571 976/517/477
f 973/515/570 969/512/565 977/516/572
f 976/517/282 978/518/269 977/516/573
f 979/519/573 977/516/573 978/518/269
f 977/516/573 979/519/573 980/515/574
f 978/518/269 981/520/269 979/519/573
f 982/521/575 973/515/570 979/519/572
f 973/515/570 982/521/575 983/522/576
f 983/522/576 984/513/566 973/515/570
f 985/514/567 984/513/566 983/522/576
f 983/522/576 986/523/577 985/514/567
f 987/519/573 988/524/578 982/521/579
f 988/524/578 987/519/573 981/520/269
f 989/525/580 990/436/581 991/435/455
f 992/435/582 993/526/583 994/525/584
f 995/527/585 996/528/586 997/529/587
f 998/530/308 997/529/587 996/528/586
f 999/529/587 998/530/308 1000/531/308
f 1000/531/308 1001/467/587 999/529/587
f 1001/467/587 1000/531/308 866/468/323
f 1002/458/481 999/529/587 1001/467/587
f 999/529/493 855/458/481 995/527/588
f 1003/532/589 995/527/588 855/458/481
f 855/458/481 1004/457/590 1003/532/589
f 1003/532/589 1004/457/590 1005/462/567
f 1005/462/567 1006/533/577 1003/532/589
f 1001/467/493 856/459/482 855/458/481
f 1007/233/591 1008/226/592 1009/227/593
f 1010/229/594 1011/228/595 1012/234/596
f 1013/227/593 1014/165/597 1015/233/598
f 1016/234/599 1017/168/600 1018/229/594
f 1019/534/601 1020/273/602 1021/244/603
f 1022/535/604 1021/244/603 1023/243/605
f 1024/245/606 1025/274/607 1026/536/608
f 1027/246/609 1024/245/606 1028/537/610
f 1029/538/611 1030/539/612 1031/540/613
f 1029/538/611 1032/330/614 1033/336/615
f 1033/336/615 1034/541/616 1029/538/611
f 1030/539/612 1029/538/611 1034/541/616
f 1034/541/616 1035/336/615 1036/339/617
f 1036/339/617 1037/542/616 1034/541/616
f 1034/541/616 1038/543/618 1030/539/612
f 1038/543/618 1039/541/616 1037/542/616
f 1037/542/616 1040/410/427 1038/543/618
f 1041/544/619 1030/539/612 1038/543/618
f 1038/543/618 1042/545/620 1041/544/619
f 1030/539/612 1043/544/619 1044/546/621
f 1044/546/621 1031/540/613 1030/539/612
f 1045/545/620 1038/543/618 1046/410/622
f 1046/410/622 1047/409/426 1045/545/620
f 1048/547/623 1049/548/624 1050/528/586
f 1050/528/586 1051/527/585 1048/547/623
f 1048/547/623 1051/527/585 1052/532/589
f 1050/528/586 1049/548/624 1053/549/308
f 1054/550/308 1053/549/308 1049/548/624
f 1053/549/308 1055/551/308 1050/528/586
f 1052/532/589 1056/552/625 1048/547/623
f 1056/552/625 1052/532/589 1057/533/577
f 1057/533/577 1058/553/626 1056/552/625
f 1059/528/627 1055/551/308 1060/530/308
f 1061/554/628 1062/555/629 1063/556/630
f 1064/557/631 1061/554/632 1065/558/633
f 1066/556/630 1065/558/633 1061/554/632
f 1065/558/634 1067/559/631 1068/557/631
f 1069/560/635 1070/561/635 1071/562/636
f 1072/563/637 1071/562/638 1073/564/639
f 1071/562/638 1072/563/637 1074/560/635
f 1075/564/639 1076/565/640 1072/563/641
f 1077/398/642 1078/566/643 1079/567/644
f 1080/568/645 1081/569/646 1082/399/647
f 1083/566/643 1084/398/648 1085/397/649
f 1086/567/644 1087/406/421 1088/398/642
f 1089/399/647 1090/408/650 1091/568/645
f 1092/400/411 1093/399/651 1094/569/646
f 1095/486/652 1096/570/652 1097/571/652
f 1096/570/652 1095/486/652 1098/363/653
f 1099/572/654 1100/573/655 1101/485/655
f 1102/358/656 1101/485/655 1100/573/655
f 1103/574/657 1104/575/658 1105/523/659
f 1105/523/659 1106/522/660 1103/574/657
f 1107/576/661 1103/574/657 1106/522/660
f 1106/522/660 1108/521/579 1107/576/661
f 1107/576/661 1108/521/579 1109/524/578
f 1109/524/578 1110/577/662 1107/576/661
f 1111/578/269 1110/577/662 1109/524/578
f 1109/524/578 1112/579/269 1111/578/269
f 1110/577/662 1111/578/269 1113/580/269
f 1114/520/269 1112/579/269 1115/524/663
f 1116/580/269 1117/581/664 1110/577/662
f 1117/581/664 1116/580/269 1118/582/269
f 1110/577/662 1117/581/664 1119/583/665
f 1119/583/665 1120/576/661 1110/577/662
f 1120/576/661 1119/583/665 1121/584/666
f 1121/584/666 1122/574/657 1120/576/661
f 1122/574/657 1121/584/666 1123/585/667
f 1123/585/667 1124/575/658 1122/574/657
f 1118/582/269 1125/586/668 1117/581/664
f 1126/586/668 1118/582/269 1127/587/269
f 1127/587/269 1128/588/669 1125/586/670
f 1129/589/671 1125/586/670 1128/588/669
f 1130/583/672 1131/581/673 1125/586/670
f 1125/586/674 1132/589/675 1133/583/676
f 1134/584/666 1133/583/676 1132/589/675
f 1135/588/677 1136/590/678 1132/589/671
f 1132/589/675 1137/591/679 1134/584/666
f 1138/585/680 1134/584/666 1137/591/679
f 1137/591/679 1139/592/681 1138/585/680
f 1139/592/681 1137/591/679 1140/593/682
f 1140/593/682 1141/594/681 1139/592/681
f 1142/590/683 1140/593/682 1137/591/679
f 1137/591/679 1143/589/675 1142/590/683
f 1144/397/649 1145/595/684 1146/566/643
f 1147/569/646 1148/596/685 1149/400/686
f 1150/597/687 1151/598/688 1152/547/623
f 1152/547/623 1153/552/625 1150/597/687
f 1154/599/680 1150/597/687 1153/552/625
f 1153/552/625 1155/553/689 1154/599/680
f 1049/548/624 1152/547/623 1151/598/688
f 1151/598/688 1156/600/690 1049/548/624
f 1049/548/624 1156/600/690 1157/550/308
f 1158/601/308 1157/550/308 1156/600/690
f 1156/600/690 1159/602/691 1158/601/308
f 1160/603/308 1158/601/308 1161/602/691
f 1159/602/691 1162/604/692 1160/603/308
f 1162/604/692 1159/602/691 1163/605/693
f 1159/602/691 1164/600/694 1165/598/695
f 1166/598/696 1167/605/697 1159/602/691
f 1167/605/697 1166/598/696 1168/597/687
f 1167/605/693 1169/606/698 1170/604/699
f 1168/597/687 1171/607/700 1167/605/697
f 1171/607/700 1168/597/687 1172/599/680
f 1172/599/680 1173/608/701 1171/607/700
f 1174/609/702 1171/607/700 1173/608/701
f 1173/608/701 1175/610/681 1174/609/702
f 1171/607/700 1174/609/702 1176/606/703
f 1176/606/703 1177/605/704 1171/607/700
f 1178/236/705 1179/611/706 1180/483/707
f 1181/612/708 1180/483/707 1179/611/706
f 1182/235/212 1180/483/709 1183/405/419
f 1184/613/710 1183/405/419 1185/483/711
f 1186/614/712 1187/484/514 1188/615/713
f 1187/484/514 1186/614/712 1189/238/513
f 1190/407/423 1187/484/514 1191/237/216
f 1192/484/714 1190/407/423 1193/616/715
f 1194/617/716 1195/618/717 1196/619/718
f 1197/620/719 1198/621/720 1199/622/721
f 1200/160/310 1201/159/308 1202/623/308
f 1203/444/323 1204/243/323 1200/160/323
f 1205/390/722 1206/624/308 1202/623/308
f 1206/624/308 1205/390/722 1207/387/395
f 1207/387/395 1208/572/308 1206/624/308
f 1209/625/723 1205/390/398 1210/626/724
f 1205/390/398 1209/625/723 1211/388/401
f 1212/389/397 1213/627/725 1207/387/395
f 1214/628/726 1213/627/725 1212/389/397
f 1215/393/402 1212/389/727 1216/388/401
f 1217/629/728 1212/389/727 1218/393/402
f 1219/396/729 1218/393/730 1220/392/400
f 1221/346/731 1218/393/730 1219/396/729
f 715/387/395 1213/627/725 1222/573/308
f 1222/573/308 1208/572/308 715/387/395
f 1222/573/308 1213/627/725 1223/628/732
f 1223/628/732 1224/630/308 1222/573/308
f 1225/631/308 1224/630/308 1223/628/732
f 1223/628/732 1226/632/733 1225/631/308
f 1225/631/308 1227/633/308 1224/630/308
f 1228/359/308 1224/630/308 1227/633/308
f 1227/633/308 1229/634/308 1230/635/308
f 1231/636/310 1230/635/308 1229/634/308
f 1232/389/397 1233/629/734 1223/628/735
f 1234/632/736 1223/628/735 1233/629/734
f 1233/629/734 1235/348/341 1234/632/736
f 1236/393/402 1237/346/339 1233/629/737
f 1238/348/738 1233/629/737 1237/346/339
f 1239/396/739 1240/349/740 1237/346/731
f 1241/347/340 1237/346/731 1240/349/740
f 1242/412/308 1243/470/496 1244/637/308
f 1245/471/308 1246/637/308 1247/470/496
f 1248/466/741 1249/468/308 1250/471/308
f 1251/638/308 1252/639/308 1253/640/308
f 1253/640/308 1254/641/308 1251/638/308
f 1255/642/308 1251/638/308 1254/641/308
f 1254/641/308 1256/643/308 1255/642/308
f 1257/644/308 1255/642/308 1256/643/308
f 1256/643/308 1258/645/308 1257/644/308
f 1259/646/308 1257/644/308 1258/645/308
f 1258/645/308 1260/546/308 1259/646/308
f 1259/646/308 1260/546/308 1261/544/308
f 1261/544/308 1262/647/308 1259/646/308
f 1262/647/308 1261/544/308 1263/545/308
f 1263/545/308 1264/648/308 1262/647/308
f 1265/648/308 1266/545/308 1267/409/308
f 1267/409/308 1268/649/308 1265/648/308
f 1269/649/308 1270/409/308 1271/412/308
f 1272/412/308 1273/618/308 1274/649/308
f 1275/412/308 1276/619/308 1277/618/308
f 1278/637/308 1279/619/308 1280/412/308
f 1281/339/742 1282/311/743 1283/312/744
f 1284/312/745 1285/650/308 1286/339/308
f 1287/477/269 1288/517/269 1289/475/746
f 1290/477/479 1291/474/501 1292/651/479
f 1293/651/269 1294/474/501 1295/414/269
f 1296/414/269 1297/620/269 1298/651/269
f 1299/414/477 1300/621/477 1301/620/477
f 1302/652/269 1303/621/269 1304/414/269
f 1305/414/269 1306/413/269 1307/652/269
f 1308/653/269 1309/652/269 1310/413/269
f 1310/413/269 1311/654/269 1308/653/269
f 1312/378/269 1313/655/269 1314/314/747
f 1315/314/748 1316/313/749 1317/378/269
f 1318/656/269 1319/653/269 1320/654/269
f 1320/654/269 1321/657/269 1318/656/269
f 1322/658/269 1318/656/269 1321/657/269
f 1321/657/269 1323/659/269 1322/658/269
f 1322/658/269 1323/659/269 1324/418/269
f 1324/418/269 1325/660/269 1322/658/269
f 1325/660/269 1324/418/269 1326/417/269
f 1326/417/269 1327/661/269 1325/660/269
f 1327/661/269 1326/417/269 1328/421/269
f 1328/421/269 1329/662/269 1327/661/269
f 1329/662/269 1328/421/269 1330/424/269
f 1330/424/269 1331/663/269 1329/662/269
f 1332/623/308 1333/626/724 718/390/750
f 1333/626/724 1332/623/308 1334/664/308
f 1335/405/308 1334/664/308 1332/623/308
f 1334/664/308 1336/665/751 1333/626/724
f 1337/623/323 1338/191/323 1339/405/323
f 1340/623/752 1341/169/752 1342/191/752
f 1343/623/323 1344/159/323 1345/169/323
f 1346/444/308 1347/666/308 1348/243/308
f 1349/443/308 1350/449/308 1351/666/308
f 1352/667/308 1353/447/308 1354/443/308
f 1355/664/752 1356/613/752 1352/667/752
f 1357/664/753 1358/405/753 1359/613/753
f 1360/359/308 1361/358/308 1362/630/308
f 1363/573/752 1364/630/752 1365/358/752
f 1366/572/308 1367/488/308 1368/668/308
f 1369/572/308 1370/668/308 1371/669/308
f 1372/669/308 1373/636/308 1374/670/308
f 1375/634/323 1376/670/323 1377/636/323
f 1378/635/308 1379/595/308 1380/633/308
f 1381/633/323 1382/595/323 1383/397/323
f 1381/633/308 1384/631/308 1385/277/754
f 1386/277/754 1387/402/755 1381/633/310
f 1388/634/310 1389/633/310 1387/402/755
f 1390/633/308 1391/397/308 1392/359/308
f 1393/670/308 1394/634/308 1395/401/756
f 1396/402/755 1395/401/756 1394/634/308
f 1397/671/757 1398/672/758 1399/673/759
f 1400/674/760 1399/673/759 1398/672/758
f 1401/675/269 1402/676/269 1398/672/758
f 1403/677/761 1398/672/758 1402/676/269
f 1402/676/269 1404/571/269 1403/677/761
f 1401/675/269 1405/164/269 1406/163/269
f 1407/452/282 1406/163/282 1408/246/282
f 1403/677/762 1409/678/763 1410/369/370
f 1410/369/370 1409/678/763 1411/367/764
f 1412/674/765 1410/369/766 1413/371/373
f 1414/371/373 1410/369/766 1415/368/767
f 1416/679/768 1414/371/769 1417/372/770
f 1417/372/770 1414/371/769 1418/353/374
f 1419/570/269 1409/678/763 1420/677/761
f 1420/677/761 1404/571/269 1419/570/269
f 672/367/771 1409/678/763 1419/570/269
f 1419/570/269 1421/680/269 672/367/771
f 1422/369/370 1423/674/765 1420/677/772
f 1424/672/758 1420/677/772 1423/674/765
f 672/367/771 1421/680/269 1425/681/269
f 1425/681/269 1426/370/773 672/367/771
f 1425/681/269 1421/680/269 1427/682/269
f 1427/682/269 1421/680/269 1428/362/269
f 1429/683/479 1430/684/479 1427/682/269
f 1430/684/479 1429/683/479 1431/685/269
f 1432/371/774 1433/679/775 1423/674/765
f 1423/674/765 1433/679/775 1434/431/450
f 1433/679/768 1435/686/404 1436/687/403
f 1437/372/375 1435/686/404 1433/679/768
f 1424/672/758 1438/671/776 1439/675/269
f 1440/688/269 1439/675/269 1438/671/776
f 1439/675/269 1440/688/269 1441/407/282
f 1438/671/776 1442/689/777 1440/688/269
f 1443/451/269 1440/688/269 1442/689/777
f 1444/675/269 1445/178/269 1446/164/269
f 1447/675/282 1448/192/282 1449/178/282
f 1450/407/269 1451/192/269 1452/675/269
f 1453/688/778 1454/616/778 1455/407/778
f 1456/688/269 1457/690/269 1458/616/269
f 1459/450/282 1460/456/282 1457/690/282
f 1461/691/269 1462/454/269 1463/450/269
f 1464/452/477 1465/246/477 1466/691/477
f 1467/362/269 1468/680/269 1469/363/269
f 1470/363/269 1471/680/269 1472/570/269
f 1473/362/269 1474/400/269 1475/682/269
f 1476/682/269 1477/400/269 1478/596/269
f 1479/281/779 1480/681/269 1476/682/269
f 1476/682/269 1481/403/780 1482/281/779
f 1481/403/780 1483/682/269 1484/684/269
f 1485/682/269 1486/596/269 1487/683/269
f 1488/685/269 1489/692/269 1490/684/269
f 1491/693/269 1492/692/269 1493/685/269
f 1494/693/269 1495/694/269 1496/571/269
f 1497/571/477 1498/694/477 1499/489/477
f 1500/684/269 1501/404/781 1502/403/780
f 1501/404/781 1500/684/269 1503/692/269
f 1504/144/782 1505/143/308 1506/305/293
f 1507/306/297 1508/146/269 1509/145/783
f 1510/619/718 1511/637/784 1512/695/785
f 1513/695/785 1514/696/786 1515/619/787
f 1516/620/788 1517/697/789 1518/698/790
f 1519/698/790 1520/651/791 1521/620/788
f 1522/673/792 795/429/793 1438/671/757
f 1523/689/794 1438/671/757 795/429/793
f 1524/429/448 1522/673/759 1525/431/450
f 1525/431/450 1522/673/759 1526/674/765
f 1525/431/450 1527/687/403 1528/432/452
f 1527/687/403 1525/431/450 1529/679/768
f 1523/689/795 1530/699/796 1531/451/269
f 1531/451/269 1530/699/796 1532/700/797
f 1532/700/797 1533/453/269 1531/451/269
f 1534/688/269 1531/451/269 1535/450/269
f 1536/690/269 1534/688/269 1535/450/269
f 1537/696/798 1538/695/799 1539/701/800
f 1540/702/801 1541/698/802 1542/697/803
f 1543/664/308 1544/443/308 1545/445/308
f 1544/443/308 1543/664/308 1546/667/308
f 1545/445/308 1547/446/308 1548/703/804
f 1548/703/804 1549/704/805 1545/445/308
f 1545/445/308 1549/704/805 1550/665/806
f 1551/705/807 1333/626/724 1550/665/808
f 1333/626/724 1551/705/807 1552/625/809
f 1551/705/810 1553/706/811 1554/391/812
f 1553/706/811 1551/705/810 1555/707/813
f 1556/391/399 1553/706/814 1557/708/452
f 1558/709/815 1557/708/452 1553/706/814
f 1559/388/401 1552/625/809 1560/391/812
f 1560/391/812 1552/625/809 1561/705/816
f 1562/708/817 1563/394/818 1560/391/399
f 1564/392/400 1560/391/399 1563/394/818
f 1565/173/752 1566/710/752 1567/236/752
f 1566/710/752 1568/611/308 1567/236/752
f 1565/173/752 1569/172/752 1566/710/752
f 1569/172/752 1570/183/323 1566/710/752
f 1571/534/308 1572/711/308 1566/710/323
f 1572/711/308 1573/712/310 1566/710/323
f 1573/712/310 1574/713/474 1566/710/323
f 1574/713/474 1575/714/752 1566/710/323
f 1575/714/752 1576/715/308 1566/710/323
f 1577/715/752 1578/611/752 1579/710/752
f 1580/183/308 1581/273/323 1579/710/308
f 1581/273/323 1582/534/308 1579/710/308
f 1583/175/269 1584/238/269 1585/716/269
f 1585/716/269 1584/238/269 1586/614/269
f 1583/175/269 1585/716/269 1587/176/269
f 1587/176/269 1585/716/269 1588/184/269
f 1589/536/477 1585/716/282 1590/717/479
f 1590/717/479 1585/716/282 1591/718/269
f 1591/718/269 1585/716/282 1592/719/269
f 1592/719/269 1585/716/282 1593/720/269
f 1593/720/269 1585/716/282 1594/721/269
f 1595/721/479 1596/716/479 1597/614/479
f 1598/184/269 1596/716/282 1599/274/282
f 1599/274/282 1596/716/282 1600/536/778
f 1601/722/819 1602/723/820 1603/724/821
f 1602/723/820 1601/722/819 1604/725/822
f 1604/725/822 1605/726/823 1606/723/820
f 1606/723/824 1607/727/825 1608/709/826
f 1607/727/825 1606/723/824 1609/726/823
f 1610/728/827 1611/729/828 1612/730/829
f 1613/729/830 1610/728/831 1614/731/832
f 1615/433/826 1614/731/832 1610/728/831
f 1612/730/829 1616/732/833 1617/728/827
f 1618/733/834 1617/728/827 1616/732/833
f 1619/619/718 1620/696/786 1621/617/835
f 1622/622/836 1623/697/837 1624/620/788
f 1625/410/427 1626/542/616 1627/734/838
f 1628/734/838 1629/411/428 1625/410/427
f 1630/735/839 1631/736/840 1632/416/841
f 1632/416/841 1633/415/433 1634/735/842
f 1635/383/843 1636/380/752 1637/406/752
f 1638/406/308 1639/567/844 1640/383/845
f 1641/737/474 1642/492/474 1643/738/846
f 1644/739/847 1645/493/269 1646/740/269
f 1647/384/848 1648/568/849 1649/408/479
f 1650/408/477 1651/381/477 1652/384/850
f 1653/741/851 1654/617/716 1655/696/786
f 1655/696/786 1656/742/852 1653/741/851
f 1657/701/853 1656/742/852 1658/696/798
f 1659/743/854 1660/744/855 1656/742/856
f 1661/745/857 1662/746/858 1663/747/859
f 1664/697/789 1661/745/860 1665/702/861
f 1666/748/862 1661/745/863 1667/697/789
f 1667/697/789 1668/622/721 1666/748/862
f 1669/704/864 1670/722/865 1671/707/866
f 1670/722/865 1669/704/864 1672/703/867
f 1672/703/867 1673/725/822 1670/722/865
f 1674/700/797 1675/699/868 1676/732/869
f 1676/732/869 1677/730/829 1674/700/797
f 1678/428/870 1676/732/869 1675/699/868
f 1679/749/871 1680/135/80 1681/133/872
f 1682/134/354 1683/136/873 1684/750/874
f 1685/649/875 1686/751/876 1687/752/877
f 1687/752/877 1686/751/876 1688/744/878
f 1688/744/855 1689/743/879 1690/753/854
f 1691/754/880 1692/755/881 1689/743/879
f 1690/753/854 1689/743/879 1693/755/881
f 1694/468/882 1693/755/883 1695/754/880
f 1690/753/854 1696/756/884 1688/744/855
f 1688/744/855 1696/756/884 1697/752/885
f 1696/756/884 1690/753/854 1698/757/886
f 1698/757/886 1690/753/854 1699/758/887
f 1700/759/888 1697/752/885 1696/756/884
f 1701/648/889 1697/752/885 1700/759/888
f 1698/757/886 1702/760/890 1696/756/884
f 1696/756/884 1702/760/890 1700/759/888
f 1703/761/891 1704/762/892 1705/747/859
f 1705/747/859 1704/762/892 1706/702/893
f 1705/747/859 1706/702/893 1707/745/857
f 1703/761/894 1708/763/895 1709/517/896
f 1708/763/897 1710/747/859 1711/764/859
f 1710/747/898 1712/763/897 1713/761/894
f 1711/764/859 1710/747/859 1714/746/858
f 1714/746/899 1715/765/900 1716/766/901
f 1716/766/901 1715/765/900 1717/652/902
f 1714/746/858 1718/767/903 1711/764/859
f 1719/766/904 1718/767/903 1714/746/858
f 1720/768/905 1711/764/859 1718/767/903
f 1721/769/906 1711/764/859 1720/768/905
f 1718/767/903 1719/766/904 1722/770/907
f 1722/770/907 1719/766/904 1723/653/908
f 1724/653/908 1725/656/909 1722/770/907
f 1722/770/907 1726/771/910 1718/767/903
f 1718/767/903 1726/771/910 1720/768/905
f 1726/771/910 1722/770/907 1727/772/911
f 1728/383/845 1729/567/844 1730/773/912
f 1730/773/912 1731/491/912 1728/383/845
f 1731/491/912 1730/773/912 1732/738/846
f 1732/738/846 1733/492/308 1731/491/912
f 1732/738/846 1734/774/308 1735/737/308
f 1736/740/269 1737/775/269 1738/739/847
f 1739/494/913 1740/493/477 1738/739/847
f 1738/739/847 1741/776/914 1739/494/913
f 1742/384/915 1739/494/913 1741/776/914
f 1741/776/914 1743/568/849 1742/384/915
f 1744/637/916 1745/471/917 1746/754/880
f 1747/777/918 1748/701/800 1749/695/919
f 1750/695/799 1751/754/880 1747/777/920
f 1752/698/921 1753/702/861 1754/762/922
f 1754/762/922 1755/761/923 1756/698/802
f 1757/761/923 1758/477/924 1759/651/791
f 1760/485/925 1761/488/925 1762/572/925
f 1763/571/926 1764/489/926 1765/486/926
f 1700/759/888 1766/647/927 1767/648/889
f 1768/778/928 1700/759/888 1702/760/890
f 1769/647/927 1700/759/888 1768/778/928
f 1768/778/928 1770/646/929 1769/647/927
f 1702/760/890 1771/779/890 1768/778/928
f 1702/760/890 1698/757/886 1772/780/886
f 1772/780/886 1771/779/890 1702/760/890
f 1772/780/886 1698/757/886 1773/781/930
f 1774/530/931 1773/781/930 1699/758/932
f 1699/758/932 1773/781/930 1775/757/933
f 1776/755/883 1699/758/932 1777/753/879
f 1778/531/934 1699/758/932 1776/755/883
f 1779/758/935 1778/531/934 1780/530/931
f 1773/781/930 1780/530/931 1781/551/936
f 1782/755/883 1783/468/937 1778/531/934
f 1784/754/880 1785/471/938 1783/468/937
f 1781/551/936 1786/782/939 1773/781/930
f 1773/781/930 1786/782/939 1772/780/886
f 1786/782/939 1787/551/936 1788/549/940
f 1788/549/940 1789/783/941 1786/782/939
f 1789/783/941 1790/549/940 1791/550/942
f 1786/782/939 1789/783/941 1792/784/943
f 1792/784/943 1772/780/886 1786/782/939
f 1772/780/886 1792/784/943 1793/785/944
f 1793/785/944 1771/779/890 1772/780/886
f 1794/786/945 1793/785/944 1792/784/943
f 1771/779/890 1793/785/944 1795/787/946
f 1795/787/946 1796/778/947 1771/779/890
f 1797/646/929 1796/778/947 1795/787/946
f 1795/787/946 1798/644/948 1797/646/929
f 1792/784/943 1799/788/949 1794/786/945
f 1799/788/949 1792/784/943 1800/783/950
f 1801/789/951 1794/786/945 1799/788/949
f 1800/783/950 1802/790/952 1799/788/949
f 1803/550/942 1802/790/952 1800/783/950
f 1802/790/952 1804/550/942 1805/601/953
f 1806/601/953 1807/791/954 1802/790/955
f 1807/791/956 1808/601/953 1809/603/957
f 1809/603/957 1810/792/958 1807/791/956
f 1811/791/959 1810/792/960 1812/793/961
f 1812/793/961 1813/794/949 1811/791/959
f 1814/790/952 1807/791/959 1815/794/949
f 1815/794/949 1799/788/949 1814/790/952
f 1799/788/949 1815/794/949 1801/789/951
f 1816/795/962 1801/789/951 1815/794/949
f 1815/794/949 1817/793/961 1816/795/962
f 1801/789/951 1816/795/962 1818/796/963
f 1818/796/963 1819/797/964 1801/789/951
f 1818/796/965 1820/639/966 1821/638/967
f 1822/786/968 1801/789/969 1823/797/964
f 1823/797/964 1824/798/970 1822/786/968
f 1825/642/971 1824/798/970 1823/797/964
f 1826/638/967 1823/797/972 1827/796/963
f 1823/797/972 1826/638/967 1828/642/971
f 1793/785/973 1822/786/968 1829/798/974
f 1829/798/974 1830/787/946 1793/785/973
f 1831/644/975 1830/787/946 1829/798/974
f 1829/798/974 1832/642/971 1831/644/975
f 1727/772/911 1722/770/907 1833/656/909
f 1833/656/909 1834/658/976 1727/772/911
f 1727/772/911 1835/799/910 1726/771/910
f 1836/800/905 1720/768/905 1726/771/910
f 1726/771/910 1835/799/910 1836/800/905
f 1837/801/977 1720/768/905 1836/800/905
f 1838/768/978 1837/801/977 1721/769/979
f 1721/769/979 1837/801/977 1839/520/980
f 1840/764/898 1721/769/979 1841/763/895
f 1841/763/895 1721/769/979 1842/518/981
f 1842/518/982 1843/517/896 1844/763/983
f 1843/517/896 1845/477/984 1846/761/894
f 1847/520/980 1842/518/982 1848/769/979
f 1849/579/985 1847/520/980 1837/801/977
f 1837/801/977 1850/802/986 1849/579/985
f 1836/800/905 1850/802/986 1837/801/977
f 1851/578/987 1852/579/985 1850/802/986
f 1850/802/986 1853/803/988 1851/578/987
f 1854/580/989 1855/578/990 1853/803/988
f 1856/804/991 1853/803/988 1850/802/986
f 1850/802/986 1836/800/905 1856/804/991
f 1857/805/992 1856/804/991 1836/800/905
f 1836/800/905 1835/799/910 1857/805/992
f 1856/804/991 1857/805/992 1858/806/993
f 1859/807/994 1857/805/992 1835/799/910
f 1835/799/910 1860/772/911 1859/807/994
f 1859/807/994 1860/772/911 1861/658/976
f 1861/658/976 1862/660/995 1859/807/994
f 1858/806/993 1863/808/996 1856/804/991
f 1864/803/997 1856/804/991 1863/808/996
f 1863/808/996 1858/806/993 1865/809/998
f 1863/808/996 1866/810/999 1864/803/997
f 1864/803/997 1866/810/999 1867/580/989
f 1868/582/1000 1869/580/989 1866/810/999
f 1866/810/1001 1870/811/1002 1871/582/1000
f 1872/587/1000 1873/582/1000 1870/811/1002
f 1870/811/1002 1874/812/1003 1872/587/1000
f 1875/813/1004 1874/812/1005 1876/811/1006
f 1876/811/1006 1877/814/996 1875/813/1004
f 1878/814/996 1870/811/1006 1879/810/999
f 1879/810/999 1863/808/996 1878/814/996
f 1865/809/998 1878/814/996 1863/808/996
f 1878/814/996 1865/809/998 1880/815/1007
f 1880/815/1007 1881/813/1008 1878/814/996
f 1882/816/1009 1880/815/1007 1865/809/998
f 1865/809/998 1883/817/1010 1882/816/1009
f 1884/662/1011 1885/663/1012 1882/816/1013
f 1886/817/1010 1865/809/998 1887/806/1014
f 1887/806/1014 1888/818/1015 1886/817/1010
f 1886/817/1010 1888/818/1015 1889/661/1016
f 1890/661/1016 1891/662/1011 1886/817/1017
f 1892/816/1018 1886/817/1017 1891/662/1011
f 1893/818/1019 1887/806/1014 1857/805/1020
f 1857/805/1020 1894/807/994 1893/818/1019
f 1893/818/1019 1894/807/994 1895/660/995
f 1895/660/995 1896/661/1016 1893/818/1019
f 1897/744/855 1898/741/851 1899/742/856
f 1900/746/858 1901/745/1021 1902/748/1022
f 1031/540/613 1903/546/1023 1904/645/1024
f 1904/645/1024 1905/819/1025 1031/540/613
f 1905/819/1025 1906/645/1026 1907/643/1027
f 1907/643/1027 1908/820/1028 1905/819/1025
f 1908/820/1028 1909/643/1027 1910/641/1029
f 1910/641/1029 1911/821/1030 1908/820/1028
f 1911/821/1030 1912/641/1031 1913/640/1032
f 1913/640/1032 1914/822/1033 1911/821/1030
f 1911/821/1030 1914/822/1033 1915/823/1034
f 1915/823/1034 1916/824/1035 1911/821/1030
f 1908/820/1028 1911/821/1030 1916/824/1035
f 1916/824/1036 1917/321/1037 1918/320/1038
f 1916/824/1035 1919/825/1039 1908/820/1028
f 1905/819/1025 1908/820/1028 1919/825/1039
f 1920/320/1038 1919/825/1039 1916/824/1035
f 1921/321/1037 1916/824/1040 1922/823/1034
f 1922/823/1034 1923/322/1041 1921/321/1037
f 1919/825/1039 1924/320/1038 1925/323/1042
f 1925/323/1042 1926/826/1043 1919/825/1039
f 1919/825/1039 1926/826/1043 1905/819/1025
f 1031/540/613 1905/819/1025 1926/826/1043
f 1926/826/1043 1927/323/1042 1928/325/1044
f 1928/325/1044 1929/827/1045 1926/826/1043
f 1926/826/1043 1929/827/1045 1031/540/613
f 1031/540/613 1929/827/1045 1029/538/611
f 1930/330/614 1029/538/611 1929/827/1045
f 1929/827/1045 1931/325/1046 1930/330/614
f 1932/618/717 1933/617/835 1934/751/876
f 1935/751/1047 1933/617/716 1936/741/1048
f 1937/741/1048 1938/744/878 1934/751/876
f 1939/765/900 1940/746/1049 1941/748/1050
f 1939/765/900 1942/622/836 1943/621/1051
f 1944/748/1050 1942/622/836 1945/765/1052
f 1946/742/856 1947/701/1053 1948/743/854
f 1948/743/854 1947/701/1053 1949/777/920
f 1948/743/854 1949/777/920 1695/754/880
f 1950/131/1054 1951/305/1055 1952/356/351
f 1953/132/73 1954/357/355 1955/306/1056
f 1336/665/751 1334/664/308 1956/445/308
f 1336/665/808 1957/707/866 1958/705/1057
f 1957/707/866 1336/665/808 1959/704/1058
f 1960/724/821 1957/707/813 1961/722/819
f 1957/707/813 1960/724/821 1962/706/811
f 1963/706/814 1960/724/1059 1964/709/815
f 1964/709/815 1960/724/1059 1965/723/824
f 1332/623/308 1966/444/308 1967/160/308
f 1968/666/308 1966/444/308 1969/443/308
f 1970/624/308 1966/444/308 1332/623/308
f 1966/444/308 1971/364/472 1972/341/472
f 1971/364/472 1966/444/308 1970/624/308
f 1970/624/308 1973/365/1060 1971/364/472
f 1974/385/1061 1973/365/1060 1970/624/308
f 1970/624/308 1975/670/308 1974/385/1061
f 1976/572/308 1975/670/308 1970/624/308
f 1977/669/310 1975/670/308 1976/572/308
f 1978/401/756 1974/385/1061 1979/670/308
f 1980/240/255 1981/385/392 1978/401/1062
f 1981/385/392 1980/240/255 1982/219/1063
f 1983/828/1064 1984/829/1065 1985/434/1064
f 1986/830/1064 1987/831/1064 1988/832/1064
f 1989/833/1064 1990/834/1064 1991/835/1064
f 1992/437/1066 1993/836/1066 1994/837/1064
f 1995/838/1064 1996/839/1064 1997/829/1067
f 1997/829/1067 1998/832/1064 1995/838/1064
f 1999/828/1068 1998/832/1064 1997/829/1067
f 1998/832/1064 1999/828/1068 2000/830/1064
f 2001/505/1069 2000/830/1064 1999/828/1068
f 1995/838/1064 1998/832/1064 2002/831/1064
f 2002/831/1064 2003/840/1070 1995/838/1064
f 2004/841/1064 1995/838/1064 2003/840/1070
f 2003/840/1070 2005/842/1064 2004/841/1064
f 2006/828/1068 2007/507/1068 2008/505/1071
f 2009/434/1068 2007/507/1068 2006/828/1068
f 2010/836/1066 2011/843/1070 2012/844/1064
f 2012/844/1064 2013/833/1064 2010/836/1066
f 2014/837/1068 2010/836/1066 2013/833/1064
f 2015/835/1064 2014/837/1068 2013/833/1064
f 2014/837/1068 2015/835/1064 2016/499/1064
f 2017/834/1064 2013/833/1064 2012/844/1064
f 2012/844/1064 2018/845/1072 2017/834/1064
f 2018/845/1072 2012/844/1064 2019/846/1064
f 2019/846/1064 2020/847/1064 2018/845/1072
f 2021/499/1071 2022/501/1068 2023/837/1068
f 2023/837/1068 2022/501/1068 2024/437/1073
f 2025/754/1074 2026/695/785 2027/637/1075
f 2028/651/1076 2029/698/790 2030/761/894
f 2031/711/1077 2032/534/601 2033/535/1078
f 2034/244/603 2035/535/1078 2032/534/601
f 2036/751/876 2037/649/875 2038/618/1079
f 2039/621/1051 2040/652/1080 2041/765/900
f 2042/412/429 2043/411/428 2044/734/1081
f 2045/734/1082 2046/650/1083 2047/412/429
f 2048/414/432 2049/655/1084 2050/735/839
f 2051/735/839 2052/415/433 2053/414/432
f 2054/699/868 1442/689/1085 2055/428/870
f 2056/429/1086 2055/428/870 1442/689/1085
f 2057/732/833 2055/428/447 2058/733/834
f 2059/430/449 2058/733/834 2055/428/447
f 2060/728/831 2058/733/1087 2061/433/826
f 2061/433/826 2058/733/1087 2062/430/451
f 2063/163/269 2064/452/269 1439/675/269
f 2065/450/282 2064/452/282 2066/691/282
f 2067/676/269 1439/675/269 2064/452/269
f 2068/343/476 2069/374/1088 2064/452/269
f 2067/676/269 2064/452/269 2069/374/1088
f 2069/374/1088 2070/375/378 2067/676/269
f 2067/676/269 2070/375/378 2071/386/1089
f 2071/386/1089 2072/692/477 2067/676/269
f 2073/571/269 2067/676/269 2072/692/477
f 2073/571/269 2072/692/477 2074/693/269
f 2075/692/269 2071/386/1089 2076/404/781
f 2076/404/416 2077/386/393 2078/241/418
f 2079/220/195 2078/241/418 2077/386/393
f 2080/752/877 2081/648/889 2082/649/875
f 2083/652/902 2084/653/1090 2085/766/901
f 2086/726/823 2087/848/1091 2088/727/825
f 2089/731/1092 2090/849/1091 2091/729/830
f 2092/133/352 2093/356/1093 2094/749/871
f 2095/750/874 2096/357/1094 2097/134/354
f 793/427/446 788/423/442 2098/300/1095
f 2099/300/1095 2100/303/1096 793/427/446
f 2101/426/445 793/427/1097 2102/303/1098
f 2102/303/1098 2103/304/1099 2101/426/445
f 2104/298/1100 2105/300/1095 788/423/442
f 788/423/442 2106/850/1101 2104/298/1100
f 783/419/438 2106/850/1101 788/423/442
f 2106/850/1101 783/419/438 2107/851/1102
f 2107/851/1102 783/419/438 2108/418/437
f 2108/418/437 2109/659/1103 2107/851/1102
f 2110/296/1104 2111/298/1100 2106/850/1101
f 2106/850/1101 2112/852/1105 2110/296/1104
f 2107/851/1102 2112/852/1105 2106/850/1101
f 2113/287/1106 2114/296/1107 2112/852/1105
f 2112/852/1105 2115/853/1108 2113/287/1106
f 2115/853/1108 2112/852/1105 2107/851/1102
f 2116/377/1109 2117/287/1106 2115/853/1108
f 2115/853/1108 2118/854/840 2116/377/1109
f 2107/851/1102 2119/855/1110 2115/853/1108
f 2118/854/840 2115/853/1108 2119/855/1110
f 2119/855/1110 2107/851/1102 2120/659/1111
f 2120/659/1111 2121/657/1112 2119/855/1110
f 2122/378/1113 2123/377/1109 2118/854/840
f 2118/854/840 2124/736/1114 2122/378/1113
f 2119/855/1110 2125/856/1115 2118/854/840
f 2124/736/840 2126/854/840 2125/856/1115
f 2125/856/1115 2127/416/841 2124/736/840
f 2125/856/1115 2119/855/1110 2128/657/1116
f 2128/657/1116 2129/654/1117 2125/856/1115
f 2130/416/1118 2125/856/1115 2131/654/1117
f 2131/654/1117 2132/413/435 2130/416/1118
f 2133/536/608 2134/537/610 2135/245/227
f 2136/537/610 2133/536/1119 2137/717/1120
f 2138/691/1121 2136/537/610 2139/857/1122
f 2136/537/610 2138/691/1121 2140/246/609
f 2141/611/706 2142/715/1123 2143/612/708
f 2144/858/1124 2145/535/604 2146/666/1125
f 2147/243/605 2146/666/1125 2145/535/604
f 2148/615/713 2149/721/1126 2150/614/712
f 2151/859/9 2152/860/9 2153/861/9
f 2153/861/9 2154/862/9 2151/859/9
f 2155/863/9 2151/859/9 2154/862/9
f 2154/862/9 2156/864/9 2155/863/9
f 2157/865/9 2155/863/9 2156/864/9
f 2156/864/9 2158/866/9 2157/865/9
f 2159/867/9 2157/865/9 2158/866/9
f 2158/866/9 2160/868/9 2159/867/9
f 2161/869/9 2159/867/9 2160/868/9
f 2160/868/9 2162/870/9 2161/869/9
f 2163/871/9 2164/872/9 2165/873/9
f 2165/873/9 2166/874/9 2163/871/9
f 2166/874/9 2165/873/9 2167/875/9
f 2167/875/9 2168/876/9 2166/874/9
f 2168/876/9 2167/875/9 2169/877/9
f 2169/877/9 2170/878/9 2168/876/9
f 2170/878/9 2169/877/9 2171/879/9
f 2171/879/9 2172/880/9 2170/878/9
f 2172/880/9 2171/879/9 2173/881/9
f 2173/881/9 2174/882/9 2172/880/9
f 2175/883/9 2176/884/9 2177/885/9
f 2178/255/9 2175/883/9 2179/886/9
f 2177/885/9 2179/886/9 2175/883/9
f 2180/887/9 2179/886/9 2177/885/9
f 2181/888/9 2180/887/9 2177/885/9
f 2177/885/9 2182/889/9 2181/888/9
f 2182/889/9 2177/885/9 2176/884/9
f 2176/884/9 2183/890/9 2182/889/9
f 2182/889/9 2183/890/9 2184/891/9
f 2184/891/9 2185/892/9 2182/889/9
f 2186/886/9 2187/500/9 2188/255/9
f 2189/438/9 2187/500/9 2186/886/9
f 2190/886/9 2191/887/9 2192/438/9
f 2193/893/9 2194/894/9 2195/895/9
f 2196/896/9 2195/895/9 2197/264/9
f 2195/895/9 2196/896/9 2193/893/9
f 2198/897/9 2193/893/9 2196/896/9
f 2193/893/9 2198/897/9 2199/898/9
f 2199/898/9 2200/899/9 2193/893/9
f 2194/894/9 2193/893/9 2200/899/9
f 2200/899/9 2201/900/9 2194/894/9
f 2202/901/9 2201/900/9 2200/899/9
f 2200/899/9 2203/902/9 2202/901/9
f 2204/264/9 2205/506/9 2206/896/9
f 2206/896/9 2205/506/9 2207/440/9
f 2208/440/9 2209/897/9 2210/896/9
f 2211/483/711 2212/612/1127 2213/613/710
f 2214/616/715 2215/615/1128 2216/484/714
f 2217/535/1129 2218/858/1124 2219/711/1077
f 2220/717/1120 2221/857/1122 2222/537/1130
f 2223/555/1131 2224/903/1132 2225/904/1133
f 2226/904/1133 2227/556/1134 2228/555/1131
f 2229/565/1135 2230/564/1136 2231/905/1137
f 2232/905/1137 2233/906/1138 2234/565/1139
f 2235/496/558 2236/907/1140 2237/908/1141
f 2238/908/1142 2239/508/1143 2240/496/558
f 2241/498/1144 2242/509/1145 2243/909/1146
f 2244/909/1146 2245/910/1147 2246/498/1144
f 2247/911/479 2248/912/269 2249/913/269
f 2249/913/269 2250/914/282 2247/911/479
f 2250/914/282 2249/913/269 2251/915/269
f 2252/916/477 2251/915/269 2249/913/269
f 2249/913/269 2253/63/269 2252/916/477
f 2254/59/269 2253/63/269 2249/913/269
f 2249/913/269 2255/917/269 2254/59/269
f 2256/64/308 2257/918/308 2258/919/308
f 2258/919/308 2259/65/308 2256/64/308
f 2260/920/308 2259/65/308 2258/919/308
f 2258/919/308 2261/921/308 2260/920/308
f 2262/922/308 2261/921/308 2258/919/308
f 2263/923/308 2262/922/308 2258/919/308
f 2258/919/308 2264/924/308 2263/923/308
f 2265/925/269 2266/122/269 2267/926/269
f 2268/927/752 2269/928/752 2270/128/752
f 2271/179/269 2272/122/269 2273/929/269
f 2274/929/269 2275/122/269 2276/925/269
f 2277/182/308 2278/930/308 2279/128/308
f 2280/930/308 2281/927/308 2282/128/308
f 2283/931/1148 2284/932/1149 2285/635/1150
f 2286/738/1151 2287/773/1152 2284/932/1153
f 2288/595/1154 2285/635/1155 2289/932/1149
f 2290/566/1156 2289/932/1149 2287/773/1152
f 2291/776/1157 2292/933/1158 2293/569/1159
f 2294/933/1160 2291/776/1157 2295/739/1161
f 2292/933/1158 2296/683/1162 2297/596/1163
f 2296/683/1164 2294/933/1158 2298/934/1165
f 2299/932/1149 2300/931/1166 2301/738/1167
f 2302/739/1168 2303/934/1169 2304/933/1158
f 2305/61/1170 2306/60/269 2307/935/269
f 2307/935/269 2308/936/281 2305/61/1170
f 2309/67/1171 2310/937/320 2311/938/308
f 2311/938/308 2312/68/308 2309/67/1171
f 2313/666/1125 2314/449/1172 2315/858/1124
f 2316/857/1122 2317/454/1173 2318/691/1121
f 2319/635/1174 2320/636/1175 2321/931/1166
f 2322/773/1152 2323/567/1176 2324/566/1156
f 2325/934/1177 2326/685/1178 2327/683/1179
f 2328/569/1159 2329/568/1180 2330/776/1157
f 2331/939/1181 2332/487/1182 2333/492/1183
f 2334/492/1184 2335/737/1185 2336/939/1181
f 2337/940/1186 2338/740/1187 2339/493/1188
f 2340/493/1188 2341/490/1189 2342/940/1186
f 2343/932/1149 2344/566/643 2345/595/1190
f 2346/596/1191 2347/569/646 2348/933/1158
f 2349/668/1192 2350/488/1193 2351/487/1194
f 2352/487/1194 2353/939/1181 2354/668/1195
f 2355/694/1196 2356/940/1186 2357/490/1189
f 2358/490/1189 2359/489/1197 2360/694/1198
f 2361/715/1199 2362/714/1200 2363/941/1201
f 2364/942/1202 2365/720/1203 2366/721/1204
f 2367/650/1205 2368/734/838 2369/542/1206
f 2369/542/1206 2370/339/617 2367/650/1205
f 2371/655/1207 2372/378/1113 2373/736/840
f 2373/736/840 2374/735/842 2371/655/1207
f 2375/903/1208 2376/943/1209 2377/944/1210
f 2378/945/1211 2379/946/1212 2380/906/1213
f 2381/944/1210 2382/904/1214 2383/903/1215
f 2384/906/1216 2385/905/1217 2386/945/1211
f 2387/61/1218 2388/936/277 2389/947/1219
f 2390/948/1220 2391/937/322 2392/67/1221
f 2393/947/1222 2394/62/1223 2395/61/1224
f 2396/67/1225 2397/66/1226 2398/948/1227
f 2399/858/1228 2400/949/1229 2401/712/1230
f 2402/718/1231 2403/950/1232 2404/857/1122
f 2405/943/1233 2406/951/1234 2407/952/1235
f 2408/953/1236 2409/954/1237 2410/946/1238
f 2411/952/1235 2412/944/1239 2413/943/1233
f 2414/946/1238 2415/945/1240 2416/953/1241
f 2417/941/1201 2418/612/708 2419/715/1242
f 2420/612/708 2417/941/1243 2421/667/1244
f 2422/721/1204 2423/615/713 2424/942/1202
f 2425/690/1245 2424/942/1246 2426/615/713
f 2427/951/1247 2428/955/1248 2429/956/1249
f 2430/957/1250 2431/958/1251 2432/954/1252
f 2433/956/1249 2434/952/1253 2435/951/1247
f 2436/954/1237 2437/953/1254 2438/957/1250
f 2439/959/1255 2440/62/1256 2441/947/1222
f 2442/947/1257 2443/960/1255 2444/959/1255
f 2445/961/1258 2446/962/1258 2447/948/1227
f 2448/948/1227 2449/66/1259 2450/961/1258
f 2451/955/1260 2452/963/1261 2453/964/1261
f 2454/965/1261 2455/966/1261 2456/958/1262
f 2457/964/1263 2458/956/1264 2459/955/1260
f 2460/958/1262 2461/957/1265 2462/965/1261
f 2463/931/1266 2464/967/1267 2465/774/1268
f 2466/774/1268 2467/738/1269 2468/931/1166
f 2469/934/1165 2470/739/1270 2471/775/1271
f 2472/775/1271 2473/968/1272 2474/934/1165
f 2475/712/1230 2476/711/1077 2477/858/1124
f 2478/949/1273 2477/858/1274 2479/449/1275
f 2480/857/1276 2481/717/1120 2482/718/1231
f 2483/454/1277 2480/857/1278 2484/950/1279
f 2485/949/1229 2486/969/1280 2487/713/1281
f 2487/713/1281 2488/712/1230 2485/949/1229
f 2489/667/1244 2490/613/1282 2491/612/708
f 2492/719/1283 2493/970/1284 2494/950/1232
f 2494/950/1232 2495/718/1231 2492/719/1283
f 2496/615/713 2497/616/1285 2498/690/1245
f 2499/636/1286 2500/669/1287 2501/967/1267
f 2502/967/1288 2503/931/1166 2504/636/1289
f 2505/685/1290 2506/934/1165 2507/968/1291
f 2508/968/1272 2509/693/1292 2510/685/1178
f 2511/967/1267 2512/939/1181 2513/737/1185
f 2514/740/1187 2515/940/1293 2516/968/1294
f 2517/737/1185 2518/774/1295 2519/967/1267
f 2520/968/1272 2521/775/1296 2522/740/1187
f 2523/449/1297 2524/448/1298 2525/949/1273
f 2526/950/1279 2527/455/1299 2528/454/1300
f 2529/939/1301 2530/967/1267 2531/669/1302
f 2532/693/1303 2533/968/1294 2534/940/1293
f 2535/669/1302 2536/668/1195 2537/939/1301
f 2538/940/1293 2539/694/1196 2540/693/1303
f 2541/969/1280 2542/941/1304 2543/714/1305
f 2543/714/1305 2544/713/1281 2541/969/1280
f 2545/941/1243 2541/969/1280 2546/447/1306
f 2546/447/1307 2547/667/1244 2548/941/1308
f 2549/970/1284 2550/719/1283 2551/720/1309
f 2551/720/1309 2552/942/1310 2549/970/1284
f 2553/456/1311 2549/970/1284 2554/942/1310
f 2555/942/1310 2556/690/1245 2553/456/1312
f 2557/907/1140 2558/557/1313 2559/559/1314
f 2559/559/1314 2560/908/1142 2561/907/1315
f 2562/910/1316 2563/909/1146 2564/561/1317
f 2564/561/1317 2565/560/1318 2566/910/1147
f 2567/448/1319 2568/447/1320 2569/969/1321
f 2569/969/1321 2570/949/1229 2567/448/1319
f 2571/455/1322 2572/950/1323 2573/970/1284
f 2573/970/1284 2574/456/1324 2571/455/1322
f 2575/971/1325 2576/972/1326 2577/973/1326
f 2575/971/1325 2577/973/1326 2578/974/1327
f 2579/975/1328 2575/971/1325 2578/974/1327
f 2579/975/1328 2580/976/1325 2575/971/1325
f 2578/974/1327 2581/977/1325 2579/975/1328
f 2581/977/1325 2578/974/1327 2582/978/1325
f 2579/975/1328 2581/977/1325 2583/979/1325
f 2582/978/1325 2584/980/1325 2581/977/1325
f 2584/980/1325 2582/978/1325 2585/981/1329
f 2584/980/1325 2585/981/1329 2586/982/1325
f 2586/982/1325 2587/983/1325 2584/980/1325
f 2579/975/1328 2583/979/1325 2588/984/1325
f 2579/975/1328 2588/984/1325 2589/985/1325
f 2579/975/1328 2589/985/1325 2590/986/1325
f 2579/975/1328 2590/986/1325 2591/987/1325
f 2579/975/1328 2591/987/1325 2592/988/1327
f 2579/975/1328 2592/988/1327 2593/989/1325
f 2594/990/1325 2595/991/1327 2596/992/1327
f 2595/991/1327 2597/993/1326 2598/994/1326
f 2595/991/1327 2599/995/1327 2597/993/1326
f 2599/995/1327 2595/991/1327 2594/990/1325
f 2594/990/1325 2600/996/1325 2599/995/1327
f 2601/997/1325 2599/995/1327 2600/996/1325
f 2600/996/1325 2602/998/1330 2601/997/1325
f 2602/998/1330 2603/999/1331 2601/997/1325
f 2604/1000/1330 2603/999/1331 2602/998/1330
f 2602/998/1330 2605/1001/1327 2604/1000/1330
f 2594/990/1325 2606/1002/1325 2600/996/1325
f 2594/990/1325 2607/1003/1325 2606/1002/1325
f 2594/990/1325 2608/1004/1325 2607/1003/1325
f 2594/990/1325 2609/1005/1327 2608/1004/1325
f 2594/990/1325 2610/1006/1325 2609/1005/1327
f 2594/990/1325 2611/1007/1325 2610/1006/1325
f 2594/990/1325 2612/1008/1325 2611/1007/1325
