# Blender 5.1.2
# www.blender.org
mtllib Batrambit1 2.mtl
o batdagger2.002
v -0.666339 0.391719 0.067148
v -0.665830 0.274131 0.080157
v -0.666339 0.391719 0.080157
v -0.665830 0.274131 0.067148
v 0.420962 0.852454 0.067148
v 0.420962 0.852454 0.080157
v 0.301657 0.693646 0.080157
v 0.301657 0.693646 0.067148
v -0.650024 0.493620 0.067148
v -0.666339 0.391719 0.080157
v -0.650024 0.493620 0.080157
v -0.666339 0.391719 0.067148
v -0.589354 0.605140 0.067148
v -0.589354 0.605140 0.080157
v -0.474640 0.747001 0.067148
v -0.474640 0.747001 0.080157
v 0.230582 0.544533 0.067148
v 0.230582 0.544533 0.080157
v 0.182574 0.625786 0.067148
v 0.182574 0.625786 0.080157
v 0.567799 0.747001 0.067148
v 0.567799 0.747001 0.080157
v 0.420962 0.852454 0.067148
v 0.420962 0.852454 0.080157
v 0.301657 0.693646 0.080157
v 0.301657 0.693646 0.067148
v 0.217539 0.637849 0.080157
v 0.217539 0.637849 0.067148
v 0.182574 0.625786 0.080157
v 0.182574 0.625786 0.067148
v -0.474640 0.747001 0.067148
v -0.474640 0.747001 0.080157
v -0.327803 0.852454 0.067148
v -0.327803 0.852454 0.080157
v -0.208498 0.693646 0.080157
v -0.208498 0.693646 0.067148
v -0.124380 0.637849 0.080157
v -0.124380 0.637849 0.067148
v -0.089414 0.625786 0.080157
v -0.089414 0.625786 0.067148
v 0.759492 0.391719 0.067148
v 0.758980 0.274131 0.080157
v 0.758980 0.274131 0.067148
v 0.759492 0.391719 0.080157
v 0.743176 0.493620 0.067148
v 0.759492 0.391719 0.080157
v 0.759492 0.391719 0.067148
v 0.743176 0.493620 0.080157
v 0.682507 0.605140 0.067148
v 0.682507 0.605140 0.080157
v 0.567799 0.747001 0.067148
v 0.567799 0.747001 0.080157
v -0.327803 0.852454 0.067148
v -0.327803 0.852454 0.080157
v -0.208498 0.693646 0.080157
v -0.208498 0.693646 0.067148
v -0.137423 0.544533 0.067148
v -0.137423 0.544533 0.080157
v -0.089414 0.625786 0.067148
v -0.089414 0.625786 0.080157
v -0.698991 0.416889 0.074160
v -0.662405 0.226558 0.074160
v -0.663390 0.414522 0.102144
v -0.646312 0.517531 0.106108
v -0.685822 0.523601 0.074160
v -0.698991 0.416889 0.074160
v -0.663390 0.414522 0.102144
v -0.310033 0.937046 0.074160
v -0.426892 0.814575 0.037969
v -0.325093 0.892203 0.023177
v -0.646312 0.517531 0.042213
v -0.685822 0.523601 0.074160
v -0.698991 0.416889 0.074160
v -0.663390 0.414522 0.046177
v -0.662405 0.226558 0.074160
v -0.399027 0.546688 0.074160
v -0.364745 0.477572 0.063151
v -0.378026 0.473871 0.074160
v -0.377772 0.547872 0.057526
v -0.364745 0.477572 0.085169
v -0.377772 0.547872 0.090807
v -0.399027 0.546688 0.074160
v -0.378026 0.473871 0.074160
v -0.310033 0.937046 0.074160
v -0.426892 0.814575 0.110352
v -0.325093 0.892203 0.125144
v -0.413087 0.660650 0.074160
v -0.377772 0.547872 0.057526
v -0.399027 0.546688 0.074160
v -0.379678 0.660650 0.048069
v -0.377772 0.547872 0.090807
v -0.379678 0.660650 0.100264
v -0.413087 0.660650 0.074160
v -0.399027 0.546688 0.074160
v -0.375071 0.744273 0.104205
v -0.413087 0.660650 0.074160
v -0.379678 0.660650 0.100264
v -0.413071 0.747898 0.074160
v -0.413087 0.660650 0.074160
v -0.413071 0.747898 0.074160
v -0.375071 0.744273 0.044116
v -0.379678 0.660650 0.048069
v -0.350924 0.481197 0.074160
v -0.377772 0.547872 0.057526
v -0.364745 0.477572 0.063151
v -0.341138 0.826711 0.074160
v -0.269110 0.784307 0.031519
v -0.317738 0.764918 0.074160
v -0.325093 0.892203 0.023177
v -0.317738 0.764918 0.074160
v -0.269110 0.784307 0.116814
v -0.341138 0.826711 0.074160
v -0.325093 0.892203 0.125144
v 0.182710 0.656950 0.031070
v 0.210797 0.618174 0.074160
v 0.154830 0.693360 0.074160
v 0.182710 0.656950 0.117251
v 0.316806 0.803697 0.074160
v 0.423387 0.892203 0.023177
v 0.408327 0.937046 0.074160
v 0.423387 0.892203 0.125144
v 0.316806 0.803697 0.074160
v 0.408327 0.937046 0.074160
v 0.449218 0.481197 0.074160
v 0.476065 0.547872 0.090807
v 0.463055 0.477572 0.085169
v 0.463055 0.477572 0.063151
v 0.476320 0.473871 0.074160
v 0.433538 0.427842 0.074160
v -0.364745 0.477572 0.063151
v -0.335244 0.427842 0.074160
v -0.378026 0.473871 0.074160
v 0.408327 0.937046 0.074160
v 0.525186 0.814575 0.037969
v 0.560707 0.837662 0.074160
v 0.646699 0.753967 0.074160
v 0.610320 0.732136 0.037654
v 0.723722 0.640005 0.074160
v 0.686123 0.627869 0.042200
v 0.744606 0.517531 0.042213
v 0.784118 0.523601 0.074160
v -0.310033 0.937046 0.074160
v -0.426892 0.814575 0.037969
v -0.462413 0.837662 0.074160
v -0.548406 0.753967 0.074160
v -0.512010 0.732136 0.037654
v -0.625422 0.640005 0.074160
v -0.587819 0.627869 0.042200
v -0.646312 0.517531 0.042213
v -0.685822 0.523601 0.074160
v 0.473365 0.744273 0.044116
v 0.425738 0.882508 0.043801
v 0.511381 0.747898 0.074160
v 0.462133 0.892203 0.074160
v -0.327444 0.882508 0.043801
v -0.375071 0.744273 0.044116
v -0.413071 0.747898 0.074160
v -0.363839 0.892203 0.074160
v 0.416031 0.764918 0.074160
v 0.301762 0.717633 0.029239
v 0.367404 0.784307 0.031519
v 0.337061 0.683665 0.074160
v -0.203452 0.717633 0.029239
v -0.317738 0.764918 0.074160
v -0.269110 0.784307 0.031519
v -0.238767 0.683665 0.074160
v 0.337061 0.683665 0.074160
v 0.249560 0.676412 0.028512
v 0.301762 0.717633 0.029239
v 0.280156 0.640005 0.074160
v -0.203452 0.717633 0.029239
v -0.151250 0.676412 0.028512
v -0.238767 0.683665 0.074160
v -0.181863 0.640005 0.074160
v 0.210797 0.618174 0.074160
v 0.249560 0.676412 0.028512
v 0.280156 0.640005 0.074160
v 0.182710 0.656950 0.031070
v -0.151250 0.676412 0.028512
v -0.112503 0.618174 0.074160
v -0.181863 0.640005 0.074160
v -0.084417 0.656950 0.031070
v 0.301762 0.717633 0.029239
v 0.216151 0.716374 0.074160
v 0.264556 0.752782 0.074160
v 0.249560 0.676412 0.028512
v 0.216151 0.716374 0.074160
v 0.182710 0.656950 0.031070
v 0.154830 0.693360 0.074160
v -0.117841 0.716374 0.074160
v -0.203452 0.717633 0.029239
v -0.166262 0.752782 0.074160
v -0.151250 0.676412 0.028512
v -0.117841 0.716374 0.074160
v -0.084417 0.656950 0.031070
v -0.056536 0.693360 0.074160
v 0.367404 0.784307 0.031519
v 0.264556 0.752782 0.074160
v 0.316806 0.803697 0.074160
v 0.301762 0.717633 0.029239
v 0.423387 0.892203 0.023177
v -0.166262 0.752782 0.074160
v -0.269110 0.784307 0.031519
v -0.218512 0.803697 0.074160
v -0.203452 0.717633 0.029239
v -0.325093 0.892203 0.023177
v 0.423387 0.892203 0.023177
v 0.525186 0.814575 0.037969
v 0.439432 0.826711 0.074160
v 0.488425 0.791560 0.074160
v -0.426892 0.814575 0.037969
v -0.325093 0.892203 0.023177
v -0.341138 0.826711 0.074160
v -0.390131 0.791560 0.074160
v 0.610320 0.732136 0.037654
v 0.488425 0.791560 0.074160
v 0.525186 0.814575 0.037969
v 0.572288 0.709122 0.074160
v -0.512010 0.732136 0.037654
v -0.426892 0.814575 0.037969
v -0.390131 0.791560 0.074160
v -0.473995 0.709122 0.074160
v 0.686123 0.627869 0.042200
v 0.572288 0.709122 0.074160
v 0.610320 0.732136 0.037654
v 0.646811 0.614549 0.074160
v 0.702346 0.510279 0.074160
v 0.744606 0.517531 0.042213
v 0.761678 0.414522 0.046177
v 0.724304 0.412081 0.074160
v 0.761678 0.414522 0.046177
v 0.760709 0.226558 0.074160
v -0.587819 0.627869 0.042200
v -0.512010 0.732136 0.037654
v -0.473995 0.709122 0.074160
v -0.548517 0.614549 0.074160
v -0.604055 0.510279 0.074160
v -0.646312 0.517531 0.042213
v -0.663390 0.414522 0.046177
v -0.626010 0.412081 0.074160
v -0.662405 0.226558 0.074160
v -0.663390 0.414522 0.046177
v 0.797285 0.416889 0.074160
v 0.761678 0.414522 0.102144
v 0.760709 0.226558 0.074160
v 0.744606 0.517531 0.106108
v 0.784118 0.523601 0.074160
v 0.797285 0.416889 0.074160
v 0.761678 0.414522 0.102144
v 0.408327 0.937046 0.074160
v 0.525186 0.814575 0.037969
v 0.423387 0.892203 0.023177
v 0.744606 0.517531 0.042213
v 0.784118 0.523601 0.074160
v 0.797285 0.416889 0.074160
v 0.761678 0.414522 0.046177
v 0.760709 0.226558 0.074160
v 0.497321 0.546688 0.074160
v 0.463055 0.477572 0.063151
v 0.476065 0.547872 0.057526
v 0.476320 0.473871 0.074160
v 0.463055 0.477572 0.085169
v 0.497321 0.546688 0.074160
v 0.476065 0.547872 0.090807
v 0.476320 0.473871 0.074160
v 0.408327 0.937046 0.074160
v 0.525186 0.814575 0.110352
v 0.423387 0.892203 0.125144
v 0.511381 0.660650 0.074160
v 0.476065 0.547872 0.057526
v 0.477972 0.660650 0.048069
v 0.497321 0.546688 0.074160
v 0.476065 0.547872 0.090807
v 0.511381 0.660650 0.074160
v 0.477972 0.660650 0.100264
v 0.497321 0.546688 0.074160
v 0.511381 0.660650 0.074160
v 0.473365 0.744273 0.104205
v 0.477972 0.660650 0.100264
v 0.511381 0.747898 0.074160
v 0.477972 0.660650 0.048069
v 0.473365 0.744273 0.044116
v 0.511381 0.660650 0.074160
v 0.511381 0.747898 0.074160
v 0.449218 0.481197 0.074160
v 0.476065 0.547872 0.057526
v 0.463055 0.477572 0.063151
v 0.367404 0.784307 0.031519
v 0.439432 0.826711 0.074160
v 0.416031 0.764918 0.074160
v 0.423387 0.892203 0.023177
v 0.416031 0.764918 0.074160
v 0.367404 0.784307 0.116814
v 0.439432 0.826711 0.074160
v 0.423387 0.892203 0.125144
v -0.056536 0.693360 0.074160
v -0.112503 0.618174 0.074160
v -0.084417 0.656950 0.031070
v -0.084417 0.656950 0.117251
v -0.218512 0.803697 0.074160
v -0.325093 0.892203 0.023177
v -0.310033 0.937046 0.074160
v -0.325093 0.892203 0.125144
v -0.218512 0.803697 0.074160
v -0.310033 0.937046 0.074160
v -0.350924 0.481197 0.074160
v -0.377772 0.547872 0.090807
v -0.364745 0.477572 0.085169
v 0.610320 0.732136 0.110679
v 0.723722 0.640005 0.074160
v 0.646699 0.753967 0.074160
v 0.686123 0.627869 0.106120
v 0.744606 0.517531 0.106108
v 0.784118 0.523601 0.074160
v -0.512010 0.732136 0.110679
v -0.625422 0.640005 0.074160
v -0.587819 0.627869 0.106120
v -0.548406 0.753967 0.074160
v -0.646312 0.517531 0.106108
v -0.685822 0.523601 0.074160
v 0.476320 0.473871 0.074160
v 0.463055 0.477572 0.085169
v 0.433538 0.427842 0.074160
v -0.378026 0.473871 0.074160
v -0.335244 0.427842 0.074160
v -0.364745 0.477572 0.085169
v 0.525186 0.814575 0.110352
v 0.646699 0.753967 0.074160
v 0.560707 0.837662 0.074160
v 0.610320 0.732136 0.110679
v 0.408327 0.937046 0.074160
v 0.525186 0.814575 0.110352
v -0.426892 0.814575 0.110352
v -0.548406 0.753967 0.074160
v -0.512010 0.732136 0.110679
v -0.462413 0.837662 0.074160
v -0.310033 0.937046 0.074160
v -0.426892 0.814575 0.110352
v 0.463055 0.477572 0.063151
v 0.449218 0.481197 0.074160
v 0.433538 0.427842 0.074160
v -0.364745 0.477572 0.063151
v -0.335244 0.427842 0.074160
v -0.350924 0.481197 0.074160
v 0.511381 0.747898 0.074160
v 0.425738 0.882508 0.104532
v 0.473365 0.744273 0.104205
v 0.462133 0.892203 0.074160
v -0.327444 0.882508 0.104532
v -0.413071 0.747898 0.074160
v -0.375071 0.744273 0.104205
v -0.363839 0.892203 0.074160
v 0.453856 0.549057 0.074160
v 0.449218 0.481197 0.074160
v 0.476065 0.547872 0.057526
v -0.350924 0.481197 0.074160
v -0.355563 0.549057 0.074160
v -0.377772 0.547872 0.057526
v 0.453856 0.549057 0.074160
v 0.477972 0.660650 0.048069
v 0.443038 0.660650 0.074160
v 0.476065 0.547872 0.057526
v -0.355563 0.549057 0.074160
v -0.344728 0.660650 0.074160
v -0.379678 0.660650 0.048069
v -0.377772 0.547872 0.057526
v 0.433570 0.739462 0.074160
v 0.477972 0.660650 0.048069
v 0.473365 0.744273 0.044116
v 0.443038 0.660650 0.074160
v -0.335276 0.739462 0.074160
v -0.379678 0.660650 0.048069
v -0.344728 0.660650 0.074160
v -0.375071 0.744273 0.044116
v 0.473365 0.744273 0.044116
v 0.425738 0.882508 0.043801
v 0.433570 0.739462 0.074160
v 0.387531 0.871555 0.074160
v -0.327444 0.882508 0.043801
v -0.335276 0.739462 0.074160
v -0.289238 0.871555 0.074160
v -0.375071 0.744273 0.044116
v 0.416031 0.764918 0.074160
v 0.301762 0.717633 0.119081
v 0.337061 0.683665 0.074160
v 0.367404 0.784307 0.116814
v -0.317738 0.764918 0.074160
v -0.238767 0.683665 0.074160
v -0.203452 0.717633 0.119081
v -0.269110 0.784307 0.116814
v 0.210797 0.618174 0.074160
v 0.249560 0.676412 0.119809
v 0.182710 0.656950 0.117251
v 0.280156 0.640005 0.074160
v 0.337061 0.683665 0.074160
v 0.249560 0.676412 0.119809
v 0.301762 0.717633 0.119081
v -0.151250 0.676412 0.119809
v -0.112503 0.618174 0.074160
v -0.084417 0.656950 0.117251
v -0.181863 0.640005 0.074160
v -0.151250 0.676412 0.119809
v -0.238767 0.683665 0.074160
v -0.203452 0.717633 0.119081
v 0.182710 0.656950 0.117251
v 0.216151 0.716374 0.074160
v 0.154830 0.693360 0.074160
v 0.249560 0.676412 0.119809
v -0.084417 0.656950 0.117251
v -0.056536 0.693360 0.074160
v -0.117841 0.716374 0.074160
v -0.151250 0.676412 0.119809
v 0.301762 0.717633 0.119081
v 0.216151 0.716374 0.074160
v 0.249560 0.676412 0.119809
v 0.264556 0.752782 0.074160
v -0.117841 0.716374 0.074160
v -0.203452 0.717633 0.119081
v -0.151250 0.676412 0.119809
v -0.166262 0.752782 0.074160
v 0.367404 0.784307 0.116814
v 0.264556 0.752782 0.074160
v 0.301762 0.717633 0.119081
v 0.316806 0.803697 0.074160
v -0.269110 0.784307 0.116814
v -0.203452 0.717633 0.119081
v -0.166262 0.752782 0.074160
v -0.218512 0.803697 0.074160
v 0.367404 0.784307 0.116814
v 0.423387 0.892203 0.125144
v 0.316806 0.803697 0.074160
v -0.325093 0.892203 0.125144
v -0.269110 0.784307 0.116814
v -0.218512 0.803697 0.074160
v 0.473365 0.744273 0.104205
v 0.425738 0.882508 0.104532
v 0.433570 0.739462 0.074160
v 0.387531 0.871555 0.074160
v -0.327444 0.882508 0.104532
v -0.335276 0.739462 0.074160
v -0.289238 0.871555 0.074160
v -0.375071 0.744273 0.104205
v 0.433570 0.739462 0.074160
v 0.477972 0.660650 0.100264
v 0.473365 0.744273 0.104205
v 0.443038 0.660650 0.074160
v -0.335276 0.739462 0.074160
v -0.379678 0.660650 0.100264
v -0.344728 0.660650 0.074160
v -0.375071 0.744273 0.104205
v 0.453856 0.549057 0.074160
v 0.477972 0.660650 0.100264
v 0.443038 0.660650 0.074160
v 0.476065 0.547872 0.090807
v -0.355563 0.549057 0.074160
v -0.344728 0.660650 0.074160
v -0.379678 0.660650 0.100264
v -0.377772 0.547872 0.090807
v 0.525186 0.814575 0.110352
v 0.439432 0.826711 0.074160
v 0.488425 0.791560 0.074160
v 0.423387 0.892203 0.125144
v 0.610320 0.732136 0.110679
v 0.572288 0.709122 0.074160
v 0.686123 0.627869 0.106120
v 0.646811 0.614549 0.074160
v 0.702346 0.510279 0.074160
v 0.744606 0.517531 0.106108
v 0.761678 0.414522 0.102144
v 0.724304 0.412081 0.074160
v 0.760709 0.226558 0.074160
v -0.341138 0.826711 0.074160
v -0.426892 0.814575 0.110352
v -0.390131 0.791560 0.074160
v -0.325093 0.892203 0.125144
v -0.512010 0.732136 0.110679
v -0.473995 0.709122 0.074160
v -0.587819 0.627869 0.106120
v -0.548517 0.614549 0.074160
v -0.604055 0.510279 0.074160
v -0.646312 0.517531 0.106108
v -0.663390 0.414522 0.102144
v -0.626010 0.412081 0.074160
v -0.662405 0.226558 0.074160
v 0.453856 0.549057 0.074160
v 0.449218 0.481197 0.074160
v 0.476065 0.547872 0.090807
v -0.350924 0.481197 0.074160
v -0.355563 0.549057 0.074160
v -0.377772 0.547872 0.090807
v 0.463055 0.477572 0.085169
v 0.449218 0.481197 0.074160
v 0.433538 0.427842 0.074160
v -0.364745 0.477572 0.085169
v -0.335244 0.427842 0.074160
v -0.350924 0.481197 0.074160
v -0.813817 1.671215 0.066763
v -0.825954 1.678307 0.066815
v -0.344468 0.734966 0.067018
v -0.344468 0.734966 0.058117
v -0.368871 0.728916 0.062580
v -0.345172 0.731063 0.062580
v -0.333535 0.733903 0.067044
v -0.604638 1.260820 0.066075
v -0.604638 1.260820 0.059061
v -0.620879 1.260473 0.062581
v -0.604698 1.257980 0.062581
v -0.596960 1.257980 0.066024
v -0.465722 1.000734 0.066763
v -0.465722 1.000734 0.058372
v -0.489570 0.997893 0.062580
v -0.465516 0.997178 0.062580
v -0.454153 0.998609 0.066738
v 0.054543 0.592833 0.091274
v -0.014970 0.536339 0.062580
v 0.064901 0.589276 0.062580
v -0.019067 0.545947 0.091274
v -0.133335 0.621264 0.062580
v -0.019067 0.545947 0.033861
v 0.054543 0.592833 0.033861
v 0.145350 0.706535 0.062580
v 0.138130 0.711523 0.089973
v 0.138130 0.711523 0.035162
v 0.151870 0.720761 0.089897
v 0.151870 0.720761 0.035238
v 0.169742 0.724296 0.062580
v 0.165610 0.730000 0.089795
v 0.165610 0.730000 0.035340
v 0.180750 0.731409 0.089591
v 0.180750 0.731409 0.035544
v 0.190535 0.724665 0.062580
v 0.195893 0.732472 0.089387
v 0.195893 0.732472 0.035749
v -0.137137 1.324774 0.062580
v -0.130745 1.329393 0.081837
v -0.130745 1.329393 0.043298
v -0.185335 1.374176 0.081429
v -0.185335 1.374176 0.043732
v -0.191364 1.369556 0.062580
v -0.260277 1.427459 0.080664
v -0.260277 1.427459 0.044472
v -0.265774 1.422840 0.062581
v -0.339302 1.478986 0.080638
v -0.339302 1.478986 0.044497
v -0.343893 1.474020 0.062581
v -0.333535 0.733903 0.058091
v -0.277304 0.738870 0.062580
v -0.275573 0.742079 0.053347
v -0.275573 0.742079 0.071813
v -0.186212 0.740995 0.062580
v -0.184681 0.745983 0.047303
v -0.184681 0.745983 0.077833
v -0.102522 0.726790 0.062580
v -0.099506 0.732472 0.044063
v -0.099506 0.732472 0.081072
v -0.037024 0.704410 0.062580
v -0.032597 0.710438 0.043094
v -0.032597 0.710438 0.082041
v 0.008008 0.684154 0.062580
v 0.013146 0.689836 0.042916
v 0.013146 0.689836 0.082245
v 0.041414 0.666025 0.062580
v 0.046812 0.671728 0.042967
v 0.046812 0.671728 0.082169
v -0.454153 0.998609 0.058398
v -0.399236 0.998609 0.062580
v -0.398202 1.001450 0.053832
v -0.398202 1.001450 0.071303
v -0.319788 0.997893 0.062580
v -0.319557 1.003228 0.047252
v -0.319557 1.003228 0.077884
v -0.262192 0.992558 0.062580
v -0.260991 0.999325 0.042176
v -0.260991 0.999325 0.082959
v -0.219231 0.981910 0.062580
v -0.216744 0.989001 0.039931
v -0.216744 0.989001 0.085204
v -0.175326 0.966274 0.062580
v -0.171662 0.973019 0.040748
v -0.171662 0.973019 0.084388
v -0.126744 0.943525 0.062580
v -0.122192 0.949576 0.042482
v -0.122192 0.949576 0.082653
v -0.074044 0.912969 0.062580
v -0.068924 0.918651 0.043069
v -0.068924 0.918651 0.082092
v -0.023028 0.878856 0.062580
v -0.017386 0.884191 0.042890
v -0.017386 0.884191 0.082245
v 0.021062 0.846174 0.062580
v 0.027419 0.851162 0.042788
v 0.027419 0.851162 0.082347
v 0.060470 0.813840 0.062580
v 0.067473 0.818459 0.042814
v 0.067473 0.818459 0.082322
v 0.098676 0.779727 0.062580
v 0.105989 0.783999 0.042839
v 0.105989 0.783999 0.082296
v 0.136599 0.744551 0.062580
v 0.144000 0.748477 0.042839
v 0.144000 0.748477 0.082322
v -0.596960 1.257980 0.059112
v -0.560000 1.253360 0.062581
v -0.559169 1.255854 0.055490
v -0.559169 1.255854 0.069646
v -0.506874 1.249110 0.062581
v -0.506597 1.253013 0.051026
v -0.506597 1.253013 0.074135
v -0.466123 1.245553 0.062581
v -0.465384 1.250172 0.048833
v -0.465388 1.250172 0.076328
v -0.416639 1.235252 0.062581
v -0.415168 1.240218 0.047634
v -0.415168 1.240218 0.077501
v -0.337014 1.211787 0.062580
v -0.334580 1.217469 0.045670
v -0.334580 1.217469 0.079465
v -0.248719 1.181946 0.062580
v -0.245290 1.187628 0.043732
v -0.245290 1.187628 0.081404
v -0.176413 1.152453 0.062580
v -0.172153 1.158503 0.042890
v -0.172153 1.158503 0.082245
v -0.114649 1.120118 0.062580
v -0.109803 1.126169 0.042788
v -0.109803 1.126169 0.082347
v -0.053603 1.081755 0.062580
v -0.048440 1.087437 0.042839
v -0.048440 1.087437 0.082296
v 0.003918 1.042307 0.062580
v 0.009213 1.047642 0.042941
v 0.009213 1.047642 0.082194
v 0.053733 1.006784 0.062580
v 0.059081 1.012098 0.043120
v 0.059081 1.012098 0.082016
v 0.098801 0.974081 0.062580
v 0.104170 0.979416 0.043349
v 0.104170 0.979416 0.081812
v -0.407127 1.517718 0.082118
v -0.407127 1.517718 0.043043
v -0.410417 1.512037 0.062581
v -0.472906 1.548990 0.083164
v -0.472906 1.548990 0.041972
v -0.475159 1.542593 0.062581
v -0.549899 1.579547 0.081761
v -0.549899 1.579547 0.043375
v -0.551906 1.573149 0.062581
v -0.643335 1.612944 0.077501
v -0.643335 1.612944 0.047634
v -0.645222 1.607956 0.062581
v -0.746525 1.648120 0.071278
v -0.746525 1.648120 0.053858
v -0.749044 1.645994 0.062581
v -0.813817 1.671215 0.058372
v -0.827607 1.674772 0.062581
v -0.825954 1.678307 0.058321
v -0.854845 1.686136 0.062581
v -0.055809 1.314473 0.081914
v -0.055809 1.314473 0.043222
v -0.048980 1.318745 0.062580
v -0.012636 1.277888 0.062580
v -0.020200 1.273962 0.082577
v -0.020200 1.273962 0.042584
v 0.027387 1.228485 0.062580
v 0.018817 1.224582 0.083776
v 0.018817 1.224582 0.041360
v 0.077173 1.160629 0.062580
v 0.067473 1.157440 0.085459
v 0.067473 1.157440 0.039676
v 0.134570 1.063993 0.062580
v 0.124124 1.061500 0.086760
v 0.124124 1.061500 0.038376
v 0.193250 0.937843 0.062580
v 0.182846 0.936433 0.086989
v 0.182846 0.936433 0.038146
v 0.238346 0.825572 0.062580
v 0.228472 0.825204 0.086658
v 0.228472 0.825204 0.038478
v 0.247815 0.765175 0.085969
v 0.247815 0.765175 0.039166
v 0.256932 0.764807 0.062580
v 0.244891 0.733188 0.082449
v 0.244891 0.733188 0.042686
v 0.252313 0.733188 0.062580
v 0.229413 0.701569 0.074798
v 0.229413 0.701569 0.050338
v 0.233485 0.700853 0.062580
v 0.192468 0.651104 0.062580
v 0.054543 0.592833 0.091274
v 0.064901 0.589276 0.062580
v 0.054543 0.592833 0.033861
v 0.069896 0.618770 0.090815
v 0.069896 0.618770 0.034320
v 0.095234 0.641519 0.062580
v 0.085246 0.644707 0.090331
v 0.085246 0.644707 0.034805
v 0.098755 0.663899 0.090203
v 0.098755 0.663899 0.034932
v 0.121253 0.679535 0.062580
v 0.112264 0.683439 0.090050
v 0.112264 0.683439 0.035085
v 0.125197 0.697296 0.090024
v 0.125197 0.697296 0.035136
v 0.145350 0.706535 0.062580
v 0.138130 0.711523 0.089973
v 0.138130 0.711523 0.035162
v -0.596835 1.264377 0.066024
v -0.454561 1.006069 0.066661
v 0.018817 1.224582 0.083776
v -0.020200 1.273962 0.082577
v -0.004044 1.214628 0.091810
v 0.015736 1.139658 0.085638
v -0.026901 1.205042 0.083903
v -0.040364 1.262967 0.090178
v -0.055809 1.314473 0.081914
v -0.060532 1.252298 0.082704
v -0.074023 1.302762 0.089285
v -0.096670 1.354267 0.081582
v -0.092236 1.291030 0.082118
v -0.113707 1.341841 0.088902
v -0.153179 1.399744 0.081174
v -0.130745 1.329393 0.081837
v -0.169257 1.386970 0.088316
v -0.230957 1.453050 0.080409
v -0.185335 1.374176 0.081429
v -0.245617 1.440254 0.087270
v -0.314817 1.505639 0.080383
v -0.260277 1.427459 0.080664
v -0.327061 1.492128 0.087244
v -0.389568 1.548622 0.081863
v -0.339302 1.478986 0.080638
v -0.398348 1.533354 0.089259
v -0.407127 1.517718 0.082118
v -0.472906 1.548990 0.083164
v -0.466891 1.566036 0.090739
v -0.460872 1.583103 0.082934
v -0.549899 1.579547 0.081761
v -0.544541 1.595877 0.088851
v -0.539182 1.612228 0.081608
v -0.633276 1.638881 0.077425
v -0.638307 1.625739 0.083062
v -0.643335 1.612944 0.077501
v -0.739944 1.663386 0.071252
v -0.746525 1.648120 0.071278
v -0.744592 1.656295 0.074339
v -0.813817 1.671215 0.066763
v -0.825954 1.678307 0.066815
v -0.810555 1.678307 0.066738
v -0.332146 0.741710 0.066840
v -0.344468 0.734966 0.067018
v -0.275076 0.749886 0.074772
v -0.333535 0.733903 0.067044
v -0.272290 0.758062 0.071380
v -0.275573 0.742079 0.071813
v -0.184681 0.745983 0.077833
v -0.180598 0.758778 0.083138
v -0.176516 0.771920 0.077221
v -0.099506 0.732472 0.081072
v -0.091454 0.747761 0.087627
v -0.083403 0.763028 0.080511
v -0.032597 0.710438 0.082041
v -0.020801 0.725728 0.089132
v -0.009004 0.740995 0.081710
v 0.013146 0.689836 0.082245
v 0.026843 0.705125 0.089540
v 0.046812 0.671728 0.082169
v 0.040537 0.720393 0.082143
v 0.061202 0.686649 0.089591
v 0.075592 0.701569 0.082296
v -0.604638 1.260820 0.066075
v -0.559737 1.262252 0.072145
v -0.558781 1.268649 0.069620
v -0.596960 1.257980 0.066024
v -0.559169 1.255854 0.069646
v -0.505854 1.263314 0.078394
v -0.506597 1.253013 0.074135
v -0.505115 1.273962 0.074033
v -0.465388 1.250172 0.076328
v -0.463416 1.262599 0.081353
v -0.461447 1.274678 0.076124
v -0.415168 1.240218 0.077501
v -0.411245 1.253360 0.082934
v -0.407323 1.266502 0.077246
v -0.334580 1.217469 0.079465
v -0.328095 1.232042 0.085612
v -0.321607 1.246616 0.079185
v -0.245290 1.187628 0.081404
v -0.236144 1.203611 0.088290
v -0.226999 1.219247 0.081149
v -0.172153 1.158503 0.082245
v -0.160790 1.174139 0.089438
v -0.149427 1.190122 0.081990
v -0.109803 1.126169 0.082347
v -0.096880 1.141436 0.089616
v -0.083957 1.157072 0.082118
v -0.048440 1.087437 0.082296
v -0.034675 1.102704 0.089616
v -0.020914 1.117646 0.082169
v 0.009213 1.047642 0.082194
v 0.023333 1.062562 0.089591
v 0.037453 1.077482 0.082245
v 0.059081 1.012098 0.082016
v 0.073343 1.027040 0.089540
v 0.104170 0.979416 0.081812
v 0.087605 1.041960 0.082373
v 0.118482 0.994336 0.089489
v 0.132797 1.009257 0.082500
v -0.019067 0.545947 0.091274
v -0.029996 0.572230 0.101987
v -0.133335 0.621264 0.062580
v -0.040925 0.598168 0.091198
v -0.000693 0.610962 0.091198
v 0.026925 0.601724 0.101987
v 0.054543 0.592833 0.091274
v 0.015644 0.636184 0.090637
v 0.069896 0.618770 0.090815
v 0.058615 0.653251 0.100584
v 0.031981 0.661406 0.090075
v 0.085246 0.644707 0.090331
v 0.048151 0.683092 0.089820
v 0.098755 0.663899 0.090203
v 0.088294 0.694108 0.100023
v 0.064325 0.704757 0.089565
v 0.112264 0.683439 0.090050
v 0.081973 0.721455 0.089463
v 0.125197 0.697296 0.090024
v 0.118879 0.724665 0.099819
v 0.099625 0.737807 0.089361
v 0.138130 0.711523 0.089973
v 0.119054 0.750233 0.089412
v 0.151870 0.720761 0.089897
v 0.152830 0.745614 0.099538
v 0.138479 0.762681 0.089463
v 0.165610 0.730000 0.089795
v 0.152730 0.785409 0.090713
v 0.180750 0.731409 0.089591
v 0.187991 0.759125 0.099283
v 0.166982 0.807811 0.091963
v 0.195893 0.732472 0.089387
v 0.201273 0.822363 0.097319
v 0.222133 0.764460 0.097268
v 0.154954 0.932161 0.096860
v 0.126370 0.927195 0.088290
v 0.182846 0.936433 0.086989
v 0.228472 0.825204 0.086658
v 0.124124 1.061500 0.086760
v 0.247815 0.765175 0.085969
v 0.244891 0.733188 0.082449
v 0.096267 1.054386 0.096146
v 0.068407 1.047642 0.087193
v 0.067473 1.157440 0.085459
v 0.224062 0.733535 0.091886
v 0.229413 0.701569 0.074798
v 0.204705 0.701916 0.076404
v 0.217166 0.701200 0.079950
v 0.192468 0.651104 0.062580
v 0.041603 1.148549 0.094182
v -0.465722 1.000734 0.066763
v -0.399577 1.008910 0.074262
v -0.398714 1.017086 0.071099
v -0.454153 0.998609 0.066738
v -0.318943 1.016717 0.083393
v -0.398202 1.001450 0.071303
v -0.319557 1.003228 0.077884
v -0.318328 1.030575 0.077552
v -0.260991 0.999325 0.082959
v -0.257790 1.017433 0.090356
v -0.254585 1.035194 0.082577
v -0.216744 0.989001 0.085204
v -0.210114 1.008910 0.093417
v -0.203480 1.028450 0.084821
v -0.171662 0.973019 0.084388
v -0.161895 0.991496 0.092346
v -0.152127 1.009626 0.084056
v -0.122192 0.949576 0.082653
v -0.110051 0.965558 0.089999
v -0.097914 0.981541 0.082373
v -0.068924 0.918651 0.082092
v -0.055269 0.933224 0.089259
v -0.041618 0.948144 0.081863
v -0.017386 0.884191 0.082245
v -0.002335 0.898417 0.089540
v 0.012712 0.912622 0.082092
v 0.027419 0.851162 0.082347
v 0.044364 0.864304 0.089667
v 0.061308 0.877099 0.082220
v 0.067473 0.818459 0.082322
v 0.086148 0.830191 0.089642
v 0.104820 0.841924 0.082194
v 0.105989 0.783999 0.082296
v 0.125485 0.795363 0.089616
v 0.144000 0.748477 0.082322
v 0.144977 0.806380 0.082169
v 0.163731 0.759471 0.089591
v 0.183465 0.770857 0.082143
v 0.042747 1.083164 0.062580
v 0.087605 1.041960 0.082373
v 0.092952 1.047274 0.062580
v 0.132797 1.009257 0.082500
v 0.138166 1.014592 0.062580
v 0.132797 1.009257 0.042635
v 0.087605 1.041960 0.042788
v 0.037453 1.077482 0.082245
v 0.037453 1.077482 0.042890
v -0.015752 1.123328 0.062580
v -0.020914 1.117646 0.082169
v -0.020914 1.117646 0.042967
v -0.079114 1.162754 0.062580
v -0.083957 1.157072 0.082118
v -0.083957 1.157072 0.043018
v -0.145167 1.196151 0.062580
v -0.149427 1.190122 0.081990
v -0.149427 1.190122 0.043145
v -0.223570 1.225298 0.062580
v -0.226999 1.219247 0.081149
v -0.226999 1.219247 0.043987
v -0.319173 1.251950 0.062580
v -0.321607 1.246616 0.079185
v -0.321607 1.246616 0.045951
v -0.405852 1.271490 0.062581
v -0.407323 1.266502 0.077246
v -0.407323 1.266502 0.047889
v -0.460712 1.279297 0.062581
v -0.461447 1.274678 0.076124
v -0.461447 1.274678 0.049012
v -0.505115 1.273962 0.074033
v -0.505115 1.273962 0.051103
v -0.504838 1.277888 0.062581
v -0.558781 1.268649 0.069620
v -0.558781 1.268649 0.055515
v -0.559474 1.271121 0.062581
v -0.596835 1.264377 0.066024
v -0.596835 1.264377 0.059137
v -0.604574 1.264377 0.062581
v -0.314817 1.505639 0.080383
v -0.386278 1.554672 0.062581
v -0.389568 1.548622 0.081863
v -0.314817 1.505639 0.044752
v -0.389568 1.548622 0.043298
v -0.310227 1.510605 0.062581
v -0.230957 1.453050 0.080409
v -0.230957 1.453050 0.044727
v -0.225460 1.457669 0.062580
v -0.153179 1.399744 0.081174
v -0.153179 1.399744 0.043961
v -0.147149 1.404363 0.062580
v -0.096670 1.354267 0.081582
v -0.096670 1.354267 0.043553
v -0.090282 1.358887 0.062580
v -0.055809 1.314473 0.081914
v -0.055809 1.314473 0.043222
v -0.048980 1.318745 0.062580
v 0.111823 0.846543 0.062580
v 0.144977 0.806380 0.082169
v 0.152289 0.810652 0.062580
v 0.183465 0.770857 0.082143
v 0.190866 0.774761 0.062580
v 0.183465 0.770857 0.042992
v 0.144977 0.806380 0.042967
v 0.104820 0.841924 0.082194
v 0.104820 0.841924 0.042941
v 0.067665 0.882066 0.062580
v 0.061308 0.877099 0.082220
v 0.061308 0.877099 0.042916
v 0.018355 0.917956 0.062580
v 0.012712 0.912622 0.082092
v 0.012712 0.912622 0.043043
v -0.036498 0.953826 0.062580
v -0.041618 0.948144 0.081863
v -0.041618 0.948144 0.043273
v -0.093359 0.987592 0.062580
v -0.097914 0.981541 0.082373
v -0.097914 0.981541 0.042763
v -0.148464 1.016370 0.062580
v -0.152127 1.009626 0.084056
v -0.152127 1.009626 0.041079
v -0.200993 1.035910 0.062580
v -0.203480 1.028450 0.084821
v -0.203480 1.028450 0.040314
v -0.253384 1.042307 0.062580
v -0.254585 1.035194 0.082577
v -0.254585 1.035194 0.042559
v -0.318328 1.030575 0.077552
v -0.318328 1.030575 0.047583
v -0.318097 1.035562 0.062580
v -0.398714 1.017086 0.071099
v -0.398710 1.017086 0.054036
v -0.399918 1.019580 0.062580
v -0.454561 1.006069 0.066661
v -0.454561 1.006069 0.058500
v -0.465928 1.004637 0.062580
v -0.825954 1.678307 0.066815
v -0.810555 1.678307 0.066738
v -0.824299 1.682232 0.062581
v -0.740136 1.666596 0.062581
v -0.810555 1.678307 0.058398
v -0.739944 1.663386 0.071252
v -0.739944 1.663386 0.053883
v -0.631389 1.643500 0.062581
v -0.633276 1.638881 0.077425
v -0.633276 1.638881 0.047711
v -0.539182 1.612228 0.081608
v -0.539182 1.612228 0.043528
v -0.537175 1.618279 0.062581
v -0.460872 1.583103 0.082934
v -0.460872 1.583103 0.042202
v -0.458619 1.589479 0.062581
v -0.004581 0.746698 0.062580
v 0.040537 0.720393 0.082143
v 0.045675 0.725728 0.062580
v 0.075592 0.701569 0.082296
v 0.080989 0.707250 0.062580
v 0.075592 0.701569 0.042839
v 0.040537 0.720393 0.042992
v -0.009004 0.740995 0.081710
v -0.009004 0.740995 0.043426
v -0.080383 0.768710 0.062580
v -0.083403 0.763028 0.080511
v -0.083403 0.763028 0.044624
v -0.174984 0.776886 0.062580
v -0.176516 0.771920 0.077221
v -0.176516 0.771920 0.047915
v -0.272290 0.758062 0.071380
v -0.272290 0.758062 0.053781
v -0.272852 0.760556 0.062580
v -0.332146 0.741710 0.066840
v -0.332146 0.741710 0.058296
v -0.343765 0.738870 0.062580
v -0.344468 0.734966 0.067018
v -0.344468 0.734966 0.058117
v -0.368871 0.728916 0.062580
v -0.604638 1.260820 0.066075
v -0.604638 1.260820 0.059061
v -0.620879 1.260473 0.062581
v -0.465722 1.000734 0.066763
v -0.465722 1.000734 0.058372
v -0.489570 0.997893 0.062580
v -0.040925 0.598168 0.091198
v -0.011051 0.614519 0.062580
v -0.045026 0.608122 0.062580
v -0.133335 0.621264 0.062580
v -0.040925 0.598168 0.033938
v -0.000693 0.610962 0.091198
v -0.000693 0.610962 0.033938
v 0.055336 0.708682 0.062580
v 0.064325 0.704757 0.089565
v 0.064325 0.704757 0.035570
v 0.081973 0.721455 0.089463
v 0.081973 0.721455 0.035672
v 0.092405 0.742773 0.062580
v 0.099625 0.737807 0.089361
v 0.099625 0.737807 0.035800
v 0.119054 0.750233 0.089412
v 0.119054 0.750233 0.035723
v 0.132069 0.769426 0.062580
v 0.138479 0.762681 0.089463
v 0.138479 0.762681 0.035672
v -0.825954 1.678307 0.058321
v -0.854845 1.686136 0.062581
v -0.019067 0.545947 0.091274
v -0.029996 0.572230 0.101987
v -0.133335 0.621264 0.062580
v -0.019067 0.545947 0.033861
v -0.029996 0.572230 0.023149
v -0.133335 0.621264 0.062580
v 0.190535 0.724665 0.062580
v 0.195893 0.732472 0.089387
v 0.195893 0.732472 0.035749
v 0.204705 0.701916 0.076404
v 0.204705 0.701916 0.048731
v 0.200349 0.700853 0.062580
v 0.192468 0.651104 0.062580
v -0.011051 0.614519 0.062580
v -0.000693 0.610962 0.091198
v -0.000693 0.610962 0.033938
v 0.015644 0.636184 0.090637
v 0.015644 0.636184 0.034499
v 0.021993 0.664615 0.062580
v 0.031981 0.661406 0.090075
v 0.031981 0.661406 0.035060
v 0.048151 0.683092 0.089820
v 0.048151 0.683092 0.035315
v 0.055336 0.708682 0.062580
v 0.064325 0.704757 0.089565
v 0.064325 0.704757 0.035570
v 0.132069 0.769426 0.062580
v 0.138479 0.762681 0.089463
v 0.138479 0.762681 0.035672
v 0.152730 0.785409 0.090713
v 0.152730 0.785409 0.034422
v 0.148921 0.820953 0.062580
v 0.166982 0.807811 0.091963
v 0.166982 0.807811 0.033172
v 0.126370 0.927195 0.088290
v 0.126370 0.927195 0.036845
v 0.115103 0.926826 0.062580
v 0.057961 1.044801 0.062580
v 0.068407 1.047642 0.087193
v 0.068407 1.047642 0.037942
v 0.006036 1.136470 0.062580
v 0.015736 1.139658 0.085638
v 0.015736 1.139658 0.039498
v -0.035475 1.201139 0.062580
v -0.026901 1.205042 0.083903
v -0.026901 1.205042 0.041232
v -0.068096 1.248025 0.062580
v -0.060532 1.252298 0.082704
v -0.060532 1.252298 0.042431
v -0.099065 1.286410 0.062580
v -0.092236 1.291030 0.082118
v -0.092236 1.291030 0.043043
v -0.137137 1.324774 0.062580
v -0.130745 1.329393 0.081837
v -0.130745 1.329393 0.043298
v -0.596835 1.264377 0.059137
v -0.454561 1.006069 0.058500
v -0.810555 1.678307 0.058398
v -0.332146 0.741710 0.058296
v -0.344468 0.734966 0.058117
v -0.275079 0.749886 0.050363
v -0.272290 0.758062 0.053781
v 0.073343 1.027040 0.035596
v 0.023333 1.062562 0.035545
v 0.037453 1.077482 0.042890
v -0.020914 1.117646 0.042967
v 0.087605 1.041960 0.042788
v 0.118482 0.994336 0.035647
v 0.132797 1.009257 0.042635
v 0.104170 0.979416 0.043349
v 0.059081 1.012098 0.043120
v 0.009213 1.047642 0.042941
v -0.034679 1.102704 0.035545
v -0.083957 1.157072 0.043018
v -0.048440 1.087437 0.042839
v -0.096880 1.141436 0.035519
v -0.149427 1.190122 0.043145
v -0.109803 1.126169 0.042788
v -0.160790 1.174139 0.035698
v -0.226999 1.219247 0.043987
v -0.172153 1.158503 0.042890
v -0.236144 1.203611 0.036845
v -0.321607 1.246616 0.045951
v -0.245290 1.187628 0.043732
v -0.328095 1.232042 0.039523
v -0.407323 1.266502 0.047889
v -0.334580 1.217469 0.045670
v -0.411245 1.253360 0.042202
v -0.461447 1.274678 0.049012
v -0.415168 1.240218 0.047634
v -0.463416 1.262599 0.043783
v 0.125485 0.795363 0.035544
v 0.086148 0.830191 0.035493
v 0.104820 0.841924 0.042941
v 0.061308 0.877099 0.042916
v 0.144977 0.806380 0.042967
v 0.163731 0.759471 0.035544
v 0.183465 0.770857 0.042992
v 0.144000 0.748477 0.042839
v 0.105989 0.783999 0.042839
v 0.067473 0.818459 0.042814
v 0.044364 0.864304 0.035468
v 0.012712 0.912622 0.043043
v 0.027419 0.851162 0.042788
v -0.002335 0.898417 0.035595
v -0.041618 0.948144 0.043273
v -0.017386 0.884191 0.042890
v -0.055269 0.933224 0.035876
v -0.097914 0.981541 0.042763
v -0.068924 0.918651 0.043069
v -0.110051 0.965558 0.035136
v -0.152127 1.009626 0.041079
v -0.122192 0.949576 0.042482
v -0.161895 0.991496 0.032815
v -0.203480 1.028450 0.040314
v -0.171662 0.973019 0.040748
v -0.210114 1.008910 0.031719
v -0.254585 1.035194 0.042559
v -0.216744 0.989001 0.039931
v -0.257790 1.017433 0.034779
v -0.604638 1.260820 0.059061
v -0.465722 1.000734 0.058372
v -0.746525 1.648120 0.053858
v -0.638307 1.625739 0.042074
v -0.643335 1.612944 0.047634
v -0.739944 1.663386 0.053883
v -0.633276 1.638881 0.047711
v -0.549899 1.579547 0.043375
v -0.544541 1.595877 0.036284
v -0.539182 1.612228 0.043528
v -0.460872 1.583103 0.042202
v -0.466891 1.566036 0.034397
v -0.472906 1.548990 0.041972
v -0.389568 1.548622 0.043298
v -0.398348 1.533354 0.035876
v -0.407127 1.517718 0.043043
v -0.339302 1.478986 0.044497
v -0.327061 1.492128 0.037891
v -0.314817 1.505639 0.044752
v -0.260277 1.427459 0.044472
v -0.245617 1.440254 0.037866
v -0.230957 1.453050 0.044727
v -0.185335 1.374176 0.043732
v -0.169257 1.386970 0.036820
v -0.153179 1.399744 0.043961
v -0.130745 1.329393 0.043298
v -0.113707 1.341841 0.036259
v -0.096670 1.354267 0.043553
v -0.092236 1.291030 0.043043
v -0.074023 1.302762 0.035851
v -0.055809 1.314473 0.043222
v -0.060532 1.252298 0.042431
v -0.040364 1.262967 0.034983
v -0.020200 1.273962 0.042584
v -0.026901 1.205042 0.041232
v -0.004044 1.214628 0.033326
v 0.018817 1.224582 0.041360
v 0.015736 1.139658 0.039498
v 0.041603 1.148549 0.030979
v 0.067473 1.157440 0.039676
v 0.068407 1.047642 0.037942
v 0.096267 1.054386 0.028990
v 0.124124 1.061500 0.038376
v 0.126370 0.927195 0.036845
v 0.154954 0.932161 0.028275
v 0.182846 0.936433 0.038146
v 0.166982 0.807811 0.033172
v 0.201273 0.822363 0.027816
v 0.228472 0.825204 0.038478
v 0.187991 0.759125 0.025852
v 0.222133 0.764460 0.027867
v 0.247815 0.765175 0.039166
v 0.244891 0.733188 0.042686
v 0.152730 0.785409 0.034422
v 0.224062 0.733535 0.033249
v 0.195893 0.732472 0.035749
v 0.229413 0.701569 0.050338
v 0.180750 0.731409 0.035544
v 0.204705 0.701916 0.048731
v 0.217166 0.701200 0.045186
v 0.192468 0.651104 0.062580
v 0.152830 0.745614 0.025597
v 0.165610 0.730000 0.035340
v 0.138479 0.762681 0.035672
v 0.151870 0.720761 0.035238
v 0.119054 0.750233 0.035723
v 0.118879 0.724665 0.025317
v 0.138130 0.711523 0.035162
v 0.099625 0.737807 0.035800
v 0.125197 0.697296 0.035136
v 0.081973 0.721455 0.035672
v 0.088294 0.694108 0.025113
v 0.112264 0.683439 0.035085
v 0.064325 0.704757 0.035570
v 0.098755 0.663899 0.034932
v 0.048151 0.683092 0.035315
v 0.058615 0.653251 0.024552
v 0.085246 0.644707 0.034805
v 0.031981 0.661406 0.035060
v 0.069896 0.618770 0.034320
v 0.015644 0.636184 0.034499
v 0.026925 0.601724 0.023149
v 0.054543 0.592833 0.033861
v -0.000693 0.610962 0.033938
v -0.019067 0.545947 0.033861
v -0.029996 0.572230 0.023149
v -0.040925 0.598168 0.033938
v -0.133335 0.621264 0.062580
v 0.026843 0.705125 0.035595
v -0.020801 0.725728 0.036029
v -0.009004 0.740995 0.043426
v -0.083403 0.763028 0.044624
v 0.040537 0.720393 0.042992
v 0.061202 0.686649 0.035544
v 0.075592 0.701569 0.042839
v 0.046812 0.671728 0.042967
v 0.013146 0.689836 0.042916
v -0.032597 0.710438 0.043094
v -0.091454 0.747761 0.037508
v -0.176516 0.771920 0.047915
v -0.099506 0.732472 0.044063
v -0.180598 0.758778 0.041997
v -0.184681 0.745983 0.047303
v -0.275573 0.742079 0.053347
v -0.333535 0.733903 0.058091
v -0.318328 1.030575 0.047583
v -0.260991 0.999325 0.042176
v -0.318943 1.016717 0.041742
v -0.319557 1.003228 0.047252
v -0.398710 1.017086 0.054036
v -0.398202 1.001450 0.053832
v -0.399577 1.008910 0.050873
v -0.454153 0.998609 0.058398
v -0.505115 1.273962 0.051103
v -0.465384 1.250172 0.048833
v -0.505854 1.263314 0.046742
v -0.506597 1.253013 0.051026
v -0.558781 1.268649 0.055515
v -0.559169 1.255854 0.055490
v -0.559737 1.262252 0.052990
v -0.596960 1.257980 0.059112
v -0.813817 1.671215 0.058372
v -0.825954 1.678307 0.058321
v -0.744592 1.656295 0.050797
v 0.102991 0.682442 0.066894
v 0.147192 0.716901 0.058222
v 0.147192 0.716901 0.066894
v 0.102991 0.682442 0.058222
v 0.218340 0.742838 0.066894
v 0.147192 0.716901 0.058222
v 0.218340 0.742838 0.058222
v 0.147192 0.716901 0.066894
v -0.083352 0.640522 0.058222
v -0.083352 0.640522 0.066894
v -0.095489 0.636618 0.066894
v -0.095489 0.636618 0.058222
v 0.016000 0.586154 0.066894
v -0.081618 0.600358 0.058222
v 0.016000 0.586154 0.058222
v -0.081618 0.600358 0.066894
v -0.249819 0.949988 0.058222
v -0.249819 0.949988 0.066894
v -0.288761 0.984448 0.058222
v -0.288761 0.984448 0.066894
v -0.126206 0.684936 0.066894
v -0.220577 0.725077 0.058222
v -0.126206 0.684936 0.058222
v -0.220577 0.725077 0.066894
v -0.220577 0.725077 0.066894
v -0.346858 0.731128 0.058222
v -0.220577 0.725077 0.058222
v -0.346858 0.731128 0.066894
v -0.226862 0.890653 0.058222
v -0.226862 0.890653 0.066894
v -0.245942 0.903796 0.058222
v -0.245942 0.903796 0.066894
v -0.344261 1.175614 0.058222
v -0.307713 1.147183 0.066894
v -0.344261 1.175614 0.066894
v -0.307713 1.147183 0.058222
v -0.288761 0.984448 0.066894
v -0.455725 0.997958 0.058222
v -0.288761 0.984448 0.058222
v -0.455725 0.997958 0.066894
v -0.219987 1.102769 0.066894
v -0.268534 1.122677 0.058222
v -0.219987 1.102769 0.058222
v -0.268534 1.122677 0.066894
v -0.296020 1.148268 0.058222
v -0.296020 1.148268 0.066894
v -0.375418 1.361446 0.066894
v -0.456230 1.419002 0.058222
v -0.375418 1.361446 0.058222
v -0.456230 1.419002 0.066894
v -0.603436 1.518499 0.066894
v -0.807090 1.666662 0.058222
v -0.603436 1.518499 0.058222
v -0.807090 1.666662 0.066894
v -0.344261 1.175614 0.066894
v -0.427834 1.207602 0.058222
v -0.344261 1.175614 0.058222
v -0.427834 1.207602 0.066894
v -0.515766 1.244903 0.058222
v -0.515766 1.244903 0.066894
v -0.592691 1.258045 0.058222
v -0.592691 1.258045 0.066894
v -0.296020 1.148268 0.066894
v -0.307713 1.147183 0.058222
v -0.296020 1.148268 0.058222
v -0.307713 1.147183 0.066894
v -0.462309 1.439604 0.066894
v -0.510593 1.448842 0.058222
v -0.462309 1.439604 0.058222
v -0.510593 1.448842 0.066894
v -0.546092 1.470529 0.058222
v -0.546092 1.470529 0.066894
v -0.554825 1.507830 0.066894
v -0.603436 1.518499 0.058222
v -0.554825 1.507830 0.058222
v -0.603436 1.518499 0.066894
v -0.041343 1.228919 0.066894
v -0.041343 1.228919 0.058222
v 0.073653 1.056945 0.066894
v 0.073653 1.056945 0.058222
v 0.177632 0.848734 0.066894
v 0.177632 0.848734 0.058222
v 0.218340 0.742838 0.066894
v 0.218340 0.742838 0.058222
v 0.016000 0.586154 0.058222
v 0.102991 0.682442 0.058222
v 0.016000 0.586154 0.066894
v 0.102991 0.682442 0.066894
v -0.375418 1.361446 0.066894
v -0.375418 1.361446 0.058222
v -0.406550 1.347935 0.058222
v -0.406550 1.347935 0.066894
v -0.461450 1.283266 0.058222
v -0.592691 1.258045 0.058222
v -0.461450 1.283266 0.066894
v -0.592691 1.258045 0.066894
v -0.414541 1.290748 0.066894
v -0.414541 1.290748 0.058222
v -0.635737 1.612640 0.058222
v -0.807090 1.666662 0.058222
v -0.635737 1.612640 0.066894
v -0.807090 1.666662 0.066894
v -0.381163 1.499654 0.066894
v -0.381163 1.499654 0.058222
v -0.186829 1.369969 0.066894
v -0.186829 1.369969 0.058222
v -0.041343 1.228919 0.066894
v -0.041343 1.228919 0.058222
v -0.219987 1.102769 0.066894
v -0.219987 1.102769 0.058222
v -0.283058 1.089996 0.058222
v -0.283058 1.089996 0.066894
v -0.287610 1.052673 0.058222
v -0.455725 0.997958 0.058222
v -0.287610 1.052673 0.066894
v -0.455725 0.997958 0.066894
v -0.218608 0.868620 0.066894
v -0.218608 0.868620 0.058222
v -0.231677 0.864001 0.058222
v -0.231677 0.864001 0.066894
v -0.219152 0.827416 0.058222
v -0.346858 0.731128 0.058222
v -0.346858 0.731128 0.066894
v -0.219152 0.827416 0.066894
v -0.403690 1.311697 0.058222
v -0.414541 1.290748 0.066894
v -0.403690 1.311697 0.066894
v -0.414541 1.290748 0.058222
v -0.406550 1.347935 0.058222
v -0.406550 1.347935 0.066894
v -0.287610 1.052673 0.066894
v -0.283058 1.089996 0.058222
v -0.287610 1.052673 0.058222
v -0.283058 1.089996 0.066894
v -0.546092 1.470529 0.066894
v -0.554825 1.507830 0.058222
v -0.546092 1.470529 0.058222
v -0.554825 1.507830 0.066894
v -0.231677 0.864001 0.058222
v -0.219152 0.827416 0.066894
v -0.231677 0.864001 0.066894
v -0.219152 0.827416 0.058222
v -0.083352 0.640522 0.058222
v -0.081618 0.600358 0.066894
v -0.083352 0.640522 0.066894
v -0.081618 0.600358 0.058222
v -0.245942 0.903796 0.066894
v -0.249819 0.949988 0.058222
v -0.245942 0.903796 0.058222
v -0.249819 0.949988 0.066894
v -0.126206 0.684936 0.058222
v -0.095489 0.636618 0.066894
v -0.126206 0.684936 0.066894
v -0.095489 0.636618 0.058222
v -0.226862 0.890653 0.058222
v -0.218608 0.868620 0.066894
v -0.226862 0.890653 0.066894
v -0.218608 0.868620 0.058222
v -0.456230 1.419002 0.058222
v -0.456230 1.419002 0.066894
v -0.462309 1.439604 0.058222
v -0.462309 1.439604 0.066894
v -0.107146 -0.510929 0.113281
v -0.069468 -0.413609 0.065585
v -0.079493 -0.413609 0.113281
v -0.107146 -0.316288 0.113281
v -0.098464 -0.515657 0.065585
v -0.177678 -0.590359 0.065585
v -0.182689 -0.582172 0.113281
v -0.107146 -0.510929 0.017889
v -0.079493 -0.413609 0.017889
v -0.182689 -0.582172 0.017889
v -0.107146 -0.316288 0.017889
v -0.285889 -0.617703 0.065585
v -0.285889 -0.608249 0.113281
v -0.285889 -0.608249 0.017889
v -0.389086 -0.582172 0.113281
v -0.389086 -0.582172 0.017889
v -0.394098 -0.590359 0.065585
v -0.464631 -0.510929 0.113281
v -0.464631 -0.510929 0.017889
v -0.473315 -0.515657 0.065585
v -0.502308 -0.413609 0.065585
v -0.492283 -0.413609 0.113281
v -0.492283 -0.413609 0.017889
v -0.464631 -0.316288 0.113281
v -0.464631 -0.316288 0.017889
v -0.473315 -0.311562 0.065585
v -0.389086 -0.245046 0.113281
v -0.389086 -0.245046 0.017889
v -0.394098 -0.236858 0.065585
v -0.285889 -0.209515 0.065585
v -0.285889 -0.218969 0.113281
v -0.285889 -0.218969 0.017889
v -0.182689 -0.245046 0.113281
v -0.182689 -0.245046 0.017889
v -0.177678 -0.236858 0.065585
v -0.098464 -0.311562 0.065585
v -0.207707 -0.285907 0.065585
v -0.204157 -0.280107 0.017889
v -0.150475 -0.339880 0.065585
v -0.144323 -0.336531 0.017889
v -0.285889 -0.259454 0.017889
v -0.122423 -0.413609 0.017889
v -0.285889 -0.266151 0.065585
v -0.285889 -0.259454 0.113281
v -0.364069 -0.285907 0.065585
v -0.204157 -0.280107 0.113281
v -0.367621 -0.280107 0.113281
v -0.144323 -0.336531 0.113281
v -0.367621 -0.280107 0.017889
v -0.122423 -0.413609 0.113281
v -0.421303 -0.339880 0.065585
v -0.427454 -0.336531 0.113281
v -0.427454 -0.336531 0.017889
v -0.449351 -0.413609 0.113281
v -0.449351 -0.413609 0.017889
v -0.442249 -0.413609 0.065585
v -0.421303 -0.487338 0.065585
v -0.427454 -0.490686 0.113281
v -0.427454 -0.490686 0.017889
v -0.367621 -0.547111 0.113281
v -0.367621 -0.547111 0.017889
v -0.364069 -0.541310 0.065585
v -0.285889 -0.567764 0.113281
v -0.285889 -0.567764 0.017889
v -0.285889 -0.561066 0.065585
v -0.207707 -0.541310 0.065585
v -0.204157 -0.547111 0.113281
v -0.204157 -0.547111 0.017889
v -0.150475 -0.487338 0.065585
v -0.144323 -0.490686 0.113281
v -0.144323 -0.490686 0.017889
v -0.129526 -0.413609 0.065585
v -0.389086 -0.245046 0.113281
v -0.285889 -0.259454 0.113281
v -0.285889 -0.218969 0.113281
v -0.204157 -0.280107 0.113281
v -0.367621 -0.280107 0.113281
v -0.182689 -0.245046 0.113281
v -0.464631 -0.316288 0.113281
v -0.144323 -0.336531 0.113281
v -0.427454 -0.336531 0.113281
v -0.107146 -0.316288 0.113281
v -0.492283 -0.413609 0.113281
v -0.079493 -0.413609 0.113281
v -0.449351 -0.413609 0.113281
v -0.122423 -0.413609 0.113281
v -0.427454 -0.490686 0.113281
v -0.107146 -0.510929 0.113281
v -0.464631 -0.510929 0.113281
v -0.144323 -0.490686 0.113281
v -0.367621 -0.547111 0.113281
v -0.182689 -0.582172 0.113281
v -0.389086 -0.582172 0.113281
v -0.204157 -0.547111 0.113281
v -0.285889 -0.567764 0.113281
v -0.285889 -0.608249 0.113281
v -0.182689 -0.582172 0.017889
v -0.144323 -0.490686 0.017889
v -0.107146 -0.510929 0.017889
v -0.122423 -0.413609 0.017889
v -0.204157 -0.547111 0.017889
v -0.079493 -0.413609 0.017889
v -0.285889 -0.608249 0.017889
v -0.144323 -0.336531 0.017889
v -0.285889 -0.567764 0.017889
v -0.107146 -0.316288 0.017889
v -0.389086 -0.582172 0.017889
v -0.182689 -0.245046 0.017889
v -0.367621 -0.547111 0.017889
v -0.204157 -0.280107 0.017889
v -0.464631 -0.510929 0.017889
v -0.285889 -0.218969 0.017889
v -0.427454 -0.490686 0.017889
v -0.285889 -0.259454 0.017889
v -0.492283 -0.413609 0.017889
v -0.389086 -0.245046 0.017889
v -0.449351 -0.413609 0.017889
v -0.367621 -0.280107 0.017889
v -0.427454 -0.336531 0.017889
v -0.464631 -0.316288 0.017889
v -0.091958 0.643208 0.065660
v -0.229826 0.649411 0.065585
v -0.171457 0.649411 0.026326
v -0.098033 0.650246 0.026326
v 0.235607 0.698175 0.026326
v 0.235607 0.698175 0.065585
v -0.091958 0.643208 0.089982
v 0.235607 0.698175 0.104843
v -0.171457 0.649411 0.104843
v -0.229826 0.649411 0.065585
v 0.159725 -0.199742 0.065251
v 0.143876 -0.077799 0.025433
v 0.193307 -0.117263 0.065251
v 0.193307 -0.117263 0.065919
v 0.115570 -0.151130 0.025433
v 0.143876 -0.077799 0.105888
v 0.159725 -0.199742 0.065919
v 0.115570 -0.151130 0.105888
v 0.091710 -0.227281 0.025433
v 0.091710 -0.227281 0.105888
v 0.131633 -0.284587 0.065919
v 0.037922 -0.364275 0.105888
v 0.131633 -0.284587 0.065251
v 0.037922 -0.364275 0.025433
v 0.067277 -0.439578 0.065252
v -0.039643 -0.490872 0.025433
v 0.067277 -0.439578 0.065918
v -0.039643 -0.490872 0.105888
v -0.035344 -0.590694 0.065252
v -0.035344 -0.590694 0.065918
v -0.074826 -0.484023 0.105888
v -0.074826 -0.484023 0.025433
v -0.105091 -0.574887 0.065920
v -0.092982 -0.501466 0.065918
v -0.105091 -0.574887 0.065249
v -0.092982 -0.501466 0.065252
v -0.061509 -0.430812 0.025433
v -0.061509 -0.430812 0.105888
v -0.092796 -0.456303 0.065250
v -0.061408 -0.385363 0.025433
v -0.092796 -0.456303 0.065919
v -0.061408 -0.385363 0.105888
v -0.105802 -0.412054 0.065251
v -0.073539 -0.341364 0.025433
v -0.105802 -0.412054 0.065919
v -0.073539 -0.341364 0.105888
v -0.130804 -0.363165 0.065250
v -0.096835 -0.293497 0.025433
v -0.130804 -0.363165 0.065919
v -0.096835 -0.293497 0.105888
v -0.177027 -0.314022 0.065253
v -0.140512 -0.244663 0.025433
v -0.177027 -0.314022 0.065917
v -0.140512 -0.244663 0.105888
v -0.238538 -0.197279 0.025433
v -0.238538 -0.197279 0.105888
v -0.300893 -0.247287 0.065246
v -0.300893 -0.247287 0.065924
v -0.237800 -0.178356 0.065253
v -0.201080 0.638191 0.025433
v -0.272664 0.597054 0.065250
v -0.250044 0.701896 0.065251
v -0.123687 0.722975 0.065251
v -0.216447 0.567181 0.025433
v -0.101191 0.652697 0.025433
v -0.250044 0.701896 0.065918
v -0.157110 0.547665 0.065252
v -0.126302 0.530975 0.025433
v -0.272664 0.597054 0.065919
v -0.036562 0.763041 0.065250
v -0.021121 0.691780 0.025433
v 0.039946 0.760276 0.025433
v -0.201080 0.638191 0.105888
v 0.030034 0.834053 0.065251
v -0.123687 0.722975 0.065918
v -0.216447 0.567181 0.105888
v -0.101191 0.652697 0.105888
v -0.157110 0.547665 0.065918
v -0.126302 0.530975 0.105888
v -0.036562 0.763041 0.065919
v -0.021121 0.691780 0.105888
v 0.039946 0.760276 0.105888
v 0.065422 0.813864 0.025433
v 0.030034 0.834053 0.065919
v 0.065422 0.813864 0.105888
v 0.065697 0.899254 0.065251
v 0.065697 0.899254 0.065918
v 0.137398 0.906647 0.065919
v 0.137398 0.906647 0.065251
v 0.105863 0.819102 0.025433
v 0.105863 0.819102 0.105888
v 0.175047 0.841112 0.065250
v 0.134172 0.762693 0.025433
v 0.175047 0.841112 0.065919
v 0.134172 0.762693 0.105888
v 0.196854 0.741339 0.025433
v 0.196854 0.741339 0.105888
v 0.235700 0.822582 0.065917
v 0.230017 0.746979 0.105888
v 0.235700 0.822582 0.065252
v 0.230017 0.746979 0.025433
v 0.286944 0.824085 0.065248
v 0.286944 0.824085 0.065921
v 0.299298 0.742022 0.065253
v 0.233250 0.690571 0.025433
v 0.209391 0.612404 0.025433
v 0.299298 0.742022 0.065917
v 0.233250 0.690571 0.105888
v 0.209391 0.612404 0.105888
v 0.270583 0.651881 0.065251
v 0.189978 0.528999 0.025433
v 0.270583 0.651881 0.065919
v 0.189978 0.528999 0.105888
v 0.248171 0.560792 0.065919
v 0.183914 0.481455 0.105888
v 0.248171 0.560792 0.065251
v 0.183914 0.481455 0.025433
v 0.241396 0.512082 0.065250
v 0.241396 0.512082 0.065919
v 0.255848 0.431101 0.065251
v 0.196854 0.404093 0.025433
v 0.255848 0.431101 0.065919
v 0.196854 0.404093 0.105888
v 0.221118 0.339224 0.025433
v 0.221118 0.339224 0.105888
v 0.284930 0.356223 0.065251
v 0.275450 0.245998 0.065251
v 0.213029 0.245344 0.025433
v 0.284930 0.356223 0.065919
v 0.199281 0.167177 0.025433
v 0.275450 0.245998 0.065919
v 0.213029 0.245344 0.105888
v 0.199281 0.167177 0.105888
v 0.259021 0.157515 0.065251
v 0.259021 0.157515 0.065919
v -0.189524 -0.151346 0.025433
v -0.237800 -0.178356 0.065917
v -0.189524 -0.151346 0.105888
v -0.208443 -0.143898 0.065250
v -0.161379 -0.115567 0.025433
v -0.208443 -0.143898 0.065919
v -0.161379 -0.115567 0.105888
v -0.155068 -0.086073 0.025433
v -0.155068 -0.086073 0.105888
v -0.203043 -0.117952 0.065251
v -0.203043 -0.117952 0.065919
v -0.202916 -0.073902 0.065250
v -0.155068 -0.041591 0.025433
v -0.202916 -0.073902 0.065919
v -0.155068 -0.041591 0.105888
v -0.220249 -0.019530 0.065251
v -0.169628 0.005310 0.025433
v -0.220249 -0.019530 0.065918
v -0.169628 0.005310 0.105888
v -0.165435 0.026197 0.025433
v -0.165435 0.026197 0.105888
v -0.211402 0.016872 0.065251
v -0.211402 0.016872 0.065919
v -0.164835 0.047386 0.065251
v -0.129098 0.049869 0.025433
v -0.164835 0.047386 0.065919
v -0.129098 0.049869 0.105888
v -0.123627 0.092161 0.065919
v -0.089962 0.095125 0.105888
v -0.123627 0.092161 0.065250
v -0.089962 0.095125 0.025433
v -0.075287 0.139685 0.105888
v -0.075287 0.139685 0.025433
v -0.109139 0.133915 0.065250
v -0.109139 0.133915 0.065919
v -0.112727 0.190079 0.065251
v -0.078781 0.197473 0.025433
v -0.112727 0.190079 0.065918
v -0.078781 0.197473 0.105888
v -0.146079 0.262518 0.065250
v -0.106735 0.255262 0.025433
v -0.146079 0.262518 0.065919
v -0.106735 0.255262 0.105888
v -0.124526 0.291577 0.065252
v -0.094853 0.269187 0.025433
v -0.124526 0.291577 0.065918
v -0.094853 0.269187 0.105888
v -0.087246 0.313615 0.065250
v -0.062708 0.289378 0.025433
v -0.087246 0.313615 0.065919
v -0.062708 0.289378 0.105888
v -0.039648 0.320708 0.025433
v -0.039648 0.320708 0.105888
v -0.064091 0.343878 0.065919
v -0.064091 0.343878 0.065251
v -0.046874 0.376346 0.065919
v -0.022877 0.354825 0.105888
v -0.046874 0.376346 0.065250
v -0.022877 0.354825 0.025433
v -0.020082 0.391726 0.105888
v -0.020082 0.391726 0.025433
v -0.044375 0.411090 0.065251
v -0.044375 0.411090 0.065919
v -0.050571 0.455202 0.065250
v -0.026370 0.436982 0.025433
v -0.050571 0.455202 0.065919
v -0.026370 0.436982 0.105888
v -0.076020 0.497769 0.065920
v -0.052227 0.482238 0.105888
v -0.076020 0.497769 0.065250
v -0.052227 0.482238 0.025433
v 0.183914 0.481455 0.105888
v -0.020082 0.391726 0.105888
v 0.196854 0.404093 0.105888
v -0.026370 0.436982 0.105888
v -0.022877 0.354825 0.105888
v 0.221118 0.339224 0.105888
v 0.213029 0.245344 0.105888
v -0.039648 0.320708 0.105888
v -0.052227 0.482238 0.105888
v 0.199281 0.167177 0.105888
v 0.189978 0.528999 0.105888
v -0.062708 0.289378 0.105888
v -0.078781 0.197473 0.105888
v -0.094853 0.269187 0.105888
v -0.106735 0.255262 0.105888
v -0.075287 0.139685 0.105888
v 0.143876 -0.077799 0.105888
v -0.089962 0.095125 0.105888
v -0.129098 0.049869 0.105888
v -0.155068 -0.041591 0.105888
v -0.169628 0.005310 0.105888
v -0.165435 0.026197 0.105888
v 0.115570 -0.151130 0.105888
v -0.155068 -0.086073 0.105888
v -0.161379 -0.115567 0.105888
v 0.091710 -0.227281 0.105888
v -0.140512 -0.244663 0.105888
v -0.189524 -0.151346 0.105888
v -0.238538 -0.197279 0.105888
v -0.096835 -0.293497 0.105888
v 0.037922 -0.364275 0.105888
v -0.073539 -0.341364 0.105888
v -0.061408 -0.385363 0.105888
v -0.061509 -0.430812 0.105888
v -0.039643 -0.490872 0.105888
v -0.074826 -0.484023 0.105888
v -0.021121 0.691780 0.105888
v 0.209391 0.612404 0.105888
v -0.101191 0.652697 0.105888
v -0.126302 0.530975 0.105888
v -0.201080 0.638191 0.105888
v -0.216447 0.567181 0.105888
v 0.134172 0.762693 0.105888
v 0.039946 0.760276 0.105888
v 0.065422 0.813864 0.105888
v 0.105863 0.819102 0.105888
v 0.196854 0.741339 0.105888
v 0.233250 0.690571 0.105888
v 0.230017 0.746979 0.105888
v -0.155068 -0.086073 0.025433
v 0.115570 -0.151130 0.025433
v -0.161379 -0.115567 0.025433
v -0.155068 -0.041591 0.025433
v 0.091710 -0.227281 0.025433
v 0.143876 -0.077799 0.025433
v -0.140512 -0.244663 0.025433
v -0.189524 -0.151346 0.025433
v -0.238538 -0.197279 0.025433
v -0.096835 -0.293497 0.025433
v 0.037922 -0.364275 0.025433
v -0.073539 -0.341364 0.025433
v -0.061408 -0.385363 0.025433
v -0.061509 -0.430812 0.025433
v -0.039643 -0.490872 0.025433
v -0.074826 -0.484023 0.025433
v -0.129098 0.049869 0.025433
v -0.169628 0.005310 0.025433
v -0.165435 0.026197 0.025433
v -0.089962 0.095125 0.025433
v -0.075287 0.139685 0.025433
v 0.199281 0.167177 0.025433
v -0.078781 0.197473 0.025433
v -0.106735 0.255262 0.025433
v -0.094853 0.269187 0.025433
v -0.062708 0.289378 0.025433
v -0.039648 0.320708 0.025433
v 0.213029 0.245344 0.025433
v -0.022877 0.354825 0.025433
v 0.221118 0.339224 0.025433
v 0.196854 0.404093 0.025433
v -0.020082 0.391726 0.025433
v 0.183914 0.481455 0.025433
v -0.026370 0.436982 0.025433
v -0.052227 0.482238 0.025433
v 0.189978 0.528999 0.025433
v -0.021121 0.691780 0.025433
v 0.209391 0.612404 0.025433
v -0.101191 0.652697 0.025433
v -0.126302 0.530975 0.025433
v -0.201080 0.638191 0.025433
v -0.216447 0.567181 0.025433
v 0.134172 0.762693 0.025433
v 0.039946 0.760276 0.025433
v 0.065422 0.813864 0.025433
v 0.105863 0.819102 0.025433
v 0.196854 0.741339 0.025433
v 0.233250 0.690571 0.025433
v 0.230017 0.746979 0.025433
vn -0.9974 0.0719 -0.0000
vn -1.0000 -0.0000 -0.0000
vn -0.2077 0.9782 -0.0000
vn -0.6951 0.7189 -0.0000
vn -0.9496 0.3136 -0.0000
vn -0.9974 0.0720 -0.0000
vn -0.8342 0.5514 -0.0000
vn -0.6915 0.7224 0.0001
vn -0.6915 0.7224 -0.0000
vn -0.5814 -0.8136 -0.0000
vn -0.9787 0.2052 -0.0000
vn -0.5815 -0.8136 -0.0000
vn -0.2080 0.9781 -0.0000
vn 0.6908 0.7230 -0.0000
vn 0.6908 0.7230 0.0001
vn -0.6944 0.7196 -0.0000
vn -0.4501 0.8930 -0.0000
vn -0.6945 0.7195 -0.0000
vn -0.9787 0.2052 -0.0001
vn -0.9787 0.2052 0.0001
vn -0.6908 0.7230 -0.0001
vn 0.2080 0.9781 0.0003
vn -0.6908 0.7230 -0.0000
vn 0.2080 0.9781 -0.0000
vn 0.6945 0.7195 -0.0000
vn 0.4501 0.8930 -0.0000
vn 0.6944 0.7196 -0.0000
vn 0.9787 0.2052 -0.0001
vn 0.9787 0.2052 0.0001
vn 0.9974 0.0720 -0.0000
vn 1.0000 -0.0000 -0.0000
vn 0.9496 0.3136 -0.0000
vn 0.9974 0.0721 -0.0000
vn 0.8342 0.5515 -0.0000
vn 0.6915 0.7224 -0.0000
vn 0.6915 0.7224 -0.0001
vn 0.2077 0.9782 -0.0000
vn 0.6951 0.7189 -0.0000
vn 0.9787 0.2052 -0.0000
vn 0.5814 -0.8136 -0.0000
vn -0.6194 -0.0179 0.7848
vn -0.6196 -0.1162 0.7763
vn -0.6194 -0.0179 0.7849
vn -0.6194 -0.0178 0.7848
vn -0.5912 0.1929 0.7831
vn -0.5921 0.1846 0.7845
vn -0.6194 -0.0178 0.7849
vn -0.4736 0.5610 -0.6790
vn -0.4752 0.6394 -0.6044
vn -0.4752 0.6393 -0.6045
vn -0.6195 -0.0181 -0.7848
vn -0.5922 0.1843 -0.7845
vn -0.5912 0.1928 -0.7832
vn -0.6194 -0.0178 -0.7849
vn -0.6196 -0.1162 -0.7763
vn -0.6014 -0.1771 -0.7791
vn -0.6014 -0.1770 -0.7791
vn -0.6014 -0.1771 0.7791
vn -0.6014 -0.1769 0.7791
vn -0.6014 -0.1770 0.7791
vn -0.4752 0.6393 0.6045
vn -0.4736 0.5610 0.6790
vn -0.4752 0.6394 0.6044
vn -0.6132 -0.0793 -0.7859
vn -0.6132 -0.0794 -0.7859
vn -0.6132 -0.0794 0.7859
vn -0.6133 -0.0795 0.7859
vn -0.6195 -0.0000 0.7850
vn -0.6195 0.0001 0.7850
vn -0.6195 -0.0000 -0.7850
vn -0.6198 0.0001 -0.7848
vn -0.6195 -0.0001 -0.7850
vn -0.6018 -0.0443 0.7974
vn -0.6167 -0.3197 -0.7193
vn -0.5486 -0.3975 -0.7356
vn -0.5484 -0.3974 -0.7358
vn -0.5486 -0.3975 0.7356
vn -0.6167 -0.3197 0.7193
vn -0.5484 -0.3973 0.7358
vn -0.6167 -0.3198 0.7193
vn -0.7998 -0.6002 -0.0000
vn -0.7999 -0.6002 -0.0000
vn -0.7999 -0.6001 -0.0000
vn -0.6293 0.3589 -0.6893
vn -0.5417 0.4239 -0.7259
vn -0.5417 0.4239 0.7259
vn -0.6293 0.3589 0.6893
vn -0.6018 0.0443 0.7974
vn 0.4898 -0.4537 -0.7445
vn -0.4898 -0.4537 -0.7445
vn 0.4732 0.5606 -0.6796
vn 0.4744 0.6389 -0.6056
vn 0.4705 0.5574 -0.6841
vn 0.4958 0.4189 -0.7607
vn 0.5007 0.4176 -0.7582
vn 0.5513 0.3309 -0.7659
vn 0.5513 0.3307 -0.7659
vn 0.5909 0.1940 -0.7831
vn 0.5918 0.1859 -0.7843
vn -0.4744 0.6389 -0.6056
vn -0.4732 0.5606 -0.6796
vn -0.4705 0.5574 -0.6841
vn -0.4958 0.4188 -0.7608
vn -0.5007 0.4176 -0.7582
vn -0.5513 0.3307 -0.7659
vn -0.5514 0.3308 -0.7659
vn -0.5908 0.1943 -0.7831
vn -0.5918 0.1859 -0.7843
vn 0.5899 0.2020 -0.7818
vn -0.5899 0.2020 -0.7818
vn 0.5481 -0.3982 -0.7356
vn 0.4554 -0.4958 -0.7395
vn 0.5481 -0.3981 -0.7356
vn 0.4483 -0.5035 -0.7385
vn -0.4554 -0.4958 -0.7395
vn -0.5481 -0.3982 -0.7356
vn -0.5481 -0.3981 -0.7356
vn -0.4485 -0.5035 -0.7385
vn 0.4483 -0.5036 -0.7385
vn 0.3106 -0.6170 -0.7231
vn 0.4553 -0.4958 -0.7395
vn 0.3049 -0.6183 -0.7244
vn -0.4553 -0.4958 -0.7395
vn -0.3105 -0.6171 -0.7230
vn -0.4483 -0.5036 -0.7385
vn -0.3049 -0.6183 -0.7244
vn 0.1947 -0.6855 -0.7015
vn 0.3095 -0.6177 -0.7229
vn 0.3039 -0.6190 -0.7243
vn -0.3094 -0.6178 -0.7229
vn -0.1947 -0.6855 -0.7015
vn -0.3039 -0.6189 -0.7242
vn -0.1947 -0.6855 -0.7016
vn -0.4274 0.5015 -0.7522
vn -0.3186 0.5880 -0.7435
vn -0.4274 0.5016 -0.7522
vn -0.3170 0.5932 -0.7400
vn -0.3176 0.5888 -0.7433
vn -0.3159 0.5939 -0.7399
vn -0.2329 0.6506 -0.7228
vn -0.2329 0.6506 -0.7229
vn 0.3186 0.5879 -0.7436
vn 0.4274 0.5015 -0.7522
vn 0.4275 0.5017 -0.7521
vn 0.3170 0.5932 -0.7400
vn 0.3176 0.5888 -0.7433
vn 0.2329 0.6506 -0.7228
vn 0.3159 0.5939 -0.7399
vn -0.5432 0.4166 -0.7290
vn -0.5411 0.4237 -0.7264
vn -0.6288 0.3578 -0.6903
vn 0.5432 0.4166 -0.7290
vn 0.5411 0.4237 -0.7264
vn 0.6288 0.3578 -0.6903
vn -0.3783 -0.6031 -0.7022
vn -0.4148 -0.5352 -0.7359
vn -0.4148 -0.5351 -0.7359
vn 0.4148 -0.5353 -0.7358
vn 0.3783 -0.6031 -0.7022
vn 0.3784 -0.6030 -0.7023
vn 0.4148 -0.5351 -0.7359
vn -0.4711 -0.4313 -0.7695
vn -0.4728 -0.4243 -0.7723
vn 0.4711 -0.4313 -0.7695
vn 0.4727 -0.4244 -0.7723
vn -0.5234 -0.3429 -0.7801
vn -0.4711 -0.4313 -0.7694
vn -0.5186 -0.3440 -0.7827
vn -0.5675 -0.2099 -0.7961
vn -0.5675 -0.2099 -0.7962
vn -0.5893 -0.1228 -0.7985
vn -0.5899 -0.1141 -0.7994
vn 0.5234 -0.3429 -0.7800
vn 0.4712 -0.4312 -0.7695
vn 0.4728 -0.4243 -0.7723
vn 0.5186 -0.3441 -0.7827
vn 0.5675 -0.2099 -0.7961
vn 0.5667 -0.2091 -0.7970
vn 0.5893 -0.1228 -0.7985
vn 0.5894 -0.1229 -0.7985
vn 0.5899 -0.1142 -0.7994
vn 0.5893 -0.1229 -0.7985
vn 0.6194 -0.0179 0.7849
vn 0.6197 -0.1160 0.7763
vn 0.5912 0.1928 0.7831
vn 0.6194 -0.0178 0.7849
vn 0.5922 0.1843 0.7845
vn 0.4752 0.6393 -0.6045
vn 0.4736 0.5610 -0.6790
vn 0.4752 0.6394 -0.6044
vn 0.6195 -0.0181 -0.7848
vn 0.5912 0.1928 -0.7831
vn 0.5922 0.1843 -0.7845
vn 0.6194 -0.0179 -0.7849
vn 0.6196 -0.1162 -0.7763
vn 0.6013 -0.1769 -0.7792
vn 0.6014 -0.1771 -0.7791
vn 0.6014 -0.1771 0.7791
vn 0.4736 0.5610 0.6790
vn 0.4752 0.6394 0.6044
vn 0.4752 0.6393 0.6045
vn 0.6132 -0.0793 -0.7859
vn 0.6132 -0.0795 -0.7859
vn 0.6132 -0.0794 -0.7859
vn 0.6132 -0.0793 0.7859
vn 0.6132 -0.0795 0.7859
vn 0.6132 -0.0794 0.7859
vn 0.6194 -0.0001 0.7851
vn 0.6190 -0.0008 0.7854
vn 0.6194 -0.0000 0.7850
vn 0.6200 -0.0000 0.7846
vn 0.6195 -0.0000 -0.7850
vn 0.6189 -0.0008 -0.7855
vn 0.6200 -0.0000 -0.7846
vn 0.6018 -0.0443 0.7974
vn 0.5486 -0.3974 -0.7356
vn 0.6167 -0.3197 -0.7193
vn 0.5484 -0.3974 -0.7358
vn 0.5486 -0.3975 0.7356
vn 0.5484 -0.3973 0.7358
vn 0.6167 -0.3197 0.7193
vn 0.6167 -0.3198 0.7193
vn 0.7999 -0.6002 -0.0000
vn 0.7998 -0.6002 -0.0000
vn 0.5417 0.4239 -0.7259
vn 0.6293 0.3589 -0.6893
vn 0.5417 0.4239 0.7259
vn 0.6293 0.3589 0.6893
vn 0.6018 0.0443 0.7974
vn 0.5007 0.4175 0.7583
vn 0.5513 0.3307 0.7659
vn 0.4958 0.4188 0.7608
vn 0.5909 0.1942 0.7830
vn 0.5918 0.1859 0.7843
vn -0.5007 0.4175 0.7583
vn -0.5513 0.3306 0.7660
vn -0.5514 0.3307 0.7659
vn -0.4958 0.4188 0.7608
vn -0.5908 0.1943 0.7830
vn -0.5918 0.1859 0.7843
vn 0.4898 -0.4538 0.7444
vn 0.4898 -0.4537 0.7445
vn -0.4898 -0.4537 0.7445
vn -0.4898 -0.4536 0.7445
vn 0.4732 0.5601 0.6800
vn 0.4704 0.5568 0.6846
vn 0.4744 0.6389 0.6056
vn 0.4727 0.5607 0.6799
vn 0.4700 0.5575 0.6844
vn -0.4732 0.5601 0.6800
vn -0.4958 0.4189 0.7608
vn -0.5007 0.4176 0.7583
vn -0.4704 0.5568 0.6846
vn -0.4744 0.6389 0.6056
vn -0.4700 0.5575 0.6844
vn -0.4727 0.5607 0.6798
vn 0.5853 -0.1675 0.7933
vn 0.5853 -0.1676 0.7933
vn -0.5853 -0.1675 0.7933
vn -0.5853 -0.1676 0.7933
vn 0.5899 0.2020 0.7818
vn 0.5900 0.2020 0.7818
vn -0.5899 0.2020 0.7818
vn -0.5899 0.2021 0.7818
vn 0.5973 0.0528 0.8003
vn 0.5973 0.0528 0.8002
vn -0.5974 0.0528 0.8002
vn -0.5973 0.0528 0.8003
vn 0.5967 0.0703 0.7994
vn 0.5966 0.0704 0.7994
vn 0.5966 0.0703 0.7994
vn 0.5967 0.0704 0.7994
vn -0.5967 0.0703 0.7994
vn -0.5966 0.0705 0.7994
vn -0.5966 0.0704 0.7995
vn 0.5732 0.2007 0.7945
vn 0.5732 0.2008 0.7944
vn 0.5732 0.2008 0.7945
vn 0.5738 0.2000 0.7942
vn -0.5733 0.2007 0.7944
vn -0.5734 0.2007 0.7943
vn -0.5738 0.2000 0.7942
vn 0.5481 -0.3981 0.7356
vn 0.4554 -0.4958 0.7395
vn 0.4483 -0.5035 0.7385
vn -0.5477 -0.3986 0.7357
vn -0.4484 -0.5036 0.7385
vn -0.4554 -0.4958 0.7395
vn -0.5482 -0.3981 0.7356
vn 0.1947 -0.6855 0.7015
vn 0.3094 -0.6177 0.7229
vn 0.1947 -0.6855 0.7016
vn 0.3039 -0.6190 0.7242
vn 0.3049 -0.6183 0.7244
vn 0.4483 -0.5036 0.7385
vn 0.3106 -0.6170 0.7231
vn 0.4553 -0.4958 0.7395
vn -0.3094 -0.6177 0.7229
vn -0.1947 -0.6855 0.7015
vn -0.3039 -0.6189 0.7243
vn -0.3105 -0.6170 0.7231
vn -0.4483 -0.5036 0.7385
vn -0.3050 -0.6183 0.7243
vn -0.4553 -0.4958 0.7395
vn -0.2329 0.6506 0.7228
vn -0.3176 0.5887 0.7433
vn -0.3159 0.5939 0.7399
vn 0.2329 0.6506 0.7228
vn 0.3176 0.5888 0.7433
vn 0.3159 0.5939 0.7399
vn -0.4274 0.5015 0.7522
vn -0.3186 0.5879 0.7436
vn -0.3170 0.5932 0.7400
vn 0.3186 0.5880 0.7435
vn 0.4274 0.5015 0.7522
vn 0.3170 0.5932 0.7400
vn 0.4274 0.5016 0.7522
vn -0.5425 0.4170 0.7292
vn -0.4275 0.5015 0.7522
vn -0.5406 0.4240 0.7266
vn 0.5426 0.4169 0.7292
vn 0.4275 0.5015 0.7522
vn 0.5406 0.4240 0.7266
vn -0.5432 0.4158 0.7294
vn -0.6288 0.3578 0.6904
vn -0.5414 0.4230 0.7266
vn 0.6288 0.3578 0.6904
vn 0.5434 0.4158 0.7293
vn 0.5413 0.4230 0.7267
vn -0.5731 -0.2008 0.7945
vn -0.5730 -0.2009 0.7945
vn -0.5732 -0.2008 0.7945
vn 0.5730 -0.2009 0.7945
vn 0.5731 -0.2008 0.7945
vn 0.5731 -0.2009 0.7945
vn -0.5960 -0.0708 0.7999
vn -0.5967 -0.0703 0.7994
vn -0.5966 -0.0703 0.7995
vn -0.5970 -0.0717 0.7990
vn 0.5959 -0.0708 0.7999
vn 0.5966 -0.0705 0.7994
vn 0.5967 -0.0705 0.7993
vn 0.5967 -0.0702 0.7994
vn -0.5971 -0.0615 0.7998
vn -0.5970 -0.0615 0.7999
vn 0.5970 -0.0615 0.7999
vn 0.5971 -0.0614 0.7998
vn 0.5971 -0.0615 0.7998
vn -0.4148 -0.5351 0.7359
vn -0.3784 -0.6030 0.7023
vn -0.3783 -0.6031 0.7022
vn -0.4712 -0.4313 0.7694
vn -0.4728 -0.4243 0.7723
vn -0.5234 -0.3429 0.7801
vn -0.5185 -0.3441 0.7828
vn -0.5675 -0.2099 0.7961
vn -0.5675 -0.2098 0.7962
vn -0.5888 -0.1236 0.7987
vn -0.5894 -0.1233 0.7984
vn -0.5899 -0.1142 0.7993
vn 0.3783 -0.6031 0.7022
vn 0.4149 -0.5351 0.7359
vn 0.4148 -0.5351 0.7359
vn 0.4711 -0.4313 0.7695
vn 0.4728 -0.4243 0.7723
vn 0.5233 -0.3429 0.7801
vn 0.5187 -0.3440 0.7827
vn 0.5676 -0.2100 0.7961
vn 0.5675 -0.2100 0.7961
vn 0.5888 -0.1236 0.7988
vn 0.5894 -0.1230 0.7984
vn 0.5900 -0.1143 0.7993
vn -0.5853 0.1675 0.7933
vn 0.5853 0.1676 0.7933
vn 0.0406 -0.9992 0.0015
vn -0.2315 0.1321 0.9638
vn -0.9666 -0.2564 0.0002
vn -0.2316 0.1318 -0.9638
vn 0.0458 -0.7181 0.6944
vn -0.2076 -0.9782 0.0005
vn -0.2303 0.1487 0.9617
vn -0.9977 0.0672 0.0002
vn -0.2303 0.1482 -0.9618
vn -0.1215 -0.7339 0.6683
vn -0.0650 -0.9979 0.0006
vn -0.2108 0.1285 0.9691
vn -0.9941 -0.1088 0.0001
vn -0.2108 0.1282 -0.9691
vn -0.0254 -0.7336 0.6791
vn 0.6644 -0.6645 0.3421
vn 0.0154 -0.9999 0.0001
vn 0.7361 -0.6769 -0.0000
vn -0.0159 -0.9530 0.3026
vn -0.5830 -0.8125 -0.0000
vn -0.0159 -0.9530 -0.3026
vn 0.6644 -0.6645 -0.3420
vn 0.6568 -0.7541 -0.0000
vn 0.5559 -0.7865 0.2691
vn 0.6290 -0.7179 0.2983
vn 0.6291 -0.7178 -0.2983
vn 0.5559 -0.7865 -0.2692
vn 0.3114 -0.9503 0.0004
vn 0.3117 -0.9136 0.2612
vn 0.3117 -0.9136 -0.2610
vn 0.0575 -0.9693 0.2392
vn 0.0576 -0.9693 -0.2392
vn -0.4354 -0.9002 0.0001
vn -0.2818 -0.9117 0.2989
vn -0.2818 -0.9117 -0.2990
vn -0.6248 -0.6845 0.3756
vn -0.5672 -0.7366 0.3684
vn -0.6711 -0.7414 -0.0000
vn -0.5672 -0.7366 -0.3684
vn -0.6248 -0.6846 -0.3755
vn -0.6074 -0.7944 -0.0000
vn -0.5255 -0.7708 0.3602
vn -0.5255 -0.7708 -0.3601
vn -0.5659 -0.8245 0.0001
vn -0.4877 -0.8034 0.3416
vn -0.4877 -0.8034 -0.3415
vn -0.5193 -0.8546 0.0001
vn 0.0458 -0.7184 -0.6941
vn 0.0716 -0.9974 -0.0000
vn 0.0604 -0.9479 -0.3129
vn 0.0604 -0.9479 0.3129
vn -0.0701 -0.9975 0.0002
vn -0.0758 -0.9470 -0.3123
vn -0.0758 -0.9469 0.3124
vn -0.2448 -0.9696 0.0002
vn -0.2347 -0.9171 -0.3222
vn -0.2356 -0.9170 0.3218
vn -0.3641 -0.9314 0.0002
vn -0.3428 -0.8746 -0.3429
vn -0.3428 -0.8745 0.3430
vn -0.4425 -0.8968 -0.0000
vn -0.4172 -0.8385 -0.3505
vn -0.4172 -0.8385 0.3505
vn -0.4723 -0.8814 -0.0000
vn -0.4423 -0.8245 -0.3529
vn -0.4423 -0.8245 0.3529
vn -0.0255 -0.7338 -0.6789
vn 0.0086 -1.0000 0.0004
vn 0.0071 -0.9508 -0.3097
vn 0.0071 -0.9507 0.3099
vn -0.0538 -0.9985 0.0001
vn -0.0526 -0.9450 -0.3229
vn -0.0526 -0.9449 0.3230
vn -0.1670 -0.9860 0.0001
vn -0.1598 -0.9341 -0.3192
vn -0.1596 -0.9341 0.3194
vn -0.2850 -0.9585 -0.0000
vn -0.2687 -0.9085 -0.3200
vn -0.2687 -0.9085 0.3201
vn -0.3784 -0.9256 0.0002
vn -0.3513 -0.8757 -0.3312
vn -0.3514 -0.8756 0.3314
vn -0.4637 -0.8860 -0.0000
vn -0.4331 -0.8338 -0.3424
vn -0.4330 -0.8338 0.3425
vn -0.5283 -0.8491 -0.0000
vn -0.4943 -0.7945 -0.3527
vn -0.4944 -0.7945 0.3526
vn -0.5763 -0.8172 0.0002
vn -0.5386 -0.7615 -0.3606
vn -0.5385 -0.7615 0.3608
vn -0.6156 -0.7881 0.0001
vn -0.5707 -0.7326 -0.3709
vn -0.5707 -0.7325 0.3711
vn -0.6463 -0.7631 -0.0000
vn -0.6002 -0.7083 -0.3716
vn -0.6001 -0.7083 0.3717
vn -0.6713 -0.7412 0.0001
vn -0.6226 -0.6840 -0.3802
vn -0.6226 -0.6840 0.3802
vn -0.6833 -0.7301 -0.0000
vn -0.6310 -0.6765 -0.3797
vn -0.6310 -0.6765 0.3798
vn -0.1219 -0.7341 -0.6680
vn -0.0861 -0.9963 0.0002
vn -0.0837 -0.9446 -0.3175
vn -0.0837 -0.9445 0.3177
vn -0.0859 -0.9963 -0.0000
vn -0.0834 -0.9435 -0.3207
vn -0.0834 -0.9435 0.3207
vn -0.1429 -0.9897 -0.0000
vn -0.1374 -0.9369 -0.3215
vn -0.1376 -0.9368 0.3217
vn -0.2447 -0.9696 0.0001
vn -0.2282 -0.9164 -0.3290
vn -0.2281 -0.9163 0.3292
vn -0.3005 -0.9538 0.0002
vn -0.2834 -0.8990 -0.3340
vn -0.2834 -0.8989 0.3341
vn -0.3481 -0.9374 0.0001
vn -0.3288 -0.8818 -0.3383
vn -0.3287 -0.8817 0.3384
vn -0.4196 -0.9077 0.0002
vn -0.3959 -0.8518 -0.3430
vn -0.3959 -0.8518 0.3431
vn -0.4976 -0.8674 0.0002
vn -0.4646 -0.8119 -0.3535
vn -0.4646 -0.8119 0.3535
vn -0.5515 -0.8341 -0.0000
vn -0.5113 -0.7799 -0.3610
vn -0.5113 -0.7799 0.3611
vn -0.5740 -0.8188 0.0002
vn -0.5347 -0.7645 -0.3601
vn -0.5347 -0.7644 0.3602
vn -0.5836 -0.8120 0.0002
vn -0.5433 -0.7578 -0.3614
vn -0.5433 -0.7578 0.3614
vn -0.5836 -0.8120 -0.0000
vn -0.5467 -0.7517 -0.3689
vn -0.5467 -0.7517 0.3689
vn -0.4343 -0.8421 0.3198
vn -0.4344 -0.8421 -0.3197
vn -0.4582 -0.8888 -0.0000
vn -0.3762 -0.8698 0.3192
vn -0.3762 -0.8698 -0.3193
vn -0.4027 -0.9153 0.0001
vn -0.3440 -0.8818 0.3225
vn -0.3440 -0.8819 -0.3224
vn -0.3631 -0.9318 -0.0000
vn -0.3276 -0.8849 0.3311
vn -0.3277 -0.8849 -0.3310
vn -0.3459 -0.9383 0.0003
vn -0.3232 -0.8909 0.3191
vn -0.3232 -0.8910 -0.3189
vn -0.3464 -0.9381 0.0001
vn -0.2717 -0.6592 0.7012
vn -0.2718 -0.6594 -0.7009
vn -0.4231 -0.9061 0.0001
vn -0.1113 0.2066 0.9721
vn -0.1114 0.2064 -0.9721
vn -0.8739 0.4861 -0.0001
vn 0.6675 0.6405 0.3796
vn 0.7630 0.6464 -0.0000
vn 0.7207 0.6932 -0.0000
vn 0.6676 0.6406 -0.3795
vn 0.7028 0.5961 0.3883
vn 0.7028 0.5961 -0.3883
vn 0.7946 0.6072 -0.0000
vn 0.7290 0.5611 0.3921
vn 0.7291 0.5611 -0.3920
vn 0.8332 0.5530 0.0001
vn 0.7646 0.5054 0.4000
vn 0.7646 0.5053 -0.4001
vn 0.8841 0.4674 0.0002
vn 0.8122 0.4315 0.3926
vn 0.8122 0.4314 -0.3927
vn 0.9146 0.4043 -0.0000
vn 0.8473 0.3705 0.3806
vn 0.8477 0.3699 -0.3802
vn 0.9439 0.3301 -0.0000
vn 0.8755 0.3098 0.3709
vn 0.8755 0.3098 -0.3708
vn 0.9288 0.0885 0.3599
vn 0.9288 0.0886 -0.3599
vn 0.9967 0.0817 -0.0000
vn 0.8918 -0.3007 0.3379
vn 0.8918 -0.3004 -0.3383
vn 0.9470 -0.3213 -0.0000
vn 0.7900 -0.5406 0.2893
vn 0.7900 -0.5406 -0.2892
vn 0.8231 -0.5679 -0.0000
vn 0.7712 -0.6366 -0.0000
vn 0.7171 -0.6970 -0.0000
vn 0.8086 -0.4730 0.3501
vn 0.6493 -0.6856 0.3291
vn 0.8085 -0.4730 -0.3501
vn 0.6494 -0.6856 -0.3291
vn 0.8443 -0.5359 0.0001
vn 0.7932 -0.5049 0.3406
vn 0.7931 -0.5049 -0.3406
vn 0.7757 -0.5370 0.3316
vn 0.7757 -0.5370 -0.3315
vn 0.7818 -0.6235 -0.0003
vn 0.7435 -0.5861 0.3220
vn 0.7435 -0.5861 -0.3220
vn 0.7028 -0.6397 0.3111
vn 0.7029 -0.6401 -0.3100
vn 0.6542 -0.7563 -0.0000
vn 0.6311 -0.7218 0.2840
vn 0.6311 -0.7218 -0.2841
vn 0.2421 0.2077 0.9478
vn 0.2362 0.2201 0.9465
vn -0.0044 0.0276 0.9996
vn -0.2656 -0.1406 0.9538
vn -0.2650 -0.1506 0.9524
vn -0.0041 0.0281 0.9996
vn 0.2313 0.2338 0.9444
vn -0.2538 -0.1747 0.9514
vn 0.0019 0.0220 0.9998
vn 0.2178 0.2505 0.9433
vn -0.2384 -0.2050 0.9493
vn 0.0077 0.0148 0.9999
vn 0.2015 0.2753 0.9400
vn -0.2201 -0.2347 0.9468
vn 0.0019 0.0160 0.9999
vn 0.1904 0.2919 0.9373
vn -0.2033 -0.2547 0.9454
vn 0.0020 0.0181 0.9998
vn 0.1918 0.3061 0.9325
vn -0.1915 -0.2781 0.9413
vn 0.0133 0.0061 0.9999
vn 0.1907 0.3334 0.9233
vn -0.1761 -0.3100 0.9343
vn 0.0252 0.0067 0.9997
vn -0.1575 -0.3360 0.9286
vn -0.1501 -0.3492 0.9249
vn 0.0082 0.0125 0.9999
vn 0.1476 0.3641 0.9196
vn -0.1621 -0.3431 0.9252
vn -0.0316 0.0259 0.9992
vn 0.0885 0.3774 0.9218
vn 0.0474 0.3804 0.9236
vn -0.0607 0.0324 0.9976
vn -0.1674 -0.3287 0.9295
vn 0.0230 0.3702 0.9287
vn -0.1677 -0.3188 0.9329
vn -0.0786 0.0368 0.9962
vn -0.2755 -0.6503 0.7080
vn -0.1585 0.0899 0.9833
vn 0.0884 0.7092 0.6994
vn -0.2137 -0.0374 0.9762
vn -0.1100 0.0481 0.9928
vn -0.2580 0.7133 0.6516
vn 0.0312 -0.7107 0.7028
vn -0.1403 0.4168 0.8981
vn -0.0358 -0.3538 0.9347
vn -0.0667 -0.3565 0.9319
vn -0.0723 0.0713 0.9948
vn -0.0441 0.4233 0.9049
vn -0.1091 -0.3459 0.9319
vn -0.0293 0.0534 0.9981
vn 0.0563 0.3945 0.9172
vn -0.1333 -0.3289 0.9349
vn -0.0074 0.0317 0.9995
vn 0.1172 0.3558 0.9272
vn -0.1560 -0.3149 0.9362
vn 0.0031 0.0180 0.9998
vn -0.1666 -0.3031 0.9383
vn 0.1478 0.3266 0.9335
vn 0.0033 0.0046 1.0000
vn 0.1609 0.3107 0.9368
vn -0.2484 -0.0026 0.9686
vn -0.1255 0.0069 0.9921
vn -0.1667 0.7169 0.6770
vn -0.1208 0.3741 0.9195
vn -0.1304 -0.7140 0.6879
vn -0.1078 -0.3570 0.9279
vn -0.0905 0.0224 0.9956
vn -0.0842 -0.3671 0.9264
vn -0.0841 0.3878 0.9179
vn -0.0846 -0.3598 0.9292
vn -0.0437 0.0347 0.9984
vn -0.0076 0.3830 0.9237
vn -0.1034 -0.3551 0.9291
vn -0.0262 0.0266 0.9993
vn 0.0531 0.3792 0.9238
vn -0.1262 -0.3403 0.9318
vn -0.0264 0.0260 0.9993
vn 0.0774 0.3743 0.9241
vn -0.1385 -0.3291 0.9341
vn -0.0146 0.0252 0.9996
vn 0.1057 0.3541 0.9292
vn -0.1498 -0.3138 0.9376
vn 0.0041 0.0249 0.9997
vn 0.1407 0.3367 0.9311
vn -0.1683 -0.2969 0.9400
vn 0.0083 0.0106 0.9999
vn 0.1710 0.3076 0.9360
vn -0.1861 -0.2862 0.9399
vn 0.0069 0.0047 1.0000
vn 0.1895 0.2863 0.9392
vn -0.1970 -0.2800 0.9396
vn 0.0003 -0.0002 1.0000
vn 0.1969 0.2811 0.9393
vn -0.2026 -0.2791 0.9386
vn -0.0059 -0.0060 1.0000
vn -0.2021 -0.2860 0.9367
vn 0.1957 0.2665 0.9438
vn -0.0219 -0.0268 0.9994
vn 0.1905 0.2688 0.9442
vn -0.1988 -0.2195 0.9551
vn -0.1952 0.3310 0.9232
vn -0.4315 -0.2251 0.8736
vn -0.2189 0.3122 0.9245
vn -0.0651 -0.4554 0.8879
vn 0.0396 -0.0335 0.9987
vn 0.2634 -0.2424 0.9337
vn -0.2986 0.2080 0.9314
vn 0.3094 -0.1669 0.9362
vn -0.0009 0.0279 0.9996
vn -0.2942 0.2166 0.9309
vn 0.3061 -0.1827 0.9343
vn -0.2940 0.2276 0.9283
vn 0.2987 -0.1960 0.9340
vn -0.0134 0.0313 0.9994
vn -0.2868 0.2628 0.9212
vn 0.2902 -0.2314 0.9286
vn -0.2801 0.2983 0.9125
vn 0.2763 -0.2664 0.9234
vn -0.0177 0.0363 0.9992
vn -0.2524 0.3270 0.9107
vn 0.2596 -0.3142 0.9132
vn -0.2261 0.3606 0.9049
vn 0.2324 -0.3556 0.9053
vn -0.0265 -0.0450 0.9986
vn -0.2083 0.2619 0.9423
vn 0.1629 -0.3502 0.9224
vn -0.1770 0.1569 0.9716
vn 0.0994 -0.3864 0.9170
vn -0.0295 -0.0795 0.9964
vn -0.1405 0.0430 0.9891
vn -0.0057 -0.3267 0.9451
vn 0.1070 0.0572 0.9926
vn 0.1981 -0.0552 0.9786
vn 0.0454 0.0259 0.9986
vn -0.2376 -0.0935 0.9669
vn 0.3150 0.1436 0.9381
vn 0.3544 0.1264 0.9265
vn 0.2826 0.1540 0.9468
vn 0.3934 -0.0136 0.9193
vn 0.3917 -0.2598 0.8826
vn 0.0116 0.0223 0.9997
vn -0.2714 -0.1286 0.9538
vn 0.2592 0.1842 0.9481
vn 0.1835 -0.2945 0.9379
vn 0.3629 -0.4152 0.8342
vn -0.2113 -0.2775 0.9372
vn 0.1085 -0.3816 0.9179
vn 0.0386 -0.3440 0.9382
vn 0.0001 0.0272 0.9996
vn -0.2101 -0.0353 0.9770
vn -0.1146 0.0092 0.9934
vn -0.2076 0.7037 0.6795
vn -0.1459 0.3782 0.9142
vn -0.0382 -0.7152 0.6979
vn -0.1143 0.0298 0.9930
vn -0.0661 -0.3634 0.9293
vn -0.0849 -0.3674 0.9262
vn -0.1214 0.3982 0.9092
vn -0.1148 -0.3531 0.9285
vn -0.0833 0.0488 0.9953
vn -0.0436 0.4004 0.9153
vn -0.1139 -0.3495 0.9300
vn -0.0131 0.0338 0.9993
vn 0.0722 0.3755 0.9240
vn -0.1148 -0.3404 0.9332
vn 0.0374 0.0065 0.9993
vn 0.1643 0.3329 0.9285
vn -0.1468 -0.3224 0.9352
vn 0.0305 -0.0005 0.9995
vn 0.1913 0.3055 0.9328
vn -0.1806 -0.2900 0.9398
vn 0.0072 0.0054 1.0000
vn 0.1843 0.2919 0.9385
vn -0.1962 -0.2709 0.9424
vn 0.0017 0.0118 0.9999
vn 0.1954 0.2869 0.9378
vn -0.2026 -0.2602 0.9441
vn 0.0067 0.0036 1.0000
vn 0.2061 0.2674 0.9413
vn -0.2146 -0.2481 0.9447
vn 0.0065 0.0044 1.0000
vn 0.2133 0.2574 0.9425
vn -0.2190 -0.2419 0.9453
vn 0.0063 0.0051 1.0000
vn -0.2186 -0.2372 0.9465
vn 0.2199 0.2453 0.9442
vn 0.0111 0.0090 0.9999
vn 0.2262 0.2378 0.9446
vn 0.5739 0.8189 -0.0001
vn 0.5408 0.7610 0.3584
vn 0.5835 0.8121 -0.0000
vn 0.5490 0.7546 0.3594
vn 0.5836 0.8120 -0.0000
vn 0.5490 0.7547 -0.3593
vn 0.5408 0.7609 -0.3585
vn 0.5347 0.7635 0.3623
vn 0.5346 0.7635 -0.3623
vn 0.5495 0.8355 -0.0002
vn 0.5123 0.7790 0.3616
vn 0.5125 0.7788 -0.3617
vn 0.4860 0.8740 0.0003
vn 0.4597 0.8155 0.3516
vn 0.4598 0.8156 -0.3512
vn 0.3991 0.9169 0.0002
vn 0.3745 0.8589 0.3492
vn 0.3741 0.8590 -0.3495
vn 0.3057 0.9521 0.0002
vn 0.2909 0.8937 0.3417
vn 0.2908 0.8936 -0.3418
vn 0.2447 0.9696 0.0002
vn 0.2313 0.9148 0.3312
vn 0.2313 0.9148 -0.3310
vn 0.1796 0.9837 0.0003
vn 0.1696 0.9281 0.3316
vn 0.1696 0.9281 -0.3314
vn 0.0547 0.9985 0.0001
vn 0.0536 0.9426 0.3295
vn 0.0536 0.9427 -0.3293
vn -0.0765 0.9440 0.3210
vn -0.0765 0.9440 -0.3208
vn -0.0778 0.9970 0.0001
vn -0.1294 0.9398 0.3164
vn -0.1294 0.9398 -0.3162
vn -0.1338 0.9910 0.0002
vn -0.1559 0.7208 0.6754
vn -0.1557 0.7208 -0.6754
vn -0.2576 0.9662 -0.0005
vn 0.4826 0.8026 0.3505
vn 0.4699 0.8827 -0.0003
vn 0.4443 0.8323 0.3314
vn 0.4825 0.8026 -0.3507
vn 0.4444 0.8324 -0.3311
vn 0.5163 0.8564 0.0002
vn 0.5099 0.7817 0.3591
vn 0.5095 0.7818 -0.3595
vn 0.5499 0.8352 -0.0000
vn 0.5509 0.7476 0.3710
vn 0.5509 0.7476 -0.3710
vn 0.5952 0.8036 0.0001
vn 0.6083 0.6972 0.3793
vn 0.6083 0.6972 -0.3793
vn 0.6604 0.7510 0.0002
vn 0.6700 0.6366 0.3819
vn 0.6701 0.6366 -0.3818
vn 0.7242 0.6896 -0.0000
vn 0.6451 0.7641 0.0002
vn 0.6229 0.6831 0.3812
vn 0.6703 0.7421 -0.0000
vn 0.6310 0.6762 0.3803
vn 0.6789 0.7342 -0.0000
vn 0.6311 0.6762 -0.3802
vn 0.6230 0.6831 -0.3812
vn 0.6014 0.7066 0.3728
vn 0.6014 0.7067 -0.3727
vn 0.6054 0.7959 0.0004
vn 0.5644 0.7377 0.3705
vn 0.5644 0.7378 -0.3704
vn 0.5646 0.8254 0.0004
vn 0.5270 0.7693 0.3611
vn 0.5270 0.7693 -0.3610
vn 0.5264 0.8502 0.0002
vn 0.4948 0.7905 0.3611
vn 0.4948 0.7905 -0.3610
vn 0.4870 0.8734 0.0002
vn 0.4585 0.8162 0.3517
vn 0.4586 0.8162 -0.3515
vn 0.4062 0.9138 0.0002
vn 0.3849 0.8580 0.3402
vn 0.3848 0.8580 -0.3403
vn 0.2325 0.9726 0.0001
vn 0.2226 0.9170 0.3310
vn 0.2226 0.9170 -0.3311
vn 0.0085 1.0000 0.0001
vn 0.0078 0.9457 0.3249
vn 0.0078 0.9457 -0.3249
vn -0.1391 0.9399 0.3119
vn -0.1392 0.9400 -0.3116
vn -0.1415 0.9899 0.0002
vn -0.1929 0.9315 0.3085
vn -0.1929 0.9315 -0.3083
vn -0.2050 0.9788 0.0004
vn -0.2017 0.7208 0.6631
vn -0.2017 0.7209 -0.6631
vn -0.3125 0.9499 -0.0004
vn -0.1851 -0.0682 0.9803
vn 0.1028 0.7215 0.6847
vn 0.1010 0.9949 -0.0005
vn 0.1959 0.9806 -0.0001
vn 0.1029 0.7217 -0.6845
vn 0.1847 0.9277 0.3244
vn 0.1847 0.9278 -0.3242
vn 0.2339 0.9722 0.0001
vn 0.2227 0.9211 0.3195
vn 0.2227 0.9211 -0.3193
vn 0.2849 0.9038 0.3194
vn 0.2849 0.9038 -0.3194
vn 0.2984 0.9544 -0.0000
vn 0.3697 0.8728 0.3187
vn 0.3697 0.8728 -0.3186
vn 0.3904 0.9207 -0.0000
vn 0.3288 0.9444 0.0003
vn 0.3989 0.8481 0.3486
vn 0.4237 0.9058 -0.0000
vn 0.4367 0.8279 0.3518
vn 0.4659 0.8849 0.0001
vn 0.4366 0.8277 -0.3525
vn 0.3989 0.8482 -0.3486
vn 0.3078 0.8885 0.3405
vn 0.3079 0.8885 -0.3402
vn 0.1849 0.9828 0.0002
vn 0.1696 0.9287 0.3297
vn 0.1696 0.9287 -0.3296
vn -0.0310 0.9995 -0.0000
vn -0.0392 0.9495 0.3113
vn -0.0392 0.9495 -0.3113
vn -0.2170 0.9373 0.2726
vn -0.2171 0.9373 -0.2726
vn -0.2254 0.9743 -0.0001
vn -0.2618 0.7491 0.6086
vn -0.2618 0.7492 -0.6084
vn -0.3916 0.9201 -0.0004
vn -0.1746 -0.1471 0.9736
vn -0.1746 -0.1468 -0.9736
vn -0.9192 -0.3938 -0.0002
vn -0.2215 -0.1554 0.9627
vn -0.2216 -0.1553 -0.9627
vn -0.9867 -0.1624 -0.0002
vn -0.1755 -0.1703 0.9696
vn -0.1756 -0.1702 -0.9696
vn -0.9588 -0.2842 -0.0002
vn -0.0883 0.9517 0.2942
vn -0.5143 0.8576 -0.0000
vn -0.0318 0.9995 0.0002
vn 0.1486 0.9889 -0.0000
vn -0.0883 0.9516 -0.2943
vn -0.5448 0.7739 0.3229
vn -0.5448 0.7739 -0.3229
vn -0.6447 0.6990 0.3096
vn -0.7495 0.6620 -0.0000
vn -0.7016 0.6347 0.3237
vn -0.6449 0.6988 -0.3095
vn -0.7017 0.6347 -0.3237
vn -0.6159 0.7878 -0.0000
vn -0.5837 0.7512 0.3081
vn -0.5837 0.7512 -0.3081
vn -0.5242 0.7931 0.3103
vn -0.5242 0.7931 -0.3102
vn -0.7675 0.6410 -0.0000
vn -0.6929 0.5882 0.4171
vn -0.6929 0.5883 -0.4169
vn -0.9285 0.3715 -0.0001
vn -0.1850 -0.0680 -0.9804
vn -0.0824 -0.4622 0.8829
vn -0.1801 -0.0862 0.9799
vn -0.3640 -0.0269 0.9310
vn -0.1802 -0.0861 -0.9799
vn -0.0824 -0.4622 -0.8829
vn -0.3640 -0.0270 -0.9310
vn -0.4951 -0.8688 -0.0000
vn -0.9357 -0.1819 0.3024
vn -0.3480 -0.8756 0.3350
vn -0.9358 -0.1819 -0.3020
vn -0.3481 -0.8756 -0.3349
vn -0.9928 -0.1194 0.0002
vn -0.9875 0.1579 -0.0000
vn -0.7880 0.5118 0.3421
vn -0.5384 0.8427 -0.0000
vn -0.5641 0.7668 0.3063
vn -0.7880 0.5118 -0.3421
vn -0.5641 0.7668 -0.3063
vn -0.8174 0.5761 0.0002
vn -0.7665 0.5439 0.3415
vn -0.7664 0.5440 -0.3415
vn -0.7501 0.5668 0.3406
vn -0.7502 0.5668 -0.3404
vn -0.7400 0.6726 -0.0000
vn -0.6944 0.6449 0.3193
vn -0.6943 0.6451 -0.3192
vn -0.7219 0.6920 -0.0000
vn -0.6877 0.6161 0.3840
vn -0.8121 0.3452 0.4704
vn -0.8121 0.3452 -0.4704
vn -0.6877 0.6160 -0.3841
vn -0.9998 -0.0186 -0.0000
vn -0.8712 0.1097 0.4785
vn -0.8712 0.1097 -0.4785
vn -0.8578 -0.3352 0.3897
vn -0.8578 -0.3352 -0.3897
vn -0.9266 -0.3761 0.0001
vn -0.8870 -0.4618 -0.0000
vn -0.8165 -0.4250 0.3907
vn -0.8166 -0.4251 -0.3904
vn -0.8564 -0.5163 0.0002
vn -0.7897 -0.4718 0.3923
vn -0.7897 -0.4718 -0.3922
vn -0.8315 -0.5555 0.0001
vn -0.7661 -0.5090 0.3924
vn -0.7661 -0.5090 -0.3923
vn -0.8000 -0.6000 0.0002
vn -0.7342 -0.5552 0.3908
vn -0.7342 -0.5550 -0.3909
vn -0.7429 -0.6695 -0.0000
vn -0.6886 -0.6167 0.3815
vn -0.6886 -0.6167 -0.3815
vn -0.6692 -0.7431 -0.0000
vn -0.6249 -0.6885 0.3681
vn -0.6250 -0.6885 -0.3680
vn -0.1099 0.0483 -0.9928
vn -0.2137 -0.0374 -0.9762
vn -0.2580 0.7132 -0.6517
vn -0.1402 0.4163 -0.8983
vn -0.0059 -0.0059 -1.0000
vn 0.0003 -0.0003 -1.0000
vn 0.1968 0.2811 -0.9393
vn 0.1896 0.2865 -0.9391
vn 0.1956 0.2664 -0.9438
vn -0.0220 -0.0268 -0.9994
vn 0.1904 0.2687 -0.9442
vn -0.2021 -0.2857 -0.9368
vn -0.2026 -0.2791 -0.9387
vn -0.1971 -0.2801 -0.9395
vn 0.0075 0.0050 -1.0000
vn 0.1719 0.3074 -0.9359
vn -0.1862 -0.2863 -0.9399
vn 0.0086 0.0115 -0.9999
vn 0.1406 0.3365 -0.9311
vn -0.1683 -0.2969 -0.9400
vn 0.0031 0.0261 -0.9997
vn 0.1057 0.3541 -0.9292
vn -0.1498 -0.3138 -0.9376
vn -0.0140 0.0245 -0.9996
vn 0.0774 0.3742 -0.9241
vn -0.1386 -0.3292 -0.9340
vn -0.0260 0.0253 -0.9993
vn 0.0531 0.3792 -0.9238
vn -0.1263 -0.3406 -0.9317
vn -0.0260 0.0264 -0.9993
vn -0.0076 0.3830 -0.9237
vn -0.1034 -0.3551 -0.9291
vn -0.0431 0.0350 -0.9985
vn 0.0062 0.0051 -1.0000
vn 0.0066 0.0050 -1.0000
vn 0.2133 0.2575 -0.9424
vn 0.2061 0.2675 -0.9412
vn 0.2199 0.2453 -0.9442
vn 0.0110 0.0091 -0.9999
vn 0.2262 0.2378 -0.9446
vn -0.2186 -0.2371 -0.9466
vn -0.2190 -0.2418 -0.9453
vn -0.2146 -0.2481 -0.9447
vn 0.0077 0.0040 -1.0000
vn 0.1954 0.2869 -0.9378
vn -0.2026 -0.2602 -0.9441
vn 0.0014 0.0112 -0.9999
vn 0.1843 0.2919 -0.9385
vn -0.1962 -0.2709 -0.9424
vn 0.0069 0.0050 -1.0000
vn 0.1914 0.3054 -0.9328
vn -0.1806 -0.2899 -0.9399
vn 0.0301 0.0003 -0.9995
vn 0.1644 0.3329 -0.9285
vn -0.1468 -0.3225 -0.9351
vn 0.0378 0.0070 -0.9993
vn 0.0722 0.3756 -0.9240
vn -0.1149 -0.3405 -0.9332
vn -0.0121 0.0330 -0.9994
vn -0.0436 0.4004 -0.9153
vn -0.1139 -0.3496 -0.9299
vn -0.0828 0.0488 -0.9954
vn -0.1677 -0.3188 -0.9329
vn -0.0615 0.0326 -0.9976
vn -0.1674 -0.3287 -0.9295
vn 0.0229 0.3702 -0.9287
vn 0.0473 0.3805 -0.9236
vn -0.1621 -0.3432 -0.9252
vn -0.0317 0.0253 -0.9992
vn 0.0885 0.3774 -0.9218
vn 0.1476 0.3642 -0.9196
vn 0.0084 0.0127 -0.9999
vn -0.1501 -0.3493 -0.9249
vn 0.1906 0.3333 -0.9234
vn 0.0252 0.0063 -0.9997
vn -0.1577 -0.3359 -0.9286
vn -0.1761 -0.3101 -0.9343
vn 0.0133 0.0061 -0.9999
vn 0.1918 0.3061 -0.9325
vn -0.1915 -0.2781 -0.9413
vn 0.0020 0.0182 -0.9998
vn 0.1904 0.2919 -0.9373
vn -0.2034 -0.2550 -0.9453
vn 0.0020 0.0160 -0.9999
vn 0.2015 0.2754 -0.9400
vn -0.2197 -0.2347 -0.9469
vn 0.0077 0.0149 -0.9999
vn 0.2178 0.2505 -0.9433
vn -0.2383 -0.2050 -0.9493
vn 0.0020 0.0219 -0.9998
vn 0.2313 0.2338 -0.9444
vn -0.2538 -0.1747 -0.9514
vn -0.0042 0.0280 -0.9996
vn 0.2362 0.2200 -0.9465
vn -0.2650 -0.1507 -0.9524
vn -0.0047 0.0267 -0.9996
vn 0.2428 0.2081 -0.9475
vn -0.2656 -0.1404 -0.9538
vn -0.0003 0.0275 -0.9996
vn 0.2592 0.1842 -0.9481
vn -0.2715 -0.1287 -0.9538
vn 0.0118 0.0220 -0.9997
vn 0.2825 0.1542 -0.9468
vn -0.2376 -0.0935 -0.9669
vn 0.0452 0.0243 -0.9987
vn 0.3152 0.1439 -0.9381
vn -0.1405 0.0430 -0.9891
vn 0.1060 0.0595 -0.9926
vn 0.3544 0.1264 -0.9265
vn -0.0303 -0.0829 -0.9961
vn 0.1990 -0.0426 -0.9791
vn 0.3934 -0.0136 -0.9193
vn 0.3917 -0.2599 -0.8827
vn -0.1770 0.1569 -0.9716
vn 0.1823 -0.2961 -0.9376
vn -0.0056 -0.3267 -0.9451
vn 0.3628 -0.4151 -0.8343
vn 0.0994 -0.3864 -0.9170
vn -0.2114 -0.2774 -0.9372
vn 0.1076 -0.3844 -0.9169
vn 0.0386 -0.3439 -0.9382
vn -0.0246 -0.0447 -0.9987
vn 0.1628 -0.3503 -0.9224
vn -0.2083 0.2619 -0.9423
vn 0.2324 -0.3556 -0.9053
vn -0.2260 0.3604 -0.9050
vn -0.0176 0.0369 -0.9992
vn 0.2595 -0.3141 -0.9132
vn -0.2524 0.3268 -0.9108
vn 0.2764 -0.2663 -0.9234
vn -0.2801 0.2982 -0.9125
vn -0.0135 0.0313 -0.9994
vn 0.2902 -0.2318 -0.9285
vn -0.2866 0.2627 -0.9213
vn 0.2986 -0.1960 -0.9340
vn -0.2940 0.2277 -0.9283
vn -0.0009 0.0279 -0.9996
vn 0.3062 -0.1827 -0.9343
vn -0.2942 0.2166 -0.9309
vn 0.3095 -0.1670 -0.9361
vn -0.2986 0.2080 -0.9314
vn 0.0396 -0.0335 -0.9987
vn 0.2634 -0.2424 -0.9337
vn -0.2189 0.3122 -0.9245
vn -0.0651 -0.4554 -0.8879
vn -0.1989 -0.2195 -0.9551
vn -0.1951 0.3310 -0.9232
vn -0.4316 -0.2251 -0.8735
vn 0.0031 0.0181 -0.9998
vn -0.0074 0.0310 -0.9995
vn 0.1176 0.3559 -0.9271
vn 0.0564 0.3943 -0.9172
vn 0.1478 0.3266 -0.9335
vn 0.0033 0.0046 -1.0000
vn 0.1609 0.3107 -0.9368
vn -0.1666 -0.3031 -0.9383
vn -0.1560 -0.3149 -0.9362
vn -0.1334 -0.3290 -0.9349
vn -0.0287 0.0526 -0.9982
vn -0.0441 0.4233 -0.9049
vn -0.1091 -0.3459 -0.9319
vn -0.0724 0.0714 -0.9948
vn -0.0667 -0.3565 -0.9319
vn -0.0359 -0.3531 -0.9349
vn 0.0312 -0.7107 -0.7028
vn -0.1214 0.3980 -0.9093
vn -0.1148 -0.3531 -0.9285
vn -0.1142 0.0298 -0.9930
vn -0.0849 -0.3674 -0.9262
vn -0.1459 0.3781 -0.9142
vn -0.0661 -0.3634 -0.9293
vn -0.1144 0.0093 -0.9934
vn -0.2074 0.7027 -0.6806
vn -0.2100 -0.0364 -0.9770
vn -0.0381 -0.7152 -0.6979
vn -0.0841 0.3879 -0.9179
vn -0.0846 -0.3594 -0.9293
vn -0.0907 0.0227 -0.9956
vn -0.0842 -0.3666 -0.9266
vn -0.1208 0.3742 -0.9195
vn -0.1077 -0.3571 -0.9278
vn -0.1255 0.0068 -0.9921
vn -0.1665 0.7156 -0.6783
vn -0.2484 -0.0039 -0.9687
vn -0.1304 -0.7140 -0.6879
vn -0.1586 0.0899 -0.9833
vn -0.0786 0.0367 -0.9962
vn -0.2755 -0.6503 -0.7080
vn 0.0885 0.7092 -0.6994
vn 0.6784 -0.7347 -0.0000
vn 0.4831 -0.8756 -0.0000
vn 0.4832 -0.8755 -0.0000
vn 0.3403 -0.9403 -0.0000
vn 0.4531 -0.8915 -0.0000
vn 0.3124 -0.9499 -0.0000
vn -0.1420 -0.9899 -0.0000
vn -0.1422 -0.9898 -0.0000
vn -0.8827 -0.4698 -0.0000
vn -0.6623 -0.7492 -0.0000
vn -0.6627 -0.7489 -0.0000
vn -0.3927 -0.9197 -0.0000
vn -0.3928 -0.9196 -0.0000
vn -0.0476 -0.9989 -0.0000
vn -0.0479 -0.9989 -0.0000
vn -0.7572 -0.6532 -0.0000
vn -0.5690 -0.8223 -0.0000
vn -0.7571 -0.6533 -0.0000
vn -0.5691 -0.8223 -0.0000
vn -0.4885 -0.8726 -0.0000
vn -0.6149 -0.7886 -0.0000
vn -0.6151 -0.7885 -0.0000
vn -0.0790 -0.9969 -0.0000
vn -0.3794 -0.9252 -0.0000
vn -0.5123 -0.8588 -0.0000
vn -0.6789 -0.7342 -0.0000
vn -0.5833 -0.8123 -0.0000
vn -0.7851 -0.6194 -0.0000
vn -0.5832 -0.8123 -0.0000
vn -0.5883 -0.8086 -0.0000
vn -0.4610 -0.8874 -0.0000
vn -0.3761 -0.9266 -0.0000
vn -0.3763 -0.9265 -0.0000
vn -0.2746 -0.9616 -0.0000
vn -0.1663 -0.9861 -0.0000
vn -0.1665 -0.9860 -0.0000
vn 0.0877 -0.9961 -0.0000
vn -0.1879 -0.9822 -0.0000
vn -0.3366 -0.9416 -0.0000
vn -0.3367 -0.9416 -0.0000
vn -0.5213 -0.8534 -0.0000
vn -0.2131 -0.9770 -0.0000
vn -0.2130 -0.9770 -0.0000
vn 0.8639 0.5036 -0.0000
vn 0.7560 0.6546 -0.0000
vn 0.8643 0.5030 -0.0000
vn 0.9149 0.4036 -0.0000
vn 0.9358 0.3525 -0.0000
vn 0.7420 -0.6704 -0.0000
vn 0.6765 -0.7364 -0.0000
vn 0.6764 -0.7366 -0.0000
vn -0.3938 0.9192 -0.0000
vn -0.3939 0.9192 -0.0000
vn -0.1731 0.9849 -0.0000
vn -0.1887 0.9820 -0.0000
vn -0.1639 0.9865 -0.0000
vn 0.3531 0.9356 -0.0000
vn 0.2998 0.9540 -0.0000
vn 0.2997 0.9540 -0.0000
vn 0.4771 0.8788 -0.0000
vn 0.4771 0.8789 -0.0000
vn 0.6221 0.7829 -0.0000
vn 0.6221 0.7830 -0.0000
vn 0.7671 0.6415 -0.0000
vn 0.7670 0.6416 -0.0000
vn -0.1980 0.9802 -0.0000
vn -0.1985 0.9801 -0.0000
vn -0.1978 0.9803 -0.0000
vn -0.3072 0.9516 -0.0000
vn -0.3073 0.9516 -0.0000
vn -0.3445 0.9388 -0.0000
vn -0.6061 0.7954 -0.0000
vn -0.6060 0.7954 -0.0000
vn -0.9747 0.2236 -0.0000
vn -0.8841 0.4672 -0.0000
vn -0.9746 0.2238 -0.0000
vn -0.9969 -0.0787 -0.0000
vn -0.9931 0.1174 -0.0000
vn -0.9931 0.1176 -0.0000
vn -0.9737 -0.2280 -0.0000
vn -0.9461 -0.3239 -0.0000
vn -0.9993 -0.0382 -0.0000
vn -0.9993 -0.0381 -0.0000
vn -0.9962 -0.0871 -0.0000
vn -0.8129 -0.5824 -0.0000
vn -0.8439 -0.5365 -0.0000
vn -0.7212 -0.6927 -0.0000
vn -0.9352 -0.3541 -0.0000
vn -0.9351 -0.3544 -0.0000
vn -0.7391 -0.6736 -0.0002
vn -0.9591 -0.2830 -0.0000
vn -0.7391 -0.6736 -0.0000
vn 0.8310 -0.5181 0.2025
vn 0.9786 -0.0000 0.2057
vn 0.8309 0.5183 0.2025
vn 0.8413 -0.5406 -0.0004
vn 0.4591 -0.8884 -0.0000
vn 0.4610 -0.8653 0.1970
vn 0.8310 -0.5182 -0.2020
vn 0.9786 -0.0000 -0.2057
vn 0.4609 -0.8653 -0.1969
vn 0.8312 0.5179 -0.2022
vn -0.0000 -1.0000 -0.0000
vn -0.0000 -0.9809 0.1944
vn -0.0000 -0.9809 -0.1944
vn -0.4610 -0.8653 0.1969
vn -0.4609 -0.8653 -0.1969
vn -0.4589 -0.8885 -0.0003
vn -0.8310 -0.5183 0.2019
vn -0.8310 -0.5183 -0.2021
vn -0.8414 -0.5405 -0.0005
vn -0.9786 -0.0000 0.2057
vn -0.9787 0.0007 -0.2052
vn -0.8310 0.5183 0.2020
vn -0.8314 0.5176 -0.2023
vn -0.8413 0.5405 -0.0000
vn -0.4608 0.8655 0.1965
vn -0.4609 0.8654 -0.1965
vn -0.4590 0.8884 -0.0000
vn -0.0000 1.0000 -0.0000
vn -0.0000 0.9809 0.1944
vn -0.0000 0.9809 -0.1944
vn 0.4609 0.8654 0.1965
vn 0.4609 0.8654 -0.1965
vn 0.4589 0.8885 -0.0002
vn 0.8413 0.5406 -0.0000
vn -0.4685 -0.8835 -0.0001
vn -0.4559 -0.8788 -0.1407
vn -0.8474 -0.5310 -0.0004
vn -0.8332 -0.5337 -0.1448
vn -0.0000 -0.9903 -0.1390
vn -0.9891 -0.0000 -0.1473
vn 0.0003 -1.0000 -0.0003
vn -0.0000 -0.9903 0.1390
vn 0.4685 -0.8835 0.0002
vn -0.4559 -0.8788 0.1407
vn 0.4560 -0.8788 0.1407
vn -0.8335 -0.5332 0.1451
vn 0.4557 -0.8789 -0.1409
vn -0.9891 -0.0000 0.1473
vn 0.8474 -0.5310 -0.0000
vn 0.8334 -0.5333 0.1452
vn 0.8334 -0.5333 -0.1451
vn 0.9891 -0.0000 0.1473
vn 0.9891 -0.0000 -0.1473
vn 1.0000 0.0005 -0.0004
vn 0.8473 0.5311 -0.0000
vn 0.8332 0.5337 0.1448
vn 0.8333 0.5335 -0.1451
vn 0.4556 0.8790 0.1409
vn 0.4556 0.8790 -0.1409
vn 0.4685 0.8835 -0.0000
vn -0.0000 0.9903 0.1391
vn 0.0002 0.9903 -0.1392
vn 0.0003 1.0000 -0.0003
vn -0.4689 0.8833 -0.0000
vn -0.4560 0.8788 0.1407
vn -0.4561 0.8787 -0.1407
vn -0.8475 0.5308 -0.0000
vn -0.8335 0.5331 0.1451
vn -0.8334 0.5333 -0.1452
vn -1.0000 0.0005 -0.0004
vn 0.0002 0.0004 1.0000
vn 0.0002 0.0004 -1.0000
vn 0.0598 -0.9956 -0.0727
vn -0.0440 -0.9966 -0.0698
vn -0.0312 -0.9951 -0.0943
vn 0.0700 -0.9805 -0.1835
vn 0.1632 -0.9864 -0.0194
vn 0.1656 -0.9862 -0.0003
vn 0.0355 -0.9994 -0.0026
vn -0.0495 -0.9971 0.0577
vn -0.0441 -0.9966 0.0699
vn 0.8198 -0.2932 -0.4919
vn 0.5398 -0.1576 -0.8269
vn 0.8256 -0.2747 -0.4929
vn 0.8222 -0.2807 0.4951
vn 0.5318 -0.1931 -0.8246
vn 0.5411 -0.1585 0.8259
vn 0.8205 -0.2946 0.4899
vn 0.5333 -0.1939 0.8234
vn 0.5430 -0.1862 -0.8188
vn 0.5444 -0.1866 0.8178
vn 0.8193 -0.3076 0.4838
vn 0.5262 -0.2463 0.8139
vn 0.8153 -0.3140 -0.4865
vn 0.5249 -0.2457 -0.8149
vn 0.7533 -0.4364 -0.4921
vn 0.2174 -0.3464 -0.9125
vn 0.7637 -0.4270 0.4841
vn 0.2180 -0.3475 0.9120
vn 0.2406 -0.8431 -0.4809
vn 0.2447 -0.8487 0.4689
vn -0.6805 -0.0433 0.7315
vn -0.6799 -0.0426 -0.7321
vn -0.6040 -0.6082 0.5151
vn -0.9751 0.1108 0.1923
vn -0.6037 -0.6081 -0.5156
vn -0.9720 0.0966 -0.2144
vn -0.8402 0.0203 -0.5420
vn -0.8412 0.0204 0.5403
vn -0.9207 -0.1031 -0.3764
vn -0.6384 -0.1391 -0.7570
vn -0.9255 -0.0927 0.3672
vn -0.6399 -0.1393 0.7558
vn -0.8169 -0.3182 -0.4810
vn -0.5170 -0.2269 -0.8254
vn -0.8250 -0.3093 0.4730
vn -0.5183 -0.2273 0.8244
vn -0.6977 -0.4823 -0.5296
vn -0.3920 -0.3035 -0.8685
vn -0.7063 -0.4755 0.5244
vn -0.3931 -0.3043 0.8677
vn -0.5042 -0.6726 -0.5417
vn -0.2830 -0.4060 -0.8689
vn -0.5212 -0.6631 0.5372
vn -0.2837 -0.4071 0.8682
vn -0.5650 0.2878 -0.7733
vn -0.5659 0.2872 0.7728
vn -0.8139 -0.2137 -0.5403
vn -0.8220 -0.2024 0.5323
vn -0.7404 0.6518 -0.1645
vn -0.3267 0.2917 -0.8990
vn -0.8122 -0.4324 -0.3915
vn -0.5230 0.7028 -0.4822
vn -0.2547 0.8096 -0.5289
vn -0.5625 -0.7796 -0.2753
vn -0.1386 0.4760 -0.8685
vn -0.5261 0.7043 0.4767
vn -0.4424 -0.8954 0.0513
vn -0.4878 -0.8721 0.0382
vn -0.8124 -0.4328 0.3907
vn -0.5175 0.6795 -0.5201
vn -0.2750 0.4244 -0.8627
vn -0.4693 0.3811 -0.7966
vn -0.3276 0.2927 0.8983
vn -0.7413 0.5148 -0.4307
vn -0.2503 0.8135 0.5250
vn -0.5630 -0.7792 0.2755
vn -0.1390 0.4773 0.8677
vn -0.4480 -0.8927 -0.0485
vn -0.4877 -0.8722 -0.0382
vn -0.5159 0.6810 0.5197
vn -0.2758 0.4256 0.8619
vn -0.4704 0.3820 0.7955
vn -0.4244 0.3707 -0.8261
vn -0.7496 0.5077 0.4246
vn -0.4252 0.3717 0.8252
vn -0.4058 0.7788 -0.4784
vn -0.4128 0.7818 0.4673
vn 0.3240 0.8167 0.4775
vn 0.3215 0.8118 -0.4874
vn 0.2092 0.3197 -0.9241
vn 0.2098 0.3208 0.9236
vn 0.4936 0.6144 -0.6156
vn 0.2340 0.3571 -0.9043
vn 0.5028 0.6142 0.6082
vn 0.2348 0.3582 0.9036
vn 0.0626 0.4580 -0.8867
vn 0.0626 0.4593 0.8861
vn 0.1033 0.8263 0.5537
vn 0.2186 0.2601 0.9405
vn 0.1054 0.8257 -0.5542
vn 0.2179 0.2591 -0.9409
vn 0.4415 0.7396 -0.5080
vn 0.4419 0.7398 0.5074
vn 0.8637 -0.0272 -0.5033
vn 0.6090 -0.1008 -0.7868
vn 0.6059 -0.1542 -0.7804
vn 0.8702 -0.0398 0.4912
vn 0.6104 -0.1010 0.7857
vn 0.6083 -0.1555 0.7783
vn 0.8631 -0.2400 -0.4443
vn 0.5966 -0.0973 -0.7966
vn 0.8630 -0.2489 0.4395
vn 0.5986 -0.0984 0.7950
vn 0.8705 -0.1742 0.4604
vn 0.5554 0.0349 0.8308
vn 0.8703 -0.1677 -0.4631
vn 0.5542 0.0344 -0.8317
vn 0.8649 -0.0016 -0.5019
vn 0.8656 -0.0014 0.5008
vn 0.8202 0.2277 -0.5248
vn 0.5096 0.1462 -0.8479
vn 0.8224 0.2232 0.5234
vn 0.5110 0.1466 0.8470
vn 0.5161 0.0578 -0.8546
vn 0.5175 0.0580 0.8537
vn 0.8504 0.1356 -0.5084
vn 0.8555 -0.1104 -0.5058
vn 0.5395 -0.0703 -0.8391
vn 0.8514 0.1342 0.5071
vn 0.5379 -0.1094 -0.8359
vn 0.8558 -0.1139 0.5046
vn 0.5409 -0.0705 0.8381
vn 0.5393 -0.1097 0.8349
vn 0.8467 -0.1789 -0.5012
vn 0.8475 -0.1784 0.4999
vn -0.7167 0.5974 -0.3599
vn -0.7328 0.6635 0.1508
vn -0.7171 0.5977 0.3585
vn -0.8344 0.4683 -0.2908
vn -0.7069 0.2649 -0.6558
vn -0.8317 0.4764 0.2851
vn -0.7081 0.2655 0.6543
vn -0.6560 0.0455 -0.7534
vn -0.6577 0.0451 0.7520
vn -0.9003 0.1043 -0.4225
vn -0.9007 0.1115 0.4200
vn -0.8707 -0.1270 -0.4751
vn -0.5866 -0.1164 -0.8014
vn -0.8742 -0.1196 0.4707
vn -0.5883 -0.1160 0.8003
vn -0.8900 -0.0603 -0.4520
vn -0.6235 0.0231 -0.7815
vn -0.8916 -0.0550 0.4494
vn -0.6249 0.0230 0.7804
vn -0.5935 0.5805 -0.5576
vn -0.5946 0.5813 0.5554
vn -0.7737 0.5410 -0.3299
vn -0.7790 0.5340 0.3285
vn -0.6192 0.7505 -0.2312
vn -0.5957 0.6508 -0.4707
vn -0.6158 0.7548 0.2258
vn -0.5962 0.6515 0.4693
vn -0.8083 0.5062 0.3006
vn -0.7169 0.3887 0.5788
vn -0.8099 0.5028 -0.3021
vn -0.7159 0.3880 -0.5804
vn -0.7641 0.0885 0.6390
vn -0.7629 0.0883 -0.6404
vn -0.9267 0.1377 -0.3496
vn -0.9269 0.1385 0.3487
vn -0.9024 -0.2393 -0.3584
vn -0.7346 -0.2018 -0.6478
vn -0.9045 -0.2353 0.3557
vn -0.7358 -0.2021 0.6463
vn -0.9167 0.1279 -0.3785
vn -0.6862 0.0761 -0.7234
vn -0.9163 0.1280 0.3795
vn -0.6875 0.0763 0.7222
vn -0.6168 0.7079 -0.3441
vn -0.5024 0.5544 -0.6634
vn -0.6153 0.7094 0.3436
vn -0.5033 0.5554 0.6620
vn -0.6219 0.6942 -0.3624
vn -0.4994 0.5676 -0.6545
vn -0.6205 0.6963 0.3608
vn -0.5003 0.5685 0.6531
vn -0.6472 0.4162 -0.6387
vn -0.6482 0.4175 0.6368
vn -0.7934 0.5032 0.3424
vn -0.7929 0.5029 -0.3443
vn -0.9181 0.2420 0.3139
vn -0.7643 0.2484 0.5952
vn -0.9181 0.2417 -0.3142
vn -0.7633 0.2480 -0.5965
vn -0.8559 -0.0047 0.5172
vn -0.8551 -0.0047 -0.5185
vn -0.9652 -0.0463 -0.2575
vn -0.9654 -0.0461 0.2565
vn -0.9155 -0.3625 -0.1744
vn -0.8712 -0.2531 -0.4206
vn -0.9156 -0.3628 0.1731
vn -0.8717 -0.2535 0.4194
vn -0.6768 -0.7347 0.0460
vn -0.7491 -0.6283 0.2102
vn -0.6769 -0.7347 -0.0451
vn -0.7491 -0.6280 -0.2110
vn -0.0000 -0.0000 1.0000
vn -0.0000 -0.0000 -1.0000
vt 3.999330 -39.042500
vt 4.000670 -39.054699
vt 4.000670 -39.042500
vt 3.999330 -39.054699
vt 3.999330 -38.994999
vt 4.000670 -39.011299
vt 4.000670 -38.994999
vt 3.999330 -39.011299
vt 3.999330 -39.032001
vt 4.000670 -39.032001
vt 3.999330 -39.020500
vt 4.000670 -39.020500
vt 3.999330 -39.005798
vt 4.000670 -39.005798
vt 4.000670 -39.026699
vt 3.999330 -39.018398
vt 3.999330 -39.026699
vt 4.000670 -39.018398
vt 4.029460 -38.999298
vt 4.041010 -39.000702
vt 4.041010 -38.999298
vt 4.029460 -39.000702
vt 4.020070 -38.999298
vt 4.013450 -39.000702
vt 4.020070 -39.000702
vt 4.013450 -38.999298
vt 4.010700 -39.000702
vt 4.010700 -38.999298
vt 3.958990 -39.000702
vt 3.970540 -38.999298
vt 3.958990 -38.999298
vt 3.970540 -39.000702
vt 3.979930 -39.000702
vt 3.986550 -39.000702
vt 3.979930 -38.999298
vt 3.986550 -38.999298
vt 3.989300 -39.000702
vt 3.989300 -38.999298
vt -0.000000 -45.034302
vt 0.000000 -45.053902
vt 0.002885 -45.034500
vt 0.003294 -45.023998
vt -0.000000 -45.023300
vt -0.003731 -44.993301
vt -0.000000 -44.980701
vt -0.005257 -44.985298
vt -0.003294 -45.023998
vt -0.002885 -45.034500
vt -0.000000 -45.020901
vt -0.001135 -45.028000
vt -0.000000 -45.028400
vt -0.001716 -45.020802
vt 0.001135 -45.028000
vt 0.001716 -45.020802
vt 0.003731 -44.993301
vt 0.005257 -44.985298
vt -0.000000 -45.009102
vt -0.002691 -45.009201
vt 0.002691 -45.009201
vt 0.003097 -45.000599
vt -0.000000 -45.000099
vt -0.003097 -45.000599
vt -0.000000 -45.027599
vt -0.000000 -44.992100
vt -0.004397 -44.996498
vt -0.000000 -44.998402
vt 0.004397 -44.996498
vt -0.004442 -45.009602
vt -0.000000 -45.013500
vt -0.000000 -45.005798
vt 0.004442 -45.009602
vt -0.000000 -44.994400
vt -0.032568 -45.028000
vt -0.033612 -45.028400
vt -0.030246 -45.033199
vt 0.032568 -45.028000
vt 0.030246 -45.033199
vt 0.033612 -45.028400
vt -0.037457 -44.993301
vt -0.028261 -44.980701
vt -0.040252 -44.990898
vt -0.047018 -44.999500
vt -0.044155 -45.001801
vt -0.053078 -45.011398
vt -0.050120 -45.012600
vt -0.054722 -45.023998
vt -0.057831 -45.023300
vt 0.028261 -44.980701
vt 0.037457 -44.993301
vt 0.040252 -44.990898
vt 0.047019 -44.999500
vt 0.044155 -45.001801
vt 0.053079 -45.011398
vt 0.050120 -45.012600
vt 0.054722 -45.023998
vt 0.057831 -45.023300
vt -0.033380 -45.000599
vt -0.029632 -44.986401
vt -0.036370 -45.000099
vt -0.032495 -44.985298
vt 0.029632 -44.986401
vt 0.033380 -45.000599
vt 0.036370 -45.000099
vt 0.032495 -44.985298
vt -0.028868 -44.998402
vt -0.019876 -45.003300
vt -0.025042 -44.996498
vt -0.022654 -45.006802
vt 0.019876 -45.003300
vt 0.028868 -44.998402
vt 0.025042 -44.996498
vt 0.022654 -45.006802
vt -0.015769 -45.007500
vt -0.018177 -45.011398
vt 0.015769 -45.007500
vt 0.018177 -45.011398
vt -0.012719 -45.013500
vt -0.010509 -45.009602
vt 0.012719 -45.013500
vt 0.010509 -45.009602
vt -0.013140 -45.003399
vt -0.016949 -44.999699
vt -0.008316 -45.005798
vt 0.013140 -45.003399
vt 0.016949 -44.999699
vt 0.008316 -45.005798
vt -0.021061 -44.994400
vt -0.029447 -44.985298
vt 0.021061 -44.994400
vt 0.029447 -44.985298
vt -0.030709 -44.992100
vt -0.034564 -44.995701
vt 0.030709 -44.992100
vt 0.034564 -44.995701
vt -0.041162 -45.004200
vt 0.041163 -45.004200
vt -0.047027 -45.013901
vt -0.051397 -45.024700
vt -0.056065 -45.034500
vt -0.053124 -45.034801
vt -0.055989 -45.053902
vt 0.047027 -45.013901
vt 0.051397 -45.024700
vt 0.056065 -45.034500
vt 0.053124 -45.034801
vt 0.055989 -45.053902
vt 0.053078 -45.011398
vt 0.047018 -44.999500
vt -0.053079 -45.011398
vt -0.047019 -44.999500
vt 0.031479 -45.027599
vt -0.031479 -45.027599
vt 0.031844 -45.020699
vt 0.033592 -45.020802
vt -0.031844 -45.020699
vt -0.033592 -45.020802
vt 0.033742 -45.009201
vt 0.030993 -45.009201
vt -0.030993 -45.009201
vt -0.033742 -45.009201
vt 0.030248 -45.001099
vt -0.030248 -45.001099
vt 0.026626 -44.987400
vt -0.026626 -44.987400
vt 0.041162 -45.004200
vt -0.041163 -45.004200
vt 18.000000 -25.016300
vt 17.997801 -25.016001
vt 18.000000 -25.024599
vt 18.002199 -25.016001
vt 17.997801 -25.012199
vt 18.000000 -25.107599
vt 17.998301 -25.107500
vt 18.000000 -25.113300
vt 18.001699 -25.107500
vt 17.998301 -25.104799
vt 18.000000 -25.058599
vt 17.997900 -25.058701
vt 18.000000 -25.067101
vt 18.002100 -25.058701
vt 17.997999 -25.054600
vt 17.985901 -24.875601
vt 18.000000 -24.900101
vt 18.000000 -24.872000
vt 17.985901 -24.901501
vt 18.000000 -24.941700
vt 18.014099 -24.901501
vt 18.014099 -24.875601
vt 18.000000 -24.843700
vt 17.986601 -24.841400
vt 17.986601 -24.846201
vt 18.013399 -24.846201
vt 18.013399 -24.841400
vt 18.000000 -24.835100
vt 17.986700 -24.836599
vt 18.013300 -24.836599
vt 17.986799 -24.831200
vt 18.013201 -24.831200
vt 18.000000 -24.827801
vt 17.986900 -24.825899
vt 18.013100 -24.825899
vt 17.990601 -24.940800
vt 17.990801 -24.959999
vt 18.000000 -24.943100
vt 18.009199 -24.959999
vt 18.009399 -24.940800
vt 18.000000 -24.962099
vt 17.991100 -24.986401
vt 18.008900 -24.986401
vt 18.000000 -24.988300
vt 17.991100 -25.014200
vt 18.008900 -25.014200
vt 18.000000 -25.015800
vt 18.002199 -25.012199
vt 18.000000 -24.992399
vt 18.004499 -24.991800
vt 17.995501 -24.991800
vt 18.000000 -24.960300
vt 18.007500 -24.959801
vt 17.992500 -24.959801
vt 18.000000 -24.930901
vt 18.009100 -24.929800
vt 17.990900 -24.929800
vt 18.000000 -24.907900
vt 18.009501 -24.906300
vt 17.990499 -24.906300
vt 18.000000 -24.892000
vt 18.009600 -24.890200
vt 17.990400 -24.890200
vt 18.000000 -24.880301
vt 18.009600 -24.878401
vt 17.990400 -24.878401
vt 18.002001 -25.054600
vt 18.000000 -25.035299
vt 18.004299 -25.034901
vt 17.995701 -25.034901
vt 18.000000 -25.007299
vt 18.007500 -25.007200
vt 17.992500 -25.007200
vt 18.000000 -24.987101
vt 18.010000 -24.986601
vt 17.990000 -24.986601
vt 18.000000 -24.972000
vt 18.011101 -24.971100
vt 17.988899 -24.971100
vt 18.000000 -24.956499
vt 18.010700 -24.955200
vt 17.989300 -24.955200
vt 18.000000 -24.939400
vt 18.009800 -24.937799
vt 17.990200 -24.937799
vt 18.000000 -24.920900
vt 18.009600 -24.919100
vt 17.990400 -24.919100
vt 18.000000 -24.902901
vt 18.009600 -24.900900
vt 17.990400 -24.900900
vt 18.000000 -24.887400
vt 18.009701 -24.885201
vt 17.990299 -24.885201
vt 18.000000 -24.873600
vt 18.009701 -24.871099
vt 17.990299 -24.871099
vt 18.000000 -24.860100
vt 18.009701 -24.857500
vt 17.990299 -24.857500
vt 18.000000 -24.846800
vt 18.009701 -24.844200
vt 17.990299 -24.844200
vt 18.001699 -25.104799
vt 18.000000 -25.091801
vt 18.003500 -25.091499
vt 17.996500 -25.091499
vt 18.000000 -25.073099
vt 18.005699 -25.073000
vt 17.994301 -25.073000
vt 18.000000 -25.058800
vt 18.006701 -25.058500
vt 17.993299 -25.058500
vt 18.000000 -25.041401
vt 18.007299 -25.040899
vt 17.992701 -25.040899
vt 18.000000 -25.013399
vt 18.008301 -25.012501
vt 17.991699 -25.012501
vt 18.000000 -24.982300
vt 18.009199 -24.981100
vt 17.990801 -24.981100
vt 18.000000 -24.956900
vt 18.009600 -24.955400
vt 17.990400 -24.955400
vt 18.000000 -24.935200
vt 18.009701 -24.933500
vt 17.990299 -24.933500
vt 18.000000 -24.913700
vt 18.009701 -24.911900
vt 17.990299 -24.911900
vt 18.000000 -24.893400
vt 18.009600 -24.891600
vt 17.990400 -24.891600
vt 18.000000 -24.875900
vt 18.009501 -24.874001
vt 17.990499 -24.874001
vt 18.009399 -24.858200
vt 17.990601 -24.858200
vt 17.990400 -25.038099
vt 18.009600 -25.038099
vt 18.000000 -25.039200
vt 17.989901 -25.061199
vt 18.010099 -25.061199
vt 18.000000 -25.062000
vt 17.990601 -25.088301
vt 18.009399 -25.088301
vt 18.000000 -25.089001
vt 17.992701 -25.121201
vt 18.007299 -25.121201
vt 18.000000 -25.121799
vt 17.995701 -25.157499
vt 18.004299 -25.157499
vt 18.000000 -25.158300
vt 17.997900 -25.181101
vt 18.002100 -25.181101
vt 18.000000 -25.186001
vt 17.997900 -25.185400
vt 18.002100 -25.185400
vt 18.000000 -25.195601
vt 18.313700 -24.990499
vt 18.300900 -25.000000
vt 18.315300 -25.000000
vt 18.313700 -25.009501
vt 18.299500 -24.990200
vt 18.299500 -25.009800
vt 18.283501 -25.000000
vt 18.282200 -24.989599
vt 18.282200 -25.010401
vt 18.259600 -25.000000
vt 18.258499 -24.988800
vt 18.258499 -25.011200
vt 18.225599 -25.000000
vt 18.224701 -24.988100
vt 18.224701 -25.011900
vt 18.181299 -25.000000
vt 18.180799 -24.988001
vt 18.180799 -25.011999
vt 18.141701 -25.000000
vt 18.141600 -24.988199
vt 18.141600 -25.011801
vt 18.120399 -24.988501
vt 18.120399 -25.011499
vt 18.120399 -25.000000
vt 18.109301 -24.990299
vt 18.109301 -25.009701
vt 18.109200 -25.000000
vt 18.098101 -24.993999
vt 18.098101 -25.006001
vt 18.097900 -25.000000
vt 18.080400 -25.000000
vt 18.058599 -25.000000
vt 18.069000 -24.986200
vt 18.059799 -24.985901
vt 18.069000 -25.013800
vt 18.059799 -25.014099
vt 18.076900 -25.000000
vt 18.078100 -24.986401
vt 18.078100 -25.013599
vt 18.084900 -24.986500
vt 18.084900 -25.013500
vt 18.090401 -25.000000
vt 18.091801 -24.986500
vt 18.091801 -25.013500
vt 18.096701 -24.986500
vt 18.096701 -25.013500
vt 18.099800 -25.000000
vt 18.101601 -24.986601
vt 18.101601 -25.013399
vt 17.717800 -24.888201
vt 17.700500 -24.901899
vt 17.721300 -24.896200
vt 17.747700 -24.889299
vt 17.724800 -24.904301
vt 17.704300 -24.909000
vt 17.686300 -24.914499
vt 17.708200 -24.916100
vt 17.690399 -24.920900
vt 17.672199 -24.928801
vt 17.694500 -24.927299
vt 17.676600 -24.934799
vt 17.656300 -24.948700
vt 17.681000 -24.940800
vt 17.660700 -24.954399
vt 17.637501 -24.976101
vt 17.665199 -24.959999
vt 17.642000 -24.981199
vt 17.618999 -25.005600
vt 17.646400 -24.986401
vt 17.623699 -25.009899
vt 17.603800 -25.031900
vt 17.628401 -25.014200
vt 17.609301 -25.035000
vt 17.614700 -25.038099
vt 17.603800 -25.061199
vt 17.597799 -25.059099
vt 17.591700 -25.056999
vt 17.593000 -25.088301
vt 17.587299 -25.086399
vt 17.581499 -25.084499
vt 17.572201 -25.117599
vt 17.576700 -25.119400
vt 17.581301 -25.121201
vt 17.563499 -25.155100
vt 17.568800 -25.157499
vt 17.566000 -25.156799
vt 17.560801 -25.181101
vt 17.558201 -25.185400
vt 17.558201 -25.180000
vt 17.890100 -25.016001
vt 17.884899 -24.991600
vt 17.887699 -25.011700
vt 17.890499 -25.012199
vt 17.882000 -24.990601
vt 17.887600 -24.991800
vt 17.886299 -24.959801
vt 17.881701 -24.958401
vt 17.877100 -24.956900
vt 17.891001 -24.929800
vt 17.885599 -24.927000
vt 17.880301 -24.924200
vt 17.898800 -24.906300
vt 17.893400 -24.902100
vt 17.888000 -24.898001
vt 17.906000 -24.890200
vt 17.900600 -24.885401
vt 17.912399 -24.878401
vt 17.895300 -24.880600
vt 17.907101 -24.873301
vt 17.901899 -24.868200
vt 17.705099 -25.107500
vt 17.704599 -25.091700
vt 17.703899 -25.104799
vt 17.702299 -25.091400
vt 17.706100 -25.104799
vt 17.706900 -25.091499
vt 17.704201 -25.072800
vt 17.707899 -25.073000
vt 17.700500 -25.072500
vt 17.708900 -25.058500
vt 17.704599 -25.057899
vt 17.700199 -25.057199
vt 17.712400 -25.040899
vt 17.707800 -25.039499
vt 17.703100 -25.038099
vt 17.720400 -25.012501
vt 17.715300 -25.010300
vt 17.710199 -25.007999
vt 17.730801 -24.981100
vt 17.725300 -24.977900
vt 17.719700 -24.974701
vt 17.741199 -24.955400
vt 17.735600 -24.951401
vt 17.730000 -24.947399
vt 17.752501 -24.933500
vt 17.747101 -24.928900
vt 17.741699 -24.924400
vt 17.766100 -24.911900
vt 17.760799 -24.907000
vt 17.755501 -24.902201
vt 17.780100 -24.891600
vt 17.774900 -24.886600
vt 17.769600 -24.881599
vt 17.792601 -24.874001
vt 17.787399 -24.868999
vt 17.804100 -24.858200
vt 17.782200 -24.864000
vt 17.798901 -24.853100
vt 17.793600 -24.848101
vt 17.947399 -24.905399
vt 17.938299 -24.909201
vt 17.930201 -24.941700
vt 17.933701 -24.895100
vt 17.956600 -24.901501
vt 17.937000 -24.885401
vt 17.940201 -24.875601
vt 17.924801 -24.889299
vt 17.931000 -24.870199
vt 17.918900 -24.874201
vt 17.915899 -24.883600
vt 17.921900 -24.864799
vt 17.908300 -24.877899
vt 17.915100 -24.860100
vt 17.904499 -24.863800
vt 17.900700 -24.872200
vt 17.908199 -24.855301
vt 17.894899 -24.865999
vt 17.903299 -24.850800
vt 17.893801 -24.853001
vt 17.889099 -24.859800
vt 17.898399 -24.846201
vt 17.884701 -24.852900
vt 17.895100 -24.841400
vt 17.886400 -24.841101
vt 17.880301 -24.846100
vt 17.891899 -24.836599
vt 17.872400 -24.841101
vt 17.891399 -24.831200
vt 17.881599 -24.828699
vt 17.864401 -24.836100
vt 17.891001 -24.825899
vt 17.859400 -24.823999
vt 17.879700 -24.816700
vt 17.820700 -24.840300
vt 17.822500 -24.850401
vt 17.819201 -24.830500
vt 17.858400 -24.814400
vt 17.775299 -24.851200
vt 17.879601 -24.807600
vt 17.890699 -24.808701
vt 17.777700 -24.861000
vt 17.780199 -24.870800
vt 17.741501 -24.871099
vt 17.890600 -24.816000
vt 17.901899 -24.814100
vt 17.901800 -24.822800
vt 17.902000 -24.818399
vt 17.919600 -24.827101
vt 17.744600 -24.880199
vt 17.796600 -25.058701
vt 17.793699 -25.035400
vt 17.794701 -25.054701
vt 17.790899 -25.035101
vt 17.797400 -25.054600
vt 17.791000 -25.007000
vt 17.796400 -25.034901
vt 17.795799 -25.007200
vt 17.786200 -25.006800
vt 17.797199 -24.986601
vt 17.790800 -24.985500
vt 17.784500 -24.984400
vt 17.800699 -24.971100
vt 17.793800 -24.968700
vt 17.786800 -24.966400
vt 17.806400 -24.955200
vt 17.799900 -24.951799
vt 17.793501 -24.948299
vt 17.814600 -24.937799
vt 17.809000 -24.933500
vt 17.803400 -24.929300
vt 17.825600 -24.919100
vt 17.820299 -24.914301
vt 17.815100 -24.909500
vt 17.837601 -24.900900
vt 17.832600 -24.895599
vt 17.827600 -24.890400
vt 17.849300 -24.885201
vt 17.844700 -24.879200
vt 17.840099 -24.873301
vt 17.860800 -24.871099
vt 17.856701 -24.864500
vt 17.852501 -24.857901
vt 17.872900 -24.857500
vt 17.868900 -24.850700
vt 17.885300 -24.844200
vt 17.865000 -24.843800
vt 17.881399 -24.837200
vt 17.877600 -24.830299
vt 18.000000 -24.879801
vt 18.009701 -24.864000
vt 18.000000 -24.862101
vt 18.009800 -24.848101
vt 18.000000 -24.846201
vt 17.990200 -24.848101
vt 17.990299 -24.864000
vt 18.009600 -24.881599
vt 17.990400 -24.881599
vt 18.000000 -24.900400
vt 18.009600 -24.902201
vt 17.990400 -24.902201
vt 18.000000 -24.922701
vt 18.009600 -24.924400
vt 17.990400 -24.924400
vt 18.000000 -24.945900
vt 18.009501 -24.947399
vt 17.990499 -24.947399
vt 18.000000 -24.973499
vt 18.009100 -24.974701
vt 17.990900 -24.974701
vt 18.000000 -25.007099
vt 18.008101 -25.007999
vt 17.991899 -25.007999
vt 18.000000 -25.037600
vt 18.007200 -25.038099
vt 17.992800 -25.038099
vt 18.000000 -25.056900
vt 18.006599 -25.057199
vt 17.993401 -25.057199
vt 18.005600 -25.072500
vt 17.994400 -25.072500
vt 18.000000 -25.072399
vt 18.003500 -25.091400
vt 17.996500 -25.091400
vt 18.000000 -25.091700
vt 18.000000 -25.107500
vt 18.008699 -25.005600
vt 18.000000 -25.030701
vt 18.009399 -25.031900
vt 17.991301 -25.005600
vt 17.990601 -25.031900
vt 18.000000 -25.004000
vt 18.008699 -24.976101
vt 17.991301 -24.976101
vt 18.000000 -24.974100
vt 18.009100 -24.948700
vt 17.990900 -24.948700
vt 18.000000 -24.946600
vt 18.009300 -24.928801
vt 17.990700 -24.928801
vt 18.000000 -24.926600
vt 18.009501 -24.914499
vt 17.990499 -24.914499
vt 18.000000 -24.912100
vt 18.000000 -24.855499
vt 18.009600 -24.843800
vt 18.000000 -24.841200
vt 18.009600 -24.830299
vt 18.000000 -24.827700
vt 17.990400 -24.830299
vt 17.990400 -24.843800
vt 18.009600 -24.857901
vt 17.990400 -24.857901
vt 18.000000 -24.871000
vt 18.009600 -24.873301
vt 17.990400 -24.873301
vt 18.000000 -24.888399
vt 18.009600 -24.890400
vt 17.990400 -24.890400
vt 18.000000 -24.907700
vt 18.009501 -24.909500
vt 17.990499 -24.909500
vt 18.000000 -24.927700
vt 18.009701 -24.929300
vt 17.990299 -24.929300
vt 18.000000 -24.947100
vt 18.010500 -24.948299
vt 17.989500 -24.948299
vt 18.000000 -24.965500
vt 18.010900 -24.966400
vt 17.989100 -24.966400
vt 18.000000 -24.983999
vt 18.009800 -24.984400
vt 17.990200 -24.984400
vt 18.007299 -25.006800
vt 17.992701 -25.006800
vt 18.000000 -25.006701
vt 18.004200 -25.035101
vt 17.995800 -25.035101
vt 18.000000 -25.035500
vt 18.002001 -25.054701
vt 17.997999 -25.054701
vt 18.000000 -25.058701
vt 18.002001 -25.180000
vt 18.000000 -25.184799
vt 18.000000 -25.155199
vt 17.997999 -25.180000
vt 18.004299 -25.155100
vt 17.995701 -25.155100
vt 18.000000 -25.117001
vt 18.007299 -25.117599
vt 17.992701 -25.117599
vt 18.009300 -25.084499
vt 17.990700 -25.084499
vt 18.000000 -25.083799
vt 18.010000 -25.056999
vt 17.990000 -25.056999
vt 18.000000 -25.056200
vt 18.000000 -24.896400
vt 18.009600 -24.880600
vt 18.000000 -24.878799
vt 18.009701 -24.868200
vt 18.000000 -24.866301
vt 17.990299 -24.868200
vt 17.990400 -24.880600
vt 18.009399 -24.898001
vt 17.990601 -24.898001
vt 18.000000 -24.923100
vt 18.008801 -24.924200
vt 17.991199 -24.924200
vt 18.000000 -24.956400
vt 18.007200 -24.956900
vt 17.992800 -24.956900
vt 18.004299 -24.990601
vt 17.995701 -24.990601
vt 18.000000 -24.990801
vt 18.002100 -25.011700
vt 17.997900 -25.011700
vt 18.014000 -24.909201
vt 18.000000 -24.898701
vt 18.000000 -24.910700
vt 17.986000 -24.909201
vt 18.014000 -24.895100
vt 17.986000 -24.895100
vt 18.013201 -24.865999
vt 18.000000 -24.875401
vt 18.013201 -24.872200
vt 17.986799 -24.865999
vt 17.986799 -24.872200
vt 18.000000 -24.862301
vt 18.013100 -24.859800
vt 17.986900 -24.859800
vt 18.013201 -24.852900
vt 17.986799 -24.852900
vt 18.000000 -24.848400
vt 18.013201 -24.846100
vt 17.986799 -24.846100
vt 17.956600 -24.985901
vt 17.947399 -24.980700
vt 17.930201 -25.000000
vt 17.947399 -25.019300
vt 17.956600 -25.014099
vt 17.893801 -25.000000
vt 17.901800 -24.993200
vt 17.891001 -24.986900
vt 17.901800 -25.006800
vt 17.891001 -25.013100
vt 17.902201 -25.000000
vt 17.919600 -25.000000
vt 17.924801 -24.986200
vt 17.932501 -25.000000
vt 17.933701 -24.986000
vt 17.924801 -25.013800
vt 17.933701 -25.014000
vt 17.914801 -25.000000
vt 17.915899 -24.986500
vt 17.915899 -25.013500
vt 17.908300 -24.986601
vt 17.908300 -25.013399
vt 17.899300 -25.000000
vt 17.900700 -24.986799
vt 17.900700 -25.013201
vt 17.878000 -25.000000
vt 17.880301 -24.986799
vt 17.872400 -24.986200
vt 17.872400 -25.013800
vt 17.880301 -25.013201
vt 17.859800 -25.000000
vt 17.864401 -24.985600
vt 17.864401 -25.014400
vt 17.822500 -24.987400
vt 17.822500 -25.012600
vt 17.822701 -25.000000
vt 17.781099 -25.000000
vt 17.780199 -24.987900
vt 17.780199 -25.012100
vt 17.748899 -25.000000
vt 17.747700 -24.988701
vt 17.747700 -25.011299
vt 17.726101 -25.000000
vt 17.724800 -24.989500
vt 17.724800 -25.010500
vt 17.709600 -25.000000
vt 17.708200 -24.990101
vt 17.708200 -25.009899
vt 17.696100 -25.000000
vt 17.694500 -24.990400
vt 17.694500 -25.009600
vt 17.682600 -25.000000
vt 17.681000 -24.990601
vt 17.681000 -25.009399
vt 18.115101 -24.991600
vt 18.109900 -25.016001
vt 18.112301 -25.011700
vt 18.118000 -24.990601
vt 18.212601 -24.868999
vt 18.225100 -24.886600
vt 18.230400 -24.881599
vt 18.244499 -24.902201
vt 18.217800 -24.864000
vt 18.201099 -24.853100
vt 18.206400 -24.848101
vt 18.195900 -24.858200
vt 18.207399 -24.874001
vt 18.219900 -24.891600
vt 18.239201 -24.907000
vt 18.258301 -24.924400
vt 18.233900 -24.911900
vt 18.252899 -24.928900
vt 18.270000 -24.947399
vt 18.247499 -24.933500
vt 18.264400 -24.951401
vt 18.280300 -24.974701
vt 18.258801 -24.955400
vt 18.274700 -24.977900
vt 18.289801 -25.007999
vt 18.269199 -24.981100
vt 18.284700 -25.010300
vt 18.296900 -25.038099
vt 18.279600 -25.012501
vt 18.292200 -25.039499
vt 18.299801 -25.057199
vt 18.287600 -25.040899
vt 18.295401 -25.057899
vt 18.131100 -24.850700
vt 18.143299 -24.864500
vt 18.147499 -24.857901
vt 18.159901 -24.873301
vt 18.135000 -24.843800
vt 18.118601 -24.837200
vt 18.122400 -24.830299
vt 18.114700 -24.844200
vt 18.127100 -24.857500
vt 18.139200 -24.871099
vt 18.155300 -24.879200
vt 18.172400 -24.890400
vt 18.150700 -24.885201
vt 18.167400 -24.895599
vt 18.184900 -24.909500
vt 18.162399 -24.900900
vt 18.179701 -24.914301
vt 18.196600 -24.929300
vt 18.174400 -24.919100
vt 18.191000 -24.933500
vt 18.206499 -24.948299
vt 18.185400 -24.937799
vt 18.200100 -24.951799
vt 18.213200 -24.966400
vt 18.193600 -24.955200
vt 18.206200 -24.968700
vt 18.215500 -24.984400
vt 18.199301 -24.971100
vt 18.209200 -24.985500
vt 18.431200 -25.157499
vt 18.423300 -25.119400
vt 18.418699 -25.121201
vt 18.436501 -25.155100
vt 18.427799 -25.117599
vt 18.407000 -25.088301
vt 18.412701 -25.086399
vt 18.418501 -25.084499
vt 18.408300 -25.056999
vt 18.402201 -25.059099
vt 18.396200 -25.061199
vt 18.396200 -25.031900
vt 18.390699 -25.035000
vt 18.385300 -25.038099
vt 18.371599 -25.014200
vt 18.376301 -25.009899
vt 18.381001 -25.005600
vt 18.353600 -24.986401
vt 18.358000 -24.981199
vt 18.362499 -24.976101
vt 18.334801 -24.959999
vt 18.339300 -24.954399
vt 18.343700 -24.948700
vt 18.319000 -24.940800
vt 18.323400 -24.934799
vt 18.327801 -24.928801
vt 18.305500 -24.927299
vt 18.309601 -24.920900
vt 18.313700 -24.914499
vt 18.291800 -24.916100
vt 18.295700 -24.909000
vt 18.299500 -24.901899
vt 18.275200 -24.904301
vt 18.278700 -24.896200
vt 18.282200 -24.888201
vt 18.252300 -24.889299
vt 18.255400 -24.880199
vt 18.258499 -24.871099
vt 18.219801 -24.870800
vt 18.222300 -24.861000
vt 18.224701 -24.851200
vt 18.177500 -24.850401
vt 18.179300 -24.840300
vt 18.180799 -24.830500
vt 18.135599 -24.836100
vt 18.140600 -24.823999
vt 18.141600 -24.814400
vt 18.118401 -24.828699
vt 18.120300 -24.816700
vt 18.120399 -24.807600
vt 18.109301 -24.808701
vt 18.127600 -24.841101
vt 18.109400 -24.816000
vt 18.108999 -24.825899
vt 18.098101 -24.814100
vt 18.108601 -24.831200
vt 18.098200 -24.822800
vt 18.098000 -24.818399
vt 18.080400 -24.827101
vt 18.113600 -24.841101
vt 18.108101 -24.836599
vt 18.119699 -24.846100
vt 18.104900 -24.841400
vt 18.115299 -24.852900
vt 18.106199 -24.853001
vt 18.101601 -24.846201
vt 18.110901 -24.859800
vt 18.096701 -24.850800
vt 18.105101 -24.865999
vt 18.095501 -24.863800
vt 18.091801 -24.855301
vt 18.099300 -24.872200
vt 18.084900 -24.860100
vt 18.091700 -24.877899
vt 18.081100 -24.874201
vt 18.078100 -24.864799
vt 18.084101 -24.883600
vt 18.069000 -24.870199
vt 18.075199 -24.889299
vt 18.063000 -24.885401
vt 18.059799 -24.875601
vt 18.066299 -24.895100
vt 18.043400 -24.901501
vt 18.052601 -24.905399
vt 18.061701 -24.909201
vt 18.069799 -24.941700
vt 18.099400 -24.885401
vt 18.106600 -24.902100
vt 18.112000 -24.898001
vt 18.119699 -24.924200
vt 18.104700 -24.880600
vt 18.092899 -24.873301
vt 18.098101 -24.868200
vt 18.087601 -24.878401
vt 18.094000 -24.890200
vt 18.101200 -24.906300
vt 18.114401 -24.927000
vt 18.122900 -24.956900
vt 18.108999 -24.929800
vt 18.118299 -24.958401
vt 18.113701 -24.959801
vt 18.112400 -24.991800
vt 18.109501 -25.012199
vt 18.213800 -25.006800
vt 18.202801 -24.986601
vt 18.209000 -25.007000
vt 18.204201 -25.007200
vt 18.209101 -25.035101
vt 18.203600 -25.034901
vt 18.206301 -25.035400
vt 18.205299 -25.054701
vt 18.203400 -25.058701
vt 18.202600 -25.054600
vt 18.299500 -25.072500
vt 18.291100 -25.058500
vt 18.295799 -25.072800
vt 18.292101 -25.073000
vt 18.297701 -25.091400
vt 18.293100 -25.091499
vt 18.295401 -25.091700
vt 18.296101 -25.104799
vt 18.294901 -25.107500
vt 18.293900 -25.104799
vt 18.441799 -25.185400
vt 18.434000 -25.156799
vt 18.439199 -25.181101
vt 18.441799 -25.180000
vt 13.997900 -34.860199
vt 14.002100 -34.844700
vt 13.997900 -34.844700
vt 14.002100 -34.860199
vt 13.997900 -34.819599
vt 14.002100 -34.819599
vt 14.002100 -34.925800
vt 13.997900 -34.925800
vt 13.997900 -34.930000
vt 14.002100 -34.930000
vt 13.997900 -34.890800
vt 14.002100 -34.925201
vt 14.002100 -34.890800
vt 13.997900 -34.925201
vt 13.997900 -34.984299
vt 14.002100 -34.998001
vt 14.002100 -34.984299
vt 13.997900 -34.998001
vt 13.997900 -34.940800
vt 14.002100 -34.973999
vt 14.002100 -34.940800
vt 13.997900 -34.973999
vt 14.002100 -35.018501
vt 13.997900 -35.018501
vt 13.997900 -34.976200
vt 14.002100 -34.983002
vt 14.002100 -34.976200
vt 13.997900 -34.983002
vt 14.002100 -35.017601
vt 13.997900 -35.004700
vt 13.997900 -35.017601
vt 14.002100 -35.004700
vt 14.002100 -35.056801
vt 13.997900 -35.056801
vt 13.997900 -34.973801
vt 14.002100 -34.990898
vt 14.002100 -34.973801
vt 13.997900 -34.990898
vt 14.002100 -35.000599
vt 13.997900 -35.000599
vt 13.997900 -35.028500
vt 14.002100 -35.056900
vt 14.002100 -35.028500
vt 13.997900 -35.056900
vt 13.997900 -35.108700
vt 14.002100 -35.180401
vt 14.002100 -35.108700
vt 13.997900 -35.180401
vt 14.002100 -35.047001
vt 13.997900 -35.047001
vt 14.002100 -35.077900
vt 13.997900 -35.077900
vt 14.002100 -35.104900
vt 13.997900 -35.104900
vt 13.997900 -35.059101
vt 14.002100 -35.076099
vt 14.002100 -35.059101
vt 13.997900 -35.076099
vt 14.002100 -35.088600
vt 13.997900 -35.088600
vt 13.997900 -35.091599
vt 14.002100 -35.091599
vt 14.224800 -34.997898
vt 14.285300 -35.002102
vt 14.285300 -34.997898
vt 14.224800 -35.002102
vt 14.151500 -34.997898
vt 14.151500 -35.002102
vt 14.114200 -34.997898
vt 14.114200 -35.002102
vt 14.059200 -35.002102
vt 14.092900 -35.002102
vt 14.059200 -34.997898
vt 14.092900 -34.997898
vt 13.997900 -35.039501
vt 14.002100 -35.039501
vt 13.997900 -35.058800
vt 14.002100 -35.058800
vt 14.002100 -35.042301
vt 13.997900 -35.042301
vt 13.997900 -35.120098
vt 14.002100 -35.120098
vt 14.002100 -35.030499
vt 13.997900 -35.030499
vt 14.002100 -34.962200
vt 13.997900 -34.962200
vt 14.002100 -34.910999
vt 13.997900 -34.910999
vt 13.997900 -34.995998
vt 14.002100 -34.995998
vt 13.997900 -34.997601
vt 14.002100 -34.997601
vt 14.002100 -34.973301
vt 13.997900 -34.973301
vt 13.997900 -34.977901
vt 14.002100 -34.977901
vt 13.997900 -34.973499
vt 14.002100 -34.973499
vt 13.685700 -35.002102
vt 13.693000 -34.997898
vt 13.685700 -34.997898
vt 13.693000 -35.002102
vt 13.672900 -35.002102
vt 13.672900 -34.997898
vt 13.776700 -34.997898
vt 13.763600 -35.002102
vt 13.776700 -35.002102
vt 13.763600 -34.997898
vt 13.629700 -34.997898
vt 13.616600 -35.002102
vt 13.629700 -35.002102
vt 13.616600 -34.997898
vt 13.843200 -35.002102
vt 13.856000 -34.997898
vt 13.843200 -34.997898
vt 13.856000 -35.002102
vt 13.921800 -35.002102
vt 13.935900 -34.997898
vt 13.921800 -34.997898
vt 13.935900 -35.002102
vt 13.829100 -34.997898
vt 13.812800 -35.002102
vt 13.829100 -35.002102
vt 13.812800 -34.997898
vt 13.906100 -35.002102
vt 13.923200 -34.997898
vt 13.906100 -34.997898
vt 13.923200 -35.002102
vt 13.833800 -35.002102
vt 13.841500 -34.997898
vt 13.833800 -34.997898
vt 13.841500 -35.002102
vt 13.647900 -34.997898
vt 13.640600 -35.002102
vt 13.647900 -35.002102
vt 13.640600 -34.997898
vt 0.000000 0.000000
s 1
usemtl 
f 1/1/1 2/2/2 3/3/1
f 2/2/2 1/1/1 4/4/2
f 5/5/3 7/6/4 6/7/3
f 5/5/3 8/8/4 7/6/4
f 9/9/5 10/3/6 11/10/5
f 10/3/6 9/9/5 12/1/6
f 11/10/5 13/11/7 9/9/5
f 13/11/7 11/10/5 14/12/7
f 14/12/7 15/13/8 13/11/7
f 15/13/8 14/12/7 16/14/9
f 18/15/10 19/16/11 17/17/12
f 19/16/11 18/15/10 20/18/11
f 23/19/13 22/20/14 21/21/15
f 22/20/14 23/19/13 24/22/13
f 26/23/16 27/24/17 25/25/18
f 26/23/16 28/26/17 27/24/17
f 28/26/17 29/27/19 27/24/17
f 30/28/20 29/27/19 28/26/17
f 32/29/21 33/30/22 31/31/23
f 33/30/22 32/29/21 34/32/24
f 35/33/25 37/34/26 36/35/27
f 38/36/26 36/35/27 37/34/26
f 38/36/26 37/34/26 39/37/28
f 40/38/29 38/36/26 39/37/28
f 41/3/30 42/4/31 43/2/31
f 42/4/31 41/3/30 44/1/30
f 45/10/32 46/1/33 47/3/33
f 46/1/33 45/10/32 48/9/32
f 49/12/34 48/9/32 45/10/32
f 48/9/32 49/12/34 50/11/34
f 51/14/35 50/11/34 49/12/34
f 50/11/34 51/14/35 52/13/36
f 54/5/37 55/8/38 53/7/37
f 56/6/38 53/7/37 55/8/38
f 59/18/39 58/17/40 57/15/40
f 60/16/39 58/17/40 59/18/39
usemtl Meshpart21Mtl.003
f 61/39/41 62/40/42 63/41/43
f 66/39/44 64/42/45 65/43/46
f 64/42/45 66/39/44 67/41/47
f 69/44/48 68/45/49 70/46/50
f 73/39/51 72/43/52 71/47/53
f 73/39/51 71/47/53 74/48/54
f 74/48/54 75/40/55 73/39/51
f 76/49/56 77/50/56 78/51/56
f 77/50/56 76/49/56 79/52/57
f 80/53/58 81/54/59 82/49/60
f 82/49/60 83/51/60 80/53/58
f 84/45/61 85/55/62 86/56/63
f 87/57/64 88/52/65 89/49/65
f 88/52/65 87/57/64 90/58/64
f 91/54/66 92/59/66 93/57/67
f 91/54/66 93/57/67 94/49/66
f 95/60/68 96/57/68 97/59/68
f 96/57/68 95/60/68 98/61/69
f 99/57/70 100/61/71 101/62/72
f 99/57/70 101/62/72 102/58/70
f 104/52/73 105/50/73 103/63/73
f 106/64/74 107/65/75 108/66/76
f 107/65/75 106/64/74 109/46/74
f 111/67/77 112/64/78 110/66/79
f 113/56/80 112/64/78 111/67/77
f 114/68/81 115/69/82 116/70/83
f 115/69/82 117/71/81 116/70/83
f 119/46/84 118/72/85 120/45/84
f 122/72/86 121/56/87 123/45/87
f 126/53/88 125/54/88 124/63/88
f 127/73/89 128/74/89 129/75/89
f 130/76/90 131/77/90 132/78/90
f 134/79/91 133/80/92 135/81/93
f 136/82/94 134/79/91 135/81/93
f 134/79/91 136/82/94 137/83/95
f 138/84/96 137/83/95 136/82/94
f 137/83/95 138/84/96 139/85/97
f 138/84/96 140/86/98 139/85/97
f 140/86/98 138/84/96 141/87/99
f 142/88/100 143/89/101 144/90/102
f 145/91/103 144/90/102 143/89/101
f 145/91/103 143/89/101 146/92/104
f 147/93/105 145/91/103 146/92/104
f 147/93/105 146/92/104 148/94/106
f 149/95/107 147/93/105 148/94/106
f 147/93/105 149/95/107 150/96/108
f 151/97/109 152/98/109 153/99/109
f 154/100/109 153/99/109 152/98/109
f 155/101/110 156/102/110 157/103/110
f 157/103/110 158/104/110 155/101/110
f 159/105/111 160/106/112 161/107/113
f 160/106/112 159/105/111 162/108/114
f 163/109/115 164/110/116 165/111/117
f 164/110/116 163/109/115 166/112/118
f 167/108/119 168/113/120 169/106/121
f 168/113/120 167/108/119 170/114/122
f 171/109/123 172/115/124 173/112/125
f 172/115/124 174/116/126 173/112/125
f 175/117/127 176/113/128 177/114/129
f 176/113/128 175/117/127 178/118/127
f 179/115/130 180/119/131 181/116/132
f 180/119/131 179/115/130 182/120/133
f 183/106/134 184/121/135 185/122/136
f 184/121/135 183/106/134 186/113/137
f 187/121/138 186/113/139 188/118/140
f 187/121/138 188/118/140 189/123/141
f 190/124/142 191/109/143 192/125/144
f 191/109/143 190/124/142 193/115/145
f 194/124/146 195/120/147 193/115/148
f 195/120/147 194/124/146 196/126/147
f 197/107/149 198/122/134 199/127/150
f 198/122/134 197/107/149 200/106/134
f 199/127/150 201/128/151 197/107/149
f 202/125/143 203/111/152 204/129/153
f 203/111/152 202/125/143 205/109/143
f 206/130/154 204/129/153 203/111/152
f 207/128/155 208/79/156 209/131/155
f 209/131/155 208/79/156 210/132/157
f 211/89/158 212/130/159 213/133/160
f 213/133/160 214/134/161 211/89/158
f 215/83/162 216/132/157 217/79/157
f 216/132/157 215/83/162 218/135/163
f 219/92/164 220/89/161 221/134/161
f 219/92/164 221/134/161 222/136/165
f 223/85/166 224/135/163 225/83/167
f 224/135/163 223/85/166 226/137/168
f 223/85/166 227/138/169 226/137/168
f 227/138/169 223/85/166 228/86/170
f 229/139/171 227/138/169 228/86/170
f 230/140/171 227/138/169 229/139/171
f 230/140/171 231/139/171 232/141/172
f 233/94/173 234/92/174 235/136/175
f 233/94/173 235/136/175 236/142/176
f 237/143/177 233/94/173 236/142/176
f 233/94/173 237/143/177 238/95/178
f 237/143/177 239/144/179 238/95/178
f 239/144/179 237/143/177 240/145/179
f 240/145/180 241/146/181 242/144/182
f 243/39/183 244/48/183 245/40/184
f 246/47/185 248/39/186 247/43/187
f 248/39/186 246/47/185 249/48/186
f 250/45/188 251/55/189 252/56/190
f 255/39/191 253/42/192 254/43/193
f 253/42/192 255/39/191 256/41/194
f 256/41/194 255/39/191 257/40/195
f 258/49/196 259/53/197 260/54/197
f 259/53/197 258/49/196 261/51/197
f 262/50/198 263/49/198 264/52/198
f 263/49/198 262/50/198 265/51/198
f 267/44/199 266/45/200 268/46/201
f 269/57/202 270/54/203 271/59/202
f 270/54/203 269/57/202 272/49/204
f 273/52/205 274/57/206 275/58/205
f 274/57/206 273/52/205 276/49/207
f 277/57/208 278/62/209 279/58/210
f 278/62/209 277/57/208 280/61/211
f 281/59/212 282/60/213 283/57/212
f 284/61/214 283/57/212 282/60/213
f 287/53/215 286/54/215 285/63/215
f 288/67/216 289/64/217 290/66/218
f 289/64/217 288/67/216 291/56/217
f 293/65/219 292/66/220 294/64/221
f 295/46/222 293/65/219 294/64/221
f 296/70/223 297/69/223 298/71/224
f 297/69/223 296/70/223 299/68/224
f 300/72/225 301/56/226 302/45/226
f 304/72/227 305/45/228 303/46/228
f 307/52/229 308/50/229 306/63/229
f 309/92/230 310/147/231 311/148/232
f 310/147/231 309/92/230 312/94/231
f 313/95/233 310/147/231 312/94/231
f 310/147/231 313/95/233 314/96/234
f 315/83/235 316/149/236 317/85/237
f 316/149/236 315/83/235 318/150/238
f 319/86/239 317/85/237 316/149/236
f 316/149/236 320/87/240 319/86/239
f 321/78/241 322/76/242 323/77/242
f 324/74/243 325/75/244 326/73/243
f 327/89/245 328/148/232 329/90/246
f 328/148/232 327/89/245 330/92/230
f 331/88/247 332/89/248 329/90/249
f 333/79/250 334/150/251 335/83/252
f 334/150/251 333/79/250 336/81/253
f 337/80/254 336/81/255 338/79/256
f 339/76/257 340/151/257 341/77/258
f 342/73/259 343/75/260 344/152/260
f 345/103/261 346/101/261 347/102/262
f 346/101/261 345/103/261 348/104/261
f 349/98/263 350/99/264 351/97/263
f 350/99/264 349/98/263 352/100/263
f 353/153/215 354/151/215 355/154/215
f 356/152/73 357/155/73 358/156/73
f 359/153/265 360/157/265 361/158/265
f 360/157/265 359/153/265 362/154/266
f 363/155/267 364/159/268 365/160/268
f 365/160/268 366/156/268 363/155/267
f 367/161/269 368/157/270 369/102/271
f 368/157/270 367/161/269 370/158/272
f 371/162/273 372/160/274 373/159/273
f 372/160/274 371/162/273 374/97/275
f 375/102/276 376/101/277 377/161/278
f 378/163/279 377/161/278 376/101/277
f 379/98/280 380/162/281 381/164/282
f 380/162/281 379/98/280 382/97/280
f 383/110/283 384/109/284 385/112/285
f 384/109/284 383/110/283 386/111/283
f 387/105/286 388/108/287 389/106/288
f 387/105/286 389/106/288 390/107/289
f 391/119/290 392/115/291 393/120/292
f 392/115/291 391/119/290 394/116/293
f 394/116/294 395/112/295 396/115/296
f 395/112/295 397/109/297 396/115/296
f 398/113/298 399/117/299 400/118/299
f 399/117/299 398/113/298 401/114/300
f 402/113/301 403/108/302 401/114/303
f 403/108/302 402/113/301 404/106/304
f 405/120/305 406/124/306 407/126/305
f 406/124/306 405/120/305 408/115/307
f 409/118/308 410/123/308 411/121/309
f 411/121/309 412/113/310 409/118/308
f 413/109/311 414/124/312 415/115/313
f 414/124/312 413/109/311 416/125/311
f 417/121/314 418/106/315 419/113/316
f 418/106/315 417/121/314 420/122/317
f 421/111/318 422/125/319 423/109/311
f 422/125/319 421/111/318 424/129/320
f 425/107/321 426/106/315 427/122/322
f 425/107/321 427/122/322 428/127/323
f 429/111/324 430/130/325 431/129/326
f 432/128/327 433/107/328 434/127/329
f 435/102/330 436/101/331 437/161/332
f 438/163/330 437/161/332 436/101/331
f 439/98/333 440/162/334 441/164/335
f 440/162/334 439/98/333 442/97/335
f 443/161/336 444/157/337 445/102/338
f 444/157/337 443/161/336 446/158/339
f 447/162/340 448/160/341 449/159/342
f 448/160/341 447/162/340 450/97/343
f 451/153/344 452/157/344 453/158/345
f 452/157/344 451/153/344 454/154/344
f 455/155/346 456/159/347 457/160/348
f 457/160/348 458/156/346 455/155/346
f 459/89/349 460/133/350 461/134/349
f 460/133/350 459/89/349 462/130/351
f 461/134/349 463/92/352 459/89/349
f 463/92/352 461/134/349 464/165/353
f 464/165/353 465/94/354 463/92/352
f 465/94/354 464/165/353 466/142/355
f 467/143/356 465/94/354 466/142/355
f 465/94/354 467/143/356 468/95/357
f 467/143/356 469/144/358 468/95/357
f 469/144/358 467/143/356 470/145/359
f 469/144/358 470/145/359 471/146/360
f 472/131/361 473/79/362 474/132/363
f 473/79/362 472/131/361 475/128/361
f 476/83/364 474/132/363 473/79/362
f 474/132/363 476/83/364 477/166/365
f 478/85/366 477/166/365 476/83/364
f 477/166/365 478/85/366 479/137/367
f 480/138/368 479/137/367 478/85/366
f 478/85/366 481/86/369 480/138/368
f 482/139/370 480/138/368 481/86/369
f 480/138/368 482/139/370 483/140/371
f 482/139/370 484/141/372 483/140/371
f 485/153/88 486/151/88 487/154/88
f 488/152/229 489/155/229 490/156/229
f 491/76/373 492/151/373 493/77/373
f 494/73/374 495/75/374 496/152/374
usemtl Meshpart11Mtl
f 502/167/375 499/168/376 501/169/377
f 502/167/375 501/169/377 500/170/378
f 499/168/376 502/167/375 503/171/379
f 507/172/380 504/173/381 506/174/382
f 507/172/380 506/174/382 505/175/383
f 504/173/381 507/172/380 508/176/384
f 512/177/385 509/178/386 511/179/387
f 512/177/385 511/179/387 510/180/388
f 509/178/386 512/177/385 513/181/389
f 514/182/390 515/183/391 516/184/392
f 515/183/391 514/182/390 517/185/393
f 515/183/391 517/185/393 518/186/394
f 519/187/395 515/183/391 518/186/394
f 519/187/395 520/188/396 515/183/391
f 516/184/392 515/183/391 520/188/396
f 521/189/397 524/190/398 522/191/399
f 521/189/397 523/192/400 525/193/401
f 524/190/398 521/189/397 526/194/402
f 525/193/401 526/194/402 521/189/397
f 526/194/402 527/195/403 524/190/398
f 526/194/402 525/193/401 528/196/404
f 526/194/402 529/197/405 527/195/403
f 530/198/406 526/194/402 528/196/404
f 529/197/405 526/194/402 531/199/407
f 526/194/402 530/198/406 531/199/407
f 531/199/407 532/200/408 529/197/405
f 533/201/409 531/199/407 530/198/406
f 535/202/410 537/203/411 534/204/412
f 534/204/412 538/205/413 536/206/414
f 539/207/415 534/204/412 537/203/411
f 538/205/413 534/204/412 539/207/415
f 537/203/411 540/208/416 539/207/415
f 539/207/415 541/209/417 538/205/413
f 542/210/418 539/207/415 540/208/416
f 541/209/417 539/207/415 542/210/418
f 540/208/416 543/211/419 542/210/418
f 542/210/418 544/212/420 541/209/417
f 545/213/421 542/210/418 543/211/419
f 544/212/420 542/210/418 545/213/421
f 546/214/422 502/167/375 500/170/378
f 546/214/422 547/215/423 502/167/375
f 502/167/375 547/215/423 503/171/379
f 547/215/423 546/214/422 548/216/424
f 549/217/425 503/171/379 547/215/423
f 548/216/424 550/218/426 547/215/423
f 547/215/423 550/218/426 549/217/425
f 550/218/426 548/216/424 551/219/427
f 552/220/428 549/217/425 550/218/426
f 551/219/427 553/221/429 550/218/426
f 550/218/426 553/221/429 552/220/428
f 553/221/429 551/219/427 554/222/430
f 555/223/431 552/220/428 553/221/429
f 554/222/430 556/224/432 553/221/429
f 553/221/429 556/224/432 555/223/431
f 556/224/432 554/222/430 557/225/433
f 558/226/434 555/223/431 556/224/432
f 557/225/433 559/227/435 556/224/432
f 559/227/435 558/226/434 556/224/432
f 560/228/436 559/227/435 557/225/433
f 558/226/434 559/227/435 561/229/437
f 560/228/436 562/230/438 559/227/435
f 562/230/438 561/229/437 559/227/435
f 563/231/439 562/230/438 560/228/436
f 561/229/437 562/230/438 564/232/440
f 565/233/441 512/177/385 510/180/388
f 565/233/441 566/234/442 512/177/385
f 512/177/385 566/234/442 513/181/389
f 566/234/442 565/233/441 567/235/443
f 568/236/444 513/181/389 566/234/442
f 567/235/443 569/237/445 566/234/442
f 566/234/442 569/237/445 568/236/444
f 569/237/445 567/235/443 570/238/446
f 571/239/447 568/236/444 569/237/445
f 570/238/446 572/240/448 569/237/445
f 569/237/445 572/240/448 571/239/447
f 572/240/448 570/238/446 573/241/449
f 574/242/450 571/239/447 572/240/448
f 573/241/449 575/243/451 572/240/448
f 572/240/448 575/243/451 574/242/450
f 575/243/451 573/241/449 576/244/452
f 575/243/451 577/245/453 574/242/450
f 576/244/452 578/246/454 575/243/451
f 575/243/451 578/246/454 577/245/453
f 578/246/454 576/244/452 579/247/455
f 578/246/454 580/248/456 577/245/453
f 579/247/455 581/249/457 578/246/454
f 578/246/454 581/249/457 580/248/456
f 581/249/457 579/247/455 582/250/458
f 581/249/457 583/251/459 580/248/456
f 582/250/458 584/252/460 581/249/457
f 581/249/457 584/252/460 583/251/459
f 584/252/460 582/250/458 585/253/461
f 584/252/460 586/254/462 583/251/459
f 585/253/461 587/255/463 584/252/460
f 584/252/460 587/255/463 586/254/462
f 587/255/463 585/253/461 588/256/464
f 587/255/463 589/257/465 586/254/462
f 588/256/464 590/258/466 587/255/463
f 587/255/463 590/258/466 589/257/465
f 590/258/466 588/256/464 591/259/467
f 590/258/466 592/260/468 589/257/465
f 591/259/467 593/261/469 590/258/466
f 590/258/466 593/261/469 592/260/468
f 593/261/469 591/259/467 594/262/470
f 593/261/469 595/263/471 592/260/468
f 594/262/470 596/264/472 593/261/469
f 596/264/472 595/263/471 593/261/469
f 597/265/473 596/264/472 594/262/470
f 595/263/471 596/264/472 598/266/474
f 597/265/473 599/267/475 596/264/472
f 599/267/475 598/266/474 596/264/472
f 600/268/476 599/267/475 597/265/473
f 598/266/474 599/267/475 601/269/477
f 602/270/478 507/172/380 505/175/383
f 602/270/478 603/271/479 507/172/380
f 507/172/380 603/271/479 508/176/384
f 603/271/479 602/270/478 604/272/480
f 605/273/481 508/176/384 603/271/479
f 604/272/480 606/274/482 603/271/479
f 603/271/479 606/274/482 605/273/481
f 606/274/482 604/272/480 607/275/483
f 608/276/484 605/273/481 606/274/482
f 607/275/483 609/277/485 606/274/482
f 606/274/482 609/277/485 608/276/484
f 609/277/485 607/275/483 610/278/486
f 611/279/487 608/276/484 609/277/485
f 610/278/486 612/280/488 609/277/485
f 609/277/485 612/280/488 611/279/487
f 612/280/488 610/278/486 613/281/489
f 614/282/490 611/279/487 612/280/488
f 613/281/489 615/283/491 612/280/488
f 612/280/488 615/283/491 614/282/490
f 615/283/491 613/281/489 616/284/492
f 617/285/493 614/282/490 615/283/491
f 616/284/492 618/286/494 615/283/491
f 615/283/491 618/286/494 617/285/493
f 618/286/494 616/284/492 619/287/495
f 620/288/496 617/285/493 618/286/494
f 619/287/495 621/289/497 618/286/494
f 618/286/494 621/289/497 620/288/496
f 621/289/497 619/287/495 622/290/498
f 623/291/499 620/288/496 621/289/497
f 622/290/498 624/292/500 621/289/497
f 621/289/497 624/292/500 623/291/499
f 624/292/500 622/290/498 625/293/501
f 626/294/502 623/291/499 624/292/500
f 625/293/501 627/295/503 624/292/500
f 624/292/500 627/295/503 626/294/502
f 627/295/503 625/293/501 628/296/504
f 629/297/505 626/294/502 627/295/503
f 628/296/504 630/298/506 627/295/503
f 627/295/503 630/298/506 629/297/505
f 630/298/506 628/296/504 631/299/507
f 632/300/508 629/297/505 630/298/506
f 631/299/507 633/301/509 630/298/506
f 633/301/509 632/300/508 630/298/506
f 634/302/510 633/301/509 631/299/507
f 632/300/508 633/301/509 635/303/511
f 634/302/510 636/264/512 633/301/509
f 636/264/512 635/303/511 633/301/509
f 637/304/513 636/264/512 634/302/510
f 635/303/511 636/264/512 638/305/514
f 543/211/419 639/306/515 545/213/421
f 545/213/421 640/307/516 544/212/420
f 641/308/517 545/213/421 639/306/515
f 640/307/516 545/213/421 641/308/517
f 639/306/515 642/309/518 641/308/517
f 641/308/517 643/310/519 640/307/516
f 644/311/520 641/308/517 642/309/518
f 643/310/519 641/308/517 644/311/520
f 642/309/518 645/312/521 644/311/520
f 644/311/520 646/313/522 643/310/519
f 647/314/523 644/311/520 645/312/521
f 646/313/522 644/311/520 647/314/523
f 645/312/521 648/315/524 647/314/523
f 647/314/523 649/316/525 646/313/522
f 650/317/526 647/314/523 648/315/524
f 649/316/525 647/314/523 650/317/526
f 648/315/524 651/318/527 650/317/526
f 650/317/526 652/319/528 649/316/525
f 653/320/529 650/317/526 651/318/527
f 652/319/528 650/317/526 653/320/529
f 651/318/527 497/321/530 653/320/529
f 653/320/529 654/322/531 652/319/528
f 655/323/532 653/320/529 497/321/530
f 654/322/531 653/320/529 655/323/532
f 655/323/532 497/321/530 498/324/533
f 654/322/531 655/323/532 656/325/534
f 498/324/533 657/326/535 655/323/532
f 657/326/535 656/325/534 655/323/532
f 658/327/536 661/328/537 660/329/538
f 661/328/537 659/330/539 660/329/538
f 661/328/537 658/327/536 662/331/540
f 659/330/539 661/328/537 663/332/541
f 662/331/540 664/333/542 661/328/537
f 664/333/542 663/332/541 661/328/537
f 664/333/542 662/331/540 665/334/543
f 663/332/541 664/333/542 666/335/544
f 665/334/543 667/336/545 664/333/542
f 667/336/545 666/335/544 664/333/542
f 667/336/545 665/334/543 668/337/546
f 666/335/544 667/336/545 669/338/547
f 668/337/546 670/339/548 667/336/545
f 670/339/548 669/338/547 667/336/545
f 670/339/548 668/337/546 671/340/549
f 669/338/547 670/339/548 672/341/550
f 673/342/551 670/339/548 671/340/549
f 673/342/551 672/341/550 670/339/548
f 673/342/551 671/340/549 674/343/552
f 672/341/550 673/342/551 675/344/553
f 676/345/554 673/342/551 674/343/552
f 676/345/554 675/344/553 673/342/551
f 676/345/554 674/343/552 677/346/555
f 675/344/553 676/345/554 678/347/556
f 677/346/555 679/348/557 676/345/554
f 676/345/554 680/349/558 678/347/556
f 681/350/559 676/345/554 679/348/557
f 680/349/558 676/345/554 681/350/559
f 681/350/559 679/348/557 682/351/560
f 681/350/559 683/352/561 680/349/558
f 684/353/562 681/350/559 682/351/560
f 683/352/561 681/350/559 684/353/562
f 682/351/560 685/354/563 684/353/562
f 684/353/562 686/355/564 683/352/561
f 687/356/565 684/353/562 685/354/563
f 686/355/564 684/353/562 687/356/565
f 687/356/565 685/354/563 688/357/566
f 686/355/564 687/356/565 688/357/566
f 690/358/567 692/359/568 689/360/569
f 693/361/570 690/358/567 691/362/571
f 692/359/568 690/358/567 694/363/572
f 690/358/567 693/361/570 694/363/572
f 694/363/572 695/364/573 692/359/568
f 694/363/572 693/361/570 696/365/574
f 694/363/572 697/366/575 695/364/573
f 698/367/576 694/363/572 696/365/574
f 697/366/575 694/363/572 699/368/577
f 694/363/572 698/367/576 699/368/577
f 699/368/577 700/369/578 697/366/575
f 699/368/577 698/367/576 701/370/579
f 699/368/577 702/371/580 700/369/578
f 703/372/581 699/368/577 701/370/579
f 702/371/580 699/368/577 704/373/582
f 699/368/577 703/372/581 704/373/582
f 704/373/582 705/374/583 702/371/580
f 706/375/584 704/373/582 703/372/581
f 709/376/585 710/377/586 711/378/587
f 712/379/588 711/378/587 713/380/589
f 711/378/587 710/377/586 714/381/590
f 711/378/587 714/381/590 713/380/589
f 710/377/586 715/382/591 714/381/590
f 713/380/589 714/381/590 716/383/592
f 714/381/590 715/382/591 717/384/593
f 714/381/590 717/384/593 716/383/592
f 715/382/591 718/385/594 717/384/593
f 716/383/592 717/384/593 719/386/595
f 717/384/593 718/385/594 720/387/596
f 717/384/593 720/387/596 719/386/595
f 721/388/597 720/387/596 718/385/594
f 719/386/595 720/387/596 722/389/598
f 720/387/596 721/388/597 723/390/599
f 723/390/599 722/389/598 720/387/596
f 724/391/600 723/390/599 721/388/597
f 722/389/598 723/390/599 725/392/601
f 723/390/599 724/391/600 726/393/602
f 726/393/602 725/392/601 723/390/599
f 727/394/603 726/393/602 724/391/600
f 725/392/601 726/393/602 728/395/604
f 726/393/602 727/394/603 729/396/605
f 729/396/605 728/395/604 726/393/602
f 730/397/606 729/396/605 727/394/603
f 728/395/604 729/396/605 731/398/607
f 732/399/608 731/398/607 729/396/605
f 729/396/605 730/397/606 732/399/608
f 731/398/607 732/399/608 733/400/609
f 732/399/608 734/401/610 733/400/609
f 730/397/606 735/402/611 732/399/608
f 734/401/610 732/399/608 735/402/611
f 735/402/611 730/397/606 736/403/612
f 735/402/611 737/404/613 734/401/610
f 736/403/612 738/405/614 735/402/611
f 737/404/613 735/402/611 738/405/614
f 738/405/614 736/403/612 739/406/615
f 740/407/616 738/405/614 739/406/615
f 741/408/617 737/404/613 738/405/614
f 741/408/617 738/405/614 740/407/616
f 742/409/618 737/404/613 741/408/617
f 743/410/619 741/408/617 740/407/616
f 741/408/617 744/411/620 742/409/618
f 745/412/621 741/408/617 743/410/619
f 744/411/620 741/408/617 745/412/621
f 745/412/621 746/413/622 744/411/620
f 745/412/621 747/414/623 746/413/622
f 748/415/624 745/412/621 743/410/619
f 747/414/623 745/412/621 748/415/624
f 750/416/625 751/417/626 749/418/627
f 751/417/626 750/416/625 752/419/628
f 753/420/629 749/418/627 751/417/626
f 751/417/626 752/419/628 754/421/630
f 754/421/630 755/422/631 751/417/626
f 751/417/626 756/423/632 753/420/629
f 755/422/631 756/423/632 751/417/626
f 757/424/633 753/420/629 756/423/632
f 755/422/631 758/425/634 756/423/632
f 756/423/632 759/426/635 757/424/633
f 756/423/632 758/425/634 759/426/635
f 757/424/633 759/426/635 760/427/636
f 761/428/637 759/426/635 758/425/634
f 762/429/638 760/427/636 759/426/635
f 759/426/635 761/428/637 762/429/638
f 760/427/636 762/429/638 763/430/639
f 764/431/640 762/429/638 761/428/637
f 765/432/641 763/430/639 762/429/638
f 762/429/638 764/431/640 765/432/641
f 766/433/642 765/432/641 764/431/640
f 763/430/639 765/432/641 767/434/643
f 765/432/641 766/433/642 768/435/644
f 768/435/644 767/434/643 765/432/641
f 767/434/643 768/435/644 769/436/645
f 770/437/646 771/438/647 707/439/648
f 771/438/647 772/440/649 707/439/648
f 773/441/650 771/438/647 770/437/646
f 771/438/647 773/441/650 774/442/651
f 771/438/647 775/443/652 772/440/649
f 774/442/651 775/443/652 771/438/647
f 775/443/652 774/442/651 776/444/653
f 775/443/652 777/445/654 772/440/649
f 776/444/653 778/446/655 775/443/652
f 775/443/652 779/447/656 777/445/654
f 775/443/652 778/446/655 779/447/656
f 777/445/654 779/447/656 780/448/657
f 778/446/655 781/449/658 779/447/656
f 779/447/656 782/450/659 780/448/657
f 779/447/656 781/449/658 782/450/659
f 780/448/657 782/450/659 783/451/660
f 781/449/658 784/452/661 782/450/659
f 782/450/659 785/453/662 783/451/660
f 782/450/659 784/452/661 785/453/662
f 783/451/660 785/453/662 786/454/663
f 784/452/661 787/455/664 785/453/662
f 785/453/662 788/456/665 786/454/663
f 785/453/662 787/455/664 788/456/665
f 786/454/663 788/456/665 789/457/666
f 790/458/667 788/456/665 787/455/664
f 791/459/668 789/457/666 788/456/665
f 788/456/665 790/458/667 791/459/668
f 789/457/666 791/459/668 792/460/669
f 793/461/670 791/459/668 790/458/667
f 794/462/671 792/460/669 791/459/668
f 791/459/668 793/461/670 794/462/671
f 792/460/669 794/462/671 795/463/672
f 796/464/673 794/462/671 793/461/670
f 797/465/674 795/463/672 794/462/671
f 794/462/671 796/464/673 797/465/674
f 795/463/672 797/465/674 798/466/675
f 799/467/676 797/465/674 796/464/673
f 800/468/677 798/466/675 797/465/674
f 797/465/674 799/467/676 800/468/677
f 798/466/675 800/468/677 801/469/678
f 802/470/679 800/468/677 799/467/676
f 803/471/680 801/469/678 800/468/677
f 800/468/677 802/470/679 803/471/680
f 804/472/681 803/471/680 802/470/679
f 801/469/678 803/471/680 805/473/682
f 803/471/680 804/472/681 806/474/683
f 806/474/683 805/473/682 803/471/680
f 805/473/682 806/474/683 807/475/684
f 809/476/685 811/477/686 810/478/687
f 809/476/685 812/479/688 811/477/686
f 808/480/689 813/481/690 809/476/685
f 812/479/688 809/476/685 813/481/690
f 813/481/690 808/480/689 814/482/691
f 813/481/690 815/483/692 812/479/688
f 816/484/693 813/481/690 814/482/691
f 815/483/692 813/481/690 817/485/694
f 813/481/690 816/484/693 817/485/694
f 815/483/692 817/485/694 818/486/695
f 817/485/694 816/484/693 819/487/696
f 817/485/694 820/488/697 818/486/695
f 821/489/698 817/485/694 819/487/696
f 820/488/697 817/485/694 822/490/699
f 817/485/694 821/489/698 822/490/699
f 820/488/697 822/490/699 823/491/700
f 822/490/699 821/489/698 824/492/701
f 822/490/699 825/493/702 823/491/700
f 826/494/703 822/490/699 824/492/701
f 825/493/702 822/490/699 827/495/704
f 822/490/699 826/494/703 827/495/704
f 828/496/705 825/493/702 827/495/704
f 829/497/706 827/495/704 826/494/703
f 827/495/704 830/498/707 828/496/705
f 831/499/708 827/495/704 829/497/706
f 830/498/707 827/495/704 832/500/709
f 827/495/704 831/499/708 832/500/709
f 832/500/709 833/501/710 830/498/707
f 834/502/711 832/500/709 831/499/708
f 832/500/709 835/503/712 833/501/710
f 836/504/713 832/500/709 834/502/711
f 835/503/712 832/500/709 837/505/714
f 832/500/709 836/504/713 837/505/714
f 837/505/714 838/506/715 835/503/712
f 839/507/716 837/505/714 836/504/713
f 837/505/714 840/508/717 838/506/715
f 839/507/716 841/509/718 837/505/714
f 840/508/717 837/505/714 841/509/718
f 840/508/717 842/510/719 838/506/715
f 843/511/720 838/506/715 842/510/719
f 842/510/719 840/508/717 844/512/721
f 845/513/722 844/512/721 840/508/717
f 841/509/718 845/513/722 840/508/717
f 844/512/721 846/514/723 842/510/719
f 845/513/722 841/509/718 847/515/724
f 841/509/718 848/516/725 847/515/724
f 842/510/719 849/517/726 843/511/720
f 842/510/719 846/514/723 849/517/726
f 843/511/720 849/517/726 850/518/727
f 846/514/723 851/519/728 849/517/726
f 848/516/725 841/509/718 852/520/729
f 841/509/718 839/507/716 852/520/729
f 852/520/729 853/521/730 848/516/725
f 854/522/731 852/520/729 839/507/716
f 853/521/730 852/520/729 855/523/732
f 852/520/729 854/522/731 855/523/732
f 853/521/730 855/523/732 856/524/733
f 855/523/732 854/522/731 856/524/733
f 849/517/726 851/519/728 857/525/734
f 849/517/726 857/525/734 850/518/727
f 851/519/728 709/376/585 857/525/734
f 850/518/727 857/525/734 712/379/588
f 857/525/734 709/376/585 711/378/587
f 857/525/734 711/378/587 712/379/588
f 858/526/735 859/527/736 708/528/737
f 860/529/738 708/528/737 859/527/736
f 859/527/736 858/526/735 861/530/739
f 859/527/736 862/531/740 860/529/738
f 859/527/736 861/530/739 863/532/741
f 863/532/741 862/531/740 859/527/736
f 862/531/740 863/532/741 864/533/742
f 865/534/743 860/529/738 862/531/740
f 864/533/742 866/535/744 862/531/740
f 862/531/740 867/536/745 865/534/743
f 862/531/740 866/535/744 867/536/745
f 867/536/745 868/537/746 865/534/743
f 869/538/747 867/536/745 866/535/744
f 870/539/748 868/537/746 867/536/745
f 867/536/745 869/538/747 870/539/748
f 868/537/746 870/539/748 871/540/749
f 872/541/750 870/539/748 869/538/747
f 873/542/751 871/540/749 870/539/748
f 870/539/748 872/541/750 873/542/751
f 871/540/749 873/542/751 874/543/752
f 875/544/753 873/542/751 872/541/750
f 876/545/754 874/543/752 873/542/751
f 873/542/751 875/544/753 876/545/754
f 874/543/752 876/545/754 877/546/755
f 878/547/756 876/545/754 875/544/753
f 879/548/757 877/546/755 876/545/754
f 876/545/754 878/547/756 879/548/757
f 877/546/755 879/548/757 880/549/758
f 881/550/759 879/548/757 878/547/756
f 882/551/760 880/549/758 879/548/757
f 879/548/757 881/550/759 882/551/760
f 880/549/758 882/551/760 883/552/761
f 884/553/762 882/551/760 881/550/759
f 885/554/763 883/552/761 882/551/760
f 882/551/760 884/553/762 885/554/763
f 883/552/761 885/554/763 886/555/764
f 887/556/765 885/554/763 884/553/762
f 888/557/766 886/555/764 885/554/763
f 888/557/766 885/554/763 887/556/765
f 889/558/767 886/555/764 888/557/766
f 890/559/768 888/557/766 887/556/765
f 891/560/769 889/558/767 888/557/766
f 888/557/766 890/559/768 891/560/769
f 892/561/770 891/560/769 890/559/768
f 889/558/767 891/560/769 893/562/771
f 891/560/769 892/561/770 894/563/772
f 894/563/772 893/562/771 891/560/769
f 893/562/771 894/563/772 895/564/773
f 896/565/774 897/566/775 898/567/776
f 899/568/777 898/567/776 897/566/775
f 898/567/776 899/568/777 900/569/778
f 901/570/779 898/567/776 900/569/778
f 901/570/779 902/571/780 898/567/776
f 902/571/780 896/565/774 898/567/776
f 897/566/775 896/565/774 903/572/781
f 902/571/780 904/573/782 896/565/774
f 905/574/783 903/572/781 896/565/774
f 904/573/782 905/574/783 896/565/774
f 903/572/781 905/574/783 906/575/784
f 905/574/783 904/573/782 907/576/785
f 908/577/786 906/575/784 905/574/783
f 907/576/785 908/577/786 905/574/783
f 906/575/784 908/577/786 909/578/787
f 908/577/786 907/576/785 910/579/788
f 911/580/789 909/578/787 908/577/786
f 910/579/788 911/580/789 908/577/786
f 909/578/787 911/580/789 912/581/790
f 911/580/789 910/579/788 913/582/791
f 914/583/792 912/581/790 911/580/789
f 913/582/791 914/583/792 911/580/789
f 912/581/790 914/583/792 915/584/793
f 914/583/792 913/582/791 916/585/794
f 917/586/795 915/584/793 914/583/792
f 916/585/794 917/586/795 914/583/792
f 915/584/793 917/586/795 918/587/796
f 917/586/795 916/585/794 919/588/797
f 920/589/798 918/587/796 917/586/795
f 919/588/797 920/589/798 917/586/795
f 918/587/796 920/589/798 921/590/799
f 920/589/798 919/588/797 922/591/800
f 923/592/801 921/590/799 920/589/798
f 922/591/800 923/592/801 920/589/798
f 921/590/799 923/592/801 924/593/802
f 923/592/801 922/591/800 925/594/803
f 923/592/801 926/595/804 924/593/802
f 927/596/805 923/592/801 925/594/803
f 926/595/804 923/592/801 928/597/806
f 923/592/801 927/596/805 928/597/806
f 928/597/806 929/598/807 926/595/804
f 930/599/808 928/597/806 927/596/805
f 929/598/807 928/597/806 931/600/809
f 928/597/806 930/599/808 931/600/809
f 931/600/809 932/270/810 929/598/807
f 933/176/811 931/600/809 930/599/808
f 932/270/810 931/600/809 934/601/812
f 934/601/812 931/600/809 933/176/811
f 935/602/813 936/603/814 937/604/815
f 936/603/814 938/605/816 939/606/817
f 936/603/814 935/602/813 940/607/818
f 938/605/816 936/603/814 940/607/818
f 941/608/819 940/607/818 935/602/813
f 940/607/818 942/609/820 938/605/816
f 940/607/818 941/608/819 943/610/821
f 942/609/820 940/607/818 943/610/821
f 944/611/822 943/610/821 941/608/819
f 943/610/821 945/612/823 942/609/820
f 943/610/821 944/611/822 946/613/824
f 945/612/823 943/610/821 946/613/824
f 947/614/825 946/613/824 944/611/822
f 946/613/824 948/615/826 945/612/823
f 946/613/824 947/614/825 949/616/827
f 948/615/826 946/613/824 949/616/827
f 950/617/828 949/616/827 947/614/825
f 949/616/827 951/618/829 948/615/826
f 949/616/827 950/617/828 952/619/830
f 951/618/829 949/616/827 952/619/830
f 953/620/831 954/621/832 955/622/833
f 956/623/834 955/622/833 954/621/832
f 955/622/833 956/623/834 957/624/835
f 955/622/833 957/624/835 958/625/836
f 958/625/836 959/626/837 955/622/833
f 953/620/831 955/622/833 959/626/837
f 954/621/832 953/620/831 960/627/838
f 959/626/837 961/628/839 953/620/831
f 962/629/840 960/627/838 953/620/831
f 961/628/839 962/629/840 953/620/831
f 960/627/838 962/629/840 963/630/841
f 962/629/840 961/628/839 964/631/842
f 965/632/843 963/630/841 962/629/840
f 964/631/842 965/632/843 962/629/840
f 963/630/841 965/632/843 966/633/844
f 965/632/843 964/631/842 967/634/845
f 968/635/846 966/633/844 965/632/843
f 967/634/845 968/635/846 965/632/843
f 966/633/844 968/635/846 969/636/847
f 968/635/846 967/634/845 970/637/848
f 971/638/849 969/636/847 968/635/846
f 970/637/848 971/638/849 968/635/846
f 969/636/847 971/638/849 972/639/850
f 971/638/849 970/637/848 973/640/851
f 974/641/852 972/639/850 971/638/849
f 973/640/851 974/641/852 971/638/849
f 972/639/850 974/641/852 975/642/853
f 974/641/852 973/640/851 976/643/854
f 977/644/855 975/642/853 974/641/852
f 976/643/854 977/644/855 974/641/852
f 975/642/853 977/644/855 978/645/856
f 977/644/855 976/643/854 979/646/857
f 980/647/858 978/645/856 977/644/855
f 979/646/857 980/647/858 977/644/855
f 978/645/856 980/647/858 981/648/859
f 980/647/858 979/646/857 982/649/860
f 980/647/858 983/650/861 981/648/859
f 984/651/862 980/647/858 982/649/860
f 983/650/861 980/647/858 985/652/863
f 980/647/858 984/651/862 985/652/863
f 985/652/863 986/653/864 983/650/861
f 987/654/865 985/652/863 984/651/862
f 986/653/864 985/652/863 988/655/866
f 985/652/863 987/654/865 988/655/866
f 988/655/866 989/656/867 986/653/864
f 990/657/868 988/655/866 987/654/865
f 989/656/867 988/655/866 991/658/869
f 991/658/869 988/655/866 990/657/868
f 992/325/870 993/659/871 994/660/872
f 995/661/873 994/660/872 993/659/871
f 994/660/872 995/661/873 996/662/874
f 995/661/873 993/659/871 997/663/875
f 996/662/874 995/661/873 998/664/876
f 997/663/875 999/665/877 995/661/873
f 999/665/877 998/664/876 995/661/873
f 999/665/877 997/663/875 1000/666/878
f 998/664/876 999/665/877 1001/667/879
f 1002/668/880 999/665/877 1000/666/878
f 999/665/877 1003/669/881 1001/667/879
f 999/665/877 1002/668/880 1004/670/882
f 1003/669/881 999/665/877 1004/670/882
f 1005/671/883 1004/670/882 1002/668/880
f 1004/670/882 1006/672/884 1003/669/881
f 1004/670/882 1005/671/883 1007/673/885
f 1006/672/884 1004/670/882 1007/673/885
f 937/604/815 1007/673/885 1005/671/883
f 1007/673/885 939/606/817 1006/672/884
f 1007/673/885 937/604/815 936/603/814
f 939/606/817 1007/673/885 936/603/814
f 1008/674/886 1009/675/887 1010/676/888
f 1011/677/889 1010/676/888 1009/675/887
f 1010/676/888 1011/677/889 1012/678/890
f 1010/676/888 1012/678/890 1013/679/891
f 1013/679/891 1014/680/892 1010/676/888
f 1014/680/892 1008/674/886 1010/676/888
f 1009/675/887 1008/674/886 1015/681/893
f 1014/680/892 1016/682/894 1008/674/886
f 1017/683/895 1015/681/893 1008/674/886
f 1016/682/894 1017/683/895 1008/674/886
f 1015/681/893 1017/683/895 1018/684/896
f 1017/683/895 1016/682/894 1019/685/897
f 1020/686/898 1018/684/896 1017/683/895
f 1019/685/897 1020/686/898 1017/683/895
f 1018/684/896 1020/686/898 1021/687/899
f 1020/686/898 1019/685/897 1022/688/900
f 1020/686/898 1023/689/901 1021/687/899
f 1024/690/902 1020/686/898 1022/688/900
f 1023/689/901 1020/686/898 1025/691/903
f 1020/686/898 1024/690/902 1025/691/903
f 1025/691/903 1026/692/904 1023/689/901
f 1027/693/905 1025/691/903 1024/690/902
f 1026/692/904 1025/691/903 1028/213/906
f 1028/213/906 1025/691/903 1027/693/905
f 1029/170/907 1026/692/904 1028/213/906
f 1028/213/906 1027/693/905 1030/168/908
f 1031/169/909 1029/170/907 1028/213/906
f 1030/168/908 1031/169/909 1028/213/906
f 1032/175/910 932/270/810 934/601/812
f 934/601/812 933/176/811 1033/173/911
f 1034/174/912 1032/175/910 934/601/812
f 1033/173/911 1034/174/912 934/601/812
f 1035/180/913 989/656/867 991/658/869
f 991/658/869 990/657/868 1036/178/914
f 1037/179/915 1035/180/913 991/658/869
f 1036/178/914 1037/179/915 991/658/869
f 1038/694/916 1039/695/917 1040/696/918
f 1038/694/916 1040/696/918 1041/186/919
f 1040/696/918 1042/697/920 1041/186/919
f 1039/695/917 1042/697/920 1040/696/918
f 1039/695/917 1038/694/916 1043/698/921
f 1042/697/920 1039/695/917 1044/699/922
f 1048/700/923 1045/701/924 1046/702/925
f 1045/701/924 1049/703/926 1047/704/927
f 1045/701/924 1048/700/923 1050/705/928
f 1049/703/926 1045/701/924 1050/705/928
f 1051/706/929 1050/705/928 1048/700/923
f 1049/703/926 1050/705/928 1052/707/930
f 1053/708/931 1050/705/928 1051/706/929
f 1050/705/928 1054/709/932 1052/707/930
f 1050/705/928 1053/708/931 1055/710/933
f 1054/709/932 1050/705/928 1055/710/933
f 1056/711/934 1055/710/933 1053/708/931
f 1054/709/932 1055/710/933 1057/712/935
f 1059/326/936 994/660/872 1058/324/937
f 1059/326/936 992/325/870 994/660/872
f 996/662/874 1058/324/937 994/660/872
f 1060/713/938 1061/714/939 1062/715/940
f 1064/716/941 1063/717/942 1065/715/943
f 1066/718/944 1069/719/945 1067/720/946
f 1070/721/947 1066/718/944 1068/722/948
f 1069/719/945 1066/718/944 1071/723/949
f 1066/718/944 1070/721/947 1071/723/949
f 1069/719/945 1071/723/949 1072/724/950
f 1071/723/949 1070/721/947 1072/724/950
f 1076/725/951 1073/726/952 1074/727/953
f 1073/726/952 1077/728/954 1075/729/955
f 1076/725/951 1078/730/956 1073/726/952
f 1077/728/954 1073/726/952 1078/730/956
f 1078/730/956 1076/725/951 1079/731/957
f 1077/728/954 1078/730/956 1080/732/958
f 1081/733/959 1078/730/956 1079/731/957
f 1078/730/956 1082/734/960 1080/732/958
f 1081/733/959 1083/735/961 1078/730/956
f 1082/734/960 1078/730/956 1083/735/961
f 1083/735/961 1081/733/959 1084/736/962
f 1082/734/960 1083/735/961 1085/737/963
f 1086/738/964 1087/739/965 1089/740/966
f 1086/738/964 1090/741/967 1088/742/968
f 1089/740/966 1091/743/969 1086/738/964
f 1090/741/967 1086/738/964 1091/743/969
f 1091/743/969 1089/740/966 1092/744/970
f 1090/741/967 1091/743/969 1093/745/971
f 1094/746/972 1091/743/969 1092/744/970
f 1095/747/973 1093/745/971 1091/743/969
f 1091/743/969 1094/746/972 1096/748/974
f 1095/747/973 1091/743/969 1096/748/974
f 1097/749/975 1096/748/974 1094/746/972
f 1097/749/975 1095/747/973 1096/748/974
f 1097/749/975 1094/746/972 1098/750/976
f 1095/747/973 1097/749/975 1099/751/977
f 1098/750/976 1100/752/978 1097/749/975
f 1097/749/975 1100/752/978 1099/751/977
f 1100/752/978 1098/750/976 1101/753/979
f 1102/754/980 1099/751/977 1100/752/978
f 1101/753/979 1103/755/981 1100/752/978
f 1100/752/978 1103/755/981 1102/754/980
f 1103/755/981 1101/753/979 1104/756/982
f 1105/757/983 1102/754/980 1103/755/981
f 1104/756/982 1106/758/984 1103/755/981
f 1105/757/983 1103/755/981 1106/758/984
f 1106/758/984 1104/756/982 1107/759/985
f 1108/760/986 1105/757/983 1106/758/984
f 1107/759/985 1109/761/987 1106/758/984
f 1108/760/986 1106/758/984 1109/761/987
f 1109/761/987 1107/759/985 1110/762/988
f 1111/763/989 1108/760/986 1109/761/987
f 1110/762/988 1112/764/990 1109/761/987
f 1111/763/989 1109/761/987 1112/764/990
f 1112/764/990 1110/762/988 1113/765/991
f 1114/766/992 1111/763/989 1112/764/990
f 1120/767/993 1119/768/994 1118/769/995
f 1120/767/993 1118/769/995 1121/770/996
f 1122/771/997 1123/772/998 1124/773/999
f 1123/772/998 1125/774/1000 1124/773/999
f 1124/773/999 1126/775/1001 1122/771/997
f 1127/776/1002 1122/771/997 1126/775/1001
f 1126/775/1001 1128/777/1003 1127/776/1002
f 1122/771/997 1127/776/1002 1129/778/1004
f 1129/778/1004 1130/779/1005 1122/771/997
f 1123/772/998 1122/771/997 1130/779/1005
f 1130/779/1005 1131/780/1006 1123/772/998
f 1125/774/1000 1123/772/998 1132/781/1007
f 1131/780/1006 1132/781/1007 1123/772/998
f 1132/781/1007 1133/782/1008 1125/774/1000
f 1132/781/1007 1131/780/1006 1134/783/1009
f 1133/782/1008 1132/781/1007 1135/784/1010
f 1134/783/1009 1135/784/1010 1132/781/1007
f 1135/784/1010 1136/785/1011 1133/782/1008
f 1135/784/1010 1134/783/1009 1137/786/1012
f 1136/785/1011 1135/784/1010 1138/787/1013
f 1137/786/1012 1138/787/1013 1135/784/1010
f 1138/787/1013 1139/788/1014 1136/785/1011
f 1138/787/1013 1137/786/1012 1140/789/1015
f 1139/788/1014 1138/787/1013 1141/790/1016
f 1140/789/1015 1141/790/1016 1138/787/1013
f 1141/790/1016 1142/791/1017 1139/788/1014
f 1141/790/1016 1140/789/1015 1143/792/1018
f 1142/791/1017 1141/790/1016 1144/793/1019
f 1143/792/1018 1144/793/1019 1141/790/1016
f 1144/793/1019 1145/794/1020 1142/791/1017
f 1144/793/1019 1143/792/1018 1146/795/1021
f 1145/794/1020 1144/793/1019 1147/796/1022
f 1146/795/1021 1147/796/1022 1144/793/1019
f 1147/796/1022 1148/797/1023 1145/794/1020
f 1147/796/1022 1146/795/1021 1149/798/1024
f 1148/797/1023 1147/796/1022 1150/799/1025
f 1149/798/1024 1150/799/1025 1147/796/1022
f 1151/800/1026 1152/801/1027 1153/802/1028
f 1152/801/1027 1154/803/1029 1153/802/1028
f 1153/802/1028 1155/804/1030 1151/800/1026
f 1156/805/1031 1151/800/1026 1155/804/1030
f 1155/804/1030 1157/806/1032 1156/805/1031
f 1151/800/1026 1156/805/1031 1158/807/1033
f 1158/807/1033 1159/808/1034 1151/800/1026
f 1152/801/1027 1151/800/1026 1159/808/1034
f 1159/808/1034 1160/809/1035 1152/801/1027
f 1154/803/1029 1152/801/1027 1161/810/1036
f 1160/809/1035 1161/810/1036 1152/801/1027
f 1161/810/1036 1162/811/1037 1154/803/1029
f 1161/810/1036 1160/809/1035 1163/812/1038
f 1162/811/1037 1161/810/1036 1164/813/1039
f 1163/812/1038 1164/813/1039 1161/810/1036
f 1164/813/1039 1165/814/1040 1162/811/1037
f 1164/813/1039 1163/812/1038 1166/815/1041
f 1165/814/1040 1164/813/1039 1167/816/1042
f 1166/815/1041 1167/816/1042 1164/813/1039
f 1167/816/1042 1168/817/1043 1165/814/1040
f 1167/816/1042 1166/815/1041 1169/818/1044
f 1168/817/1043 1167/816/1042 1170/819/1045
f 1169/818/1044 1170/819/1045 1167/816/1042
f 1170/819/1045 1171/820/1046 1168/817/1043
f 1170/819/1045 1169/818/1044 1172/821/1047
f 1171/820/1046 1170/819/1045 1173/822/1048
f 1172/821/1047 1173/822/1048 1170/819/1045
f 1173/822/1048 1174/823/1049 1171/820/1046
f 1173/822/1048 1172/821/1047 1175/824/1050
f 1174/823/1049 1173/822/1048 1176/825/1051
f 1175/824/1050 1176/825/1051 1173/822/1048
f 1176/825/1051 1177/826/1052 1174/823/1049
f 1176/825/1051 1175/824/1050 1178/827/1053
f 1177/826/1052 1176/825/1051 1179/828/1054
f 1178/827/1053 1179/828/1054 1176/825/1051
f 1182/829/1055 1183/830/1056 1184/831/1057
f 1183/830/1056 1185/832/1058 1186/833/1059
f 1183/830/1056 1187/834/1060 1184/831/1057
f 1186/833/1059 1188/835/1061 1183/830/1056
f 1187/834/1060 1183/830/1056 1188/835/1061
f 1188/835/1061 1186/833/1059 1189/836/1062
f 1190/837/1063 1188/835/1061 1189/836/1062
f 1191/838/1064 1187/834/1060 1188/835/1061
f 1188/835/1061 1190/837/1063 1191/838/1064
f 1187/834/1060 1191/838/1064 1192/839/1065
f 1193/840/1066 1191/838/1064 1190/837/1063
f 1194/841/1067 1192/839/1065 1191/838/1064
f 1191/838/1064 1193/840/1066 1194/841/1067
f 1192/839/1065 1194/841/1067 1195/842/1068
f 1194/841/1067 1196/843/1069 1195/842/1068
f 1193/840/1066 1197/844/1070 1194/841/1067
f 1196/843/1069 1194/841/1067 1197/844/1070
f 1197/844/1070 1193/840/1066 1198/845/1071
f 1197/844/1070 1199/846/1072 1196/843/1069
f 1198/845/1071 1200/847/1073 1197/844/1070
f 1199/846/1072 1197/844/1070 1200/847/1073
f 1200/847/1073 1198/845/1071 1201/848/1074
f 1200/847/1073 1202/849/1075 1199/846/1072
f 1201/848/1074 1203/850/1076 1200/847/1073
f 1202/849/1075 1200/847/1073 1203/850/1076
f 1203/850/1076 1201/848/1074 1204/851/1077
f 1203/850/1076 1205/852/1078 1202/849/1075
f 1204/851/1077 1206/853/1079 1203/850/1076
f 1205/852/1078 1203/850/1076 1206/853/1079
f 1206/853/1079 1204/851/1077 1207/854/1080
f 1206/853/1079 1208/855/1081 1205/852/1078
f 1207/854/1080 1209/856/1082 1206/853/1079
f 1208/855/1081 1206/853/1079 1209/856/1082
f 1209/856/1082 1207/854/1080 1210/857/1083
f 1209/856/1082 1211/858/1084 1208/855/1081
f 1210/857/1083 1212/859/1085 1209/856/1082
f 1211/858/1084 1209/856/1082 1212/859/1085
f 1212/859/1085 1210/857/1083 1213/860/1086
f 1212/859/1085 1214/861/1087 1211/858/1084
f 1213/860/1086 1215/862/1088 1212/859/1085
f 1214/861/1087 1212/859/1085 1215/862/1088
f 1215/862/1088 1213/860/1086 1216/863/1089
f 1215/862/1088 1217/864/1090 1214/861/1087
f 1216/863/1089 1218/865/1091 1215/862/1088
f 1217/864/1090 1215/862/1088 1218/865/1091
f 1218/865/1091 1216/863/1089 1219/866/1092
f 1218/865/1091 1220/867/1093 1217/864/1090
f 1219/866/1092 1221/868/1094 1218/865/1091
f 1220/867/1093 1218/865/1091 1221/868/1094
f 1221/868/1094 1219/866/1092 1222/869/1095
f 1221/868/1094 1223/870/1096 1220/867/1093
f 1222/869/1095 1224/871/1097 1221/868/1094
f 1223/870/1096 1221/868/1094 1224/871/1097
f 1224/871/1097 1222/869/1095 1225/872/1098
f 1224/871/1097 1226/873/1099 1223/870/1096
f 1225/872/1098 1227/874/1100 1224/871/1097
f 1226/873/1099 1224/871/1097 1227/874/1100
f 1227/874/1100 1225/872/1098 1228/875/1101
f 1227/874/1100 1229/876/1102 1226/873/1099
f 1228/875/1101 1230/877/1103 1227/874/1100
f 1229/876/1102 1227/874/1100 1230/877/1103
f 1230/877/1103 1228/875/1101 1231/878/1104
f 1232/879/1105 1230/877/1103 1231/878/1104
f 1229/876/1102 1233/880/1106 1226/873/1099
f 1230/877/1103 1232/879/1105 1234/881/1107
f 1230/877/1103 1235/882/1108 1229/876/1102
f 1235/882/1108 1230/877/1103 1234/881/1107
f 1236/883/1109 1234/881/1107 1232/879/1105
f 1229/876/1102 1235/882/1108 1237/884/1110
f 1234/881/1107 1238/885/1111 1235/882/1108
f 1234/881/1107 1236/883/1109 1239/886/1112
f 1238/885/1111 1234/881/1107 1239/886/1112
f 1239/886/1112 1236/883/1109 1240/887/1113
f 1238/885/1111 1239/886/1112 1240/887/1113
f 1237/884/1110 1241/888/1114 1229/876/1102
f 1241/888/1114 1233/880/1106 1229/876/1102
f 1241/888/1114 1237/884/1110 1242/889/1115
f 1233/880/1106 1241/888/1114 1243/890/1116
f 1241/888/1114 1242/889/1115 1244/891/1117
f 1241/888/1114 1245/892/1118 1243/890/1116
f 1244/891/1117 1246/893/1119 1241/888/1114
f 1245/892/1118 1241/888/1114 1246/893/1119
f 1246/893/1119 1244/891/1117 1247/894/1120
f 1245/892/1118 1246/893/1119 1248/895/1121
f 1246/893/1119 1247/894/1120 1249/896/1122
f 1246/893/1119 1250/897/1123 1248/895/1121
f 1249/896/1122 1251/898/1124 1246/893/1119
f 1250/897/1123 1246/893/1119 1251/898/1124
f 1251/898/1124 1249/896/1122 1252/899/1125
f 1250/897/1123 1251/898/1124 1253/900/1126
f 1254/901/1127 1251/898/1124 1252/899/1125
f 1251/898/1124 1255/902/1128 1253/900/1126
f 1254/901/1127 1256/903/1129 1251/898/1124
f 1255/902/1128 1251/898/1124 1256/903/1129
f 1256/903/1129 1254/901/1127 1257/904/1130
f 1255/902/1128 1256/903/1129 1258/905/1131
f 1259/906/1132 1256/903/1129 1257/904/1130
f 1256/903/1129 1260/907/1133 1258/905/1131
f 1259/906/1132 1261/908/1134 1256/903/1129
f 1260/907/1133 1256/903/1129 1261/908/1134
f 1261/908/1134 1259/906/1132 1262/909/1135
f 1261/908/1134 1263/910/1136 1260/907/1133
f 1262/909/1135 1264/911/1137 1261/908/1134
f 1261/908/1134 1265/912/1138 1263/910/1136
f 1265/912/1138 1261/908/1134 1264/911/1137
f 1266/913/1139 1263/910/1136 1265/912/1138
f 1266/913/1139 1265/912/1138 1267/914/1140
f 1268/915/1141 1269/916/1142 1270/917/1143
f 1269/916/1142 1271/918/1144 1270/917/1143
f 1270/917/1143 1272/919/1145 1268/915/1141
f 1273/920/1146 1268/915/1141 1272/919/1145
f 1272/919/1145 1274/921/1147 1273/920/1146
f 1268/915/1141 1273/920/1146 1275/922/1148
f 1275/922/1148 1276/923/1149 1268/915/1141
f 1269/916/1142 1268/915/1141 1276/923/1149
f 1276/923/1149 1277/924/1150 1269/916/1142
f 1271/918/1144 1269/916/1142 1278/925/1151
f 1277/924/1150 1278/925/1151 1269/916/1142
f 1278/925/1151 1279/926/1152 1271/918/1144
f 1278/925/1151 1277/924/1150 1280/927/1153
f 1279/926/1152 1278/925/1151 1281/928/1154
f 1280/927/1153 1281/928/1154 1278/925/1151
f 1281/928/1154 1121/770/996 1279/926/1152
f 1281/928/1154 1280/927/1153 1282/929/1155
f 1121/770/996 1281/928/1154 1120/767/993
f 1282/929/1155 1120/767/993 1281/928/1154
f 1120/767/993 1282/929/1155 1283/930/1156
f 1284/931/1157 1120/767/993 1283/930/1156
f 1119/768/994 1120/767/993 1284/931/1157
f 1179/828/1054 1285/932/1158 1177/826/1052
f 1179/828/1054 1178/827/1053 1286/933/1159
f 1285/932/1158 1179/828/1054 1287/934/1160
f 1286/933/1159 1287/934/1160 1179/828/1054
f 1287/934/1160 1286/933/1159 1288/935/1161
f 1287/934/1160 1289/936/1162 1285/932/1158
f 1290/937/1163 1287/934/1160 1288/935/1161
f 1289/936/1162 1287/934/1160 1291/938/1164
f 1287/934/1160 1290/937/1163 1291/938/1164
f 1291/938/1164 1116/939/1165 1289/936/1162
f 1291/938/1164 1181/940/1166 1116/939/1165
f 1290/937/1163 1292/941/1167 1291/938/1164
f 1181/940/1166 1291/938/1164 1292/941/1167
f 1150/799/1025 1293/942/1168 1148/797/1023
f 1150/799/1025 1149/798/1024 1294/943/1169
f 1293/942/1168 1150/799/1025 1295/944/1170
f 1294/943/1169 1295/944/1170 1150/799/1025
f 1295/944/1170 1294/943/1169 1296/945/1171
f 1295/944/1170 1297/946/1172 1293/942/1168
f 1298/947/1173 1295/944/1170 1296/945/1171
f 1297/946/1172 1295/944/1170 1299/948/1174
f 1295/944/1170 1298/947/1173 1299/948/1174
f 1299/948/1174 1115/949/1175 1297/946/1172
f 1115/949/1175 1299/948/1174 1180/950/1176
f 1298/947/1173 1300/951/1177 1299/948/1174
f 1180/950/1176 1299/948/1174 1300/951/1177
f 1302/952/1178 1303/953/1179 1301/954/1180
f 1301/954/1180 1303/953/1179 1182/829/1055
f 1303/953/1179 1302/952/1178 1117/955/1181
f 1183/830/1056 1182/829/1055 1303/953/1179
f 1303/953/1179 1117/955/1181 1185/832/1058
f 1185/832/1058 1183/830/1056 1303/953/1179
f 1466/1092/1274 1467/1092/31 1468/1092/1275
f 1467/1092/31 1469/1092/1276 1468/1092/1275
f 1467/1092/31 1466/1092/1274 1470/1092/1277
f 1466/1092/1274 1471/1092/1278 1470/1092/1277
f 1471/1092/1278 1466/1092/1274 1472/1092/1279
f 1471/1092/1278 1473/1092/1280 1470/1092/1277
f 1473/1092/1280 1467/1092/31 1470/1092/1277
f 1467/1092/31 1473/1092/1280 1474/1092/1281
f 1473/1092/1280 1471/1092/1278 1475/1092/1282
f 1476/1092/1283 1467/1092/31 1474/1092/1281
f 1472/1092/1279 1477/1092/1284 1471/1092/1278
f 1477/1092/1284 1475/1092/1282 1471/1092/1278
f 1477/1092/1284 1472/1092/1279 1478/1092/1285
f 1475/1092/1282 1477/1092/1284 1479/1092/1286
f 1480/1092/1287 1477/1092/1284 1478/1092/1285
f 1477/1092/1284 1481/1092/1288 1479/1092/1286
f 1477/1092/1284 1480/1092/1287 1482/1092/1289
f 1481/1092/1288 1477/1092/1284 1482/1092/1289
f 1483/1092/1290 1482/1092/1289 1480/1092/1287
f 1482/1092/1289 1484/1092/1291 1481/1092/1288
f 1482/1092/1289 1483/1092/1290 1485/1092/1292
f 1484/1092/1291 1482/1092/1289 1485/1092/1292
f 1483/1092/1290 1486/1092/2 1485/1092/1292
f 1486/1092/2 1484/1092/1291 1485/1092/1292
f 1486/1092/2 1483/1092/1290 1487/1092/1293
f 1484/1092/1291 1486/1092/2 1488/1092/1294
f 1489/1092/1295 1486/1092/2 1487/1092/1293
f 1486/1092/2 1490/1092/1296 1488/1092/1294
f 1486/1092/2 1489/1092/1295 1491/1092/1297
f 1490/1092/1296 1486/1092/2 1491/1092/1297
f 1492/1092/1298 1491/1092/1297 1489/1092/1295
f 1491/1092/1297 1493/1092/1299 1490/1092/1296
f 1491/1092/1297 1492/1092/1298 1494/1092/1300
f 1493/1092/1299 1491/1092/1297 1494/1092/1300
f 1492/1092/1298 1495/1092/1301 1494/1092/1300
f 1495/1092/1301 1493/1092/1299 1494/1092/1300
f 1495/1092/1301 1492/1092/1298 1496/1092/1302
f 1493/1092/1299 1495/1092/1301 1497/1092/1303
f 1498/1092/1304 1495/1092/1301 1496/1092/1302
f 1495/1092/1301 1499/1092/1305 1497/1092/1303
f 1495/1092/1301 1498/1092/1304 1500/1092/1306
f 1499/1092/1305 1495/1092/1301 1500/1092/1306
f 1498/1092/1304 1501/1092/1307 1500/1092/1306
f 1501/1092/1307 1499/1092/1305 1500/1092/1306
f 1501/1092/1307 1498/1092/1304 1469/1092/1276
f 1499/1092/1305 1501/1092/1307 1476/1092/1283
f 1469/1092/1276 1467/1092/31 1501/1092/1307
f 1467/1092/31 1476/1092/1283 1501/1092/1307
f 1502/1092/1308 1503/1092/1309 1504/1092/1310
f 1504/1092/1310 1503/1092/1309 1505/1092/1311
f 1502/1092/1308 1506/1092/1312 1503/1092/1309
f 1507/1092/1313 1504/1092/1310 1505/1092/1311
f 1502/1092/1308 1508/1092/1314 1506/1092/1312
f 1502/1092/1308 1509/1092/1315 1508/1092/1314
f 1510/1092/1316 1506/1092/1312 1508/1092/1314
f 1509/1092/1315 1510/1092/1316 1508/1092/1314
f 1509/1092/1315 1502/1092/1308 1511/1092/1317
f 1504/1092/1310 1511/1092/1317 1502/1092/1308
f 1509/1092/1315 1512/1092/1318 1510/1092/1316
f 1511/1092/1317 1504/1092/1310 1513/1092/1319
f 1506/1092/1312 1510/1092/1316 1514/1092/1320
f 1504/1092/1310 1515/1092/1321 1513/1092/1319
f 1512/1092/1318 1516/1092/1322 1510/1092/1316
f 1516/1092/1322 1514/1092/1320 1510/1092/1316
f 1517/1092/1323 1516/1092/1322 1512/1092/1318
f 1514/1092/1320 1516/1092/1322 1518/1092/1324
f 1519/1092/1325 1516/1092/1322 1517/1092/1323
f 1516/1092/1322 1520/1092/1326 1518/1092/1324
f 1516/1092/1322 1519/1092/1325 1521/1092/1327
f 1516/1092/1322 1521/1092/1327 1520/1092/1326
f 1519/1092/1325 1522/1092/1328 1521/1092/1327
f 1522/1092/1328 1520/1092/1326 1521/1092/1327
f 1522/1092/1328 1519/1092/1325 1523/1092/1329
f 1520/1092/1326 1522/1092/1328 1524/1092/1330
f 1525/1092/1331 1522/1092/1328 1523/1092/1329
f 1522/1092/1328 1526/1092/1332 1524/1092/1330
f 1522/1092/1328 1525/1092/1331 1527/1092/1333
f 1527/1092/1333 1526/1092/1332 1522/1092/1328
f 1528/1092/1334 1527/1092/1333 1525/1092/1331
f 1527/1092/1333 1529/1092/1335 1526/1092/1332
f 1527/1092/1333 1528/1092/1334 1530/1092/1336
f 1527/1092/1333 1530/1092/1336 1529/1092/1335
f 1528/1092/1334 1531/1092/1337 1530/1092/1336
f 1531/1092/1337 1529/1092/1335 1530/1092/1336
f 1528/1092/1334 1532/1092/1338 1531/1092/1337
f 1529/1092/1335 1531/1092/1337 1533/1092/1339
f 1532/1092/1338 1534/1092/1340 1531/1092/1337
f 1534/1092/1340 1533/1092/1339 1531/1092/1337
f 1535/1092/1341 1534/1092/1340 1532/1092/1338
f 1533/1092/1339 1534/1092/1340 1536/1092/1342
f 1515/1092/1321 1534/1092/1340 1535/1092/1341
f 1534/1092/1340 1507/1092/1313 1536/1092/1342
f 1534/1092/1340 1515/1092/1321 1537/1092/1343
f 1534/1092/1340 1537/1092/1343 1507/1092/1313
f 1515/1092/1321 1504/1092/1310 1537/1092/1343
f 1504/1092/1310 1507/1092/1313 1537/1092/1343
f 1538/1092/1344 1539/1092/1344 1540/1092/1344
f 1541/1092/1344 1540/1092/1344 1539/1092/1344
f 1539/1092/1344 1538/1092/1344 1542/1092/1344
f 1540/1092/1344 1541/1092/1344 1543/1092/1344
f 1544/1092/1344 1542/1092/1344 1538/1092/1344
f 1545/1092/1344 1543/1092/1344 1541/1092/1344
f 1542/1092/1344 1544/1092/1344 1546/1092/1344
f 1543/1092/1344 1545/1092/1344 1547/1092/1344
f 1548/1092/1344 1546/1092/1344 1544/1092/1344
f 1545/1092/1344 1549/1092/1344 1547/1092/1344
f 1546/1092/1344 1548/1092/1344 1550/1092/1344
f 1549/1092/1344 1545/1092/1344 1551/1092/1344
f 1552/1092/1344 1550/1092/1344 1548/1092/1344
f 1553/1092/1344 1549/1092/1344 1551/1092/1344
f 1548/1092/1344 1554/1092/1344 1552/1092/1344
f 1553/1092/1344 1551/1092/1344 1555/1092/1344
f 1554/1092/1344 1556/1092/1344 1552/1092/1344
f 1557/1092/1344 1553/1092/1344 1555/1092/1344
f 1554/1092/1344 1558/1092/1344 1556/1092/1344
f 1555/1092/1344 1559/1092/1344 1557/1092/1344
f 1558/1092/1344 1560/1092/1344 1556/1092/1344
f 1559/1092/1344 1561/1092/1344 1557/1092/1344
f 1560/1092/1344 1558/1092/1344 1561/1092/1344
f 1561/1092/1344 1559/1092/1344 1560/1092/1344
f 1562/1092/1345 1563/1092/1345 1564/1092/1345
f 1565/1092/1345 1564/1092/1345 1563/1092/1345
f 1563/1092/1345 1562/1092/1345 1566/1092/1345
f 1564/1092/1345 1565/1092/1345 1567/1092/1345
f 1568/1092/1345 1566/1092/1345 1562/1092/1345
f 1569/1092/1345 1567/1092/1345 1565/1092/1345
f 1566/1092/1345 1568/1092/1345 1570/1092/1345
f 1567/1092/1345 1569/1092/1345 1571/1092/1345
f 1572/1092/1345 1570/1092/1345 1568/1092/1345
f 1569/1092/1345 1573/1092/1345 1571/1092/1345
f 1570/1092/1345 1572/1092/1345 1574/1092/1345
f 1573/1092/1345 1569/1092/1345 1575/1092/1345
f 1576/1092/1345 1574/1092/1345 1572/1092/1345
f 1577/1092/1345 1573/1092/1345 1575/1092/1345
f 1574/1092/1345 1576/1092/1345 1578/1092/1345
f 1577/1092/1345 1575/1092/1345 1579/1092/1345
f 1580/1092/1345 1578/1092/1345 1576/1092/1345
f 1581/1092/1345 1577/1092/1345 1579/1092/1345
f 1578/1092/1345 1580/1092/1345 1582/1092/1345
f 1579/1092/1345 1583/1092/1345 1581/1092/1345
f 1580/1092/1345 1584/1092/1345 1582/1092/1345
f 1583/1092/1345 1585/1092/1345 1581/1092/1345
f 1584/1092/1345 1580/1092/1345 1585/1092/1345
f 1585/1092/1345 1583/1092/1345 1584/1092/1345
f 1586/1092/1346 1587/1092/1347 1588/1092/1348
f 1586/1092/1346 1588/1092/1348 1589/1092/1349
f 1590/1092/1350 1586/1092/1346 1589/1092/1349
f 1591/1092/1351 1586/1092/1346 1590/1092/1350
f 1586/1092/1346 1591/1092/1351 1592/1092/1352
f 1592/1092/1352 1591/1092/1351 1593/1092/1351
f 1594/1092/1353 1586/1092/1346 1592/1092/1352
f 1586/1092/1346 1594/1092/1353 1595/1092/1354
f 1596/1092/1355 1597/1092/1356 1598/1092/1357
f 1599/1092/1358 1596/1092/1355 1598/1092/1357
f 1597/1092/1356 1596/1092/1355 1600/1092/1359
f 1601/1092/1360 1602/1092/1361 1599/1092/1358
f 1602/1092/1361 1596/1092/1355 1599/1092/1358
f 1602/1092/1361 1601/1092/1360 1603/1092/1362
f 1596/1092/1355 1604/1092/1363 1600/1092/1359
f 1605/1092/1364 1602/1092/1361 1603/1092/1362
f 1602/1092/1361 1605/1092/1364 1606/1092/1365
f 1606/1092/1365 1596/1092/1355 1602/1092/1361
f 1607/1092/1366 1606/1092/1365 1605/1092/1364
f 1596/1092/1355 1608/1092/1367 1604/1092/1363
f 1596/1092/1355 1606/1092/1365 1608/1092/1367
f 1609/1092/1368 1604/1092/1363 1608/1092/1367
f 1608/1092/1367 1610/1092/1369 1609/1092/1368
f 1606/1092/1365 1610/1092/1369 1608/1092/1367
f 1611/1092/1370 1609/1092/1368 1610/1092/1369
f 1606/1092/1365 1607/1092/1366 1612/1092/1371
f 1610/1092/1369 1606/1092/1365 1612/1092/1371
f 1613/1092/1372 1612/1092/1371 1607/1092/1366
f 1610/1092/1369 1614/1092/1373 1611/1092/1370
f 1612/1092/1371 1614/1092/1373 1610/1092/1369
f 1612/1092/1371 1613/1092/1372 1615/1092/1374
f 1612/1092/1371 1615/1092/1374 1614/1092/1373
f 1616/1092/1375 1615/1092/1374 1613/1092/1372
f 1614/1092/1373 1617/1092/1376 1611/1092/1370
f 1615/1092/1374 1616/1092/1375 1618/1092/1377
f 1618/1092/1377 1614/1092/1373 1615/1092/1374
f 1616/1092/1375 1619/1092/1378 1618/1092/1377
f 1614/1092/1373 1618/1092/1377 1620/1092/1379
f 1617/1092/1376 1614/1092/1373 1620/1092/1379
f 1619/1092/1378 1620/1092/1379 1618/1092/1377
f 1620/1092/1379 1621/1092/1380 1617/1092/1376
f 1620/1092/1379 1619/1092/1378 1621/1092/1380
f 1617/1092/1376 1621/1092/1380 1622/1092/1381
f 1619/1092/1378 1616/1092/1375 1623/1092/1382
f 1624/1092/1383 1622/1092/1381 1621/1092/1380
f 1619/1092/1378 1624/1092/1383 1621/1092/1380
f 1622/1092/1381 1624/1092/1383 1625/1092/1384
f 1623/1092/1382 1626/1092/1385 1619/1092/1378
f 1619/1092/1378 1626/1092/1385 1624/1092/1383
f 1623/1092/1382 1627/1092/1386 1626/1092/1385
f 1628/1092/1387 1625/1092/1384 1624/1092/1383
f 1626/1092/1385 1628/1092/1387 1624/1092/1383
f 1625/1092/1384 1628/1092/1387 1629/1092/1388
f 1627/1092/1386 1630/1092/1389 1626/1092/1385
f 1626/1092/1385 1630/1092/1389 1628/1092/1387
f 1627/1092/1386 1631/1092/1390 1630/1092/1389
f 1632/1092/1391 1629/1092/1388 1628/1092/1387
f 1630/1092/1389 1632/1092/1391 1628/1092/1387
f 1629/1092/1388 1632/1092/1391 1633/1092/1392
f 1634/1092/1393 1630/1092/1389 1631/1092/1390
f 1630/1092/1389 1634/1092/1393 1632/1092/1391
f 1631/1092/1390 1635/1092/1394 1634/1092/1393
f 1636/1092/1395 1633/1092/1392 1632/1092/1391
f 1634/1092/1393 1636/1092/1395 1632/1092/1391
f 1633/1092/1392 1636/1092/1395 1637/1092/1396
f 1638/1092/1397 1634/1092/1393 1635/1092/1394
f 1634/1092/1393 1638/1092/1397 1636/1092/1395
f 1635/1092/1394 1639/1092/1398 1638/1092/1397
f 1640/1092/1399 1637/1092/1396 1636/1092/1395
f 1641/1092/1400 1638/1092/1397 1639/1092/1398
f 1636/1092/1395 1642/1092/1401 1640/1092/1399
f 1643/1092/1402 1636/1092/1395 1638/1092/1397
f 1636/1092/1395 1643/1092/1402 1642/1092/1401
f 1638/1092/1397 1641/1092/1400 1643/1092/1402
f 1644/1092/1403 1640/1092/1399 1642/1092/1401
f 1643/1092/1402 1644/1092/1403 1642/1092/1401
f 1645/1092/1404 1646/1092/1405 1647/1092/1406
f 1648/1092/1407 1645/1092/1404 1647/1092/1406
f 1646/1092/1405 1645/1092/1404 1649/1092/1408
f 1645/1092/1404 1648/1092/1407 1650/1092/1409
f 1651/1092/1410 1647/1092/1406 1646/1092/1405
f 1651/1092/1410 1648/1092/1407 1647/1092/1406
f 1652/1092/1411 1646/1092/1405 1649/1092/1408
f 1649/1092/1408 1653/1092/1412 1652/1092/1411
f 1654/1092/1413 1651/1092/1410 1646/1092/1405
f 1655/1092/1414 1650/1092/1409 1648/1092/1407
f 1650/1092/1409 1655/1092/1414 1656/1092/1415
f 1657/1092/1416 1656/1092/1415 1655/1092/1414
f 1651/1092/1410 1654/1092/1413 1658/1092/1417
f 1657/1092/1416 1655/1092/1414 1659/1092/1418
f 1660/1092/1419 1648/1092/1407 1651/1092/1410
f 1658/1092/1417 1660/1092/1419 1651/1092/1410
f 1658/1092/1417 1654/1092/1413 1661/1092/1420
f 1658/1092/1417 1662/1092/1421 1660/1092/1419
f 1663/1092/1422 1661/1092/1420 1654/1092/1413
f 1663/1092/1422 1654/1092/1413 1646/1092/1405
f 1661/1092/1420 1663/1092/1422 1664/1092/1423
f 1663/1092/1422 1646/1092/1405 1652/1092/1411
f 1662/1092/1421 1665/1092/1424 1660/1092/1419
f 1665/1092/1424 1648/1092/1407 1660/1092/1419
f 1648/1092/1407 1665/1092/1424 1655/1092/1414
f 1665/1092/1424 1662/1092/1421 1666/1092/1425
f 1665/1092/1424 1659/1092/1418 1655/1092/1414
f 1667/1092/1426 1665/1092/1424 1666/1092/1425
f 1659/1092/1418 1668/1092/1427 1657/1092/1416
f 1665/1092/1424 1667/1092/1426 1669/1092/1428
f 1659/1092/1418 1665/1092/1424 1669/1092/1428
f 1670/1092/1429 1669/1092/1428 1667/1092/1426
f 1659/1092/1418 1671/1092/1430 1668/1092/1427
f 1669/1092/1428 1671/1092/1430 1659/1092/1418
f 1669/1092/1428 1670/1092/1429 1672/1092/1431
f 1671/1092/1430 1669/1092/1428 1672/1092/1431
f 1670/1092/1429 1673/1092/1432 1672/1092/1431
f 1674/1092/1433 1668/1092/1427 1671/1092/1430
f 1672/1092/1431 1674/1092/1433 1671/1092/1430
f 1673/1092/1432 1674/1092/1433 1672/1092/1431
f 1668/1092/1427 1674/1092/1433 1675/1092/1434
f 1670/1092/1429 1676/1092/1435 1673/1092/1432
f 1677/1092/1436 1675/1092/1434 1674/1092/1433
f 1673/1092/1432 1677/1092/1436 1674/1092/1433
f 1675/1092/1434 1677/1092/1436 1678/1092/1437
f 1676/1092/1435 1679/1092/1438 1673/1092/1432
f 1679/1092/1438 1677/1092/1436 1673/1092/1432
f 1676/1092/1435 1680/1092/1439 1679/1092/1438
f 1677/1092/1436 1681/1092/1440 1678/1092/1437
f 1682/1092/1441 1679/1092/1438 1680/1092/1439
f 1679/1092/1438 1682/1092/1441 1683/1092/1442
f 1683/1092/1442 1677/1092/1436 1679/1092/1438
f 1684/1092/1443 1683/1092/1442 1682/1092/1441
f 1677/1092/1436 1685/1092/1444 1681/1092/1440
f 1677/1092/1436 1683/1092/1442 1685/1092/1444
f 1685/1092/1444 1686/1092/1445 1681/1092/1440
f 1683/1092/1442 1687/1092/1446 1685/1092/1444
f 1687/1092/1446 1686/1092/1445 1685/1092/1444
f 1683/1092/1442 1684/1092/1443 1688/1092/1447
f 1688/1092/1447 1687/1092/1446 1683/1092/1442
f 1689/1092/1448 1686/1092/1445 1687/1092/1446
f 1688/1092/1447 1689/1092/1448 1687/1092/1446
f 1686/1092/1445 1689/1092/1448 1690/1092/1449
f 1689/1092/1448 1691/1092/1450 1690/1092/1449
f 1684/1092/1443 1692/1092/1451 1688/1092/1447
f 1689/1092/1448 1688/1092/1447 1692/1092/1451
f 1684/1092/1443 1693/1092/1452 1692/1092/1451
f 1694/1092/1453 1692/1092/1451 1693/1092/1452
f 1689/1092/1448 1695/1092/1454 1691/1092/1450
f 1692/1092/1451 1695/1092/1454 1689/1092/1448
f 1695/1092/1454 1696/1092/1455 1691/1092/1450
f 1692/1092/1451 1694/1092/1453 1697/1092/1456
f 1697/1092/1456 1695/1092/1454 1692/1092/1451
f 1698/1092/1457 1697/1092/1456 1694/1092/1453
f 1697/1092/1456 1698/1092/1457 1699/1092/1458
f 1699/1092/1458 1695/1092/1454 1697/1092/1456
f 1700/1092/1459 1699/1092/1458 1698/1092/1457
f 1695/1092/1454 1701/1092/1460 1696/1092/1455
f 1695/1092/1454 1699/1092/1458 1701/1092/1460
f 1701/1092/1460 1702/1092/1461 1696/1092/1455
f 1699/1092/1458 1703/1092/1462 1701/1092/1460
f 1701/1092/1460 1703/1092/1462 1702/1092/1461
f 1699/1092/1458 1700/1092/1459 1704/1092/1463
f 1704/1092/1463 1703/1092/1462 1699/1092/1458
f 1705/1092/1464 1702/1092/1461 1703/1092/1462
f 1704/1092/1463 1705/1092/1464 1703/1092/1462
f 1702/1092/1461 1705/1092/1464 1706/1092/1465
f 1700/1092/1459 1707/1092/1466 1704/1092/1463
f 1705/1092/1464 1704/1092/1463 1707/1092/1466
f 1700/1092/1459 1708/1092/1467 1707/1092/1466
f 1705/1092/1464 1709/1092/1468 1706/1092/1465
f 1710/1092/1469 1707/1092/1466 1708/1092/1467
f 1709/1092/1468 1705/1092/1464 1711/1092/1470
f 1707/1092/1466 1711/1092/1470 1705/1092/1464
f 1712/1092/1471 1709/1092/1468 1711/1092/1470
f 1709/1092/1468 1712/1092/1471 1713/1092/1472
f 1711/1092/1470 1707/1092/1466 1714/1092/1473
f 1707/1092/1466 1710/1092/1469 1714/1092/1473
f 1714/1092/1473 1712/1092/1471 1711/1092/1470
f 1712/1092/1471 1715/1092/1474 1713/1092/1472
f 1710/1092/1469 1716/1092/1475 1714/1092/1473
f 1716/1092/1475 1712/1092/1471 1714/1092/1473
f 1710/1092/1469 1717/1092/1476 1716/1092/1475
f 1718/1092/1477 1716/1092/1475 1717/1092/1476
f 1712/1092/1471 1719/1092/1478 1715/1092/1474
f 1716/1092/1475 1719/1092/1478 1712/1092/1471
f 1716/1092/1475 1718/1092/1477 1720/1092/1479
f 1720/1092/1479 1719/1092/1478 1716/1092/1475
f 1601/1092/1360 1720/1092/1479 1718/1092/1477
f 1719/1092/1478 1597/1092/1356 1715/1092/1474
f 1720/1092/1479 1601/1092/1360 1599/1092/1358
f 1599/1092/1358 1719/1092/1478 1720/1092/1479
f 1719/1092/1478 1598/1092/1357 1597/1092/1356
f 1719/1092/1478 1599/1092/1358 1598/1092/1357
f 1640/1092/1399 1644/1092/1403 1721/1092/1480
f 1722/1092/1481 1643/1092/1402 1641/1092/1400
f 1643/1092/1402 1722/1092/1481 1644/1092/1403
f 1722/1092/1481 1641/1092/1400 1723/1092/1482
f 1724/1092/1483 1721/1092/1480 1644/1092/1403
f 1722/1092/1481 1724/1092/1483 1644/1092/1403
f 1721/1092/1480 1724/1092/1483 1725/1092/1484
f 1723/1092/1482 1726/1092/1485 1722/1092/1481
f 1726/1092/1485 1724/1092/1483 1722/1092/1481
f 1726/1092/1485 1723/1092/1482 1727/1092/1486
f 1728/1092/1487 1725/1092/1484 1724/1092/1483
f 1729/1092/1488 1726/1092/1485 1727/1092/1486
f 1724/1092/1483 1730/1092/1489 1728/1092/1487
f 1726/1092/1485 1730/1092/1489 1724/1092/1483
f 1726/1092/1485 1729/1092/1488 1731/1092/1490
f 1731/1092/1490 1730/1092/1489 1726/1092/1485
f 1732/1092/1491 1728/1092/1487 1730/1092/1489
f 1731/1092/1490 1732/1092/1491 1730/1092/1489
f 1728/1092/1487 1732/1092/1491 1733/1092/1492
f 1729/1092/1488 1734/1092/1493 1731/1092/1490
f 1731/1092/1490 1734/1092/1493 1732/1092/1491
f 1729/1092/1488 1735/1092/1494 1734/1092/1493
f 1736/1092/1495 1733/1092/1492 1732/1092/1491
f 1734/1092/1493 1736/1092/1495 1732/1092/1491
f 1733/1092/1492 1736/1092/1495 1737/1092/1496
f 1735/1092/1494 1738/1092/1497 1734/1092/1493
f 1734/1092/1493 1738/1092/1497 1736/1092/1495
f 1735/1092/1494 1739/1092/1498 1738/1092/1497
f 1736/1092/1495 1740/1092/1499 1737/1092/1496
f 1741/1092/1500 1738/1092/1497 1739/1092/1498
f 1736/1092/1495 1742/1092/1501 1740/1092/1499
f 1743/1092/1502 1736/1092/1495 1738/1092/1497
f 1736/1092/1495 1743/1092/1502 1742/1092/1501
f 1738/1092/1497 1741/1092/1500 1743/1092/1502
f 1744/1092/1503 1740/1092/1499 1742/1092/1501
f 1743/1092/1502 1744/1092/1503 1742/1092/1501
f 1740/1092/1499 1744/1092/1503 1745/1092/1504
f 1741/1092/1500 1746/1092/1505 1743/1092/1502
f 1743/1092/1502 1746/1092/1505 1744/1092/1503
f 1746/1092/1505 1741/1092/1500 1747/1092/1506
f 1747/1092/1506 1748/1092/1507 1746/1092/1505
f 1748/1092/1507 1744/1092/1503 1746/1092/1505
f 1748/1092/1507 1747/1092/1506 1749/1092/1508
f 1750/1092/1509 1745/1092/1504 1744/1092/1503
f 1744/1092/1503 1748/1092/1507 1750/1092/1509
f 1745/1092/1504 1750/1092/1509 1751/1092/1510
f 1752/1092/1511 1748/1092/1507 1749/1092/1508
f 1753/1092/1512 1751/1092/1510 1750/1092/1509
f 1748/1092/1507 1754/1092/1513 1750/1092/1509
f 1750/1092/1509 1754/1092/1513 1753/1092/1512
f 1755/1092/1514 1754/1092/1513 1748/1092/1507
f 1748/1092/1507 1752/1092/1511 1755/1092/1514
f 1756/1092/1515 1753/1092/1512 1754/1092/1513
f 1755/1092/1514 1756/1092/1515 1754/1092/1513
f 1753/1092/1512 1756/1092/1515 1757/1092/1516
f 1752/1092/1511 1758/1092/1517 1755/1092/1514
f 1755/1092/1514 1758/1092/1517 1756/1092/1515
f 1752/1092/1511 1759/1092/1518 1758/1092/1517
f 1760/1092/1519 1757/1092/1516 1756/1092/1515
f 1758/1092/1517 1760/1092/1519 1756/1092/1515
f 1757/1092/1516 1760/1092/1519 1761/1092/1520
f 1762/1092/1521 1758/1092/1517 1759/1092/1518
f 1758/1092/1517 1762/1092/1521 1760/1092/1519
f 1759/1092/1518 1763/1092/1522 1762/1092/1521
f 1764/1092/1523 1761/1092/1520 1760/1092/1519
f 1762/1092/1521 1764/1092/1523 1760/1092/1519
f 1761/1092/1520 1764/1092/1523 1765/1092/1524
f 1763/1092/1522 1766/1092/1525 1762/1092/1521
f 1766/1092/1525 1764/1092/1523 1762/1092/1521
f 1766/1092/1525 1763/1092/1522 1767/1092/1526
f 1768/1092/1527 1765/1092/1524 1764/1092/1523
f 1766/1092/1525 1768/1092/1527 1764/1092/1523
f 1765/1092/1524 1768/1092/1527 1769/1092/1528
f 1767/1092/1526 1770/1092/1529 1766/1092/1525
f 1770/1092/1529 1768/1092/1527 1766/1092/1525
f 1770/1092/1529 1767/1092/1526 1771/1092/1530
f 1772/1092/1531 1769/1092/1528 1768/1092/1527
f 1773/1092/1532 1770/1092/1529 1771/1092/1530
f 1770/1092/1529 1773/1092/1532 1774/1092/1533
f 1770/1092/1529 1775/1092/1534 1768/1092/1527
f 1772/1092/1531 1768/1092/1527 1775/1092/1534
f 1774/1092/1533 1775/1092/1534 1770/1092/1529
f 1773/1092/1532 1776/1092/1535 1774/1092/1533
f 1776/1092/1535 1775/1092/1534 1774/1092/1533
f 1776/1092/1535 1773/1092/1532 1777/1092/1536
f 1778/1092/1537 1772/1092/1531 1775/1092/1534
f 1775/1092/1534 1776/1092/1535 1778/1092/1537
f 1772/1092/1531 1778/1092/1537 1779/1092/1538
f 1780/1092/1539 1776/1092/1535 1777/1092/1536
f 1781/1092/1540 1779/1092/1538 1778/1092/1537
f 1776/1092/1535 1782/1092/1541 1778/1092/1537
f 1778/1092/1537 1782/1092/1541 1781/1092/1540
f 1783/1092/1542 1782/1092/1541 1776/1092/1535
f 1776/1092/1535 1780/1092/1539 1783/1092/1542
f 1784/1092/1543 1781/1092/1540 1782/1092/1541
f 1783/1092/1542 1784/1092/1543 1782/1092/1541
f 1781/1092/1540 1784/1092/1543 1785/1092/1544
f 1780/1092/1539 1786/1092/1545 1783/1092/1542
f 1783/1092/1542 1786/1092/1545 1784/1092/1543
f 1780/1092/1539 1787/1092/1546 1786/1092/1545
f 1788/1092/1547 1786/1092/1545 1787/1092/1546
f 1788/1092/1547 1784/1092/1543 1786/1092/1545
f 1787/1092/1546 1789/1092/1548 1788/1092/1547
f 1664/1092/1423 1788/1092/1547 1789/1092/1548
f 1788/1092/1547 1664/1092/1423 1663/1092/1422
f 1788/1092/1547 1663/1092/1422 1652/1092/1411
f 1784/1092/1543 1788/1092/1547 1790/1092/1549
f 1788/1092/1547 1652/1092/1411 1790/1092/1549
f 1790/1092/1549 1785/1092/1544 1784/1092/1543
f 1653/1092/1412 1790/1092/1549 1652/1092/1411
f 1785/1092/1544 1790/1092/1549 1791/1092/1550
f 1790/1092/1549 1653/1092/1412 1791/1092/1550
f 1792/1092/1551 1793/1092/1551 1794/1092/1551
f 1793/1092/1551 1792/1092/1551 1795/1092/1551
f 1796/1092/1551 1794/1092/1551 1793/1092/1551
f 1794/1092/1551 1796/1092/1551 1797/1092/1551
f 1796/1092/1551 1798/1092/1551 1797/1092/1551
f 1798/1092/1551 1796/1092/1551 1799/1092/1551
f 1795/1092/1551 1792/1092/1551 1800/1092/1551
f 1798/1092/1551 1799/1092/1551 1801/1092/1551
f 1800/1092/1551 1792/1092/1551 1802/1092/1551
f 1803/1092/1551 1801/1092/1551 1799/1092/1551
f 1801/1092/1551 1803/1092/1551 1804/1092/1551
f 1805/1092/1551 1804/1092/1551 1803/1092/1551
f 1804/1092/1551 1805/1092/1551 1806/1092/1551
f 1801/1092/1551 1804/1092/1551 1807/1092/1551
f 1801/1092/1551 1807/1092/1551 1808/1092/1551
f 1809/1092/1551 1808/1092/1551 1807/1092/1551
f 1810/1092/1551 1808/1092/1551 1809/1092/1551
f 1811/1092/1551 1808/1092/1551 1810/1092/1551
f 1811/1092/1551 1810/1092/1551 1812/1092/1551
f 1812/1092/1551 1810/1092/1551 1813/1092/1551
f 1808/1092/1551 1811/1092/1551 1814/1092/1551
f 1815/1092/1551 1814/1092/1551 1811/1092/1551
f 1816/1092/1551 1814/1092/1551 1815/1092/1551
f 1814/1092/1551 1816/1092/1551 1817/1092/1551
f 1816/1092/1551 1818/1092/1551 1817/1092/1551
f 1818/1092/1551 1816/1092/1551 1819/1092/1551
f 1819/1092/1551 1820/1092/1551 1818/1092/1551
f 1817/1092/1551 1818/1092/1551 1821/1092/1551
f 1821/1092/1551 1822/1092/1551 1817/1092/1551
f 1822/1092/1551 1821/1092/1551 1823/1092/1551
f 1822/1092/1551 1823/1092/1551 1824/1092/1551
f 1825/1092/1551 1822/1092/1551 1824/1092/1551
f 1822/1092/1551 1825/1092/1551 1826/1092/1551
f 1826/1092/1551 1825/1092/1551 1827/1092/1551
f 1802/1092/1551 1828/1092/1551 1800/1092/1551
f 1829/1092/1551 1828/1092/1551 1802/1092/1551
f 1830/1092/1551 1800/1092/1551 1828/1092/1551
f 1800/1092/1551 1830/1092/1551 1831/1092/1551
f 1832/1092/1551 1831/1092/1551 1830/1092/1551
f 1832/1092/1551 1833/1092/1551 1831/1092/1551
f 1834/1092/1551 1828/1092/1551 1829/1092/1551
f 1828/1092/1551 1834/1092/1551 1835/1092/1551
f 1834/1092/1551 1836/1092/1551 1835/1092/1551
f 1834/1092/1551 1837/1092/1551 1836/1092/1551
f 1829/1092/1551 1838/1092/1551 1834/1092/1551
f 1838/1092/1551 1829/1092/1551 1839/1092/1551
f 1839/1092/1551 1840/1092/1551 1838/1092/1551
f 1841/1092/1552 1842/1092/1552 1843/1092/1552
f 1844/1092/1552 1842/1092/1552 1841/1092/1552
f 1845/1092/1552 1843/1092/1552 1842/1092/1552
f 1842/1092/1552 1844/1092/1552 1846/1092/1552
f 1843/1092/1552 1845/1092/1552 1847/1092/1552
f 1843/1092/1552 1847/1092/1552 1848/1092/1552
f 1847/1092/1552 1849/1092/1552 1848/1092/1552
f 1847/1092/1552 1845/1092/1552 1850/1092/1552
f 1851/1092/1552 1850/1092/1552 1845/1092/1552
f 1850/1092/1552 1851/1092/1552 1852/1092/1552
f 1852/1092/1552 1851/1092/1552 1853/1092/1552
f 1851/1092/1552 1854/1092/1552 1853/1092/1552
f 1854/1092/1552 1851/1092/1552 1855/1092/1552
f 1855/1092/1552 1856/1092/1552 1854/1092/1552
f 1844/1092/1552 1857/1092/1552 1846/1092/1552
f 1858/1092/1552 1857/1092/1552 1844/1092/1552
f 1857/1092/1552 1858/1092/1552 1859/1092/1552
f 1860/1092/1552 1846/1092/1552 1857/1092/1552
f 1861/1092/1552 1846/1092/1552 1860/1092/1552
f 1846/1092/1552 1861/1092/1552 1862/1092/1552
f 1863/1092/1552 1862/1092/1552 1861/1092/1552
f 1863/1092/1552 1864/1092/1552 1865/1092/1552
f 1863/1092/1552 1865/1092/1552 1866/1092/1552
f 1866/1092/1552 1862/1092/1552 1863/1092/1552
f 1867/1092/1552 1862/1092/1552 1866/1092/1552
f 1862/1092/1552 1867/1092/1552 1868/1092/1552
f 1869/1092/1552 1868/1092/1552 1867/1092/1552
f 1868/1092/1552 1869/1092/1552 1870/1092/1552
f 1869/1092/1552 1871/1092/1552 1870/1092/1552
f 1871/1092/1552 1869/1092/1552 1872/1092/1552
f 1872/1092/1552 1873/1092/1552 1871/1092/1552
f 1874/1092/1552 1873/1092/1552 1872/1092/1552
f 1875/1092/1552 1873/1092/1552 1874/1092/1552
f 1873/1092/1552 1875/1092/1552 1876/1092/1552
f 1876/1092/1552 1875/1092/1552 1877/1092/1552
f 1876/1092/1552 1877/1092/1552 1878/1092/1552
f 1877/1092/1552 1875/1092/1552 1879/1092/1552
f 1879/1092/1552 1875/1092/1552 1880/1092/1552
f 1880/1092/1552 1881/1092/1552 1879/1092/1552
f 1881/1092/1552 1880/1092/1552 1882/1092/1552
f 1883/1092/1552 1878/1092/1552 1877/1092/1552
f 1883/1092/1552 1877/1092/1552 1884/1092/1552
f 1885/1092/1552 1883/1092/1552 1884/1092/1552
f 1883/1092/1552 1885/1092/1552 1886/1092/1552
f 1887/1092/1552 1878/1092/1552 1883/1092/1552
f 1878/1092/1552 1887/1092/1552 1888/1092/1552
f 1888/1092/1552 1887/1092/1552 1889/1092/1552
usemtl Meshpart1Mtl.006
f 1304/956/1182 1305/957/1183 1306/958/1184
f 1305/957/1183 1304/956/1182 1307/959/1182
f 1308/960/1185 1309/957/1186 1310/961/1185
f 1309/957/1186 1308/960/1185 1311/958/1186
f 1312/962/1187 1313/963/1187 1314/964/1187
f 1312/962/1187 1314/964/1187 1315/965/1187
f 1316/966/1188 1317/967/1188 1318/968/1189
f 1317/967/1188 1316/966/1188 1319/969/1189
f 1321/970/1190 1322/971/1191 1320/972/1190
f 1322/971/1191 1321/970/1190 1323/973/1192
f 1324/974/1193 1325/975/1194 1326/976/1194
f 1325/975/1194 1324/974/1193 1327/977/1193
f 1328/977/1195 1329/978/1195 1330/975/1196
f 1329/978/1195 1328/977/1195 1331/979/1196
f 1333/980/1197 1334/981/1198 1332/982/1199
f 1334/981/1198 1333/980/1197 1335/983/1200
f 1336/984/1201 1337/985/1202 1338/986/1201
f 1337/985/1202 1336/984/1201 1339/987/1203
f 1340/973/1204 1341/988/1204 1342/971/1204
f 1341/988/1204 1340/973/1204 1343/989/1204
f 1344/990/1205 1345/991/1206 1346/992/1205
f 1345/991/1206 1344/990/1205 1347/993/1206
f 1347/993/1206 1348/994/1207 1345/991/1206
f 1348/994/1207 1347/993/1206 1349/995/1207
f 1350/996/1208 1351/997/1209 1352/998/1210
f 1351/997/1209 1350/996/1208 1353/999/1209
f 1354/1000/1211 1355/1001/1211 1356/1002/1211
f 1355/1001/1211 1354/1000/1211 1357/1003/1211
f 1358/986/1212 1359/1004/1213 1360/984/1212
f 1359/1004/1213 1358/986/1212 1361/1005/1214
f 1361/1005/1214 1362/1006/1215 1359/1004/1213
f 1362/1006/1215 1361/1005/1214 1363/1007/1215
f 1363/1007/1215 1364/1008/1216 1362/1006/1215
f 1364/1008/1216 1363/1007/1215 1365/1009/1217
f 1366/995/1218 1367/987/1218 1368/994/1218
f 1367/987/1218 1366/995/1218 1369/985/1218
f 1370/1010/1219 1371/1011/1220 1372/1012/1219
f 1371/1011/1220 1370/1010/1219 1373/1013/1221
f 1373/1013/1221 1374/1014/1222 1371/1011/1220
f 1374/1014/1222 1373/1013/1221 1375/1015/1222
f 1376/1016/1223 1377/1002/1223 1378/1017/1224
f 1377/1002/1223 1376/1016/1223 1379/1000/1223
f 1382/1018/1225 1381/1019/1226 1380/1020/1226
f 1381/1019/1226 1382/1018/1225 1383/1021/1227
f 1384/1022/1228 1383/1021/1227 1382/1018/1225
f 1383/1021/1227 1384/1022/1228 1385/1023/1228
f 1386/1024/1229 1385/1023/1228 1384/1022/1228
f 1385/1023/1228 1386/1024/1229 1387/1025/1229
f 1388/1026/1230 1389/1027/1231 1390/1028/1230
f 1391/1029/1232 1390/1028/1230 1389/1027/1231
f 1392/998/1233 1393/996/1234 1394/1030/1233
f 1392/998/1233 1394/1030/1233 1395/1031/1234
f 1396/1032/1235 1397/1009/1236 1398/1033/1235
f 1398/1033/1235 1397/1009/1236 1399/1008/1236
f 1400/1034/1237 1396/1032/1235 1398/1033/1235
f 1400/1034/1237 1401/1035/1237 1396/1032/1235
f 1402/1036/1238 1403/1003/1239 1404/1037/1238
f 1404/1037/1238 1403/1003/1239 1405/1001/1240
f 1406/1038/1241 1402/1036/1238 1404/1037/1238
f 1407/1039/1242 1402/1036/1238 1406/1038/1241
f 1408/1040/1243 1407/1039/1242 1406/1038/1241
f 1407/1039/1242 1408/1040/1243 1409/1041/1244
f 1410/1042/1245 1409/1041/1244 1408/1040/1243
f 1409/1041/1244 1410/1042/1245 1411/1043/1246
f 1412/992/1247 1413/990/1248 1414/1044/1249
f 1412/992/1247 1414/1044/1249 1415/1045/1248
f 1416/1046/1250 1417/989/1251 1418/1047/1251
f 1418/1047/1251 1417/989/1251 1419/988/1250
f 1420/1048/1252 1421/1049/1252 1422/1050/1252
f 1420/1048/1252 1422/1050/1252 1423/1051/1252
f 1424/1052/1253 1425/979/1253 1426/978/1254
f 1424/1052/1253 1426/978/1254 1427/1053/1253
f 1428/1054/1255 1429/1055/1256 1430/1056/1257
f 1429/1055/1256 1428/1054/1255 1431/1057/1256
f 1430/1056/1257 1432/1058/1258 1428/1054/1255
f 1432/1058/1258 1430/1056/1257 1433/1059/1258
f 1434/1060/1259 1435/1061/1259 1436/1062/1260
f 1435/1061/1259 1434/1060/1259 1437/1063/1260
f 1438/1064/1261 1439/1065/1261 1440/1066/1261
f 1439/1065/1261 1438/1064/1261 1441/1067/1261
f 1442/1068/1262 1443/1069/1262 1444/1070/1262
f 1443/1069/1262 1442/1068/1262 1445/1071/1262
f 1446/1072/1263 1447/1073/1263 1448/1074/1263
f 1447/1073/1263 1446/1072/1263 1449/1075/1264
f 1450/1076/1265 1451/1077/1266 1452/1078/1265
f 1451/1077/1266 1450/1076/1265 1453/1079/1266
f 1454/1080/1267 1455/1081/1267 1456/1082/1267
f 1455/1081/1267 1454/1080/1267 1457/1083/1267
f 1458/1084/1268 1459/1085/1269 1460/1086/1268
f 1459/1085/1269 1458/1084/1268 1461/1087/1270
f 1463/1088/1271 1464/1089/1272 1462/1090/1273
f 1464/1089/1272 1463/1088/1271 1465/1091/1272
