# Blender 5.1.2
# www.blender.org
mtllib battle axe ds.mtl
o slayer_sword
v 0.049412 -1.371690 0.101105
v 0.049825 -1.371690 -0.018803
v 0.144674 -1.371436 0.102121
v 0.037900 -1.367366 0.072679
v 0.038119 -1.367366 0.009374
v 0.145088 -1.371436 -0.017788
v 0.153037 -1.367061 0.073907
v 0.153255 -1.367061 0.010602
v 0.078977 7.044184 -0.007290
v 0.230102 6.697561 -0.021380
v 0.223649 6.697546 -0.024350
v 0.074283 7.067403 -0.004839
v 0.074331 7.055793 -0.006739
v 0.074283 7.067403 -0.004839
v 0.071893 7.048520 -0.007166
v -0.068189 6.696766 -0.024561
v -0.061482 6.696784 -0.027390
v 0.074331 7.055793 -0.006739
v 0.078662 7.044184 0.084015
v 0.073985 7.067403 0.081365
v 0.074020 7.055793 0.083367
v 0.229678 6.697561 0.101328
v 0.223207 6.697546 0.104059
v 0.071580 7.048520 0.083640
v -0.068612 6.696766 0.098148
v -0.061925 6.696784 0.101020
v 0.073985 7.067403 0.081365
v 0.074020 7.055793 0.083367
v -0.215848 6.699277 0.034670
v 0.073199 7.333114 0.038353
v 0.073200 7.333114 0.038254
v -0.215852 6.699277 0.035771
v -0.383332 0.173529 0.034284
v -0.383325 0.173529 0.032584
v 0.371778 6.700843 0.040935
v 0.550303 0.176019 0.044239
v 0.550309 0.176019 0.042539
v 0.371775 6.700843 0.042036
v 0.073199 7.333114 0.038353
v 0.073200 7.333114 0.038254
v 0.322213 -0.001725 -0.067004
v -0.137936 -0.002953 -0.071910
v 0.322220 -0.001725 -0.068604
v -0.137931 -0.002953 -0.073511
v -0.140329 -0.002959 -0.070036
v -0.141071 -0.002959 0.144680
v -0.161153 -0.003012 0.146064
v -0.160402 -0.003012 -0.071850
v -0.138690 -0.002953 0.146504
v -0.161416 -0.003012 0.146261
v -0.160662 -0.003012 -0.072053
v 0.325519 -0.001716 -0.064368
v -0.161433 -0.003012 0.146261
v -0.160680 -0.003012 -0.072152
v 0.324784 -0.001716 0.148846
v 0.341696 -0.001675 -0.064196
v 0.321460 -0.001725 0.151410
v -0.138706 -0.002953 0.151105
v 0.321445 -0.001725 0.156011
v 0.340960 -0.001675 0.149018
v 0.345020 -0.001666 -0.066761
v 0.344267 -0.001666 0.151654
v 0.376599 -0.001580 -0.068025
v 0.345025 -0.001666 -0.068361
v 0.375825 -0.001580 0.156591
v 0.344250 -0.001666 0.156255
v -0.184417 -0.003074 0.150618
v -0.161448 -0.003012 0.150862
v -0.183642 -0.003074 -0.073998
v -0.160673 -0.003012 -0.073752
v -0.205309 6.699303 0.031883
v -0.383325 0.173529 0.032584
v -0.215848 6.699277 0.034670
v -0.369838 0.164859 0.028028
v 0.073275 7.314238 0.035754
v 0.073200 7.333114 0.038254
v -0.068189 6.696766 -0.024561
v -0.205309 6.699303 0.031883
v -0.201432 0.065117 -0.062187
v -0.061482 6.696784 -0.027390
v -0.193197 0.060786 -0.066600
v -0.068189 6.696766 -0.024561
v -0.205309 6.699303 0.031883
v 0.074283 7.067403 -0.004839
v 0.073275 7.314238 0.035754
v -0.141228 -0.001510 -0.069345
v -0.137936 -0.002953 -0.071910
v -0.140329 -0.002959 -0.070036
v -0.136774 0.059485 -0.071897
v -0.140085 0.059477 -0.069333
v 0.361069 0.062264 -0.060689
v 0.368623 0.066640 0.139012
v 0.360366 0.062264 0.143325
v 0.369297 0.066640 -0.056102
v 0.350358 0.062235 -0.060803
v 0.537499 0.167277 0.037903
v 0.349654 0.062235 0.143211
v 0.537462 0.167277 0.048604
v 0.550303 0.176019 0.044239
v 0.550309 0.176019 0.042539
v -0.186065 0.060805 -0.066523
v -0.186770 0.060805 0.137491
v -0.193901 0.060786 0.137416
v -0.193197 0.060786 -0.066600
v -0.202106 0.065117 0.132927
v -0.201432 0.065117 -0.062187
v -0.369878 0.164859 0.039130
v -0.369838 0.164859 0.028028
v -0.383325 0.173529 0.032584
v -0.383332 0.173529 0.034284
v 0.307106 0.111482 -0.100369
v -0.124080 0.111784 -0.104967
v 0.306577 0.112932 -0.100375
v -0.119209 0.132125 -0.104915
v -0.136660 0.059485 -0.105101
v -0.103405 0.169921 -0.104746
v 0.322290 0.043285 -0.100208
v 0.288525 0.170966 -0.100568
v -0.137371 0.021731 -0.105108
v -0.085922 0.212075 -0.104560
v 0.322307 0.022957 -0.100207
v 0.284987 0.182578 -0.100605
v 0.322311 0.018603 -0.100207
v -0.072414 0.228085 -0.104416
v -0.137460 0.017377 -0.105110
v 0.255277 0.228958 -0.100922
v 0.322296 0.006982 -0.093206
v -0.049870 0.255730 -0.104176
v -0.137692 0.005755 -0.098111
v 0.322220 -0.001725 -0.068604
v -0.137931 -0.002953 -0.073511
v 0.245007 0.244906 -0.101032
v -0.007938 0.289240 -0.103728
v 0.195958 0.289784 -0.101555
v 0.005636 0.299446 -0.103583
v 0.188756 0.295570 -0.101631
v 0.129693 0.317191 -0.102261
v 0.070224 0.319946 -0.102895
v 0.322175 0.043285 -0.067004
v 0.306992 0.111482 -0.067166
v 0.310114 0.112943 -0.064532
v 0.325480 0.043293 -0.064369
v -0.136774 0.059485 -0.071897
v -0.122390 0.133568 -0.069144
v -0.119323 0.132125 -0.071711
v -0.140085 0.059477 -0.069333
v -0.159342 0.062328 -0.105343
v -0.183629 0.111625 -0.105601
v -0.147802 0.111722 -0.105220
v -0.140487 0.142238 -0.105141
v -0.183554 0.021608 -0.105601
v -0.170764 0.169741 -0.105465
v -0.160113 0.021670 -0.105351
v -0.129343 0.169853 -0.105023
v -0.160203 0.017316 -0.105352
v -0.148815 0.227882 -0.105231
v -0.183550 0.017254 -0.105602
v -0.105638 0.226545 -0.104770
v -0.160436 0.005695 -0.098354
v -0.104773 0.227999 -0.104761
v -0.183564 0.005634 -0.098601
v -0.160673 -0.003012 -0.073752
v -0.183642 -0.003074 -0.073998
v -0.104001 0.288985 -0.104753
v -0.063369 0.280385 -0.104319
v -0.051721 0.289124 -0.104196
v -0.054928 0.335577 -0.104230
v -0.000795 0.328464 -0.103652
v 0.021876 0.335781 -0.103410
v -0.005320 0.377817 -0.103700
v 0.119166 0.167615 0.221362
v 0.120259 0.170519 0.216273
v 0.129145 0.158934 0.216368
v 0.127262 0.157467 0.221448
v 0.129111 0.158934 0.226468
v 0.120224 0.170519 0.226373
v 0.133612 0.161849 0.228616
v 0.122816 0.176332 0.228501
v 0.125421 0.182155 0.226429
v 0.138127 0.164764 0.226565
v 0.126515 0.185059 0.221440
v 0.140012 0.166218 0.221585
v 0.132398 0.115374 0.226504
v 0.129111 0.158934 0.226468
v 0.130258 0.115368 0.221481
v 0.132433 0.115374 0.216404
v 0.129145 0.158934 0.216368
v 0.137598 0.115387 0.228658
v 0.129111 0.158934 0.226468
v 0.133612 0.161849 0.228616
v 0.142813 0.115401 0.226614
v 0.133612 0.161849 0.228616
v 0.138127 0.164764 0.226565
v 0.144988 0.115407 0.221637
v 0.142813 0.115401 0.226614
v 0.142813 0.115401 0.226614
v 0.138204 0.074734 0.226565
v 0.140090 0.073288 0.221585
v 0.142813 0.115401 0.226614
v 0.133683 0.077635 0.228617
v 0.137598 0.115387 0.228658
v 0.137598 0.115387 0.228658
v 0.129176 0.081976 0.226469
v 0.132398 0.115374 0.226504
v 0.138204 0.074734 0.226565
v 0.126624 0.055827 0.221442
v 0.125528 0.057285 0.226430
v 0.122911 0.064534 0.228503
v 0.133683 0.077635 0.228617
v 0.129176 0.081976 0.226469
v 0.120309 0.070331 0.226374
v 0.127325 0.083424 0.221450
v 0.132398 0.115374 0.226504
v 0.132433 0.115374 0.216404
v 0.129211 0.081976 0.216369
v 0.137647 0.115387 0.214358
v 0.132433 0.115374 0.216404
v 0.133733 0.077635 0.214317
v 0.142848 0.115401 0.216514
v 0.137647 0.115387 0.214358
v 0.138239 0.074734 0.216465
v 0.119246 0.071781 0.221363
v 0.144988 0.115407 0.221637
v 0.142848 0.115401 0.216514
v 0.140090 0.073288 0.221585
v 0.140012 0.166218 0.221585
v 0.138162 0.164764 0.216464
v 0.142848 0.115401 0.216514
v 0.142848 0.115401 0.216514
v 0.133661 0.161849 0.214316
v 0.137647 0.115387 0.214358
v 0.133661 0.161849 0.214316
v 0.129145 0.158934 0.216368
v 0.126624 0.055827 0.221442
v 0.138239 0.074734 0.216465
v 0.125563 0.057285 0.216330
v 0.122960 0.064534 0.214202
v 0.133733 0.077635 0.214317
v 0.129211 0.081976 0.216369
v 0.120344 0.070331 0.216274
v 0.108218 0.048521 0.221246
v 0.125563 0.057285 0.216330
v 0.108233 0.051422 0.216145
v 0.108234 0.058691 0.214045
v 0.122960 0.064534 0.214202
v 0.108221 0.065947 0.216145
v 0.120344 0.070331 0.216274
v 0.108201 0.068849 0.221245
v 0.108186 0.065947 0.226246
v 0.120309 0.070331 0.226374
v 0.122911 0.064534 0.228503
v 0.108185 0.058691 0.228345
v 0.125528 0.057285 0.226430
v 0.108198 0.051422 0.226245
v 0.108218 0.048521 0.221246
v 0.063793 0.348964 -0.102964
v 0.197852 0.378358 -0.101534
v 0.131946 0.347694 -0.102238
v 0.069608 0.408513 -0.102902
v 0.122872 0.408654 -0.102334
v 0.162914 0.336157 -0.101907
v 0.247532 0.336382 -0.101005
v 0.198946 0.323193 -0.101523
v 0.236041 0.289891 -0.101128
v 0.296684 0.290052 -0.100480
v 0.259234 0.268173 -0.100880
v 0.341601 0.229189 -0.100002
v 0.284806 0.229037 -0.100607
v 0.303707 0.200052 -0.100406
v 0.363648 0.171166 -0.099767
v 0.312784 0.171030 -0.100309
v 0.328907 0.120260 -0.100137
v 0.376611 0.113119 -0.099628
v 0.330406 0.112996 -0.100121
v 0.345096 0.043344 -0.099964
v 0.376688 0.023100 -0.099628
v 0.345113 0.023016 -0.099964
v 0.376692 0.018748 -0.099627
v 0.345117 0.018662 -0.099964
v 0.376677 0.007125 -0.092627
v 0.345103 0.007042 -0.092964
v 0.376599 -0.001580 -0.068025
v 0.345025 -0.001666 -0.068361
v 0.052306 0.118074 0.179145
v 0.076539 0.116677 0.209004
v 0.066590 0.129720 0.208899
v 0.068347 0.096327 0.179317
v 0.128124 0.118276 0.179953
v 0.113615 0.129846 0.209400
v 0.103689 0.116749 0.209294
v 0.112120 0.096443 0.179783
v 0.284873 0.182578 -0.067402
v 0.310114 0.112943 -0.064532
v 0.306992 0.111482 -0.067166
v 0.287730 0.184036 -0.064772
v -0.141963 -0.001510 0.143869
v -0.137528 0.059485 0.146517
v -0.140819 0.059477 0.143882
v -0.138690 -0.002953 0.146504
v -0.141071 -0.002959 0.144680
v -0.086037 0.212075 -0.071357
v -0.119323 0.132125 -0.071711
v -0.122390 0.133568 -0.069144
v -0.088680 0.214970 -0.068784
v 0.108201 0.068849 0.221245
v 0.097150 0.071722 0.221127
v 0.108186 0.065947 0.226246
v 0.096055 0.070268 0.226115
v 0.093448 0.064455 0.228188
v 0.108185 0.058691 0.228345
v 0.090858 0.057193 0.226060
v 0.108198 0.051422 0.226245
v 0.108218 0.048521 0.221246
v 0.089798 0.055728 0.221049
v 0.375696 0.023100 0.188194
v 0.376688 0.023100 -0.099628
v 0.375619 0.113119 0.188193
v 0.376611 0.113119 -0.099628
v 0.376692 0.018748 -0.099627
v 0.362655 0.171166 0.188055
v 0.375698 0.018748 0.188194
v 0.363648 0.171166 -0.099767
v 0.376677 0.007125 -0.092627
v 0.340607 0.229189 0.187820
v 0.375733 0.007125 0.181194
v 0.376599 -0.001580 -0.068025
v 0.375825 -0.001580 0.156591
v 0.341601 0.229189 -0.100002
v 0.295692 0.290052 0.187340
v 0.296684 0.290052 -0.100480
v 0.223649 6.697546 -0.024350
v 0.369297 0.066640 -0.056102
v 0.361069 0.062264 -0.060689
v 0.230102 6.697561 -0.021380
v 0.074283 7.067403 -0.004839
v 0.362014 6.700817 0.038032
v 0.073275 7.314238 0.035754
v 0.230102 6.697561 -0.021380
v 0.537499 0.167277 0.037903
v 0.362014 6.700817 0.038032
v 0.362014 6.700817 0.038032
v 0.550309 0.176019 0.042539
v 0.371778 6.700843 0.040935
v 0.073275 7.314238 0.035754
v 0.073200 7.333114 0.038254
v 0.350358 0.062235 -0.060803
v 0.223649 6.697546 -0.024350
v 0.209663 6.697508 -0.024499
v -0.053287 6.696806 -0.027303
v -0.186065 0.060805 -0.066523
v 0.076394 7.036922 -0.007718
v 0.078977 7.044184 -0.007290
v -0.061482 6.696784 -0.027390
v -0.193197 0.060786 -0.066600
v 0.071893 7.048520 -0.007166
v 0.074331 7.055793 -0.006739
v 0.131832 0.347694 -0.069034
v 0.198830 0.323193 -0.068319
v 0.197406 0.318824 -0.065735
v 0.131344 0.343340 -0.066439
v 0.063678 0.348964 -0.069760
v 0.064029 0.344612 -0.067157
v 0.000334 0.324115 -0.067836
v -0.000909 0.328464 -0.070449
v -0.183629 0.111625 -0.105601
v -0.184546 0.021608 0.182220
v -0.184622 0.111625 0.182219
v -0.183554 0.021608 -0.105601
v -0.170764 0.169741 -0.105465
v -0.184543 0.017254 0.182220
v -0.171757 0.169741 0.182357
v -0.183550 0.017254 -0.105602
v -0.148815 0.227882 -0.105231
v -0.184508 0.005634 0.175220
v -0.149808 0.227882 0.182590
v -0.104001 0.288985 -0.104753
v -0.104994 0.288985 0.183069
v -0.183564 0.005634 -0.098601
v -0.184417 -0.003074 0.150618
v -0.183642 -0.003074 -0.073998
v 0.341659 0.041883 -0.064197
v 0.325519 -0.001716 -0.064368
v 0.325480 0.043293 -0.064369
v 0.322175 0.043285 -0.067004
v 0.322213 -0.001725 -0.067004
v 0.341696 -0.001675 -0.064196
v 0.345020 -0.001666 -0.066761
v 0.344982 0.043344 -0.066762
v 0.325646 0.118800 -0.064367
v 0.310114 0.112943 -0.064532
v 0.287730 0.184036 -0.064772
v 0.300729 0.197131 -0.064632
v 0.247126 0.247814 -0.065204
v 0.256877 0.265265 -0.065101
v 0.190049 0.299939 -0.065813
v 0.197406 0.318824 -0.065735
v 0.131344 0.343340 -0.066439
v 0.130072 0.321558 -0.066452
v 0.069769 0.324299 -0.067096
v 0.064029 0.344612 -0.067157
v 0.004244 0.303798 -0.067794
v 0.000334 0.324115 -0.067836
v -0.061488 0.276027 -0.068495
v -0.051986 0.258638 -0.068394
v -0.088680 0.214970 -0.068784
v -0.103111 0.223649 -0.068939
v -0.122390 0.133568 -0.069144
v -0.137545 0.140795 -0.069306
v -0.140085 0.059477 -0.069333
v -0.156164 0.060885 -0.069505
v -0.157298 0.001350 -0.069517
v -0.141228 -0.001510 -0.069345
v 0.076303 0.073117 0.220905
v 0.078154 0.074573 0.225925
v 0.090858 0.057193 0.226060
v 0.093448 0.064455 0.228188
v 0.082654 0.077499 0.228073
v 0.087167 0.081864 0.226021
v 0.096055 0.070268 0.226115
v 0.089052 0.083320 0.221041
v 0.247126 0.247814 -0.065204
v 0.284873 0.182578 -0.067402
v 0.244893 0.244906 -0.067828
v 0.287730 0.184036 -0.064772
v 0.074426 0.141363 0.238585
v 0.090157 0.148660 0.244755
v 0.073434 0.148616 0.240176
v 0.090170 0.141405 0.242855
v 0.090188 0.138503 0.238254
v 0.076811 0.138468 0.234610
v 0.079189 0.141376 0.230637
v 0.090202 0.141405 0.233655
v 0.080168 0.148634 0.228947
v 0.090202 0.148660 0.231753
v 0.090191 0.154466 0.233654
v 0.079177 0.154437 0.230636
v 0.090172 0.157368 0.238253
v 0.076794 0.157333 0.234611
v 0.074415 0.154424 0.238586
v 0.090159 0.154466 0.242854
v 0.090157 0.148660 0.244755
v 0.073434 0.148616 0.240176
v 0.090157 0.148660 0.244755
v 0.105931 0.154508 0.238922
v 0.090159 0.154466 0.242854
v 0.106910 0.148706 0.240532
v 0.090172 0.157368 0.238253
v 0.103574 0.157405 0.234896
v 0.101224 0.154495 0.230871
v 0.090191 0.154466 0.233654
v 0.100254 0.148689 0.229161
v 0.090202 0.148660 0.231753
v 0.090202 0.141405 0.233655
v 0.101235 0.141435 0.230871
v 0.090188 0.138503 0.238254
v 0.103591 0.138538 0.234896
v 0.105942 0.141446 0.238921
v 0.090170 0.141405 0.242855
v 0.090157 0.148660 0.244755
v 0.106910 0.148706 0.240532
v -0.063483 0.280385 -0.071116
v 0.000334 0.324115 -0.067836
v -0.061488 0.276027 -0.068495
v -0.000909 0.328464 -0.070449
v -0.086037 0.212075 -0.071357
v -0.051986 0.258638 -0.068394
v -0.049984 0.255730 -0.070972
v -0.088680 0.214970 -0.068784
v 0.259120 0.268173 -0.067676
v 0.197406 0.318824 -0.065735
v 0.198830 0.323193 -0.068319
v 0.256877 0.265265 -0.065101
v -0.086790 0.212075 0.147058
v -0.104398 0.169921 0.183075
v -0.086915 0.212075 0.183261
v -0.120077 0.132125 0.146702
v -0.120202 0.132125 0.182906
v -0.120077 0.132125 0.146702
v -0.125073 0.111784 0.182854
v -0.137528 0.059485 0.146517
v -0.137653 0.059485 0.182720
v -0.138690 -0.002953 0.146504
v -0.137528 0.059485 0.146517
v -0.138706 -0.002953 0.151105
v -0.138364 0.021731 0.182713
v -0.138638 0.005755 0.175709
v -0.138453 0.017377 0.182712
v 0.321423 0.043285 0.151409
v 0.309378 0.112943 0.148682
v 0.306238 0.111482 0.151248
v 0.324745 0.043293 0.148846
v -0.119323 0.132125 -0.071711
v -0.086037 0.212075 -0.071357
v -0.103405 0.169921 -0.104746
v -0.085922 0.212075 -0.104560
v -0.119209 0.132125 -0.104915
v -0.124080 0.111784 -0.104967
v -0.119323 0.132125 -0.071711
v -0.136774 0.059485 -0.071897
v -0.136660 0.059485 -0.105101
v -0.137371 0.021731 -0.105108
v -0.136774 0.059485 -0.071897
v -0.137692 0.005755 -0.098111
v -0.137460 0.017377 -0.105110
v -0.137931 -0.002953 -0.073511
v -0.137936 -0.002953 -0.071910
v 0.046417 0.147094 0.179082
v 0.066590 0.129720 0.208899
v 0.062938 0.147138 0.208860
v 0.052306 0.118074 0.179145
v -0.123126 0.133568 0.144070
v -0.137528 0.059485 0.146517
v -0.120077 0.132125 0.146702
v -0.140819 0.059477 0.143882
v -0.138364 0.021731 0.182713
v 0.321315 0.022957 0.187614
v 0.321297 0.043285 0.187614
v 0.321319 0.018603 0.187614
v 0.306113 0.111482 0.187452
v -0.138453 0.017377 0.182712
v -0.137653 0.059485 0.182720
v 0.321352 0.006982 0.180613
v -0.125073 0.111784 0.182854
v -0.138638 0.005755 0.175709
v 0.321445 -0.001725 0.156011
v -0.138706 -0.002953 0.151105
v 0.305585 0.112932 0.187447
v -0.120202 0.132125 0.182906
v -0.104398 0.169921 0.183075
v 0.287532 0.170966 0.187254
v -0.086915 0.212075 0.183261
v 0.283995 0.182578 0.187216
v -0.073406 0.228085 0.183405
v 0.254284 0.228958 0.186899
v -0.050862 0.255730 0.183645
v 0.244014 0.244906 0.186790
v -0.008932 0.289240 0.184093
v 0.194966 0.289784 0.186267
v 0.004642 0.299446 0.184237
v 0.187764 0.295570 0.186190
v 0.128700 0.317191 0.185561
v 0.069232 0.319946 0.184927
v 0.133964 0.147327 0.180016
v 0.117237 0.147283 0.209439
v 0.113615 0.129846 0.209400
v 0.128124 0.118276 0.179953
v 0.188641 0.295570 -0.068428
v 0.247126 0.247814 -0.065204
v 0.244893 0.244906 -0.067828
v 0.190049 0.299939 -0.065813
v 0.125092 0.005005 -0.006599
v 0.134756 -0.304241 0.020508
v 0.118608 -0.304285 0.004632
v 0.146133 0.005062 0.014128
v -0.103111 0.223649 -0.068939
v -0.063483 0.280385 -0.071116
v -0.061488 0.276027 -0.068495
v -0.105753 0.226545 -0.071566
v 0.061222 0.148583 0.228144
v 0.062919 0.154393 0.227262
v 0.074415 0.154424 0.238586
v 0.067025 0.157306 0.225007
v 0.076794 0.157333 0.234611
v 0.071135 0.154415 0.222750
v 0.079177 0.154437 0.230636
v 0.072842 0.148614 0.221767
v 0.071146 0.141354 0.222751
v 0.079189 0.141376 0.230637
v 0.076811 0.138468 0.234610
v 0.067041 0.138441 0.225007
v 0.074426 0.141363 0.238585
v 0.062931 0.141332 0.227262
v 0.061222 0.148583 0.228144
v 0.005520 0.299446 -0.070381
v -0.049984 0.255730 -0.070972
v -0.051986 0.258638 -0.068394
v 0.004244 0.303798 -0.067794
v 0.058084 -0.304445 0.019690
v 0.046230 0.004796 0.013063
v 0.067412 0.004851 -0.007214
v 0.074341 -0.304403 0.004160
v 0.284120 0.182578 0.151012
v 0.309378 0.112943 0.148682
v 0.286995 0.184036 0.148443
v 0.306238 0.111482 0.151248
v 0.119206 0.148739 0.228763
v 0.117515 0.141477 0.227844
v 0.105942 0.141446 0.238921
v 0.103591 0.138538 0.234896
v 0.113426 0.138564 0.225501
v 0.109332 0.141455 0.223157
v 0.101235 0.141435 0.230871
v 0.107631 0.148709 0.222138
v 0.109321 0.154517 0.223157
v 0.101224 0.154495 0.230871
v 0.103574 0.157405 0.234896
v 0.113410 0.157429 0.225501
v 0.117505 0.154539 0.227843
v 0.105931 0.154508 0.238922
v 0.119206 0.148739 0.228763
v 0.062938 0.147138 0.208860
v 0.090088 0.147210 0.209150
v 0.066561 0.166023 0.208898
v 0.076487 0.179121 0.209004
v 0.066590 0.129720 0.208899
v 0.076539 0.116677 0.209004
v 0.090057 0.183513 0.209149
v 0.090119 0.110908 0.209150
v 0.103689 0.116749 0.209294
v 0.113615 0.129846 0.209400
v 0.117237 0.147283 0.209439
v 0.113584 0.166148 0.209400
v 0.103637 0.179194 0.209294
v 0.076539 0.116677 0.209004
v 0.090239 0.089128 0.179550
v 0.068347 0.096327 0.179317
v 0.103689 0.116749 0.209294
v 0.112120 0.096443 0.179783
v 0.103637 0.179194 0.209294
v 0.090141 0.205290 0.179548
v 0.112034 0.198094 0.179782
v 0.076487 0.179121 0.209004
v 0.068261 0.197975 0.179316
v 0.134756 -0.304241 0.020508
v 0.119335 -1.162421 0.004640
v 0.118608 -0.304285 0.004632
v 0.135483 -1.162377 0.020515
v 0.097221 -1.162480 -0.001296
v 0.096494 -0.304344 -0.001303
v 0.075068 -1.162538 0.004168
v 0.074341 -0.304403 0.004160
v 0.058811 -1.162582 0.019698
v 0.058084 -0.304445 0.019690
v 0.096278 0.004928 -0.014407
v 0.074341 -0.304403 0.004160
v 0.067412 0.004851 -0.007214
v 0.118608 -0.304285 0.004632
v 0.125092 0.005005 -0.006599
v -0.160335 0.062328 0.182479
v -0.148795 0.111722 0.182602
v -0.184622 0.111625 0.182219
v -0.171757 0.169741 0.182357
v -0.184546 0.021608 0.182220
v -0.141480 0.142238 0.182679
v -0.161106 0.021670 0.182470
v -0.130335 0.169853 0.182798
v -0.161195 0.017316 0.182469
v -0.149808 0.227882 0.182590
v -0.184543 0.017254 0.182220
v -0.106631 0.226545 0.183051
v -0.161380 0.005695 0.175467
v -0.105765 0.227999 0.183060
v -0.184508 0.005634 0.175220
v -0.161448 -0.003012 0.150862
v -0.184417 -0.003074 0.150618
v -0.104994 0.288985 0.183069
v -0.064362 0.280385 0.183502
v -0.052714 0.289124 0.183626
v -0.055921 0.335577 0.183592
v -0.001788 0.328464 0.184169
v 0.020884 0.335781 0.184410
v -0.006313 0.377817 0.184120
v 0.259120 0.268173 -0.067676
v 0.303593 0.200052 -0.067202
v 0.300729 0.197131 -0.064632
v 0.256877 0.265265 -0.065101
v 0.321423 0.043285 0.151409
v 0.321352 0.006982 0.180613
v 0.321445 -0.001725 0.156011
v 0.321460 -0.001725 0.151410
v 0.321315 0.022957 0.187614
v 0.321319 0.018603 0.187614
v 0.321297 0.043285 0.187614
v 0.306238 0.111482 0.151248
v 0.321423 0.043285 0.151409
v 0.306113 0.111482 0.187452
v 0.306238 0.111482 0.151248
v 0.305585 0.112932 0.187447
v 0.287532 0.170966 0.187254
v 0.284120 0.182578 0.151012
v 0.283995 0.182578 0.187216
v 0.284120 0.182578 0.151012
v 0.254284 0.228958 0.186899
v 0.244140 0.244906 0.150586
v 0.244014 0.244906 0.186790
v 0.322307 0.022957 -0.100207
v 0.322290 0.043285 -0.100208
v 0.322175 0.043285 -0.067004
v 0.322296 0.006982 -0.093206
v 0.322311 0.018603 -0.100207
v 0.322220 -0.001725 -0.068604
v 0.322213 -0.001725 -0.067004
v 0.307106 0.111482 -0.100369
v 0.322175 0.043285 -0.067004
v 0.306992 0.111482 -0.067166
v 0.306577 0.112932 -0.100375
v 0.306992 0.111482 -0.067166
v 0.284873 0.182578 -0.067402
v 0.288525 0.170966 -0.100568
v 0.284987 0.182578 -0.100605
v 0.255277 0.228958 -0.100922
v 0.284873 0.182578 -0.067402
v 0.244893 0.244906 -0.067828
v 0.245007 0.244906 -0.101032
v 0.062801 0.348964 0.184858
v 0.121879 0.408654 0.185487
v 0.068615 0.408513 0.184920
v 0.196859 0.378358 0.186287
v 0.130954 0.347694 0.185584
v 0.161921 0.336157 0.185915
v 0.246538 0.336382 0.186817
v 0.197952 0.323193 0.186298
v 0.235049 0.289891 0.186694
v 0.295692 0.290052 0.187340
v 0.258241 0.268173 0.186941
v 0.340607 0.229189 0.187820
v 0.283813 0.229037 0.187214
v 0.302714 0.200052 0.187415
v 0.362655 0.171166 0.188055
v 0.311790 0.171030 0.187512
v 0.327914 0.120260 0.187684
v 0.375619 0.113119 0.188193
v 0.329414 0.112996 0.187700
v 0.344103 0.043344 0.187857
v 0.375696 0.023100 0.188194
v 0.344120 0.023016 0.187858
v 0.344124 0.018662 0.187857
v 0.375698 0.018748 0.188194
v 0.344159 0.007042 0.180856
v 0.375733 0.007125 0.181194
v 0.344250 -0.001666 0.156255
v 0.375825 -0.001580 0.156591
v -0.086790 0.212075 0.147058
v -0.123126 0.133568 0.144070
v -0.120077 0.132125 0.146702
v -0.089415 0.214970 0.144430
v 0.188641 0.295570 -0.068428
v 0.130072 0.321558 -0.066452
v 0.190049 0.299939 -0.065813
v 0.129578 0.317191 -0.069058
v 0.070109 0.319946 -0.069692
v 0.069769 0.324299 -0.067096
v 0.005520 0.299446 -0.070381
v 0.004244 0.303798 -0.067794
v 0.131079 0.347694 0.149381
v 0.196672 0.318824 0.147479
v 0.198077 0.323193 0.150095
v 0.130608 0.343340 0.146775
v 0.062926 0.348964 0.148653
v 0.063294 0.344612 0.146057
v 0.062926 0.348964 0.148653
v -0.000401 0.324115 0.145378
v -0.001663 0.328464 0.147965
v 0.152704 -1.149258 0.017298
v 0.147011 -1.163798 -0.006165
v 0.145810 -1.146376 -0.004978
v 0.153731 -1.166682 0.016707
v 0.163452 -1.335095 0.011112
v 0.158369 -1.333647 -0.016847
v 0.164140 -1.346704 0.010718
v 0.159172 -1.345265 -0.017638
v 0.153255 -1.367061 0.010602
v 0.145088 -1.371436 -0.017788
v 0.153555 -1.166682 0.067813
v 0.163452 -1.335095 0.011112
v 0.153731 -1.166682 0.016707
v 0.152532 -1.149258 0.067201
v 0.152704 -1.149258 0.017298
v 0.163237 -1.335095 0.073616
v 0.164140 -1.346704 0.010718
v 0.163922 -1.346704 0.074023
v 0.153255 -1.367061 0.010602
v 0.153037 -1.367061 0.073907
v 0.108080 0.182109 0.228345
v 0.095970 0.170456 0.226115
v 0.108093 0.174842 0.226244
v 0.093354 0.176253 0.228187
v 0.090752 0.182063 0.226060
v 0.108083 0.187913 0.226244
v 0.108097 0.190817 0.221245
v 0.089688 0.184962 0.221049
v 0.125421 0.182155 0.226429
v 0.108083 0.187913 0.226244
v 0.108080 0.182109 0.228345
v 0.122816 0.176332 0.228501
v 0.120224 0.170519 0.226373
v 0.108093 0.174842 0.226244
v 0.108113 0.171938 0.221244
v -0.103111 0.223649 -0.068939
v -0.137545 0.140795 -0.069306
v -0.140601 0.142238 -0.071939
v -0.105753 0.226545 -0.071566
v 0.039574 -1.169890 0.015490
v 0.036474 -1.333973 -0.018146
v 0.029527 -1.333990 0.009684
v 0.028816 -1.345613 0.009275
v 0.047470 -1.164062 -0.007226
v 0.035696 -1.345595 -0.018953
v 0.038119 -1.367366 0.009374
v 0.049825 -1.371690 -0.018803
v 0.040636 -1.151010 0.016103
v 0.048634 -1.146634 -0.006014
v 0.039574 -1.169890 0.015490
v 0.056794 0.148572 0.211896
v 0.062931 0.141332 0.227262
v 0.058762 0.141321 0.211917
v 0.067041 0.138441 0.225007
v 0.063499 0.138432 0.211967
v 0.068229 0.141347 0.212018
v 0.071146 0.141354 0.222751
v 0.070184 0.148607 0.212038
v 0.068218 0.154407 0.212018
v 0.071135 0.154415 0.222750
v 0.067025 0.157306 0.225007
v 0.063483 0.157297 0.211967
v 0.058751 0.154382 0.211917
v 0.062919 0.154393 0.227262
v 0.056794 0.148572 0.211896
v 0.286995 0.184036 0.148443
v 0.246391 0.247814 0.148010
v 0.284120 0.182578 0.151012
v 0.244140 0.244906 0.150586
v 0.134608 -0.304241 0.063510
v 0.141339 -1.162362 0.042079
v 0.140612 -0.304225 0.042072
v 0.135335 -1.162377 0.063517
v 0.135483 -1.162377 0.020515
v 0.134756 -0.304241 0.020508
v 0.153763 0.005082 0.042212
v 0.134756 -0.304241 0.020508
v 0.146133 0.005062 0.014128
v 0.134608 -0.304241 0.063510
v 0.145940 0.005062 0.070131
v 0.123746 0.148750 0.212610
v 0.117505 0.154539 0.227843
v 0.121779 0.154550 0.212589
v 0.113410 0.157429 0.225501
v 0.117042 0.157440 0.212539
v 0.109321 0.154517 0.223157
v 0.112312 0.154525 0.212488
v 0.110355 0.148715 0.212467
v 0.112322 0.141464 0.212488
v 0.109332 0.141455 0.223157
v 0.117059 0.138573 0.212538
v 0.113426 0.138564 0.225501
v 0.121791 0.141488 0.212589
v 0.117515 0.141477 0.227844
v 0.123746 0.148750 0.212610
v 0.052081 -0.304461 0.041128
v 0.058663 -1.162582 0.062700
v 0.057937 -0.304445 0.062692
v 0.052807 -1.162597 0.041135
v 0.058084 -0.304445 0.019690
v 0.058811 -1.162582 0.019698
v 0.038405 0.004774 0.040982
v 0.058084 -0.304445 0.019690
v 0.046230 0.004796 0.013063
v 0.057937 -0.304445 0.062692
v 0.046037 0.004796 0.069066
v 0.300729 0.197131 -0.064632
v 0.328793 0.120260 -0.066933
v 0.325646 0.118800 -0.064367
v 0.303593 0.200052 -0.067202
v 0.146677 -1.163798 0.090540
v 0.163237 -1.335095 0.073616
v 0.153555 -1.166682 0.067813
v 0.152532 -1.149258 0.067201
v 0.145485 -1.146376 0.089328
v 0.157962 -1.333647 0.101463
v 0.163922 -1.346704 0.074023
v 0.158759 -1.345265 0.102271
v 0.153037 -1.367061 0.073907
v 0.144674 -1.371436 0.102121
v 0.340923 0.041883 0.149017
v 0.324784 -0.001716 0.148846
v 0.340960 -0.001675 0.149018
v 0.344267 -0.001666 0.151654
v 0.344228 0.043344 0.151653
v 0.324745 0.043293 0.148846
v 0.321423 0.043285 0.151409
v 0.321460 -0.001725 0.151410
v 0.324912 0.118800 0.148847
v 0.309378 0.112943 0.148682
v 0.286995 0.184036 0.148443
v 0.299993 0.197131 0.148582
v 0.246391 0.247814 0.148010
v 0.256143 0.265265 0.148114
v 0.189313 0.299939 0.147401
v 0.196672 0.318824 0.147479
v 0.130608 0.343340 0.146775
v 0.129337 0.321558 0.146762
v 0.069033 0.324299 0.146119
v 0.063294 0.344612 0.146057
v 0.003509 0.303798 0.145421
v -0.000401 0.324115 0.145378
v -0.062223 0.276027 0.144720
v -0.052721 0.258638 0.144820
v -0.089415 0.214970 0.144430
v -0.103847 0.223649 0.144275
v -0.123126 0.133568 0.144070
v -0.138281 0.140795 0.143909
v -0.140819 0.059477 0.143882
v -0.156899 0.060885 0.143709
v -0.158032 0.001350 0.143698
v -0.141963 -0.001510 0.143869
v -0.062223 0.276027 0.144720
v -0.000401 0.324115 0.145378
v -0.064236 0.280385 0.147298
v -0.001663 0.328464 0.147965
v 0.235049 0.289891 0.186694
v 0.197952 0.323193 0.186298
v 0.198077 0.323193 0.150095
v 0.258367 0.268173 0.150738
v 0.258241 0.268173 0.186941
v 0.161921 0.336157 0.185915
v 0.198077 0.323193 0.150095
v 0.131079 0.347694 0.149381
v 0.130954 0.347694 0.185584
v 0.062801 0.348964 0.184858
v 0.131079 0.347694 0.149381
v 0.062926 0.348964 0.148653
v 0.039397 -1.169890 0.066596
v 0.029527 -1.333990 0.009684
v 0.029310 -1.333990 0.072187
v 0.028597 -1.345613 0.072580
v 0.039574 -1.169890 0.015490
v 0.040636 -1.151010 0.016103
v 0.040463 -1.151010 0.066006
v 0.028816 -1.345613 0.009275
v 0.037900 -1.367366 0.072679
v 0.038119 -1.367366 0.009374
v 0.223207 6.697546 0.104059
v 0.349654 0.062235 0.143211
v 0.360366 0.062264 0.143325
v 0.368623 0.066640 0.139012
v 0.223207 6.697546 0.104059
v 0.229678 6.697561 0.101328
v 0.361992 6.700817 0.044633
v 0.073985 7.067403 0.081365
v 0.073258 7.314238 0.040753
v 0.209220 6.697508 0.103910
v 0.537462 0.167277 0.048604
v 0.229678 6.697561 0.101328
v 0.361992 6.700817 0.044633
v 0.550303 0.176019 0.044239
v 0.361992 6.700817 0.044633
v 0.371775 6.700843 0.042036
v 0.073258 7.314238 0.040753
v 0.073199 7.333114 0.038353
v -0.053729 6.696806 0.101107
v -0.186770 0.060805 0.137491
v -0.061925 6.696784 0.101020
v -0.193901 0.060786 0.137416
v 0.076076 7.036922 0.084289
v 0.071580 7.048520 0.083640
v 0.078662 7.044184 0.084015
v 0.074020 7.055793 0.083367
v -0.061925 6.696784 0.101020
v -0.202106 0.065117 0.132927
v -0.068612 6.696766 0.098148
v 0.073985 7.067403 0.081365
v -0.205333 6.699303 0.038683
v 0.073258 7.314238 0.040753
v -0.068612 6.696766 0.098148
v -0.369878 0.164859 0.039130
v -0.205333 6.699303 0.038683
v -0.205333 6.699303 0.038683
v -0.383332 0.173529 0.034284
v -0.215852 6.699277 0.035771
v 0.073258 7.314238 0.040753
v 0.073199 7.333114 0.038353
v 0.131946 0.347694 -0.102238
v 0.063678 0.348964 -0.069760
v 0.063793 0.348964 -0.102964
v 0.131832 0.347694 -0.069034
v 0.063678 0.348964 -0.069760
v 0.021876 0.335781 -0.103410
v -0.000909 0.328464 -0.070449
v -0.000795 0.328464 -0.103652
v -0.000909 0.328464 -0.070449
v -0.051721 0.289124 -0.104196
v -0.063483 0.280385 -0.071116
v -0.063369 0.280385 -0.104319
v -0.063483 0.280385 -0.071116
v -0.104773 0.227999 -0.104761
v -0.105753 0.226545 -0.071566
v -0.105638 0.226545 -0.104770
v 0.258367 0.268173 0.150738
v 0.196672 0.318824 0.147479
v 0.256143 0.265265 0.148114
v 0.198077 0.323193 0.150095
v -0.086790 0.212075 0.147058
v -0.052721 0.258638 0.144820
v -0.089415 0.214970 0.144430
v -0.050737 0.255730 0.147442
v -0.001663 0.328464 0.147965
v 0.020884 0.335781 0.184410
v -0.001788 0.328464 0.184169
v 0.062926 0.348964 0.148653
v 0.062801 0.348964 0.184858
v -0.052714 0.289124 0.183626
v -0.001663 0.328464 0.147965
v -0.064236 0.280385 0.147298
v -0.064362 0.280385 0.183502
v 0.134608 -0.304241 0.063510
v 0.145940 0.005062 0.070131
v 0.124756 0.005005 0.090507
v 0.118350 -0.304285 0.079139
v 0.036066 -1.333973 0.100163
v 0.039397 -1.169890 0.066596
v 0.029310 -1.333990 0.072187
v 0.047137 -1.164062 0.089479
v 0.028597 -1.345613 0.072580
v 0.035283 -1.345595 0.100955
v 0.035283 -1.345595 0.100955
v 0.037900 -1.367366 0.072679
v 0.049412 -1.371690 0.101105
v 0.040463 -1.151010 0.066006
v 0.039397 -1.169890 0.066596
v 0.048309 -1.146634 0.088292
v 0.066561 0.166023 0.208898
v 0.052257 0.176143 0.179145
v 0.046417 0.147094 0.179082
v 0.062938 0.147138 0.208860
v -0.140601 0.142238 -0.071939
v -0.156164 0.060885 -0.069505
v -0.159457 0.062328 -0.072140
v -0.137545 0.140795 -0.069306
v 0.067077 0.004851 0.089892
v 0.057937 -0.304445 0.062692
v 0.074085 -0.304403 0.078667
v 0.046037 0.004796 0.069066
v 0.259120 0.268173 -0.067676
v 0.236041 0.289891 -0.101128
v 0.259234 0.268173 -0.100880
v 0.198830 0.323193 -0.068319
v 0.198946 0.323193 -0.101523
v 0.198830 0.323193 -0.068319
v 0.162914 0.336157 -0.101907
v 0.131832 0.347694 -0.069034
v 0.131946 0.347694 -0.102238
v 0.328793 0.120260 -0.066933
v 0.341659 0.041883 -0.064197
v 0.325646 0.118800 -0.064367
v 0.344982 0.043344 -0.066762
v 0.113584 0.166148 0.209400
v 0.133964 0.147327 0.180016
v 0.128075 0.176345 0.179953
v 0.117237 0.147283 0.209439
v 0.246391 0.247814 0.148010
v 0.187888 0.295570 0.149986
v 0.244140 0.244906 0.150586
v 0.189313 0.299939 0.147401
v -0.064236 0.280385 0.147298
v -0.103847 0.223649 0.144275
v -0.062223 0.276027 0.144720
v -0.106507 0.226545 0.146847
v 0.004767 0.299446 0.148034
v -0.052721 0.258638 0.144820
v -0.050737 0.255730 0.147442
v 0.003509 0.303798 0.145421
v 0.145810 -1.146376 -0.004978
v 0.047470 -1.164062 -0.007226
v 0.048634 -1.146634 -0.006014
v 0.147011 -1.163798 -0.006165
v 0.036474 -1.333973 -0.018146
v 0.158369 -1.333647 -0.016847
v 0.159172 -1.345265 -0.017638
v 0.035696 -1.345595 -0.018953
v 0.049825 -1.371690 -0.018803
v 0.145088 -1.371436 -0.017788
v 0.296684 0.290052 -0.100480
v 0.246538 0.336382 0.186817
v 0.295692 0.290052 0.187340
v 0.247532 0.336382 -0.101005
v 0.196859 0.378358 0.186287
v 0.197852 0.378358 -0.101534
v 0.121879 0.408654 0.185487
v 0.122872 0.408654 -0.102334
v 0.302840 0.200052 0.151212
v 0.258367 0.268173 0.150738
v 0.299993 0.197131 0.148582
v 0.256143 0.265265 0.148114
v 0.061336 0.148583 0.195643
v 0.063025 0.154393 0.196560
v 0.058751 0.154382 0.211917
v 0.067114 0.157306 0.198905
v 0.063483 0.157297 0.211967
v 0.068218 0.154407 0.212018
v 0.071209 0.154415 0.201247
v 0.072909 0.148614 0.202267
v 0.068229 0.141347 0.212018
v 0.071220 0.141354 0.201247
v 0.067130 0.138441 0.198905
v 0.063499 0.138432 0.211967
v 0.058762 0.141321 0.211917
v 0.063036 0.141332 0.196561
v 0.061336 0.148583 0.195643
v 0.122872 0.408654 -0.102334
v 0.068615 0.408513 0.184920
v 0.121879 0.408654 0.185487
v 0.069608 0.408513 -0.102902
v -0.006313 0.377817 0.184120
v -0.005320 0.377817 -0.103700
v -0.055921 0.335577 0.183592
v -0.054928 0.335577 -0.104230
v -0.104994 0.288985 0.183069
v -0.104001 0.288985 -0.104753
v 0.119317 0.148739 0.196261
v 0.117622 0.141477 0.197143
v 0.121791 0.141488 0.212589
v 0.113516 0.138564 0.199400
v 0.117059 0.138573 0.212538
v 0.109406 0.141455 0.201655
v 0.112322 0.141464 0.212488
v 0.107698 0.148709 0.202638
v 0.112312 0.154525 0.212488
v 0.109395 0.154517 0.201654
v 0.117042 0.157440 0.212539
v 0.113500 0.157429 0.199400
v 0.121779 0.154550 0.212589
v 0.117610 0.154539 0.197143
v 0.119317 0.148739 0.196261
v 0.128826 0.317191 0.149356
v 0.187888 0.295570 0.149986
v 0.129337 0.321558 0.146762
v 0.189313 0.299939 0.147401
v 0.069356 0.319946 0.148722
v 0.069033 0.324299 0.146119
v 0.004767 0.299446 0.148034
v 0.003509 0.303798 0.145421
v 0.096199 -0.304344 0.084602
v 0.119077 -1.162421 0.079146
v 0.118350 -0.304285 0.079139
v 0.135335 -1.162377 0.063517
v 0.134608 -0.304241 0.063510
v 0.096925 -1.162480 0.084609
v 0.074085 -0.304403 0.078667
v 0.074811 -1.162538 0.078674
v 0.057937 -0.304445 0.062692
v 0.058663 -1.162582 0.062700
v 0.095892 0.004928 0.097700
v 0.118350 -0.304285 0.079139
v 0.124756 0.005005 0.090507
v 0.074085 -0.304403 0.078667
v 0.067077 0.004851 0.089892
v -0.159457 0.062328 -0.072140
v -0.160662 -0.003012 -0.072053
v -0.160680 -0.003012 -0.072152
v -0.156164 0.060885 -0.069505
v -0.160402 -0.003012 -0.071850
v -0.157298 0.001350 -0.069517
v -0.106507 0.226545 0.146847
v -0.141354 0.142238 0.146476
v -0.103847 0.223649 0.144275
v -0.138281 0.140795 0.143909
v 0.328040 0.120260 0.151481
v 0.299993 0.197131 0.148582
v 0.324912 0.118800 0.148847
v 0.302840 0.200052 0.151212
v 0.068261 0.197975 0.179316
v 0.066561 0.166023 0.208898
v 0.076487 0.179121 0.209004
v 0.052257 0.176143 0.179145
v 0.244140 0.244906 0.150586
v 0.194966 0.289784 0.186267
v 0.244014 0.244906 0.186790
v 0.187888 0.295570 0.149986
v 0.187764 0.295570 0.186190
v 0.128826 0.317191 0.149356
v 0.128700 0.317191 0.185561
v 0.187888 0.295570 0.149986
v 0.188641 0.295570 -0.068428
v 0.195958 0.289784 -0.101555
v 0.188756 0.295570 -0.101631
v 0.244893 0.244906 -0.067828
v 0.245007 0.244906 -0.101032
v 0.129693 0.317191 -0.102261
v 0.188641 0.295570 -0.068428
v 0.129578 0.317191 -0.069058
v 0.113584 0.166148 0.209400
v 0.128075 0.176345 0.179953
v 0.112034 0.198094 0.179782
v 0.103637 0.179194 0.209294
v -0.141354 0.142238 0.146476
v -0.156899 0.060885 0.143709
v -0.138281 0.140795 0.143909
v -0.160209 0.062328 0.146274
v 0.344228 0.043344 0.151653
v 0.328040 0.120260 0.151481
v 0.340923 0.041883 0.149017
v 0.324912 0.118800 0.148847
v 0.128700 0.317191 0.185561
v 0.128826 0.317191 0.149356
v 0.069356 0.319946 0.148722
v 0.069232 0.319946 0.184927
v 0.069356 0.319946 0.148722
v 0.004767 0.299446 0.148034
v 0.004642 0.299446 0.184237
v 0.004767 0.299446 0.148034
v -0.008932 0.289240 0.184093
v -0.050737 0.255730 0.147442
v -0.050862 0.255730 0.183645
v -0.050737 0.255730 0.147442
v -0.073406 0.228085 0.183405
v -0.086790 0.212075 0.147058
v -0.086915 0.212075 0.183261
v 0.129693 0.317191 -0.102261
v 0.070224 0.319946 -0.102895
v 0.129578 0.317191 -0.069058
v 0.070109 0.319946 -0.069692
v 0.005636 0.299446 -0.103583
v 0.070109 0.319946 -0.069692
v 0.005520 0.299446 -0.070381
v -0.007938 0.289240 -0.103728
v 0.005520 0.299446 -0.070381
v -0.049984 0.255730 -0.070972
v -0.049870 0.255730 -0.104176
v -0.072414 0.228085 -0.104416
v -0.049984 0.255730 -0.070972
v -0.086037 0.212075 -0.071357
v -0.085922 0.212075 -0.104560
v 0.090893 0.057193 0.215960
v 0.108218 0.048521 0.221246
v 0.089798 0.055728 0.221049
v 0.108233 0.051422 0.216145
v 0.108234 0.058691 0.214045
v 0.093498 0.064455 0.213888
v 0.108221 0.065947 0.216145
v 0.096090 0.070268 0.216015
v -0.140329 -0.002959 -0.070036
v -0.157298 0.001350 -0.069517
v -0.141228 -0.001510 -0.069345
v -0.160402 -0.003012 -0.071850
v 0.096090 0.070268 0.216015
v 0.087202 0.081864 0.215921
v 0.093498 0.064455 0.213888
v 0.082703 0.077499 0.213772
v 0.078188 0.074573 0.215825
v 0.090893 0.057193 0.215960
v 0.076303 0.073117 0.220905
v 0.071335 0.115211 0.220853
v 0.078188 0.074573 0.215825
v 0.073509 0.115216 0.215774
v 0.073509 0.115216 0.215774
v 0.082703 0.077499 0.213772
v 0.078724 0.115231 0.213730
v 0.078724 0.115231 0.213730
v 0.087202 0.081864 0.215921
v 0.083925 0.115244 0.215886
v 0.078113 0.164604 0.215824
v 0.073509 0.115216 0.215774
v 0.076225 0.166049 0.220904
v 0.082632 0.161713 0.213772
v 0.073509 0.115216 0.215774
v 0.078724 0.115231 0.213730
v 0.087138 0.158822 0.215921
v 0.082632 0.161713 0.213772
v 0.083925 0.115244 0.215886
v 0.089688 0.184962 0.221049
v 0.078113 0.164604 0.215824
v 0.090787 0.182063 0.215960
v 0.082632 0.161713 0.213772
v 0.093403 0.176253 0.213887
v 0.096005 0.170456 0.216015
v 0.087138 0.158822 0.215921
v 0.097069 0.167556 0.221127
v 0.088989 0.157366 0.221041
v 0.087138 0.158822 0.215921
v 0.086065 0.115251 0.221009
v 0.083890 0.115244 0.225986
v 0.087103 0.158822 0.226021
v 0.087103 0.158822 0.226021
v 0.087103 0.158822 0.226021
v 0.078675 0.115231 0.228030
v 0.082583 0.161713 0.228073
v 0.082583 0.161713 0.228073
v 0.073474 0.115216 0.225875
v 0.078078 0.164604 0.225924
v 0.095970 0.170456 0.226115
v 0.082583 0.161713 0.228073
v 0.093354 0.176253 0.228187
v 0.090752 0.182063 0.226060
v 0.078078 0.164604 0.225924
v 0.076225 0.166049 0.220904
v 0.071335 0.115211 0.220853
v 0.073474 0.115216 0.225875
v 0.078154 0.074573 0.225925
v 0.073474 0.115216 0.225875
v 0.082654 0.077499 0.228073
v 0.073474 0.115216 0.225875
v 0.078675 0.115231 0.228030
v 0.087167 0.081864 0.226021
v 0.078675 0.115231 0.228030
v 0.083890 0.115244 0.225986
v 0.083890 0.115244 0.225986
v 0.083925 0.115244 0.215886
v 0.047137 -1.164062 0.089479
v 0.157962 -1.333647 0.101463
v 0.146677 -1.163798 0.090540
v 0.048309 -1.146634 0.088292
v 0.145485 -1.146376 0.089328
v 0.036066 -1.333973 0.100163
v 0.158759 -1.345265 0.102271
v 0.035283 -1.345595 0.100955
v 0.144674 -1.371436 0.102121
v 0.049412 -1.371690 0.101105
v 0.108117 0.187913 0.216144
v 0.090787 0.182063 0.215960
v 0.108097 0.190817 0.221245
v 0.108130 0.182109 0.214044
v 0.093403 0.176253 0.213887
v 0.096005 0.170456 0.216015
v 0.108128 0.174842 0.216144
v -0.161153 -0.003012 0.146064
v -0.156899 0.060885 0.143709
v -0.161416 -0.003012 0.146261
v -0.158032 0.001350 0.143698
v -0.160209 0.062328 0.146274
v -0.161433 -0.003012 0.146261
v -0.106507 0.226545 0.146847
v -0.105765 0.227999 0.183060
v -0.106631 0.226545 0.183051
v -0.064236 0.280385 0.147298
v -0.064362 0.280385 0.183502
v -0.130335 0.169853 0.182798
v -0.106507 0.226545 0.146847
v -0.141354 0.142238 0.146476
v -0.141480 0.142238 0.182679
v -0.148795 0.111722 0.182602
v -0.141354 0.142238 0.146476
v -0.160209 0.062328 0.146274
v -0.160335 0.062328 0.182479
v -0.161106 0.021670 0.182470
v -0.160209 0.062328 0.146274
v -0.161380 0.005695 0.175467
v -0.161195 0.017316 0.182469
v -0.161448 -0.003012 0.150862
v -0.161433 -0.003012 0.146261
v 0.344982 0.043344 -0.066762
v 0.345103 0.007042 -0.092964
v 0.345025 -0.001666 -0.068361
v 0.345020 -0.001666 -0.066761
v 0.345113 0.023016 -0.099964
v 0.345117 0.018662 -0.099964
v 0.345096 0.043344 -0.099964
v 0.344982 0.043344 -0.066762
v 0.330406 0.112996 -0.100121
v 0.328793 0.120260 -0.066933
v 0.328907 0.120260 -0.100137
v 0.328793 0.120260 -0.066933
v 0.312784 0.171030 -0.100309
v 0.303593 0.200052 -0.067202
v 0.303707 0.200052 -0.100406
v 0.303593 0.200052 -0.067202
v 0.284806 0.229037 -0.100607
v 0.259120 0.268173 -0.067676
v 0.259234 0.268173 -0.100880
v 0.344267 -0.001666 0.151654
v 0.344103 0.043344 0.187857
v 0.344228 0.043344 0.151653
v 0.344250 -0.001666 0.156255
v 0.344120 0.023016 0.187858
v 0.344159 0.007042 0.180856
v 0.344124 0.018662 0.187857
v 0.329414 0.112996 0.187700
v 0.344228 0.043344 0.151653
v 0.328040 0.120260 0.151481
v 0.327914 0.120260 0.187684
v 0.311790 0.171030 0.187512
v 0.328040 0.120260 0.151481
v 0.302840 0.200052 0.151212
v 0.302714 0.200052 0.187415
v 0.283813 0.229037 0.187214
v 0.302840 0.200052 0.151212
v 0.258367 0.268173 0.150738
v 0.258241 0.268173 0.186941
v -0.105753 0.226545 -0.071566
v -0.129343 0.169853 -0.105023
v -0.105638 0.226545 -0.104770
v -0.140601 0.142238 -0.071939
v -0.140487 0.142238 -0.105141
v -0.140601 0.142238 -0.071939
v -0.147802 0.111722 -0.105220
v -0.159457 0.062328 -0.072140
v -0.159342 0.062328 -0.105343
v -0.160680 -0.003012 -0.072152
v -0.159457 0.062328 -0.072140
v -0.160673 -0.003012 -0.073752
v -0.160113 0.021670 -0.105351
v -0.160436 0.005695 -0.098354
v -0.160203 0.017316 -0.105352
v 0.108128 0.174842 0.216144
v 0.120259 0.170519 0.216273
v 0.108130 0.182109 0.214044
v 0.122866 0.176332 0.214201
v 0.125456 0.182155 0.216329
v 0.108117 0.187913 0.216144
v 0.126515 0.185059 0.221440
v 0.138162 0.164764 0.216464
v 0.125456 0.182155 0.216329
v 0.133661 0.161849 0.214316
v 0.122866 0.176332 0.214201
v -0.158032 0.001350 0.143698
v -0.141071 -0.002959 0.144680
v -0.141963 -0.001510 0.143869
v -0.161153 -0.003012 0.146064
v 0.145810 -1.146376 -0.004978
v 0.048309 -1.146634 0.088292
v 0.145485 -1.146376 0.089328
v 0.152704 -1.149258 0.017298
v 0.152532 -1.149258 0.067201
v 0.048634 -1.146634 -0.006014
v 0.040463 -1.151010 0.066006
v 0.040636 -1.151010 0.016103
vn -0.5101 -0.8540 0.1023
vn -0.5082 -0.8547 -0.1060
vn 0.5313 -0.8439 0.0739
vn -0.7939 -0.6009 0.0931
vn -0.7934 -0.6020 -0.0900
vn 0.5324 -0.8436 -0.0702
vn 0.7863 -0.6144 0.0647
vn 0.7871 -0.6139 -0.0590
vn 0.1582 0.1146 -0.9807
vn 0.3909 0.0967 -0.9153
vn 0.2024 0.0649 -0.9772
vn 0.0008 0.1763 -0.9843
vn 0.0010 0.1257 -0.9921
vn 0.0006 0.1764 -0.9843
vn -0.1382 0.1092 -0.9844
vn -0.3817 0.0909 -0.9198
vn -0.1824 0.0647 -0.9811
vn 0.0009 0.1258 -0.9921
vn 0.1376 0.1148 0.9838
vn -0.0109 0.1764 0.9843
vn -0.0201 0.1257 0.9919
vn 0.3811 0.0968 0.9195
vn 0.1820 0.0650 0.9811
vn -0.1589 0.1090 0.9813
vn -0.3888 0.0901 0.9169
vn -0.2027 0.0645 0.9771
vn -0.0110 0.1763 0.9843
vn -0.0202 0.1257 0.9919
vn -0.9763 0.2166 -0.0033
vn -0.9091 0.4165 -0.0032
vn -0.9996 0.0270 -0.0035
vn 0.9744 0.2248 0.0034
vn 0.9996 0.0287 0.0035
vn 0.9996 0.0286 0.0035
vn 0.9044 0.4266 0.0031
vn 0.0027 -1.0000 -0.0000
vn 0.0027 -1.0000 -0.0001
vn 0.0037 -0.9948 -0.1022
vn 0.0044 -0.9872 -0.1591
vn 0.0027 -1.0000 0.0001
vn 0.0026 -1.0000 0.0001
vn 0.0025 -1.0000 0.0001
vn 0.0026 -1.0000 -0.0000
vn 0.0018 -1.0000 -0.0000
vn 0.0016 -0.9947 0.1024
vn 0.0009 -0.9872 0.1592
vn 0.0044 -0.9873 -0.1591
vn 0.0009 -0.9872 0.1593
vn 0.0035 -0.9968 -0.0798
vn -0.3264 0.0800 -0.9418
vn -0.2813 0.0051 -0.9596
vn -0.2640 0.0644 -0.9624
vn -0.3540 0.0104 -0.9352
vn 0.0008 0.1537 -0.9881
vn 0.0101 0.1258 -0.9920
vn -0.3817 0.0908 -0.9198
vn -0.3541 0.0104 -0.9352
vn -0.4210 0.0155 -0.9069
vn -0.2090 0.0106 -0.9779
vn -0.3264 0.0801 -0.9418
vn 0.0005 0.1764 -0.9843
vn -0.3214 0.1352 -0.9372
vn -0.8957 0.0185 -0.4443
vn -0.3133 0.2734 -0.9094
vn -0.9500 0.0849 -0.3003
vn -0.3083 0.0426 -0.9503
vn 0.2766 -0.9610 0.0009
vn 0.5125 -0.8587 0.0018
vn 0.5126 -0.8586 0.0018
vn 0.5127 -0.8586 0.0018
vn -0.2718 -0.9623 -0.0010
vn -0.2718 -0.9624 -0.0010
vn -0.5088 -0.8609 -0.0017
vn -0.5089 -0.8608 -0.0017
vn 0.0107 -0.0000 -0.9999
vn 0.0110 -0.2645 -0.9643
vn 0.0089 -0.7688 -0.6394
vn 0.0088 -0.7688 -0.6394
vn 0.0037 -0.9947 -0.1025
vn 0.0044 -0.9872 -0.1594
vn 0.0107 0.0001 -0.9999
vn 0.9548 0.0620 -0.2908
vn 0.8644 0.2265 -0.4488
vn 0.3181 0.0804 -0.9447
vn 0.3272 0.0323 -0.9444
vn -0.9501 0.0849 -0.3003
vn -0.2941 0.0949 -0.9510
vn -0.8439 0.2775 -0.4591
vn -0.3084 0.0426 -0.9503
vn 0.0106 -0.0000 -0.9999
vn 0.0107 -0.0002 -0.9999
vn 0.0085 -0.7688 -0.6394
vn 0.0107 -0.0001 -0.9999
vn 0.0035 -0.9968 -0.0799
vn -0.6040 -0.7970 -0.0021
vn -0.3683 -0.4939 -0.7877
vn -0.6216 -0.2286 -0.7492
vn -0.9415 -0.3371 -0.0033
vn -0.6332 -0.2272 0.7399
vn -0.3834 -0.4917 0.7818
vn -0.0106 -0.0000 0.9999
vn -0.0107 -0.0000 0.9999
vn 0.3683 0.4938 0.7877
vn 0.6245 0.2351 0.7448
vn 0.6038 0.7971 0.0022
vn 0.9388 0.3443 0.0032
vn -0.9415 -0.3370 -0.0033
vn -0.7079 0.0044 0.7063
vn -0.6333 -0.2272 0.7398
vn -1.0000 0.0084 -0.0035
vn -0.6979 0.0045 -0.7162
vn -0.6216 -0.2286 -0.7493
vn -0.6333 -0.2270 0.7399
vn 0.6977 -0.0045 0.7163
vn -0.0106 0.0001 0.9999
vn 0.6245 0.2350 0.7448
vn 0.6245 0.2349 0.7449
vn 1.0000 -0.0084 0.0035
vn 0.6979 -0.0044 0.7162
vn 0.6978 -0.0045 0.7162
vn 0.6246 -0.2388 0.7435
vn 1.0000 -0.0085 0.0035
vn 0.9352 -0.3542 0.0032
vn 0.6978 -0.0045 0.7163
vn -0.6369 0.2322 0.7351
vn 0.6246 -0.2389 0.7435
vn 0.6072 -0.7945 0.0021
vn 0.9352 -0.3542 0.0033
vn 0.3707 -0.4928 0.7872
vn -0.6369 0.2323 0.7351
vn -0.3858 0.4908 0.7812
vn -0.9396 0.3423 -0.0032
vn -0.7080 0.0045 0.7062
vn -1.0000 0.0085 -0.0035
vn -0.6978 0.0045 -0.7162
vn -0.6254 0.2338 -0.7444
vn -0.6254 0.2337 -0.7445
vn -0.6977 0.0045 -0.7163
vn 0.7079 -0.0044 -0.7063
vn 0.6361 -0.2372 -0.7342
vn -0.6072 0.7945 -0.0021
vn 0.9389 0.3443 0.0034
vn 1.0000 -0.0085 0.0033
vn 0.6360 0.2334 -0.7355
vn -0.6978 0.0045 -0.7163
vn 0.6071 -0.7946 0.0020
vn 0.6362 -0.2373 -0.7342
vn 0.3858 -0.4908 -0.7812
vn -0.6253 0.2338 -0.7445
vn -0.3707 0.4929 -0.7872
vn 0.3857 -0.4908 -0.7813
vn 0.6070 -0.7947 0.0020
vn 0.0103 -0.5843 -0.8115
vn 0.0070 0.5843 -0.8115
vn -0.3706 0.4929 -0.7872
vn -0.6069 0.7948 -0.0021
vn -0.0027 1.0000 -0.0001
vn -0.0103 0.5843 0.8115
vn -0.3857 0.4908 0.7813
vn 0.3705 -0.4929 0.7872
vn -0.0070 -0.5844 0.8115
vn 0.6070 -0.7947 0.0021
vn 0.0037 -0.9947 -0.1026
vn -0.7909 -0.3416 0.5077
vn -0.2611 -0.3378 0.9043
vn -0.4371 -0.1883 0.8795
vn -0.5066 -0.6566 0.5587
vn 0.7856 -0.3419 0.5156
vn 0.4215 -0.1885 0.8870
vn 0.2444 -0.3382 0.9088
vn 0.4996 -0.6576 0.5638
vn 0.8882 0.3806 -0.2573
vn 0.3180 0.0804 -0.9447
vn 0.8644 0.2266 -0.4488
vn 0.2856 0.1248 -0.9502
vn -0.3399 0.1345 0.9308
vn -0.8888 0.1209 0.4421
vn -0.3272 0.0424 0.9440
vn -0.9590 0.0180 0.2828
vn -0.3313 0.2723 0.9034
vn -0.8078 0.4491 -0.3818
vn -0.8431 0.2806 -0.4587
vn -0.2931 0.0971 -0.9511
vn -0.2401 0.1524 -0.9587
vn -0.0026 1.0000 -0.0001
vn 0.6038 0.7971 0.0021
vn -0.0102 0.5843 0.8115
vn 0.3682 0.4939 0.7877
vn -0.3833 -0.4918 0.7818
vn -0.0072 -0.5844 0.8115
vn -0.6038 -0.7971 -0.0019
vn 1.0000 0.0007 0.0035
vn 1.0000 0.0009 0.0034
vn 0.9941 0.1086 0.0035
vn 1.0000 0.0008 0.0034
vn 0.9583 0.2857 0.0033
vn 1.0000 0.0009 0.0035
vn 0.9583 0.2858 0.0033
vn 1.0000 0.0008 0.0035
vn 0.8796 0.4756 0.0030
vn 0.7529 0.6581 0.0026
vn 0.7529 0.6582 0.0026
vn 0.2023 0.0648 -0.9772
vn 0.4479 0.0162 -0.8939
vn 0.2291 0.0109 -0.9734
vn 0.3909 0.0966 -0.9153
vn 0.0008 0.1764 -0.9843
vn 0.3445 0.0803 -0.9353
vn 0.0009 0.1537 -0.9881
vn 0.4479 0.0162 -0.8940
vn 0.3798 0.0109 -0.9250
vn 0.3445 0.0802 -0.9353
vn 0.3798 0.0110 -0.9250
vn 0.3087 0.0109 -0.9511
vn 0.2915 0.0645 -0.9544
vn 0.0009 0.1536 -0.9881
vn 0.0103 0.1257 -0.9920
vn 0.0106 0.0055 -0.9999
vn 0.2022 0.0648 -0.9772
vn 0.2289 0.0109 -0.9734
vn 0.0106 0.0271 -0.9996
vn 0.0107 0.0057 -0.9999
vn 0.0105 0.0542 -0.9985
vn 0.1580 0.1145 -0.9808
vn -0.1822 0.0647 -0.9811
vn -0.2089 0.0106 -0.9779
vn -0.1381 0.1091 -0.9844
vn -0.1496 -0.8215 -0.5503
vn -0.4297 -0.7914 -0.4349
vn -0.1302 -0.2219 -0.9663
vn -0.0366 -0.2467 -0.9684
vn 0.1303 -0.8290 -0.5439
vn 0.0490 -0.2466 -0.9679
vn 0.1340 -0.2288 -0.9642
vn 0.3895 -0.8099 -0.4385
vn -0.9943 0.1069 -0.0035
vn -1.0000 -0.0008 -0.0034
vn -1.0000 -0.0009 -0.0034
vn -0.9588 0.2839 -0.0033
vn -0.9589 0.2838 -0.0033
vn -0.8808 0.4734 -0.0031
vn -0.8809 0.4734 -0.0030
vn -0.7551 0.6556 -0.0025
vn -1.0000 -0.0008 -0.0035
vn -0.3083 -0.0324 -0.9507
vn 0.3354 0.0003 -0.9421
vn 0.3271 0.0323 -0.9445
vn 0.9548 0.0621 -0.2908
vn 0.9001 0.0008 -0.4357
vn -0.3167 -0.0003 -0.9485
vn -0.8958 -0.0008 -0.4444
vn -0.9640 -0.0863 -0.2514
vn -0.2990 -0.0806 -0.9508
vn 0.3179 0.0803 -0.9447
vn 0.2854 0.1247 -0.9503
vn -0.2660 -0.1306 -0.9551
vn 0.2332 0.1813 -0.9554
vn -0.2045 -0.1822 -0.9618
vn 0.1505 0.2214 -0.9635
vn -0.1303 -0.2219 -0.9663
vn -0.0366 -0.2466 -0.9684
vn 0.0571 0.2464 -0.9675
vn -0.0189 0.2467 -0.9689
vn 0.0489 -0.2465 -0.9679
vn -0.1137 0.2292 -0.9667
vn 0.2069 -0.1979 -0.9581
vn -0.1869 0.1985 -0.9621
vn -0.2400 0.1524 -0.9587
vn 0.2680 -0.1516 -0.9514
vn -0.2930 0.0971 -0.9512
vn 0.3119 -0.0967 -0.9452
vn 0.4376 -0.0311 -0.8986
vn 0.2602 0.1642 -0.9515
vn -0.9344 -0.3562 -0.0032
vn -0.6040 -0.7970 -0.0019
vn -0.6352 -0.2385 0.7346
vn -0.3835 -0.4917 0.7818
vn 0.9388 0.3443 0.0033
vn 0.6040 0.7970 0.0022
vn 0.2333 0.1813 -0.9554
vn 0.8882 0.3805 -0.2573
vn 0.6715 0.5549 -0.4911
vn -0.4012 -0.5985 0.6935
vn -0.4958 -0.0004 0.8685
vn -0.0071 -0.5928 0.8053
vn 0.4039 -0.5973 -0.6929
vn 0.0103 -0.5929 -0.8052
vn 0.4957 0.0004 -0.8685
vn 0.0108 -0.0000 -0.9999
vn 0.0071 0.5929 -0.8053
vn 0.4012 0.5985 -0.6934
vn -0.0027 1.0000 -0.0000
vn -0.0027 1.0000 0.0002
vn -0.4039 0.5973 0.6929
vn -0.0103 0.5929 0.8052
vn -0.4958 -0.0004 0.8684
vn 0.3878 0.6009 0.6989
vn -0.0101 0.5929 0.8052
vn 0.4801 0.0004 0.8772
vn -0.0026 1.0000 -0.0000
vn -0.0026 1.0000 0.0002
vn -0.3907 0.5997 -0.6984
vn 0.0069 0.5929 -0.8053
vn -0.4801 -0.0004 -0.8772
vn 0.0101 -0.5929 -0.8052
vn -0.3879 -0.6009 -0.6989
vn 0.3907 -0.5996 0.6984
vn -0.0069 -0.5928 0.8053
vn 0.6695 -0.6621 -0.3367
vn 0.1341 -0.2288 -0.9642
vn 0.2069 -0.1980 -0.9581
vn -0.8078 0.4492 -0.3818
vn -0.1870 0.1985 -0.9621
vn -0.6583 0.6691 -0.3448
vn -0.2400 0.1525 -0.9587
vn -0.6770 -0.6134 -0.4068
vn -0.4290 -0.7917 -0.4349
vn -0.2045 -0.1823 -0.9617
vn -0.7787 0.4948 0.3858
vn -0.9213 0.3888 -0.0032
vn -0.8598 0.5107 -0.0030
vn -0.8825 0.3014 0.3611
vn -0.9517 0.3071 -0.0033
vn -0.8825 0.3013 0.3612
vn -0.9727 0.2322 -0.0034
vn -0.9517 0.3070 -0.0033
vn -0.8888 0.1209 0.4420
vn -0.9961 0.0877 -0.0035
vn -0.9590 0.0178 0.2828
vn -0.9961 0.0876 -0.0035
vn -0.9998 0.0178 -0.0035
vn -0.9998 0.0177 -0.0035
vn 0.9523 0.0623 0.2987
vn 0.2991 0.0807 0.9508
vn 0.9166 0.2619 0.3021
vn 0.3083 0.0324 0.9507
vn -0.8440 0.2775 -0.4591
vn -0.8078 0.4491 -0.3817
vn -0.8440 0.2774 -0.4591
vn -0.9500 0.0849 -0.3004
vn -0.9920 0.1265 -0.0035
vn -0.9500 0.0848 -0.3004
vn -0.9920 0.1263 -0.0035
vn -0.8957 0.0185 -0.4442
vn -0.8732 -0.0008 0.4873
vn -0.4372 -0.1883 0.8795
vn -0.4989 -0.0004 0.8666
vn -0.7910 -0.3415 0.5077
vn -0.3120 0.0967 0.9451
vn -0.8825 0.3014 0.3612
vn -0.3272 0.0425 0.9440
vn -0.0096 -0.2646 0.9643
vn -0.0096 -0.2645 0.9643
vn -0.0048 -0.7689 0.6393
vn -0.0051 -0.7689 0.6393
vn -0.0107 0.0001 0.9999
vn -0.0107 -0.0001 0.9999
vn 0.8681 0.0007 0.4964
vn 0.4834 0.0005 0.8754
vn 0.7857 -0.3418 0.5156
vn 0.5163 0.7473 -0.4183
vn 0.1506 0.2215 -0.9635
vn 0.4987 -0.0415 -0.8658
vn 0.8629 -0.0187 -0.5050
vn 0.4990 -0.0206 -0.8664
vn 0.8623 -0.0430 -0.5045
vn 0.2682 -0.1516 -0.9514
vn 0.7626 -0.4395 -0.4746
vn -0.8631 -0.0008 0.5050
vn -0.4957 -0.0004 0.8685
vn -0.6906 0.5985 0.4060
vn -0.4042 0.5973 0.6927
vn 0.6885 0.6005 -0.4066
vn 0.4958 0.0004 -0.8684
vn 0.8631 0.0007 -0.5050
vn 0.6906 -0.5985 -0.4060
vn 0.4042 -0.5973 -0.6927
vn -0.4013 -0.5985 0.6934
vn -0.6885 -0.6005 0.4066
vn -0.3992 0.7458 -0.5333
vn -0.6583 0.6691 -0.3450
vn -0.1138 0.2293 -0.9667
vn -0.8575 -0.0203 -0.5142
vn -0.8568 -0.0447 -0.5138
vn -0.4830 -0.0426 -0.8746
vn -0.4833 -0.0215 -0.8752
vn 0.7988 0.3726 0.4723
vn 0.2663 0.1252 0.9557
vn 0.8577 0.0007 0.5142
vn 0.4802 0.0004 0.8772
vn 0.6847 -0.6009 0.4124
vn 0.3909 -0.5996 0.6983
vn -0.6826 -0.6029 -0.4130
vn -0.3880 -0.6009 -0.6988
vn -0.4802 -0.0004 -0.8772
vn -0.8577 -0.0007 -0.5142
vn -0.6847 0.6009 -0.4124
vn -0.3908 0.5997 -0.6983
vn 0.6826 0.6030 0.4130
vn 0.3880 0.6009 0.6988
vn 0.8577 0.0008 0.5142
vn -0.4990 -0.0004 0.8666
vn -0.4381 0.1875 0.8791
vn -0.2628 0.3372 0.9040
vn -0.4372 -0.1883 0.8794
vn -0.2611 -0.3377 0.9043
vn -0.0109 0.3929 0.9195
vn -0.0088 -0.3930 0.9195
vn 0.2444 -0.3383 0.9087
vn 0.4216 -0.1885 0.8870
vn 0.4835 0.0004 0.8754
vn 0.4207 0.1893 0.8872
vn 0.2427 0.3388 0.9090
vn -0.0042 -0.8018 0.5975
vn -0.0087 -0.3929 0.9195
vn -0.5064 -0.6568 0.5587
vn 0.2443 -0.3383 0.9088
vn 0.4994 -0.6578 0.5638
vn 0.2426 0.3388 0.9090
vn -0.0085 0.8018 0.5975
vn 0.4965 0.6594 0.5645
vn -0.2629 0.3371 0.9040
vn -0.5093 0.6551 0.5581
vn 0.8630 -0.0187 -0.5049
vn 0.4989 -0.0205 -0.8664
vn 0.8631 0.0007 -0.5051
vn 0.0108 -0.0216 -0.9997
vn 0.0108 -0.0433 -0.9990
vn 0.0107 -0.0217 -0.9997
vn -0.4832 -0.0215 -0.8753
vn -0.4828 -0.0426 -0.8747
vn 0.4988 -0.0206 -0.8664
vn 0.4985 -0.0415 -0.8659
vn -0.0048 -0.7689 0.6394
vn -0.6769 -0.6135 -0.4068
vn -0.8261 -0.4142 -0.3821
vn -0.2059 -0.1814 -0.9616
vn 0.8959 0.0008 0.4443
vn 0.9166 0.2619 0.3020
vn 0.9941 0.1087 0.0035
vn 0.9666 0.2563 0.0033
vn 0.9548 0.2974 0.0032
vn 0.7989 0.3725 0.4722
vn 0.9082 0.4186 0.0031
vn 0.8426 0.5386 0.0029
vn 0.9081 0.4187 0.0031
vn 0.7164 0.5699 0.4025
vn 0.7649 0.6442 0.0025
vn 1.0000 0.0009 0.0037
vn 0.9001 0.0008 -0.4356
vn 0.8645 0.2265 -0.4488
vn 0.8645 0.2266 -0.4487
vn 0.9666 0.2563 0.0034
vn 0.8883 0.3805 -0.2572
vn 0.8882 0.3807 -0.2573
vn 0.6715 0.5550 -0.4910
vn 0.7650 0.6441 0.0026
vn -0.0047 -0.7689 0.6393
vn -0.7787 0.4948 0.3859
vn -0.8824 0.3014 0.3612
vn -0.2597 0.1519 0.9537
vn 0.5164 0.7472 -0.4183
vn 0.0572 0.2465 -0.9674
vn 0.1505 0.2215 -0.9635
vn 0.1728 0.8189 -0.5474
vn -0.1061 0.8262 -0.5533
vn -0.0189 0.2468 -0.9689
vn -0.3992 0.7459 -0.5333
vn -0.1610 -0.8205 0.5484
vn -0.1506 -0.2215 0.9635
vn -0.4929 -0.7928 0.3585
vn -0.0572 -0.2465 0.9674
vn 0.1603 -0.8781 0.4508
vn 0.0284 -0.2467 0.9687
vn 0.1605 -0.8781 0.4507
vn 0.1137 -0.2292 0.9667
vn 0.4540 -0.7792 0.4322
vn 0.9880 0.0665 -0.1396
vn 0.9654 0.0717 -0.2506
vn 0.9578 0.0717 -0.2782
vn 0.9899 0.0661 -0.1253
vn 0.9929 0.0663 -0.0984
vn 0.9772 0.0709 -0.2001
vn 0.9764 -0.1971 -0.0878
vn 0.9652 -0.1915 -0.1781
vn 0.7872 -0.6139 -0.0591
vn 0.5327 -0.8434 -0.0702
vn 0.9890 0.0662 0.1321
vn 0.9929 0.0663 -0.0983
vn 0.9899 0.0661 -0.1251
vn 0.9870 0.0666 0.1466
vn 0.9880 0.0664 -0.1395
vn 0.9922 0.0664 0.1054
vn 0.9765 -0.1971 -0.0877
vn 0.9758 -0.1973 0.0946
vn 0.7864 -0.6143 0.0646
vn 0.3705 -0.4929 0.7873
vn -0.6070 0.7947 -0.0020
vn 0.3681 0.4939 0.7877
vn 0.6038 0.7972 0.0022
vn -0.3833 -0.4917 0.7818
vn -0.0072 -0.5843 0.8115
vn -0.6038 -0.7971 -0.0021
vn 0.0024 -1.0000 -0.0000
vn 0.3120 -0.0967 -0.9451
vn 0.8824 -0.3014 -0.3612
vn 0.7627 -0.4395 -0.4746
vn -0.9857 0.0695 -0.1533
vn -0.9632 0.0750 -0.2580
vn -0.9888 0.0691 -0.1322
vn -0.9763 -0.1737 -0.1290
vn -0.9515 0.0748 -0.2984
vn -0.9530 -0.1742 -0.2479
vn -0.7935 -0.6019 -0.0900
vn -0.5083 -0.8547 -0.1058
vn -0.9415 0.3120 -0.1278
vn -0.6835 0.7137 -0.1531
vn -1.0000 -0.0009 -0.0035
vn -0.6886 -0.6005 0.4065
vn -0.7970 -0.6039 -0.0026
vn 0.7988 -0.6016 0.0027
vn 0.6907 -0.5985 -0.4058
vn 0.8631 0.0007 -0.5049
vn 0.7970 0.6040 0.0025
vn 0.6886 0.6005 -0.4065
vn -0.7988 0.6015 -0.0026
vn -0.6908 0.5985 0.4058
vn -0.8631 -0.0007 0.5050
vn 0.2662 0.1253 0.9557
vn 0.2110 0.1836 0.9601
vn 0.7988 0.3725 0.4723
vn 0.7162 0.5700 0.4027
vn 0.8576 -0.0188 0.5140
vn 0.9997 -0.0223 0.0035
vn 0.8578 0.0008 0.5141
vn 0.9992 -0.0409 0.0034
vn 0.8624 -0.0430 -0.5044
vn 0.8569 -0.0432 0.5136
vn 0.6827 0.6029 0.4128
vn 0.7970 0.6040 0.0028
vn -0.6848 0.6009 -0.4122
vn -0.7988 0.6016 -0.0029
vn -0.8578 -0.0007 -0.5140
vn -1.0000 -0.0008 -0.0036
vn -0.7970 -0.6040 -0.0028
vn -0.6826 -0.6030 -0.4128
vn 0.7989 -0.6015 0.0028
vn 0.6848 -0.6009 0.4122
vn 0.8577 0.0007 0.5141
vn -0.9997 -0.0240 -0.0035
vn -0.8630 -0.0202 0.5049
vn -0.8575 -0.0203 -0.5141
vn -0.8578 -0.0007 -0.5141
vn -0.9991 -0.0426 -0.0034
vn -0.8576 -0.0204 -0.5140
vn -0.8568 -0.0447 -0.5136
vn -0.8623 -0.0444 0.5045
vn -0.2661 -0.1306 -0.9551
vn -0.8971 -0.2464 -0.3669
vn -0.2991 -0.0807 -0.9508
vn -0.8260 -0.4143 -0.3821
vn 0.9634 0.0720 0.2583
vn 0.9922 0.0664 0.1055
vn 0.9890 0.0662 0.1323
vn 0.9869 0.0666 0.1467
vn 0.9556 0.0720 0.2859
vn 0.9757 0.0711 0.2074
vn 0.9637 -0.1920 0.1854
vn 0.7864 -0.6143 0.0647
vn 0.5314 -0.8439 0.0739
vn -0.3271 -0.0323 0.9445
vn 0.3167 0.0003 0.9485
vn -0.3354 -0.0003 0.9421
vn -0.9573 -0.0008 0.2891
vn -0.9292 -0.1156 0.3510
vn 0.3082 0.0324 0.9508
vn 0.8958 0.0008 0.4444
vn -0.3179 -0.0804 0.9447
vn 0.2990 0.0806 0.9508
vn 0.2661 0.1252 0.9558
vn -0.2852 -0.1301 0.9496
vn 0.2135 0.1818 0.9599
vn -0.2244 -0.1816 0.9574
vn 0.1302 0.2218 0.9663
vn -0.1505 -0.2214 0.9635
vn -0.0572 -0.2464 0.9675
vn 0.0366 0.2466 0.9684
vn -0.0395 0.2466 0.9683
vn 0.0284 -0.2466 0.9687
vn -0.1340 0.2288 0.9642
vn 0.1137 -0.2291 0.9667
vn 0.1869 -0.1985 0.9621
vn -0.2069 0.1979 0.9581
vn -0.2595 0.1519 0.9537
vn 0.2487 -0.1521 0.9566
vn -0.3119 0.0967 0.9452
vn 0.2930 -0.0971 0.9512
vn -0.3270 0.0424 0.9441
vn 0.4208 -0.0313 0.9066
vn 0.2407 0.1647 0.9565
vn -0.3398 0.1346 0.9308
vn 0.1870 -0.1986 0.9621
vn 0.1138 -0.2292 0.9667
vn 0.6624 -0.6278 0.4087
vn 0.4542 -0.7791 0.4321
vn -0.6714 -0.7411 -0.0022
vn -0.5298 -0.8481 -0.0019
vn -0.4930 -0.7929 0.3583
vn -0.7218 -0.5676 0.3960
vn -0.7649 -0.6442 -0.0027
vn -0.3443 -0.9389 -0.0012
vn -0.4929 -0.7928 0.3584
vn -0.5296 -0.8483 -0.0018
vn -0.1610 -0.8206 0.5483
vn -0.1828 -0.9831 -0.0007
vn 0.1479 -0.9890 0.0005
vn -0.1610 -0.8206 0.5484
vn -0.1826 -0.9832 -0.0006
vn 0.1603 -0.8783 0.4505
vn -0.9868 0.0694 0.1460
vn -0.9888 0.0691 -0.1320
vn -0.9897 0.0690 0.1251
vn -0.9773 -0.1734 0.1218
vn -0.9858 0.0695 -0.1531
vn -0.9425 0.3114 0.1211
vn -0.9763 -0.1737 -0.1288
vn -0.7940 -0.6007 0.0931
vn -0.7935 -0.6018 -0.0900
vn 0.1818 0.0650 0.9812
vn -0.0107 0.0055 0.9999
vn 0.2088 0.0109 0.9779
vn 0.4313 0.0163 0.9021
vn 0.1820 0.0650 0.9812
vn 0.2089 0.0109 0.9779
vn 0.3366 0.0810 0.9382
vn 0.3811 0.0969 0.9195
vn -0.0015 0.1537 0.9881
vn -0.0107 0.0271 0.9996
vn 0.3619 0.0110 0.9321
vn 0.3367 0.0809 0.9381
vn 0.2896 0.0110 0.9571
vn 0.3366 0.0809 0.9381
vn 0.3618 0.0110 0.9322
vn 0.2722 0.0647 0.9601
vn -0.0108 0.1257 0.9920
vn -0.2026 0.0645 0.9771
vn -0.2289 0.0106 0.9734
vn -0.0107 0.0542 0.9985
vn -0.1588 0.1089 0.9813
vn 0.1375 0.1148 0.9838
vn -0.4379 0.0154 0.8989
vn -0.2292 0.0106 0.9733
vn -0.3889 0.0900 0.9169
vn -0.0110 0.1764 0.9843
vn -0.3370 0.0747 0.9385
vn -0.0018 0.1537 0.9881
vn -0.4378 0.0154 0.8989
vn -0.3721 0.0104 0.9281
vn -0.3370 0.0746 0.9385
vn -0.3370 0.0746 0.9386
vn -0.3006 0.0104 0.9537
vn -0.2834 0.0641 0.9568
vn -0.0017 0.1537 0.9881
vn -0.0109 0.1258 0.9920
vn -0.1825 -0.9832 -0.0007
vn 0.1303 -0.8290 -0.5438
vn -0.1496 -0.8216 -0.5501
vn 0.3005 -0.9538 0.0010
vn 0.1482 -0.9890 0.0005
vn 0.3895 -0.8100 -0.4385
vn 0.4723 -0.8814 0.0016
vn 0.3895 -0.8100 -0.4384
vn 0.6176 -0.7865 0.0022
vn 0.4724 -0.8814 0.0017
vn 0.6695 -0.6622 -0.3367
vn 0.7070 -0.7072 0.0024
vn 0.7814 -0.6240 0.0027
vn 0.7072 -0.7070 0.0024
vn 0.8622 -0.5065 0.0030
vn -0.7218 -0.5675 0.3961
vn -0.2244 -0.1817 0.9574
vn -0.2069 0.1980 0.9581
vn -0.2596 0.1520 0.9537
vn -0.6322 0.6610 0.4042
vn 0.4540 -0.7792 0.4321
vn 0.3005 -0.9538 0.0011
vn 0.4723 -0.8814 0.0017
vn 0.1605 -0.8782 0.4505
vn 0.6177 -0.7864 0.0022
vn 0.4724 -0.8814 0.0016
vn 0.6625 -0.6278 0.4086
vn 0.8575 -0.0188 0.5141
vn 0.8569 -0.0432 0.5137
vn 0.4832 -0.0418 0.8745
vn 0.4834 -0.0207 0.8752
vn -0.9652 0.0748 0.2505
vn -0.9868 0.0694 0.1462
vn -0.9539 0.0745 0.2906
vn -0.9773 -0.1734 0.1220
vn -0.9527 -0.1746 0.2489
vn -0.9526 -0.1746 0.2491
vn -0.9772 -0.1735 0.1220
vn -0.7940 -0.6007 0.0932
vn -0.5100 -0.8540 0.1025
vn -0.6857 0.7126 0.1482
vn -0.4381 0.1875 0.8792
vn -0.7921 0.3398 0.5071
vn -0.8732 -0.0007 0.4873
vn -0.4989 -0.0004 0.8667
vn 0.8824 -0.3013 -0.3612
vn 0.4378 -0.0312 -0.8986
vn 0.8893 -0.1161 -0.4424
vn -0.4985 -0.0424 0.8659
vn -0.8629 -0.0202 0.5050
vn -0.4989 -0.0214 0.8664
vn -0.8622 -0.0444 0.5046
vn -0.6769 -0.6135 -0.4066
vn -0.6714 -0.7411 -0.0024
vn -0.7649 -0.6442 -0.0026
vn -0.4292 -0.7917 -0.4348
vn -0.5297 -0.8482 -0.0018
vn -0.3443 -0.9389 -0.0009
vn -0.5296 -0.8483 -0.0019
vn -0.1496 -0.8216 -0.5500
vn -0.1828 -0.9831 -0.0006
vn -0.8971 -0.2463 -0.3669
vn -0.3083 -0.0325 -0.9507
vn -0.2992 -0.0807 -0.9508
vn 0.8681 0.0008 0.4963
vn 0.7847 0.3435 0.5160
vn 0.4834 0.0004 0.8754
vn 0.2135 0.1819 0.9599
vn 0.5090 0.7496 0.4231
vn 0.7163 0.5699 0.4027
vn 0.1304 0.2219 0.9663
vn 0.6626 -0.6277 0.4086
vn 0.2487 -0.1522 0.9565
vn 0.1871 -0.1985 0.9621
vn 0.7564 -0.4418 0.4824
vn -0.4093 0.7435 0.5288
vn -0.1342 0.2288 0.9642
vn 0.0105 0.0655 -0.9978
vn 0.0105 0.0656 -0.9978
vn 0.0105 0.0657 -0.9978
vn 0.0106 0.0325 -0.9994
vn 0.7528 0.6583 0.0026
vn 0.6653 0.7466 0.0022
vn 0.6651 0.7467 0.0022
vn 0.5178 0.8555 0.0017
vn 0.5178 0.8555 0.0018
vn 0.1956 0.9807 0.0006
vn -0.8045 -0.3705 0.4642
vn -0.7218 -0.5675 0.3960
vn -0.2853 -0.1301 0.9496
vn -0.9630 -0.0008 -0.2696
vn -0.7765 0.5899 -0.2213
vn 0.7747 0.5922 0.2218
vn 0.9630 0.0008 0.2696
vn 1.0000 0.0009 0.0036
vn 0.7988 -0.6015 0.0028
vn 0.7766 -0.5898 0.2213
vn -0.7970 -0.6039 -0.0028
vn -0.7747 -0.5921 -0.2218
vn 0.1954 0.9807 0.0007
vn -0.2004 0.9797 -0.0007
vn 0.1954 0.9807 0.0006
vn -0.2006 0.9797 -0.0007
vn -0.5216 0.8532 -0.0018
vn -0.6680 0.7442 -0.0023
vn -0.6680 0.7441 -0.0023
vn -0.7550 0.6557 -0.0025
vn 0.9651 0.0008 -0.2620
vn 0.7793 -0.5884 -0.2155
vn 0.7988 -0.6015 0.0026
vn -0.7774 -0.5908 0.2159
vn -0.9651 -0.0008 0.2620
vn -0.7988 0.6016 -0.0027
vn -0.7793 0.5884 0.2155
vn 0.7970 0.6040 0.0026
vn 0.7774 0.5907 -0.2159
vn 0.1614 0.8199 0.5492
vn 0.5090 0.7496 0.4230
vn 0.0367 0.2467 0.9684
vn 0.1302 0.2220 0.9663
vn -0.1177 0.8254 0.5522
vn -0.4093 0.7435 0.5289
vn -0.0106 -0.0216 0.9997
vn 0.4834 -0.0206 0.8752
vn -0.4988 -0.0214 0.8665
vn -0.8629 -0.0201 0.5050
vn -0.8631 -0.0007 0.5051
vn -0.0105 -0.0433 0.9990
vn -0.0106 -0.0217 0.9997
vn 0.4832 -0.0207 0.8752
vn 0.4830 -0.0418 0.8746
vn -0.4987 -0.0214 0.8665
vn -0.4983 -0.0424 0.8659
vn 0.8893 -0.1161 -0.4423
vn 0.6263 -0.0097 -0.7796
vn 0.9571 -0.0180 -0.2891
vn 0.4377 -0.0312 -0.8986
vn 0.4853 0.1592 -0.8597
vn 0.9068 -0.2923 0.3038
vn 0.2488 -0.1521 0.9565
vn 0.2931 -0.0971 0.9511
vn -0.9006 -0.2452 0.3590
vn -0.2853 -0.1301 0.9495
vn -0.3180 -0.0804 0.9447
vn -0.8046 -0.3705 0.4641
vn -0.5095 0.6550 0.5581
vn -0.7920 0.3399 0.5071
vn 0.7163 0.5699 0.4026
vn 0.6713 0.7412 0.0022
vn 0.7649 0.6442 0.0026
vn 0.5091 0.7496 0.4230
vn 0.5298 0.8482 0.0019
vn 0.5296 0.8483 0.0019
vn 0.1614 0.8201 0.5490
vn 0.1955 0.9807 0.0006
vn 0.5089 0.7497 0.4230
vn 0.5164 0.7474 -0.4181
vn 0.5296 0.8482 0.0018
vn 0.5163 0.7473 -0.4182
vn 0.1729 0.8190 -0.5472
vn 0.7847 0.3436 0.5160
vn 0.4967 0.6593 0.5645
vn 0.9067 -0.2924 0.3039
vn 0.4209 -0.0314 0.9066
vn 0.9203 -0.0709 0.3846
vn -0.9006 -0.2451 0.3589
vn -0.3272 -0.0323 0.9444
vn -0.3181 -0.0803 0.9447
vn -0.1177 0.8256 0.5519
vn -0.1350 0.9908 -0.0005
vn -0.1179 0.8255 0.5519
vn -0.4093 0.7436 0.5288
vn -0.1351 0.9908 -0.0004
vn -0.4818 0.8763 -0.0017
vn -0.6247 0.7809 -0.0022
vn -0.4820 0.8762 -0.0017
vn -0.6322 0.6611 0.4041
vn -0.7038 0.7104 -0.0024
vn -0.6322 0.6610 0.4041
vn -0.7742 0.6329 -0.0027
vn -0.7039 0.7103 -0.0024
vn -0.8597 0.5108 -0.0030
vn -0.1350 0.9908 -0.0004
vn 0.1729 0.8189 -0.5472
vn -0.1061 0.8263 -0.5532
vn -0.1351 0.9908 -0.0005
vn -0.3993 0.7459 -0.5332
vn -0.6247 0.7808 -0.0022
vn -0.3993 0.7458 -0.5332
vn -0.4819 0.8762 -0.0017
vn -0.6584 0.6691 -0.3447
vn -0.7040 0.7102 -0.0025
vn -0.7742 0.6330 -0.0028
vn -0.8597 0.5108 -0.0029
vn -0.3681 -0.4939 -0.7877
vn -0.6038 -0.7971 -0.0022
vn 0.0100 -0.5843 -0.8115
vn 0.0072 0.5844 -0.8115
vn 0.3833 0.4918 -0.7818
vn -0.3134 0.2735 -0.9094
vn 0.4852 0.1593 -0.8598
vn 0.3834 0.4917 -0.7818
vn 0.6360 0.2335 -0.7355
vn -0.6237 -0.2401 -0.7439
vn -0.3683 -0.4938 -0.7877
vn -0.6040 -0.7970 -0.0022
vn -0.9344 -0.3562 -0.0033
vn -0.9999 -0.0102 -0.0036
vn -0.6979 -0.0057 -0.7162
vn -0.6236 -0.2400 -0.7440
vn -0.6977 -0.0057 -0.7164
vn 0.6361 0.2334 -0.7355
vn 0.7078 0.0057 -0.7063
vn -0.9999 -0.0101 -0.0035
vn -0.6979 -0.0056 -0.7162
vn -0.9396 0.3423 -0.0033
vn -0.6977 -0.0056 -0.7163
vn -0.6254 0.2338 -0.7445
vn 0.6341 -0.2259 -0.7395
vn 0.7079 0.0056 -0.7063
vn -0.9396 0.3424 -0.0032
vn -0.6071 0.7946 -0.0021
vn -0.3707 0.4928 -0.7872
vn 0.6341 -0.2260 -0.7395
vn 0.6071 -0.7946 0.0021
vn 0.9422 -0.3351 0.0032
vn 0.9422 -0.3350 0.0033
vn 0.9999 0.0101 0.0035
vn 0.6979 0.0056 0.7162
vn 0.6225 -0.2274 0.7488
vn 0.6224 -0.2275 0.7489
vn 0.6224 -0.2274 0.7489
vn 0.6978 0.0057 0.7163
vn -0.7079 -0.0056 0.7063
vn -0.6370 0.2322 0.7351
vn 0.3707 -0.4929 0.7872
vn -0.0108 -0.0000 0.9999
vn -0.6071 0.7946 -0.0020
vn -0.9396 0.3423 -0.0031
vn -0.6352 -0.2384 0.7346
vn -0.7079 -0.0057 0.7063
vn -0.6352 -0.2383 0.7347
vn 0.9389 0.3443 0.0031
vn 0.6979 0.0057 0.7162
vn 0.9999 0.0102 0.0035
vn -0.0108 0.0657 0.9978
vn -0.0108 0.0655 0.9978
vn -0.0107 0.0325 0.9994
vn 0.0070 0.5844 -0.8115
vn -0.3705 0.4929 -0.7872
vn -0.0027 1.0000 -0.0002
vn -0.6070 0.7947 -0.0021
vn 0.3856 -0.4908 -0.7813
vn 0.0029 -1.0000 0.0001
vn 0.4697 0.1602 0.8682
vn 0.4209 -0.0313 0.9066
vn 0.6138 -0.0098 0.7894
vn 0.9203 -0.0709 0.3847
vn 0.8957 -0.0185 0.4443
vn 0.7814 -0.6241 0.0044
vn 0.9245 -0.3811 0.0033
vn 0.7565 -0.4417 0.4823
vn 0.9068 -0.2924 0.3038
vn 0.9517 -0.3071 0.0033
vn 0.9517 -0.3070 0.0033
vn 0.9738 -0.2275 0.0033
vn 0.9067 -0.2923 0.3040
vn 0.9926 -0.1218 0.0034
vn 0.9998 -0.0177 0.0035
vn 0.9204 -0.0709 0.3846
vn 0.9926 -0.1217 0.0034
vn 0.9998 -0.0178 0.0035
vn 0.8957 -0.0185 0.4442
vn -0.9640 -0.0862 -0.2514
vn -1.0000 -0.0008 -0.0037
vn -0.8959 -0.0008 -0.4443
vn -0.9946 -0.1040 -0.0034
vn -0.9792 -0.2029 -0.0034
vn -0.9946 -0.1041 -0.0034
vn -0.8971 -0.2463 -0.3668
vn -0.9678 -0.2517 -0.0033
vn -0.8971 -0.2464 -0.3668
vn -0.9533 -0.3019 -0.0033
vn -0.8261 -0.4143 -0.3820
vn -0.9061 -0.4230 -0.0031
vn -0.8261 -0.4143 -0.3821
vn -0.8400 -0.5426 -0.0030
vn -0.9061 -0.4232 -0.0031
vn -0.6770 -0.6134 -0.4067
vn -0.7649 -0.6441 -0.0026
vn -0.9978 -0.0662 -0.0035
vn -0.9006 -0.2452 0.3589
vn -0.9678 -0.2517 -0.0034
vn -0.8046 -0.3706 0.4641
vn -0.7219 -0.5676 0.3960
vn 0.7627 -0.4395 -0.4745
vn 0.9245 -0.3811 0.0032
vn 0.8825 -0.3014 -0.3612
vn 0.9737 -0.2276 0.0033
vn 0.8893 -0.1162 -0.4423
vn 0.9961 -0.0877 0.0034
vn 0.9571 -0.0177 -0.2891
vn 0.9961 -0.0876 0.0035
vn 0.0102 -0.5843 -0.8115
vn -0.3681 -0.4938 -0.7878
vn -0.0026 1.0000 -0.0002
vn 0.6039 0.7971 0.0021
vn 0.2407 0.1648 0.9565
vn -0.3399 0.1346 0.9308
vn 0.4697 0.1603 0.8681
vn 0.2331 0.9724 0.0009
vn 0.2331 0.9725 0.0008
vn 0.4457 0.8952 0.0015
vn -0.6835 0.7137 -0.1533
vt 0.786320 0.532086
vt 0.895716 0.532086
vt 0.786320 0.616484
vt 0.812109 0.521803
vt 0.869926 0.521803
vt 0.895716 0.616484
vt 0.812109 0.623810
vt 0.869926 0.623810
vt 0.085145 0.906508
vt 0.061334 0.865281
vt 0.062354 0.865264
vt 0.085882 0.909268
vt 0.085877 0.907832
vt 0.086263 0.907068
vt 0.108440 0.865281
vt 0.107383 0.865264
vt 0.233277 0.089666
vt 0.234014 0.086906
vt 0.234009 0.088341
vt 0.209466 0.130892
vt 0.210487 0.130909
vt 0.234395 0.089106
vt 0.256573 0.130892
vt 0.255516 0.130909
vt 0.049101 0.014631
vt 0.015166 0.014673
vt 0.015166 0.014669
vt 0.049101 0.014710
vt 0.399034 0.014734
vt 0.399034 0.014608
vt 0.365396 0.027965
vt 0.015463 0.028067
vt 0.015463 0.027941
vt 0.365396 0.028043
vt 0.399331 0.028006
vt 0.399331 0.028002
vt 0.711066 0.485848
vt 0.711066 0.288976
vt 0.711805 0.485848
vt 0.711805 0.288976
vt 0.710238 0.287954
vt 0.615679 0.287954
vt 0.614947 0.279365
vt 0.710970 0.279365
vt 0.614851 0.288976
vt 0.614856 0.279253
vt 0.711060 0.279253
vt 0.709919 0.487266
vt 0.614851 0.279245
vt 0.711066 0.279245
vt 0.615998 0.487266
vt 0.709919 0.494187
vt 0.614851 0.485848
vt 0.612831 0.288976
vt 0.612831 0.485848
vt 0.615998 0.494187
vt 0.711066 0.495605
vt 0.614851 0.495605
vt 0.711805 0.509114
vt 0.711805 0.495605
vt 0.612831 0.509114
vt 0.612831 0.495605
vt 0.612831 0.269419
vt 0.612831 0.279245
vt 0.711805 0.269419
vt 0.711805 0.279245
vt 0.130063 0.865637
vt 0.159047 0.089731
vt 0.131726 0.865665
vt 0.156921 0.088777
vt 0.085985 0.938617
vt 0.085993 0.940912
vt 0.130389 0.076873
vt 0.129092 0.076291
vt 0.885529 0.286369
vt 0.885134 0.287637
vt 0.885134 0.286714
vt 0.903013 0.288106
vt 0.903231 0.286831
vt 0.098644 0.995695
vt 0.096628 0.945468
vt 0.098644 0.944342
vt 0.096628 0.994569
vt 0.101263 0.995695
vt 0.055406 0.971366
vt 0.101263 0.944342
vt 0.055406 0.968671
vt 0.052268 0.969803
vt 0.052268 0.970234
vt 0.232413 0.995695
vt 0.232413 0.944342
vt 0.234157 0.944342
vt 0.234157 0.995695
vt 0.236165 0.945465
vt 0.236165 0.994572
vt 0.277241 0.968624
vt 0.277241 0.971413
vt 0.280533 0.970234
vt 0.280533 0.969803
vt 0.755404 0.482010
vt 0.755979 0.288415
vt 0.755979 0.481773
vt 0.762855 0.290609
vt 0.738222 0.282747
vt 0.775607 0.297720
vt 0.732252 0.488801
vt 0.775607 0.473690
vt 0.725526 0.282413
vt 0.789714 0.305585
vt 0.725526 0.488801
vt 0.779453 0.472106
vt 0.723940 0.488801
vt 0.795235 0.311657
vt 0.723940 0.282372
vt 0.795235 0.458785
vt 0.720201 0.488801
vt 0.804449 0.321789
vt 0.720201 0.282273
vt 0.717454 0.488801
vt 0.717454 0.282201
vt 0.800690 0.454180
vt 0.815798 0.340628
vt 0.815798 0.432175
vt 0.819471 0.346726
vt 0.818016 0.428943
vt 0.825378 0.402433
vt 0.826275 0.375733
vt 0.897873 0.465500
vt 0.917806 0.459653
vt 0.918231 0.460864
vt 0.898057 0.466781
vt 0.924732 0.293694
vt 0.924220 0.294875
vt 0.810514 0.290584
vt 0.823900 0.281848
vt 0.823900 0.294758
vt 0.832385 0.297403
vt 0.799460 0.281848
vt 0.839653 0.286501
vt 0.799460 0.290294
vt 0.839653 0.301427
vt 0.798187 0.290261
vt 0.855406 0.294428
vt 0.798187 0.281848
vt 0.855112 0.309986
vt 0.795186 0.290182
vt 0.855406 0.310298
vt 0.795186 0.281848
vt 0.792981 0.290124
vt 0.792981 0.281848
vt 0.871908 0.310595
vt 0.869430 0.325234
vt 0.871908 0.329434
vt 0.884660 0.328292
vt 0.882744 0.347796
vt 0.884660 0.355968
vt 0.895912 0.346181
vt 0.501456 0.159358
vt 0.501456 0.140104
vt 0.514292 0.140104
vt 0.514292 0.159358
vt 0.514292 0.178612
vt 0.501456 0.178612
vt 0.514292 0.197867
vt 0.501456 0.197867
vt 0.501456 0.217121
vt 0.514292 0.217121
vt 0.501456 0.236376
vt 0.514292 0.236376
vt 0.527128 0.178612
vt 0.527128 0.159358
vt 0.527128 0.140104
vt 0.527128 0.197867
vt 0.527128 0.217121
vt 0.527128 0.236376
vt 0.539964 0.217121
vt 0.539964 0.236376
vt 0.539964 0.197867
vt 0.539964 0.178612
vt 0.552801 0.236376
vt 0.552801 0.217121
vt 0.552801 0.197867
vt 0.552801 0.178612
vt 0.539964 0.159358
vt 0.539964 0.140104
vt 0.527128 0.120849
vt 0.539964 0.120849
vt 0.527128 0.101595
vt 0.539964 0.101595
vt 0.552801 0.159358
vt 0.527128 0.082340
vt 0.539964 0.082340
vt 0.514292 0.082340
vt 0.514292 0.101595
vt 0.514292 0.120849
vt 0.552801 0.082340
vt 0.552801 0.101595
vt 0.552801 0.120849
vt 0.552801 0.140104
vt 0.565637 0.082340
vt 0.565637 0.101595
vt 0.565637 0.120849
vt 0.565637 0.140104
vt 0.565637 0.159358
vt 0.565637 0.178612
vt 0.565637 0.197867
vt 0.565637 0.217121
vt 0.565637 0.236376
vt 0.888205 0.371076
vt 0.895912 0.419392
vt 0.887775 0.395634
vt 0.904164 0.373190
vt 0.904164 0.392383
vt 0.884660 0.406789
vt 0.884660 0.437280
vt 0.881037 0.419769
vt 0.871908 0.433126
vt 0.871908 0.454978
vt 0.866201 0.441476
vt 0.855406 0.471144
vt 0.855406 0.450679
vt 0.847426 0.457481
vt 0.839653 0.479071
vt 0.839653 0.460743
vt 0.825843 0.466537
vt 0.823900 0.483725
vt 0.823900 0.467075
vt 0.804857 0.472347
vt 0.799460 0.483725
vt 0.799460 0.472347
vt 0.798187 0.483725
vt 0.798187 0.472347
vt 0.795186 0.483725
vt 0.795186 0.472347
vt 0.792981 0.483725
vt 0.792981 0.472347
vt 0.432131 0.498389
vt 0.435300 0.545836
vt 0.415924 0.526460
vt 0.463371 0.529629
vt 0.432131 0.646220
vt 0.415924 0.618149
vt 0.435300 0.598773
vt 0.463371 0.614979
vt 0.938510 0.451127
vt 0.939183 0.452235
vt 0.457075 0.283655
vt 0.438520 0.285499
vt 0.438289 0.284146
vt 0.457495 0.285001
vt 0.457495 0.284022
vt 0.947343 0.307768
vt 0.948150 0.306751
vt 0.411602 0.159358
vt 0.424438 0.159358
vt 0.411602 0.178612
vt 0.424438 0.178612
vt 0.424438 0.197867
vt 0.411602 0.197867
vt 0.424438 0.217121
vt 0.411602 0.217121
vt 0.411602 0.236376
vt 0.424438 0.236376
vt 0.695030 0.114273
vt 0.695030 0.010348
vt 0.718814 0.114273
vt 0.718814 0.010348
vt 0.693791 0.010348
vt 0.734144 0.114273
vt 0.693791 0.114273
vt 0.734144 0.010348
vt 0.690871 0.012891
vt 0.749473 0.114273
vt 0.690871 0.111730
vt 0.688725 0.021751
vt 0.688725 0.102870
vt 0.749473 0.010348
vt 0.765533 0.114273
vt 0.765533 0.010348
vt 0.040258 0.076876
vt 0.041560 0.076291
vt 0.040469 0.865638
vt 0.013632 0.088821
vt 0.011605 0.089731
vt 0.038926 0.865665
vt 0.043252 0.076291
vt 0.064563 0.865264
vt 0.106089 0.865264
vt 0.127965 0.076291
vt 0.085554 0.905702
vt 0.986818 0.392026
vt 0.979591 0.417915
vt 0.978414 0.417366
vt 0.985540 0.391839
vt 0.987279 0.365683
vt 0.985995 0.365820
vt 0.980219 0.341193
vt 0.981421 0.340711
vt 0.957135 0.009938
vt 0.980919 0.113863
vt 0.957135 0.113863
vt 0.980919 0.009938
vt 0.941806 0.009938
vt 0.982158 0.113863
vt 0.941806 0.113863
vt 0.982158 0.009938
vt 0.926476 0.009938
vt 0.985078 0.111320
vt 0.926476 0.113863
vt 0.910416 0.009938
vt 0.910416 0.113863
vt 0.985078 0.012481
vt 0.987224 0.102460
vt 0.987224 0.021342
vt 0.897699 0.473034
vt 0.885134 0.466781
vt 0.885134 0.465500
vt 0.885134 0.473034
vt 0.885134 0.474315
vt 0.897873 0.474315
vt 0.919964 0.466870
vt 0.942857 0.457264
vt 0.957751 0.436561
vt 0.962715 0.440336
vt 0.972886 0.414516
vt 0.979322 0.391340
vt 0.980105 0.368032
vt 0.974162 0.342698
vt 0.966109 0.317281
vt 0.961061 0.320949
vt 0.950985 0.301175
vt 0.926896 0.287838
vt 0.903729 0.280615
vt 0.886187 0.280158
vt 0.437274 0.236376
vt 0.437274 0.217121
vt 0.437274 0.197867
vt 0.437274 0.178612
vt 0.437274 0.159358
vt 0.956793 0.435694
vt 0.369562 0.101595
vt 0.356726 0.082340
vt 0.369562 0.082340
vt 0.356726 0.101595
vt 0.356726 0.120849
vt 0.369562 0.120849
vt 0.369562 0.140104
vt 0.356726 0.140104
vt 0.369562 0.159358
vt 0.356726 0.159358
vt 0.356726 0.178612
vt 0.369562 0.178612
vt 0.356726 0.197867
vt 0.369562 0.197867
vt 0.369562 0.217121
vt 0.356726 0.217121
vt 0.356726 0.236376
vt 0.369562 0.236376
vt 0.354895 0.235997
vt 0.342059 0.216743
vt 0.354895 0.216743
vt 0.342059 0.235997
vt 0.354895 0.197488
vt 0.342059 0.197488
vt 0.342059 0.178234
vt 0.354895 0.178234
vt 0.342059 0.158980
vt 0.354895 0.158980
vt 0.354895 0.139725
vt 0.342059 0.139725
vt 0.354895 0.120471
vt 0.342059 0.120471
vt 0.342059 0.101216
vt 0.354895 0.101216
vt 0.354895 0.081962
vt 0.342059 0.081962
vt 0.967140 0.316508
vt 0.960029 0.321718
vt 0.963676 0.441200
vt 0.893258 0.160080
vt 0.910970 0.181073
vt 0.893258 0.181073
vt 0.926982 0.160080
vt 0.926982 0.181073
vt 0.935615 0.181073
vt 0.957912 0.160080
vt 0.957912 0.181073
vt 0.983989 0.160080
vt 0.983989 0.162740
vt 0.973853 0.181073
vt 0.980539 0.176985
vt 0.975845 0.181073
vt 0.443975 0.473757
vt 0.422370 0.468837
vt 0.422822 0.467552
vt 0.443780 0.475117
vt 0.931281 0.210544
vt 0.897558 0.210544
vt 0.915270 0.191239
vt 0.897558 0.191239
vt 0.931281 0.191239
vt 0.939915 0.191239
vt 0.962211 0.210544
vt 0.962211 0.191239
vt 0.978153 0.191239
vt 0.984838 0.195327
vt 0.980144 0.191239
vt 0.988288 0.209571
vt 0.988288 0.210544
vt 0.389456 0.486954
vt 0.389456 0.519367
vt 0.415471 0.291429
vt 0.416014 0.292683
vt 0.597479 0.279698
vt 0.597479 0.486086
vt 0.590753 0.486086
vt 0.599065 0.486086
vt 0.567601 0.479295
vt 0.599065 0.279657
vt 0.584783 0.280032
vt 0.602803 0.486086
vt 0.567026 0.285699
vt 0.602803 0.279558
vt 0.605551 0.486086
vt 0.605551 0.279486
vt 0.567026 0.479058
vt 0.560150 0.287894
vt 0.547398 0.295004
vt 0.547398 0.470975
vt 0.533292 0.302870
vt 0.543552 0.469391
vt 0.527770 0.308942
vt 0.527770 0.456069
vt 0.518556 0.319074
vt 0.522315 0.451464
vt 0.507208 0.337913
vt 0.507208 0.429459
vt 0.503534 0.344011
vt 0.504989 0.426228
vt 0.497627 0.399718
vt 0.496730 0.373018
vt 0.389456 0.657654
vt 0.389456 0.625241
vt 0.971709 0.413967
vt 0.337830 0.887525
vt 0.509462 0.880535
vt 0.509462 0.892462
vt 0.337830 0.871984
vt 0.951781 0.300152
vt 0.382399 0.236376
vt 0.382399 0.217121
vt 0.382399 0.197867
vt 0.382399 0.178612
vt 0.382399 0.159358
vt 0.382399 0.140104
vt 0.382399 0.120849
vt 0.382399 0.101595
vt 0.382399 0.082340
vt 0.972961 0.343187
vt 0.509462 0.936975
vt 0.337830 0.945526
vt 0.337830 0.929985
vt 0.509462 0.925048
vt 0.400850 0.458504
vt 0.400135 0.459680
vt 0.329222 0.081962
vt 0.329222 0.101216
vt 0.329222 0.120471
vt 0.329222 0.139725
vt 0.329222 0.158980
vt 0.329222 0.178234
vt 0.329222 0.197488
vt 0.329222 0.216743
vt 0.329222 0.235997
vt 0.389456 0.572304
vt 0.362987 0.526460
vt 0.343611 0.545836
vt 0.336519 0.572304
vt 0.442392 0.572304
vt 0.362987 0.618149
vt 0.343611 0.598773
vt 0.474806 0.572304
vt 0.304105 0.572304
vt 0.315540 0.614979
vt 0.315540 0.529629
vt 0.984818 0.892462
vt 0.984818 0.880535
vt 0.984818 0.908755
vt 0.509462 0.908755
vt 0.984818 0.925048
vt 0.984818 0.936975
vt 0.337830 0.908755
vt 0.511046 0.286342
vt 0.497660 0.290515
vt 0.497660 0.277605
vt 0.481908 0.282259
vt 0.522101 0.277605
vt 0.489176 0.293160
vt 0.522101 0.286052
vt 0.481908 0.297184
vt 0.523374 0.286018
vt 0.466155 0.290185
vt 0.523374 0.277605
vt 0.466448 0.305743
vt 0.526374 0.285939
vt 0.466155 0.306056
vt 0.526374 0.277605
vt 0.528579 0.285881
vt 0.528579 0.277605
vt 0.449652 0.306352
vt 0.452130 0.320991
vt 0.449652 0.325191
vt 0.436900 0.324050
vt 0.438817 0.343554
vt 0.436900 0.351725
vt 0.425648 0.341938
vt 0.943537 0.458368
vt 0.599131 0.158565
vt 0.582215 0.177464
vt 0.578358 0.161539
vt 0.578358 0.158565
vt 0.589690 0.182035
vt 0.587463 0.182035
vt 0.599131 0.182035
vt 0.631631 0.158565
vt 0.631631 0.182035
vt 0.632439 0.182035
vt 0.659992 0.182035
vt 0.665391 0.158565
vt 0.665391 0.182035
vt 0.687544 0.182035
vt 0.695203 0.158565
vt 0.695203 0.182035
vt 0.591442 0.189752
vt 0.600883 0.189752
vt 0.600883 0.211336
vt 0.583968 0.194323
vt 0.589216 0.189752
vt 0.580110 0.210248
vt 0.580110 0.211336
vt 0.633384 0.189752
vt 0.633384 0.211336
vt 0.634191 0.189752
vt 0.667143 0.211336
vt 0.661744 0.189752
vt 0.667143 0.189752
vt 0.689297 0.189752
vt 0.696955 0.211336
vt 0.696955 0.189752
vt 0.433356 0.366834
vt 0.417397 0.388140
vt 0.417397 0.368948
vt 0.425648 0.415149
vt 0.433786 0.391391
vt 0.436900 0.402547
vt 0.436900 0.433038
vt 0.440523 0.415526
vt 0.449652 0.428883
vt 0.449652 0.450735
vt 0.455359 0.437234
vt 0.466155 0.466902
vt 0.466155 0.446437
vt 0.474134 0.453238
vt 0.481908 0.474828
vt 0.481908 0.456500
vt 0.495717 0.462295
vt 0.497660 0.479482
vt 0.497660 0.462833
vt 0.516703 0.468105
vt 0.522101 0.479482
vt 0.522101 0.468105
vt 0.523374 0.468105
vt 0.523374 0.479482
vt 0.526374 0.468105
vt 0.526374 0.479482
vt 0.528579 0.468105
vt 0.528579 0.479482
vt 0.391476 0.306365
vt 0.390620 0.305286
vt 0.978047 0.391145
vt 0.978819 0.368159
vt 0.349583 0.395783
vt 0.358502 0.422676
vt 0.357253 0.423258
vt 0.350940 0.395585
vt 0.349093 0.367827
vt 0.350456 0.367973
vt 0.356586 0.341838
vt 0.355310 0.341325
vt 0.494711 0.602077
vt 0.473596 0.611630
vt 0.474632 0.599777
vt 0.494163 0.613775
vt 0.488986 0.724351
vt 0.463799 0.723670
vt 0.488619 0.732173
vt 0.463106 0.731595
vt 0.488619 0.745830
vt 0.463106 0.748712
vt 0.540275 0.613775
vt 0.539727 0.602077
vt 0.545452 0.724351
vt 0.545819 0.732173
vt 0.545819 0.745830
vt 0.488619 0.197867
vt 0.475783 0.178612
vt 0.488619 0.178612
vt 0.475783 0.197867
vt 0.475783 0.217121
vt 0.488619 0.217121
vt 0.488619 0.236376
vt 0.475783 0.236376
vt 0.488619 0.159358
vt 0.927402 0.286654
vt 0.596878 0.734298
vt 0.566371 0.625110
vt 0.591676 0.624947
vt 0.591308 0.617211
vt 0.576213 0.737675
vt 0.565675 0.617147
vt 0.591308 0.603182
vt 0.565675 0.599950
vt 0.597428 0.745866
vt 0.577255 0.749583
vt 0.395235 0.082340
vt 0.395235 0.101595
vt 0.395235 0.120849
vt 0.395235 0.140104
vt 0.395235 0.159358
vt 0.395235 0.178612
vt 0.395235 0.197867
vt 0.395235 0.217121
vt 0.395235 0.236376
vt 0.380430 0.443046
vt 0.381447 0.442125
vt 0.509321 0.834059
vt 0.984143 0.850334
vt 0.509320 0.850334
vt 0.984143 0.834059
vt 0.984143 0.866608
vt 0.509321 0.866608
vt 0.337881 0.850334
vt 0.337881 0.871540
vt 0.337881 0.829128
vt 0.316386 0.235997
vt 0.316386 0.216743
vt 0.316386 0.197488
vt 0.316386 0.178234
vt 0.316386 0.158980
vt 0.316386 0.139725
vt 0.316386 0.120471
vt 0.316386 0.101216
vt 0.316386 0.081962
vt 0.509759 0.967417
vt 0.985334 0.983717
vt 0.509759 0.983717
vt 0.985334 0.967417
vt 0.509759 0.951116
vt 0.985334 0.951116
vt 0.338047 0.967417
vt 0.338047 0.946177
vt 0.338047 0.988656
vt 0.920385 0.468083
vt 0.560843 0.611630
vt 0.559806 0.599777
vt 0.570639 0.723670
vt 0.571332 0.731595
vt 0.571332 0.748712
vt 0.444160 0.481753
vt 0.457495 0.475117
vt 0.457495 0.481753
vt 0.457495 0.483113
vt 0.443975 0.483113
vt 0.457495 0.473757
vt 0.420531 0.475211
vt 0.396236 0.465017
vt 0.375162 0.447053
vt 0.364368 0.419651
vt 0.357538 0.395056
vt 0.356707 0.370320
vt 0.363014 0.343435
vt 0.371561 0.316461
vt 0.376917 0.320353
vt 0.387611 0.299369
vt 0.413175 0.285215
vt 0.437761 0.277550
vt 0.456377 0.277065
vt 0.370466 0.315641
vt 0.859948 0.153110
vt 0.840523 0.153110
vt 0.840523 0.133596
vt 0.872092 0.133596
vt 0.872092 0.153110
vt 0.821646 0.153110
vt 0.805423 0.133596
vt 0.805423 0.153110
vt 0.769710 0.153110
vt 0.769710 0.133596
vt 0.643205 0.734298
vt 0.648407 0.624947
vt 0.648775 0.617211
vt 0.642655 0.745866
vt 0.648775 0.603182
vt 0.191385 0.919882
vt 0.189693 0.919882
vt 0.188391 0.919297
vt 0.188602 0.130535
vt 0.234118 0.057556
vt 0.212696 0.130909
vt 0.161764 0.907352
vt 0.159737 0.906442
vt 0.187059 0.130508
vt 0.234126 0.055261
vt 0.254221 0.130909
vt 0.276098 0.919882
vt 0.277224 0.919882
vt 0.233687 0.090471
vt 0.278522 0.919300
vt 0.278196 0.130536
vt 0.305054 0.907396
vt 0.307180 0.906442
vt 0.279859 0.130508
vt 0.798816 0.219976
vt 0.763614 0.237664
vt 0.763614 0.219976
vt 0.798816 0.237664
vt 0.741956 0.219976
vt 0.730243 0.237664
vt 0.730243 0.219976
vt 0.703921 0.219976
vt 0.697900 0.237664
vt 0.697900 0.219976
vt 0.676491 0.219976
vt 0.676043 0.237664
vt 0.676043 0.219976
vt 0.374142 0.447970
vt 0.378013 0.321169
vt 0.730799 0.133303
vt 0.743572 0.154279
vt 0.730799 0.154279
vt 0.767190 0.133303
vt 0.767190 0.154279
vt 0.702096 0.154279
vt 0.695530 0.133303
vt 0.695530 0.154279
vt 0.509227 0.819897
vt 0.337869 0.828434
vt 0.337869 0.812917
vt 0.509227 0.807988
vt 0.673712 0.625110
vt 0.663869 0.737675
vt 0.674408 0.617147
vt 0.674408 0.599950
vt 0.662828 0.749583
vt 0.346781 0.498389
vt 0.903942 0.279340
vt 0.337869 0.770526
vt 0.509227 0.763546
vt 0.509227 0.775455
vt 0.337869 0.755009
vt 0.873329 0.238284
vt 0.860025 0.218626
vt 0.873329 0.218626
vt 0.838746 0.238284
vt 0.838746 0.218626
vt 0.818068 0.218626
vt 0.800297 0.238284
vt 0.800297 0.218626
vt 0.346781 0.646220
vt 0.365618 0.419069
vt 0.386765 0.298283
vt 0.364289 0.343953
vt 0.837483 0.737820
vt 0.825554 0.651054
vt 0.837483 0.652097
vt 0.825554 0.738863
vt 0.712793 0.641195
vt 0.712793 0.748722
vt 0.704817 0.749420
vt 0.704817 0.640497
vt 0.687590 0.652942
vt 0.687590 0.736975
vt 0.766715 0.010106
vt 0.783937 0.114031
vt 0.766715 0.114031
vt 0.783937 0.010106
vt 0.801345 0.114031
vt 0.801345 0.010106
vt 0.827629 0.114031
vt 0.827629 0.010106
vt 0.395515 0.466189
vt 0.408071 0.236376
vt 0.408071 0.217121
vt 0.408071 0.197867
vt 0.408071 0.178612
vt 0.408071 0.159358
vt 0.408071 0.140104
vt 0.408071 0.120849
vt 0.408071 0.101595
vt 0.408071 0.082340
vt 0.829836 0.009842
vt 0.848513 0.113767
vt 0.829836 0.113767
vt 0.848513 0.009842
vt 0.874797 0.113767
vt 0.874797 0.009842
vt 0.892205 0.113767
vt 0.892205 0.009842
vt 0.909428 0.113767
vt 0.909428 0.009842
vt 0.303550 0.081962
vt 0.303550 0.101216
vt 0.303550 0.120471
vt 0.303550 0.139725
vt 0.303550 0.158980
vt 0.303550 0.178234
vt 0.303550 0.197488
vt 0.303550 0.216743
vt 0.303550 0.235997
vt 0.358892 0.394848
vt 0.358072 0.370455
vt 0.509227 0.791721
vt 0.983823 0.807988
vt 0.983823 0.819897
vt 0.983823 0.791721
vt 0.983823 0.775455
vt 0.983823 0.763546
vt 0.337869 0.791721
vt 0.885134 0.278852
vt 0.885134 0.278846
vt 0.885134 0.278954
vt 0.412638 0.283958
vt 0.420085 0.476498
vt 0.695732 0.158140
vt 0.726622 0.181611
vt 0.695732 0.181611
vt 0.731159 0.158140
vt 0.731159 0.181611
vt 0.768373 0.158140
vt 0.768373 0.181611
vt 0.734669 0.211821
vt 0.730132 0.190237
vt 0.734669 0.190237
vt 0.699243 0.211821
vt 0.699243 0.190237
vt 0.771883 0.190237
vt 0.771883 0.211821
vt 0.437535 0.276196
vt 0.770769 0.181356
vt 0.770769 0.160363
vt 0.804293 0.160363
vt 0.804293 0.181356
vt 0.840715 0.160363
vt 0.840715 0.181356
vt 0.848372 0.181356
vt 0.872027 0.160363
vt 0.872027 0.181356
vt 0.884750 0.181356
vt 0.892373 0.160363
vt 0.892373 0.181356
vt 0.775011 0.190899
vt 0.808535 0.190899
vt 0.775011 0.210205
vt 0.808535 0.210205
vt 0.844957 0.190899
vt 0.844957 0.210205
vt 0.852614 0.190899
vt 0.876270 0.210205
vt 0.876270 0.190899
vt 0.888992 0.190899
vt 0.896615 0.210205
vt 0.896615 0.190899
vt 0.424438 0.101595
vt 0.411602 0.082340
vt 0.424438 0.082340
vt 0.411602 0.101595
vt 0.411602 0.120849
vt 0.424438 0.120849
vt 0.411602 0.140104
vt 0.424438 0.140104
vt 0.437274 0.140104
vt 0.437274 0.120849
vt 0.437274 0.101595
vt 0.437274 0.082340
vt 0.450110 0.082340
vt 0.450110 0.101595
vt 0.450110 0.120849
vt 0.450110 0.140104
vt 0.462947 0.101595
vt 0.462947 0.082340
vt 0.462947 0.120849
vt 0.462947 0.140104
vt 0.475783 0.082340
vt 0.475783 0.101595
vt 0.475783 0.120849
vt 0.475783 0.140104
vt 0.475783 0.159358
vt 0.462947 0.159358
vt 0.450110 0.159358
vt 0.450110 0.178612
vt 0.462947 0.178612
vt 0.450110 0.197867
vt 0.462947 0.197867
vt 0.450110 0.217121
vt 0.462947 0.217121
vt 0.462947 0.236376
vt 0.450110 0.236376
vt 0.852683 0.651968
vt 0.965248 0.749466
vt 0.852683 0.739623
vt 0.840775 0.653009
vt 0.840775 0.738582
vt 0.965248 0.642125
vt 0.973210 0.750163
vt 0.973210 0.641429
vt 0.990407 0.737740
vt 0.990407 0.653852
vt 0.488619 0.101595
vt 0.488619 0.082340
vt 0.488619 0.120849
vt 0.488619 0.140104
vt 0.457495 0.275787
vt 0.457495 0.275679
vt 0.457495 0.275672
vt 0.672423 0.133229
vt 0.672882 0.154204
vt 0.672423 0.154204
vt 0.694804 0.133229
vt 0.694804 0.154204
vt 0.648258 0.154204
vt 0.636896 0.133229
vt 0.636896 0.154204
vt 0.623634 0.154204
vt 0.602709 0.133229
vt 0.602709 0.154204
vt 0.585429 0.154204
vt 0.578749 0.150120
vt 0.583439 0.154204
vt 0.575302 0.135887
vt 0.575302 0.133229
vt 0.972818 0.238883
vt 0.988224 0.223388
vt 0.991738 0.237893
vt 0.991738 0.238883
vt 0.981417 0.219225
vt 0.983444 0.219225
vt 0.972818 0.219225
vt 0.942480 0.219225
vt 0.939385 0.238883
vt 0.939385 0.219225
vt 0.917385 0.219225
vt 0.905001 0.238883
vt 0.905001 0.219225
vt 0.892289 0.219225
vt 0.875091 0.238883
vt 0.875091 0.219225
vt 0.980029 0.133417
vt 0.962757 0.152931
vt 0.962757 0.133417
vt 0.980029 0.135890
vt 0.970607 0.152931
vt 0.976822 0.149132
vt 0.972458 0.152931
vt 0.935064 0.152931
vt 0.932238 0.133417
vt 0.932238 0.152931
vt 0.912155 0.152931
vt 0.900850 0.133417
vt 0.900850 0.152931
vt 0.889246 0.152931
vt 0.873546 0.133417
vt 0.873546 0.152931
vt 0.674764 0.238238
vt 0.652603 0.220550
vt 0.674764 0.220550
vt 0.642184 0.238238
vt 0.642184 0.220550
vt 0.630023 0.220550
vt 0.610834 0.238238
vt 0.610834 0.220550
vt 0.585701 0.238238
vt 0.585701 0.237347
vt 0.594988 0.220550
vt 0.588862 0.224295
vt 0.593163 0.220550
vt 0.501456 0.120849
vt 0.501456 0.101595
vt 0.501456 0.082340
vt 0.900541 0.614117
vt 0.988443 0.526215
vt 0.988443 0.614117
vt 0.921264 0.620420
vt 0.967721 0.620420
vt 0.900541 0.526215
vt 0.967721 0.519046
vt 0.921264 0.519046
s 1
usemtl 1Mtl
f 1/1/1 2/2/2 3/3/3
f 4/4/4 2/2/2 1/1/1
f 2/2/2 4/4/4 5/5/5
f 2/2/2 6/6/6 3/3/3
f 6/6/6 7/7/7 3/3/3
f 7/7/7 6/6/6 8/8/8
f 9/9/9 10/10/10 11/11/11
f 12/12/12 10/10/10 9/9/9
f 12/12/12 9/9/9 13/13/13
f 14/12/14 15/14/15 16/15/16
f 16/15/16 15/14/15 17/16/17
f 15/14/15 14/12/14 18/13/18
f 19/17/19 20/18/20 21/19/21
f 22/20/22 20/18/20 19/17/19
f 19/17/19 23/21/23 22/20/22
f 24/22/24 25/23/25 26/24/26
f 27/18/27 25/23/25 24/22/24
f 27/18/27 24/22/24 28/19/28
f 29/25/29 30/26/30 31/27/30
f 30/26/30 29/25/29 32/28/29
f 29/25/29 33/29/31 32/28/29
f 33/29/31 29/25/29 34/30/31
f 35/31/32 36/32/33 37/33/34
f 36/32/33 35/31/32 38/34/32
f 35/31/32 39/35/35 38/34/32
f 39/35/35 35/31/32 40/36/35
f 41/37/36 42/38/37 43/39/38
f 42/38/37 44/40/39 43/39/38
f 42/38/37 41/37/36 45/41/36
f 46/42/40 45/41/36 41/37/36
f 45/41/36 46/42/40 47/43/41
f 47/43/41 48/44/42 45/41/36
f 46/42/40 41/37/36 49/45/40
f 50/46/41 48/44/42 47/43/41
f 50/46/41 51/47/41 48/44/42
f 52/48/43 49/45/40 41/37/36
f 53/49/44 51/47/41 50/46/41
f 51/47/41 53/49/44 54/50/43
f 49/45/40 52/48/43 55/51/43
f 56/52/43 55/51/43 52/48/43
f 57/53/36 49/45/40 55/51/43
f 49/45/40 57/53/36 58/54/45
f 57/53/36 59/55/46 58/54/45
f 56/52/43 60/56/43 55/51/43
f 60/56/43 56/52/43 61/57/36
f 61/57/36 62/58/36 60/56/43
f 62/58/36 61/57/36 63/59/38
f 61/57/36 64/60/47 63/59/38
f 62/58/36 63/59/38 65/61/45
f 65/61/45 66/62/46 62/58/36
f 67/63/48 53/49/44 68/64/48
f 69/65/49 53/49/44 67/63/48
f 53/49/44 69/65/49 54/50/43
f 69/65/49 70/66/47 54/50/43
f 71/67/50 72/68/51 73/69/52
f 72/68/51 71/67/50 74/70/53
f 73/69/52 75/71/54 71/67/50
f 75/71/54 73/69/52 76/72/55
f 77/15/56 74/70/57 78/67/50
f 74/70/57 77/15/56 79/73/58
f 80/16/17 81/74/59 79/73/58
f 80/16/17 79/73/58 82/15/56
f 83/67/60 84/12/61 82/15/56
f 84/12/61 83/67/60 85/71/54
f 86/75/62 87/76/63 88/77/64
f 87/76/63 86/75/62 89/78/65
f 89/78/65 86/75/62 90/79/66
f 91/80/67 92/81/68 93/82/67
f 92/81/68 91/80/67 94/83/68
f 91/80/67 93/82/67 95/84/36
f 96/85/69 92/81/68 94/83/68
f 97/86/36 95/84/36 93/82/67
f 92/81/68 96/85/69 98/87/70
f 99/88/69 98/87/70 96/85/69
f 96/85/69 100/89/70 99/88/69
f 101/90/36 95/84/36 97/86/36
f 97/86/36 102/91/36 101/90/36
f 103/92/71 101/90/36 102/91/36
f 103/92/71 104/93/72 101/90/36
f 105/94/73 104/93/72 103/92/71
f 104/93/72 105/94/73 106/95/73
f 107/96/74 106/95/73 105/94/73
f 106/95/73 107/96/74 108/97/73
f 107/96/74 109/98/73 108/97/73
f 109/98/73 107/96/74 110/99/73
f 111/100/75 112/101/75 113/102/75
f 113/102/75 112/101/75 114/103/75
f 111/100/75 115/104/75 112/101/75
f 116/105/75 113/102/75 114/103/75
f 115/104/75 111/100/75 117/106/75
f 113/102/75 116/105/75 118/107/75
f 115/104/75 117/106/75 119/108/75
f 120/109/75 118/107/75 116/105/75
f 121/110/75 119/108/75 117/106/75
f 118/107/75 120/109/75 122/111/75
f 119/108/75 121/110/75 123/112/76
f 124/113/75 122/111/75 120/109/75
f 119/108/75 123/112/76 125/114/76
f 122/111/75 124/113/75 126/115/75
f 125/114/76 123/112/76 127/116/77
f 128/117/75 126/115/75 124/113/75
f 125/114/76 127/116/77 129/118/78
f 129/118/78 127/116/77 130/119/79
f 130/119/79 131/120/80 129/118/78
f 126/115/75 128/117/75 132/121/75
f 133/122/75 132/121/75 128/117/75
f 132/121/75 133/122/75 134/123/75
f 134/123/75 133/122/75 135/124/75
f 134/123/75 135/124/75 136/125/81
f 136/125/81 135/124/75 137/126/75
f 137/126/75 135/124/75 138/127/75
f 139/128/82 140/129/83 141/130/84
f 141/130/84 142/131/85 139/128/82
f 143/78/86 144/132/87 145/133/88
f 144/132/87 143/78/86 146/79/89
f 147/134/75 148/135/75 149/136/75
f 150/137/75 149/136/75 148/135/75
f 147/134/75 151/138/75 148/135/75
f 152/139/75 150/137/75 148/135/75
f 151/138/75 147/134/75 153/140/90
f 150/137/75 152/139/75 154/141/75
f 151/138/75 153/140/90 155/142/76
f 156/143/75 154/141/75 152/139/75
f 151/138/75 155/142/76 157/144/76
f 154/141/75 156/143/75 158/145/91
f 157/144/76 155/142/76 159/146/92
f 156/143/75 160/147/93 158/145/91
f 157/144/76 159/146/92 161/148/78
f 162/149/80 161/148/78 159/146/92
f 161/148/78 162/149/80 163/150/94
f 164/151/75 160/147/93 156/143/75
f 160/147/93 164/151/75 165/152/93
f 165/152/93 164/151/75 166/153/75
f 167/154/75 166/153/75 164/151/75
f 166/153/75 167/154/75 168/155/75
f 167/154/75 169/156/75 168/155/75
f 169/156/75 167/154/75 170/157/75
f 171/158/95 172/159/96 173/160/97
f 171/158/95 173/160/97 174/161/98
f 175/162/99 171/158/95 174/161/98
f 171/158/95 175/162/99 176/163/100
f 177/164/101 176/163/100 175/162/99
f 176/163/100 177/164/101 178/165/102
f 177/164/101 179/166/103 178/165/102
f 180/167/104 179/166/103 177/164/101
f 180/167/104 181/168/105 179/166/103
f 182/169/106 181/168/105 180/167/104
f 174/161/107 183/170/108 184/162/109
f 183/170/108 174/161/107 185/171/110
f 174/161/107 186/172/111 185/171/110
f 187/160/112 186/172/111 174/161/107
f 188/173/102 189/162/113 183/170/108
f 189/162/113 188/173/102 190/164/102
f 191/174/114 192/164/101 188/173/115
f 192/164/101 191/174/114 193/167/116
f 193/167/117 194/175/118 182/169/106
f 194/175/118 193/167/117 195/174/119
f 196/174/120 197/176/121 194/175/122
f 194/175/122 197/176/121 198/177/123
f 199/174/124 200/178/101 197/176/121
f 201/173/101 200/178/101 199/174/124
f 202/173/102 203/179/125 200/178/102
f 204/170/108 203/179/125 202/173/102
f 205/176/126 206/180/127 198/177/128
f 206/180/127 205/176/126 207/181/129
f 207/181/129 205/176/126 208/182/102
f 208/182/102 205/176/126 209/178/102
f 210/179/130 208/182/102 209/178/102
f 208/182/102 210/179/130 211/183/131
f 212/184/132 211/183/131 210/179/130
f 213/170/133 212/184/132 203/179/125
f 185/171/134 212/184/132 213/170/133
f 214/172/135 212/184/132 185/171/134
f 212/184/132 214/172/135 215/185/136
f 216/186/90 215/185/137 217/172/138
f 215/185/137 216/186/90 218/187/90
f 219/188/139 218/187/75 220/186/75
f 218/187/75 219/188/139 221/189/140
f 211/183/131 212/184/132 222/190/141
f 223/191/118 221/189/140 224/188/139
f 221/189/140 223/191/118 225/192/123
f 226/193/142 223/191/143 227/194/144
f 227/194/144 223/191/143 228/188/139
f 227/194/144 229/188/139 230/195/75
f 230/195/75 229/188/139 231/186/75
f 232/195/90 231/186/90 233/160/97
f 233/160/97 231/186/90 186/172/145
f 225/192/128 234/196/146 235/189/147
f 236/197/148 235/189/147 234/196/146
f 237/198/75 235/189/147 236/197/148
f 235/189/147 237/198/75 238/187/75
f 238/187/75 237/198/75 239/185/149
f 239/185/149 237/198/75 240/199/150
f 212/184/132 239/185/149 240/199/150
f 212/184/132 240/199/150 222/190/141
f 241/200/36 242/197/151 234/196/152
f 242/197/151 241/200/36 243/201/153
f 244/202/75 242/197/151 243/201/153
f 242/197/151 244/202/75 245/198/75
f 246/203/154 245/198/75 244/202/75
f 245/198/75 246/203/154 247/199/155
f 247/199/155 246/203/154 222/190/156
f 222/190/156 246/203/154 248/204/157
f 249/205/158 222/190/156 248/204/157
f 222/190/156 249/205/158 250/183/159
f 249/205/158 251/182/102 250/183/159
f 252/206/102 251/182/102 249/205/158
f 252/206/102 253/181/160 251/182/102
f 254/207/161 253/181/160 252/206/102
f 255/208/40 253/181/160 254/207/161
f 253/181/160 255/208/40 206/180/162
f 170/157/75 256/209/75 169/156/75
f 170/157/75 257/210/75 256/209/75
f 256/209/75 257/210/75 258/211/75
f 259/212/75 257/210/75 170/157/75
f 257/210/75 259/212/75 260/213/75
f 257/210/75 261/214/75 258/211/75
f 261/214/75 257/210/75 262/215/75
f 261/214/75 262/215/75 263/216/75
f 263/216/75 262/215/75 264/217/75
f 264/217/75 262/215/75 265/218/75
f 264/217/75 265/218/75 266/219/75
f 266/219/75 265/218/75 267/220/75
f 267/220/75 268/221/75 266/219/75
f 267/220/75 269/222/75 268/221/75
f 269/222/75 267/220/75 270/223/75
f 270/223/75 271/224/75 269/222/75
f 271/224/75 270/223/75 272/225/75
f 273/226/75 272/225/75 270/223/75
f 272/225/75 273/226/75 274/227/75
f 274/227/75 273/226/75 275/228/75
f 276/229/75 275/228/75 273/226/75
f 275/228/75 276/229/75 277/230/75
f 277/230/75 276/229/75 278/231/76
f 277/230/75 278/231/76 279/232/76
f 280/233/77 279/232/76 278/231/76
f 279/232/76 280/233/77 281/234/78
f 281/234/78 280/233/77 282/235/163
f 283/236/80 281/234/78 282/235/163
f 284/237/164 285/238/165 286/239/166
f 285/238/165 284/237/164 287/240/167
f 288/241/168 289/242/169 290/243/170
f 288/241/168 290/243/170 291/244/171
f 292/245/172 293/130/173 294/129/174
f 293/130/173 292/245/172 295/246/175
f 296/247/176 297/248/177 298/249/178
f 296/247/176 299/250/179 297/248/177
f 299/250/179 296/247/176 300/251/180
f 301/252/181 302/133/182 303/132/183
f 301/252/181 303/132/183 304/253/184
f 305/254/185 306/255/186 307/256/187
f 307/256/187 306/255/186 308/257/188
f 309/258/102 307/256/187 308/257/188
f 307/256/187 309/258/102 310/259/102
f 311/260/189 310/259/102 309/258/102
f 310/259/102 311/260/189 312/261/190
f 311/260/189 313/262/41 312/261/190
f 314/263/191 313/262/41 311/260/189
f 315/264/192 316/265/193 317/266/194
f 318/267/194 317/266/194 316/265/193
f 316/265/193 315/264/192 319/268/195
f 317/266/194 318/267/194 320/269/196
f 321/270/197 319/268/195 315/264/192
f 322/271/198 320/269/196 318/267/194
f 319/268/195 321/270/197 323/272/199
f 320/269/196 322/271/198 324/273/200
f 323/272/199 321/270/197 325/274/193
f 325/274/193 326/275/195 323/272/199
f 326/275/195 325/274/193 327/276/193
f 328/277/200 324/273/200 322/271/198
f 324/273/200 328/277/200 329/278/201
f 330/279/202 329/278/201 328/277/200
f 331/11/203 332/280/204 333/281/205
f 332/280/204 331/11/203 334/10/206
f 335/12/207 336/282/208 334/10/10
f 337/71/209 336/282/208 335/12/207
f 332/280/210 338/10/206 339/283/211
f 340/282/212 339/283/211 338/10/206
f 339/283/213 341/282/212 342/284/214
f 343/285/215 342/284/214 341/282/212
f 344/71/216 343/285/215 341/282/212
f 345/72/217 343/285/215 344/71/216
f 346/286/218 347/11/219 333/281/220
f 347/11/219 346/286/218 348/287/221
f 348/287/221 346/286/218 349/288/221
f 346/286/218 350/289/222 349/288/221
f 351/290/223 347/11/219 348/287/221
f 351/290/223 348/287/221 349/288/221
f 352/9/224 347/11/219 351/290/223
f 349/288/221 350/289/222 353/16/225
f 353/16/225 351/290/223 349/288/221
f 354/74/226 353/16/225 350/289/222
f 351/290/223 353/16/225 355/14/227
f 355/14/227 352/9/224 351/290/223
f 352/9/224 355/14/227 356/13/13
f 357/291/228 358/292/229 359/293/230
f 357/291/228 359/293/230 360/294/231
f 361/295/232 357/291/228 360/294/231
f 361/295/232 360/294/231 362/296/233
f 363/297/234 361/295/232 362/296/233
f 361/295/232 363/297/234 364/298/235
f 365/299/236 366/300/237 367/301/236
f 366/300/237 365/299/236 368/302/238
f 365/299/236 367/301/236 369/303/239
f 366/300/237 368/302/238 370/304/238
f 371/305/240 369/303/239 367/301/236
f 372/306/238 370/304/238 368/302/238
f 369/303/239 371/305/240 373/307/241
f 370/304/238 372/306/238 374/308/238
f 375/309/242 373/307/241 371/305/240
f 373/307/241 375/309/242 376/310/243
f 377/311/243 376/310/243 375/309/242
f 374/308/238 372/306/238 378/312/238
f 378/312/238 379/313/237 374/308/238
f 379/313/237 378/312/238 380/314/244
f 381/315/245 382/316/246 383/131/247
f 382/316/246 384/128/248 383/131/247
f 384/128/248 382/316/246 385/317/249
f 382/316/246 381/315/245 386/318/250
f 381/315/245 387/319/251 386/318/250
f 387/319/251 381/315/245 388/320/252
f 383/131/247 389/321/253 381/315/245
f 389/321/253 383/131/247 390/130/254
f 391/246/255 389/321/253 390/130/254
f 389/321/253 391/246/255 392/322/256
f 393/323/257 392/322/256 391/246/255
f 392/322/256 393/323/257 394/324/258
f 395/325/259 394/324/258 393/323/257
f 394/324/258 395/325/259 396/293/260
f 395/325/259 397/294/261 396/293/260
f 397/294/261 395/325/259 398/326/262
f 398/326/262 399/327/263 397/294/261
f 400/296/264 397/294/261 399/327/263
f 399/327/263 401/328/265 400/296/264
f 402/297/234 400/296/264 401/328/265
f 401/328/265 403/329/266 402/297/234
f 403/329/266 401/328/265 404/330/267
f 405/253/268 403/329/266 404/330/267
f 406/331/269 403/329/266 405/253/268
f 407/132/270 406/331/269 405/253/268
f 406/331/269 407/132/270 408/332/271
f 409/79/66 408/332/271 407/132/270
f 408/332/271 409/79/66 410/333/272
f 409/79/66 411/334/273 410/333/272
f 411/334/273 409/79/66 412/75/62
f 413/335/274 314/263/275 414/336/276
f 414/336/276 314/263/275 415/260/277
f 416/258/102 414/336/276 415/260/277
f 414/336/276 416/258/102 417/337/102
f 416/258/102 418/338/116 417/337/102
f 418/338/116 416/258/102 419/257/103
f 419/257/103 420/339/278 418/338/116
f 419/257/103 306/255/279 420/339/278
f 421/323/280 422/245/281 423/340/282
f 422/245/281 421/323/280 424/246/175
f 425/341/283 426/342/101 427/343/284
f 426/342/101 425/341/283 428/344/285
f 425/341/283 429/345/41 428/344/285
f 429/345/41 425/341/283 430/346/40
f 431/347/286 429/345/41 430/346/40
f 429/345/41 431/347/286 432/348/287
f 433/349/288 432/348/287 431/347/286
f 432/348/287 433/349/288 434/350/289
f 433/349/288 435/351/290 434/350/289
f 435/351/290 433/349/288 436/352/291
f 436/352/291 437/353/292 435/351/290
f 437/353/292 436/352/291 438/354/293
f 439/355/294 437/353/292 438/354/293
f 437/353/292 439/355/294 440/356/295
f 440/356/295 439/355/294 441/357/101
f 442/358/296 441/357/101 439/355/294
f 443/359/102 444/360/297 445/361/298
f 444/360/297 443/359/102 446/362/299
f 447/363/300 445/361/298 444/360/297
f 448/364/301 447/363/300 444/360/297
f 449/365/302 447/363/300 448/364/301
f 447/363/300 449/365/302 450/366/303
f 451/367/304 450/366/303 449/365/302
f 450/366/303 451/367/304 452/368/90
f 451/367/304 453/369/305 452/368/90
f 453/369/305 451/367/304 454/370/306
f 454/370/306 455/371/40 453/369/305
f 456/372/40 455/371/40 454/370/306
f 457/373/307 455/371/40 456/372/40
f 455/371/40 457/373/307 458/374/308
f 458/374/308 457/373/307 459/375/101
f 460/376/299 459/375/101 457/373/307
f 461/377/309 462/297/310 463/329/311
f 462/297/310 461/377/309 464/298/235
f 465/252/312 466/330/313 467/378/314
f 466/330/313 465/252/312 468/253/315
f 469/379/316 470/293/260 471/292/317
f 470/293/260 469/379/316 472/324/318
f 473/380/319 474/381/320 475/382/321
f 474/381/320 473/380/319 476/383/322
f 474/381/320 476/383/322 477/384/323
f 478/383/324 479/385/325 477/384/326
f 479/385/325 478/383/324 480/386/327
f 479/385/325 480/386/327 481/387/328
f 482/388/329 481/387/330 483/386/327
f 484/389/331 481/387/330 482/388/329
f 481/387/330 484/389/331 485/390/331
f 486/391/332 485/390/331 484/389/331
f 485/390/331 486/391/332 487/392/332
f 488/393/333 489/394/334 490/395/335
f 489/394/334 488/393/333 491/396/336
f 492/397/337 493/398/338 494/399/320
f 495/400/321 494/399/320 493/398/338
f 492/397/337 494/399/320 496/401/323
f 497/402/325 498/397/339 496/401/326
f 498/397/339 497/402/325 499/403/340
f 499/403/340 497/402/325 500/404/341
f 501/405/332 502/403/342 500/404/343
f 501/405/332 503/406/331 502/403/342
f 503/406/331 501/405/332 504/407/332
f 502/403/342 503/406/331 505/408/332
f 502/403/342 505/408/332 506/409/344
f 507/410/345 508/239/346 509/411/347
f 508/239/346 507/410/345 510/237/348
f 511/412/349 512/248/177 513/413/350
f 512/248/177 511/412/349 514/249/351
f 515/414/102 516/415/102 517/416/102
f 515/414/102 518/417/352 516/415/102
f 519/418/102 515/414/102 517/416/102
f 518/417/352 515/414/102 520/419/353
f 515/414/102 519/418/102 521/420/102
f 520/419/353 522/421/354 518/417/352
f 521/420/102 519/418/102 523/422/102
f 522/421/354 520/419/353 524/423/355
f 524/423/355 525/424/48 522/421/354
f 525/424/48 524/423/355 526/425/45
f 523/422/102 519/418/102 527/426/102
f 528/427/102 523/422/102 527/426/102
f 527/426/102 529/428/102 528/427/102
f 529/428/102 527/426/102 530/429/102
f 529/428/102 530/429/102 531/430/102
f 531/430/102 530/429/102 532/431/102
f 532/431/102 533/432/102 531/430/102
f 533/432/102 532/431/102 534/433/102
f 533/432/102 534/433/102 535/434/102
f 535/434/102 534/433/102 536/435/102
f 536/435/102 537/436/102 535/434/102
f 537/436/102 536/435/102 538/437/102
f 537/436/102 538/437/102 539/438/356
f 539/438/356 538/437/102 540/439/357
f 539/438/356 540/439/357 541/440/102
f 539/438/356 541/440/102 542/441/102
f 543/442/358 544/443/359 545/242/169
f 543/442/358 545/242/169 546/241/360
f 547/444/361 548/323/257 549/340/282
f 548/323/257 547/444/361 550/325/362
f 551/445/363 552/446/364 553/447/365
f 552/446/364 551/445/363 554/448/366
f 555/331/367 556/377/309 557/329/311
f 556/377/309 555/331/367 558/449/368
f 559/450/369 442/358/370 560/451/371
f 561/355/372 560/451/371 442/358/370
f 560/451/371 561/355/372 562/452/292
f 562/452/292 561/355/372 563/354/292
f 562/452/292 563/354/292 564/453/373
f 564/453/373 563/354/292 565/352/291
f 433/349/374 564/453/373 565/352/291
f 564/453/373 433/349/374 566/454/375
f 433/349/374 567/455/376 566/454/375
f 567/455/376 433/349/374 568/347/377
f 569/346/41 567/455/376 568/347/377
f 567/455/376 569/346/41 570/456/41
f 571/341/378 570/456/41 569/346/41
f 570/456/41 571/341/378 572/457/379
f 427/343/296 572/457/379 571/341/378
f 572/457/379 427/343/296 573/458/369
f 574/459/380 575/378/381 576/330/267
f 576/330/267 577/328/382 574/459/380
f 578/460/383 579/461/384 580/462/385
f 580/462/385 581/463/386 578/460/383
f 582/464/387 583/394/334 584/465/388
f 583/394/334 582/464/387 585/395/335
f 586/466/389 460/376/390 587/467/391
f 588/373/392 587/467/391 460/376/390
f 589/372/40 587/467/391 588/373/392
f 587/467/391 589/372/40 590/468/41
f 590/468/41 589/372/40 591/469/393
f 589/372/40 592/370/394 591/469/393
f 451/367/395 591/469/393 592/370/394
f 591/469/393 451/367/395 593/470/396
f 451/367/395 594/471/397 593/470/396
f 594/471/397 451/367/395 595/365/398
f 596/364/300 594/471/397 595/365/398
f 594/471/397 596/364/300 597/472/300
f 596/364/300 598/473/399 597/472/300
f 599/360/400 598/473/399 596/364/300
f 446/362/299 598/473/399 599/360/400
f 598/473/399 446/362/299 600/474/401
f 601/411/402 602/475/102 603/476/403
f 603/476/403 602/475/102 604/477/404
f 605/239/405 602/475/102 601/411/402
f 606/238/406 602/475/102 605/239/405
f 604/477/404 602/475/102 607/478/407
f 608/479/408 602/475/102 606/238/406
f 609/243/409 602/475/102 608/479/408
f 610/242/410 602/475/102 609/243/409
f 611/443/411 602/475/102 610/242/410
f 612/480/412 602/475/102 611/443/411
f 613/481/413 602/475/102 612/480/412
f 607/478/407 602/475/102 613/481/413
f 614/238/406 615/482/414 608/479/415
f 614/238/406 616/240/416 615/482/414
f 615/482/414 617/243/417 608/479/415
f 617/243/417 615/482/414 618/244/418
f 619/481/419 620/483/420 607/478/407
f 619/481/419 621/484/421 620/483/420
f 620/483/420 622/477/422 607/478/407
f 622/477/422 620/483/420 623/485/423
f 624/446/424 625/486/374 626/447/425
f 625/486/374 624/446/424 627/487/426
f 628/488/75 626/447/425 625/486/374
f 626/447/425 628/488/75 629/489/427
f 630/490/395 629/489/427 628/488/75
f 629/489/427 630/490/395 631/463/386
f 632/491/396 631/463/386 630/490/395
f 631/463/386 632/491/396 633/460/383
f 634/492/428 629/489/429 635/463/430
f 635/463/430 636/462/431 634/492/428
f 634/492/428 637/447/432 629/489/429
f 637/447/432 634/492/428 638/445/433
f 639/493/102 640/494/102 641/495/102
f 640/494/102 642/496/102 641/495/102
f 641/495/102 643/497/102 639/493/102
f 642/496/102 640/494/102 644/498/101
f 639/493/102 643/497/102 645/499/102
f 644/498/101 646/500/102 642/496/102
f 643/497/102 647/501/353 645/499/102
f 646/500/102 648/502/102 642/496/102
f 647/501/353 643/497/102 649/503/353
f 650/504/102 648/502/102 646/500/102
f 649/503/353 651/505/354 647/501/353
f 650/504/102 652/506/356 648/502/102
f 651/505/354 649/503/353 653/507/434
f 653/507/434 654/508/48 651/505/354
f 654/508/48 653/507/434 655/509/48
f 652/506/356 656/510/102 648/502/102
f 656/510/102 652/506/356 657/511/356
f 657/511/356 658/512/102 656/510/102
f 658/512/102 659/513/102 656/510/102
f 659/513/102 658/512/102 660/514/357
f 660/514/357 661/515/102 659/513/102
f 662/516/102 659/513/102 661/515/102
f 663/379/435 664/517/436 665/322/256
f 665/322/256 666/324/437 663/379/435
f 667/518/333 668/519/195 669/520/195
f 667/518/333 669/520/195 670/521/438
f 671/522/195 668/519/195 667/518/333
f 668/519/195 671/522/195 672/523/193
f 671/522/195 667/518/333 673/524/194
f 674/525/439 673/524/440 675/518/333
f 673/524/440 674/525/439 676/526/441
f 677/525/439 678/527/442 676/526/441
f 677/525/439 679/528/442 678/527/442
f 680/529/443 679/528/442 677/525/439
f 679/528/442 680/529/443 681/530/444
f 682/529/443 683/531/445 681/530/446
f 683/531/445 682/529/443 684/532/447
f 685/533/448 683/531/445 684/532/447
f 686/534/199 687/535/194 688/536/248
f 688/536/248 689/537/199 686/534/199
f 686/534/199 689/537/199 690/538/197
f 688/536/248 691/539/449 689/537/199
f 688/536/248 692/540/450 691/539/449
f 693/541/441 694/536/248 687/535/440
f 693/541/441 695/542/451 694/536/248
f 696/543/442 697/542/452 693/541/453
f 697/542/452 696/543/442 698/544/454
f 698/544/454 696/543/442 699/545/442
f 699/545/442 700/546/444 698/544/454
f 701/547/445 702/544/455 700/546/446
f 701/547/445 703/548/456 702/544/455
f 703/548/456 701/547/445 704/549/457
f 705/550/102 662/516/102 661/515/102
f 662/516/102 706/551/102 707/552/102
f 706/551/102 662/516/102 708/553/102
f 708/553/102 662/516/102 705/550/102
f 708/553/102 705/550/102 709/554/102
f 708/553/102 709/554/102 710/555/102
f 710/555/102 711/556/102 708/553/102
f 711/556/102 710/555/102 712/557/102
f 713/558/102 711/556/102 712/557/102
f 711/556/102 713/558/102 714/559/102
f 714/559/102 713/558/102 715/560/102
f 715/560/102 716/561/102 714/559/102
f 715/560/102 717/562/102 716/561/102
f 718/563/102 716/561/102 717/562/102
f 716/561/102 718/563/102 719/564/102
f 718/563/102 720/565/102 719/564/102
f 721/566/102 719/564/102 720/565/102
f 721/566/102 722/567/102 719/564/102
f 722/567/102 721/566/102 723/568/102
f 724/569/102 722/567/102 723/568/102
f 722/567/102 724/569/102 725/570/102
f 724/569/102 726/571/357 725/570/102
f 725/570/102 726/571/357 727/572/353
f 725/570/102 727/572/353 728/573/353
f 728/573/353 727/572/353 729/574/354
f 728/573/353 729/574/354 730/575/458
f 729/574/354 731/576/48 730/575/458
f 731/576/48 732/577/45 730/575/458
f 733/578/459 734/412/349 735/413/460
f 734/412/349 733/578/459 736/579/461
f 737/444/462 738/326/463 739/325/464
f 738/326/463 737/444/462 740/580/465
f 741/581/466 738/326/463 740/580/465
f 738/326/463 741/581/466 742/327/467
f 743/459/468 742/327/467 741/581/466
f 742/327/467 743/459/468 744/328/265
f 745/582/469 746/583/470 747/584/471
f 746/583/470 745/582/469 748/585/472
f 749/586/473 748/585/472 745/582/469
f 748/585/472 749/586/473 750/587/474
f 751/586/475 752/588/476 750/587/474
f 752/588/476 751/586/475 753/589/477
f 754/590/478 755/591/479 756/592/480
f 755/591/479 754/590/478 757/593/481
f 758/594/482 755/591/479 757/593/481
f 755/591/479 758/594/482 759/595/483
f 760/596/484 759/595/483 758/594/482
f 759/595/483 760/596/484 761/597/485
f 761/597/485 760/596/484 762/598/486
f 761/597/485 762/598/486 763/599/487
f 764/600/488 765/594/489 766/593/490
f 766/593/490 767/601/491 764/600/488
f 767/601/491 766/593/490 768/590/492
f 765/594/489 764/600/488 769/602/493
f 765/594/489 769/602/493 770/596/494
f 771/603/495 770/596/494 769/602/493
f 771/603/495 772/598/486 770/596/494
f 772/598/486 771/603/495 773/604/496
f 774/605/102 775/606/497 776/607/161
f 775/606/497 774/605/102 777/608/102
f 774/605/102 778/609/159 777/608/102
f 778/609/159 774/605/102 779/610/187
f 780/611/293 778/609/159 779/610/187
f 778/609/159 780/611/293 781/612/498
f 782/166/499 780/611/300 783/610/187
f 181/168/500 780/611/300 782/166/499
f 784/605/101 782/166/499 783/610/187
f 782/166/499 784/605/101 785/165/102
f 785/165/102 784/605/101 786/163/501
f 786/163/501 784/605/101 787/607/502
f 787/607/502 171/158/503 786/163/501
f 788/613/504 171/158/503 787/607/502
f 789/331/367 790/332/505 791/614/506
f 789/331/367 791/614/506 792/449/507
f 793/615/508 794/616/509 795/617/510
f 794/616/509 796/618/511 795/617/510
f 794/616/509 793/615/508 797/619/512
f 796/618/511 794/616/509 798/620/513
f 798/620/513 799/621/514 796/618/511
f 799/621/514 798/620/513 800/622/515
f 797/619/512 801/623/516 802/624/517
f 801/623/516 797/619/512 803/615/508
f 573/458/369 804/625/518 805/457/519
f 806/626/520 805/457/519 804/625/518
f 805/457/519 806/626/520 807/456/41
f 806/626/520 808/627/41 807/456/41
f 809/628/521 807/456/41 808/627/41
f 807/456/41 809/628/521 810/455/522
f 809/628/521 566/454/523 810/455/522
f 566/454/523 809/628/521 811/629/195
f 812/630/524 566/454/523 811/629/195
f 566/454/523 812/630/524 813/453/525
f 812/630/524 814/452/157 813/453/525
f 815/631/292 814/452/157 812/630/524
f 816/632/526 814/452/157 815/631/292
f 814/452/157 816/632/526 817/451/527
f 818/633/518 817/451/527 816/632/526
f 817/451/527 818/633/518 559/450/528
f 819/465/529 820/634/530 821/464/531
f 821/464/531 820/634/530 822/635/532
f 823/636/533 824/637/195 825/638/534
f 824/637/195 823/636/533 826/639/535
f 827/640/375 825/638/534 824/637/195
f 825/638/534 827/640/375 828/641/424
f 829/642/536 825/638/534 830/641/424
f 830/641/424 831/643/537 829/642/536
f 829/642/536 832/636/533 825/638/534
f 832/636/533 829/642/536 833/644/538
f 600/474/389 834/645/199 835/473/539
f 836/646/540 835/473/539 834/645/199
f 835/473/539 836/646/540 837/472/185
f 837/472/185 836/646/540 838/647/300
f 837/472/185 838/647/300 839/471/541
f 839/471/541 838/647/300 840/648/542
f 840/648/542 593/470/543 839/471/541
f 593/470/543 840/648/542 841/649/544
f 842/650/545 593/470/543 841/649/544
f 593/470/543 842/650/545 843/469/546
f 844/651/41 843/469/546 842/650/545
f 843/469/546 844/651/41 845/468/40
f 846/652/547 845/468/40 844/651/41
f 845/468/40 846/652/547 847/467/548
f 848/653/199 847/467/548 846/652/547
f 847/467/548 848/653/199 586/466/549
f 849/654/550 850/655/528 851/656/551
f 850/655/528 849/654/550 852/657/237
f 853/658/552 852/657/237 849/654/550
f 852/657/237 853/658/552 854/659/553
f 855/660/554 856/658/555 849/654/550
f 856/658/555 855/660/554 857/661/556
f 855/660/554 849/654/550 858/656/551
f 858/656/551 859/662/557 855/660/554
f 860/322/558 861/663/559 862/321/560
f 861/663/559 860/322/558 863/517/561
f 864/664/562 865/602/563 866/600/564
f 867/601/565 864/664/562 866/600/564
f 864/664/562 867/601/565 868/665/566
f 865/602/563 864/664/562 869/666/567
f 869/666/567 870/603/495 865/602/563
f 870/603/495 869/666/567 871/667/568
f 871/667/568 872/604/569 870/603/495
f 872/604/569 871/667/568 873/668/570
f 874/669/571 875/670/572 876/671/573
f 877/672/574 874/669/571 876/671/573
f 874/669/571 877/672/574 878/673/575
f 875/670/572 874/669/571 879/396/576
f 880/393/333 875/670/572 879/396/576
f 875/670/572 880/393/333 881/674/577
f 882/675/578 879/396/576 874/669/571
f 879/396/576 882/675/578 883/394/579
f 882/675/578 884/465/580 883/394/579
f 884/465/580 882/675/578 885/676/581
f 886/634/582 884/465/580 885/676/581
f 885/676/581 887/677/583 886/634/582
f 888/678/584 886/634/582 887/677/583
f 887/677/583 889/583/585 888/678/584
f 890/585/586 888/678/584 889/583/585
f 888/678/584 890/585/586 891/679/587
f 890/585/586 892/680/588 891/679/587
f 890/585/586 893/587/589 892/680/588
f 893/587/589 894/681/590 892/680/588
f 894/681/590 893/587/589 895/588/591
f 896/682/592 894/681/590 895/588/591
f 894/681/590 896/682/592 897/683/593
f 896/682/592 898/579/594 897/683/593
f 898/579/594 896/682/592 899/684/595
f 900/412/596 898/579/594 899/684/595
f 900/412/596 899/684/595 901/685/597
f 902/249/598 900/412/596 901/685/597
f 901/685/597 903/686/599 902/249/598
f 904/687/600 902/249/598 903/686/599
f 902/249/598 904/687/600 905/247/601
f 906/682/602 907/588/603 908/688/604
f 908/688/604 907/588/603 909/589/605
f 910/689/606 911/690/607 912/691/608
f 912/691/608 913/692/609 910/689/606
f 910/689/606 913/692/609 914/693/610
f 915/694/611 916/691/612 911/690/613
f 915/694/611 917/695/614 916/691/612
f 917/695/614 915/694/611 918/696/615
f 919/697/616 920/695/617 918/696/618
f 921/698/619 920/695/617 919/697/616
f 922/699/620 923/617/621 924/700/622
f 923/617/621 925/701/623 924/700/622
f 923/617/621 922/699/620 926/615/624
f 922/699/620 927/623/516 926/615/624
f 927/623/516 922/699/620 928/702/625
f 925/701/623 923/617/621 929/618/626
f 929/618/626 930/703/627 925/701/623
f 930/703/627 929/618/626 931/621/628
f 932/21/629 933/704/630 934/705/631
f 935/706/632 936/21/633 934/705/634
f 936/21/633 935/706/632 937/20/22
f 938/707/635 939/18/20 937/20/636
f 939/18/20 938/707/635 940/708/637
f 933/704/630 932/21/629 941/709/638
f 942/710/639 943/20/22 935/706/632
f 943/20/22 942/710/639 944/707/640
f 945/711/641 946/707/642 942/710/643
f 946/707/642 945/711/641 947/712/644
f 947/712/644 948/708/637 946/707/642
f 948/708/637 947/712/644 949/713/645
f 950/714/638 933/704/630 941/709/638
f 933/704/630 950/714/638 951/715/630
f 952/24/646 951/715/630 950/714/638
f 951/715/630 952/24/646 953/716/647
f 954/717/648 950/714/638 941/709/638
f 954/717/648 952/24/646 950/714/638
f 954/717/648 941/709/638 932/21/629
f 955/22/649 952/24/646 954/717/648
f 932/21/629 956/17/650 954/717/648
f 956/17/650 955/22/649 954/717/648
f 955/22/649 956/17/650 957/19/28
f 958/24/26 959/718/651 953/716/652
f 959/718/651 958/24/26 960/23/653
f 961/18/654 962/719/655 960/23/25
f 963/708/656 962/719/655 961/18/654
f 959/718/657 964/23/653 965/720/658
f 966/719/659 965/720/658 964/23/653
f 965/720/658 967/719/660 968/721/661
f 969/722/662 968/721/661 967/719/660
f 970/708/663 969/722/662 967/719/660
f 971/713/664 969/722/662 970/708/663
f 972/723/665 973/724/666 974/725/616
f 973/724/666 972/723/665 975/726/667
f 976/724/666 977/727/668 974/725/669
f 977/727/668 976/724/666 978/728/670
f 979/729/671 977/727/668 978/728/670
f 980/728/672 981/730/673 979/729/674
f 981/730/673 980/728/672 982/731/675
f 983/732/676 981/730/673 982/731/675
f 984/731/309 985/733/677 983/732/678
f 986/734/507 985/733/677 984/731/309
f 985/733/677 986/734/507 987/735/679
f 988/736/680 989/583/470 990/677/681
f 989/583/470 988/736/680 991/584/612
f 992/578/459 993/683/682 994/579/683
f 993/683/682 992/578/459 995/737/684
f 996/738/685 997/739/686 998/740/687
f 997/739/686 996/738/685 999/741/688
f 997/739/686 999/741/688 1000/742/669
f 1001/743/689 1002/738/605 998/740/690
f 1001/743/689 1003/744/691 1002/738/605
f 1003/744/691 1001/743/689 1004/745/676
f 1005/746/692 1006/747/693 1007/748/694
f 1007/748/694 1008/749/695 1005/746/692
f 1009/750/696 1010/699/697 1011/700/622
f 1010/699/697 1009/750/696 1012/751/698
f 1013/701/699 1009/750/696 1011/700/622
f 1009/750/696 1013/701/699 1014/752/700
f 1015/752/701 1013/701/702 1016/703/703
f 1015/752/701 1016/703/703 1017/753/704
f 1012/751/698 1018/702/625 1019/699/697
f 1018/702/625 1012/751/698 1020/754/705
f 1021/476/706 1022/755/707 1023/410/708
f 1021/476/706 1023/410/708 1024/411/709
f 1025/614/710 1026/333/711 1027/756/712
f 1026/333/711 1025/614/710 1028/332/505
f 1029/757/713 1030/758/714 1031/759/715
f 1030/758/714 1029/757/713 1032/760/716
f 1033/761/717 1034/762/718 1035/763/719
f 1036/764/720 1034/762/718 1033/761/717
f 1034/762/718 1036/764/720 1037/765/721
f 1038/764/720 1039/766/722 1037/765/723
f 1040/767/724 1039/766/722 1038/764/720
f 1039/766/722 1040/767/724 1041/768/725
f 1042/663/726 1043/315/727 1044/321/728
f 1043/315/727 1042/663/726 1045/320/252
f 1046/480/412 1047/442/729 1048/769/730
f 1047/442/729 1046/480/412 1049/443/731
f 1050/634/732 1051/770/733 1052/635/734
f 1051/770/733 1050/634/732 1053/678/735
f 1054/688/736 1055/684/737 1056/682/738
f 1055/684/737 1054/688/736 1057/771/739
f 1058/772/740 1059/683/682 1060/737/684
f 1059/683/682 1058/772/740 1061/681/741
f 1062/773/742 1063/774/743 1064/775/742
f 1063/774/743 1062/773/742 1065/776/744
f 1065/776/744 1066/777/742 1063/774/743
f 1066/777/742 1065/776/744 1067/778/742
f 1066/777/742 1067/778/742 1068/779/745
f 1066/777/742 1068/779/745 1069/780/745
f 1069/780/745 1068/779/745 1070/781/75
f 1070/781/75 1068/779/745 1071/782/75
f 1072/783/746 1073/784/747 1074/785/746
f 1073/784/747 1072/783/746 1075/786/748
f 1075/786/748 1076/787/749 1073/784/747
f 1076/787/749 1075/786/748 1077/788/750
f 1077/788/750 1078/789/751 1076/787/749
f 1078/789/751 1077/788/750 1079/790/751
f 1080/791/752 1081/736/753 1082/676/754
f 1082/676/754 1081/736/753 1083/677/681
f 1084/792/755 818/633/518 1085/793/756
f 1086/632/542 1085/793/756 818/633/518
f 1087/794/157 1085/793/756 1086/632/542
f 1088/631/185 1087/794/157 1086/632/542
f 1089/630/540 1087/794/157 1088/631/185
f 1087/794/157 1089/630/540 1090/795/757
f 1089/630/540 1091/796/758 1090/795/757
f 1091/796/758 1089/630/540 811/629/759
f 1092/628/760 1091/796/758 811/629/759
f 1091/796/758 1092/628/760 1093/797/761
f 1092/628/760 1094/798/40 1093/797/761
f 1095/627/41 1094/798/40 1092/628/760
f 1096/626/762 1094/798/40 1095/627/41
f 1094/798/40 1096/626/762 1097/799/763
f 804/625/244 1097/799/763 1096/626/762
f 1097/799/763 804/625/244 1098/800/755
f 1099/801/764 1100/802/765 1101/803/766
f 1100/802/765 1099/801/764 1102/804/767
f 1100/802/765 1102/804/767 1103/805/768
f 1104/806/768 1103/805/768 1102/804/767
f 1103/805/768 1104/806/768 1105/807/769
f 1106/808/770 1105/807/769 1104/806/768
f 1105/807/769 1106/808/770 1107/809/771
f 1108/810/771 1107/809/771 1106/808/770
f 1109/811/772 848/653/199 1110/812/773
f 1111/652/774 1110/812/773 848/653/199
f 1111/652/774 1112/813/40 1110/812/773
f 1112/813/40 1111/652/774 1113/651/36
f 1113/651/36 1114/814/775 1112/813/40
f 1114/814/775 1113/651/36 1115/650/545
f 1115/650/545 1116/815/776 1114/814/775
f 1116/815/776 1115/650/545 841/649/237
f 1117/648/777 1116/815/776 841/649/237
f 1116/815/776 1117/648/777 1118/816/778
f 1119/647/185 1118/816/778 1117/648/777
f 1118/816/778 1119/647/185 1120/817/185
f 1121/646/779 1120/817/185 1119/647/185
f 1120/817/185 1121/646/779 1122/818/780
f 834/645/199 1122/818/780 1121/646/779
f 1122/818/780 834/645/199 1123/819/772
f 1124/820/781 1125/770/782 1126/679/783
f 1127/678/784 1126/679/783 1125/770/782
f 1126/679/783 1128/821/785 1124/820/781
f 1128/821/785 1126/679/783 1129/680/588
f 1129/680/588 1130/772/786 1128/821/785
f 1130/772/786 1129/680/588 1131/681/590
f 1132/822/787 1133/823/390 1134/749/788
f 1135/824/401 1134/749/788 1133/823/390
f 1134/749/788 1135/824/401 1136/746/692
f 1133/823/390 1132/822/787 1137/825/102
f 1138/759/789 1137/825/102 1132/822/787
f 1137/825/102 1138/759/789 1139/826/284
f 1140/758/790 1139/826/284 1138/759/789
f 1139/826/284 1140/758/790 1141/827/791
f 1142/828/792 1132/822/793 1143/749/794
f 1143/749/794 1144/748/795 1142/828/792
f 1142/828/792 1145/759/796 1132/822/793
f 1145/759/796 1142/828/792 1146/757/797
f 1147/756/798 1148/829/799 1149/830/800
f 1148/829/799 1147/756/798 1150/333/801
f 1150/333/801 1151/831/802 1148/829/799
f 1151/831/802 1150/333/801 1152/334/273
f 1153/771/739 1154/832/803 1155/684/804
f 1156/685/805 1155/684/804 1154/832/803
f 1157/833/806 1158/676/807 1159/675/808
f 1158/676/807 1157/833/806 1160/791/809
f 1161/485/810 1162/476/706 1163/477/422
f 1162/476/706 1161/485/810 1164/755/811
f 1165/834/812 1166/835/813 1167/836/814
f 1166/835/813 1165/834/812 1168/837/815
f 1166/835/813 1168/837/815 1169/838/816
f 1169/838/817 1170/839/818 1171/840/819
f 1169/838/817 1172/837/820 1170/839/818
f 1173/841/821 1174/842/813 1175/843/816
f 1176/844/456 1174/842/813 1173/841/821
f 1174/842/813 1176/844/456 1177/845/448
f 1175/843/822 1178/846/819 1179/841/823
f 1179/841/823 1178/846/819 1180/847/824
f 1181/480/412 1182/769/825 1183/484/826
f 1181/480/412 1183/484/826 1184/481/419
f 1185/832/827 1186/686/828 1187/685/805
f 1186/686/828 1185/832/827 1188/848/829
f 1189/673/575 1190/833/830 1191/669/831
f 1192/675/832 1191/669/831 1190/833/830
f 1193/849/766 1194/850/818 1195/851/833
f 1193/849/766 1195/851/833 1196/852/834
f 1197/851/835 1198/853/836 1196/852/837
f 1196/852/837 1198/853/836 1199/854/838
f 1200/853/740 1201/855/839 1199/854/840
f 1201/855/839 1200/853/740 1202/856/841
f 1201/855/839 1202/856/841 1203/857/842
f 1204/856/843 1205/858/844 1203/857/845
f 1205/858/844 1204/856/843 1206/859/319
f 1205/858/844 1206/859/319 1207/860/846
f 1208/861/766 1209/862/847 1210/863/848
f 1210/863/848 1209/862/847 1211/864/849
f 1209/862/850 1212/865/838 1213/864/849
f 1213/864/849 1212/865/838 1214/866/851
f 1215/867/852 1216/866/853 1212/865/854
f 1216/866/853 1215/867/852 1217/868/855
f 1217/868/855 1215/867/852 1218/869/842
f 1218/869/856 1219/870/857 1220/868/855
f 1221/871/312 1220/868/855 1219/870/857
f 1221/871/312 1219/870/857 1222/872/858
f 1223/873/859 1224/874/43 1225/875/860
f 1224/874/43 1223/873/859 1226/876/861
f 1223/873/859 1227/877/75 1226/876/861
f 1227/877/75 1223/873/859 1228/878/75
f 1228/878/75 1229/879/862 1227/877/75
f 1229/879/862 1228/878/75 1230/880/863
f 306/255/186 1229/879/862 1230/880/863
f 1229/879/862 306/255/186 305/254/185
f 1231/77/864 1232/334/273 1233/75/62
f 1232/334/273 1231/77/864 1234/831/865
f 1235/880/866 420/339/278 306/255/279
f 420/339/278 1235/880/866 1236/881/867
f 1237/878/75 1236/881/867 1235/880/866
f 1236/881/867 1237/878/75 1238/882/75
f 1239/883/868 1238/882/75 1237/878/75
f 1240/873/869 1239/883/868 1237/878/75
f 1225/875/870 1239/883/868 1240/873/869
f 1239/883/868 1225/875/870 1241/884/871
f 1242/885/872 1243/883/868 1241/884/274
f 1244/886/873 1243/883/868 1242/885/872
f 1243/883/874 1245/886/875 1246/882/90
f 1246/882/90 1245/886/875 1247/887/90
f 1246/882/75 1248/887/75 1249/881/876
f 1249/881/876 1248/887/75 1250/888/877
f 1242/885/878 1251/889/136 1252/886/879
f 1251/889/136 1242/885/878 1253/890/880
f 1254/891/90 1255/886/881 1251/889/882
f 1255/886/881 1254/891/90 1256/887/90
f 1257/892/883 1256/887/75 1258/891/75
f 1256/887/75 1257/892/883 1259/888/884
f 1253/890/885 1260/893/886 1261/889/136
f 1262/894/887 1261/889/136 1260/893/886
f 1262/894/887 1263/891/90 1261/889/136
f 1263/891/90 1262/894/887 1264/895/90
f 1265/896/148 1263/891/90 1264/895/90
f 1263/891/90 1265/896/148 1266/892/888
f 1267/897/889 1266/892/888 1265/896/148
f 1266/892/888 1267/897/889 1268/898/890
f 1268/898/891 1259/888/884 1269/892/888
f 1259/888/884 1268/898/891 1270/899/892
f 1268/898/891 1271/900/893 1270/899/892
f 1272/901/894 1271/900/893 1268/898/891
f 1267/897/889 1273/901/895 1268/898/890
f 1274/901/896 1275/902/101 1271/900/897
f 1276/903/101 1275/902/101 1274/901/896
f 1277/903/102 1278/904/898 1275/902/102
f 1279/905/899 1278/904/898 1277/903/102
f 1280/606/900 1273/901/895 1267/897/889
f 1273/901/895 1280/606/900 1281/903/356
f 1280/606/900 1282/608/901 1281/903/356
f 1283/609/131 1281/903/356 1282/608/901
f 1281/903/356 1283/609/131 1284/905/130
f 781/612/902 1284/905/130 1283/609/131
f 1284/905/130 781/612/902 1285/906/903
f 1285/906/132 1286/907/878 1279/905/130
f 1279/905/130 1286/907/878 1287/904/898
f 1286/907/878 1288/336/904 1289/904/905
f 1288/336/904 1286/907/878 413/335/274
f 1290/337/102 1291/904/905 1288/336/906
f 1291/904/905 1290/337/102 1292/902/102
f 1293/338/116 1294/902/101 1290/337/101
f 1294/902/101 1293/338/116 1295/900/897
f 420/339/907 1296/900/908 1293/338/116
f 1296/900/908 420/339/907 1270/899/909
f 1270/899/909 420/339/907 1297/888/884
f 1297/888/884 420/339/907 1249/881/144
f 1298/908/910 1299/909/911 1300/910/911
f 1300/910/911 1301/911/911 1298/908/910
f 1301/911/911 1300/910/911 1302/912/911
f 1299/909/911 1298/908/910 1303/913/911
f 1299/909/911 1303/913/911 1304/914/912
f 1305/915/912 1304/914/912 1303/913/911
f 1304/914/912 1305/915/912 1306/916/102
f 1306/916/102 1305/915/912 1307/917/102
f 1308/918/913 1309/894/914 1310/919/915
f 1310/919/915 1309/894/914 1260/893/916
f 1311/920/90 1309/894/914 1308/918/913
f 1309/894/914 1311/920/90 1312/895/81
f 1312/895/81 1311/920/90 1313/896/917
f 1311/920/90 1314/921/153 1313/896/917
f 1313/896/917 1314/921/153 1267/897/152
f 1267/897/152 1314/921/153 788/613/918
f 776/607/161 1267/897/152 788/613/918
f 1267/897/152 776/607/161 775/606/497
f 1315/922/919 1316/686/920 1317/923/921
f 1316/686/920 1315/922/919 1318/687/600
f 1319/848/922 1317/923/921 1316/686/920
f 1317/923/921 1319/848/922 1320/924/923
f 1321/925/739 1322/926/924 1323/927/679
f 1322/926/924 1321/925/739 1324/928/736
f 1322/926/924 1324/928/736 1325/929/678
f 1326/930/925 1327/925/926 1323/927/679
f 1327/925/926 1326/930/925 1328/931/927
f 1328/931/927 1326/930/925 1329/932/928
f 1329/932/929 1330/933/930 1331/931/931
f 1330/933/930 1332/934/829 1331/931/931
f 1332/934/829 1330/933/930 1333/935/932
f 1334/936/933 1335/934/934 1333/935/935
f 1334/936/933 1336/937/936 1335/934/934
f 1336/937/936 1334/936/933 1337/938/933
f 1338/939/933 1335/934/934 1336/937/936
f 1335/934/934 1338/939/933 1339/940/937
f 1340/941/938 1341/942/238 1342/943/939
f 1340/941/938 1342/943/939 1343/944/940
f 1344/945/238 1341/942/238 1340/941/938
f 1341/942/238 1344/945/238 1345/946/238
f 1344/945/238 1340/941/938 1346/947/941
f 1347/941/252 1348/948/942 1346/947/943
f 1349/949/944 1348/948/942 1347/941/252
f 1348/948/942 1349/949/944 1350/950/945
f 1351/949/946 1352/951/947 1350/950/945
f 1353/952/948 1352/951/947 1351/949/946
f 1352/951/947 1353/952/948 1354/953/949
f 1355/952/950 1356/954/951 1354/953/952
f 1357/955/953 1356/954/951 1355/952/950
f 1356/954/951 1357/955/953 1358/956/954
f 1359/957/574 1360/958/955 1361/959/575
f 1362/960/544 1360/958/955 1359/957/574
f 1360/958/955 1362/960/544 1363/961/518
f 1363/961/518 1362/960/544 1364/962/238
f 1363/961/518 1364/962/238 1365/963/518
f 1366/964/942 1367/959/575 1360/958/955
f 1366/964/942 1368/965/956 1367/959/575
f 1368/965/956 1366/964/942 1369/966/957
f 1370/967/947 1371/965/956 1369/966/945
f 1370/967/947 1372/968/809 1371/965/956
f 1372/968/809 1370/967/947 1373/969/949
f 1374/970/951 1375/968/958 1373/969/952
f 1376/971/959 1375/968/958 1374/970/951
f 1374/970/951 1377/972/954 1376/971/959
f 1378/973/960 1379/974/961 1380/975/679
f 1379/974/961 1378/973/960 1381/976/962
f 1379/974/961 1381/976/962 1382/977/928
f 1383/976/962 1384/978/963 1382/977/929
f 1384/978/963 1383/976/962 1385/979/964
f 1384/978/963 1385/979/964 1386/980/965
f 1387/981/966 1386/980/967 1388/979/964
f 1389/982/936 1386/980/967 1387/981/966
f 1386/980/967 1389/982/936 1390/983/933
f 1391/984/933 1390/983/933 1389/982/936
f 1390/983/933 1391/984/933 1392/985/933
f 1393/921/968 171/158/503 788/613/504
f 171/158/503 1393/921/968 1394/159/969
f 1395/920/75 1394/159/969 1393/921/968
f 1394/159/969 1395/920/75 1396/986/75
f 1395/920/75 1397/987/863 1396/986/75
f 1398/918/862 1397/987/863 1395/920/75
f 1310/919/970 1397/987/863 1398/918/862
f 1397/987/863 1310/919/970 1399/988/186
f 1400/194/867 1399/988/971 226/193/278
f 1399/988/971 1400/194/867 1401/987/866
f 1402/195/81 1401/987/866 1400/194/867
f 1401/987/866 1402/195/81 1403/986/75
f 1402/195/81 172/159/96 1403/986/75
f 172/159/96 1402/195/81 173/160/97
f 1404/687/972 1405/251/180 1406/247/973
f 1405/251/180 1404/687/972 1407/922/974
f 1408/989/975 1409/990/705 1410/991/976
f 1408/989/975 1410/991/976 1411/992/977
f 1411/992/977 1410/991/976 1412/993/977
f 1409/990/705 1408/989/975 1413/994/978
f 1413/994/978 1414/995/625 1409/990/705
f 1414/995/625 1413/994/978 1415/996/516
