# Blender 5.2.0 LTS
# www.blender.org
mtllib candycane.mtl
o candycane
v -0.668897 -0.456339 -0.168218
v -0.668897 -0.456339 -0.128417
v -0.589296 -0.535940 -0.168218
v -0.589296 -0.535940 -0.128417
v -0.629097 -0.456339 -0.208018
v -0.589296 -0.496139 -0.208018
v -0.589296 -0.456339 -0.247819
v -0.589296 -0.456339 -0.208018
v -0.629097 -0.496139 -0.168218
v -0.629097 -0.496139 -0.128417
v -0.629097 -0.456339 -0.168218
v -0.629097 -0.456339 -0.128417
v -0.589296 -0.496139 -0.168218
v -0.589296 -0.496139 -0.128417
v -0.589296 -0.456339 -0.168218
v -0.589296 -0.535940 -0.088617
v -0.589296 -0.535940 -0.048817
v -0.629097 -0.496139 -0.088617
v -0.629097 -0.456339 -0.088617
v -0.629097 -0.456339 -0.048817
v -0.589296 -0.496139 -0.088617
v -0.589296 -0.496139 -0.048817
v -0.589296 -0.456339 -0.088617
v -0.589296 -0.456339 -0.048817
v -0.589296 -0.456339 -0.009016
v -0.748498 -0.297137 -0.128417
v -0.748498 -0.297137 -0.088617
v -0.748498 -0.217536 -0.208018
v -0.748498 -0.257336 -0.168218
v -0.748498 -0.257336 -0.128417
v -0.748498 -0.217536 -0.168218
v -0.748498 -0.217536 -0.128417
v -0.748498 -0.177736 -0.208018
v -0.748498 -0.137935 -0.208018
v -0.748498 -0.177736 -0.168218
v -0.748498 -0.177736 -0.128417
v -0.748498 -0.137935 -0.168218
v -0.748498 -0.137935 -0.128417
v -0.748498 -0.257336 -0.088617
v -0.748498 -0.217536 -0.088617
v -0.748498 -0.177736 -0.088617
v -0.748498 -0.177736 -0.048817
v -0.748498 -0.137935 -0.088617
v -0.748498 -0.137935 -0.048817
v -0.708697 -0.376738 -0.208018
v -0.668897 -0.416538 -0.208018
v -0.668897 -0.376738 -0.208018
v -0.708697 -0.376738 -0.168218
v -0.708697 -0.376738 -0.128417
v -0.668897 -0.416538 -0.168218
v -0.668897 -0.416538 -0.128417
v -0.668897 -0.376738 -0.168218
v -0.668897 -0.376738 -0.128417
v -0.708697 -0.336937 -0.208018
v -0.708697 -0.297137 -0.247819
v -0.708697 -0.297137 -0.208018
v -0.668897 -0.336937 -0.247819
v -0.668897 -0.336937 -0.208018
v -0.668897 -0.297137 -0.247819
v -0.668897 -0.297137 -0.208018
v -0.708697 -0.336937 -0.168218
v -0.708697 -0.336937 -0.128417
v -0.708697 -0.297137 -0.168218
v -0.708697 -0.297137 -0.128417
v -0.629097 -0.416538 -0.247819
v -0.629097 -0.416538 -0.208018
v -0.629097 -0.376738 -0.247819
v -0.629097 -0.376738 -0.208018
v -0.589296 -0.416538 -0.247819
v -0.589296 -0.416538 -0.208018
v -0.589296 -0.376738 -0.247819
v -0.629097 -0.416538 -0.168218
v -0.629097 -0.416538 -0.128417
v -0.629097 -0.336937 -0.247819
v -0.629097 -0.336937 -0.208018
v -0.629097 -0.297137 -0.247819
v -0.589296 -0.336937 -0.247819
v -0.589296 -0.297137 -0.247819
v -0.708697 -0.376738 -0.088617
v -0.668897 -0.416538 -0.088617
v -0.668897 -0.416538 -0.048817
v -0.668897 -0.376738 -0.088617
v -0.668897 -0.376738 -0.048817
v -0.708697 -0.336937 -0.088617
v -0.708697 -0.336937 -0.048817
v -0.708697 -0.297137 -0.088617
v -0.708697 -0.297137 -0.048817
v -0.668897 -0.336937 -0.088617
v -0.668897 -0.336937 -0.048817
v -0.668897 -0.297137 -0.048817
v -0.668897 -0.297137 -0.009016
v -0.629097 -0.416538 -0.088617
v -0.629097 -0.416538 -0.048817
v -0.629097 -0.376738 -0.048817
v -0.589296 -0.416538 -0.048817
v -0.589296 -0.376738 -0.048817
v -0.589296 -0.416538 -0.009016
v -0.589296 -0.376738 -0.009016
v -0.629097 -0.336937 -0.048817
v -0.629097 -0.297137 -0.048817
v -0.589296 -0.336937 -0.048817
v -0.589296 -0.297137 -0.048817
v -0.629097 -0.336937 -0.009016
v -0.629097 -0.297137 -0.009016
v -0.589296 -0.336937 -0.009016
v -0.589296 -0.297137 -0.009016
v -0.708697 -0.257337 -0.247819
v -0.708697 -0.257337 -0.208018
v -0.708697 -0.217536 -0.247819
v -0.708697 -0.217536 -0.208018
v -0.668897 -0.257337 -0.247819
v -0.668897 -0.217536 -0.247819
v -0.708697 -0.257336 -0.168218
v -0.708697 -0.257336 -0.128417
v -0.708697 -0.217536 -0.168218
v -0.708697 -0.177736 -0.247819
v -0.708697 -0.177736 -0.208018
v -0.708697 -0.137935 -0.247819
v -0.708697 -0.137935 -0.208018
v -0.668897 -0.177736 -0.247819
v -0.668897 -0.137935 -0.247819
v -0.629097 -0.257337 -0.247819
v -0.629097 -0.217536 -0.247819
v -0.589296 -0.257337 -0.247819
v -0.589296 -0.217536 -0.247819
v -0.629097 -0.177736 -0.247819
v -0.629097 -0.137935 -0.247819
v -0.589296 -0.177736 -0.247819
v -0.589296 -0.137935 -0.247819
v -0.708697 -0.257336 -0.088617
v -0.708697 -0.257336 -0.048817
v -0.708697 -0.217536 -0.088617
v -0.708697 -0.217536 -0.048817
v -0.668897 -0.257336 -0.048817
v -0.668897 -0.217536 -0.048817
v -0.668897 -0.257336 -0.009016
v -0.668897 -0.217536 -0.009016
v -0.708697 -0.177736 -0.088617
v -0.708697 -0.177736 -0.048817
v -0.708697 -0.137935 -0.048817
v -0.668897 -0.177736 -0.048817
v -0.668897 -0.137935 -0.048817
v -0.668897 -0.177736 -0.009016
v -0.668897 -0.137935 -0.009016
v -0.629097 -0.257336 -0.048817
v -0.629097 -0.217536 -0.048817
v -0.589296 -0.257336 -0.048817
v -0.589296 -0.217536 -0.048817
v -0.629097 -0.257336 -0.009016
v -0.629097 -0.217536 -0.009016
v -0.589296 -0.257336 -0.009016
v -0.629097 -0.177736 -0.048817
v -0.629097 -0.137935 -0.048817
v -0.589296 -0.177736 -0.048817
v -0.589296 -0.137935 -0.048817
v -0.629097 -0.177736 -0.009016
v -0.629097 -0.137935 -0.009016
v -0.589296 -0.177736 -0.009016
v -0.589296 -0.137935 -0.009016
v -0.469895 -0.615541 -0.168218
v -0.469895 -0.615541 -0.128417
v -0.430094 -0.615541 -0.168218
v -0.430094 -0.615541 -0.128417
v -0.469895 -0.615541 -0.088617
v -0.469895 -0.615541 -0.048817
v -0.430094 -0.615541 -0.088617
v -0.430094 -0.615541 -0.048817
v -0.430094 -0.615541 -0.009016
v -0.549496 -0.535940 -0.208018
v -0.509695 -0.535940 -0.208018
v -0.549496 -0.575740 -0.128417
v -0.549496 -0.535940 -0.168218
v -0.549496 -0.535940 -0.128417
v -0.509695 -0.575740 -0.168218
v -0.509695 -0.575740 -0.128417
v -0.509695 -0.535940 -0.168218
v -0.509695 -0.535940 -0.128417
v -0.549496 -0.496139 -0.208018
v -0.549496 -0.456339 -0.247819
v -0.549496 -0.456339 -0.208018
v -0.509695 -0.496139 -0.247819
v -0.509695 -0.496139 -0.208018
v -0.509695 -0.456339 -0.247819
v -0.509695 -0.456339 -0.208018
v -0.549496 -0.496139 -0.168218
v -0.469895 -0.575740 -0.208018
v -0.469895 -0.535940 -0.208018
v -0.430094 -0.575740 -0.208018
v -0.430094 -0.535940 -0.208018
v -0.469895 -0.575740 -0.168218
v -0.469895 -0.575740 -0.128417
v -0.469895 -0.535940 -0.168218
v -0.430094 -0.575740 -0.168218
v -0.469895 -0.496139 -0.247819
v -0.469895 -0.496139 -0.208018
v -0.469895 -0.456339 -0.247819
v -0.430094 -0.496139 -0.247819
v -0.430094 -0.496139 -0.208018
v -0.430094 -0.456339 -0.247819
v -0.430094 -0.456339 -0.208018
v -0.549496 -0.575740 -0.088617
v -0.549496 -0.535940 -0.088617
v -0.549496 -0.535940 -0.048817
v -0.509695 -0.575740 -0.088617
v -0.509695 -0.575740 -0.048817
v -0.509695 -0.535940 -0.088617
v -0.509695 -0.535940 -0.048817
v -0.509695 -0.535940 -0.009016
v -0.549496 -0.496139 -0.048817
v -0.549496 -0.456339 -0.048817
v -0.509695 -0.496139 -0.048817
v -0.549496 -0.496139 -0.009016
v -0.549496 -0.456339 -0.009016
v -0.509695 -0.496139 -0.009016
v -0.509695 -0.456339 -0.009016
v -0.469895 -0.575740 -0.088617
v -0.469895 -0.575740 -0.048817
v -0.469895 -0.535940 -0.048817
v -0.430094 -0.575740 -0.048817
v -0.469895 -0.575740 -0.009016
v -0.469895 -0.535940 -0.009016
v -0.430094 -0.575740 -0.009016
v -0.430094 -0.535940 -0.009016
v -0.430094 -0.535940 0.030784
v -0.469895 -0.496139 -0.009016
v -0.469895 -0.456339 -0.009016
v -0.430094 -0.496139 -0.009016
v -0.430094 -0.496139 0.030784
v -0.430094 -0.456339 -0.009016
v -0.430094 -0.456339 0.030784
v -0.390294 -0.615541 -0.168218
v -0.390294 -0.615541 -0.128417
v -0.350493 -0.615541 -0.168218
v -0.350493 -0.615541 -0.128417
v -0.310693 -0.615541 -0.168218
v -0.310693 -0.615541 -0.128417
v -0.270892 -0.615541 -0.128417
v -0.390294 -0.615541 -0.088617
v -0.390294 -0.615541 -0.048817
v -0.350493 -0.615541 -0.088617
v -0.350493 -0.615541 -0.048817
v -0.390294 -0.615541 -0.009016
v -0.350493 -0.615541 -0.009016
v -0.310693 -0.615541 -0.088617
v -0.310693 -0.615541 -0.048817
v -0.270892 -0.615541 -0.088617
v -0.270892 -0.615541 -0.048817
v -0.310693 -0.615541 -0.009016
v -0.390294 -0.575740 -0.208018
v -0.390294 -0.535940 -0.208018
v -0.350493 -0.575740 -0.208018
v -0.350493 -0.535940 -0.208018
v -0.390294 -0.575740 -0.168218
v -0.350493 -0.575740 -0.168218
v -0.390294 -0.496139 -0.208018
v -0.390294 -0.456339 -0.208018
v -0.350493 -0.496139 -0.208018
v -0.350493 -0.456339 -0.208018
v -0.350493 -0.456339 -0.168218
v -0.310693 -0.575740 -0.208018
v -0.310693 -0.535940 -0.208018
v -0.310693 -0.575740 -0.168218
v -0.310693 -0.575740 -0.128417
v -0.310693 -0.535940 -0.168218
v -0.270892 -0.575740 -0.168218
v -0.270892 -0.575740 -0.128417
v -0.270892 -0.535940 -0.168218
v -0.270892 -0.535940 -0.128417
v -0.310693 -0.496139 -0.208018
v -0.310693 -0.456339 -0.208018
v -0.310693 -0.496139 -0.168218
v -0.310693 -0.456339 -0.168218
v -0.310693 -0.456339 -0.128417
v -0.270892 -0.496139 -0.168218
v -0.270892 -0.496139 -0.128417
v -0.270892 -0.456339 -0.168218
v -0.270892 -0.456339 -0.128417
v -0.390294 -0.575740 -0.009016
v -0.390294 -0.575740 0.030784
v -0.390294 -0.535940 -0.009016
v -0.390294 -0.535940 0.030784
v -0.350493 -0.575740 -0.009016
v -0.350493 -0.575740 0.030784
v -0.350493 -0.535940 -0.009016
v -0.350493 -0.535940 0.030784
v -0.390294 -0.496139 -0.009016
v -0.390294 -0.496139 0.030784
v -0.390294 -0.456339 -0.009016
v -0.390294 -0.456339 0.030784
v -0.350493 -0.496139 -0.009016
v -0.350493 -0.496139 0.030784
v -0.350493 -0.456339 -0.009016
v -0.310693 -0.575740 -0.048817
v -0.270892 -0.575740 -0.088617
v -0.270892 -0.575740 -0.048817
v -0.270892 -0.535940 -0.088617
v -0.270892 -0.535940 -0.048817
v -0.310693 -0.575740 -0.009016
v -0.310693 -0.535940 -0.009016
v -0.310693 -0.535940 0.030784
v -0.270892 -0.575740 -0.009016
v -0.270892 -0.535940 -0.009016
v -0.310693 -0.456339 -0.088617
v -0.310693 -0.456339 -0.048817
v -0.270892 -0.496139 -0.088617
v -0.270892 -0.496139 -0.048817
v -0.270892 -0.456339 -0.088617
v -0.270892 -0.456339 -0.048817
v -0.310693 -0.496139 -0.009016
v -0.310693 -0.496139 0.030784
v -0.310693 -0.456339 -0.009016
v -0.270892 -0.496139 -0.009016
v -0.270892 -0.456339 -0.009016
v -0.549496 -0.416538 -0.247819
v -0.549496 -0.376738 -0.247819
v -0.509695 -0.416538 -0.247819
v -0.509695 -0.376738 -0.247819
v -0.509695 -0.376738 -0.208018
v -0.549496 -0.336937 -0.247819
v -0.549496 -0.297137 -0.247819
v -0.509695 -0.336937 -0.247819
v -0.509695 -0.336937 -0.208018
v -0.509695 -0.297137 -0.247819
v -0.509695 -0.297137 -0.208018
v -0.469895 -0.416538 -0.247819
v -0.469895 -0.416538 -0.208018
v -0.469895 -0.376738 -0.247819
v -0.469895 -0.376738 -0.208018
v -0.430094 -0.416538 -0.247819
v -0.430094 -0.416538 -0.208018
v -0.430094 -0.376738 -0.208018
v -0.469895 -0.376738 -0.168218
v -0.430094 -0.376738 -0.168218
v -0.430094 -0.376738 -0.128417
v -0.469895 -0.336937 -0.208018
v -0.469895 -0.297137 -0.208018
v -0.469895 -0.336937 -0.168218
v -0.469895 -0.336937 -0.128417
v -0.469895 -0.297137 -0.168218
v -0.469895 -0.297137 -0.128417
v -0.430094 -0.336937 -0.168218
v -0.430094 -0.336937 -0.128417
v -0.509695 -0.376738 -0.048817
v -0.549496 -0.416538 -0.009016
v -0.549496 -0.376738 -0.009016
v -0.509695 -0.416538 -0.009016
v -0.509695 -0.376738 -0.009016
v -0.549496 -0.336937 -0.048817
v -0.549496 -0.297137 -0.048817
v -0.509695 -0.336937 -0.048817
v -0.509695 -0.297137 -0.088617
v -0.509695 -0.297137 -0.048817
v -0.549496 -0.336937 -0.009016
v -0.549496 -0.297137 -0.009016
v -0.509695 -0.336937 -0.009016
v -0.469895 -0.376738 -0.048817
v -0.430094 -0.416538 -0.048817
v -0.430094 -0.376738 -0.088617
v -0.430094 -0.376738 -0.048817
v -0.469895 -0.416538 -0.009016
v -0.469895 -0.376738 -0.009016
v -0.430094 -0.416538 -0.009016
v -0.430094 -0.376738 -0.009016
v -0.469895 -0.336937 -0.088617
v -0.469895 -0.336937 -0.048817
v -0.469895 -0.297137 -0.088617
v -0.469895 -0.297137 -0.048817
v -0.430094 -0.336937 -0.088617
v -0.430094 -0.336937 -0.048817
v -0.549496 -0.257337 -0.247819
v -0.549496 -0.257337 -0.208018
v -0.549496 -0.217536 -0.247819
v -0.549496 -0.217536 -0.208018
v -0.509695 -0.257337 -0.247819
v -0.509695 -0.257337 -0.208018
v -0.509695 -0.217536 -0.208018
v -0.509695 -0.257336 -0.168218
v -0.509695 -0.257336 -0.128417
v -0.509695 -0.217536 -0.168218
v -0.509695 -0.217536 -0.128417
v -0.549496 -0.177736 -0.247819
v -0.549496 -0.177736 -0.208018
v -0.549496 -0.137935 -0.247819
v -0.549496 -0.137935 -0.208018
v -0.509695 -0.177736 -0.208018
v -0.549496 -0.177736 -0.168218
v -0.549496 -0.137935 -0.168218
v -0.509695 -0.177736 -0.168218
v -0.509695 -0.177736 -0.128417
v -0.509695 -0.137935 -0.168218
v -0.509695 -0.137935 -0.128417
v -0.469895 -0.257337 -0.208018
v -0.469895 -0.257336 -0.168218
v -0.469895 -0.257336 -0.128417
v -0.549496 -0.257336 -0.048817
v -0.549496 -0.217536 -0.088617
v -0.549496 -0.217536 -0.048817
v -0.509695 -0.257336 -0.088617
v -0.509695 -0.257336 -0.048817
v -0.509695 -0.217536 -0.088617
v -0.509695 -0.217536 -0.048817
v -0.549496 -0.177736 -0.088617
v -0.549496 -0.177736 -0.048817
v -0.549496 -0.137935 -0.088617
v -0.549496 -0.137935 -0.048817
v -0.509695 -0.177736 -0.088617
v -0.509695 -0.137935 -0.088617
v -0.469895 -0.257336 -0.088617
v -0.390294 -0.416538 -0.208018
v -0.390294 -0.376738 -0.208018
v -0.350493 -0.416538 -0.208018
v -0.390294 -0.416538 -0.168218
v -0.390294 -0.416538 -0.128417
v -0.390294 -0.376738 -0.168218
v -0.390294 -0.376738 -0.128417
v -0.350493 -0.416538 -0.168218
v -0.350493 -0.416538 -0.128417
v -0.350493 -0.376738 -0.128417
v -0.310693 -0.416538 -0.168218
v -0.310693 -0.416538 -0.128417
v -0.270892 -0.416538 -0.128417
v -0.390294 -0.416538 -0.088617
v -0.390294 -0.416538 -0.048817
v -0.390294 -0.376738 -0.088617
v -0.390294 -0.376738 -0.048817
v -0.350493 -0.416538 -0.088617
v -0.350493 -0.416538 -0.048817
v -0.350493 -0.376738 -0.088617
v -0.390294 -0.416538 -0.009016
v -0.350493 -0.416538 -0.009016
v -0.310693 -0.416538 -0.088617
v -0.310693 -0.416538 -0.048817
v -0.270892 -0.416538 -0.088617
v -0.310693 -0.416538 -0.009016
v -0.231092 -0.535940 -0.128417
v -0.231092 -0.496139 -0.128417
v -0.231092 -0.575740 -0.088617
v -0.231092 -0.575740 -0.048817
v -0.231092 -0.535940 -0.088617
v -0.231092 -0.535940 -0.048817
v -0.231092 -0.496139 -0.088617
v -0.231092 -0.496139 -0.048817
v -0.231092 -0.456339 -0.088617
v -0.231092 -0.456339 -0.048817
v -0.748498 -0.098135 -0.208018
v -0.748498 -0.058334 -0.208018
v -0.748498 -0.098135 -0.168218
v -0.748498 -0.098135 -0.128417
v -0.748498 -0.058334 -0.168218
v -0.748498 -0.058334 -0.128417
v -0.748498 -0.018534 -0.208018
v -0.748498 -0.018534 -0.168218
v -0.748498 -0.018534 -0.128417
v -0.748498 0.021267 -0.168218
v -0.748498 0.021267 -0.128417
v -0.748498 -0.098135 -0.088617
v -0.748498 -0.098135 -0.048817
v -0.748498 -0.058334 -0.088617
v -0.748498 -0.058334 -0.048817
v -0.748498 -0.018534 -0.088617
v -0.748498 0.021267 -0.088617
v -0.708697 -0.098135 -0.247819
v -0.708697 -0.098135 -0.208018
v -0.708697 -0.058334 -0.247819
v -0.708697 -0.058334 -0.208018
v -0.668897 -0.098135 -0.247819
v -0.668897 -0.058334 -0.247819
v -0.708697 -0.018534 -0.247819
v -0.708697 -0.018534 -0.208018
v -0.708697 0.021267 -0.208018
v -0.668897 -0.018534 -0.247819
v -0.668897 -0.018534 -0.208018
v -0.668897 0.021267 -0.247819
v -0.668897 0.021267 -0.208018
v -0.708697 -0.018534 -0.168218
v -0.708697 0.021267 -0.168218
v -0.708697 0.021267 -0.128417
v -0.629097 -0.098135 -0.247819
v -0.629097 -0.058334 -0.247819
v -0.589296 -0.098135 -0.247819
v -0.589296 -0.098135 -0.208018
v -0.589296 -0.058334 -0.247819
v -0.589296 -0.058334 -0.208018
v -0.629097 -0.018534 -0.247819
v -0.629097 0.021267 -0.247819
v -0.629097 0.021267 -0.208018
v -0.589296 -0.018534 -0.247819
v -0.589296 -0.018534 -0.208018
v -0.589296 0.021267 -0.247819
v -0.589296 0.021267 -0.208018
v -0.708697 -0.098135 -0.048817
v -0.708697 -0.058334 -0.088617
v -0.708697 -0.058334 -0.048817
v -0.668897 -0.098135 -0.048817
v -0.668897 -0.058334 -0.048817
v -0.668897 -0.098135 -0.009016
v -0.668897 -0.058334 -0.009016
v -0.708697 -0.018534 -0.088617
v -0.708697 -0.018534 -0.048817
v -0.708697 0.021267 -0.088617
v -0.708697 0.021267 -0.048817
v -0.668897 -0.018534 -0.048817
v -0.668897 0.021267 -0.048817
v -0.668897 -0.018534 -0.009016
v -0.668897 0.021267 -0.009016
v -0.589296 -0.098135 -0.048817
v -0.589296 -0.058334 -0.048817
v -0.629097 -0.098135 -0.009016
v -0.629097 -0.058334 -0.009016
v -0.589296 -0.098135 -0.009016
v -0.589296 -0.058334 -0.009016
v -0.589296 -0.018534 -0.048817
v -0.629097 -0.018534 -0.009016
v -0.629097 0.021267 -0.009016
v -0.589296 -0.018534 -0.009016
v -0.589296 0.021267 -0.009016
v -0.708697 0.061067 -0.208018
v -0.668897 0.061067 -0.208018
v -0.668897 0.100867 -0.208018
v -0.708697 0.061067 -0.168218
v -0.708697 0.061067 -0.128417
v -0.708697 0.100867 -0.168218
v -0.708697 0.100868 -0.128418
v -0.668897 0.061067 -0.168218
v -0.668897 0.100867 -0.168218
v -0.668897 0.100868 -0.128418
v -0.708697 0.140668 -0.128418
v -0.668897 0.140668 -0.168218
v -0.668897 0.140668 -0.128418
v -0.668897 0.180468 -0.168218
v -0.668897 0.180468 -0.128418
v -0.629097 0.061067 -0.247819
v -0.629097 0.061067 -0.208018
v -0.629097 0.100867 -0.247819
v -0.629097 0.100867 -0.208018
v -0.589296 0.061067 -0.247819
v -0.589296 0.061067 -0.208018
v -0.589296 0.100867 -0.247819
v -0.589296 0.100867 -0.208018
v -0.629097 0.100867 -0.168218
v -0.629097 0.140668 -0.208018
v -0.629097 0.180468 -0.208018
v -0.589296 0.140668 -0.208018
v -0.589296 0.180468 -0.208018
v -0.629097 0.140668 -0.168218
v -0.629097 0.180468 -0.168218
v -0.629097 0.180468 -0.128418
v -0.589296 0.180468 -0.168218
v -0.708697 0.061067 -0.088617
v -0.708697 0.061067 -0.048817
v -0.708697 0.100868 -0.088617
v -0.708697 0.100868 -0.048817
v -0.668897 0.061067 -0.048817
v -0.668897 0.100868 -0.088617
v -0.668897 0.100868 -0.048817
v -0.668897 0.061067 -0.009016
v -0.668897 0.100868 -0.009016
v -0.708697 0.140668 -0.088617
v -0.668897 0.140668 -0.088617
v -0.668897 0.140668 -0.048817
v -0.668897 0.180468 -0.088617
v -0.668897 0.180468 -0.048817
v -0.668897 0.140668 -0.009016
v -0.629097 0.061067 -0.009016
v -0.629097 0.100868 -0.009016
v -0.589296 0.061067 -0.009016
v -0.589296 0.100868 -0.009016
v -0.589296 0.100868 0.030784
v -0.629097 0.140668 -0.048817
v -0.629097 0.180468 -0.088617
v -0.629097 0.180468 -0.048817
v -0.589296 0.180468 -0.048817
v -0.629097 0.140668 -0.009016
v -0.629097 0.180468 -0.009016
v -0.589296 0.140668 -0.009016
v -0.589296 0.140668 0.030784
v -0.589296 0.180468 -0.009016
v -0.589296 0.180468 0.030784
v -0.629097 0.220269 -0.168218
v -0.629097 0.220269 -0.128418
v -0.589296 0.220269 -0.168218
v -0.589296 0.220269 -0.128418
v -0.589296 0.260069 -0.168218
v -0.589296 0.260069 -0.128418
v -0.629097 0.220269 -0.088617
v -0.629097 0.220269 -0.048817
v -0.589296 0.220269 -0.088617
v -0.589296 0.220269 -0.048817
v -0.589296 0.260069 -0.088617
v -0.589296 0.260069 -0.048817
v -0.589296 0.220269 -0.009016
v -0.589296 0.260069 -0.009016
v -0.549496 -0.098135 -0.247819
v -0.549496 -0.098135 -0.208018
v -0.549496 -0.058334 -0.208018
v -0.549496 -0.098135 -0.168218
v -0.549496 -0.058334 -0.168218
v -0.509695 -0.098135 -0.168218
v -0.509695 -0.098135 -0.128417
v -0.509695 -0.058334 -0.168218
v -0.509695 -0.058334 -0.128417
v -0.549496 -0.018534 -0.247819
v -0.549496 -0.018534 -0.208018
v -0.549496 0.021267 -0.247819
v -0.549496 0.021267 -0.208018
v -0.509695 -0.018534 -0.208018
v -0.509695 0.021267 -0.208018
v -0.549496 -0.018534 -0.168218
v -0.509695 -0.018534 -0.168218
v -0.509695 -0.018534 -0.128417
v -0.509695 0.021267 -0.168218
v -0.509695 0.021267 -0.128417
v -0.469895 0.021267 -0.168218
v -0.469895 0.021267 -0.128417
v -0.549496 -0.098135 -0.088617
v -0.549496 -0.098135 -0.048817
v -0.549496 -0.058334 -0.088617
v -0.549496 -0.058334 -0.048817
v -0.509695 -0.098135 -0.088617
v -0.509695 -0.058334 -0.088617
v -0.509695 -0.058334 -0.048817
v -0.549496 -0.018534 -0.048817
v -0.549496 0.021267 -0.048817
v -0.509695 -0.018534 -0.088617
v -0.509695 -0.018534 -0.048817
v -0.509695 0.021267 -0.088617
v -0.509695 0.021267 -0.048817
v -0.549496 -0.018534 -0.009016
v -0.549496 0.021267 -0.009016
v -0.509695 0.021267 -0.009016
v -0.469895 0.021267 -0.088617
v -0.469895 0.021267 -0.048817
v -0.549496 0.061067 -0.208018
v -0.549496 0.100867 -0.208018
v -0.509695 0.061067 -0.208018
v -0.509695 0.100867 -0.208018
v -0.509695 0.061067 -0.168218
v -0.509695 0.100867 -0.168218
v -0.549496 0.140668 -0.208018
v -0.549496 0.180468 -0.208018
v -0.509695 0.140668 -0.208018
v -0.509695 0.180468 -0.208018
v -0.549496 0.180468 -0.168218
v -0.469895 0.100867 -0.208018
v -0.469895 0.061067 -0.168218
v -0.469895 0.061067 -0.128417
v -0.469895 0.100867 -0.168218
v -0.469895 0.100868 -0.128418
v -0.430094 0.061067 -0.128417
v -0.430094 0.100867 -0.168218
v -0.430094 0.100868 -0.128418
v -0.469895 0.140668 -0.208018
v -0.469895 0.180468 -0.208018
v -0.430094 0.140668 -0.208018
v -0.430094 0.180468 -0.208018
v -0.469895 0.140668 -0.168218
v -0.469895 0.180468 -0.168218
v -0.430094 0.140668 -0.168218
v -0.430094 0.140668 -0.128418
v -0.430094 0.180468 -0.168218
v -0.509695 0.061067 -0.048817
v -0.549496 0.061067 -0.009016
v -0.549496 0.100868 -0.009016
v -0.549496 0.100868 0.030784
v -0.509695 0.061067 -0.009016
v -0.509695 0.100868 -0.009016
v -0.509695 0.100868 0.030784
v -0.549496 0.140668 -0.009016
v -0.549496 0.140668 0.030784
v -0.549496 0.180468 -0.009016
v -0.549496 0.180468 0.030784
v -0.509695 0.140668 -0.009016
v -0.509695 0.140668 0.030784
v -0.509695 0.180468 0.030784
v -0.469895 0.061067 -0.088617
v -0.469895 0.061067 -0.048817
v -0.469895 0.100868 -0.048817
v -0.430094 0.061067 -0.088617
v -0.430094 0.061067 -0.048817
v -0.430094 0.100868 -0.088617
v -0.430094 0.100868 -0.048817
v -0.469895 0.061067 -0.009016
v -0.469895 0.100868 -0.009016
v -0.469895 0.100868 0.030784
v -0.430094 0.100868 -0.009016
v -0.430094 0.100868 0.030784
v -0.469895 0.140668 0.030784
v -0.469895 0.180468 0.030784
v -0.430094 0.140668 -0.009016
v -0.430094 0.140668 0.030784
v -0.430094 0.180468 0.030784
v -0.390294 0.100868 -0.128418
v -0.390294 0.140668 -0.168218
v -0.390294 0.140668 -0.128418
v -0.390294 0.180468 -0.168218
v -0.390294 0.180468 -0.128418
v -0.350493 0.140668 -0.128418
v -0.350493 0.180468 -0.168218
v -0.350493 0.180468 -0.128418
v -0.310693 0.140668 -0.128418
v -0.310693 0.180468 -0.128418
v -0.270892 0.180468 -0.128418
v -0.390294 0.100868 -0.088617
v -0.390294 0.100868 -0.048817
v -0.390294 0.100868 -0.009016
v -0.390294 0.140668 -0.088617
v -0.390294 0.140668 -0.048817
v -0.350493 0.140668 -0.088617
v -0.350493 0.140668 -0.048817
v -0.390294 0.140668 -0.009016
v -0.390294 0.140668 0.030784
v -0.390294 0.180468 0.030784
v -0.350493 0.140668 -0.009016
v -0.350493 0.140668 0.030784
v -0.350493 0.180468 0.030784
v -0.310693 0.140668 -0.088617
v -0.310693 0.140668 -0.048817
v -0.310693 0.180468 -0.088617
v -0.270892 0.140668 -0.088617
v -0.270892 0.140668 -0.048817
v -0.270892 0.180468 -0.088617
v -0.270892 0.180468 -0.048817
v -0.310693 0.140668 -0.009016
v -0.310693 0.140668 0.030784
v -0.310693 0.180468 -0.009016
v -0.310693 0.180468 0.030784
v -0.270892 0.140668 -0.009016
v -0.270892 0.180468 -0.009016
v -0.270892 0.180468 0.030784
v -0.549496 0.220269 -0.208018
v -0.509695 0.220269 -0.208018
v -0.549496 0.220269 -0.168218
v -0.549496 0.260069 -0.168218
v -0.549496 0.260069 -0.128418
v -0.509695 0.220269 -0.168218
v -0.509695 0.260069 -0.168218
v -0.509695 0.260069 -0.128418
v -0.549496 0.299870 -0.128418
v -0.509695 0.299870 -0.168218
v -0.509695 0.299870 -0.128418
v -0.469895 0.220269 -0.208018
v -0.469895 0.220269 -0.168218
v -0.469895 0.260069 -0.168218
v -0.430094 0.220269 -0.168218
v -0.430094 0.260069 -0.168218
v -0.469895 0.299870 -0.168218
v -0.469895 0.299870 -0.128418
v -0.469895 0.339670 -0.128418
v -0.430094 0.299870 -0.168218
v -0.430094 0.299870 -0.128418
v -0.430094 0.339670 -0.128418
v -0.549496 0.260069 -0.088617
v -0.549496 0.260069 -0.048817
v -0.509695 0.260069 -0.048817
v -0.549496 0.220269 -0.009016
v -0.549496 0.220269 0.030784
v -0.549496 0.260069 -0.009016
v -0.549496 0.260069 0.030784
v -0.509695 0.220269 0.030784
v -0.509695 0.260069 -0.009016
v -0.509695 0.260069 0.030784
v -0.549496 0.299870 -0.088617
v -0.549496 0.299870 -0.048817
v -0.509695 0.299870 -0.088617
v -0.509695 0.299870 -0.048817
v -0.509695 0.339670 -0.088617
v -0.509695 0.339670 -0.048817
v -0.509695 0.299870 -0.009016
v -0.509695 0.299870 0.030784
v -0.469895 0.220269 0.030784
v -0.469895 0.260069 0.030784
v -0.430094 0.220269 0.030784
v -0.430094 0.260069 0.030784
v -0.469895 0.299870 -0.088617
v -0.469895 0.299870 -0.048817
v -0.469895 0.339670 -0.088617
v -0.469895 0.339670 -0.048817
v -0.430094 0.339670 -0.088617
v -0.430094 0.339670 -0.048817
v -0.469895 0.299870 -0.009016
v -0.469895 0.299870 0.030784
v -0.469895 0.339670 -0.009016
v -0.430094 0.299870 -0.009016
v -0.430094 0.299870 0.030784
v -0.430094 0.339670 -0.009016
v -0.430094 0.339670 0.030784
v -0.390294 0.220269 -0.168218
v -0.390294 0.260069 -0.168218
v -0.350493 0.220269 -0.168218
v -0.350493 0.220269 -0.128418
v -0.350493 0.260069 -0.168218
v -0.390294 0.299870 -0.168218
v -0.390294 0.299870 -0.128418
v -0.390294 0.339670 -0.128418
v -0.350493 0.299870 -0.168218
v -0.350493 0.299870 -0.128418
v -0.350493 0.339670 -0.128418
v -0.310693 0.220269 -0.168218
v -0.310693 0.220269 -0.128418
v -0.310693 0.260069 -0.168218
v -0.310693 0.260069 -0.128418
v -0.270892 0.220269 -0.128418
v -0.270892 0.260069 -0.128418
v -0.310693 0.299870 -0.168218
v -0.310693 0.299870 -0.128418
v -0.310693 0.339670 -0.128418
v -0.270892 0.299870 -0.128418
v -0.270892 0.339670 -0.128418
v -0.390294 0.220269 0.030784
v -0.350493 0.220269 0.030784
v -0.390294 0.339670 -0.088617
v -0.390294 0.339670 -0.048817
v -0.350493 0.339670 -0.088617
v -0.390294 0.299870 0.030784
v -0.390294 0.339670 -0.009016
v -0.390294 0.339670 0.030784
v -0.350493 0.299870 0.030784
v -0.350493 0.339670 0.030784
v -0.310693 0.339670 -0.088617
v -0.270892 0.339670 -0.088617
v -0.310693 0.339670 0.030784
v -0.270892 0.339670 0.030784
v -0.390294 0.379471 -0.088617
v -0.390294 0.379471 -0.048817
v -0.350493 0.379471 -0.088617
v -0.350493 0.379471 -0.048817
v -0.390294 0.379471 -0.009016
v -0.390294 0.379471 0.030784
v -0.350493 0.379471 -0.009016
v -0.350493 0.379471 0.030784
v -0.310693 0.379471 -0.088617
v -0.310693 0.379471 -0.048817
v -0.270892 0.379471 -0.088617
v -0.270892 0.379471 -0.048817
v -0.310693 0.379471 -0.009016
v -0.310693 0.379471 0.030784
v -0.270892 0.379471 -0.009016
v -0.270892 0.379471 0.030784
v -0.231092 0.180468 -0.128418
v -0.231092 0.140668 -0.048817
v -0.231092 0.180468 -0.088617
v -0.231092 0.180468 -0.048817
v -0.191292 0.140668 -0.048817
v -0.191292 0.180468 -0.088617
v -0.191292 0.180468 -0.048817
v -0.231092 0.140668 -0.009016
v -0.231092 0.140668 0.030784
v -0.231092 0.180468 -0.009016
v -0.231092 0.180468 0.030784
v -0.191292 0.140668 -0.009016
v -0.191292 0.140668 0.030784
v -0.191292 0.180468 0.030784
v -0.151491 0.140668 -0.048817
v -0.151491 0.180468 -0.088617
v -0.151491 0.180468 -0.048817
v -0.111691 0.140668 -0.048817
v -0.111691 0.180468 -0.088617
v -0.111691 0.180468 -0.048817
v -0.151491 0.140668 -0.009016
v -0.151491 0.140668 0.030784
v -0.111691 0.140668 -0.009016
v -0.111691 0.140668 0.030784
v -0.071890 0.100868 -0.009016
v -0.071890 0.100868 0.030784
v -0.032090 0.100868 -0.009016
v -0.032090 0.100868 0.030784
v -0.071890 0.140668 -0.048817
v -0.071890 0.180468 -0.088617
v -0.071890 0.180468 -0.048817
v -0.032090 0.140668 -0.048817
v -0.032090 0.180468 -0.088617
v -0.032090 0.180468 -0.048817
v -0.071890 0.140668 -0.009016
v -0.071890 0.140668 0.030784
v -0.032090 0.140668 -0.009016
v 0.047511 0.100868 -0.048817
v 0.007711 0.100868 -0.009016
v 0.007711 0.100868 0.030784
v 0.047511 0.100868 -0.009016
v 0.047511 0.100868 0.030784
v 0.007711 0.140668 -0.048817
v 0.007711 0.180468 -0.088617
v 0.007711 0.180468 -0.048817
v 0.047511 0.140668 -0.048817
v 0.047511 0.180468 -0.048817
v 0.007711 0.140668 -0.009016
v 0.047511 0.140668 -0.009016
v -0.231092 0.220269 -0.128418
v -0.231092 0.260069 -0.128418
v -0.191292 0.220269 -0.128418
v -0.191292 0.260069 -0.128418
v -0.231092 0.299870 -0.128418
v -0.231092 0.339670 -0.128418
v -0.191292 0.299870 -0.128418
v -0.191292 0.339670 -0.128418
v -0.151491 0.220269 -0.128418
v -0.151491 0.260069 -0.128418
v -0.151491 0.299870 -0.128418
v -0.231092 0.220269 -0.088617
v -0.191292 0.220269 -0.088617
v -0.231092 0.339670 -0.088617
v -0.191292 0.299870 -0.088617
v -0.191292 0.339670 -0.088617
v -0.191292 0.339670 -0.048817
v -0.231092 0.339670 0.030784
v -0.151491 0.220269 -0.088617
v -0.151491 0.260069 -0.088617
v -0.111691 0.220269 -0.088617
v -0.111691 0.260069 -0.088617
v -0.151491 0.299870 -0.088617
v -0.151491 0.339670 -0.088617
v -0.151491 0.339670 -0.048817
v -0.111691 0.299870 -0.088617
v -0.111691 0.299870 -0.048817
v -0.111691 0.339670 -0.088617
v -0.111691 0.339670 -0.048817
v -0.151491 0.339670 0.030784
v -0.111691 0.339670 -0.009016
v -0.111691 0.339670 0.030784
v -0.231092 0.379471 -0.088617
v -0.231092 0.379471 -0.048817
v -0.191292 0.379471 -0.088617
v -0.191292 0.379471 -0.048817
v -0.231092 0.379471 -0.009016
v -0.231092 0.379471 0.030784
v -0.191292 0.379471 -0.009016
v -0.191292 0.379471 0.030784
v -0.151491 0.379471 -0.048817
v -0.111691 0.379471 -0.048817
v -0.151491 0.379471 -0.009016
v -0.151491 0.379471 0.030784
v -0.111691 0.379471 -0.009016
v -0.111691 0.379471 0.030784
v -0.071890 0.220269 -0.088617
v -0.071890 0.260069 -0.088617
v -0.032090 0.220269 -0.088617
v -0.032090 0.260069 -0.088617
v -0.071890 0.299870 -0.088617
v -0.071890 0.299870 -0.048817
v -0.071890 0.339670 -0.048817
v -0.032090 0.299870 -0.088617
v -0.032090 0.299870 -0.048817
v -0.032090 0.339670 -0.048817
v -0.071890 0.339670 -0.009016
v -0.071890 0.339670 0.030784
v -0.032090 0.339670 -0.009016
v -0.032090 0.339670 0.030784
v 0.007711 0.220269 -0.088617
v 0.007711 0.220269 -0.048817
v 0.007711 0.260069 -0.088617
v 0.007711 0.260069 -0.048817
v 0.047511 0.220269 -0.048817
v 0.047511 0.260069 -0.048817
v 0.007711 0.299870 -0.088617
v 0.007711 0.299870 -0.048817
v 0.007711 0.339670 -0.048817
v 0.047511 0.299870 -0.048817
v 0.007711 0.299870 -0.009016
v 0.007711 0.299870 0.030784
v 0.007711 0.339670 -0.009016
v 0.007711 0.339670 0.030784
v 0.047511 0.299870 -0.009016
v 0.047511 0.299870 0.030784
v 0.047511 0.339670 0.030784
v 0.087312 0.100868 -0.048817
v 0.087312 0.100868 -0.009016
v 0.087312 0.100868 0.030784
v 0.127112 0.061067 -0.009016
v 0.127112 0.061067 0.030784
v 0.127112 0.100868 -0.009016
v 0.127112 0.100868 0.030784
v 0.087312 0.140668 -0.048817
v 0.087312 0.180468 -0.048817
v 0.127112 0.140668 -0.048817
v 0.127112 0.180468 -0.048817
v 0.087312 0.140668 -0.009016
v 0.127112 0.140668 -0.009016
v 0.166913 0.061067 -0.009016
v 0.166913 0.061067 0.030784
v 0.166913 0.100868 -0.009016
v 0.206713 0.061067 -0.009016
v 0.206713 0.061067 0.030784
v 0.206713 0.100868 -0.009016
v 0.166913 0.140668 -0.048817
v 0.166913 0.180468 -0.048817
v 0.206713 0.140668 -0.048817
v 0.206713 0.180468 -0.048817
v 0.166913 0.140668 -0.009016
v 0.206713 0.140668 -0.009016
v 0.206713 0.180468 -0.009016
v 0.326114 0.021267 0.030784
v 0.365915 0.021267 0.030784
v 0.246513 0.061067 -0.009016
v 0.246513 0.061067 0.030784
v 0.246513 0.100868 -0.009016
v 0.286314 0.061067 -0.009016
v 0.286314 0.061067 0.030784
v 0.286314 0.100868 -0.009016
v 0.246513 0.140668 -0.048817
v 0.246513 0.180468 -0.048817
v 0.246513 0.140668 -0.009016
v 0.246513 0.180468 -0.009016
v 0.286314 0.140668 -0.009016
v 0.286314 0.180468 -0.009016
v 0.326114 0.061067 -0.009016
v 0.326114 0.061067 0.030784
v 0.326114 0.100868 -0.009016
v 0.365915 0.061067 -0.009016
v 0.365915 0.061067 0.030784
v 0.365915 0.100868 -0.009016
v 0.365915 0.100868 0.030784
v 0.326114 0.140668 -0.009016
v 0.326114 0.180468 -0.009016
v 0.365915 0.140668 -0.009016
v 0.365915 0.140668 0.030784
v 0.365915 0.180468 -0.009016
v 0.365915 0.180468 0.030784
v 0.087312 0.220269 -0.048817
v 0.087312 0.260069 -0.048817
v 0.127112 0.220269 -0.048817
v 0.127112 0.260069 -0.048817
v 0.087312 0.260069 -0.009016
v 0.127112 0.220269 -0.009016
v 0.127112 0.260069 -0.009016
v 0.087312 0.299870 -0.048817
v 0.087312 0.299870 -0.009016
v 0.087312 0.299870 0.030784
v 0.087312 0.339670 0.030784
v 0.127112 0.299870 -0.009016
v 0.127112 0.299870 0.030784
v 0.166913 0.220269 -0.048817
v 0.206713 0.220269 -0.048817
v 0.166913 0.220269 -0.009016
v 0.166913 0.260069 -0.009016
v 0.166913 0.260069 0.030784
v 0.206713 0.220269 -0.009016
v 0.206713 0.260069 -0.009016
v 0.206713 0.260069 0.030784
v 0.166913 0.299870 -0.009016
v 0.166913 0.299870 0.030784
v 0.206713 0.299870 0.030784
v 0.246513 0.220269 -0.009016
v 0.246513 0.260069 -0.009016
v 0.246513 0.260069 0.030784
v 0.286314 0.220269 -0.009016
v 0.286314 0.220269 0.030784
v 0.286314 0.260069 -0.009016
v 0.286314 0.260069 0.030784
v 0.326114 0.220269 -0.009016
v 0.326114 0.220269 0.030784
v 0.326114 0.260069 0.030784
v 0.365915 0.220269 -0.009016
v 0.365915 0.220269 0.030784
v -0.430094 0.180468 0.070585
v -0.390294 0.180468 0.070585
v -0.350493 0.180468 0.070585
v -0.310693 0.180468 0.070585
v -0.270892 0.180468 0.070585
v -0.430094 0.220269 0.070585
v -0.430094 0.260069 0.070585
v -0.430094 0.299870 0.070585
v -0.390294 0.220269 0.070585
v -0.390294 0.260069 0.070585
v -0.350493 0.220269 0.070585
v -0.350493 0.260069 0.070585
v -0.390294 0.299870 0.070585
v -0.350493 0.299870 0.070585
v -0.350493 0.339670 0.070585
v -0.310693 0.220269 0.070585
v -0.310693 0.260069 0.070585
v -0.270892 0.220269 0.070585
v -0.270892 0.220269 0.110385
v -0.270892 0.260069 0.070585
v -0.270892 0.260069 0.110385
v -0.310693 0.299870 0.070585
v -0.310693 0.339670 0.070585
v -0.270892 0.299870 0.070585
v -0.270892 0.299870 0.110385
v -0.270892 0.339670 0.070585
v -0.270892 0.339670 0.110385
v -0.231092 0.180468 0.070585
v -0.191292 0.140668 0.070585
v -0.191292 0.180468 0.070585
v -0.191292 0.180468 0.110385
v -0.151491 0.140668 0.070585
v -0.151491 0.180468 0.070585
v -0.151491 0.180468 0.110385
v -0.111691 0.140668 0.070585
v -0.111691 0.140668 0.110385
v -0.111691 0.180468 0.070585
v -0.111691 0.180468 0.110385
v -0.111691 0.180468 0.150186
v -0.071890 0.100868 0.070585
v -0.032090 0.100868 0.070585
v -0.071890 0.140668 0.070585
v -0.071890 0.140668 0.110385
v -0.071890 0.180468 0.110385
v -0.032090 0.140668 0.070585
v -0.032090 0.140668 0.110385
v -0.071890 0.140668 0.150186
v -0.071890 0.180468 0.150186
v -0.032090 0.140668 0.150186
v -0.032090 0.180468 0.150186
v 0.007711 0.100868 0.070585
v 0.007711 0.100868 0.110385
v 0.047511 0.100868 0.070585
v 0.047511 0.100868 0.110385
v 0.047511 0.100868 0.150186
v 0.007711 0.140668 0.070585
v 0.007711 0.140668 0.110385
v 0.047511 0.140668 0.110385
v 0.007711 0.140668 0.150186
v 0.007711 0.180468 0.150186
v 0.047511 0.140668 0.150186
v 0.047511 0.180468 0.150186
v 0.047511 0.180468 0.189986
v -0.231092 0.220269 0.070585
v -0.231092 0.220269 0.110385
v -0.231092 0.260069 0.110385
v -0.191292 0.220269 0.070585
v -0.191292 0.220269 0.110385
v -0.191292 0.260069 0.110385
v -0.231092 0.299870 0.110385
v -0.231092 0.339670 0.070585
v -0.231092 0.339670 0.110385
v -0.191292 0.299870 0.110385
v -0.191292 0.339670 0.070585
v -0.191292 0.339670 0.110385
v -0.151491 0.220269 0.110385
v -0.151491 0.260069 0.110385
v -0.111691 0.220269 0.110385
v -0.111691 0.260069 0.110385
v -0.151491 0.220269 0.150186
v -0.151491 0.260069 0.150186
v -0.111691 0.220269 0.150186
v -0.111691 0.260069 0.150186
v -0.151491 0.299870 0.110385
v -0.151491 0.339670 0.070585
v -0.151491 0.339670 0.110385
v -0.111691 0.299870 0.110385
v -0.111691 0.339670 0.070585
v -0.111691 0.339670 0.110385
v -0.231092 0.379471 0.070585
v -0.191292 0.379471 0.070585
v -0.151491 0.379471 0.070585
v -0.071890 0.260069 0.110385
v -0.071890 0.220269 0.150186
v -0.071890 0.260069 0.150186
v -0.032090 0.220269 0.150186
v -0.032090 0.260069 0.150186
v -0.071890 0.299870 0.110385
v -0.071890 0.339670 0.070585
v -0.071890 0.339670 0.110385
v -0.032090 0.299870 0.070585
v -0.032090 0.299870 0.110385
v -0.032090 0.339670 0.070585
v -0.032090 0.339670 0.110385
v -0.071890 0.299870 0.150186
v -0.032090 0.299870 0.150186
v 0.007711 0.220269 0.150186
v 0.007711 0.260069 0.150186
v 0.047511 0.220269 0.150186
v 0.047511 0.220269 0.189986
v 0.047511 0.260069 0.150186
v 0.007711 0.299870 0.070585
v 0.007711 0.299870 0.110385
v 0.007711 0.339670 0.070585
v 0.047511 0.299870 0.070585
v 0.047511 0.299870 0.110385
v 0.047511 0.339670 0.070585
v 0.007711 0.299870 0.150186
v 0.047511 0.299870 0.150186
v 0.206713 0.021267 0.070585
v 0.206713 0.021267 0.110385
v 0.087312 0.061067 0.070585
v 0.087312 0.061067 0.110385
v 0.087312 0.100868 0.070585
v 0.087312 0.100868 0.110385
v 0.127112 0.061067 0.070585
v 0.127112 0.061067 0.110385
v 0.127112 0.100868 0.070585
v 0.127112 0.100868 0.110385
v 0.087312 0.100868 0.150186
v 0.127112 0.061067 0.150186
v 0.127112 0.100868 0.150186
v 0.087312 0.140668 0.150186
v 0.087312 0.140668 0.189986
v 0.087312 0.180468 0.150186
v 0.087312 0.180468 0.189986
v 0.127112 0.140668 0.150186
v 0.127112 0.140668 0.189986
v 0.127112 0.180468 0.189986
v 0.166913 0.061067 0.070585
v 0.166913 0.061067 0.110385
v 0.206713 0.061067 0.070585
v 0.206713 0.061067 0.110385
v 0.166913 0.061067 0.150186
v 0.166913 0.100868 0.150186
v 0.166913 0.100868 0.189986
v 0.206713 0.061067 0.150186
v 0.206713 0.061067 0.189986
v 0.206713 0.100868 0.150186
v 0.206713 0.100868 0.189986
v 0.166913 0.140668 0.150186
v 0.166913 0.140668 0.189986
v 0.166913 0.180468 0.189986
v 0.206713 0.140668 0.189986
v 0.206713 0.180468 0.189986
v 0.246513 0.021267 0.070585
v 0.246513 0.021267 0.110385
v 0.286314 0.021267 0.070585
v 0.286314 0.021267 0.110385
v 0.286314 0.021267 0.150186
v 0.326114 0.021267 0.070585
v 0.326114 0.021267 0.110385
v 0.365915 0.021267 0.070585
v 0.365915 0.021267 0.110385
v 0.326114 0.021267 0.150186
v 0.326114 0.021267 0.189986
v 0.365915 0.021267 0.150186
v 0.365915 0.021267 0.189986
v 0.246513 0.061067 0.070585
v 0.246513 0.061067 0.110385
v 0.286314 0.061067 0.070585
v 0.286314 0.061067 0.110385
v 0.246513 0.061067 0.150186
v 0.246513 0.061067 0.189986
v 0.246513 0.100868 0.189986
v 0.286314 0.061067 0.150186
v 0.286314 0.061067 0.189986
v 0.286314 0.100868 0.189986
v 0.246513 0.140668 0.189986
v 0.246513 0.180468 0.189986
v 0.286314 0.140668 0.189986
v 0.286314 0.180468 0.189986
v 0.326114 0.061067 0.070585
v 0.326114 0.061067 0.150186
v 0.326114 0.061067 0.189986
v 0.365915 0.061067 0.189986
v 0.326114 0.180468 0.189986
v 0.365915 0.180468 0.189986
v 0.286314 0.061067 0.229787
v 0.286314 0.100868 0.229787
v 0.286314 0.140668 0.229787
v 0.286314 0.180468 0.229787
v 0.326114 0.061067 0.229787
v 0.326114 0.100868 0.229787
v 0.365915 0.061067 0.229787
v 0.365915 0.100868 0.229787
v 0.326114 0.140668 0.229787
v 0.326114 0.180468 0.229787
v 0.365915 0.140668 0.229787
v 0.365915 0.180468 0.229787
v 0.087312 0.220269 0.150186
v 0.087312 0.220269 0.189986
v 0.087312 0.260069 0.150186
v 0.127112 0.220269 0.150186
v 0.127112 0.220269 0.189986
v 0.127112 0.260069 0.150186
v 0.087312 0.299870 0.070585
v 0.087312 0.299870 0.110385
v 0.087312 0.339670 0.070585
v 0.127112 0.299870 0.070585
v 0.127112 0.299870 0.110385
v 0.087312 0.299870 0.150186
v 0.127112 0.299870 0.150186
v 0.166913 0.260069 0.110385
v 0.206713 0.260069 0.070585
v 0.206713 0.260069 0.110385
v 0.166913 0.220269 0.150186
v 0.166913 0.220269 0.189986
v 0.166913 0.260069 0.150186
v 0.206713 0.220269 0.150186
v 0.206713 0.220269 0.189986
v 0.206713 0.260069 0.150186
v 0.206713 0.260069 0.189986
v 0.166913 0.299870 0.070585
v 0.166913 0.299870 0.110385
v 0.206713 0.299870 0.070585
v 0.206713 0.299870 0.110385
v 0.166913 0.299870 0.150186
v 0.246513 0.260069 0.070585
v 0.246513 0.260069 0.110385
v 0.286314 0.260069 0.070585
v 0.286314 0.260069 0.110385
v 0.246513 0.220269 0.150186
v 0.246513 0.220269 0.189986
v 0.246513 0.260069 0.150186
v 0.246513 0.260069 0.189986
v 0.286314 0.220269 0.150186
v 0.286314 0.220269 0.189986
v 0.286314 0.260069 0.150186
v 0.326114 0.220269 0.070585
v 0.326114 0.260069 0.070585
v 0.326114 0.260069 0.110385
v 0.365915 0.220269 0.070585
v 0.365915 0.220269 0.110385
v 0.365915 0.260069 0.070585
v 0.365915 0.260069 0.110385
v 0.326114 0.220269 0.150186
v 0.326114 0.220269 0.189986
v 0.326114 0.260069 0.150186
v 0.365915 0.220269 0.150186
v 0.365915 0.220269 0.189986
v 0.365915 0.260069 0.150186
v 1.161924 -0.137935 0.269587
v 1.161924 -0.137935 0.309388
v 1.201724 -0.137935 0.269587
v 1.241525 -0.137935 0.269587
v 1.201724 -0.137935 0.309388
v 1.241525 -0.137935 0.309388
v 1.241525 -0.137935 0.349188
v 1.281325 -0.137935 0.269587
v 1.281325 -0.137935 0.309388
v 1.281325 -0.137935 0.349188
v 1.321126 -0.137935 0.309388
v 1.321126 -0.137935 0.349188
v 1.360926 -0.137935 0.309388
v 1.360926 -0.137935 0.349188
v 0.405715 0.021267 0.030784
v 0.445516 0.021267 0.030784
v 0.405715 0.061067 0.030784
v 0.405715 0.100868 -0.009016
v 0.405715 0.100868 0.030784
v 0.445516 0.061067 0.030784
v 0.445516 0.100868 0.030784
v 0.405715 0.140668 -0.009016
v 0.405715 0.140668 0.030784
v 0.405715 0.180468 0.030784
v 0.445516 0.140668 0.030784
v 0.445516 0.180468 0.030784
v 0.485316 0.061067 0.030784
v 0.485316 0.100868 0.030784
v 0.525117 0.061067 0.030784
v 0.525117 0.100868 0.030784
v 0.485316 0.140668 0.030784
v 0.485316 0.180468 0.030784
v 0.525117 0.140668 0.030784
v 0.564917 0.061067 0.030784
v 0.564917 0.100868 0.030784
v 0.405715 0.220269 0.030784
v 0.405715 0.021267 0.070585
v 0.405715 0.021267 0.110385
v 0.445516 -0.018534 0.070585
v 0.445516 -0.018534 0.110385
v 0.445516 0.021267 0.070585
v 0.445516 0.021267 0.110385
v 0.405715 0.021267 0.150186
v 0.405715 0.021267 0.189986
v 0.445516 -0.018534 0.150186
v 0.445516 -0.018534 0.189986
v 0.445516 0.021267 0.150186
v 0.445516 0.021267 0.189986
v 0.485316 -0.018534 0.070585
v 0.485316 -0.018534 0.110385
v 0.485316 0.021267 0.070585
v 0.525117 -0.018534 0.070585
v 0.525117 -0.018534 0.110385
v 0.525117 0.021267 0.070585
v 0.485316 -0.018534 0.150186
v 0.485316 -0.018534 0.189986
v 0.485316 0.021267 0.189986
v 0.525117 -0.018534 0.150186
v 0.525117 -0.018534 0.189986
v 0.445516 0.021267 0.229787
v 0.485316 -0.018534 0.229787
v 0.485316 0.021267 0.229787
v 0.525117 -0.018534 0.229787
v 0.525117 0.021267 0.229787
v 0.525117 0.021267 0.269587
v 0.445516 0.061067 0.070585
v 0.405715 0.061067 0.189986
v 0.445516 0.061067 0.189986
v 0.405715 0.180468 0.070585
v 0.445516 0.180468 0.070585
v 0.405715 0.180468 0.189986
v 0.445516 0.180468 0.150186
v 0.445516 0.180468 0.189986
v 0.485316 0.061067 0.070585
v 0.525117 0.061067 0.070585
v 0.525117 0.100868 0.070585
v 0.485316 0.140668 0.070585
v 0.485316 0.180468 0.070585
v 0.485316 0.180468 0.110385
v 0.525117 0.140668 0.070585
v 0.525117 0.180468 0.070585
v 0.525117 0.180468 0.110385
v 0.485316 0.180468 0.150186
v 0.485316 0.180468 0.189986
v 0.525117 0.180468 0.150186
v 0.525117 0.180468 0.189986
v 0.405715 0.061067 0.229787
v 0.405715 0.100868 0.229787
v 0.445516 0.061067 0.229787
v 0.445516 0.100868 0.229787
v 0.405715 0.140668 0.229787
v 0.405715 0.180468 0.229787
v 0.445516 0.140668 0.229787
v 0.445516 0.180468 0.229787
v 0.485316 0.061067 0.229787
v 0.485316 0.061067 0.269587
v 0.485316 0.100868 0.229787
v 0.485316 0.100868 0.269587
v 0.525117 0.061067 0.229787
v 0.525117 0.061067 0.269587
v 0.525117 0.100868 0.229787
v 0.525117 0.100868 0.269587
v 0.485316 0.140668 0.229787
v 0.485316 0.180468 0.229787
v 0.525117 0.140668 0.229787
v 0.525117 0.180468 0.229787
v 0.604717 -0.058334 0.150186
v 0.604717 -0.058334 0.189986
v 0.564917 -0.018534 0.070585
v 0.564917 -0.018534 0.110385
v 0.564917 0.021267 0.070585
v 0.604717 -0.018534 0.070585
v 0.604717 -0.018534 0.110385
v 0.604717 0.021267 0.070585
v 0.604717 0.021267 0.110385
v 0.564917 -0.018534 0.150186
v 0.564917 -0.018534 0.189986
v 0.604717 -0.018534 0.150186
v 0.604717 -0.018534 0.189986
v 0.644518 -0.058334 0.150186
v 0.644518 -0.058334 0.189986
v 0.684318 -0.058334 0.150186
v 0.684318 -0.058334 0.189986
v 0.644518 -0.018534 0.110385
v 0.644518 0.021267 0.070585
v 0.644518 0.021267 0.110385
v 0.684318 -0.018534 0.110385
v 0.684318 0.021267 0.070585
v 0.684318 0.021267 0.110385
v 0.644518 -0.018534 0.150186
v 0.644518 -0.018534 0.189986
v 0.684318 -0.018534 0.150186
v 0.684318 -0.018534 0.189986
v 0.564917 -0.018534 0.229787
v 0.564917 0.021267 0.229787
v 0.564917 0.021267 0.269587
v 0.604717 -0.018534 0.229787
v 0.604717 -0.018534 0.269587
v 0.604717 0.021267 0.229787
v 0.604717 0.021267 0.269587
v 0.684318 -0.058334 0.229787
v 0.644518 -0.018534 0.229787
v 0.644518 -0.018534 0.269587
v 0.644518 0.021267 0.269587
v 0.684318 -0.018534 0.229787
v 0.684318 -0.018534 0.269587
v 0.684318 0.021267 0.269587
v 0.564917 0.061067 0.070585
v 0.564917 0.100868 0.070585
v 0.604717 0.061067 0.070585
v 0.604717 0.100868 0.070585
v 0.564917 0.140668 0.070585
v 0.564917 0.140668 0.110385
v 0.564917 0.180468 0.070585
v 0.564917 0.180468 0.110385
v 0.604717 0.140668 0.070585
v 0.604717 0.140668 0.110385
v 0.604717 0.180468 0.110385
v 0.564917 0.140668 0.189986
v 0.564917 0.180468 0.150186
v 0.564917 0.180468 0.189986
v 0.604717 0.140668 0.150186
v 0.604717 0.140668 0.189986
v 0.604717 0.180468 0.150186
v 0.604717 0.180468 0.189986
v 0.644518 0.061067 0.070585
v 0.644518 0.061067 0.110385
v 0.644518 0.100868 0.070585
v 0.644518 0.100868 0.110385
v 0.684318 0.061067 0.070585
v 0.684318 0.061067 0.110385
v 0.684318 0.100868 0.110385
v 0.684318 0.100868 0.150186
v 0.644518 0.140668 0.070585
v 0.644518 0.140668 0.110385
v 0.684318 0.140668 0.110385
v 0.644518 0.140668 0.150186
v 0.644518 0.140668 0.189986
v 0.684318 0.140668 0.150186
v 0.684318 0.140668 0.189986
v 0.564917 0.061067 0.269587
v 0.564917 0.100868 0.229787
v 0.564917 0.100868 0.269587
v 0.604717 0.061067 0.269587
v 0.604717 0.100868 0.229787
v 0.604717 0.100868 0.269587
v 0.564917 0.140668 0.229787
v 0.564917 0.180468 0.229787
v 0.604717 0.140668 0.229787
v 0.644518 0.061067 0.269587
v 0.644518 0.100868 0.229787
v 0.644518 0.100868 0.269587
v 0.684318 0.061067 0.269587
v 0.684318 0.100868 0.229787
v 0.684318 0.100868 0.269587
v 0.644518 0.140668 0.229787
v 0.684318 0.140668 0.229787
v 0.405715 0.220269 0.070585
v 0.405715 0.220269 0.110385
v 0.445516 0.220269 0.070585
v 0.445516 0.220269 0.110385
v 0.405715 0.220269 0.150186
v 0.405715 0.220269 0.189986
v 0.445516 0.220269 0.150186
v 0.445516 0.220269 0.189986
v 0.485316 0.220269 0.070585
v 0.485316 0.220269 0.110385
v 0.485316 0.220269 0.150186
v 0.724119 -0.058334 0.150186
v 0.724119 -0.058334 0.189986
v 0.763919 -0.058334 0.150186
v 0.763919 -0.058334 0.189986
v 0.724119 -0.018534 0.110385
v 0.724119 0.021267 0.110385
v 0.763919 -0.018534 0.110385
v 0.763919 0.021267 0.110385
v 0.724119 -0.018534 0.150186
v 0.763919 -0.018534 0.150186
v 0.803720 -0.058334 0.150186
v 0.803720 -0.058334 0.189986
v 0.843520 -0.058334 0.150186
v 0.843520 -0.058334 0.189986
v 0.803720 -0.018534 0.110385
v 0.803720 0.021267 0.110385
v 0.803720 -0.018534 0.150186
v 0.803720 0.021267 0.150186
v 0.843520 -0.018534 0.150186
v 0.843520 0.021267 0.150186
v 0.724119 -0.058334 0.229787
v 0.724119 -0.058334 0.269587
v 0.763919 -0.058334 0.229787
v 0.763919 -0.058334 0.269587
v 0.724119 -0.018534 0.229787
v 0.724119 -0.018534 0.269587
v 0.724119 0.021267 0.269587
v 0.763919 -0.018534 0.269587
v 0.763919 0.021267 0.269587
v 0.803720 -0.058334 0.229787
v 0.803720 -0.058334 0.269587
v 0.843520 -0.058334 0.229787
v 0.843520 -0.058334 0.269587
v 0.803720 -0.018534 0.269587
v 0.803720 0.021267 0.269587
v 0.843520 -0.018534 0.269587
v 0.843520 0.021267 0.269587
v 0.803720 -0.018534 0.309388
v 0.803720 0.021267 0.309388
v 0.843520 -0.018534 0.309388
v 0.843520 0.021267 0.309388
v 0.724119 0.061067 0.110385
v 0.724119 0.100868 0.110385
v 0.763919 0.061067 0.110385
v 0.763919 0.100868 0.110385
v 0.724119 0.100868 0.150186
v 0.724119 0.100868 0.189986
v 0.763919 0.061067 0.150186
v 0.763919 0.100868 0.150186
v 0.763919 0.100868 0.189986
v 0.724119 0.140668 0.150186
v 0.724119 0.140668 0.189986
v 0.803720 0.061067 0.110385
v 0.803720 0.061067 0.150186
v 0.803720 0.061067 0.189986
v 0.803720 0.100868 0.150186
v 0.803720 0.100868 0.189986
v 0.843520 0.061067 0.150186
v 0.843520 0.061067 0.189986
v 0.843520 0.100868 0.189986
v 0.724119 0.061067 0.269587
v 0.724119 0.100868 0.229787
v 0.724119 0.100868 0.269587
v 0.763919 0.061067 0.269587
v 0.763919 0.100868 0.229787
v 0.763919 0.100868 0.269587
v 0.724119 0.140668 0.229787
v 0.803720 0.061067 0.229787
v 0.803720 0.061067 0.269587
v 0.803720 0.100868 0.229787
v 0.803720 0.100868 0.269587
v 0.843520 0.061067 0.229787
v 0.843520 0.061067 0.269587
v 0.843520 0.100868 0.229787
v 0.883321 -0.098135 0.189986
v 0.883321 -0.058334 0.150186
v 0.883321 -0.058334 0.189986
v 0.923121 -0.098135 0.189986
v 0.923121 -0.058334 0.150186
v 0.923121 -0.058334 0.189986
v 0.883321 -0.018534 0.150186
v 0.883321 0.021267 0.150186
v 0.883321 0.021267 0.189986
v 0.923121 -0.018534 0.150186
v 0.923121 -0.018534 0.189986
v 0.923121 0.021267 0.150186
v 0.923121 0.021267 0.189986
v 0.962922 -0.098135 0.189986
v 0.962922 -0.058334 0.189986
v 1.002722 -0.098135 0.189986
v 1.002722 -0.058334 0.189986
v 0.962922 -0.018534 0.189986
v 0.962922 0.021267 0.189986
v 1.002722 -0.018534 0.189986
v 1.002722 0.021267 0.189986
v 0.883321 -0.098135 0.229787
v 0.883321 -0.098135 0.269587
v 0.883321 -0.058334 0.229787
v 0.883321 -0.058334 0.269587
v 0.923121 -0.098135 0.229787
v 0.923121 -0.098135 0.269587
v 0.923121 -0.058334 0.269587
v 0.883321 -0.058334 0.309388
v 0.923121 -0.058334 0.309388
v 0.883321 -0.018534 0.269587
v 0.883321 0.021267 0.269587
v 0.923121 0.021267 0.229787
v 0.923121 0.021267 0.269587
v 0.883321 -0.018534 0.309388
v 0.883321 0.021267 0.309388
v 0.923121 -0.018534 0.309388
v 0.923121 0.021267 0.309388
v 0.962922 -0.098135 0.229787
v 0.962922 -0.098135 0.269587
v 0.962922 -0.058334 0.269587
v 1.002722 -0.098135 0.229787
v 1.002722 -0.098135 0.269587
v 1.002722 -0.058334 0.229787
v 0.962922 -0.098135 0.309388
v 0.962922 -0.058334 0.309388
v 1.002722 -0.098135 0.309388
v 1.002722 -0.058334 0.309388
v 0.962922 0.021267 0.229787
v 0.962922 0.021267 0.269587
v 1.002722 -0.018534 0.229787
v 1.002722 -0.018534 0.269587
v 1.002722 0.021267 0.229787
v 1.002722 0.021267 0.269587
v 0.962922 -0.018534 0.309388
v 0.962922 0.021267 0.309388
v 1.002722 -0.018534 0.309388
v 1.002722 0.021267 0.309388
v 0.883321 0.061067 0.150186
v 0.883321 0.061067 0.189986
v 0.923121 0.061067 0.189986
v 0.883321 0.061067 0.229787
v 0.883321 0.061067 0.269587
v 0.923121 0.061067 0.229787
v 0.923121 0.061067 0.269587
v 1.042523 -0.058334 0.189986
v 1.042523 -0.018534 0.189986
v 1.042523 -0.098135 0.229787
v 1.042523 -0.098135 0.269587
v 1.042523 -0.058334 0.229787
v 1.082323 -0.098135 0.229787
v 1.082323 -0.098135 0.269587
v 1.082323 -0.058334 0.229787
v 1.042523 -0.098135 0.309388
v 1.042523 -0.058334 0.309388
v 1.082323 -0.098135 0.309388
v 1.082323 -0.058334 0.309388
v 1.042523 -0.018534 0.229787
v 1.042523 -0.018534 0.269587
v 1.042523 0.021267 0.229787
v 1.042523 0.021267 0.269587
v 1.082323 -0.018534 0.229787
v 1.082323 -0.018534 0.269587
v 1.042523 -0.018534 0.309388
v 1.082323 -0.018534 0.309388
v 1.122123 -0.098135 0.229787
v 1.122123 -0.098135 0.269587
v 1.122123 -0.058334 0.229787
v 1.122123 -0.058334 0.269587
v 1.161924 -0.098135 0.229787
v 1.161924 -0.098135 0.269587
v 1.161924 -0.058334 0.229787
v 1.161924 -0.058334 0.269587
v 1.122123 -0.098135 0.309388
v 1.122123 -0.058334 0.309388
v 1.161924 -0.098135 0.309388
v 1.161924 -0.058334 0.309388
v 1.122123 -0.018534 0.229787
v 1.122123 -0.018534 0.269587
v 1.161924 -0.018534 0.269587
v 1.122123 -0.018534 0.309388
v 1.161924 -0.018534 0.309388
v 1.201724 -0.098135 0.269587
v 1.201724 -0.058334 0.269587
v 1.241525 -0.098135 0.269587
v 1.241525 -0.058334 0.269587
v 1.201724 -0.098135 0.309388
v 1.201724 -0.058334 0.309388
v 1.241525 -0.098135 0.309388
v 1.241525 -0.098135 0.349188
v 1.241525 -0.058334 0.309388
v 1.281325 -0.098135 0.269587
v 1.281325 -0.098135 0.309388
v 1.281325 -0.098135 0.349188
v 1.321126 -0.098135 0.309388
v 1.321126 -0.098135 0.349188
v 1.360926 -0.098135 0.309388
v 1.360926 -0.098135 0.349188
vn -1.0000 -0.0000 -0.0000
vn -0.0000 -1.0000 -0.0000
vn -0.0000 -0.0000 -1.0000
vn -0.0000 -0.0000 1.0000
vn 1.0000 -0.0000 -0.0000
vn -0.0000 1.0000 -0.0000
s 0
usemtl Meshpart1Mtl
f 9//1 10//1 12//1 11//1
f 9//2 13//2 14//2 10//2
f 9//3 11//3 15//3 13//3
f 1//2 11//2 12//2 2//2
f 3//1 4//1 14//1 13//1
f 6//1 13//1 15//1 8//1
f 5//2 8//2 15//2 11//2
f 21//1 22//1 24//1 23//1
f 19//2 23//2 24//2 20//2
f 21//4 23//4 19//4 18//4
f 16//1 17//1 22//1 21//1
f 10//1 18//1 19//1 12//1
f 10//2 14//2 21//2 18//2
f 4//1 16//1 21//1 14//1
f 29//1 30//1 32//1 31//1
f 35//1 36//1 38//1 37//1
f 31//1 32//1 36//1 35//1
f 33//1 35//1 37//1 34//1
f 28//1 31//1 35//1 33//1
f 41//1 42//1 44//1 43//1
f 50//1 51//1 53//1 52//1
f 48//2 52//2 53//2 49//2
f 57//1 58//1 60//1 59//1
f 55//2 59//2 60//2 56//2
f 54//3 56//3 60//3 58//3
f 61//1 62//1 64//1 63//1
f 65//1 66//1 68//1 67//1
f 65//2 69//2 70//2 66//2
f 65//3 67//3 71//3 69//3
f 74//3 76//3 78//3 77//3
f 46//3 47//3 68//3 66//3
f 57//2 74//2 75//2 58//2
f 57//3 59//3 76//3 74//3
f 45//3 54//3 58//3 47//3
f 67//1 68//1 75//1 74//1
f 67//3 74//3 77//3 71//3
f 48//1 49//1 62//1 61//1
f 46//1 50//1 52//1 47//1
f 45//2 47//2 52//2 48//2
f 54//1 61//1 63//1 56//1
f 45//1 48//1 61//1 54//1
f 46//2 66//2 72//2 50//2
f 47//3 58//3 75//3 68//3
f 80//1 81//1 83//1 82//1
f 84//1 85//1 87//1 86//1
f 84//2 88//2 89//2 85//2
f 89//4 90//4 87//4 85//4
f 95//4 96//4 94//4 93//4
f 105//4 106//4 104//4 103//4
f 80//2 92//2 93//2 81//2
f 93//4 94//4 83//4 81//4
f 99//4 100//4 90//4 89//4
f 82//1 83//1 89//1 88//1
f 82//4 88//4 84//4 79//4
f 96//4 101//4 99//4 94//4
f 95//1 97//1 98//1 96//1
f 99//1 103//1 104//1 100//1
f 99//2 101//2 105//2 103//2
f 96//1 98//1 105//1 101//1
f 90//2 100//2 104//2 91//2
f 94//4 99//4 89//4 83//4
f 107//1 108//1 110//1 109//1
f 107//3 109//3 112//3 111//3
f 116//1 117//1 119//1 118//1
f 116//3 118//3 121//3 120//3
f 122//3 123//3 125//3 124//3
f 126//3 127//3 129//3 128//3
f 111//3 112//3 123//3 122//3
f 120//3 121//3 127//3 126//3
f 109//1 110//1 117//1 116//1
f 109//3 116//3 120//3 112//3
f 123//3 126//3 128//3 125//3
f 108//1 113//1 115//1 110//1
f 112//3 120//3 126//3 123//3
f 130//1 131//1 133//1 132//1
f 134//4 135//4 133//4 131//4
f 141//4 142//4 140//4 139//4
f 147//4 148//4 146//4 145//4
f 158//4 159//4 157//4 156//4
f 149//4 150//4 137//4 136//4
f 152//4 153//4 142//4 141//4
f 132//1 133//1 139//1 138//1
f 135//4 141//4 139//4 133//4
f 148//4 154//4 152//4 146//4
f 134//1 136//1 137//1 135//1
f 146//5 150//5 149//5 145//5
f 149//6 151//6 147//6 145//6
f 152//1 156//1 157//1 153//1
f 155//5 159//5 158//5 154//5
f 152//2 154//2 158//2 156//2
f 135//1 137//1 143//1 141//1
f 152//5 156//5 150//5 146//5
f 143//6 156//6 152//6 141//6
f 142//2 153//2 157//2 144//2
f 150//4 156//4 143//4 137//4
f 29//2 113//2 114//2 30//2
f 29//3 31//3 115//3 113//3
f 33//3 34//3 119//3 117//3
f 28//2 110//2 115//2 31//2
f 28//3 33//3 117//3 110//3
f 130//4 132//4 40//4 39//4
f 41//2 138//2 139//2 42//2
f 139//4 140//4 44//4 42//4
f 132//4 138//4 41//4 40//4
f 55//1 56//1 108//1 107//1
f 55//3 107//3 111//3 59//3
f 76//3 122//3 124//3 78//3
f 63//1 64//1 114//1 113//1
f 56//1 63//1 113//1 108//1
f 59//3 111//3 122//3 76//3
f 86//1 87//1 131//1 130//1
f 90//4 134//4 131//4 87//4
f 106//4 151//4 149//4 104//4
f 90//1 91//1 136//1 134//1
f 147//5 151//5 106//5 102//5
f 104//4 149//4 136//4 91//4
f 30//1 39//1 40//1 32//1
f 36//1 41//1 43//1 38//1
f 32//1 40//1 41//1 36//1
f 51//1 80//1 82//1 53//1
f 49//2 53//2 82//2 79//2
f 62//1 84//1 86//1 64//1
f 49//1 79//1 84//1 62//1
f 51//2 73//2 92//2 80//2
f 26//1 27//1 39//1 30//1
f 26//2 64//2 86//2 27//2
f 26//3 30//3 114//3 64//3
f 86//4 130//4 39//4 27//4
f 160//2 162//2 163//2 161//2
f 164//2 166//2 167//2 165//2
f 174//1 175//1 177//1 176//1
f 172//2 176//2 177//2 173//2
f 171//3 173//3 177//3 175//3
f 181//1 182//1 184//1 183//1
f 179//2 183//2 184//2 180//2
f 178//3 180//3 184//3 182//3
f 186//3 187//3 189//3 188//3
f 199//5 200//5 198//5 197//5
f 194//2 197//2 198//2 195//2
f 194//3 196//3 199//3 197//3
f 174//2 190//2 191//2 175//2
f 174//3 176//3 192//3 190//3
f 181//2 194//2 195//2 182//2
f 181//3 183//3 196//3 194//3
f 169//3 178//3 182//3 170//3
f 187//3 195//3 198//3 189//3
f 169//2 170//2 176//2 172//2
f 186//1 190//1 192//1 187//1
f 186//2 188//2 193//2 190//2
f 169//1 172//1 185//1 178//1
f 170//2 187//2 192//2 176//2
f 170//3 182//3 195//3 187//3
f 204//1 205//1 207//1 206//1
f 202//2 206//2 207//2 203//2
f 204//4 206//4 202//4 201//4
f 214//4 215//4 213//4 212//4
f 222//4 223//4 221//4 220//4
f 227//1 228//1 230//1 229//1
f 227//4 229//4 226//4 225//4
f 204//2 216//2 217//2 205//2
f 217//4 218//4 207//4 205//4
f 225//4 226//4 215//4 214//4
f 207//4 211//4 209//4 203//4
f 223//1 224//1 228//1 227//1
f 223//4 227//4 225//4 221//4
f 209//1 212//1 213//1 210//1
f 209//2 211//2 214//2 212//2
f 217//1 220//1 221//1 218//1
f 217//2 219//2 222//2 220//2
f 207//1 208//1 214//1 211//1
f 207//2 218//2 221//2 208//2
f 221//4 225//4 214//4 208//4
f 231//2 233//2 234//2 232//2
f 233//2 235//2 236//2 234//2
f 238//2 240//2 241//2 239//2
f 244//2 246//2 247//2 245//2
f 240//2 244//2 245//2 241//2
f 239//2 241//2 243//2 242//2
f 241//2 245//2 248//2 243//2
f 249//3 250//3 252//3 251//3
f 255//3 256//3 258//3 257//3
f 267//5 268//5 266//5 265//5
f 262//2 265//2 266//2 263//2
f 262//3 264//3 267//3 265//3
f 276//5 277//5 275//5 274//5
f 273//6 277//6 276//6 272//6
f 271//3 272//3 276//3 274//3
f 251//3 252//3 261//3 260//3
f 257//3 258//3 270//3 269//3
f 250//3 255//3 257//3 252//3
f 274//5 275//5 268//5 267//5
f 264//3 271//3 274//3 267//3
f 249//2 251//2 254//2 253//2
f 261//5 264//5 262//5 260//5
f 270//5 272//5 271//5 269//5
f 269//5 271//5 264//5 261//5
f 251//2 260//2 262//2 254//2
f 259//6 272//6 270//6 258//6
f 252//3 257//3 269//3 261//3
f 278//1 279//1 281//1 280//1
f 284//5 285//5 283//5 282//5
f 278//2 282//2 283//2 279//2
f 283//4 285//4 281//4 279//4
f 288//5 289//5 287//5 286//5
f 287//6 291//6 290//6 286//6
f 290//4 292//4 288//4 286//4
f 301//4 302//4 299//4 298//4
f 304//6 308//6 307//6 303//6
f 312//4 313//4 311//4 309//4
f 284//2 299//2 300//2 285//2
f 298//4 299//4 284//4 282//4
f 291//6 310//6 309//6 290//6
f 309//4 311//4 292//4 290//4
f 285//4 291//4 287//4 281//4
f 309//5 310//5 300//5 299//5
f 302//4 312//4 309//4 299//4
f 297//5 302//5 301//5 295//5
f 293//2 295//2 301//2 298//2
f 308//5 313//5 312//5 306//5
f 311//6 313//6 308//6 304//6
f 306//5 312//5 302//5 297//5
f 300//4 310//4 291//4 285//4
f 162//2 231//2 232//2 163//2
f 166//2 238//2 239//2 167//2
f 167//2 239//2 242//2 168//2
f 188//3 189//3 250//3 249//3
f 198//3 200//3 256//3 255//3
f 188//2 249//2 253//2 193//2
f 189//3 198//3 255//3 250//3
f 223//2 280//2 281//2 224//2
f 278//4 280//4 223//4 222//4
f 230//6 289//6 288//6 229//6
f 287//4 289//4 230//4 228//4
f 281//4 287//4 228//4 224//4
f 160//1 161//1 191//1 190//1
f 160//3 190//3 193//3 162//3
f 231//3 253//3 254//3 233//3
f 262//5 263//5 236//5 235//5
f 236//3 263//3 266//3 237//3
f 233//3 254//3 262//3 235//3
f 164//1 165//1 217//1 216//1
f 167//4 219//4 217//4 165//4
f 167//1 168//1 222//1 219//1
f 294//5 295//5 247//5 246//5
f 247//4 295//4 293//4 245//4
f 243//4 282//4 278//4 242//4
f 293//5 298//5 248//5 245//5
f 248//4 298//4 282//4 243//4
f 161//2 163//2 166//2 164//2
f 171//1 201//1 202//1 173//1
f 171//2 175//2 204//2 201//2
f 175//2 191//2 216//2 204//2
f 232//2 234//2 240//2 238//2
f 236//2 237//2 246//2 244//2
f 234//2 236//2 244//2 240//2
f 268//5 296//5 294//5 266//5
f 277//5 307//5 305//5 275//5
f 161//1 164//1 216//1 191//1
f 266//5 294//5 246//5 237//5
f 163//2 232//2 238//2 166//2
f 162//3 193//3 253//3 231//3
f 242//4 278//4 222//4 168//4
f 314//3 315//3 317//3 316//3
f 323//5 324//5 322//5 321//5
f 319//3 320//3 323//3 321//3
f 327//5 328//5 326//5 325//5
f 326//6 330//6 329//6 325//6
f 326//3 328//3 331//3 330//3
f 339//5 340//5 338//5 337//5
f 338//6 342//6 341//6 337//6
f 318//6 328//6 327//6 317//6
f 316//3 317//3 327//3 325//3
f 322//3 324//3 336//3 335//3
f 321//5 322//5 318//5 317//5
f 315//3 319//3 321//3 317//3
f 341//5 342//5 334//5 333//5
f 332//3 337//3 341//3 333//3
f 332//6 333//6 331//6 328//6
f 336//5 339//5 337//5 335//5
f 335//5 337//5 332//5 328//5
f 318//3 322//3 335//3 328//3
f 346//4 347//4 345//4 344//4
f 350//4 352//4 349//4 348//4
f 362//4 363//4 361//4 360//4
f 366//5 367//5 365//5 364//5
f 365//6 369//6 368//6 364//6
f 360//4 361//4 347//4 346//4
f 352//6 367//6 366//6 351//6
f 365//4 367//4 352//4 350//4
f 368//5 369//5 359//5 358//5
f 359//4 369//4 365//4 356//4
f 347//4 355//4 353//4 345//4
f 349//5 354//5 353//5 348//5
f 353//6 355//6 350//6 348//6
f 359//5 363//5 362//5 357//5
f 361//6 363//6 359//6 356//6
f 350//5 355//5 347//5 343//5
f 347//6 361//6 356//6 343//6
f 356//4 365//4 350//4 343//4
f 372//5 373//5 371//5 370//5
f 371//6 375//6 374//6 370//6
f 371//3 373//3 376//3 375//3
f 379//5 380//5 378//5 377//5
f 383//5 384//5 382//5 381//5
f 390//5 391//5 389//5 388//5
f 386//3 387//3 390//3 388//3
f 378//6 394//6 393//6 377//6
f 381//5 382//5 373//5 372//5
f 373//3 382//3 385//3 376//3
f 388//5 389//5 380//5 379//5
f 376//5 379//5 377//5 375//5
f 384//5 387//5 386//5 382//5
f 386//6 388//6 385//6 382//6
f 385//5 388//5 379//5 376//5
f 377//6 393//6 392//6 375//6
f 400//5 401//5 399//5 398//5
f 397//6 401//6 400//6 396//6
f 399//4 401//4 397//4 395//4
f 404//5 405//5 403//5 402//5
f 406//4 407//4 404//4 402//4
f 402//5 403//5 397//5 396//5
f 400//4 406//4 402//4 396//4
f 414//5 415//5 413//5 412//5
f 413//6 417//6 416//6 412//6
f 413//3 415//3 418//3 417//3
f 417//6 420//6 419//6 416//6
f 410//5 414//5 412//5 409//5
f 412//6 416//6 411//6 409//6
f 424//5 425//5 423//5 422//5
f 423//6 427//6 426//6 422//6
f 426//4 428//4 424//4 422//4
f 427//6 432//6 431//6 426//6
f 429//6 430//6 427//6 423//6
f 430//6 434//6 432//6 427//6
f 330//3 331//3 410//3 409//3
f 334//6 415//6 414//6 333//6
f 333//6 414//6 410//6 331//6
f 359//6 425//6 424//6 358//6
f 423//4 425//4 359//4 357//4
f 362//6 429//6 423//6 357//6
f 374//5 375//5 324//5 323//5
f 320//3 370//3 374//3 323//3
f 393//5 394//5 340//5 339//5
f 392//5 393//5 339//5 336//5
f 324//3 375//3 392//3 336//3
f 398//5 399//5 352//5 351//5
f 352//4 399//4 395//4 349//4
f 366//4 408//4 398//4 351//4
f 340//5 366//5 364//5 338//5
f 364//6 368//6 342//6 338//6
f 342//5 368//5 358//5 334//5
f 380//5 400//5 398//5 378//5
f 391//5 407//5 406//5 389//5
f 389//5 406//5 400//5 380//5
f 398//6 408//6 394//6 378//6
f 418//5 428//5 426//5 417//5
f 424//6 428//6 418//6 415//6
f 431//6 433//6 421//6 420//6
f 426//6 431//6 420//6 417//6
f 394//5 408//5 366//5 340//5
f 358//6 424//6 415//6 334//6
f 3//2 172//2 173//2 4//2
f 7//2 179//2 180//2 8//2
f 6//3 8//3 180//3 178//3
f 6//2 178//2 185//2 13//2
f 3//3 13//3 185//3 172//3
f 16//2 202//2 203//2 17//2
f 209//4 210//4 24//4 22//4
f 24//2 210//2 213//2 25//2
f 203//4 209//4 22//4 17//4
f 4//2 173//2 202//2 16//2
f 69//3 71//3 315//3 314//3
f 77//3 78//3 320//3 319//3
f 71//3 77//3 319//3 315//3
f 344//4 345//4 98//4 97//4
f 353//4 354//4 106//4 105//4
f 106//6 354//6 349//6 102//6
f 345//4 353//4 105//4 98//4
f 124//3 125//3 372//3 370//3
f 128//3 129//3 383//3 381//3
f 125//3 128//3 381//3 372//3
f 395//4 397//4 148//4 147//4
f 403//4 405//4 155//4 154//4
f 397//4 403//4 154//4 148//4
f 78//3 124//3 370//3 320//3
f 349//4 395//4 147//4 102//4
f 7//1 8//1 70//1 69//1
f 5//3 66//3 70//3 8//3
f 1//1 2//1 51//1 50//1
f 5//1 11//1 72//1 66//1
f 1//3 50//3 72//3 11//3
f 12//4 73//4 51//4 2//4
f 19//1 20//1 93//1 92//1
f 24//4 95//4 93//4 20//4
f 24//1 25//1 97//1 95//1
f 12//1 19//1 92//1 73//1
f 179//3 314//3 316//3 183//3
f 329//5 330//5 200//5 199//5
f 196//3 325//3 329//3 199//3
f 183//3 316//3 325//3 196//3
f 256//3 409//3 411//3 258//3
f 419//5 420//5 273//5 272//5
f 273//3 420//3 421//3 277//3
f 411//5 416//5 259//5 258//5
f 259//3 416//3 419//3 272//3
f 215//4 346//4 344//4 213//4
f 229//4 362//4 360//4 226//4
f 226//4 360//4 346//4 215//4
f 431//5 432//5 304//5 303//5
f 307//4 433//4 431//4 303//4
f 292//4 430//4 429//4 288//4
f 432//5 434//5 311//5 304//5
f 311//4 434//4 430//4 292//4
f 421//5 433//5 307//5 277//5
f 200//3 330//3 409//3 256//3
f 288//4 429//4 362//4 229//4
f 7//3 69//3 314//3 179//3
f 213//4 344//4 97//4 25//4
f 439//5 440//5 438//5 437//5
f 443//5 444//5 442//5 441//5
f 441//5 442//5 440//5 439//5
f 436//5 441//5 439//5 435//5
f 268//3 275//3 436//3 435//3
f 294//2 437//2 438//2 295//2
f 294//3 296//3 439//3 437//3
f 438//4 440//4 297//4 295//4
f 308//6 444//6 443//6 307//6
f 305//3 307//3 443//3 441//3
f 442//4 444//4 308//4 306//4
f 440//4 442//4 306//4 297//4
f 268//2 435//2 439//2 296//2
f 305//6 441//6 436//6 275//6
f 447//1 448//1 450//1 449//1
f 452//1 453//1 455//1 454//1
f 449//1 450//1 453//1 452//1
f 445//1 447//1 449//1 446//1
f 446//1 449//1 452//1 451//1
f 456//1 457//1 459//1 458//1
f 462//1 463//1 465//1 464//1
f 462//3 464//3 467//3 466//3
f 471//1 472//1 474//1 473//1
f 469//6 472//6 471//6 468//6
f 469//3 470//3 474//3 472//3
f 482//5 483//5 481//5 480//5
f 478//3 479//3 482//3 480//3
f 484//3 485//3 489//3 487//3
f 466//3 467//3 479//3 478//3
f 474//6 486//6 485//6 473//6
f 471//3 473//3 485//3 484//3
f 464//1 465//1 469//1 468//1
f 464//3 468//3 471//3 467//3
f 487//5 488//5 483//5 482//5
f 479//3 484//3 487//3 482//3
f 469//1 475//1 476//1 470//1
f 467//3 471//3 484//3 479//3
f 494//4 495//4 493//4 491//4
f 498//1 499//1 501//1 500//1
f 502//4 503//4 501//4 499//4
f 510//4 511//4 509//4 508//4
f 515//4 516//4 514//4 513//4
f 508//4 509//4 497//4 496//4
f 513//4 514//4 505//4 504//4
f 492//1 493//1 499//1 498//1
f 495//4 502//4 499//4 493//4
f 511//4 515//4 513//4 509//4
f 494//1 496//1 497//1 495//1
f 502//1 504//1 505//1 503//1
f 507//5 511//5 510//5 506//5
f 495//1 497//1 504//1 502//1
f 512//5 515//5 511//5 507//5
f 509//4 513//4 504//4 497//4
f 520//1 521//1 523//1 522//1
f 523//6 526//6 525//6 522//6
f 520//3 522//3 525//3 524//3
f 528//1 529//1 531//1 530//1
f 532//1 533//1 535//1 534//1
f 538//5 539//5 537//5 536//5
f 535//6 539//6 538//6 534//6
f 532//3 534//3 538//3 536//3
f 541//3 542//3 544//3 543//3
f 518//3 519//3 535//3 533//3
f 531//6 547//6 546//6 530//6
f 528//3 530//3 546//3 545//3
f 535//3 541//3 543//3 539//3
f 525//1 526//1 529//1 528//1
f 523//3 527//3 529//3 526//3
f 518//1 524//1 525//1 519//1
f 520//6 524//6 518//6 517//6
f 541//1 545//1 546//1 542//1
f 546//6 548//6 544//6 542//6
f 535//1 540//1 545//1 541//1
f 525//6 540//6 535//6 519//6
f 525//3 528//3 545//3 540//3
f 549//1 550//1 552//1 551//1
f 552//6 555//6 554//6 551//6
f 553//4 555//4 552//4 550//4
f 559//1 560//1 562//1 561//1
f 566//4 567//4 565//4 564//4
f 575//1 576//1 578//1 577//1
f 575//4 577//4 574//4 573//4
f 564//4 565//4 557//4 556//4
f 562//6 571//6 570//6 561//6
f 569//4 571//4 562//4 560//4
f 554//1 555//1 560//1 559//1
f 554//4 559//4 558//4 551//4
f 567//1 568//1 576//1 575//1
f 567//4 575//4 573//4 565//4
f 553//1 556//1 557//1 555//1
f 569//1 573//1 574//1 571//1
f 574//6 577//6 572//6 571//6
f 555//1 557//1 563//1 560//1
f 563//6 573//6 569//6 560//6
f 565//4 573//4 563//4 557//4
f 445//3 446//3 465//3 463//3
f 455//6 477//6 476//6 454//6
f 452//3 454//3 476//3 475//3
f 452//6 475//6 469//6 451//6
f 446//3 451//3 469//3 465//3
f 459//6 493//6 492//6 458//6
f 491//4 493//4 459//4 457//4
f 498//4 500//4 461//4 460//4
f 492//4 498//4 460//4 458//4
f 470//3 517//3 518//3 474//3
f 485//1 486//1 533//1 532//1
f 536//5 537//5 490//5 489//5
f 485//3 532//3 536//3 489//3
f 476//1 477//1 521//1 520//1
f 470//1 476//1 520//1 517//1
f 474//3 518//3 533//3 486//3
f 500//1 501//1 550//1 549//1
f 503//4 553//4 550//4 501//4
f 516//4 566//4 564//4 514//4
f 503//1 505//1 556//1 553//1
f 514//4 564//4 556//4 505//4
f 448//1 456//1 458//1 450//1
f 453//1 460//1 461//1 455//1
f 450//1 458//1 460//1 453//1
f 521//1 549//1 551//1 523//1
f 529//1 559//1 561//1 531//1
f 558//6 559//6 529//6 527//6
f 523//1 551//1 558//1 527//1
f 561//6 570//6 547//6 531//6
f 477//1 500//1 549//1 521//1
f 461//6 500//6 477//6 455//6
f 581//1 582//1 584//1 583//1
f 580//6 582//6 581//6 579//6
f 587//1 588//1 590//1 589//1
f 586//6 588//6 587//6 585//6
f 588//1 591//1 592//1 590//1
f 582//1 587//1 589//1 584//1
f 585//6 587//6 582//6 580//6
f 600//5 601//5 599//5 598//5
f 596//3 597//3 600//3 598//3
f 604//5 605//5 603//5 602//5
f 603//3 605//3 607//3 606//3
f 611//5 612//5 610//5 609//5
f 611//2 613//2 614//2 612//2
f 609//5 610//5 601//5 600//5
f 597//3 608//3 609//3 600//3
f 595//5 597//5 596//5 594//5
f 607//5 611//5 609//5 606//5
f 603//2 606//2 609//2 608//2
f 603//5 608//5 597//5 595//5
f 617//5 618//5 616//5 615//5
f 617//2 620//2 621//2 618//2
f 619//4 620//4 617//4 615//4
f 626//5 627//5 625//5 624//5
f 625//4 627//4 623//4 622//4
f 626//2 631//2 632//2 627//2
f 624//5 625//5 621//5 620//5
f 621//4 625//4 622//4 618//4
f 623//5 629//5 628//5 622//5
f 623//2 627//2 630//2 629//2
f 633//3 634//3 636//3 635//3
f 639//3 640//3 642//3 641//3
f 647//5 648//5 646//5 645//5
f 647//2 650//2 651//2 648//2
f 646//3 648//3 651//3 649//3
f 652//3 653//3 655//3 654//3
f 637//3 638//3 647//3 645//3
f 641//3 642//3 653//3 652//3
f 634//3 639//3 641//3 636//3
f 658//5 659//5 651//5 650//5
f 647//3 656//3 658//3 650//3
f 636//5 638//5 637//5 635//5
f 655//5 660//5 658//5 654//5
f 652//2 654//2 658//2 656//2
f 657//6 660//6 655//6 653//6
f 652//5 656//5 647//5 644//5
f 636//2 644//2 647//2 638//2
f 636//3 641//3 652//3 644//3
f 665//4 666//4 663//4 662//4
f 668//2 672//2 673//2 669//2
f 673//4 674//4 671//4 669//4
f 680//5 681//5 679//5 678//5
f 675//2 678//2 679//2 676//2
f 679//4 681//4 677//4 676//4
f 683//2 685//2 686//2 684//2
f 690//4 691//4 688//4 687//4
f 666//2 683//2 684//2 667//2
f 682//4 683//4 666//4 665//4
f 687//4 688//4 674//4 673//4
f 668//5 669//5 664//5 663//5
f 666//1 667//1 673//1 672//1
f 666//4 672//4 668//4 663//4
f 689//5 690//5 686//5 685//5
f 686//4 690//4 687//4 684//4
f 677//5 683//5 682//5 676//5
f 677//2 681//2 685//2 683//2
f 661//2 676//2 682//2 665//2
f 684//4 687//4 673//4 667//4
f 695//5 696//5 694//5 693//5
f 695//2 698//2 699//2 696//2
f 694//3 696//3 699//3 697//3
f 697//3 699//3 701//3 700//3
f 706//2 708//2 709//2 707//2
f 710//2 713//2 714//2 711//2
f 714//4 715//4 712//4 711//4
f 721//5 722//5 720//5 719//5
f 716//2 719//2 720//2 717//2
f 716//3 718//3 721//3 719//3
f 725//5 726//5 724//5 723//5
f 725//2 728//2 729//2 726//2
f 727//4 728//4 725//4 723//4
f 708//2 716//2 717//2 709//2
f 713//2 723//2 724//2 714//2
f 724//4 726//4 715//4 714//4
f 706//5 707//5 704//5 703//5
f 707//2 709//2 713//2 710//2
f 717//2 720//2 727//2 723//2
f 707//5 710//5 705//5 704//5
f 709//2 717//2 723//2 713//2
f 658//2 693//2 694//2 659//2
f 658//3 660//3 695//3 693//3
f 651//3 659//3 694//3 692//3
f 680//2 703//2 704//2 681//2
f 689//2 710//2 711//2 690//2
f 711//4 712//4 691//4 690//4
f 681//2 704//2 705//2 685//2
f 705//4 710//4 689//4 685//4
f 605//3 633//3 635//3 607//3
f 645//5 646//5 614//5 613//5
f 635//5 637//5 611//5 607//5
f 611//3 637//3 645//3 613//3
f 675//5 676//5 632//5 631//5
f 630//4 665//4 662//4 629//4
f 661//5 665//5 630//5 627//5
f 632//4 676//4 661//4 627//4
f 601//5 620//5 619//5 599//5
f 612//5 626//5 624//5 610//5
f 610//5 624//5 620//5 601//5
f 612//2 614//2 631//2 626//2
f 651//5 680//5 678//5 649//5
f 646//2 649//2 678//2 675//2
f 694//2 697//2 708//2 706//2
f 701//5 718//5 716//5 700//5
f 701//2 702//2 721//2 718//2
f 694//5 706//5 703//5 692//5
f 697//2 700//2 716//2 708//2
f 646//5 675//5 631//5 614//5
f 651//2 692//2 703//2 680//2
f 734//6 737//6 736//6 733//6
f 732//3 733//3 736//3 735//3
f 742//3 743//3 745//3 744//3
f 747//6 750//6 749//6 746//6
f 747//3 748//3 751//3 750//3
f 735//3 736//3 743//3 742//3
f 740//6 747//6 746//6 739//6
f 736//1 737//1 740//1 739//1
f 734//3 738//3 740//3 737//3
f 743//3 746//3 749//3 745//3
f 732//6 735//6 731//6 730//6
f 735//6 742//6 741//6 731//6
f 736//3 739//3 746//3 743//3
f 755//1 756//1 758//1 757//1
f 758//6 761//6 760//6 757//6
f 759//4 761//4 758//4 756//4
f 764//1 765//1 767//1 766//1
f 763//6 765//6 764//6 762//6
f 772//4 773//4 771//4 770//4
f 777//6 779//6 778//6 776//6
f 783//1 784//1 786//1 785//1
f 781//6 784//6 783//6 780//6
f 783//4 785//4 782//4 780//4
f 770//4 771//4 761//4 759//4
f 767//6 777//6 776//6 766//6
f 764//3 766//3 776//3 774//3
f 775//4 777//4 767//4 765//4
f 769//6 781//6 780//6 768//6
f 752//1 753//1 763//1 762//1
f 754//4 765//4 763//4 753//4
f 760//1 761//1 769//1 768//1
f 773//4 784//4 781//4 771//4
f 757//6 760//6 754//6 753//6
f 775//1 780//1 782//1 777//1
f 782//6 785//6 779//6 777//6
f 754//1 760//1 768//1 765//1
f 768//6 780//6 775//6 765//6
f 771//4 781//4 769//4 761//4
f 787//3 788//3 791//3 789//3
f 793//6 796//6 795//6 792//6
f 793//3 794//3 797//3 796//3
f 800//5 801//5 799//5 798//5
f 799//3 801//3 803//3 802//3
f 805//3 806//3 808//3 807//3
f 789//2 798//2 799//2 790//2
f 789//3 791//3 800//3 798//3
f 796//6 805//6 804//6 795//6
f 796//3 797//3 806//3 805//3
f 788//3 792//3 795//3 791//3
f 804//5 805//5 801//5 800//5
f 801//3 805//3 807//3 803//3
f 791//3 795//3 804//3 800//3
f 817//4 818//4 816//4 814//4
f 824//6 826//6 825//6 823//6
f 828//6 830//6 829//6 827//6
f 832//6 834//6 833//6 831//6
f 836//6 838//6 837//6 835//6
f 826//6 832//6 831//6 825//6
f 830//6 836//6 835//6 829//6
f 827//6 829//6 826//6 824//6
f 835//6 837//6 834//6 832//6
f 829//6 835//6 832//6 826//6
f 744//3 745//3 788//3 787//3
f 750//6 793//6 792//6 749//6
f 750//3 751//3 794//3 793//3
f 745//3 749//3 792//3 788//3
f 779//6 812//6 811//6 778//6
f 786//6 816//6 815//6 785//6
f 814//4 816//4 786//4 784//4
f 785//6 815//6 812//6 779//6
f 811//1 812//1 824//1 823//1
f 811//3 823//3 825//3 813//3
f 819//3 831//3 833//3 820//3
f 815//1 816//1 828//1 827//1
f 818//4 830//4 828//4 816//4
f 822//4 838//4 836//4 821//4
f 812//1 815//1 827//1 824//1
f 813//3 825//3 831//3 819//3
f 821//4 836//4 830//4 818//4
f 762//6 764//6 740//6 738//6
f 747//1 774//1 776//1 748//1
f 776//6 778//6 751//6 748//6
f 734//1 752//1 762//1 738//1
f 764//6 774//6 747//6 740//6
f 811//6 813//6 797//6 794//6
f 819//6 820//6 808//6 806//6
f 813//6 819//6 806//6 797//6
f 778//6 811//6 794//6 751//6
f 481//6 594//6 593//6 480//6
f 481//3 483//3 595//3 594//3
f 487//2 602//2 603//2 488//2
f 490//6 605//6 604//6 489//6
f 487//3 489//3 604//3 602//3
f 483//3 488//3 603//3 595//3
f 616//4 618//4 507//4 506//4
f 628//4 629//4 516//4 515//4
f 512//2 622//2 628//2 515//2
f 618//4 622//4 512//4 507//4
f 537//3 539//3 634//3 633//3
f 543//3 544//3 640//3 639//3
f 548//6 643//6 640//6 544//6
f 539//3 543//3 639//3 634//3
f 567//2 663//2 664//2 568//2
f 662//4 663//4 567//4 566//4
f 578//6 671//6 670//6 577//6
f 669//4 671//4 578//4 576//4
f 664//4 669//4 576//4 568//4
f 490//3 537//3 633//3 605//3
f 629//4 662//4 566//4 516//4
f 584//6 734//6 733//6 583//6
f 581//3 583//3 733//3 732//3
f 590//6 753//6 752//6 589//6
f 755//4 757//4 592//4 591//4
f 592//6 757//6 753//6 590//6
f 589//6 752//6 734//6 584//6
f 546//1 547//1 580//1 579//1
f 546//3 579//3 581//3 548//3
f 570//1 571//1 586//1 585//1
f 572//4 588//4 586//4 571//4
f 572//1 577//1 591//1 588//1
f 547//1 570//1 585//1 580//1
f 640//3 730//3 731//3 642//3
f 657//3 742//3 744//3 660//3
f 640//1 643//1 732//1 730//1
f 741//5 742//5 657//5 653//5
f 642//3 731//3 741//3 653//3
f 789//5 790//5 699//5 698//5
f 695//3 787//3 789//3 698//3
f 701//3 799//3 802//3 702//3
f 699//3 790//3 799//3 701//3
f 670//1 671//1 756//1 755//1
f 674//4 759//4 756//4 671//4
f 691//4 772//4 770//4 688//4
f 688//4 770//4 759//4 674//4
f 715//4 810//4 809//4 712//4
f 660//3 744//3 787//3 695//3
f 548//3 581//3 732//3 643//3
f 670//4 755//4 591//4 577//4
f 841//2 844//2 845//2 842//2
f 840//3 842//3 845//3 843//3
f 846//1 847//1 849//1 848//1
f 846//2 850//2 851//2 847//2
f 851//4 852//4 849//4 847//4
f 854//2 857//2 858//2 855//2
f 853//3 855//3 858//3 856//3
f 859//2 861//2 862//2 860//2
f 844//2 854//2 855//2 845//2
f 843//3 845//3 855//3 853//3
f 850//2 859//2 860//2 851//2
f 840//2 843//2 850//2 846//2
f 853//2 856//2 861//2 859//2
f 843//2 853//2 859//2 850//2
f 863//2 865//2 866//2 864//2
f 868//2 871//2 872//2 869//2
f 867//3 869//3 872//3 870//3
f 877//2 879//2 880//2 878//2
f 881//3 883//3 885//3 884//3
f 865//2 877//2 878//2 866//2
f 871//2 882//2 883//2 872//2
f 870//3 872//3 883//3 881//3
f 863//1 864//1 874//1 873//1
f 863//3 873//3 875//3 865//3
f 877//3 886//3 887//3 879//3
f 867//2 870//2 875//2 873//2
f 881//2 884//2 887//2 886//2
f 876//1 879//1 887//1 884//1
f 870//2 881//2 886//2 875//2
f 865//3 875//3 886//3 877//3
f 857//2 868//2 869//2 858//2
f 856//3 858//3 869//3 867//3
f 861//2 873//2 874//2 862//2
f 856//2 867//2 873//2 861//2
f 888//3 889//3 891//3 890//3
f 892//3 893//3 895//3 894//3
f 890//3 891//3 897//3 896//3
f 889//3 892//3 894//3 891//3
f 891//3 894//3 898//3 897//3
f 906//3 907//3 909//3 908//3
f 915//5 916//5 914//5 913//5
f 912//6 916//6 915//6 911//6
f 910//3 911//3 915//3 913//3
f 904//6 912//6 911//6 903//6
f 902//3 903//3 911//3 910//3
f 907//3 910//3 913//3 909//3
f 921//6 923//6 922//6 920//6
f 925//6 927//6 926//6 924//6
f 931//6 933//6 932//6 930//6
f 927//6 931//6 930//6 926//6
f 924//6 926//6 923//6 921//6
f 930//6 932//6 929//6 928//6
f 926//6 930//6 928//6 923//6
f 934//3 935//3 937//3 936//3
f 939//6 942//6 941//6 938//6
f 939//3 940//3 943//3 942//3
f 945//6 947//6 946//6 944//6
f 950//5 951//5 949//5 948//5
f 949//3 951//3 953//3 952//3
f 960//5 961//5 959//5 958//5
f 959//6 963//6 962//6 958//6
f 959//3 961//3 964//3 963//3
f 936//3 937//3 950//3 948//3
f 942//6 955//6 954//6 941//6
f 942//3 943//3 956//3 955//3
f 947//6 961//6 960//6 946//6
f 935//3 938//3 941//3 937//3
f 954//5 955//5 951//5 950//5
f 951//3 955//3 957//3 953//3
f 944//6 946//6 943//6 940//6
f 956//5 960//5 958//5 955//5
f 958//6 962//6 957//6 955//6
f 946//6 960//6 956//6 943//6
f 937//3 941//3 954//3 950//3
f 908//3 909//3 935//3 934//3
f 914//6 939//6 938//6 913//6
f 914//3 916//3 940//3 939//3
f 919//6 945//6 944//6 918//6
f 918//6 944//6 940//6 916//6
f 909//3 913//3 938//3 935//3
f 922//5 923//5 904//5 903//5
f 901//3 920//3 922//3 903//3
f 912//3 928//3 929//3 916//3
f 932//5 933//5 919//5 918//5
f 919//4 933//4 931//4 917//4
f 929//5 932//5 918//5 916//5
f 904//3 923//3 928//3 912//3
f 888//2 890//2 900//2 899//2
f 895//5 903//5 902//5 894//5
f 901//6 903//6 895//6 893//6
f 897//5 907//5 906//5 896//5
f 898//5 910//5 907//5 897//5
f 890//2 896//2 906//2 900//2
f 902//6 910//6 898//6 894//6
f 968//1 969//1 971//1 970//1
f 966//2 970//2 971//2 967//2
f 972//3 973//3 975//3 974//3
f 978//2 981//2 982//2 979//2
f 978//3 980//3 983//3 981//3
f 984//3 985//3 987//3 986//3
f 968//2 978//2 979//2 969//2
f 968//3 970//3 980//3 978//3
f 974//3 975//3 985//3 984//3
f 966//3 976//3 977//3 970//3
f 980//3 988//3 989//3 983//3
f 972//2 974//2 977//2 976//2
f 984//2 986//2 989//2 988//2
f 972//5 976//5 966//5 965//5
f 974//2 984//2 988//2 977//2
f 970//3 977//3 988//3 980//3
f 993//2 996//2 997//2 994//2
f 993//3 995//3 998//3 996//3
f 1001//3 1002//3 1004//3 1003//3
f 1010//5 1011//5 1009//5 1008//5
f 1005//2 1008//2 1009//2 1006//2
f 1005//3 1007//3 1010//3 1008//3
f 1016//5 1017//5 1015//5 1014//5
f 1012//3 1013//3 1016//3 1014//3
f 996//2 1005//2 1006//2 997//2
f 996//3 998//3 1007//3 1005//3
f 1003//3 1004//3 1013//3 1012//3
f 995//3 1001//3 1003//3 998//3
f 1007//3 1012//3 1014//3 1010//3
f 1000//5 1002//5 1001//5 999//5
f 998//3 1003//3 1012//3 1007//3
f 981//2 993//2 994//2 982//2
f 981//3 983//3 995//3 993//3
f 986//3 987//3 1000//3 999//3
f 986//2 999//2 1001//2 989//2
f 990//6 1002//6 1000//6 987//6
f 983//3 989//3 1001//3 995//3
f 991//3 1006//3 1009//3 992//3
f 1018//3 1019//3 1021//3 1020//3
f 1027//6 1030//6 1029//6 1026//6
f 1035//6 1038//6 1037//6 1034//6
f 1033//3 1034//3 1037//3 1036//3
f 1023//3 1024//3 1034//3 1033//3
f 1030//6 1040//6 1039//6 1029//6
f 1022//3 1026//3 1029//3 1024//3
f 1039//5 1040//5 1035//5 1034//5
f 1035//3 1040//3 1041//3 1038//3
f 1021//5 1024//5 1023//5 1020//5
f 1022//6 1024//6 1021//6 1019//6
f 1033//6 1036//6 1032//6 1031//6
f 1025//5 1026//5 1022//5 1019//5
f 1023//6 1033//6 1031//6 1020//6
f 1024//3 1029//3 1039//3 1034//3
f 1047//5 1048//5 1046//5 1045//5
f 1044//6 1048//6 1047//6 1043//6
f 1042//3 1043//3 1047//3 1045//3
f 1050//6 1053//6 1052//6 1049//6
f 1046//6 1050//6 1049//6 1045//6
f 1046//3 1048//3 1051//3 1050//3
f 1038//6 1044//6 1043//6 1037//6
f 1036//3 1037//3 1043//3 1042//3
f 879//2 966//2 967//2 880//2
f 884//3 885//3 973//3 972//3
f 876//2 965//2 966//2 879//2
f 876//3 884//3 972//3 965//3
f 952//3 953//3 1019//3 1018//3
f 963//6 1027//6 1026//6 962//6
f 963//3 964//3 1028//3 1027//3
f 962//6 1026//6 1025//6 957//6
f 953//3 957//3 1025//3 1019//3
f 841//3 899//3 900//3 844//3
f 854//3 906//3 908//3 857//3
f 844//3 900//3 906//3 854//3
f 868//3 934//3 936//3 871//3
f 948//5 949//5 883//5 882//5
f 883//3 949//3 952//3 885//3
f 871//3 936//3 948//3 882//3
f 888//5 899//5 841//5 839//5
f 857//3 908//3 934//3 868//3
f 973//3 1018//3 1020//3 975//3
f 985//3 1031//3 1032//3 987//3
f 1032//5 1036//5 990//5 987//5
f 975//3 1020//3 1031//3 985//3
f 1002//3 1042//3 1045//3 1004//3
f 1052//5 1053//5 1017//5 1016//5
f 1013//3 1049//3 1052//3 1016//3
f 1004//3 1045//3 1049//3 1013//3
f 990//3 1036//3 1042//3 1002//3
f 885//3 952//3 1018//3 973//3
f 721//2 841//2 842//2 722//2
f 720//3 722//3 842//3 840//3
f 728//2 848//2 849//2 729//2
f 846//4 848//4 728//4 727//4
f 720//2 840//2 846//2 727//2
f 702//2 839//2 841//2 721//2
f 802//3 803//3 889//3 888//3
f 807//3 808//3 893//3 892//3
f 803//3 807//3 892//3 889//3
f 834//6 921//6 920//6 833//6
f 838//6 925//6 924//6 837//6
f 837//6 924//6 921//6 834//6
f 820//6 901//6 893//6 808//6
f 820//3 833//3 920//3 901//3
f 905//4 925//4 838//4 822//4
f 702//3 802//3 888//3 839//3
f 1064//4 1065//4 1063//4 1062//4
f 1071//1 1072//1 1074//1 1073//1
f 1071//4 1073//4 1070//4 1069//4
f 1077//1 1078//1 1080//1 1079//1
f 1077//4 1079//4 1076//4 1075//4
f 1069//4 1070//4 1065//4 1064//4
f 1075//4 1076//4 1068//4 1067//4
f 1065//4 1067//4 1066//4 1063//4
f 1073//1 1074//1 1078//1 1077//1
f 1073//4 1077//4 1075//4 1070//4
f 1070//4 1075//4 1067//4 1065//4
f 1062//4 1063//4 1060//4 1059//4
f 1063//4 1066//4 1061//4 1060//4
f 1058//4 1071//4 1069//4 1057//4
f 1057//4 1069//4 1064//4 1056//4
f 1055//4 1062//4 1059//4 1054//4
f 1088//1 1089//1 1091//1 1090//1
f 1086//2 1090//2 1091//2 1087//2
f 1088//4 1090//4 1086//4 1085//4
f 1083//2 1086//2 1087//2 1084//2
f 1085//4 1086//4 1083//4 1082//4
f 1095//2 1098//2 1099//2 1096//2
f 1102//4 1103//4 1101//4 1100//4
f 1104//2 1106//2 1107//2 1105//2
f 1114//4 1115//4 1113//4 1112//4
f 1098//2 1109//2 1110//2 1099//2
f 1112//4 1113//4 1103//4 1102//4
f 1094//4 1098//4 1095//4 1093//4
f 1104//1 1105//1 1110//1 1109//1
f 1107//4 1111//4 1110//4 1105//4
f 1096//1 1100//1 1101//1 1097//1
f 1096//2 1099//2 1102//2 1100//2
f 1110//2 1111//2 1114//2 1112//2
f 1107//1 1108//1 1114//1 1111//1
f 1099//2 1110//2 1112//2 1102//2
f 1104//4 1109//4 1098//4 1094//4
f 1088//2 1095//2 1096//2 1089//2
f 1096//4 1097//4 1091//4 1089//4
f 1091//2 1097//2 1101//2 1092//2
f 1117//2 1120//2 1121//2 1118//2
f 1121//4 1122//4 1119//4 1118//4
f 1125//6 1128//6 1127//6 1124//6
f 1126//4 1128//4 1125//4 1123//4
f 1135//4 1136//4 1134//4 1133//4
f 1139//6 1142//6 1141//6 1138//6
f 1140//4 1142//4 1139//4 1137//4
f 1129//4 1130//4 1122//4 1121//4
f 1128//6 1139//6 1138//6 1127//6
f 1137//4 1139//4 1128//4 1126//4
f 1122//4 1126//4 1123//4 1119//4
f 1132//4 1140//4 1137//4 1130//4
f 1129//1 1133//1 1134//1 1130//1
f 1129//2 1131//2 1135//2 1133//2
f 1134//6 1136//6 1132//6 1130//6
f 1130//4 1137//4 1126//4 1122//4
f 1149//4 1150//4 1148//4 1147//4
f 1156//5 1157//5 1155//5 1154//5
f 1153//6 1157//6 1156//6 1152//6
f 1155//4 1157//4 1153//4 1151//4
f 1162//4 1164//4 1161//4 1160//4
f 1166//6 1169//6 1168//6 1165//6
f 1168//4 1170//4 1167//4 1165//4
f 1160//4 1161//4 1150//4 1149//4
f 1155//6 1166//6 1165//6 1154//6
f 1165//4 1167//4 1156//4 1154//4
f 1150//4 1159//4 1158//4 1148//4
f 1164//4 1172//4 1171//4 1161//4
f 1158//6 1159//6 1155//6 1151//6
f 1171//6 1172//6 1169//6 1166//6
f 1146//1 1148//1 1158//1 1151//1
f 1159//6 1171//6 1166//6 1155//6
f 1161//4 1171//4 1159//4 1150//4
f 1147//4 1148//4 1136//4 1135//4
f 1142//6 1153//6 1152//6 1141//6
f 1151//4 1153//4 1142//4 1140//4
f 1136//6 1148//6 1146//6 1132//6
f 1146//4 1151//4 1140//4 1132//4
f 1127//4 1144//4 1143//4 1124//4
f 1138//4 1145//4 1144//4 1127//4
f 1175//1 1176//1 1178//1 1177//1
f 1175//2 1179//2 1180//2 1176//2
f 1175//3 1177//3 1181//3 1179//3
f 1180//4 1182//4 1178//4 1176//4
f 1186//1 1187//1 1189//1 1188//1
f 1186//2 1190//2 1191//2 1187//2
f 1191//4 1192//4 1189//4 1187//4
f 1193//2 1195//2 1196//2 1194//2
f 1200//1 1201//1 1203//1 1202//1
f 1198//2 1202//2 1203//2 1199//2
f 1200//4 1202//4 1198//4 1197//4
f 1207//4 1208//4 1206//4 1205//4
f 1179//2 1193//2 1194//2 1180//2
f 1197//4 1198//4 1185//4 1184//4
f 1190//2 1204//2 1205//2 1191//2
f 1205//4 1206//4 1192//4 1191//4
f 1185//4 1190//4 1186//4 1183//4
f 1198//1 1199//1 1205//1 1204//1
f 1203//4 1207//4 1205//4 1199//4
f 1180//1 1184//1 1185//1 1182//1
f 1178//2 1182//2 1185//2 1183//2
f 1194//2 1196//2 1200//2 1197//2
f 1180//2 1194//2 1197//2 1184//2
f 1198//4 1204//4 1190//4 1185//4
f 1209//2 1211//2 1212//2 1210//2
f 1214//2 1216//2 1217//2 1215//2
f 1218//2 1220//2 1221//2 1219//2
f 1211//2 1214//2 1215//2 1212//2
f 1215//2 1217//2 1220//2 1218//2
f 1212//2 1215//2 1218//2 1213//2
f 1226//2 1229//2 1230//2 1227//2
f 1230//4 1231//4 1228//4 1227//4
f 1234//4 1235//4 1233//4 1232//4
f 1229//2 1237//2 1238//2 1230//2
f 1231//4 1234//4 1232//4 1228//4
f 1223//2 1225//2 1229//2 1226//2
f 1248//4 1249//4 1247//4 1246//4
f 1252//4 1253//4 1251//4 1250//4
f 1246//4 1247//4 1243//4 1242//4
f 1250//4 1251//4 1245//4 1244//4
f 1249//4 1252//4 1250//4 1247//4
f 1247//4 1250//4 1244//4 1243//4
f 1173//2 1209//2 1210//2 1174//2
f 1200//2 1226//2 1227//2 1201//2
f 1227//4 1228//4 1203//4 1201//4
f 1232//4 1233//4 1208//4 1207//4
f 1196//2 1223//2 1226//2 1200//2
f 1228//4 1232//4 1207//4 1203//4
f 1173//1 1174//1 1196//1 1195//1
f 1209//3 1222//3 1224//3 1211//3
f 1212//4 1225//4 1223//4 1210//4
f 1218//1 1219//1 1238//1 1237//1
f 1221//4 1239//4 1238//4 1219//4
f 1212//1 1213//1 1229//1 1225//1
f 1211//3 1224//3 1236//3 1214//3
f 1218//4 1237//4 1229//4 1213//4
f 1230//1 1242//1 1243//1 1231//1
f 1234//1 1244//1 1245//1 1235//1
f 1238//2 1239//2 1248//2 1246//2
f 1251//6 1253//6 1241//6 1240//6
f 1231//1 1243//1 1244//1 1234//1
f 1230//2 1238//2 1246//2 1242//2
f 1245//6 1251//6 1240//6 1235//6
f 1173//3 1195//3 1222//3 1209//3
f 1210//4 1223//4 1196//4 1174//4
f 1255//6 1258//6 1257//6 1254//6
f 1257//4 1259//4 1256//4 1254//4
f 1261//6 1264//6 1263//6 1260//6
f 1273//1 1274//1 1276//1 1275//1
f 1271//6 1274//6 1273//6 1270//6
f 1273//4 1275//4 1272//4 1270//4
f 1278//6 1280//6 1279//6 1277//6
f 1258//6 1271//6 1270//6 1257//6
f 1270//4 1272//4 1259//4 1257//4
f 1264//6 1278//6 1277//6 1263//6
f 1279//5 1280//5 1269//5 1268//5
f 1269//4 1280//4 1278//4 1267//4
f 1259//4 1266//4 1265//4 1256//4
f 1265//6 1266//6 1264//6 1261//6
f 1272//6 1275//6 1269//6 1267//6
f 1278//5 1281//5 1272//5 1267//5
f 1266//6 1281//6 1278//6 1264//6
f 1272//4 1281//4 1266//4 1259//4
f 1283//6 1285//6 1284//6 1282//6
f 1288//5 1289//5 1287//5 1286//5
f 1287//6 1291//6 1290//6 1286//6
f 1290//4 1292//4 1288//4 1286//4
f 1298//5 1299//5 1297//5 1296//5
f 1295//6 1299//6 1298//6 1294//6
f 1293//3 1294//3 1298//3 1296//3
f 1301//6 1304//6 1303//6 1300//6
f 1303//4 1305//4 1302//4 1300//4
f 1285//6 1295//6 1294//6 1284//6
f 1291//6 1301//6 1300//6 1290//6
f 1300//4 1302//4 1292//4 1290//4
f 1288//6 1292//6 1285//6 1283//6
f 1299//5 1305//5 1303//5 1297//5
f 1302//6 1305//6 1299//6 1295//6
f 1292//6 1302//6 1295//6 1285//6
f 1269//6 1283//6 1282//6 1268//6
f 1276//6 1289//6 1288//6 1275//6
f 1287//4 1289//4 1276//4 1274//4
f 1275//6 1288//6 1283//6 1269//6
f 1106//2 1177//2 1178//2 1107//2
f 1115//2 1188//2 1189//2 1116//2
f 1186//4 1188//4 1115//4 1114//4
f 1107//2 1178//2 1183//2 1108//2
f 1183//4 1186//4 1114//4 1108//4
f 1163//6 1255//6 1254//6 1162//6
f 1254//4 1256//4 1164//4 1162//4
f 1169//6 1261//6 1260//6 1168//6
f 1260//4 1262//4 1170//4 1168//4
f 1172//6 1265//6 1261//6 1169//6
f 1256//4 1265//4 1172//4 1164//4
f 1083//1 1084//1 1121//1 1120//1
f 1083//4 1120//4 1117//4 1081//4
f 1091//4 1131//4 1129//4 1087//4
f 1091//1 1092//1 1135//1 1131//1
f 1087//4 1129//4 1121//4 1084//4
f 1103//4 1149//4 1147//4 1101//4
f 1115//1 1116//1 1163//1 1162//1
f 1115//4 1162//4 1160//4 1113//4
f 1113//4 1160//4 1149//4 1103//4
f 1101//4 1147//4 1135//4 1092//4
f 1192//4 1258//4 1255//4 1189//4
f 1208//4 1274//4 1271//4 1206//4
f 1206//4 1271//4 1258//4 1192//4
f 1235//4 1291//4 1287//4 1233//4
f 1241//4 1304//4 1301//4 1240//4
f 1240//4 1301//4 1291//4 1235//4
f 1233//4 1287//4 1274//4 1208//4
f 1189//4 1255//4 1163//4 1116//4
f 1071//2 1117//2 1118//2 1072//2
f 1118//4 1119//4 1074//4 1072//4
f 1080//6 1125//6 1124//6 1079//6
f 1123//4 1125//4 1080//4 1078//4
f 1119//4 1123//4 1078//4 1074//4
f 1081//4 1117//4 1071//4 1058//4
f 1314//2 1316//2 1317//2 1315//2
f 1311//2 1314//2 1315//2 1312//2
f 1308//2 1309//2 1311//2 1310//2
f 1309//2 1313//2 1314//2 1311//2
f 1306//2 1308//2 1310//2 1307//2
f 1316//2 1318//2 1319//2 1317//2
f 1322//3 1324//3 1326//3 1325//3
f 1328//3 1329//3 1331//3 1330//3
f 1332//3 1333//3 1335//3 1334//3
f 1325//3 1326//3 1333//3 1332//3
f 1330//3 1331//3 1337//3 1336//3
f 1327//5 1328//5 1324//5 1323//5
f 1324//3 1328//3 1330//3 1326//3
f 1333//3 1336//3 1338//3 1335//3
f 1326//3 1330//3 1336//3 1333//3
f 1334//3 1335//3 1340//3 1339//3
f 1320//3 1322//3 1325//3 1321//3
f 1344//1 1345//1 1347//1 1346//1
f 1342//2 1346//2 1347//2 1343//2
f 1350//1 1351//1 1353//1 1352//1
f 1348//2 1352//2 1353//2 1349//2
f 1354//2 1357//2 1358//2 1355//2
f 1354//3 1356//3 1359//3 1357//3
f 1360//2 1363//2 1364//2 1361//2
f 1344//2 1354//2 1355//2 1345//2
f 1344//3 1346//3 1356//3 1354//3
f 1350//2 1360//2 1361//2 1351//2
f 1361//4 1362//4 1353//4 1351//4
f 1345//1 1350//1 1352//1 1347//1
f 1343//2 1347//2 1352//2 1348//2
f 1355//2 1358//2 1363//2 1360//2
f 1345//2 1355//2 1360//2 1350//2
f 1368//4 1369//4 1367//4 1366//4
f 1384//6 1387//6 1386//6 1383//6
f 1382//3 1383//3 1386//3 1385//3
f 1389//6 1391//6 1390//6 1388//6
f 1378//6 1389//6 1388//6 1377//6
f 1388//6 1390//6 1387//6 1384//6
f 1394//4 1395//4 1393//4 1392//4
f 1398//4 1399//4 1397//4 1396//4
f 1400//1 1401//1 1403//1 1402//1
f 1400//2 1404//2 1405//2 1401//2
f 1403//6 1407//6 1406//6 1402//6
f 1405//4 1407//4 1403//4 1401//4
f 1410//4 1411//4 1409//4 1408//4
f 1400//4 1402//4 1395//4 1394//4
f 1408//4 1409//4 1399//4 1398//4
f 1395//4 1398//4 1396//4 1393//4
f 1406//4 1410//4 1408//4 1402//4
f 1402//4 1408//4 1398//4 1395//4
f 1419//5 1420//5 1418//5 1417//5
f 1414//2 1417//2 1418//2 1415//2
f 1414//3 1416//3 1419//3 1417//3
f 1421//2 1423//2 1424//2 1422//2
f 1425//2 1427//2 1428//2 1426//2
f 1430//2 1433//2 1434//2 1431//2
f 1429//3 1431//3 1434//3 1432//3
f 1412//2 1425//2 1426//2 1413//2
f 1419//2 1430//2 1431//2 1420//2
f 1418//3 1420//3 1431//3 1429//3
f 1412//1 1413//1 1424//1 1423//1
f 1425//3 1435//3 1437//3 1427//3
f 1428//4 1438//4 1436//4 1426//4
f 1415//2 1418//2 1423//2 1421//2
f 1429//2 1432//2 1437//2 1435//2
f 1418//2 1429//2 1435//2 1423//2
f 1412//3 1423//3 1435//3 1425//3
f 1426//4 1436//4 1424//4 1413//4
f 1442//1 1443//1 1445//1 1444//1
f 1440//2 1444//2 1445//2 1441//2
f 1442//4 1444//4 1440//4 1439//4
f 1447//2 1450//2 1451//2 1448//2
f 1451//4 1452//4 1449//4 1448//4
f 1442//2 1447//2 1448//2 1443//2
f 1448//4 1449//4 1445//4 1443//4
f 1453//3 1454//3 1456//3 1455//3
f 1459//5 1460//5 1458//5 1457//5
f 1458//6 1462//6 1461//6 1457//6
f 1458//3 1460//3 1463//3 1462//3
f 1469//5 1470//5 1468//5 1467//5
f 1466//6 1470//6 1469//6 1465//6
f 1468//4 1470//4 1466//4 1464//4
f 1473//5 1474//5 1472//5 1471//5
f 1472//6 1476//6 1475//6 1471//6
f 1472//3 1474//3 1477//3 1476//3
f 1483//6 1485//6 1484//6 1482//6
f 1455//3 1456//3 1473//3 1471//3
f 1462//6 1480//6 1479//6 1461//6
f 1468//6 1483//6 1482//6 1467//6
f 1454//3 1457//3 1461//3 1456//3
f 1479//5 1480//5 1474//5 1473//5
f 1474//3 1480//3 1481//3 1477//3
f 1463//5 1469//5 1467//5 1462//5
f 1465//6 1469//6 1463//6 1460//6
f 1482//6 1484//6 1481//6 1480//6
f 1481//5 1484//5 1478//5 1477//5
f 1467//6 1482//6 1480//6 1462//6
f 1456//3 1461//3 1479//3 1473//3
f 1488//6 1491//6 1490//6 1487//6
f 1489//4 1491//4 1488//4 1486//4
f 1497//6 1500//6 1499//6 1496//6
f 1498//4 1500//4 1497//4 1495//4
f 1491//6 1497//6 1496//6 1490//6
f 1495//4 1497//4 1491//4 1489//4
f 1490//4 1494//4 1492//4 1487//4
f 1499//4 1502//4 1501//4 1496//4
f 1496//4 1501//4 1494//4 1490//4
f 1357//2 1414//2 1415//2 1358//2
f 1357//3 1359//3 1416//3 1414//3
f 1363//2 1421//2 1422//2 1364//2
f 1358//2 1415//2 1421//2 1363//2
f 1369//2 1440//2 1441//2 1370//2
f 1439//4 1440//4 1369//4 1368//4
f 1387//6 1460//6 1459//6 1386//6
f 1385//3 1386//3 1459//3 1457//3
f 1391//6 1466//6 1465//6 1390//6
f 1390//6 1465//6 1460//6 1387//6
f 1381//3 1385//3 1457//3 1454//3
f 1407//6 1488//6 1487//6 1406//6
f 1486//4 1488//4 1407//4 1405//4
f 1492//4 1493//4 1411//4 1410//4
f 1487//4 1492//4 1410//4 1406//4
f 1356//3 1379//3 1380//3 1359//3
f 1353//4 1373//4 1372//4 1349//4
f 1346//3 1371//3 1379//3 1356//3
f 1416//3 1453//3 1455//3 1419//3
f 1475//5 1476//5 1434//5 1433//5
f 1430//3 1471//3 1475//3 1433//3
f 1419//3 1455//3 1471//3 1430//3
f 1369//1 1370//1 1405//1 1404//1
f 1369//4 1404//4 1400//4 1367//4
f 1367//4 1400//4 1394//4 1365//4
f 1445//4 1489//4 1486//4 1441//4
f 1452//4 1498//4 1495//4 1449//4
f 1449//4 1495//4 1489//4 1445//4
f 1361//1 1366//1 1367//1 1362//1
f 1361//2 1364//2 1368//2 1366//2
f 1353//2 1362//2 1367//2 1365//2
f 1372//2 1373//2 1394//2 1392//2
f 1397//6 1399//6 1378//6 1376//6
f 1409//6 1411//6 1391//6 1389//6
f 1399//6 1409//6 1389//6 1378//6
f 1422//2 1424//2 1442//2 1439//2
f 1436//2 1438//2 1450//2 1447//2
f 1428//1 1446//1 1450//1 1438//1
f 1424//2 1436//2 1447//2 1442//2
f 1466//5 1493//5 1492//5 1464//5
f 1492//6 1494//6 1468//6 1464//6
f 1501//6 1502//6 1485//6 1483//6
f 1494//6 1501//6 1483//6 1468//6
f 1353//1 1365//1 1394//1 1373//1
f 1364//2 1422//2 1439//2 1368//2
f 1411//6 1493//6 1466//6 1391//6
f 1359//3 1380//3 1453//3 1416//3
f 1441//4 1486//4 1405//4 1370//4
f 1504//6 1506//6 1505//6 1503//6
f 1508//6 1510//6 1509//6 1507//6
f 1506//6 1512//6 1511//6 1505//6
f 1507//6 1509//6 1506//6 1504//6
f 1509//6 1513//6 1512//6 1506//6
f 1514//2 1516//2 1517//2 1515//2
f 1518//3 1519//3 1521//3 1520//3
f 1524//2 1526//2 1527//2 1525//2
f 1530//3 1531//3 1533//3 1532//3
f 1516//2 1524//2 1525//2 1517//2
f 1520//3 1521//3 1529//3 1528//3
f 1514//3 1522//3 1523//3 1516//3
f 1524//3 1530//3 1532//3 1526//3
f 1518//2 1520//2 1523//2 1522//2
f 1529//5 1531//5 1530//5 1528//5
f 1520//2 1528//2 1530//2 1523//2
f 1516//3 1523//3 1530//3 1524//3
f 1534//2 1536//2 1537//2 1535//2
f 1541//4 1542//4 1540//4 1539//4
f 1543//2 1545//2 1546//2 1544//2
f 1553//4 1554//4 1552//4 1551//4
f 1536//2 1543//2 1544//2 1537//2
f 1547//4 1548//4 1542//4 1541//4
f 1534//1 1535//1 1539//1 1538//1
f 1537//4 1541//4 1539//4 1535//4
f 1546//4 1549//4 1547//4 1544//4
f 1547//1 1551//1 1552//1 1548//1
f 1547//2 1549//2 1553//2 1551//2
f 1552//6 1554//6 1550//6 1548//6
f 1544//4 1547//4 1541//4 1537//4
f 1555//3 1556//3 1558//3 1557//3
f 1560//6 1563//6 1562//6 1559//6
f 1569//5 1570//5 1568//5 1567//5
f 1568//6 1572//6 1571//6 1567//6
f 1568//3 1570//3 1573//3 1572//3
f 1563//6 1570//6 1569//6 1562//6
f 1561//3 1562//3 1569//3 1567//3
f 1564//5 1565//5 1560//5 1559//5
f 1558//5 1562//5 1561//5 1557//5
f 1559//6 1562//6 1558//6 1556//6
f 1561//6 1567//6 1566//6 1557//6
f 1576//6 1579//6 1578//6 1575//6
f 1577//4 1579//4 1576//4 1574//4
f 1583//5 1584//5 1582//5 1581//5
f 1582//6 1586//6 1585//6 1581//6
f 1585//4 1587//4 1583//4 1581//4
f 1579//6 1584//6 1583//6 1578//6
f 1582//4 1584//4 1579//4 1577//4
f 1589//2 1592//2 1593//2 1590//2
f 1588//3 1590//3 1593//3 1591//3
f 1599//5 1600//5 1598//5 1597//5
f 1596//6 1600//6 1599//6 1595//6
f 1594//3 1595//3 1599//3 1597//3
f 1601//3 1602//3 1604//3 1603//3
f 1605//3 1606//3 1608//3 1607//3
f 1591//3 1593//3 1602//3 1601//3
f 1598//3 1600//3 1606//3 1605//3
f 1597//5 1598//5 1593//5 1592//5
f 1589//3 1594//3 1597//3 1592//3
f 1602//3 1605//3 1607//3 1604//3
f 1593//3 1598//3 1605//3 1602//3
f 1609//1 1610//1 1612//1 1611//1
f 1609//2 1613//2 1614//2 1610//2
f 1614//4 1615//4 1612//4 1610//4
f 1624//4 1625//4 1623//4 1622//4
f 1626//2 1629//2 1630//2 1627//2
f 1634//4 1635//4 1633//4 1632//4
f 1637//6 1641//6 1640//6 1636//6
f 1644//4 1645//4 1643//4 1642//4
f 1613//2 1626//2 1627//2 1614//2
f 1627//4 1628//4 1615//4 1614//4
f 1621//6 1637//6 1636//6 1620//6
f 1642//4 1643//4 1625//4 1624//4
f 1617//4 1624//4 1622//4 1616//4
f 1635//4 1644//4 1642//4 1633//4
f 1612//2 1615//2 1617//2 1616//2
f 1623//6 1625//6 1621//6 1619//6
f 1627//1 1632//1 1633//1 1628//1
f 1627//2 1630//2 1634//2 1632//2
f 1641//5 1645//5 1644//5 1639//5
f 1643//6 1645//6 1641//6 1637//6
f 1612//1 1616//1 1622//1 1618//1
f 1615//2 1628//2 1633//2 1617//2
f 1625//6 1643//6 1637//6 1621//6
f 1633//4 1642//4 1624//4 1617//4
f 1650//6 1652//6 1651//6 1649//6
f 1526//2 1589//2 1590//2 1527//2
f 1532//3 1533//3 1595//3 1594//3
f 1526//3 1532//3 1594//3 1589//3
f 1545//2 1611//2 1612//2 1546//2
f 1622//4 1623//4 1554//4 1553//4
f 1549//2 1618//2 1622//2 1553//2
f 1554//6 1623//6 1619//6 1550//6
f 1612//4 1618//4 1549//4 1546//4
f 1572//6 1647//6 1646//6 1571//6
f 1586//6 1650//6 1649//6 1585//6
f 1519//3 1555//3 1557//3 1521//3
f 1531//3 1567//3 1571//3 1533//3
f 1566//5 1567//5 1531//5 1529//5
f 1521//3 1557//3 1566//3 1529//3
f 1646//5 1647//5 1596//5 1595//5
f 1596//3 1647//3 1648//3 1600//3
f 1542//4 1577//4 1574//4 1540//4
f 1550//4 1586//4 1582//4 1548//4
f 1548//4 1582//4 1577//4 1542//4
f 1651//5 1652//5 1621//5 1620//5
f 1621//4 1652//4 1650//4 1619//4
f 1515//2 1517//2 1536//2 1534//2
f 1525//2 1527//2 1545//2 1543//2
f 1517//2 1525//2 1543//2 1536//2
f 1575//6 1578//6 1563//6 1560//6
f 1573//5 1587//5 1585//5 1572//5
f 1583//6 1587//6 1573//6 1570//6
f 1565//5 1580//5 1575//5 1560//5
f 1578//6 1583//6 1570//6 1563//6
f 1588//1 1609//1 1611//1 1590//1
f 1588//2 1591//2 1613//2 1609//2
f 1604//5 1631//5 1629//5 1603//5
f 1601//2 1603//2 1629//2 1626//2
f 1608//5 1640//5 1638//5 1607//5
f 1636//6 1640//6 1608//6 1606//6
f 1591//2 1601//2 1626//2 1613//2
f 1620//6 1636//6 1606//6 1600//6
f 1649//6 1651//6 1648//6 1647//6
f 1648//5 1651//5 1620//5 1600//5
f 1527//2 1590//2 1611//2 1545//2
f 1585//6 1649//6 1647//6 1572//6
f 1533//3 1571//3 1646//3 1595//3
f 1619//4 1650//4 1586//4 1550//4
f 1427//2 1514//2 1515//2 1428//2
f 1432//3 1434//3 1519//3 1518//3
f 1432//2 1518//2 1522//2 1437//2
f 1427//3 1437//3 1522//3 1514//3
f 1450//2 1538//2 1539//2 1451//2
f 1539//4 1540//4 1452//4 1451//4
f 1534//4 1538//4 1450//4 1446//4
f 1476//3 1477//3 1556//3 1555//3
f 1485//6 1565//6 1564//6 1484//6
f 1478//6 1559//6 1556//6 1477//6
f 1478//3 1484//3 1564//3 1559//3
f 1500//6 1576//6 1575//6 1499//6
f 1574//4 1576//4 1500//4 1498//4
f 1575//4 1580//4 1502//4 1499//4
f 1428//2 1515//2 1534//2 1446//2
f 1502//6 1580//6 1565//6 1485//6
f 1434//3 1476//3 1555//3 1519//3
f 1540//4 1574//4 1498//4 1452//4
f 1374//3 1503//3 1505//3 1375//3
f 1511//5 1512//5 1384//5 1383//5
f 1509//5 1510//5 1378//5 1377//5
f 1378//4 1510//4 1508//4 1376//4
f 1512//5 1513//5 1388//5 1384//5
f 1375//3 1505//3 1511//3 1383//3
f 1388//4 1513//4 1509//4 1377//4
f 1655//2 1658//2 1659//2 1656//2
f 1655//3 1657//3 1660//3 1658//3
f 1663//4 1664//4 1662//4 1661//4
f 1667//5 1668//5 1666//5 1665//5
f 1666//6 1670//6 1669//6 1665//6
f 1679//5 1680//5 1678//5 1677//5
f 1673//2 1677//2 1678//2 1674//2
f 1676//6 1680//6 1679//6 1675//6
f 1673//3 1675//3 1679//3 1677//3
f 1683//4 1684//4 1682//4 1681//4
f 1658//2 1673//2 1674//2 1659//2
f 1658//3 1660//3 1675//3 1673//3
f 1681//4 1682//4 1664//4 1663//4
f 1670//6 1686//6 1685//6 1669//6
f 1657//3 1665//3 1669//3 1660//3
f 1685//5 1686//5 1676//5 1675//5
f 1676//3 1686//3 1687//3 1680//3
f 1664//4 1672//4 1671//4 1662//4
f 1684//4 1689//4 1688//4 1682//4
f 1656//2 1659//2 1663//2 1661//2
f 1671//6 1672//6 1670//6 1666//6
f 1674//2 1678//2 1683//2 1681//2
f 1688//6 1689//6 1687//6 1686//6
f 1687//5 1689//5 1684//5 1680//5
f 1659//2 1674//2 1681//2 1663//2
f 1672//6 1688//6 1686//6 1670//6
f 1660//3 1669//3 1685//3 1675//3
f 1682//4 1688//4 1672//4 1664//4
f 1690//3 1691//3 1693//3 1692//3
f 1696//4 1698//4 1695//4 1694//4
f 1701//6 1703//6 1702//6 1700//6
f 1697//6 1701//6 1700//6 1696//6
f 1693//5 1698//5 1696//5 1692//5
f 1695//6 1698//6 1693//6 1691//6
f 1696//6 1700//6 1699//6 1692//6
f 1678//3 1680//3 1691//3 1690//3
f 1694//4 1695//4 1684//4 1683//4
f 1684//6 1695//6 1691//6 1680//6
f 1654//5 1665//5 1657//5 1653//5
f 1703//6 1705//6 1704//6 1702//6
f 1604//3 1607//3 1654//3 1653//3
f 1629//2 1655//2 1656//2 1630//2
f 1629//3 1631//3 1657//3 1655//3
f 1661//4 1662//4 1635//4 1634//4
f 1641//6 1668//6 1667//6 1640//6
f 1638//3 1640//3 1667//3 1665//3
f 1666//4 1668//4 1641//4 1639//4
f 1630//2 1656//2 1661//2 1634//2
f 1644//6 1671//6 1666//6 1639//6
f 1662//4 1671//4 1644//4 1635//4
f 1604//2 1653//2 1657//2 1631//2
f 1638//6 1665//6 1654//6 1607//6
f 1010//2 1323//2 1324//2 1011//2
f 1009//3 1011//3 1324//3 1322//3
f 1015//6 1328//6 1327//6 1014//6
f 1015//3 1017//3 1329//3 1328//3
f 1010//3 1014//3 1327//3 1323//3
f 992//3 1009//3 1322//3 1320//3
f 1017//3 1053//3 1341//3 1329//3
f 1216//2 1342//2 1343//2 1217//2
f 1220//2 1348//2 1349//2 1221//2
f 1217//2 1343//2 1348//2 1220//2
f 1392//4 1393//4 1249//4 1248//4
f 1396//4 1397//4 1253//4 1252//4
f 1393//4 1396//4 1252//4 1249//4
f 1239//2 1372//2 1392//2 1248//2
f 1253//6 1397//6 1376//6 1241//6
f 1349//4 1372//4 1239//4 1221//4
f 1297//6 1504//6 1503//6 1296//6
f 1304//6 1508//6 1507//6 1303//6
f 1303//6 1507//6 1504//6 1297//6
f 1376//4 1508//4 1304//4 1241//4
f 37//1 38//1 448//1 447//1
f 34//1 37//1 447//1 445//1
f 118//1 119//1 463//1 462//1
f 118//3 462//3 466//3 121//3
f 127//3 478//3 480//3 129//3
f 121//3 466//3 478//3 127//3
f 43//1 44//1 457//1 456//1
f 142//4 494//4 491//4 140//4
f 159//4 510//4 508//4 157//4
f 142//1 144//1 496//1 494//1
f 506//5 510//5 159//5 155//5
f 157//4 508//4 496//4 144//4
f 38//1 43//1 456//1 448//1
f 34//3 445//3 463//3 119//3
f 140//4 491//4 457//4 44//4
f 593//5 594//5 384//5 383//5
f 598//5 599//5 391//5 390//5
f 387//3 596//3 598//3 390//3
f 594//5 596//5 387//5 384//5
f 615//5 616//5 405//5 404//5
f 407//4 619//4 615//4 404//4
f 599//5 619//5 407//5 391//5
f 129//3 480//3 593//3 383//3
f 405//4 616//4 506//4 155//4
f 1306//1 1307//1 1683//1 1678//1
f 1308//3 1690//3 1692//3 1309//3
f 1311//1 1312//1 1697//1 1696//1
f 1311//4 1696//4 1694//4 1310//4
f 1314//3 1700//3 1702//3 1316//3
f 1317//4 1703//4 1701//4 1315//4
f 1699//5 1700//5 1314//5 1313//5
f 1309//3 1692//3 1699//3 1313//3
f 1315//4 1701//4 1697//4 1312//4
f 1306//3 1678//3 1690//3 1308//3
f 1310//4 1694//4 1683//4 1307//4
f 1704//5 1705//5 1319//5 1318//5
f 1316//3 1702//3 1704//3 1318//3
f 1319//4 1705//4 1703//4 1317//4
f 726//2 729//2 1058//2 1057//2
f 715//2 726//2 1057//2 1056//2
f 691//2 712//2 1055//2 1054//2
f 772//1 1059//1 1060//1 773//1
f 773//1 1060//1 1061//1 784//1
f 809//2 810//2 1064//2 1062//2
f 817//1 1067//1 1068//1 818//1
f 1066//6 1067//6 817//6 814//6
f 1076//6 1079//6 822//6 821//6
f 1068//6 1076//6 821//6 818//6
f 1061//6 1066//6 814//6 784//6
f 691//1 1054//1 1059//1 772//1
f 809//5 1062//5 1055//5 712//5
f 715//1 1056//1 1064//1 810//1
f 851//1 1082//1 1083//1 852//1
f 849//2 852//2 1083//2 1081//2
f 860//2 862//2 1088//2 1085//2
f 851//2 860//2 1085//2 1082//2
f 864//2 866//2 1094//2 1093//2
f 878//2 880//2 1106//2 1104//2
f 864//1 1093//1 1095//1 874//1
f 866//2 878//2 1104//2 1094//2
f 862//2 874//2 1095//2 1088//2
f 1138//6 1141//6 919//6 917//6
f 1143//6 1144//6 927//6 925//6
f 1144//6 1145//6 931//6 927//6
f 1152//6 1156//6 947//6 945//6
f 1167//6 1170//6 964//6 961//6
f 1156//6 1167//6 961//6 947//6
f 905//1 1124//1 1143//1 925//1
f 931//5 1145//5 1138//5 917//5
f 1141//6 1152//6 945//6 919//6
f 969//1 1179//1 1181//1 971//1
f 967//2 971//2 1181//2 1177//2
f 979//2 982//2 1195//2 1193//2
f 969//2 979//2 1193//2 1179//2
f 991//2 992//2 1216//2 1214//2
f 994//2 997//2 1224//2 1222//2
f 997//2 1006//2 1236//2 1224//2
f 991//1 1214//1 1236//1 1006//1
f 982//2 994//2 1222//2 1195//2
f 1028//5 1262//5 1260//5 1027//5
f 1260//6 1263//6 1030//6 1027//6
f 1277//6 1279//6 1041//6 1040//6
f 1041//5 1279//5 1268//5 1038//5
f 1263//6 1277//6 1040//6 1030//6
f 1282//6 1284//6 1048//6 1044//6
f 1051//5 1294//5 1293//5 1050//5
f 1293//6 1296//6 1053//6 1050//6
f 1284//6 1294//6 1051//6 1048//6
f 1268//6 1282//6 1044//6 1038//6
f 880//2 967//2 1177//2 1106//2
f 1170//6 1262//6 1028//6 964//6
f 729//2 849//2 1081//2 1058//2
f 1079//6 1124//6 905//6 822//6
f 1320//2 1321//2 1346//2 1342//2
f 1374//6 1375//6 1331//6 1329//6
f 1332//2 1334//2 1380//2 1379//2
f 1337//5 1383//5 1382//5 1336//5
f 1382//6 1385//6 1338//6 1336//6
f 1338//5 1385//5 1381//5 1335//5
f 1325//2 1332//2 1379//2 1371//2
f 1375//6 1383//6 1337//6 1331//6
f 1340//5 1454//5 1453//5 1339//5
f 1325//5 1371//5 1346//5 1321//5
f 1334//2 1339//2 1453//2 1380//2
f 1381//6 1454//6 1340//6 1335//6
f 1341//5 1503//5 1374//5 1329//5
f 992//2 1320//2 1342//2 1216//2
f 1296//6 1503//6 1341//6 1053//6
