# Blender 5.2.0 LTS
# www.blender.org
mtllib deagle slide.mtl
o deagle_slide
v -0.052253 0.053641 -0.049736
v -0.052253 0.059171 -0.036636
v -0.052253 0.059161 0.001465
v -0.052253 0.059221 0.001764
v -0.052253 0.059161 0.001764
v -0.052253 0.053631 0.001465
v -0.052253 0.053681 0.001764
v -0.052253 0.046111 -0.062736
v -0.052253 0.053631 0.001465
v -0.052558 0.053581 0.001764
v -0.052253 0.046101 0.001465
v -0.052253 0.045351 -0.063436
v -0.052253 0.045741 0.001764
v -0.052253 0.046101 0.001764
v -0.052253 0.045331 0.001465
v -0.052253 0.045351 -0.063436
v -0.052253 0.045741 0.001764
v -0.052253 0.044761 0.001764
v -0.052253 0.044181 0.001465
v -0.052253 0.044191 0.001764
v -0.052253 0.044761 0.001764
v -0.052253 -0.017569 0.001764
v -0.052253 -0.017929 0.001465
v -0.052253 0.044181 0.001465
v -0.052253 -0.017509 -0.077036
v -0.052253 0.044551 -0.065336
v -0.052253 0.045331 0.001465
v -0.052253 -0.017929 0.001764
v -0.052253 -0.033749 0.001465
v -0.052253 -0.033669 0.001764
v -0.052253 -0.033749 -0.081137
v -0.052253 -0.033729 -0.060137
v -0.043357 -0.045639 -0.060137
v -0.052253 -0.033749 0.001465
v -0.052253 -0.033749 0.001465
v -0.052253 -0.033669 0.001764
v -0.052253 -0.033749 0.001965
v -0.052253 -0.033749 0.001965
v -0.052253 -0.033749 0.001764
v -0.052253 -0.033669 0.001764
v -0.052360 0.065951 0.001764
v -0.052253 0.063271 0.001764
v -0.052253 0.063201 0.001465
v -0.052253 0.063201 0.001764
v -0.052253 0.066361 0.001764
v -0.052253 0.065541 0.001465
v -0.052253 0.066391 0.001465
v -0.052253 0.066361 0.001764
v -0.052253 0.063211 -0.023636
v -0.052253 0.065551 -0.010536
v -0.052253 0.063201 0.002165
v -0.052253 0.063201 0.001764
v -0.052253 0.063271 0.001764
v -0.052360 0.065951 0.001764
v -0.052253 0.059161 0.002165
v -0.052253 0.059221 0.001764
v -0.052253 0.059161 0.001764
v -0.052253 0.059171 0.040264
v -0.052253 0.063211 0.027164
v -0.052253 0.053641 0.053265
v -0.052253 0.065541 0.002165
v -0.052253 0.065551 0.014164
v -0.052253 0.066361 0.001764
v -0.052253 0.066361 0.001764
v -0.052253 0.066391 0.002165
v -0.052253 0.053631 0.002165
v -0.052253 0.053681 0.001764
v -0.052253 0.046111 0.066364
v -0.052253 0.053631 0.002165
v -0.052558 0.053581 0.001764
v -0.052253 0.046101 0.002165
v -0.052253 0.045351 0.067064
v -0.052253 0.045741 0.001764
v -0.052253 0.046101 0.001764
v -0.052253 0.045331 0.002165
v -0.052253 0.045351 0.067064
v -0.052253 0.045741 0.001764
v -0.052253 0.044761 0.001764
v -0.052253 0.044181 0.002165
v -0.052253 0.044191 0.001764
v -0.052253 0.044761 0.001764
v -0.052253 0.044181 0.002165
v -0.052253 -0.017929 0.002165
v -0.052253 -0.017509 0.080664
v -0.052253 -0.017569 0.001764
v -0.052253 0.044761 0.001764
v -0.052253 -0.017929 0.001764
v -0.052253 -0.033749 0.001965
v -0.052253 -0.033669 0.001764
v -0.052253 0.065551 -0.010536
v -0.052253 0.066391 0.001465
v -0.052253 0.065541 0.001465
v -0.052253 0.065551 0.014164
v -0.052253 0.065541 0.002165
v -0.052253 0.066391 0.002165
v -0.052253 0.044761 0.001764
v -0.052253 0.044191 0.001764
v -0.052253 0.044181 0.001465
v -0.052253 -0.017509 0.080664
v -0.052253 0.044181 0.002165
v -0.052253 0.044551 0.068865
v -0.052253 0.044551 0.068865
v -0.052253 0.044181 0.002165
v -0.052253 0.045331 0.002165
v -0.052253 -0.033749 -0.081137
v -0.052253 -0.017509 -0.077036
v -0.052253 -0.017929 0.001465
v -0.052253 -0.017509 -0.077036
v -0.052253 0.044551 -0.065336
v -0.052253 0.044181 0.001465
v -0.052253 -0.033749 0.084663
v -0.052253 -0.017929 0.002165
v -0.052253 -0.017509 0.080664
v -0.052253 -0.033749 0.084663
v -0.052253 -0.033749 0.001965
v -0.052253 -0.017929 0.002165
v -0.052253 -0.017929 0.001764
v -0.052253 0.044551 0.068865
v -0.052253 0.045331 0.002165
v -0.052253 0.045351 0.067064
v -0.052253 0.044551 -0.065336
v -0.052253 0.045351 -0.063436
v -0.052253 0.045331 0.001465
v -0.043357 -0.045639 0.068964
v -0.052253 -0.033749 0.084663
v -0.050056 -0.043919 0.087164
v -0.043357 -0.045639 -0.065336
v -0.050056 -0.043919 -0.082737
v -0.052253 -0.033749 -0.081137
v -0.042556 -0.064409 0.086365
v -0.043357 -0.045639 0.068964
v -0.050056 -0.043919 0.087164
v -0.046760 -0.053389 -0.082737
v -0.050056 -0.043919 -0.082737
v -0.043357 -0.045639 -0.065336
v -0.042556 -0.064419 -0.082737
v -0.046760 -0.053389 -0.082737
v -0.043357 -0.045639 -0.065336
v -0.042556 -0.064409 0.086365
v -0.038558 -0.051109 0.066963
v -0.043357 -0.045639 0.068964
v -0.042556 -0.064419 -0.082737
v -0.033759 -0.053759 -0.062336
v -0.035056 -0.077259 -0.082737
v -0.108253 -0.044199 -0.083635
v -0.101653 -0.017749 -0.077036
v -0.108253 -0.044379 -0.077137
v -0.143859 -0.187539 -0.083635
v -0.143859 -0.186869 -0.077236
v -0.042556 -0.064419 -0.082737
v -0.043357 -0.045639 -0.065336
v -0.038558 -0.051109 -0.063335
v -0.022659 -0.091809 0.086365
v -0.038558 -0.051109 0.066963
v -0.042556 -0.064409 0.086365
v -0.043357 -0.045659 0.001465
v -0.043357 -0.045619 0.001764
v -0.043357 -0.045659 0.001965
v -0.043357 -0.045639 -0.060137
v -0.052253 -0.033749 0.001465
v -0.043357 -0.045659 0.001465
v -0.052253 -0.033749 0.001965
v -0.052253 -0.033749 0.001965
v -0.043357 -0.045619 0.001764
v -0.043357 -0.045659 0.001465
v -0.043357 -0.045659 0.001965
v -0.043357 -0.045589 0.001764
v -0.052253 -0.033749 0.001764
v -0.052253 -0.033749 0.001764
v -0.052253 -0.033749 0.001965
v -0.043357 -0.045659 0.001965
v -0.043357 -0.045639 0.063765
v -0.052253 -0.033729 0.063765
v -0.052253 -0.033749 0.084663
v -0.043357 -0.045639 0.063765
v -0.043357 -0.045659 0.001965
v -0.052253 -0.033749 0.001965
v -0.052253 -0.033749 -0.081137
v -0.043357 -0.045639 -0.060137
v -0.043357 -0.045639 -0.065336
v -0.043357 -0.045659 0.001965
v -0.043357 -0.045619 0.001764
v -0.043357 -0.045589 0.001764
v -0.052253 -0.033749 0.084663
v -0.043357 -0.045639 0.068964
v -0.043357 -0.045639 0.063765
v -0.138160 -0.044419 -0.077137
v -0.173759 -0.186949 -0.077236
v -0.173759 -0.187539 -0.083635
v -0.138160 -0.044419 -0.077137
v -0.138160 -0.044509 -0.083536
v -0.131454 -0.017859 -0.077036
v -0.038558 -0.051109 0.063765
v -0.043357 -0.045639 0.068964
v -0.038558 -0.051109 0.066963
v -0.043357 -0.045639 0.063765
v -0.022659 -0.091809 -0.082737
v -0.035056 -0.077259 -0.082737
v -0.033759 -0.053759 -0.062336
v -0.560356 -0.115959 0.074364
v -0.561355 -0.114299 0.075363
v -0.562057 -0.113509 0.074064
v -0.560356 -0.115959 -0.070736
v -0.562057 -0.113509 -0.070437
v -0.561355 -0.114299 -0.071837
v -0.566856 -0.113049 0.066565
v -0.565254 -0.114869 0.066164
v -0.561859 -0.114649 0.071964
v -0.560859 -0.114989 0.073364
v -0.562858 -0.113319 0.072664
v -0.561859 -0.114649 0.071964
v -0.560859 -0.114989 0.073364
v -0.562057 -0.113509 0.074064
v -0.562858 -0.113319 0.072664
v -0.565254 -0.114869 0.066164
v -0.566856 -0.113049 0.066565
v -0.565856 -0.114439 0.065063
v -0.565254 -0.114869 -0.062536
v -0.565856 -0.114439 -0.061537
v -0.566856 -0.113049 -0.062937
v -0.566856 -0.113049 0.066565
v -0.561859 -0.114649 0.071964
v -0.562858 -0.113319 0.072664
v -0.560859 -0.114989 -0.069737
v -0.562858 -0.113319 -0.069136
v -0.562057 -0.113509 -0.070437
v -0.560859 -0.114989 -0.069737
v -0.561859 -0.114649 -0.068337
v -0.562858 -0.113319 -0.069136
v -0.566856 -0.113049 -0.062937
v -0.561859 -0.114649 -0.068337
v -0.565254 -0.114869 -0.062536
v -0.566856 -0.113049 -0.062937
v -0.562858 -0.113319 -0.069136
v -0.561859 -0.114649 -0.068337
v -0.565460 -0.091449 0.057465
v -0.570556 -0.090029 0.045565
v -0.569457 -0.091439 0.045565
v -0.566558 -0.090059 0.057465
v -0.569457 -0.091439 0.045565
v -0.571357 -0.090029 0.039564
v -0.570258 -0.091449 0.039564
v -0.570556 -0.090029 0.045565
v -0.571357 -0.090029 0.039564
v -0.570258 -0.091449 0.039564
v -0.571357 -0.090029 0.039564
v -0.572456 -0.090059 0.029163
v -0.560760 -0.092019 0.064465
v -0.562354 -0.090109 0.064264
v -0.561859 -0.091399 0.063065
v -0.565460 -0.091449 -0.053936
v -0.570556 -0.090029 -0.042036
v -0.566558 -0.090059 -0.053936
v -0.569457 -0.091439 -0.042036
v -0.569457 -0.091439 -0.042036
v -0.571357 -0.090029 -0.035936
v -0.570556 -0.090029 -0.042036
v -0.570258 -0.091449 -0.035936
v -0.571357 -0.090029 -0.035936
v -0.570258 -0.091449 -0.035936
v -0.572456 -0.090059 -0.025536
v -0.571357 -0.090029 -0.035936
v -0.167953 -0.044459 -0.077137
v -0.203658 -0.187539 -0.083635
v -0.167953 -0.044649 -0.083536
v -0.161353 -0.017969 -0.077036
v -0.561859 -0.091399 0.063065
v -0.566558 -0.090059 0.057465
v -0.565460 -0.091449 0.057465
v -0.167953 -0.044459 -0.077137
v -0.203658 -0.187039 -0.077236
v -0.203658 -0.187539 -0.083635
v -0.560760 -0.092019 -0.060837
v -0.561859 -0.091399 -0.059437
v -0.562354 -0.090109 -0.060736
v -0.570258 -0.091449 0.039564
v -0.572456 -0.090059 0.029163
v -0.571258 -0.091459 0.029163
v -0.570258 -0.091449 -0.035936
v -0.571258 -0.091459 -0.025536
v -0.572456 -0.090059 -0.025536
v -0.560356 -0.115959 -0.070736
v -0.560859 -0.114989 -0.069737
v -0.562057 -0.113509 -0.070437
v -0.560356 -0.115959 0.074364
v -0.562057 -0.113509 0.074064
v -0.560859 -0.114989 0.073364
v -0.560760 -0.092019 0.064465
v -0.561859 -0.090469 0.065763
v -0.562354 -0.090109 0.064264
v -0.561859 -0.091399 -0.059437
v -0.565460 -0.091449 -0.053936
v -0.566558 -0.090059 -0.053936
v -0.560760 -0.092019 -0.060837
v -0.562354 -0.090109 -0.060736
v -0.561859 -0.090469 -0.062136
v -0.561859 -0.091399 0.063065
v -0.562354 -0.090109 0.064264
v -0.566558 -0.090059 0.057465
v -0.561859 -0.091399 -0.059437
v -0.566558 -0.090059 -0.053936
v -0.562354 -0.090109 -0.060736
v -0.560653 -0.093479 -0.061436
v -0.561859 -0.090469 -0.062136
v -0.561660 -0.091739 -0.062937
v -0.560653 -0.093479 0.065063
v -0.561660 -0.091739 0.066565
v -0.561859 -0.090469 0.065763
v -0.561660 -0.091739 0.066565
v -0.549957 -0.067469 0.075264
v -0.561859 -0.090469 0.065763
v -0.546554 -0.029599 0.065664
v -0.562354 -0.090109 0.064264
v -0.566558 -0.090059 0.057465
v -0.546554 -0.029599 0.065664
v -0.550857 -0.034579 0.057264
v -0.566558 -0.090059 0.057465
v -0.561859 -0.090469 0.065763
v -0.537460 -0.021199 0.076963
v -0.546554 -0.029599 0.065664
v -0.557655 -0.116599 0.081764
v -0.561355 -0.114299 0.075363
v -0.561256 -0.115469 0.075964
v -0.557655 -0.116599 0.081764
v -0.575958 -0.188079 0.080664
v -0.561355 -0.114299 0.075363
v -0.557655 -0.116599 0.081764
v -0.552154 -0.094999 0.082165
v -0.556960 -0.093349 0.074264
v -0.561355 -0.114299 0.075363
v -0.552154 -0.094999 0.082165
v -0.562858 -0.113319 0.072664
v -0.561660 -0.091739 0.066565
v -0.549957 -0.067469 0.075264
v -0.552154 -0.094999 0.082165
v -0.531455 -0.014169 0.083364
v -0.561859 -0.090469 0.065763
v -0.537460 -0.021199 0.076963
v -0.562858 -0.113319 0.072664
v -0.561660 -0.091739 0.066565
v -0.566856 -0.113049 0.066565
v -0.562057 -0.113509 0.074064
v -0.556960 -0.093349 0.074264
v -0.562858 -0.113319 0.072664
v -0.561355 -0.114299 0.075363
v -0.556960 -0.093349 0.074264
v -0.562057 -0.113509 0.074064
v -0.537460 -0.021199 0.076963
v -0.549957 -0.067469 0.075264
v -0.531455 -0.014169 0.083364
v -0.555656 -0.039759 0.045364
v -0.557556 -0.041539 0.039265
v -0.571357 -0.090029 0.039564
v -0.550857 -0.034579 0.057264
v -0.570556 -0.090029 0.045565
v -0.566558 -0.090059 0.057465
v -0.550353 -0.033329 0.056965
v -0.555053 -0.038489 0.045164
v -0.555656 -0.039759 0.045364
v -0.575958 -0.188079 0.080664
v -0.561256 -0.115469 0.075964
v -0.575958 -0.170109 0.073963
v -0.527259 -0.010559 0.085764
v -0.572753 -0.187989 0.085764
v -0.575958 -0.170109 0.073963
v -0.581260 -0.188029 0.072664
v -0.550857 -0.034579 0.057264
v -0.555656 -0.039759 0.045364
v -0.570556 -0.090029 0.045565
v -0.117057 -0.186789 0.080864
v -0.117660 -0.189389 0.078264
v 0.003747 -0.189349 0.081163
v -0.531455 -0.014169 0.083364
v -0.537460 -0.019829 0.076963
v -0.537460 -0.021199 0.076963
v -0.530860 -0.012959 0.082964
v -0.537460 -0.019829 0.076963
v -0.546554 -0.029599 -0.062037
v -0.566558 -0.090059 -0.053936
v -0.550857 -0.034579 -0.053736
v -0.197860 -0.044789 -0.083536
v -0.191253 -0.018079 -0.077036
v -0.197860 -0.044489 -0.077137
v -0.233459 -0.187539 -0.083635
v -0.197860 -0.044489 -0.077137
v -0.233459 -0.187119 -0.077236
v -0.233459 -0.187539 -0.083635
v -0.555656 -0.039759 -0.041836
v -0.571357 -0.090029 -0.035936
v -0.557556 -0.041539 -0.035736
v -0.042556 -0.064419 -0.082737
v -0.038558 -0.051109 -0.063335
v -0.033759 -0.053759 -0.062336
v -0.555656 -0.039759 0.045364
v -0.571357 -0.090029 0.039564
v -0.570556 -0.090029 0.045565
v -0.558654 -0.042589 0.028765
v -0.572456 -0.090059 0.029163
v -0.558654 -0.042589 0.028765
v -0.557556 -0.041539 0.039265
v -0.557556 -0.041539 0.039265
v -0.558059 -0.041289 0.028765
v -0.556960 -0.040259 0.039164
v -0.550857 -0.034579 -0.053736
v -0.555656 -0.039759 -0.041836
v -0.555053 -0.038489 -0.041536
v -0.550353 -0.033329 -0.053436
v -0.566558 -0.090059 -0.053936
v -0.570556 -0.090029 -0.042036
v -0.561859 -0.090469 -0.062136
v -0.562354 -0.090109 -0.060736
v -0.546554 -0.029599 -0.062037
v -0.566558 -0.090059 -0.053936
v -0.561660 -0.091739 -0.062937
v -0.549957 -0.067469 -0.071636
v -0.550857 -0.034579 -0.053736
v -0.570556 -0.090029 -0.042036
v -0.555656 -0.039759 -0.041836
v -0.558654 -0.042589 -0.025137
v -0.557556 -0.041539 -0.035736
v -0.571357 -0.090029 -0.035936
v -0.555656 -0.039759 -0.041836
v -0.570556 -0.090029 -0.042036
v -0.558654 -0.042589 -0.025137
v -0.572456 -0.090059 -0.025536
v -0.557556 -0.041539 -0.035736
v -0.558059 -0.041289 -0.025137
v -0.556960 -0.040259 -0.035536
v -0.546554 -0.029599 -0.062037
v -0.537460 -0.021199 -0.073336
v -0.561859 -0.090469 -0.062136
v -0.116958 -0.189389 0.060663
v 0.003747 -0.189349 0.081163
v -0.117660 -0.189389 0.078264
v -0.116958 -0.189389 0.060663
v 0.003747 -0.189349 0.060564
v 0.003747 -0.189349 0.081163
v 0.747040 -0.189169 0.081064
v 0.747040 -0.189169 0.060465
v -0.557655 -0.116599 -0.078236
v -0.575958 -0.188079 -0.077036
v -0.561256 -0.115469 -0.072336
v -0.561355 -0.114299 -0.071837
v -0.531455 -0.014169 -0.079737
v -0.552154 -0.094999 -0.078537
v -0.549957 -0.067469 -0.071636
v -0.556960 -0.093349 -0.070637
v -0.561859 -0.090469 -0.062136
v -0.537460 -0.021199 -0.073336
v -0.561660 -0.091739 -0.062937
v -0.562858 -0.113319 -0.069136
v -0.552154 -0.094999 -0.078537
v -0.561355 -0.114299 -0.071837
v -0.537460 -0.021199 -0.073336
v -0.531455 -0.014169 -0.079737
v -0.549957 -0.067469 -0.071636
v -0.561355 -0.114299 -0.071837
v -0.552154 -0.094999 -0.078537
v -0.557655 -0.116599 -0.078236
v -0.561355 -0.114299 -0.071837
v -0.562057 -0.113509 -0.070437
v -0.556960 -0.093349 -0.070637
v -0.562057 -0.113509 -0.070437
v -0.562858 -0.113319 -0.069136
v -0.556960 -0.093349 -0.070637
v -0.562858 -0.113319 -0.069136
v -0.566856 -0.113049 -0.062937
v -0.561660 -0.091739 -0.062937
v -0.575958 -0.188079 -0.077036
v -0.581260 -0.188039 -0.069037
v -0.575958 -0.170109 -0.070335
v -0.527259 -0.010559 -0.082235
v -0.572753 -0.187989 -0.082136
v -0.575958 -0.170109 -0.070335
v -0.561256 -0.115469 -0.072336
v -0.572753 -0.187989 0.085764
v -0.569358 -0.187979 0.086464
v -0.572059 -0.187979 0.086264
v -0.572753 -0.187989 0.085764
v -0.572257 -0.187989 0.071564
v -0.569358 -0.187979 0.086464
v -0.535255 -0.187969 0.071564
v -0.569358 -0.187979 0.086464
v -0.572257 -0.187989 0.071564
v -0.535255 -0.187969 0.071564
v -0.535255 -0.187969 0.086464
v -0.569358 -0.187979 0.086464
v -0.535255 -0.187969 -0.067936
v -0.569358 -0.187979 -0.082836
v -0.535255 -0.187969 -0.082836
v -0.535255 -0.187969 -0.067936
v -0.572257 -0.187989 -0.067936
v -0.569358 -0.187979 -0.082836
v -0.572753 -0.187989 -0.082136
v -0.569358 -0.187979 -0.082836
v -0.572257 -0.187989 -0.067936
v -0.572753 -0.187989 -0.082136
v -0.572059 -0.187979 -0.082636
v -0.569358 -0.187979 -0.082836
v -0.560455 -0.117319 -0.071035
v -0.561355 -0.114299 -0.071837
v -0.561256 -0.115469 -0.072336
v -0.531455 -0.014169 -0.079737
v -0.537460 -0.021199 -0.073336
v -0.537460 -0.019829 -0.073336
v -0.537460 -0.019829 -0.073336
v -0.530860 -0.012959 -0.079336
v 0.003640 -0.186759 -0.059536
v 0.746941 -0.186579 -0.080036
v 0.746941 -0.186579 -0.059437
v 0.003640 -0.186759 -0.080135
v -0.117057 -0.186799 -0.059635
v -0.117057 -0.186789 -0.080135
v -0.560455 -0.117319 0.074663
v -0.561256 -0.115469 0.075964
v -0.561355 -0.114299 0.075363
v -0.537460 -0.021199 0.076963
v -0.545555 -0.028469 0.065063
v -0.546554 -0.029599 0.065664
v -0.537460 -0.019829 0.076963
v -0.545555 -0.028469 0.065063
v -0.581260 -0.188029 0.072664
v -0.575958 -0.170109 0.073963
v -0.582054 -0.169669 0.063463
v -0.582054 -0.169669 0.063463
v -0.586959 -0.187999 0.063265
v -0.580459 -0.168569 0.063463
v -0.582054 -0.169669 0.063463
v -0.580459 -0.168569 0.063463
v -0.574958 -0.168599 0.073263
v -0.572753 -0.187989 0.085764
v -0.572059 -0.187979 0.086264
v -0.526260 -0.009529 0.086264
v -0.537460 -0.021199 -0.073336
v -0.546554 -0.029599 -0.062037
v -0.545555 -0.028469 -0.061436
v -0.545555 -0.028469 -0.061436
v -0.537460 -0.019829 -0.073336
v -0.530357 -0.011899 0.082165
v -0.526054 -0.008559 0.085863
v -0.526359 -0.007689 0.084564
v -0.531455 -0.014169 0.083364
v -0.552154 -0.094999 0.082165
v -0.527259 -0.010559 0.085764
v -0.557655 -0.116599 0.081764
v -0.575958 -0.188079 0.080664
v -0.527259 -0.010559 0.085764
v -0.526054 -0.008559 0.085863
v -0.530860 -0.012959 0.082964
v -0.555656 -0.039759 0.045364
v -0.556960 -0.040259 0.039164
v -0.557556 -0.041539 0.039265
v -0.555053 -0.038489 0.045164
v -0.556960 -0.040259 0.039164
v -0.581260 -0.188039 -0.069037
v -0.586959 -0.187999 -0.059736
v -0.582054 -0.169669 -0.059835
v -0.582054 -0.169669 -0.059835
v -0.575958 -0.170109 -0.070335
v -0.580459 -0.168569 -0.059937
v -0.574958 -0.168599 -0.069635
v -0.580459 -0.168569 -0.059937
v -0.582054 -0.169669 -0.059835
v -0.555656 -0.039759 -0.041836
v -0.557556 -0.041539 -0.035736
v -0.556960 -0.040259 -0.035536
v -0.556960 -0.040259 -0.035536
v -0.555053 -0.038489 -0.041536
v -0.530357 -0.011899 -0.078537
v -0.526359 -0.007689 -0.080936
v -0.526054 -0.008559 -0.082235
v -0.527259 -0.010559 -0.082235
v -0.530860 -0.012959 -0.079336
v -0.526054 -0.008559 -0.082235
v -0.527259 -0.010559 0.085764
v -0.530860 -0.012959 0.082964
v -0.531455 -0.014169 0.083364
v -0.572753 -0.187989 -0.082136
v -0.526260 -0.009529 -0.082636
v -0.572059 -0.187979 -0.082636
v -0.527259 -0.010559 -0.082235
v -0.575958 -0.188079 -0.077036
v -0.557655 -0.116599 -0.078236
v -0.552154 -0.094999 -0.078537
v -0.531455 -0.014169 -0.079737
v -0.571258 -0.091459 0.029163
v -0.572456 -0.090059 0.029163
v -0.570655 -0.090069 0.027063
v -0.527259 -0.010559 -0.082235
v -0.531455 -0.014169 -0.079737
v -0.530860 -0.012959 -0.079336
v -0.572753 -0.187989 0.085764
v -0.526260 -0.009529 0.086264
v -0.527259 -0.010559 0.085764
v -0.261756 0.043801 0.079864
v -0.261756 0.042811 0.080765
v -0.258155 0.043641 0.074163
v -0.258155 0.044411 0.073463
v -0.526359 -0.007689 0.084564
v -0.492355 0.026871 0.085764
v -0.493560 0.027111 0.084463
v -0.526359 -0.007689 0.084564
v -0.526054 -0.008559 0.085863
v -0.492355 0.026871 0.085764
v -0.571258 -0.091459 0.029163
v -0.570655 -0.090069 0.027063
v -0.569358 -0.091459 0.027063
v -0.530357 -0.011899 0.082165
v -0.530860 -0.012959 0.082964
v -0.526054 -0.008559 0.085863
v -0.227760 -0.044529 -0.077137
v -0.263358 -0.187209 -0.077236
v -0.263358 -0.187539 -0.083635
v -0.261756 0.043801 -0.076237
v -0.258155 0.043641 -0.070536
v -0.261756 0.042811 -0.077137
v -0.258155 0.044411 -0.069836
v -0.536857 -0.018799 0.076164
v -0.530860 -0.012959 0.082964
v -0.530357 -0.011899 0.082165
v -0.536857 -0.018799 0.076164
v -0.537460 -0.019829 0.076963
v -0.227760 -0.044529 -0.077137
v -0.263358 -0.187539 -0.083635
v -0.227760 -0.044929 -0.083536
v -0.221053 -0.018199 -0.077036
v -0.490760 -0.031619 0.085163
v -0.487357 -0.018169 0.086464
v -0.488555 -0.017759 0.085163
v -0.489456 -0.031619 0.086464
v -0.488555 -0.045479 0.085163
v -0.487357 -0.045069 0.086464
v -0.491355 0.025921 0.086365
v -0.526054 -0.008559 0.085863
v -0.523559 -0.006759 0.086464
v -0.482154 -0.057979 0.085163
v -0.487357 -0.045069 0.086464
v -0.488555 -0.045479 0.085163
v -0.481155 -0.057199 0.086464
v -0.487357 -0.045069 0.086464
v -0.493560 0.027111 0.084463
v -0.492355 0.026871 0.085764
v -0.480255 0.037811 0.085764
v -0.536857 -0.018799 -0.072537
v -0.530860 -0.012959 -0.079336
v -0.537460 -0.019829 -0.073336
v -0.536857 -0.018799 -0.072537
v -0.530357 -0.011899 -0.078537
v -0.544959 -0.027449 0.064363
v -0.537460 -0.019829 0.076963
v -0.536857 -0.018799 0.076164
v -0.545555 -0.028469 0.065063
v -0.537460 -0.019829 0.076963
v -0.530357 -0.011899 -0.078537
v -0.526054 -0.008559 -0.082235
v -0.530860 -0.012959 -0.079336
v -0.572753 -0.187989 -0.082136
v -0.527259 -0.010559 -0.082235
v -0.526260 -0.009529 -0.082636
v -0.571258 -0.091459 -0.025536
v -0.570655 -0.090069 -0.023935
v -0.572456 -0.090059 -0.025536
v -0.544959 -0.027449 -0.060736
v -0.537460 -0.019829 -0.073336
v -0.545555 -0.028469 -0.061436
v -0.536857 -0.018799 -0.072537
v -0.537460 -0.019829 -0.073336
v -0.526359 -0.007689 -0.080936
v -0.492355 0.026871 -0.082235
v -0.526054 -0.008559 -0.082235
v -0.526359 -0.007689 -0.080936
v -0.493560 0.027111 -0.080835
v -0.492355 0.026871 -0.082235
v -0.546554 -0.029599 0.065664
v -0.550353 -0.033329 0.056965
v -0.550857 -0.034579 0.057264
v -0.545555 -0.028469 0.065063
v -0.550353 -0.033329 0.056965
v -0.549560 -0.032349 0.056364
v -0.544959 -0.027449 0.064363
v -0.549560 -0.032349 -0.052736
v -0.545555 -0.028469 -0.061436
v -0.550353 -0.033329 -0.053436
v -0.544959 -0.027449 -0.060736
v -0.546554 -0.029599 -0.062037
v -0.550857 -0.034579 -0.053736
v -0.550353 -0.033329 -0.053436
v -0.455856 0.090591 0.051064
v -0.456954 0.090121 0.051064
v -0.456954 0.084711 0.058464
v -0.455955 0.085171 0.058464
v -0.488555 -0.045479 -0.083237
v -0.489456 -0.031619 -0.084536
v -0.487357 -0.045069 -0.084536
v -0.490760 -0.031619 -0.083237
v -0.487357 -0.018169 -0.084536
v -0.488555 -0.017769 -0.083237
v -0.482154 -0.057979 -0.083237
v -0.487357 -0.045069 -0.084536
v -0.481155 -0.057199 -0.084536
v -0.488555 -0.045479 -0.083237
v -0.487357 -0.045069 -0.084536
v -0.491355 0.025921 -0.082836
v -0.523559 -0.006759 -0.082836
v -0.526054 -0.008559 -0.082235
v -0.253860 0.043341 0.071764
v -0.261459 0.024381 0.080765
v -0.261558 0.012771 0.080765
v -0.258354 0.042571 0.074564
v -0.261756 0.041741 0.080765
v -0.258155 0.043641 0.074163
v -0.261756 0.042811 0.080765
v -0.556060 -0.039229 0.038763
v -0.555053 -0.038489 0.045164
v -0.554359 -0.037399 0.044664
v -0.493560 0.027111 -0.080835
v -0.480255 0.037811 -0.082235
v -0.492355 0.026871 -0.082235
v -0.481155 -0.057199 0.086464
v -0.482154 -0.057979 0.085163
v -0.472259 -0.067889 0.085163
v -0.471458 -0.066829 0.086464
v -0.556060 -0.039229 -0.035135
v -0.554359 -0.037399 -0.041037
v -0.555053 -0.038489 -0.041536
v -0.527259 -0.010559 0.085764
v -0.523559 -0.006759 0.086464
v -0.526054 -0.008559 0.085863
v -0.480560 0.036311 0.086365
v -0.480255 0.037811 0.085764
v -0.492355 0.026871 0.085764
v -0.493560 0.027111 0.084463
v -0.480255 0.037811 0.085764
v -0.481857 0.039431 0.084463
v -0.481155 -0.006039 0.086464
v -0.482253 -0.005259 0.085163
v -0.488555 -0.017759 0.085163
v -0.481155 -0.006039 0.086464
v -0.487357 -0.018169 0.086464
v -0.554359 -0.037399 0.044664
v -0.550353 -0.033329 0.056965
v -0.549560 -0.032349 0.056364
v -0.555053 -0.038489 0.045164
v -0.571258 -0.091459 -0.025536
v -0.569358 -0.091459 -0.023935
v -0.570655 -0.090069 -0.023935
v -0.455856 0.090591 -0.047436
v -0.456954 0.084711 -0.054836
v -0.456954 0.090121 -0.047436
v -0.455955 0.085171 -0.054836
v -0.554359 -0.037399 -0.041037
v -0.550353 -0.033329 -0.053436
v -0.555053 -0.038489 -0.041536
v -0.549560 -0.032349 -0.052736
v -0.253860 0.043341 -0.068136
v -0.261558 0.012771 -0.077137
v -0.261459 0.024381 -0.077137
v -0.261756 0.041741 -0.077137
v -0.258354 0.042571 -0.070936
v -0.258155 0.043641 -0.070536
v -0.261756 0.042811 -0.077137
v -0.456954 0.084711 0.058464
v -0.457458 0.083641 0.058464
v -0.457458 0.077201 0.062565
v -0.481155 -0.057199 -0.084536
v -0.471458 -0.066829 -0.084536
v -0.472259 -0.067889 -0.083237
v -0.482154 -0.057979 -0.083237
v -0.038558 -0.051109 0.063765
v -0.038558 -0.051109 0.066963
v -0.033759 -0.053759 0.063765
v -0.457458 0.083641 0.058464
v -0.456954 0.084711 0.058464
v -0.456954 0.090121 0.051064
v -0.457458 0.089051 0.051064
v -0.527259 -0.010559 0.085764
v -0.526260 -0.009529 0.086264
v -0.523559 -0.006759 0.086464
v -0.481155 -0.006039 -0.084536
v -0.487357 -0.018169 -0.084536
v -0.488555 -0.017769 -0.083237
v -0.481155 -0.006039 -0.084536
v -0.482253 -0.005259 -0.083237
v -0.527259 -0.010559 -0.082235
v -0.526054 -0.008559 -0.082235
v -0.523559 -0.006759 -0.082836
v -0.480560 0.036311 -0.082836
v -0.492355 0.026871 -0.082235
v -0.480255 0.037811 -0.082235
v -0.253555 0.045181 0.070765
v -0.253555 0.044421 0.071465
v -0.248756 0.044861 0.068865
v -0.248756 0.045621 0.068165
v -0.527259 -0.010559 -0.082235
v -0.523559 -0.006759 -0.082836
v -0.526260 -0.009529 -0.082636
v -0.457458 0.077201 -0.058935
v -0.457458 0.083641 -0.054836
v -0.456954 0.084711 -0.054836
v -0.457458 0.083641 -0.054836
v -0.456954 0.090121 -0.047436
v -0.456954 0.084711 -0.054836
v -0.457458 0.089051 -0.047436
v -0.491355 0.025921 0.086365
v -0.492355 0.026871 0.085764
v -0.526054 -0.008559 0.085863
v -0.258155 0.044411 0.073463
v -0.258155 0.043641 0.074163
v -0.253555 0.044421 0.071465
v -0.253555 0.045181 0.070765
v -0.493560 0.027111 -0.080835
v -0.481857 0.039431 -0.080835
v -0.480255 0.037811 -0.082235
v -0.457054 0.077571 0.063463
v -0.455955 0.077691 0.063765
v -0.455955 0.085171 0.058464
v -0.455955 0.079431 0.001764
v -0.457458 0.078351 0.001764
v -0.457160 0.078711 0.014765
v -0.455955 0.079431 0.001764
v -0.457160 0.078711 -0.011137
v -0.457458 0.078351 0.001764
v -0.480560 0.036311 0.086365
v -0.492355 0.026871 0.085764
v -0.491355 0.025921 0.086365
v -0.471458 -0.066829 0.086464
v -0.472259 -0.067889 0.085163
v -0.459754 -0.074259 0.085163
v -0.459358 -0.072999 0.086464
v -0.464958 -0.039739 0.089964
v -0.465659 -0.047149 0.087463
v -0.463958 -0.045839 0.088663
v -0.468955 -0.041379 0.087463
v -0.462257 -0.044539 0.089964
v -0.455955 0.085171 0.058464
v -0.456954 0.084711 0.058464
v -0.457054 0.077571 0.063463
v -0.457458 0.089051 0.051064
v -0.456954 0.092211 0.042864
v -0.457458 0.091141 0.042864
v -0.456954 0.090121 0.051064
v -0.461654 -0.029469 0.091965
v -0.466453 -0.034389 0.089964
v -0.461654 -0.033759 0.091965
v -0.466453 -0.028849 0.089964
v -0.460555 -0.025329 0.091965
v -0.466453 -0.028849 0.089964
v -0.464958 -0.023489 0.089964
v -0.470657 -0.034949 0.087463
v -0.468955 -0.041379 0.087463
v -0.466453 -0.034389 0.089964
v -0.464958 -0.039739 0.089964
v -0.466453 -0.028849 0.089964
v -0.470657 -0.028289 0.087463
v -0.464958 -0.023489 0.089964
v -0.468955 -0.021859 0.087463
v -0.249053 0.043771 0.069164
v -0.256957 -0.018329 0.080664
v -0.242660 0.044201 0.067364
v -0.248756 0.044861 0.068865
v -0.242355 0.045301 0.067064
v -0.248756 0.044861 0.068865
v -0.253860 0.043341 0.071764
v -0.261558 0.012771 0.080765
v -0.249053 0.043771 0.069164
v -0.260558 -0.001719 0.080765
v -0.248756 0.044861 0.068865
v -0.253555 0.044421 0.071465
v -0.253555 0.044421 0.071465
v -0.258354 0.042571 0.074564
v -0.261459 0.024381 0.080765
v -0.253555 0.044421 0.071465
v -0.258155 0.043641 0.074163
v -0.457458 0.089051 -0.047436
v -0.456954 0.092211 -0.039335
v -0.456954 0.090121 -0.047436
v -0.457458 0.091141 -0.039335
v -0.457458 0.077201 0.062565
v -0.457054 0.077571 0.063463
v -0.456954 0.084711 0.058464
v -0.471458 0.003591 0.086464
v -0.472259 0.004661 0.085163
v -0.482253 -0.005259 0.085163
v -0.481155 -0.006039 0.086464
v -0.253555 0.045181 -0.067137
v -0.248756 0.045621 -0.064535
v -0.248756 0.044861 -0.065235
v -0.253555 0.044421 -0.067837
v -0.460853 -0.051849 0.087463
v -0.463958 -0.045839 0.088663
v -0.465659 -0.047149 0.087463
v -0.460853 -0.048869 0.088663
v -0.460555 -0.051399 0.087765
v -0.462257 -0.044539 0.089964
v -0.459556 -0.047179 0.089964
v -0.556060 -0.039229 0.038763
v -0.556960 -0.040259 0.039164
v -0.555053 -0.038489 0.045164
v -0.570655 -0.090069 -0.023935
v -0.556457 -0.041539 -0.022837
v -0.558654 -0.042589 -0.025137
v -0.556060 -0.039229 -0.035135
v -0.555053 -0.038489 -0.041536
v -0.556960 -0.040259 -0.035536
v -0.258155 0.044411 -0.069836
v -0.253555 0.045181 -0.067137
v -0.253555 0.044421 -0.067837
v -0.258155 0.043641 -0.070536
v -0.471458 -0.066829 -0.084536
v -0.459358 -0.072999 -0.084536
v -0.459754 -0.074259 -0.083237
v -0.472259 -0.067889 -0.083237
v -0.455955 0.085171 -0.054836
v -0.455955 0.077691 -0.060137
v -0.457054 0.077571 -0.059937
v -0.457458 0.077201 -0.058935
v -0.456954 0.084711 -0.054836
v -0.457054 0.077571 -0.059937
v -0.464958 -0.023489 -0.088036
v -0.470657 -0.028289 -0.085537
v -0.468955 -0.021859 -0.085537
v -0.466453 -0.028849 -0.088036
v -0.470657 -0.034949 -0.085537
v -0.466453 -0.034389 -0.088036
v -0.468955 -0.041379 -0.085537
v -0.464958 -0.039739 -0.088036
v -0.464958 -0.039739 -0.088036
v -0.465659 -0.047149 -0.085537
v -0.468955 -0.041379 -0.085537
v -0.463958 -0.045839 -0.086737
v -0.462257 -0.044539 -0.088036
v -0.491355 0.025921 -0.082836
v -0.526054 -0.008559 -0.082235
v -0.492355 0.026871 -0.082235
v -0.455955 0.085171 -0.054836
v -0.457054 0.077571 -0.059937
v -0.456954 0.084711 -0.054836
v -0.462257 -0.018689 0.089964
v -0.468955 -0.021859 0.087463
v -0.464958 -0.023489 0.089964
v -0.465659 -0.016089 0.087463
v -0.558654 -0.042589 -0.025137
v -0.556457 -0.041539 -0.022837
v -0.558059 -0.041289 -0.025137
v -0.490356 0.030251 0.021864
v -0.480758 0.040401 0.024364
v -0.480758 0.040371 0.011164
v -0.493255 0.027211 0.039265
v -0.480857 0.040481 0.066463
v -0.480758 0.040401 0.024364
v -0.490356 0.030251 0.021864
v -0.493255 0.027211 0.039265
v -0.481857 0.039431 0.084463
v -0.480857 0.040481 0.066463
v -0.493255 0.027211 0.039265
v -0.481857 0.039431 0.084463
v -0.493255 0.027211 0.039265
v -0.493560 0.027111 0.084463
v -0.526359 -0.007689 0.084564
v -0.525955 -0.007429 0.028765
v -0.556960 -0.040289 0.028765
v -0.556060 -0.039229 0.038763
v -0.525955 -0.007429 0.028765
v -0.556060 -0.039229 0.038763
v -0.554359 -0.037399 0.044664
v -0.525955 -0.007429 0.028765
v -0.554359 -0.037399 0.044664
v -0.549560 -0.032349 0.056364
v -0.525955 -0.007429 0.028765
v -0.549560 -0.032349 0.056364
v -0.544959 -0.027449 0.064363
v -0.525955 -0.007429 0.028765
v -0.544959 -0.027449 0.064363
v -0.536857 -0.018799 0.076164
v -0.526359 -0.007689 0.084564
v -0.493255 0.027211 0.039265
v -0.508560 0.010981 0.028463
v -0.493255 0.027211 0.039265
v -0.502654 0.017201 0.025965
v -0.508560 0.010981 0.028463
v -0.496658 0.023521 0.017664
v -0.502654 0.017201 0.025965
v -0.493255 0.027211 0.039265
v -0.493255 0.027211 0.039265
v -0.490356 0.030251 0.021864
v -0.496658 0.023521 0.017664
v -0.488456 0.032271 0.010464
v -0.480758 0.040371 0.011164
v -0.488456 0.032271 0.010464
v -0.490356 0.030251 0.021864
v -0.487060 0.033671 0.001764
v -0.480758 0.040371 0.011164
v -0.488456 0.032271 0.010464
v -0.493560 0.026791 0.006165
v -0.496658 0.023521 0.017664
v -0.493560 0.026791 0.006165
v -0.488456 0.032271 0.010464
v -0.487060 0.033671 0.001764
v -0.487060 0.033671 0.001764
v -0.493255 0.027161 0.001764
v -0.493560 0.026791 0.006165
v -0.493560 0.026791 -0.002537
v -0.493255 0.027161 0.001764
v -0.487060 0.033671 0.001764
v -0.487060 0.033671 0.001764
v -0.488456 0.032271 -0.006836
v -0.493560 0.026791 -0.002537
v -0.496658 0.023521 -0.014036
v -0.493560 0.026791 -0.002537
v -0.488456 0.032271 -0.006836
v -0.480758 0.040371 -0.007536
v -0.488456 0.032271 -0.006836
v -0.487060 0.033671 0.001764
v -0.490356 0.030251 -0.018236
v -0.480758 0.040371 -0.007536
v -0.488456 0.032271 -0.006836
v -0.490356 0.030251 -0.018236
v -0.496658 0.023521 -0.014036
v -0.493255 0.027211 -0.035637
v -0.493255 0.027211 -0.035637
v -0.502654 0.017201 -0.022337
v -0.496658 0.023521 -0.014036
v -0.493255 0.027211 -0.035637
v -0.508560 0.010981 -0.024836
v -0.502654 0.017201 -0.022337
v -0.526359 -0.007689 -0.080936
v -0.508560 0.010981 -0.024836
v -0.493255 0.027211 -0.035637
v -0.525955 -0.007429 -0.025137
v -0.536857 -0.018799 -0.072537
v -0.544959 -0.027449 -0.060736
v -0.525955 -0.007429 -0.025137
v -0.544959 -0.027449 -0.060736
v -0.549560 -0.032349 -0.052736
v -0.525955 -0.007429 -0.025137
v -0.549560 -0.032349 -0.052736
v -0.554359 -0.037399 -0.041037
v -0.525955 -0.007429 -0.025137
v -0.554359 -0.037399 -0.041037
v -0.556060 -0.039229 -0.035135
v -0.525955 -0.007429 -0.025137
v -0.556060 -0.039229 -0.035135
v -0.556960 -0.040289 -0.025137
v -0.526359 -0.007689 -0.080936
v -0.493255 0.027211 -0.035637
v -0.493560 0.027111 -0.080835
v -0.481857 0.039431 -0.080835
v -0.481857 0.039431 -0.080835
v -0.493255 0.027211 -0.035637
v -0.480857 0.040481 -0.062836
v -0.480758 0.040401 -0.020737
v -0.480857 0.040481 -0.062836
v -0.493255 0.027211 -0.035637
v -0.480758 0.040371 -0.007536
v -0.490356 0.030251 -0.018236
v -0.493255 0.027211 -0.035637
v -0.490356 0.030251 -0.018236
v -0.480758 0.040401 -0.020737
v -0.480560 0.036311 -0.082836
v -0.491355 0.025921 -0.082836
v -0.492355 0.026871 -0.082235
v -0.525955 -0.007429 0.028765
v -0.536857 -0.018799 0.076164
v -0.530357 -0.011899 0.082165
v -0.526359 -0.007689 0.084564
v -0.508560 0.010981 0.028463
v -0.526359 -0.007689 -0.080936
v -0.525955 -0.007429 -0.025137
v -0.508560 0.010981 -0.024836
v -0.530357 -0.011899 -0.078537
v -0.536857 -0.018799 -0.072537
v -0.458358 -0.041599 0.091965
v -0.459556 -0.047179 0.089964
v -0.456657 -0.043349 0.091965
v -0.462257 -0.044539 0.089964
v -0.471458 0.003591 -0.084536
v -0.481155 -0.006039 -0.084536
v -0.482253 -0.005259 -0.083237
v -0.472259 0.004661 -0.083237
v -0.456458 -0.030149 0.093365
v -0.455757 -0.027329 0.093365
v -0.460555 -0.025329 0.091965
v -0.456458 -0.033069 0.093365
v -0.454254 -0.024809 0.093365
v -0.458358 -0.021619 0.091965
v -0.455757 -0.027329 0.093365
v -0.460555 -0.037889 0.091965
v -0.455657 -0.035889 0.093365
v -0.455657 -0.035889 0.093365
v -0.458358 -0.041599 0.091965
v -0.454254 -0.038409 0.093365
v -0.466453 -0.034389 0.089964
v -0.464958 -0.039739 0.089964
v -0.460555 -0.037889 0.091965
v -0.464958 -0.039739 0.089964
v -0.462257 -0.044539 0.089964
v -0.458358 -0.041599 0.091965
v -0.560455 -0.117319 -0.071035
v -0.560356 -0.115959 -0.070736
v -0.561355 -0.114299 -0.071837
v -0.257659 -0.044559 -0.077137
v -0.293258 -0.187289 -0.077236
v -0.293258 -0.187539 -0.083635
v -0.253860 0.043341 -0.068136
v -0.261459 0.024381 -0.077137
v -0.258354 0.042571 -0.070936
v -0.253555 0.044421 -0.067837
v -0.253555 0.044421 -0.067837
v -0.258155 0.043641 -0.070536
v -0.248756 0.044861 -0.065235
v -0.253555 0.044421 -0.067837
v -0.248756 0.044861 -0.065235
v -0.249053 0.043771 -0.065537
v -0.261558 0.012771 -0.077137
v -0.249053 0.043771 -0.065537
v -0.260558 -0.001719 -0.077137
v -0.242660 0.044201 -0.063736
v -0.256957 -0.018329 -0.077036
v -0.248756 0.044861 -0.065235
v -0.242355 0.045301 -0.063536
v -0.257659 -0.044559 -0.077137
v -0.293258 -0.187539 -0.083635
v -0.257560 -0.045079 -0.083536
v -0.250953 -0.018309 -0.077036
v -0.456756 -0.049359 0.089964
v -0.454360 -0.053199 0.088663
v -0.453460 -0.051219 0.089964
v -0.458053 -0.051059 0.088663
v -0.455154 -0.055179 0.087463
v -0.460555 -0.051399 0.087765
v -0.460853 -0.051849 0.087463
v -0.458053 -0.051059 0.088663
v -0.460853 -0.048869 0.088663
v -0.556960 -0.040289 0.028765
v -0.556960 -0.040259 0.039164
v -0.556060 -0.039229 0.038763
v -0.556960 -0.040289 0.028765
v -0.558059 -0.041289 0.028765
v -0.558654 -0.042589 0.028765
v -0.558059 -0.041289 0.028765
v -0.556457 -0.041539 0.026764
v -0.572456 -0.090059 0.029163
v -0.570655 -0.090069 0.027063
v -0.556960 -0.040289 -0.025137
v -0.556960 -0.040259 -0.035536
v -0.558059 -0.041289 -0.025137
v -0.556960 -0.040289 -0.025137
v -0.556060 -0.039229 -0.035135
v -0.460853 -0.051849 -0.085537
v -0.465659 -0.047149 -0.085537
v -0.463958 -0.045839 -0.086737
v -0.460853 -0.048869 -0.086737
v -0.460555 -0.051399 -0.085836
v -0.462257 -0.044539 -0.088036
v -0.459556 -0.047179 -0.088036
v -0.458358 -0.021619 0.091965
v -0.464958 -0.023489 0.089964
v -0.460555 -0.025329 0.091965
v -0.462257 -0.018689 0.089964
v -0.487060 0.033671 0.001764
v -0.479560 0.040481 0.001764
v -0.480758 0.040371 -0.007536
v -0.480758 0.040371 0.011164
v -0.479560 0.040481 0.001764
v -0.487060 0.033671 0.001764
v -0.005454 -0.054229 -0.062336
v -0.008857 -0.098959 -0.082737
v -0.022659 -0.091809 -0.082737
v -0.453758 -0.045539 0.091965
v -0.456756 -0.049359 0.089964
v -0.453460 -0.051219 0.089964
v -0.451660 -0.046769 0.091965
v -0.478660 -0.068539 -0.080135
v -0.502357 -0.187539 -0.083635
v -0.508460 -0.187889 -0.080236
v -0.478660 -0.068539 -0.080135
v -0.473853 -0.073359 -0.083635
v -0.502357 -0.187539 -0.083635
v -0.454254 -0.038409 0.093365
v -0.456657 -0.043349 0.091965
v -0.453460 -0.039199 0.093365
v -0.458358 -0.041599 0.091965
v -0.565856 -0.114439 -0.061537
v -0.565757 -0.113379 -0.061035
v -0.566856 -0.113049 -0.062937
v -0.561660 -0.091739 -0.062937
v -0.566856 -0.113049 -0.062937
v -0.462257 -0.018689 -0.088036
v -0.464958 -0.023489 -0.088036
v -0.468955 -0.021859 -0.085537
v -0.465659 -0.016089 -0.085537
v -0.459358 -0.072999 0.086464
v -0.459754 -0.074259 0.085163
v -0.445960 -0.076449 0.085163
v -0.445960 -0.076449 0.085163
v -0.445854 -0.075119 0.086464
v -0.457557 0.069201 0.064264
v -0.457054 0.069321 0.065365
v -0.457054 0.077571 0.063463
v -0.458358 -0.014769 0.089964
v -0.465659 -0.016089 0.087463
v -0.462257 -0.018689 0.089964
v -0.460960 -0.011379 0.087463
v -0.560455 -0.117319 0.074663
v -0.561355 -0.114299 0.075363
v -0.560356 -0.115959 0.074364
v -0.472259 -0.067889 0.085163
v -0.459754 -0.074259 0.080564
v -0.459754 -0.074259 0.085163
v -0.472259 -0.067899 0.080564
v -0.482154 -0.057979 0.085163
v -0.472259 -0.067889 0.085163
v -0.482154 -0.057979 0.080564
v -0.488555 -0.045479 0.085163
v -0.482154 -0.057979 0.085163
v -0.488555 -0.045479 0.080564
v -0.490760 -0.031619 0.085163
v -0.488555 -0.045479 0.085163
v -0.490760 -0.031619 0.080564
v -0.488555 -0.017759 0.085163
v -0.490760 -0.031619 0.085163
v -0.488555 -0.017769 0.080564
v -0.482253 -0.005259 0.085163
v -0.488555 -0.017759 0.085163
v -0.482253 -0.005259 0.080564
v -0.472259 0.004661 0.085163
v -0.472259 0.004661 0.080564
v -0.482253 -0.005259 0.085163
v -0.444854 0.092671 0.025663
v -0.441657 0.092291 0.031364
v -0.442954 0.092671 0.025564
v -0.472259 0.004661 -0.083237
v -0.482253 -0.005259 -0.078636
v -0.472259 0.004661 -0.078636
v -0.482253 -0.005259 -0.083237
v -0.482253 -0.005259 -0.083237
v -0.488555 -0.017769 -0.078636
v -0.488555 -0.017769 -0.083237
v -0.488555 -0.017769 -0.083237
v -0.490760 -0.031619 -0.078636
v -0.490760 -0.031619 -0.083237
v -0.490760 -0.031619 -0.083237
v -0.488555 -0.045479 -0.078636
v -0.488555 -0.045479 -0.083237
v -0.488555 -0.045479 -0.083237
v -0.482154 -0.057979 -0.078636
v -0.482154 -0.057979 -0.083237
v -0.482154 -0.057979 -0.083237
v -0.472259 -0.067899 -0.078636
v -0.472259 -0.067889 -0.083237
v -0.472259 -0.067889 -0.083237
v -0.459754 -0.074259 -0.078636
v -0.459754 -0.074259 -0.083237
v -0.458358 -0.041599 -0.090036
v -0.459556 -0.047179 -0.088036
v -0.462257 -0.044539 -0.088036
v -0.456657 -0.043349 -0.090036
v -0.444854 0.092671 -0.022137
v -0.442954 0.092671 -0.022036
v -0.441657 0.092291 -0.027737
v -0.444854 0.092671 0.025663
v -0.444854 0.092671 0.031464
v -0.441657 0.092291 0.031364
v -0.444854 0.092671 0.031464
v -0.440055 0.091861 0.037064
v -0.444854 0.092671 0.037165
v -0.437660 0.090761 0.042463
v -0.440055 0.091861 0.037064
v -0.437660 0.090761 0.042463
v -0.443656 0.092671 0.042765
v -0.455955 0.092671 0.042864
v -0.456054 0.092661 0.019964
v -0.457160 0.092201 0.019964
v -0.456954 0.092211 0.042864
v -0.456153 0.092661 0.014263
v -0.457160 0.092201 0.014664
v -0.444854 0.092671 0.019964
v -0.442954 0.092671 0.025564
v -0.444854 0.092671 0.014263
v -0.443755 0.092671 0.019863
v -0.456054 0.092661 -0.016336
v -0.444854 0.092671 -0.022137
v -0.444854 0.092671 -0.027836
v -0.441657 0.092291 -0.027737
v -0.444854 0.092671 -0.027836
v -0.440055 0.091861 -0.033436
v -0.444854 0.092671 -0.033537
v -0.437660 0.090761 -0.038836
v -0.440055 0.091861 -0.033436
v -0.455955 0.092671 -0.039236
v -0.443656 0.092671 -0.039137
v -0.437660 0.090761 -0.038836
v -0.457160 0.092201 -0.016336
v -0.456954 0.092211 -0.039335
v -0.456153 0.092661 -0.010635
v -0.457160 0.092201 -0.011036
v -0.444854 0.092671 -0.016336
v -0.444854 0.092671 -0.010635
v -0.442954 0.092671 -0.022036
v -0.443755 0.092671 -0.016235
v -0.455757 -0.027329 -0.091536
v -0.461654 -0.029469 -0.090036
v -0.460555 -0.025329 -0.090036
v -0.456458 -0.030149 -0.091536
v -0.466453 -0.034389 -0.088036
v -0.466453 -0.028849 -0.088036
v -0.461654 -0.033759 -0.090036
v -0.460555 -0.025329 -0.090036
v -0.466453 -0.028849 -0.088036
v -0.464958 -0.023489 -0.088036
v -0.464958 -0.039739 -0.088036
v -0.466453 -0.034389 -0.088036
v -0.460555 -0.037889 -0.090036
v -0.462257 -0.044539 -0.088036
v -0.464958 -0.039739 -0.088036
v -0.458358 -0.041599 -0.090036
v -0.456458 -0.033069 -0.091536
v -0.460555 -0.037889 -0.090036
v -0.455657 -0.035889 -0.091536
v -0.455657 -0.035889 -0.091536
v -0.458358 -0.041599 -0.090036
v -0.454254 -0.038419 -0.091536
v -0.450958 -0.030869 -0.092436
v -0.450958 -0.032349 -0.092436
v -0.455657 -0.035889 -0.091536
v -0.450660 -0.029439 -0.092436
v -0.450958 -0.032349 -0.092436
v -0.455757 -0.027329 -0.091536
v -0.433456 0.088521 0.046965
v -0.431358 0.085181 0.058664
v -0.426658 0.083911 0.051865
v -0.438156 0.090591 0.051064
v -0.455955 0.085171 0.058464
v -0.431358 0.085181 0.058664
v -0.455856 0.090591 0.051064
v -0.437660 0.090761 0.042463
v -0.433456 0.088521 0.046965
v -0.443656 0.092671 0.042765
v -0.455856 0.090591 0.051064
v -0.443656 0.092671 0.042765
v -0.455955 0.092671 0.042864
v -0.456954 0.090121 0.051064
v -0.456954 0.092211 0.042864
v -0.458053 -0.051059 -0.086737
v -0.460555 -0.051399 -0.085836
v -0.460853 -0.048869 -0.086737
v -0.455154 -0.055179 -0.085537
v -0.460853 -0.051849 -0.085537
v -0.458053 -0.051059 -0.086737
v -0.454360 -0.053199 -0.086737
v -0.456756 -0.049359 -0.088036
v -0.453460 -0.051219 -0.088036
v -0.450660 -0.041379 0.093365
v -0.451660 -0.046769 0.091965
v -0.449653 -0.041939 0.093365
v -0.453758 -0.045539 0.091965
v -0.457557 0.069201 -0.060736
v -0.457054 0.077571 -0.059937
v -0.457054 0.069321 -0.061735
v -0.458358 -0.021619 -0.090036
v -0.460555 -0.025329 -0.090036
v -0.464958 -0.023489 -0.088036
v -0.462257 -0.018689 -0.088036
v -0.459358 0.009781 0.086464
v -0.459754 0.011031 0.085163
v -0.472259 0.004661 0.085163
v -0.471458 0.003591 0.086464
v -0.565757 -0.113379 0.064665
v -0.566856 -0.113049 0.066565
v -0.561660 -0.091739 0.066565
v -0.565856 -0.114439 0.065063
v -0.566856 -0.113049 0.066565
v -0.448654 -0.056899 0.087463
v -0.453460 -0.051219 0.089964
v -0.454360 -0.053199 0.088663
v -0.448158 -0.052659 0.089964
v -0.455154 -0.055179 0.087463
v -0.452155 -0.022739 0.093365
v -0.458358 -0.021619 0.091965
v -0.454254 -0.024809 0.093365
v -0.455360 -0.018589 0.091965
v -0.459358 -0.072999 -0.084536
v -0.445854 -0.075119 -0.084536
v -0.445960 -0.076449 -0.083237
v -0.445960 -0.076449 -0.083237
v -0.459754 -0.074259 -0.083237
v -0.451660 -0.046769 0.091965
v -0.453460 -0.051219 0.089964
v -0.448158 -0.052659 0.089964
v -0.447555 -0.047879 0.091965
v -0.444854 0.080601 -0.010635
v -0.455955 0.079431 0.001764
v -0.444854 0.080591 0.001764
v -0.456153 0.079421 -0.010635
v -0.456260 0.079421 0.001764
v -0.457160 0.078711 -0.011137
v -0.444854 0.080601 0.014263
v -0.444854 0.080591 0.001764
v -0.455955 0.079431 0.001764
v -0.456260 0.079421 0.001764
v -0.456153 0.079421 0.014263
v -0.457160 0.078711 0.014765
v -0.455360 -0.018589 0.091965
v -0.462257 -0.018689 0.089964
v -0.458358 -0.021619 0.091965
v -0.458358 -0.014769 0.089964
v -0.453559 -0.011999 0.089964
v -0.460960 -0.011379 0.087463
v -0.455154 -0.008049 0.087463
v -0.266258 0.043801 0.086664
v -0.266258 0.042801 0.080765
v -0.266258 0.043801 0.079864
v -0.266258 0.042831 0.087263
v -0.266258 0.043801 -0.083036
v -0.266258 0.042801 -0.077137
v -0.266258 0.042831 -0.083635
v -0.266258 0.043801 -0.076237
v -0.455856 0.090591 -0.047436
v -0.443656 0.092671 -0.039137
v -0.438156 0.090591 -0.047436
v -0.455955 0.092671 -0.039236
v -0.456954 0.090121 -0.047436
v -0.456954 0.092211 -0.039335
v -0.437660 0.090761 -0.038836
v -0.443656 0.092671 -0.039137
v -0.433456 0.088521 -0.043337
v -0.455955 0.085171 -0.054836
v -0.455856 0.090591 -0.047436
v -0.431358 0.085181 -0.055037
v -0.433456 0.088521 -0.043337
v -0.431358 0.085181 -0.055037
v -0.426658 0.083901 -0.048237
v -0.457458 0.026041 0.065365
v -0.457557 0.069201 0.064264
v -0.457954 0.026041 0.064363
v -0.457054 0.077571 0.063463
v -0.457458 0.077201 0.062565
v -0.242355 0.046071 -0.062737
v -0.242355 0.045301 -0.063536
v -0.248756 0.044861 -0.065235
v -0.248756 0.045621 -0.064535
v -0.455955 0.077691 0.063765
v -0.457054 0.077571 0.063463
v -0.457054 0.069321 0.065365
v -0.453758 -0.045539 -0.090036
v -0.453460 -0.051219 -0.088036
v -0.456756 -0.049359 -0.088036
v -0.451660 -0.046769 -0.090036
v -0.570655 -0.090069 0.027063
v -0.558654 -0.042589 0.028765
v -0.556457 -0.041539 0.026764
v -0.570655 -0.090069 -0.023935
v -0.558654 -0.042589 -0.025137
v -0.572456 -0.090059 -0.025536
v -0.457458 0.026041 0.065365
v -0.457054 0.069321 0.065365
v -0.457557 0.069201 0.064264
v -0.458358 -0.014769 -0.088036
v -0.462257 -0.018689 -0.088036
v -0.465659 -0.016089 -0.085537
v -0.460960 -0.011379 -0.085537
v -0.454254 -0.038419 -0.091536
v -0.456657 -0.043349 -0.090036
v -0.458358 -0.041599 -0.090036
v -0.453460 -0.039199 -0.091536
v -0.311256 -0.037849 0.096264
v -0.311958 -0.039669 0.095663
v -0.301658 -0.038299 0.080564
v -0.298957 -0.029029 0.080564
v -0.308555 -0.030399 0.095663
v -0.307754 -0.027659 0.095663
v -0.298057 -0.019749 0.080564
v -0.306358 -0.021119 0.095663
v -0.306159 -0.018379 0.095663
v -0.298858 -0.010479 0.080564
v -0.301658 -0.038299 0.080564
v -0.315055 -0.046209 0.095663
v -0.305953 -0.047579 0.080564
v -0.316856 -0.048949 0.095663
v -0.321555 -0.055489 0.095663
v -0.450660 -0.029439 0.094263
v -0.455757 -0.027329 0.093365
v -0.449859 -0.028159 0.094263
v -0.454254 -0.024809 0.093365
v -0.448860 -0.027119 0.094263
v -0.452155 -0.022739 0.093365
v -0.447555 -0.026379 0.094263
v -0.449653 -0.021279 0.093365
v -0.450958 -0.030869 0.094263
v -0.305953 -0.047579 0.080564
v -0.321555 -0.055489 0.095663
v -0.311759 -0.056859 0.080564
v -0.323860 -0.058219 0.095663
v -0.319854 -0.067079 0.080564
v -0.328658 -0.064129 0.095663
v -0.334060 -0.070029 0.096563
v -0.323860 -0.058219 0.095663
v -0.450958 -0.032349 0.094263
v -0.450958 -0.032349 0.094263
v -0.455657 -0.035889 0.093365
v -0.450553 -0.033749 0.094263
v -0.454254 -0.038409 0.093365
v -0.449859 -0.035049 0.094263
v -0.454254 -0.038409 0.093365
v -0.453460 -0.039199 0.093365
v -0.446555 -0.030719 0.094263
v -0.450553 -0.033749 0.094263
v -0.449859 -0.035049 0.094263
v -0.449859 -0.028159 0.094263
v -0.448860 -0.027119 0.094263
v -0.447555 -0.026379 0.094263
v -0.446159 -0.025999 0.094263
v -0.242355 0.046071 -0.062737
v -0.236358 0.045881 -0.061735
v -0.236358 0.045031 -0.062237
v -0.454254 -0.024809 -0.091536
v -0.455757 -0.027329 -0.091536
v -0.460555 -0.025329 -0.090036
v -0.458358 -0.021619 -0.090036
v -0.523559 -0.006759 0.086464
v -0.526260 -0.009529 0.086264
v -0.572059 -0.187979 0.086264
v -0.451660 -0.016449 0.091965
v -0.458358 -0.014769 0.089964
v -0.455360 -0.018589 0.091965
v -0.453559 -0.011999 0.089964
v -0.459358 0.009781 -0.084536
v -0.471458 0.003591 -0.084536
v -0.472259 0.004661 -0.083237
v -0.459754 0.011031 -0.083237
v -0.342559 -0.039679 0.096563
v -0.311958 -0.039669 0.095663
v -0.311256 -0.037849 0.096264
v -0.455955 0.077691 -0.060137
v -0.455955 0.085171 -0.054836
v -0.431358 0.085181 -0.055037
v -0.457458 0.026041 -0.061735
v -0.457954 0.026041 -0.060736
v -0.457557 0.069201 -0.060736
v -0.457458 0.077201 -0.058935
v -0.457054 0.077571 -0.059937
v -0.449653 -0.021279 0.093365
v -0.455360 -0.018589 0.091965
v -0.452155 -0.022739 0.093365
v -0.451660 -0.016449 0.091965
v -0.266258 0.043801 0.079864
v -0.261756 0.042811 0.080765
v -0.261756 0.043801 0.079864
v -0.266258 0.042801 0.080765
v -0.261756 0.041741 0.080765
v -0.261756 0.042811 0.080765
v -0.523559 -0.006759 0.086464
v -0.572059 -0.187979 0.086264
v -0.569358 -0.187979 0.086464
v -0.457458 0.026041 -0.061735
v -0.457557 0.069201 -0.060736
v -0.457054 0.069321 -0.061735
v -0.450660 -0.041379 -0.091536
v -0.451660 -0.046769 -0.090036
v -0.453758 -0.045539 -0.090036
v -0.449653 -0.041939 -0.091536
v -0.309158 0.000061 0.095663
v -0.308158 -0.002679 0.095663
v -0.301460 -0.001309 0.080564
v -0.306457 -0.009109 0.095663
v -0.298858 -0.010479 0.080564
v -0.306159 -0.011839 0.095663
v -0.306159 -0.018379 0.095663
v -0.298858 -0.010479 -0.078636
v -0.298057 -0.019749 -0.078636
v -0.306159 -0.018379 -0.093737
v -0.306358 -0.021119 -0.093737
v -0.307754 -0.027659 -0.093737
v -0.298957 -0.029029 -0.078636
v -0.308555 -0.030399 -0.093737
v -0.311256 -0.037849 -0.094336
v -0.301658 -0.038299 -0.078636
v -0.311958 -0.039669 -0.093737
v -0.301658 -0.038299 -0.078636
v -0.315055 -0.046209 -0.093737
v -0.305953 -0.047579 -0.078636
v -0.316856 -0.048949 -0.093737
v -0.321555 -0.055489 -0.093737
v -0.448654 -0.056899 -0.085537
v -0.455154 -0.055179 -0.085537
v -0.454360 -0.053199 -0.086737
v -0.453460 -0.051219 -0.088036
v -0.448158 -0.052659 -0.088036
v -0.328658 -0.064129 -0.093836
v -0.319854 -0.067079 -0.078636
v -0.334060 -0.070029 -0.094637
v -0.323860 -0.058219 -0.093737
v -0.323860 -0.058219 -0.093737
v -0.311759 -0.056859 -0.078636
v -0.321555 -0.055489 -0.093737
v -0.305953 -0.047579 -0.078636
v -0.346954 -0.087459 0.080564
v -0.343955 -0.079809 0.096563
v -0.346053 -0.080559 0.096563
v -0.342857 -0.086049 0.080564
v 0.005341 -0.054279 0.066164
v -0.022659 -0.091809 0.086365
v 0.003342 -0.100989 0.086365
v -0.456260 0.079421 0.001764
v -0.455955 0.079431 0.001764
v -0.444854 0.080601 -0.010635
v -0.311256 -0.037849 0.096264
v -0.342056 -0.036939 0.096563
v -0.342559 -0.039679 0.096563
v -0.334060 -0.070029 0.096563
v -0.336860 -0.082009 0.080564
v -0.319854 -0.067079 0.080564
v -0.444854 0.080601 0.014263
v -0.455955 0.079431 0.001764
v -0.456260 0.079421 0.001764
v -0.312957 0.006701 0.096563
v -0.331756 0.009431 0.096563
v -0.332557 0.006701 0.096563
v -0.315460 0.009441 0.096563
v -0.308158 -0.002679 0.096563
v -0.334358 0.000161 0.096563
v -0.335060 -0.002579 0.096563
v -0.309158 0.000061 0.096563
v -0.306159 -0.011839 0.096563
v -0.336555 -0.009119 0.096563
v -0.337058 -0.011849 0.096563
v -0.306457 -0.009109 0.096563
v -0.306358 -0.021119 0.096563
v -0.338455 -0.018389 0.096563
v -0.339057 -0.021129 0.096563
v -0.306159 -0.018379 0.096563
v -0.308555 -0.030389 0.096563
v -0.340354 -0.027669 0.096563
v -0.340858 -0.030399 0.096563
v -0.307754 -0.027659 0.096563
v -0.316856 -0.048949 0.096563
v -0.343757 -0.046219 0.096563
v -0.344154 -0.048949 0.096563
v -0.315055 -0.046209 0.096563
v -0.323860 -0.058219 0.096563
v -0.345260 -0.055489 0.096563
v -0.345855 -0.058229 0.096563
v -0.321555 -0.055489 0.096563
v -0.329254 0.013441 0.096563
v -0.318260 0.011441 0.096563
v -0.322860 0.013441 0.096563
v -0.330459 0.011441 0.096563
v -0.334060 -0.070029 0.096563
v -0.328658 -0.064129 0.096563
v -0.346855 -0.064129 0.096563
v -0.348457 -0.070039 0.096563
v -0.341659 -0.078139 0.096563
v -0.343955 -0.079809 0.096563
v -0.346053 -0.080559 0.096563
v -0.348457 -0.080329 0.096563
v -0.350555 -0.078809 0.096563
v -0.350860 -0.076499 0.096563
v -0.496658 0.023521 -0.014036
v -0.502654 0.017201 -0.022337
v -0.501060 0.016171 -0.019636
v -0.507453 0.009841 -0.023037
v -0.452155 -0.022739 -0.091536
v -0.454254 -0.024809 -0.091536
v -0.458358 -0.021619 -0.090036
v -0.455360 -0.018589 -0.090036
v -0.451660 -0.046769 -0.090036
v -0.448158 -0.052659 -0.088036
v -0.453460 -0.051219 -0.088036
v -0.447555 -0.047879 -0.090036
v -0.441955 -0.036099 0.094263
v -0.444259 -0.032489 0.094263
v -0.443260 -0.036839 0.094263
v -0.444656 -0.037219 0.094263
v -0.441055 -0.041929 0.093365
v -0.443260 -0.036839 0.094263
v -0.443954 -0.042689 0.093365
v -0.446159 -0.037219 0.094263
v -0.447555 -0.036829 0.094263
v -0.443954 -0.042689 0.093365
v -0.446853 -0.042689 0.093365
v -0.443260 -0.047879 0.091965
v -0.447555 -0.047879 0.091965
v -0.442558 -0.052649 0.089964
v -0.448158 -0.052659 0.089964
v -0.442054 -0.056899 0.087463
v -0.448654 -0.056899 0.087463
v -0.443954 -0.042689 0.093365
v -0.439056 -0.046769 0.091965
v -0.443260 -0.047879 0.091965
v -0.447555 -0.036829 0.094263
v -0.446853 -0.042689 0.093365
v -0.449653 -0.041939 0.093365
v -0.449653 -0.041939 0.093365
v -0.447555 -0.047879 0.091965
v -0.451660 -0.046769 0.091965
v -0.447555 -0.036829 0.094263
v -0.450660 -0.041379 0.093365
v -0.403159 0.038771 0.078363
v -0.402358 0.037611 0.079464
v -0.348358 0.042651 0.079763
v -0.455360 -0.018589 -0.090036
v -0.458358 -0.021619 -0.090036
v -0.462257 -0.018689 -0.088036
v -0.458358 -0.014769 -0.088036
v -0.453559 -0.011999 -0.088036
v -0.460960 -0.011379 -0.085537
v -0.455154 -0.008049 -0.085537
v -0.344856 -0.058229 0.095663
v -0.328658 -0.064129 0.095663
v -0.323860 -0.058219 0.095663
v -0.345855 -0.064129 0.095663
v -0.315460 0.009441 0.095663
v -0.329460 0.011441 0.095663
v -0.330757 0.009431 0.095663
v -0.318260 0.011441 0.095663
v -0.333457 0.000161 0.095663
v -0.312957 0.006701 0.095663
v -0.331657 0.006701 0.095663
v -0.309158 0.000061 0.095663
v -0.335655 -0.009119 0.095663
v -0.308158 -0.002679 0.095663
v -0.334060 -0.002579 0.095663
v -0.306457 -0.009109 0.095663
v -0.337554 -0.018389 0.095663
v -0.306159 -0.011839 0.095663
v -0.336059 -0.011849 0.095663
v -0.306159 -0.018379 0.095663
v -0.339355 -0.027669 0.095663
v -0.306358 -0.021119 0.095663
v -0.338058 -0.021129 0.095663
v -0.307754 -0.027659 0.095663
v -0.342758 -0.046219 0.095663
v -0.311958 -0.039669 0.095663
v -0.341560 -0.039679 0.095663
v -0.315055 -0.046209 0.095663
v -0.344253 -0.055489 0.095663
v -0.316856 -0.048949 0.095663
v -0.343253 -0.048949 0.095663
v -0.321555 -0.055489 0.095663
v -0.341056 -0.036939 0.095663
v -0.308555 -0.030399 0.095663
v -0.339858 -0.030399 0.095663
v -0.457656 0.078011 0.015465
v -0.457260 0.078841 0.001764
v -0.457458 0.078351 0.001764
v -0.457260 0.078841 0.001764
v -0.457160 0.078711 0.014765
v -0.457458 0.078351 0.001764
v -0.457656 0.091141 0.015764
v -0.457656 0.091141 0.019964
v -0.457160 0.092201 0.014664
v -0.457160 0.092201 0.019964
v -0.346954 -0.087459 0.080564
v -0.348457 -0.080329 0.096563
v -0.349754 -0.087459 0.080564
v -0.341659 -0.078139 0.096563
v -0.342857 -0.086049 0.080564
v -0.336860 -0.082009 0.080564
v -0.446456 -0.083219 -0.083635
v -0.478553 -0.187809 -0.080236
v -0.452255 -0.082299 -0.080135
v -0.446456 -0.083219 -0.083635
v -0.472556 -0.187539 -0.083635
v -0.478553 -0.187809 -0.080236
v -0.298858 -0.010479 -0.078636
v -0.306159 -0.018379 -0.093737
v -0.306159 -0.011839 -0.093737
v -0.306457 -0.009109 -0.093737
v -0.301460 -0.001309 -0.078636
v -0.308158 -0.002679 -0.093737
v -0.309158 0.000061 -0.093737
v -0.346954 -0.087459 -0.078636
v -0.343955 -0.079809 -0.094637
v -0.342857 -0.086049 -0.078636
v -0.346053 -0.080559 -0.094637
v -0.449653 -0.021279 0.093365
v -0.447555 -0.026379 0.094263
v -0.446853 -0.020529 0.093365
v -0.446853 -0.020529 0.093365
v -0.451660 -0.016449 0.091965
v -0.447555 -0.015339 0.091965
v -0.455955 0.077691 -0.060137
v -0.457054 0.069321 -0.061735
v -0.457054 0.077571 -0.059937
v -0.334060 -0.070029 -0.094637
v -0.319854 -0.067079 -0.078636
v -0.336860 -0.082009 -0.078636
v -0.426353 -0.073599 0.085163
v -0.437255 -0.073749 0.086464
v -0.436958 -0.075039 0.085163
v -0.426856 -0.072349 0.086464
v -0.341659 -0.078139 0.096563
v -0.343955 -0.079809 0.096563
v -0.342857 -0.086049 0.080564
v -0.451660 -0.016449 -0.090036
v -0.455360 -0.018589 -0.090036
v -0.458358 -0.014769 -0.088036
v -0.453559 -0.011999 -0.088036
v -0.341056 -0.036939 0.095663
v -0.311256 -0.037849 0.096264
v -0.308555 -0.030399 0.095663
v -0.334060 -0.070029 0.096563
v -0.341659 -0.078139 0.096563
v -0.336860 -0.082009 0.080564
v -0.346954 -0.087459 0.080564
v -0.346053 -0.080559 0.096563
v -0.348457 -0.080329 0.096563
v -0.436958 -0.075039 0.085163
v -0.445854 -0.075119 0.086464
v -0.445960 -0.076449 0.085163
v -0.437255 -0.073749 0.086464
v -0.447555 -0.015339 0.091965
v -0.453559 -0.011999 0.089964
v -0.451660 -0.016449 0.091965
v -0.448158 -0.010559 0.089865
v -0.341659 -0.078139 -0.094637
v -0.336860 -0.082009 -0.078636
v -0.342857 -0.086049 -0.078636
v -0.342559 -0.039679 -0.094637
v -0.311256 -0.037849 -0.094336
v -0.311958 -0.039669 -0.093737
v -0.346954 -0.087459 -0.078636
v -0.349754 -0.087459 -0.078636
v -0.348457 -0.080329 -0.094637
v -0.449653 -0.021279 -0.091536
v -0.452155 -0.022739 -0.091536
v -0.455360 -0.018589 -0.090036
v -0.451660 -0.016449 -0.090036
v -0.450553 -0.033749 -0.092436
v -0.454254 -0.038419 -0.091536
v -0.449859 -0.035049 -0.092436
v -0.453460 -0.039199 -0.091536
v -0.454254 -0.038419 -0.091536
v -0.449859 -0.028159 -0.092436
v -0.454254 -0.024809 -0.091536
v -0.448860 -0.027119 -0.092436
v -0.452155 -0.022739 -0.091536
v -0.447555 -0.026379 -0.092436
v -0.449653 -0.021279 -0.091536
v -0.446555 -0.030719 -0.092436
v -0.450553 -0.033749 -0.092436
v -0.449859 -0.035049 -0.092436
v -0.449859 -0.028159 -0.092436
v -0.448860 -0.027119 -0.092436
v -0.447555 -0.026379 -0.092436
v -0.446159 -0.025999 -0.092436
v -0.444656 -0.025999 -0.092436
v -0.443260 -0.026379 -0.092436
v -0.502654 0.017201 0.025965
v -0.501060 0.016171 0.023264
v -0.507453 0.009841 0.026665
v -0.496658 0.023521 0.017664
v -0.523559 -0.006759 -0.082836
v -0.572059 -0.187979 -0.082636
v -0.526260 -0.009529 -0.082636
v -0.341659 -0.078139 -0.094637
v -0.342857 -0.086049 -0.078636
v -0.343955 -0.079809 -0.094637
v -0.117057 -0.186789 0.080864
v -0.042556 -0.064409 0.086365
v -0.050056 -0.043919 0.087164
v -0.022659 -0.091809 0.086365
v 0.003640 -0.186759 0.083763
v 0.003747 -0.189349 0.081163
v 0.003640 -0.186759 0.083763
v 0.003640 -0.186759 0.083763
v 0.747040 -0.189169 0.081064
v 0.746941 -0.186579 0.083664
v 0.743943 -0.101609 0.086165
v 0.743943 -0.101609 0.086165
v 0.003342 -0.100989 0.086365
v -0.493560 0.026791 -0.002537
v -0.496658 0.023521 -0.014036
v -0.495254 0.021881 -0.011637
v -0.525955 -0.007429 -0.025137
v -0.556960 -0.040289 -0.025137
v -0.556457 -0.041539 -0.022837
v -0.565254 -0.114869 -0.062536
v -0.553558 -0.114439 -0.061537
v -0.565856 -0.114439 -0.061537
v -0.552459 -0.114869 -0.062536
v -0.548759 -0.114649 -0.068337
v -0.561859 -0.114649 -0.068337
v -0.560859 -0.114989 -0.069737
v -0.548454 -0.114989 -0.069737
v -0.448158 -0.010559 0.089865
v -0.455154 -0.008049 0.087463
v -0.453559 -0.011999 0.089964
v -0.448760 -0.006319 0.087463
v -0.334060 -0.070029 -0.094637
v -0.336860 -0.082009 -0.078636
v -0.341659 -0.078139 -0.094637
v -0.523559 -0.006759 -0.082836
v -0.569358 -0.187979 -0.082836
v -0.572059 -0.187979 -0.082636
v -0.307754 0.008071 0.080564
v -0.309158 0.000061 0.095663
v -0.301460 -0.001309 0.080564
v -0.311256 -0.037849 -0.094336
v -0.342559 -0.039679 -0.094637
v -0.342056 -0.036939 -0.094637
v -0.346954 -0.087459 -0.078636
v -0.348457 -0.080329 -0.094637
v -0.346053 -0.080559 -0.094637
v -0.456054 0.069371 0.065865
v -0.405456 0.062021 0.065865
v -0.412254 0.069001 0.065664
v -0.421455 0.077701 0.063965
v -0.421455 0.077701 0.063965
v -0.455955 0.077691 0.063765
v -0.431358 0.085181 0.058664
v -0.431358 0.085181 0.058664
v -0.455955 0.085171 0.058464
v -0.312957 0.006701 -0.094637
v -0.331756 0.009431 -0.094637
v -0.315460 0.009441 -0.094637
v -0.332557 0.006701 -0.094637
v -0.308158 -0.002679 -0.094637
v -0.334358 0.000161 -0.094637
v -0.309158 0.000061 -0.094637
v -0.335059 -0.002579 -0.094637
v -0.306159 -0.011839 -0.094637
v -0.336555 -0.009119 -0.094637
v -0.306457 -0.009109 -0.094637
v -0.337058 -0.011849 -0.094637
v -0.306358 -0.021119 -0.094637
v -0.338455 -0.018389 -0.094637
v -0.306159 -0.018379 -0.094637
v -0.339057 -0.021129 -0.094637
v -0.308555 -0.030399 -0.094637
v -0.340354 -0.027669 -0.094637
v -0.307754 -0.027659 -0.094637
v -0.340858 -0.030399 -0.094637
v -0.316856 -0.048949 -0.094637
v -0.343757 -0.046219 -0.094637
v -0.315055 -0.046209 -0.094637
v -0.344154 -0.048949 -0.094637
v -0.323860 -0.058219 -0.094637
v -0.345260 -0.055489 -0.094637
v -0.321555 -0.055489 -0.094637
v -0.345855 -0.058229 -0.094637
v -0.329253 0.013441 -0.094637
v -0.318260 0.011441 -0.094637
v -0.330459 0.011441 -0.094637
v -0.322860 0.013441 -0.094637
v -0.348457 -0.070039 -0.094637
v -0.350555 -0.078809 -0.094637
v -0.350860 -0.076499 -0.094637
v -0.348457 -0.080329 -0.094637
v -0.346053 -0.080559 -0.094637
v -0.343955 -0.079809 -0.094637
v -0.341659 -0.078139 -0.094637
v -0.334060 -0.070029 -0.094637
v -0.346855 -0.064129 -0.094637
v -0.328658 -0.064129 -0.094637
v -0.307754 0.008071 0.080564
v -0.312957 0.006701 0.095663
v -0.309158 0.000061 0.095663
v -0.443260 -0.047879 0.091965
v -0.442558 -0.052649 0.089964
v -0.437255 -0.051219 0.089964
v -0.439056 -0.046769 0.091965
v -0.445960 0.011921 0.086464
v -0.445960 0.013231 0.085163
v -0.459754 0.011031 0.085163
v -0.459358 0.009781 0.086464
v -0.426353 -0.073599 -0.083237
v -0.437255 -0.073749 -0.084536
v -0.426856 -0.072349 -0.084536
v -0.436958 -0.075039 -0.083237
v -0.493560 0.026791 -0.002537
v -0.495254 0.021881 -0.011637
v -0.492454 0.024731 -0.003136
v -0.496658 0.023521 -0.014036
v -0.501060 0.016171 -0.019636
v -0.524154 -0.007489 -0.022837
v -0.508560 0.010981 -0.024836
v -0.525955 -0.007429 -0.025137
v -0.344856 -0.058229 -0.093836
v -0.328658 -0.064129 -0.093836
v -0.345855 -0.064129 -0.093836
v -0.323860 -0.058219 -0.093737
v -0.315460 0.009441 -0.093737
v -0.329459 0.011441 -0.093737
v -0.318260 0.011441 -0.093737
v -0.330756 0.009431 -0.093737
v -0.333457 0.000161 -0.093737
v -0.312957 0.006701 -0.093737
v -0.309158 0.000061 -0.093737
v -0.331657 0.006701 -0.093737
v -0.335655 -0.009119 -0.093737
v -0.308158 -0.002679 -0.093737
v -0.306457 -0.009109 -0.093737
v -0.334060 -0.002579 -0.093737
v -0.337554 -0.018389 -0.093737
v -0.306159 -0.011839 -0.093737
v -0.306159 -0.018379 -0.093737
v -0.336158 -0.011849 -0.093737
v -0.339355 -0.027669 -0.093737
v -0.306358 -0.021119 -0.093737
v -0.307754 -0.027659 -0.093737
v -0.338058 -0.021129 -0.093737
v -0.342758 -0.046219 -0.093836
v -0.311958 -0.039669 -0.093737
v -0.315055 -0.046209 -0.093737
v -0.341560 -0.039679 -0.093737
v -0.344253 -0.055489 -0.093836
v -0.316856 -0.048949 -0.093737
v -0.321555 -0.055489 -0.093737
v -0.343253 -0.048949 -0.093836
v -0.341056 -0.036939 -0.093737
v -0.339858 -0.030399 -0.093737
v -0.308555 -0.030399 -0.093737
v -0.460357 -0.048429 0.087864
v -0.457755 -0.050449 0.087864
v -0.456855 -0.049269 0.087864
v -0.459457 -0.047259 0.087864
v -0.453956 -0.045449 0.087864
v -0.456558 -0.043439 0.087864
v -0.450759 -0.041289 0.087864
v -0.453353 -0.039289 0.087864
v -0.447654 -0.036759 0.087864
v -0.449760 -0.035129 0.087864
v -0.446456 -0.030789 0.087864
v -0.444358 -0.032429 0.087864
v -0.443160 -0.026449 0.087864
v -0.440955 -0.028089 0.087864
v -0.437454 -0.023929 0.087864
v -0.440055 -0.021919 0.087864
v -0.434257 -0.019769 0.087864
v -0.436859 -0.017769 0.087864
v -0.431259 -0.015949 0.087864
v -0.433959 -0.013939 0.087864
v -0.430358 -0.014789 0.087864
v -0.433059 -0.012759 0.087864
v -0.508460 -0.187889 -0.080236
v -0.478660 -0.068539 -0.077137
v -0.478660 -0.068539 -0.080135
v -0.508460 -0.187889 -0.077335
v -0.441955 -0.036099 0.094263
v -0.438560 -0.040469 0.093365
v -0.436553 -0.038409 0.093365
v -0.441055 -0.041929 0.093365
v -0.439758 -0.032339 0.094263
v -0.434257 -0.030139 0.093365
v -0.439758 -0.030859 0.094263
v -0.435058 -0.027319 0.093365
v -0.440154 -0.029439 0.094263
v -0.436553 -0.024799 0.093365
v -0.440856 -0.028159 0.094263
v -0.437255 -0.024009 0.093365
v -0.440154 -0.029439 0.094263
v -0.440856 -0.028159 0.094263
v -0.440154 -0.033769 0.094263
v -0.440856 -0.035049 0.094263
v -0.493560 0.026791 0.006165
v -0.495254 0.021881 0.015264
v -0.496658 0.023521 0.017664
v -0.525955 -0.007429 -0.025137
v -0.556457 -0.041539 -0.022837
v -0.524154 -0.007489 -0.022837
v -0.436958 -0.075039 -0.083237
v -0.445854 -0.075119 -0.084536
v -0.437255 -0.073749 -0.084536
v -0.445960 -0.076449 -0.083237
v -0.455154 -0.055179 0.087463
v -0.448654 -0.056899 0.086365
v -0.448654 -0.056899 0.087463
v -0.455154 -0.055179 0.086365
v -0.460853 -0.051849 0.087463
v -0.455154 -0.055179 0.087463
v -0.460853 -0.051849 0.086365
v -0.465659 -0.047149 0.087463
v -0.460853 -0.051849 0.087463
v -0.465659 -0.047149 0.086365
v -0.468955 -0.041379 0.087463
v -0.465659 -0.047149 0.087463
v -0.468955 -0.041379 0.086365
v -0.470657 -0.034949 0.087463
v -0.468955 -0.041379 0.087463
v -0.470657 -0.034949 0.086365
v -0.470657 -0.028289 0.087463
v -0.470657 -0.028289 0.086365
v -0.470657 -0.034949 0.087463
v -0.307754 0.008071 -0.078636
v -0.301460 -0.001309 -0.078636
v -0.309158 0.000061 -0.093737
v -0.447555 -0.026379 -0.092436
v -0.449653 -0.021279 -0.091536
v -0.446853 -0.020529 -0.091536
v -0.446853 -0.020529 -0.091536
v -0.451660 -0.016449 -0.090036
v -0.447555 -0.015339 -0.090036
v -0.307754 0.008071 -0.078636
v -0.309158 0.000061 -0.093737
v -0.312957 0.006701 -0.093737
v -0.439758 -0.032339 -0.092436
v -0.439758 -0.030869 -0.092436
v -0.434257 -0.030139 -0.091536
v -0.435058 -0.027329 -0.091536
v -0.440154 -0.029439 -0.092436
v -0.436553 -0.024799 -0.091536
v -0.440856 -0.028159 -0.092436
v -0.437255 -0.024009 -0.091536
v -0.444259 -0.032499 -0.092436
v -0.440154 -0.029439 -0.092436
v -0.440856 -0.028159 -0.092436
v -0.440154 -0.033769 -0.092436
v -0.440856 -0.035049 -0.092436
v -0.441955 -0.036099 -0.092436
v -0.443260 -0.036839 -0.092436
v -0.444656 -0.037219 -0.092436
v -0.443260 -0.036839 -0.092436
v -0.441055 -0.041929 -0.091536
v -0.443954 -0.042689 -0.091536
v -0.443954 -0.042689 -0.091536
v -0.439056 -0.046769 -0.090036
v -0.439056 -0.046769 -0.090036
v -0.443260 -0.047879 -0.090036
v -0.446159 -0.037219 -0.092436
v -0.447555 -0.036829 -0.092436
v -0.443954 -0.042689 -0.091536
v -0.446853 -0.042689 -0.091536
v -0.443260 -0.047879 -0.090036
v -0.447555 -0.047879 -0.090036
v -0.442558 -0.052649 -0.088036
v -0.448158 -0.052659 -0.088036
v -0.442054 -0.056899 -0.085537
v -0.448654 -0.056899 -0.085537
v -0.447555 -0.036829 -0.092436
v -0.446853 -0.042689 -0.091536
v -0.449653 -0.041939 -0.091536
v -0.449653 -0.041939 -0.091536
v -0.447555 -0.047879 -0.090036
v -0.451660 -0.046769 -0.090036
v -0.447555 -0.036829 -0.092436
v -0.450660 -0.041379 -0.091536
v -0.487357 -0.045069 0.086464
v -0.487357 -0.018169 0.086464
v -0.489456 -0.031619 0.086464
v -0.481155 -0.006039 0.086464
v -0.481155 -0.057199 0.086464
v -0.471458 0.003591 0.086464
v -0.471458 -0.066829 0.086464
v -0.459358 0.009781 0.086464
v -0.459358 -0.072999 0.086464
v -0.445960 0.011921 0.086464
v -0.445854 -0.075119 0.086464
v -0.437255 0.011951 0.086464
v -0.437255 -0.073749 0.086464
v -0.424758 0.011931 0.086464
v -0.426856 -0.072349 0.086464
v -0.329360 0.012131 0.086365
v -0.335258 -0.029749 0.086464
v -0.441055 -0.041929 0.093365
v -0.435356 -0.044619 0.091965
v -0.438560 -0.040469 0.093365
v -0.439056 -0.046769 0.091965
v -0.523559 -0.006759 0.086464
v -0.480560 0.036311 0.086365
v -0.491355 0.025921 0.086365
v -0.310554 0.053581 0.053364
v -0.334457 0.046041 0.066364
v -0.323959 0.046041 0.066364
v -0.523559 -0.006759 0.086464
v -0.535255 -0.187969 0.086464
v -0.480560 0.036311 0.086365
v -0.523559 -0.006759 0.086464
v -0.569358 -0.187979 0.086464
v -0.535255 -0.187969 0.086464
v -0.444656 -0.025999 0.094263
v -0.443260 -0.026379 0.094263
v -0.446853 -0.020529 0.093365
v -0.443954 -0.020519 0.093365
v -0.447555 -0.015339 0.091965
v -0.443260 -0.015339 0.091965
v -0.448158 -0.010559 0.089865
v -0.442657 -0.010559 0.089865
v -0.448760 -0.006319 0.087463
v -0.442054 -0.006319 0.087463
v -0.443260 -0.026379 0.094263
v -0.443954 -0.020519 0.093365
v -0.441154 -0.021279 0.093365
v -0.443954 -0.020519 0.093365
v -0.441154 -0.021279 0.093365
v -0.443260 -0.015339 0.091965
v -0.439155 -0.016439 0.091965
v -0.443260 -0.026379 0.094263
v -0.440154 -0.021829 0.093365
v -0.266258 0.042801 0.080765
v -0.266258 0.042831 0.087263
v -0.280860 -0.017969 0.087164
v -0.280860 -0.017969 0.080664
v -0.323158 -0.187369 0.080864
v -0.280860 -0.017969 -0.083635
v -0.280860 -0.017969 -0.077036
v -0.323158 -0.187369 -0.077236
v -0.266258 0.042801 -0.077137
v -0.266258 0.042831 -0.083635
v -0.341056 -0.036939 -0.093737
v -0.308555 -0.030399 -0.093737
v -0.311256 -0.037849 -0.094336
v -0.447555 -0.015339 -0.090036
v -0.453559 -0.011999 -0.088036
v -0.448158 -0.010559 -0.088036
v -0.451660 -0.016449 -0.090036
v -0.442558 -0.052649 0.089964
v -0.435653 -0.055169 0.087463
v -0.437255 -0.051219 0.089964
v -0.442054 -0.056899 0.087463
v -0.280860 -0.017969 -0.083635
v -0.323158 -0.187369 -0.077236
v -0.323158 -0.187539 -0.083635
v -0.272254 0.059111 0.040264
v -0.304054 0.059121 0.040264
v -0.310554 0.053581 0.053364
v -0.272254 0.046061 0.066364
v -0.323959 0.046041 0.066364
v -0.272254 0.053591 0.053364
v -0.272254 0.046061 0.066364
v -0.266258 0.046061 0.066364
v -0.266258 0.053591 0.053364
v -0.266258 0.059111 0.040264
v -0.242355 0.046071 0.066364
v -0.242355 0.053601 0.053364
v -0.242355 0.059121 0.040264
v -0.236358 0.046071 0.066364
v -0.236358 0.053601 0.053364
v -0.236358 0.059121 0.040264
v -0.060157 0.046111 0.066364
v -0.060157 0.053651 0.053265
v -0.052253 0.046111 0.066364
v -0.060157 0.059171 0.040264
v -0.052253 0.053641 0.053265
v -0.052253 0.059171 0.040264
v -0.348457 -0.080329 0.096563
v -0.352355 -0.086229 0.081064
v -0.349754 -0.087459 0.080564
v -0.507453 0.009841 -0.023037
v -0.502654 0.017201 -0.022337
v -0.508560 0.010981 -0.024836
v -0.457557 0.069201 0.064264
v -0.457458 0.077201 0.062565
v -0.457954 0.026041 0.063765
v -0.314353 0.007621 0.080664
v -0.435958 0.008401 0.080664
v -0.430854 0.007831 0.080765
v -0.060157 0.046111 -0.062736
v -0.052253 0.045351 -0.063436
v -0.060157 0.045351 -0.063436
v -0.052253 0.046111 -0.062736
v -0.457557 0.069201 -0.060736
v -0.457954 0.026041 -0.060236
v -0.457458 0.077201 -0.058935
v -0.286857 -0.017969 0.083763
v -0.329154 -0.187389 0.080864
v -0.323158 -0.187369 0.080864
v -0.457458 0.083641 -0.054836
v -0.457855 0.026031 -0.054836
v -0.457855 0.026031 -0.047537
v -0.457458 0.077201 -0.058935
v -0.457954 0.026041 -0.060236
v -0.457557 0.069201 -0.060736
v -0.457954 0.026041 -0.060736
v -0.457458 0.089051 -0.047436
v -0.457755 0.026031 -0.039335
v -0.457656 0.091141 -0.016336
v -0.457458 0.091141 -0.039335
v -0.456954 0.092211 -0.039335
v -0.457160 0.092201 -0.016336
v -0.457160 0.092201 -0.011036
v -0.457656 0.091141 -0.012136
v -0.457160 0.092201 -0.011036
v -0.457656 0.078011 -0.011837
v -0.457458 0.078351 0.001764
v -0.457160 0.078711 -0.011137
v -0.457260 0.078841 0.001764
v -0.457458 0.078351 0.001764
v -0.456954 0.092211 0.042864
v -0.457458 0.091141 0.042864
v -0.457755 0.026031 0.042963
v -0.457855 0.026031 0.051064
v -0.457458 0.089051 0.051064
v -0.457855 0.026041 0.058464
v -0.457458 0.083641 0.058464
v -0.457954 0.026041 0.063765
v -0.457458 0.077201 0.062565
v -0.457954 0.026041 0.064363
v -0.457557 0.069201 0.064264
v -0.448158 -0.010559 -0.088036
v -0.455154 -0.008049 -0.085537
v -0.448760 -0.006319 -0.085537
v -0.453559 -0.011999 -0.088036
v -0.315460 0.009441 0.095663
v -0.312957 0.006701 0.095663
v -0.307754 0.008071 0.080564
v -0.565757 -0.113379 -0.061035
v -0.560653 -0.093479 -0.061436
v -0.561660 -0.091739 -0.062937
v -0.560760 -0.092019 -0.060837
v -0.561859 -0.090469 -0.062136
v -0.496658 0.023521 0.017664
v -0.495254 0.021881 0.015264
v -0.501060 0.016171 0.023264
v -0.493560 0.026791 0.006165
v -0.492454 0.024731 0.006763
v -0.457458 0.077201 -0.058935
v -0.457855 0.026031 -0.054836
v -0.457458 0.083641 -0.054836
v -0.457458 0.083641 -0.054836
v -0.457855 0.026031 -0.047537
v -0.457458 0.089051 -0.047436
v -0.457458 0.089051 -0.047436
v -0.457755 0.026031 -0.039335
v -0.457458 0.091141 -0.039335
v -0.457458 0.083641 0.058464
v -0.457458 0.089051 0.051064
v -0.457855 0.026031 0.051064
v -0.457458 0.077201 0.062565
v -0.457458 0.083641 0.058464
v -0.457855 0.026041 0.058464
v -0.445960 0.011921 -0.084536
v -0.459358 0.009781 -0.084536
v -0.459754 0.011031 -0.083237
v -0.445960 0.013231 -0.083237
v -0.022659 -0.091809 0.086365
v -0.019157 -0.054229 0.065964
v -0.038558 -0.051109 0.066963
v -0.493255 0.027161 0.001764
v -0.492454 0.024731 -0.003136
v -0.492156 0.025271 0.001863
v -0.556457 -0.041539 -0.022837
v -0.556960 -0.040289 -0.025137
v -0.558059 -0.041289 -0.025137
v -0.457755 0.026031 -0.039335
v -0.457656 0.078011 -0.011837
v -0.457656 0.091141 -0.016336
v -0.457755 0.026031 0.042963
v -0.457656 0.091141 0.019964
v -0.457656 0.078011 0.015465
v -0.457458 0.078351 0.001764
v -0.457656 0.078011 -0.011837
v -0.457656 0.027121 0.001764
v -0.272254 0.063151 0.027264
v -0.299659 0.063141 0.027264
v -0.304054 0.059121 0.040264
v -0.272254 0.059111 0.040264
v -0.266258 0.059111 0.040264
v -0.266258 0.063151 0.027264
v -0.242355 0.063161 0.027264
v -0.242355 0.059121 0.040264
v -0.236358 0.059121 0.040264
v -0.236358 0.063161 0.027264
v -0.060157 0.059171 0.040264
v -0.060157 0.063211 0.027264
v -0.052253 0.059171 0.040264
v -0.052253 0.063211 0.027164
v -0.457656 0.027121 0.001764
v -0.457755 0.026031 0.042963
v -0.457656 0.078011 0.015465
v -0.457458 0.089051 0.051064
v -0.457458 0.091141 0.042864
v -0.457656 0.078011 -0.011837
v -0.457755 0.026031 -0.039335
v -0.457656 0.027121 0.001764
v -0.457458 0.078351 0.001764
v -0.457656 0.027121 0.001764
v -0.457656 0.078011 0.015465
v -0.493255 0.027161 0.001764
v -0.492156 0.025271 0.001863
v -0.492454 0.024731 0.006763
v -0.443260 -0.047879 -0.090036
v -0.437255 -0.051219 -0.088036
v -0.442558 -0.052649 -0.088036
v -0.439056 -0.046769 -0.090036
v -0.439056 -0.046769 0.091965
v -0.437255 -0.051219 0.089964
v -0.432456 -0.048439 0.089964
v -0.435356 -0.044619 0.091965
v -0.310554 0.053581 -0.049736
v -0.323959 0.046041 -0.062836
v -0.334457 0.046041 -0.062836
v -0.438560 -0.040469 0.093365
v -0.435356 -0.044619 0.091965
v -0.432357 -0.041589 0.091965
v -0.436553 -0.038409 0.093365
v -0.314353 0.007621 0.080664
v -0.467254 0.026051 0.080664
v -0.435958 0.008401 0.080664
v -0.393958 0.026071 0.080664
v -0.289153 0.026101 0.080664
v -0.272254 0.042831 0.080564
v -0.348358 0.042651 0.079763
v -0.402358 0.037611 0.079464
v -0.272254 0.042831 0.080564
v -0.272254 0.043801 0.079864
v -0.348358 0.042651 0.079763
v -0.272254 0.043801 0.079864
v -0.348358 0.043781 0.079864
v -0.297553 -0.009319 0.080664
v -0.296058 -0.036729 0.080664
v -0.299758 -0.064139 0.080765
v -0.315460 0.009441 -0.093737
v -0.307754 0.008071 -0.078636
v -0.312957 0.006701 -0.093737
v -0.348457 -0.080329 -0.094637
v -0.349754 -0.087459 -0.078636
v -0.352355 -0.086229 -0.079237
v -0.448654 -0.056899 -0.085537
v -0.442054 -0.056899 -0.085537
v -0.442054 -0.056899 -0.084436
v -0.448654 -0.056899 -0.084436
v -0.455154 -0.055179 -0.085537
v -0.448654 -0.056899 -0.085537
v -0.455154 -0.055179 -0.084436
v -0.460853 -0.051849 -0.085537
v -0.455154 -0.055179 -0.085537
v -0.460853 -0.051849 -0.084436
v -0.465659 -0.047149 -0.085537
v -0.460853 -0.051849 -0.085537
v -0.465659 -0.047149 -0.084436
v -0.468955 -0.041379 -0.085537
v -0.465659 -0.047149 -0.085537
v -0.468955 -0.041379 -0.084436
v -0.470657 -0.034949 -0.085537
v -0.468955 -0.041379 -0.085537
v -0.470657 -0.034949 -0.085537
v -0.470657 -0.034949 -0.084436
v -0.470657 -0.028289 -0.085537
v -0.470657 -0.028289 -0.084436
v -0.470657 -0.034949 -0.085537
v -0.432754 -0.012149 0.088663
v -0.430358 -0.014789 0.087864
v -0.429855 -0.014349 0.088663
v -0.432754 -0.012149 0.088663
v -0.433059 -0.012759 0.087864
v -0.430358 -0.014789 0.087864
v -0.478355 0.038361 0.080664
v -0.467254 0.026051 0.080664
v -0.457954 0.038371 0.080765
v -0.329360 0.012131 0.086365
v -0.329254 0.013441 0.085064
v -0.426353 0.013241 0.085163
v -0.424758 0.011931 0.086464
v -0.437057 0.013241 0.085163
v -0.437255 0.011951 0.086464
v -0.445960 0.013231 0.085163
v -0.445960 0.011921 0.086464
v -0.482955 -0.064189 0.080765
v -0.508460 -0.187889 0.080864
v -0.478553 -0.187809 0.080864
v -0.482955 -0.064189 0.080765
v -0.535255 -0.187969 0.080864
v -0.459655 -0.081129 0.080765
v -0.448654 -0.187719 0.080864
v -0.329154 -0.187389 0.080864
v -0.320854 -0.095469 0.080765
v -0.308555 -0.090009 0.080765
v -0.489654 -0.022369 0.080664
v -0.478355 0.038361 0.080664
v -0.482955 -0.009369 0.080664
v -0.472656 0.000951 0.080664
v -0.459655 0.007581 0.080664
v -0.445258 0.009871 0.080664
v -0.478553 -0.187809 0.080864
v -0.459655 -0.081129 0.080765
v -0.482955 -0.064189 0.080765
v -0.448654 -0.187719 0.080864
v -0.423057 -0.085639 0.080765
v -0.459655 -0.081129 0.080765
v -0.320854 -0.095469 0.080765
v -0.423057 -0.085639 0.080765
v -0.448654 -0.187719 0.080864
v -0.256957 -0.018329 0.080664
v -0.260558 -0.001719 0.080765
v -0.280860 -0.017969 0.080664
v -0.263656 -0.044569 0.080765
v -0.280860 -0.017969 0.080664
v -0.299255 -0.187309 0.080864
v -0.263656 -0.044569 0.080765
v -0.257659 -0.044559 0.080765
v -0.299255 -0.187309 0.080864
v -0.263358 -0.187209 0.080864
v -0.227760 -0.044529 0.080765
v -0.221053 -0.018189 0.080664
v -0.052253 -0.017509 0.080664
v -0.052253 0.044551 0.068865
v -0.060455 0.044481 0.068764
v -0.060157 0.045351 0.067064
v -0.221053 -0.018189 0.080664
v -0.236556 0.043901 0.065964
v -0.242355 0.045301 0.067064
v -0.242660 0.044201 0.067364
v -0.256957 -0.018329 0.080664
v -0.249053 0.043771 0.069164
v -0.260558 -0.001719 0.080765
v -0.236358 0.045301 0.067064
v -0.242355 0.045301 0.067064
v -0.242355 0.046071 0.066364
v -0.236358 0.046071 0.066364
v -0.060157 0.045351 0.067064
v -0.060157 0.046111 0.066364
v -0.052253 0.045351 0.067064
v -0.052253 0.046111 0.066364
v -0.052253 0.044551 0.068865
v -0.052253 0.045351 0.067064
v -0.242355 0.046071 0.066364
v -0.248756 0.044861 0.068865
v -0.248756 0.045621 0.068165
v -0.101653 -0.017749 0.080664
v -0.108253 -0.044379 0.080664
v -0.081359 -0.044349 0.080664
v -0.117057 -0.186789 0.080864
v -0.329154 -0.187389 0.080864
v -0.299758 -0.064139 0.080765
v -0.308555 -0.090009 0.080765
v -0.272254 0.042831 0.080564
v -0.299758 -0.064139 0.080765
v -0.329154 -0.187389 0.080864
v -0.272254 0.042831 0.080564
v -0.301055 0.001001 0.080664
v -0.297553 -0.009319 0.080664
v -0.289153 0.026101 0.080664
v -0.301055 0.001001 0.080664
v -0.272254 0.042831 0.080564
v -0.289153 0.026101 0.080664
v -0.314353 0.007621 0.080664
v -0.301055 0.001001 0.080664
v -0.535255 -0.187969 0.080864
v -0.491859 -0.036779 0.080765
v -0.489654 -0.022369 0.080664
v -0.491859 -0.036779 0.080765
v -0.535255 -0.187969 0.080864
v -0.482955 -0.064189 0.080765
v -0.272254 0.059111 -0.036736
v -0.310554 0.053581 -0.049736
v -0.304054 0.059121 -0.036736
v -0.272254 0.046061 -0.062836
v -0.323959 0.046041 -0.062836
v -0.272254 0.053591 -0.049736
v -0.272254 0.046061 -0.062836
v -0.266258 0.046061 -0.062737
v -0.266258 0.053591 -0.049736
v -0.242355 0.046071 -0.062737
v -0.266258 0.059111 -0.036736
v -0.242355 0.053601 -0.049736
v -0.242355 0.053601 -0.049736
v -0.242355 0.059121 -0.036636
v -0.236358 0.053601 -0.049736
v -0.236358 0.059121 -0.036636
v -0.236358 0.045881 -0.061735
v -0.242355 0.046071 -0.062737
v -0.236358 0.053601 -0.049736
v -0.060157 0.046111 -0.062736
v -0.060157 0.053651 -0.049736
v -0.060157 0.046111 -0.062736
v -0.052253 0.046111 -0.062736
v -0.060157 0.059171 -0.036636
v -0.052253 0.053641 -0.049736
v -0.052253 0.059171 -0.036636
v -0.272254 0.066341 0.002165
v -0.266258 0.066341 0.002165
v -0.266456 0.066311 0.001764
v -0.266258 0.065491 0.014263
v -0.272254 0.065491 0.014263
v -0.296859 0.065491 0.014263
v -0.295959 0.066331 0.002165
v -0.242454 0.065501 0.014164
v -0.242454 0.066341 0.002165
v -0.236358 0.065501 0.014164
v -0.236358 0.066341 0.002165
v -0.236556 0.066321 0.001764
v -0.236358 0.065501 0.014164
v -0.060157 0.065551 0.014164
v -0.060157 0.066391 0.002165
v -0.052253 0.065551 0.014164
v -0.052253 0.066391 0.002165
v -0.060157 0.063211 0.027264
v -0.236358 0.063161 0.027264
v -0.060157 0.065551 0.014164
v -0.052253 0.063211 0.027164
v -0.052253 0.065551 0.014164
v -0.242454 0.065501 0.014164
v -0.242355 0.063161 0.027264
v -0.266258 0.063151 0.027264
v -0.266258 0.065491 0.014263
v -0.272254 0.065491 0.014263
v -0.272254 0.063151 0.027264
v -0.296859 0.065491 0.014263
v -0.299659 0.063141 0.027264
v -0.116355 -0.184199 -0.082737
v -0.022659 -0.091809 -0.082737
v -0.008857 -0.098959 -0.082737
v 0.003342 -0.100989 -0.082737
v 0.003640 -0.184169 -0.082737
v 0.743943 -0.101609 -0.082537
v 0.746842 -0.183989 -0.082636
v 0.746941 -0.186579 -0.080036
v 0.003640 -0.186759 -0.080135
v -0.335258 -0.029749 0.086464
v -0.426856 -0.072349 0.086464
v -0.426353 -0.073599 0.085163
v -0.525955 -0.007429 0.028765
v -0.556457 -0.041539 0.026764
v -0.556960 -0.040289 0.028765
v -0.272254 0.066311 0.001764
v -0.272254 0.066341 0.001465
v -0.295959 0.066331 0.001465
v -0.266456 0.066311 0.001764
v -0.295257 0.066301 0.001764
v -0.296058 0.066301 0.001764
v -0.266258 0.066311 0.001764
v -0.266258 0.066341 0.001465
v -0.242454 0.066341 0.001465
v -0.243156 0.066321 0.001764
v -0.242454 0.066321 0.001764
v -0.236556 0.066321 0.001764
v -0.236358 0.066321 0.001764
v -0.236358 0.066341 0.001465
v -0.065658 0.066361 0.001764
v -0.060157 0.066391 0.001465
v -0.060157 0.066361 0.001764
v -0.052253 0.066391 0.001465
v -0.423057 -0.085639 -0.080135
v -0.442657 -0.187539 -0.083635
v -0.448654 -0.187719 -0.080236
v -0.423057 -0.085639 -0.080135
v -0.417259 -0.086199 -0.083635
v -0.442657 -0.187539 -0.083635
v -0.433959 -0.013939 -0.085936
v -0.433059 -0.012759 -0.085936
v -0.430358 -0.014789 -0.085936
v -0.431259 -0.015949 -0.085936
v -0.436859 -0.017769 -0.085936
v -0.434257 -0.019769 -0.085936
v -0.440055 -0.021919 -0.085936
v -0.437454 -0.023929 -0.085936
v -0.443160 -0.026449 -0.085936
v -0.440955 -0.028089 -0.085936
v -0.444358 -0.032429 -0.085936
v -0.446456 -0.030789 -0.085936
v -0.447654 -0.036759 -0.085936
v -0.449760 -0.035129 -0.085936
v -0.453353 -0.039289 -0.085936
v -0.450759 -0.041289 -0.085936
v -0.456558 -0.043439 -0.085936
v -0.453956 -0.045449 -0.085936
v -0.459457 -0.047259 -0.085936
v -0.456855 -0.049269 -0.085936
v -0.460357 -0.048429 -0.085936
v -0.457755 -0.050449 -0.085936
v -0.272254 0.063151 -0.023636
v -0.304054 0.059121 -0.036736
v -0.299659 0.063141 -0.023636
v -0.272254 0.059111 -0.036736
v -0.266258 0.059111 -0.036736
v -0.266258 0.063151 -0.023636
v -0.242355 0.063161 -0.023636
v -0.242355 0.059121 -0.036636
v -0.236358 0.059121 -0.036636
v -0.236358 0.063161 -0.023636
v -0.060157 0.059171 -0.036636
v -0.060157 0.063211 -0.023636
v -0.052253 0.059171 -0.036636
v -0.052253 0.063211 -0.023636
v -0.295959 0.066331 0.002165
v -0.295257 0.066301 0.001764
v -0.296058 0.066301 0.001764
v -0.272254 0.066311 0.001764
v -0.272254 0.066341 0.002165
v -0.266456 0.066311 0.001764
v -0.266258 0.066311 0.001764
v -0.266258 0.066341 0.002165
v -0.242454 0.066341 0.002165
v -0.243156 0.066321 0.001764
v -0.242454 0.066321 0.001764
v -0.236556 0.066321 0.001764
v -0.236358 0.066321 0.001764
v -0.236358 0.066341 0.002165
v -0.065658 0.066361 0.001764
v -0.060157 0.066391 0.002165
v -0.060157 0.066361 0.001764
v -0.052253 0.066391 0.002165
v -0.335258 -0.029749 0.086464
v -0.426353 -0.073599 0.085163
v -0.335456 -0.031299 0.085064
v -0.272254 0.063151 -0.023636
v -0.299659 0.063141 -0.023636
v -0.296859 0.065491 -0.010635
v -0.272254 0.065491 -0.010635
v -0.266258 0.063151 -0.023636
v -0.266258 0.065491 -0.010635
v -0.242454 0.065501 -0.010635
v -0.242355 0.063161 -0.023636
v -0.236358 0.063161 -0.023636
v -0.236358 0.065501 -0.010635
v -0.060157 0.063211 -0.023636
v -0.060157 0.065551 -0.010536
v -0.052253 0.063211 -0.023636
v -0.052253 0.065551 -0.010536
v -0.236358 0.066341 0.001465
v -0.060157 0.065551 -0.010536
v -0.242454 0.066341 0.001465
v -0.236556 0.066321 0.001764
v -0.060157 0.066391 0.001465
v -0.052253 0.065551 -0.010536
v -0.052253 0.066391 0.001465
v -0.236358 0.065501 -0.010635
v -0.242454 0.065501 -0.010635
v -0.266258 0.066341 0.001465
v -0.266258 0.065491 -0.010635
v -0.272254 0.066341 0.001465
v -0.266456 0.066311 0.001764
v -0.272254 0.065491 -0.010635
v -0.296859 0.065491 -0.010635
v -0.295959 0.066331 0.001465
v -0.116355 -0.184199 -0.082737
v -0.046760 -0.053389 -0.082737
v -0.042556 -0.064419 -0.082737
v -0.035056 -0.077259 -0.082737
v -0.022659 -0.091809 -0.082737
v -0.008857 -0.098959 -0.082737
v 0.003640 -0.184169 -0.082737
v 0.003640 -0.186759 -0.080135
v -0.440154 -0.021829 0.093365
v -0.439155 -0.016439 0.091965
v -0.441154 -0.021279 0.093365
v -0.436958 -0.017679 0.091965
v -0.440154 -0.033769 -0.092436
v -0.434257 -0.033059 -0.091536
v -0.435058 -0.035879 -0.091536
v -0.440856 -0.035049 -0.092436
v -0.436553 -0.038409 -0.091536
v -0.441955 -0.036099 -0.092436
v -0.438560 -0.040469 -0.091536
v -0.441055 -0.041929 -0.091536
v -0.441055 -0.041929 -0.091536
v -0.438560 -0.040469 -0.091536
v -0.435356 -0.044619 -0.090036
v -0.439056 -0.046769 -0.090036
v -0.022659 -0.091809 0.086365
v 0.003640 -0.186759 0.083763
v 0.003342 -0.100989 0.086365
v -0.117057 -0.186789 0.080864
v -0.042556 -0.064409 0.086365
v -0.493255 0.027161 0.001764
v -0.493560 0.026791 -0.002537
v -0.492454 0.024731 -0.003136
v -0.426856 -0.072349 -0.084536
v -0.329360 0.012131 -0.084536
v -0.335258 -0.029749 -0.084536
v -0.424758 0.011931 -0.084536
v -0.437255 -0.073749 -0.084536
v -0.437255 0.011951 -0.084536
v -0.445854 -0.075119 -0.084536
v -0.445960 0.011921 -0.084536
v -0.459358 -0.072999 -0.084536
v -0.459358 0.009781 -0.084536
v -0.471458 -0.066829 -0.084536
v -0.471458 0.003591 -0.084536
v -0.481155 -0.057199 -0.084536
v -0.481155 -0.006039 -0.084536
v -0.487357 -0.045069 -0.084536
v -0.487357 -0.018169 -0.084536
v -0.489456 -0.031619 -0.084536
v -0.442558 -0.052649 -0.088036
v -0.435653 -0.055169 -0.085537
v -0.442054 -0.056899 -0.085537
v -0.437255 -0.051219 -0.088036
v -0.508560 0.010981 0.028463
v -0.502654 0.017201 0.025965
v -0.507453 0.009841 0.026665
v -0.446853 -0.020529 -0.091536
v -0.443954 -0.020519 -0.091536
v -0.447555 -0.015339 -0.090036
v -0.443260 -0.015339 -0.090036
v -0.448158 -0.010559 -0.088036
v -0.442657 -0.010559 -0.088036
v -0.448760 -0.006319 -0.085537
v -0.442054 -0.006319 -0.085537
v -0.443260 -0.026379 -0.092436
v -0.443954 -0.020519 -0.091536
v -0.443954 -0.020519 -0.091536
v -0.441154 -0.021279 -0.091536
v -0.441154 -0.021279 -0.091536
v -0.443260 -0.015339 -0.090036
v -0.439155 -0.016439 -0.090036
v -0.443260 -0.026379 -0.092436
v -0.440154 -0.021829 -0.091536
v -0.439155 -0.016439 0.091965
v -0.442657 -0.010559 0.089865
v -0.443260 -0.015339 0.091965
v -0.437255 -0.011989 0.089865
v -0.493255 0.027161 0.001764
v -0.492454 0.024731 0.006763
v -0.493560 0.026791 0.006165
v -0.560653 -0.093479 0.065063
v -0.561859 -0.090469 0.065763
v -0.560760 -0.092019 0.064465
v -0.565757 -0.113379 0.064665
v -0.561660 -0.091739 0.066565
v -0.280860 -0.017969 0.080664
v -0.323158 -0.187369 0.080864
v -0.299255 -0.187309 0.080864
v -0.260558 -0.001719 0.080765
v -0.261558 0.012771 0.080765
v -0.261459 0.024381 0.080765
v -0.266258 0.042801 0.080765
v -0.261756 0.041741 0.080765
v -0.257659 -0.044559 0.080765
v -0.263656 -0.044569 0.080765
v -0.256957 -0.018329 0.080664
v -0.250953 -0.018309 0.080664
v -0.221053 -0.018189 0.080664
v -0.250953 -0.018309 0.080664
v -0.236556 0.043901 0.065964
v -0.256957 -0.018329 0.080664
v -0.060455 0.044481 0.068764
v -0.101653 -0.017749 0.080664
v -0.074760 -0.017669 0.080565
v -0.227760 -0.044529 0.080765
v -0.081359 -0.044349 0.080664
v -0.074760 -0.017669 0.080565
v -0.108253 -0.044379 0.080664
v -0.143859 -0.186869 0.080864
v -0.117057 -0.186789 0.080864
v -0.263358 -0.187209 0.080864
v -0.052253 -0.017509 0.080664
v -0.074760 -0.017669 0.080565
v -0.052253 -0.033749 0.084663
v -0.523559 -0.006759 -0.082836
v -0.491355 0.025921 -0.082836
v -0.480560 0.036311 -0.082836
v -0.523559 -0.006759 -0.082836
v -0.535255 -0.187969 -0.082836
v -0.569358 -0.187979 -0.082836
v -0.523559 -0.006759 -0.082836
v -0.480560 0.036311 -0.082836
v -0.535255 -0.187969 -0.082836
v -0.455955 0.077691 -0.060137
v -0.431358 0.085181 -0.055037
v -0.421455 0.077701 -0.060335
v -0.456054 0.069371 -0.062237
v -0.412254 0.069001 -0.062136
v -0.405456 0.062021 -0.062237
v -0.421455 0.077701 -0.060335
v -0.525955 -0.007429 0.028765
v -0.524154 -0.007489 0.026764
v -0.556457 -0.041539 0.026764
v -0.508560 0.010981 0.028463
v -0.524154 -0.007489 0.026764
v -0.432754 -0.012149 -0.086737
v -0.430358 -0.014789 -0.085936
v -0.433059 -0.012759 -0.085936
v -0.429855 -0.014349 -0.086737
v -0.430358 -0.014789 -0.085936
v -0.437255 -0.051219 0.089964
v -0.429855 -0.051839 0.087463
v -0.432456 -0.048439 0.089964
v -0.435653 -0.055169 0.087463
v -0.436553 -0.024799 0.093365
v -0.434158 -0.019859 0.091965
v -0.437255 -0.024009 0.093365
v -0.432357 -0.021609 0.091965
v -0.445960 0.013231 -0.083237
v -0.437255 0.011951 -0.084536
v -0.445960 0.011921 -0.084536
v -0.437057 0.013241 -0.083237
v -0.424758 0.011931 -0.084536
v -0.426353 0.013241 -0.083237
v -0.329360 0.012131 -0.084536
v -0.329360 0.012131 -0.084536
v -0.329254 0.013441 -0.083237
v -0.314353 0.007621 -0.077036
v -0.430854 0.007831 -0.077137
v -0.435958 0.008401 -0.077036
v -0.335258 -0.029749 -0.084536
v -0.426353 -0.073599 -0.083237
v -0.426856 -0.072349 -0.084536
v -0.435356 -0.044619 0.091965
v -0.432456 -0.048439 0.089964
v -0.428558 -0.044519 0.089964
v -0.432357 -0.041589 0.091965
v -0.439056 -0.046769 -0.090036
v -0.435356 -0.044619 -0.090036
v -0.432456 -0.048439 -0.088036
v -0.437255 -0.051219 -0.088036
v -0.074760 -0.017669 0.080565
v -0.050056 -0.043919 0.087164
v -0.052253 -0.033749 0.084663
v -0.242355 0.046071 0.066364
v -0.266258 0.046061 0.066364
v -0.248756 0.045621 0.068165
v -0.258155 0.044411 0.073463
v -0.253555 0.045181 0.070765
v -0.445258 -0.036769 0.074064
v -0.459655 -0.081129 0.074064
v -0.425659 -0.085439 0.074064
v -0.482955 -0.064199 0.074064
v -0.459655 -0.081129 0.074064
v -0.445258 -0.036769 0.074064
v -0.491859 -0.036789 0.074064
v -0.482955 -0.064199 0.074064
v -0.445258 -0.036769 0.074064
v -0.489654 -0.022369 0.074064
v -0.491859 -0.036789 0.074064
v -0.445258 -0.036769 0.074064
v -0.482955 -0.009369 0.074064
v -0.489654 -0.022369 0.074064
v -0.445258 -0.036769 0.074064
v -0.472656 0.000951 0.074064
v -0.459655 0.007581 0.073963
v -0.445258 0.009861 0.073963
v -0.435958 0.008401 0.073963
v -0.430854 0.007831 0.073963
v -0.297553 -0.009319 0.073963
v -0.296058 -0.036729 0.073963
v -0.299758 -0.064139 0.073963
v -0.425659 -0.085439 0.074064
v -0.320854 -0.095469 0.073963
v -0.308555 -0.090009 0.073963
v -0.301055 0.001001 0.073963
v -0.430854 0.007831 0.073963
v -0.297553 -0.009319 0.073963
v -0.301055 0.001001 0.073963
v -0.314353 0.007621 0.073963
v -0.430854 0.007831 0.073963
v -0.335258 -0.029749 -0.084536
v -0.335456 -0.031299 -0.083237
v -0.426353 -0.073599 -0.083237
v -0.438560 -0.040469 -0.091536
v -0.436553 -0.038409 -0.091536
v -0.432357 -0.041589 -0.090036
v -0.435356 -0.044619 -0.090036
v -0.558059 -0.041289 0.028765
v -0.556960 -0.040289 0.028765
v -0.556457 -0.041539 0.026764
v -0.348457 -0.080329 0.096563
v -0.350555 -0.078809 0.096563
v -0.352355 -0.086229 0.081064
v -0.318260 0.011441 0.095663
v -0.315460 0.009441 0.095663
v -0.307754 0.008071 0.080564
v -0.242355 0.046071 -0.062737
v -0.248756 0.045621 -0.064535
v -0.266258 0.046061 -0.062737
v -0.253555 0.045181 -0.067137
v -0.258155 0.044411 -0.069836
v -0.478355 0.038361 -0.077036
v -0.457954 0.038371 -0.077137
v -0.467254 0.026051 -0.077036
v -0.440154 -0.021829 -0.091536
v -0.441154 -0.021279 -0.091536
v -0.439155 -0.016439 -0.090036
v -0.436958 -0.017679 -0.090036
v -0.436958 -0.017679 0.091965
v -0.437255 -0.011989 0.089865
v -0.439155 -0.016439 0.091965
v -0.434059 -0.013859 0.089865
v -0.074760 -0.017669 -0.076937
v -0.052253 -0.033749 -0.081137
v -0.050056 -0.043919 -0.082737
v -0.116355 -0.184199 -0.082737
v -0.046760 -0.053389 -0.082737
v -0.081359 -0.044349 -0.077137
v -0.101653 -0.017749 -0.077036
v -0.074760 -0.017669 -0.076937
v -0.108253 -0.044379 -0.077137
v -0.117057 -0.186789 -0.077236
v -0.143859 -0.186869 -0.077236
v -0.280860 -0.017969 -0.077036
v -0.256957 -0.018329 -0.077036
v -0.263656 -0.044569 -0.077137
v -0.260558 -0.001719 -0.077137
v -0.569358 -0.091459 -0.023935
v -0.558257 -0.091459 -0.025536
v -0.556556 -0.091459 -0.023136
v -0.457656 0.091141 -0.012136
v -0.457160 0.078711 -0.011137
v -0.457160 0.092201 -0.011036
v -0.329154 -0.187389 -0.077236
v -0.353057 -0.187459 -0.077236
v -0.329757 -0.094579 -0.077137
v -0.320854 -0.095469 -0.077137
v -0.313957 -0.094169 -0.077137
v -0.308555 -0.090009 -0.077137
v -0.302955 -0.074759 -0.077137
v -0.299758 -0.064139 -0.077137
v -0.272254 0.042821 -0.077036
v -0.297157 -0.051139 -0.077137
v -0.296058 -0.036729 -0.077137
v -0.296256 -0.022319 -0.077036
v -0.297553 -0.009319 -0.077036
v -0.301055 0.001001 -0.077036
v -0.303153 0.003071 -0.077036
v -0.304954 0.004141 -0.077036
v -0.308555 0.023091 -0.077036
v -0.314353 0.007621 -0.077036
v -0.272254 0.043801 -0.076237
v -0.348358 0.042651 -0.076136
v -0.272254 0.043801 -0.076237
v -0.348358 0.043771 -0.076336
v -0.393958 0.026071 -0.077036
v -0.348358 0.042651 -0.076136
v -0.402358 0.037611 -0.075836
v -0.403159 0.038771 -0.074736
v -0.348358 0.042651 -0.076136
v -0.467254 0.026051 -0.077036
v -0.435958 0.008401 -0.077036
v -0.445258 0.009871 -0.077036
v -0.459655 0.007581 -0.077036
v -0.478355 0.038361 -0.077036
v -0.472656 0.000951 -0.077036
v -0.482955 -0.009369 -0.077036
v -0.489654 -0.022369 -0.077137
v -0.535255 -0.187969 -0.077335
v -0.491859 -0.036779 -0.077137
v -0.489654 -0.051199 -0.077137
v -0.482955 -0.064189 -0.077137
v -0.482955 -0.064189 -0.077137
v -0.508460 -0.187889 -0.077335
v -0.478660 -0.068539 -0.077137
v -0.233756 -0.044539 -0.077137
v -0.250953 -0.018309 -0.077036
v -0.227157 -0.018219 -0.077036
v -0.257659 -0.044559 -0.077137
v -0.293258 -0.187289 -0.077236
v -0.269454 -0.187219 -0.077236
v -0.174056 -0.044459 -0.077137
v -0.191253 -0.018079 -0.077036
v -0.167358 -0.017989 -0.077036
v -0.197860 -0.044489 -0.077137
v -0.233459 -0.187119 -0.077236
v -0.174056 -0.044459 -0.077137
v -0.209655 -0.187049 -0.077236
v -0.233459 -0.187119 -0.077236
v -0.280860 -0.017969 -0.077036
v -0.299255 -0.187309 -0.077236
v -0.323158 -0.187369 -0.077236
v -0.263656 -0.044569 -0.077137
v -0.260558 -0.001719 -0.077137
v -0.261558 0.012771 -0.077137
v -0.261459 0.024381 -0.077137
v -0.266258 0.042801 -0.077137
v -0.261756 0.041741 -0.077137
v -0.261756 0.042811 -0.077137
v -0.266258 0.043801 -0.076237
v -0.261756 0.042811 -0.077137
v -0.261756 0.043801 -0.076237
v -0.114257 -0.044389 -0.077137
v -0.131454 -0.017859 -0.077036
v -0.107658 -0.017769 -0.077036
v -0.138160 -0.044419 -0.077137
v -0.173759 -0.186949 -0.077236
v -0.149856 -0.186889 -0.077236
v -0.144157 -0.044429 -0.077137
v -0.161353 -0.017969 -0.077036
v -0.137557 -0.017879 -0.077036
v -0.144157 -0.044429 -0.077137
v -0.167953 -0.044459 -0.077137
v -0.161353 -0.017969 -0.077036
v -0.203658 -0.187039 -0.077236
v -0.179756 -0.186969 -0.077236
v -0.203956 -0.044499 -0.077137
v -0.221053 -0.018199 -0.077036
v -0.197257 -0.018099 -0.077036
v -0.227760 -0.044529 -0.077137
v -0.263358 -0.187209 -0.077236
v -0.239555 -0.187139 -0.077236
v -0.359054 -0.187469 -0.077236
v -0.358856 -0.091789 -0.077137
v -0.335655 -0.094019 -0.077137
v -0.382858 -0.187539 -0.077236
v -0.388954 -0.187559 -0.077236
v -0.388053 -0.088999 -0.077137
v -0.364753 -0.091229 -0.077137
v -0.412757 -0.187619 -0.077335
v -0.418754 -0.187639 -0.077335
v -0.417259 -0.086209 -0.077137
v -0.393958 -0.088429 -0.077137
v -0.442657 -0.187709 -0.077335
v -0.448654 -0.187719 -0.077335
v -0.446456 -0.083219 -0.077137
v -0.423057 -0.085639 -0.077137
v -0.472556 -0.187789 -0.077335
v -0.478553 -0.187809 -0.077335
v -0.459655 -0.081129 -0.077137
v -0.452255 -0.082299 -0.077137
v -0.472656 -0.074509 -0.077137
v -0.502357 -0.187879 -0.077335
v -0.473853 -0.073359 -0.077137
v -0.472656 -0.074509 -0.077137
v -0.437255 -0.011989 0.089865
v -0.442054 -0.006319 0.087463
v -0.442657 -0.010559 0.089865
v -0.436454 -0.010009 0.088663
v -0.435653 -0.008039 0.087463
v -0.272254 0.043801 0.079864
v -0.272254 0.046061 0.066364
v -0.323959 0.046041 0.066364
v -0.348358 0.043781 0.079864
v -0.266258 0.043801 0.079864
v -0.266258 0.046061 0.066364
v -0.261756 0.043801 0.079864
v -0.258155 0.044411 0.073463
v -0.253555 0.045181 0.070765
v -0.248756 0.045621 0.068165
v -0.569358 -0.091459 -0.023935
v -0.571258 -0.091459 -0.025536
v -0.558257 -0.091459 -0.025536
v -0.557159 -0.091449 -0.035936
v -0.570258 -0.091449 -0.035936
v -0.556358 -0.091439 -0.042036
v -0.569457 -0.091439 -0.042036
v -0.552360 -0.091449 -0.053936
v -0.565460 -0.091449 -0.053936
v -0.548759 -0.091399 -0.059437
v -0.561859 -0.091399 -0.059437
v -0.560760 -0.092019 -0.060837
v -0.548355 -0.092019 -0.060837
v -0.439155 -0.016439 -0.090036
v -0.442657 -0.010559 -0.088036
v -0.437255 -0.011989 -0.088036
v -0.443260 -0.015339 -0.090036
v -0.468955 -0.021859 0.087463
v -0.470657 -0.028289 0.086365
v -0.470657 -0.028289 0.087463
v -0.468955 -0.021859 0.086365
v -0.465659 -0.016089 0.087463
v -0.468955 -0.021859 0.087463
v -0.465659 -0.016089 0.086365
v -0.460960 -0.011379 0.087463
v -0.465659 -0.016089 0.087463
v -0.460960 -0.011379 0.086365
v -0.455154 -0.008049 0.087463
v -0.460960 -0.011379 0.087463
v -0.455154 -0.008049 0.086365
v -0.318260 0.011441 -0.093737
v -0.307754 0.008071 -0.078636
v -0.315460 0.009441 -0.093737
v -0.524154 -0.007489 -0.022837
v -0.507453 0.009841 -0.023037
v -0.508560 0.010981 -0.024836
v -0.060455 0.044481 -0.065136
v -0.074760 -0.017669 -0.076937
v -0.101653 -0.017749 -0.077036
v -0.131454 -0.017859 -0.077036
v -0.052253 -0.017509 -0.077036
v -0.052253 -0.033749 -0.081137
v -0.272254 0.043801 -0.076237
v -0.323959 0.046041 -0.062836
v -0.272254 0.046061 -0.062836
v -0.348358 0.043771 -0.076336
v -0.266258 0.043801 -0.076237
v -0.266258 0.046061 -0.062737
v -0.261756 0.043801 -0.076237
v -0.258155 0.044411 -0.069836
v -0.248756 0.045621 -0.064535
v -0.253555 0.045181 -0.067137
v -0.348457 -0.080329 -0.094637
v -0.352355 -0.086229 -0.079237
v -0.350555 -0.078809 -0.094637
v -0.437255 -0.051219 -0.088036
v -0.429855 -0.051839 -0.085537
v -0.435653 -0.055169 -0.085537
v -0.432456 -0.048439 -0.088036
v -0.108253 -0.044199 -0.083635
v -0.107658 -0.017769 -0.077036
v -0.101653 -0.017749 -0.077036
v -0.138160 -0.044509 -0.083536
v -0.137557 -0.017879 -0.077036
v -0.131454 -0.017859 -0.077036
v -0.257560 -0.045079 -0.083536
v -0.256957 -0.018329 -0.077036
v -0.250953 -0.018309 -0.077036
v -0.197860 -0.044789 -0.083536
v -0.197257 -0.018099 -0.077036
v -0.191253 -0.018079 -0.077036
v -0.436553 -0.024799 -0.091536
v -0.434158 -0.019859 -0.090036
v -0.432357 -0.021609 -0.090036
v -0.437255 -0.024009 -0.091536
v -0.548057 -0.115959 0.074364
v -0.134460 -0.117319 0.073963
v -0.547759 -0.117319 0.074663
v -0.134460 -0.115959 0.073565
v -0.560455 -0.117319 0.074663
v -0.561759 -0.168599 0.073263
v -0.574958 -0.168599 0.073263
v -0.560356 -0.115959 0.074364
v -0.548454 -0.114989 0.073364
v -0.134460 -0.114989 0.072563
v -0.134460 -0.114649 0.071264
v -0.560859 -0.114989 0.073364
v -0.134460 -0.114869 0.065464
v -0.548759 -0.114649 0.071964
v -0.561859 -0.114649 0.071964
v -0.552459 -0.114869 0.066164
v -0.565254 -0.114869 0.066164
v -0.553558 -0.114439 0.065063
v -0.134460 -0.114439 0.064363
v -0.565856 -0.114439 0.065063
v -0.553054 -0.113379 0.064665
v -0.134460 -0.113379 0.063864
v -0.565757 -0.113379 0.064665
v -0.560653 -0.093479 0.065063
v -0.547958 -0.093479 0.065063
v -0.548355 -0.092019 0.064465
v -0.134460 -0.093479 0.064363
v -0.560760 -0.092019 0.064465
v -0.134460 -0.092019 0.063765
v -0.548759 -0.091399 0.063065
v -0.134460 -0.091399 0.062263
v -0.561859 -0.091399 0.063065
v -0.134460 -0.091449 0.056765
v -0.565460 -0.091449 0.057465
v -0.552360 -0.091449 0.057465
v -0.134460 -0.091439 0.044865
v -0.569457 -0.091439 0.045565
v -0.556358 -0.091439 0.045565
v -0.134460 -0.091449 0.038763
v -0.570258 -0.091449 0.039564
v -0.557159 -0.091449 0.039564
v -0.134460 -0.091459 0.028765
v -0.571258 -0.091459 0.029163
v -0.558257 -0.091459 0.029163
v -0.556556 -0.091459 0.026764
v -0.569358 -0.091459 0.027063
v -0.050056 -0.043919 -0.082737
v -0.081359 -0.044079 -0.082737
v -0.116355 -0.184199 -0.082737
v 0.003640 -0.186759 -0.080135
v -0.117057 -0.186789 -0.080135
v -0.161353 -0.017969 -0.077036
v -0.236556 0.043901 -0.062336
v -0.256957 -0.018329 -0.077036
v -0.250953 -0.018309 -0.077036
v -0.221053 -0.018199 -0.077036
v -0.227760 -0.044929 -0.083536
v -0.227157 -0.018219 -0.077036
v -0.167358 -0.017989 -0.077036
v -0.167953 -0.044649 -0.083536
v -0.236556 0.043901 -0.062336
v -0.191253 -0.018079 -0.077036
v -0.197257 -0.018099 -0.077036
v -0.221053 -0.018199 -0.077036
v -0.256957 -0.018329 -0.077036
v -0.242660 0.044201 -0.063736
v -0.249053 0.043771 -0.065537
v -0.260558 -0.001719 -0.077137
v -0.242355 0.045301 -0.063536
v -0.236358 0.045031 -0.062237
v -0.242355 0.046071 -0.062737
v -0.060455 0.044481 -0.065136
v -0.236358 0.045031 -0.062237
v -0.131454 -0.017859 -0.077036
v -0.101653 -0.017749 -0.077036
v -0.107658 -0.017769 -0.077036
v -0.052253 0.044551 -0.065336
v -0.060157 0.045351 -0.063436
v -0.052253 -0.017509 -0.077036
v -0.060157 0.045351 -0.063436
v -0.052253 0.045351 -0.063436
v -0.236358 0.045031 -0.062237
v -0.060157 0.045351 -0.063436
v -0.236358 0.045881 -0.061735
v -0.236358 0.045881 -0.061735
v -0.060157 0.046111 -0.062736
v -0.403259 0.038641 0.065865
v -0.391960 0.038651 0.065865
v -0.392059 0.047271 0.065865
v -0.394058 0.047271 0.065865
v -0.399658 0.054641 0.065865
v -0.403259 0.026051 0.065865
v -0.456458 0.026041 0.065865
v -0.457054 0.069321 0.065365
v -0.457458 0.026041 0.065365
v -0.456054 0.069371 0.065865
v -0.455955 0.077691 0.063765
v -0.457656 0.091141 0.015764
v -0.457160 0.092201 0.014664
v -0.457160 0.078711 0.014765
v -0.435356 -0.044619 -0.090036
v -0.432357 -0.041589 -0.090036
v -0.428558 -0.044519 -0.088036
v -0.432456 -0.048439 -0.088036
v -0.574958 -0.168599 -0.069635
v -0.561256 -0.115469 -0.072336
v -0.575958 -0.170109 -0.070335
v -0.432456 -0.048439 0.089964
v -0.425155 -0.047129 0.087463
v -0.428558 -0.044519 0.089964
v -0.429855 -0.051839 0.087463
v -0.432357 -0.021609 0.091965
v -0.428558 -0.018679 0.089865
v -0.431159 -0.016039 0.089865
v -0.434158 -0.019859 0.091965
v -0.457656 0.091141 -0.012136
v -0.457656 0.078011 -0.011837
v -0.457160 0.078711 -0.011137
v -0.314460 0.052911 0.040363
v -0.348358 0.046031 0.053364
v -0.321060 0.050171 0.053364
v -0.334457 0.046041 0.066364
v -0.348358 0.046041 0.066364
v -0.348358 0.043781 0.079864
v -0.323959 0.046041 0.066364
v -0.399658 0.054641 0.065865
v -0.456458 0.026041 0.065865
v -0.403259 0.038641 0.065865
v -0.399658 0.054641 0.065865
v -0.405456 0.062021 0.065865
v -0.456458 0.026041 0.065865
v -0.456054 0.069371 0.065865
v -0.456458 0.026041 0.065865
v -0.405456 0.062021 0.065865
v -0.318260 0.011441 0.095663
v -0.307754 0.008071 0.080564
v -0.314857 0.012441 0.080463
v -0.424354 -0.028829 0.089865
v -0.421859 -0.021839 0.087463
v -0.425758 -0.023469 0.089865
v -0.420059 -0.028269 0.087463
v -0.424354 -0.034369 0.089865
v -0.424354 -0.028829 0.089865
v -0.420059 -0.034929 0.087463
v -0.425758 -0.039719 0.089964
v -0.421859 -0.041359 0.087463
v -0.424354 -0.034369 0.089865
v -0.430259 -0.037879 0.091965
v -0.425758 -0.039719 0.089964
v -0.429153 -0.033739 0.091965
v -0.432357 -0.041589 0.091965
v -0.425758 -0.039719 0.089964
v -0.428558 -0.044519 0.089964
v -0.424354 -0.028829 0.089865
v -0.429153 -0.029459 0.091965
v -0.425758 -0.023469 0.089865
v -0.430259 -0.025319 0.091965
v -0.428558 -0.018679 0.089865
v -0.432357 -0.021609 0.091965
v -0.425758 -0.023469 0.089865
v -0.434257 -0.033059 0.093365
v -0.435058 -0.035879 0.093365
v -0.430259 -0.037879 0.091965
v -0.436553 -0.038409 0.093365
v -0.432357 -0.041589 0.091965
v -0.435058 -0.035879 0.093365
v -0.430259 -0.025319 0.091965
v -0.435058 -0.027319 0.093365
v -0.435058 -0.027319 0.093365
v -0.432357 -0.021609 0.091965
v -0.436553 -0.024799 0.093365
v -0.440154 -0.033769 0.094263
v -0.435058 -0.035879 0.093365
v -0.440856 -0.035049 0.094263
v -0.393958 -0.088429 -0.080135
v -0.412757 -0.187539 -0.083635
v -0.418754 -0.187639 -0.080236
v -0.393958 -0.088429 -0.080135
v -0.388053 -0.088999 -0.083635
v -0.412757 -0.187539 -0.083635
v -0.478355 0.040611 -0.007635
v -0.480758 0.040371 -0.007536
v -0.479560 0.040481 0.001764
v -0.479560 0.040481 0.001764
v -0.480758 0.040371 0.011164
v -0.478355 0.040611 0.011265
v -0.478355 0.038361 0.080664
v -0.457954 0.040631 0.066463
v -0.478355 0.040621 0.066463
v -0.457954 0.038371 0.080765
v -0.060157 0.066361 0.001764
v -0.052360 0.065951 0.001764
v -0.052253 0.066391 0.001465
v -0.524154 -0.007489 0.026764
v -0.508560 0.010981 0.028463
v -0.507453 0.009841 0.026665
v -0.481857 0.039431 0.084463
v -0.478355 0.040621 0.066463
v -0.480857 0.040481 0.066463
v -0.348358 0.040661 0.066364
v -0.403159 0.040651 0.066463
v -0.403159 0.038771 0.078363
v -0.314460 0.052911 -0.036736
v -0.321060 0.050171 -0.049736
v -0.348358 0.046031 -0.049736
v -0.334457 0.046041 -0.062836
v -0.348358 0.046041 -0.062836
v -0.348358 0.043771 -0.076336
v -0.323959 0.046041 -0.062836
v -0.301055 0.001001 -0.070335
v -0.308456 0.006251 -0.070335
v -0.303153 0.003071 -0.070335
v -0.314353 0.007621 -0.070335
v -0.425659 0.007591 -0.070437
v -0.297553 -0.009319 -0.070335
v -0.445258 -0.036769 -0.070437
v -0.296256 -0.022319 -0.070335
v -0.430854 0.007831 -0.070437
v -0.296058 -0.036729 -0.070335
v -0.435958 0.008401 -0.070437
v -0.297157 -0.051139 -0.070335
v -0.445258 0.009861 -0.070437
v -0.299758 -0.064139 -0.070436
v -0.459655 0.007581 -0.070437
v -0.472656 0.000951 -0.070437
v -0.482955 -0.009369 -0.070437
v -0.489654 -0.022369 -0.070437
v -0.491859 -0.036789 -0.070437
v -0.489654 -0.051199 -0.070437
v -0.482955 -0.064199 -0.070437
v -0.472656 -0.074509 -0.070437
v -0.459655 -0.081129 -0.070437
v -0.445258 -0.083409 -0.070437
v -0.425659 -0.085439 -0.070437
v -0.302955 -0.074759 -0.070436
v -0.320854 -0.095469 -0.070437
v -0.308555 -0.090009 -0.070437
v -0.313957 -0.094179 -0.070437
v -0.436958 -0.017679 -0.090036
v -0.439155 -0.016439 -0.090036
v -0.437255 -0.011989 -0.088036
v -0.434059 -0.013859 -0.088036
v -0.318260 0.011441 -0.093737
v -0.314857 0.012441 -0.078636
v -0.307754 0.008071 -0.078636
v -0.442054 -0.006319 -0.085537
v -0.435653 -0.008039 -0.085537
v -0.436454 -0.010009 -0.086737
v -0.437255 -0.011989 -0.088036
v -0.442657 -0.010559 -0.088036
v -0.436454 -0.010009 -0.086737
v -0.481857 0.039431 -0.080835
v -0.480857 0.040481 -0.062836
v -0.478355 0.040621 -0.062836
v -0.272254 0.042831 0.080564
v -0.329154 -0.187389 0.080864
v -0.286857 -0.017969 0.080765
v -0.426658 0.083911 0.051865
v -0.431358 0.085181 0.058664
v -0.421455 0.077701 0.063965
v -0.306457 -0.009109 0.096563
v -0.306159 -0.011839 0.095663
v -0.306457 -0.009109 0.095663
v -0.306159 -0.011839 0.096563
v -0.478355 0.038361 -0.077036
v -0.457954 0.040631 -0.062836
v -0.457954 0.038371 -0.077137
v -0.478355 0.040621 -0.062836
v -0.348358 0.040661 -0.062836
v -0.403159 0.038771 -0.074736
v -0.403159 0.040651 -0.062836
v -0.306457 -0.009109 -0.094637
v -0.306159 -0.011839 -0.093737
v -0.306159 -0.011839 -0.094637
v -0.306457 -0.009109 -0.093737
v -0.306159 -0.018379 0.096563
v -0.306358 -0.021119 0.095663
v -0.306159 -0.018379 0.095663
v -0.306358 -0.021119 0.096563
v -0.306159 -0.018379 -0.094637
v -0.306358 -0.021119 -0.093737
v -0.306358 -0.021119 -0.094637
v -0.306159 -0.018379 -0.093737
v -0.434059 -0.013859 0.089865
v -0.436454 -0.010009 0.088663
v -0.437255 -0.011989 0.089865
v -0.432754 -0.012149 0.088663
v -0.435653 -0.008039 0.087463
v -0.430160 -0.011809 0.087765
v -0.429855 -0.011369 0.087463
v -0.432754 -0.012149 0.088663
v -0.429855 -0.014349 0.088663
v -0.308158 -0.002679 0.095663
v -0.309158 0.000061 0.096563
v -0.308158 -0.002679 0.096563
v -0.309158 0.000061 0.095663
v -0.307754 -0.027659 0.096563
v -0.308555 -0.030389 0.096563
v -0.308555 -0.030399 0.095663
v -0.308158 -0.002679 -0.093737
v -0.309158 0.000061 -0.094637
v -0.309158 0.000061 -0.093737
v -0.308158 -0.002679 -0.094637
v -0.307754 -0.027659 -0.094637
v -0.308555 -0.030399 -0.093737
v -0.308555 -0.030399 -0.094637
v -0.307754 -0.027659 -0.094637
v -0.307754 -0.027659 -0.093737
v -0.308555 -0.030399 -0.093737
v -0.448760 -0.006319 -0.085537
v -0.455154 -0.008049 -0.084436
v -0.448760 -0.006319 -0.084436
v -0.455154 -0.008049 -0.085537
v -0.455154 -0.008049 -0.085537
v -0.460960 -0.011379 -0.084436
v -0.460960 -0.011379 -0.085537
v -0.460960 -0.011379 -0.085537
v -0.465659 -0.016089 -0.084436
v -0.465659 -0.016089 -0.085537
v -0.465659 -0.016089 -0.085537
v -0.468955 -0.021859 -0.084436
v -0.468955 -0.021859 -0.085537
v -0.468955 -0.021859 -0.085537
v -0.470657 -0.028289 -0.084436
v -0.470657 -0.028289 -0.085537
v -0.307754 -0.027659 0.096563
v -0.308555 -0.030399 0.095663
v -0.307754 -0.027659 0.095663
v 0.005341 -0.054279 -0.062536
v 0.003342 -0.100989 -0.082737
v -0.008857 -0.098959 -0.082737
v -0.426658 0.083901 -0.048237
v -0.421455 0.077701 -0.060335
v -0.431358 0.085181 -0.055037
v -0.574958 -0.168599 0.073263
v -0.575958 -0.170109 0.073963
v -0.561256 -0.115469 0.075964
v -0.457656 0.091141 0.015764
v -0.457160 0.078711 0.014765
v -0.457656 0.078011 0.015465
v -0.334060 -0.070029 0.096563
v -0.328658 -0.064129 0.095663
v -0.328658 -0.064129 0.096563
v -0.394058 0.047271 0.065865
v -0.392059 0.047271 0.058365
v -0.394058 0.047271 0.058365
v -0.392059 0.047271 0.065865
v -0.394058 0.047271 -0.062237
v -0.392059 0.047271 -0.054735
v -0.392059 0.047271 -0.062237
v -0.394058 0.047271 -0.054735
v -0.392059 0.047261 0.001764
v -0.392059 0.047271 -0.054735
v -0.394058 0.047271 -0.054735
v -0.392059 0.047211 0.001764
v -0.445457 0.047261 -0.054735
v -0.392654 0.047261 0.001764
v -0.445457 0.047241 0.001764
v -0.392654 0.047261 0.001764
v -0.445457 0.047241 0.001764
v -0.445457 0.047261 0.058365
v -0.394058 0.047271 0.058365
v -0.392059 0.047211 0.001764
v -0.394058 0.047271 0.058365
v -0.392059 0.047271 0.058365
v -0.392059 0.047261 0.001764
v -0.334060 -0.070029 -0.094637
v -0.328658 -0.064129 -0.094637
v -0.328658 -0.064129 -0.093836
v -0.315055 -0.046209 0.096563
v -0.316856 -0.048949 0.095663
v -0.315055 -0.046209 0.095663
v -0.316856 -0.048949 0.096563
v -0.321555 -0.055489 0.096563
v -0.323860 -0.058219 0.095663
v -0.321555 -0.055489 0.095663
v -0.323860 -0.058219 0.096563
v -0.456756 -0.049359 0.089964
v -0.457755 -0.050449 0.087864
v -0.458053 -0.051059 0.088663
v -0.315055 -0.046209 -0.094637
v -0.316856 -0.048949 -0.093737
v -0.316856 -0.048949 -0.094637
v -0.315055 -0.046209 -0.093737
v -0.321555 -0.055489 -0.094637
v -0.323860 -0.058219 -0.093737
v -0.323860 -0.058219 -0.094637
v -0.321555 -0.055489 -0.093737
v -0.310058 0.056131 0.027264
v -0.348358 0.046031 0.040363
v -0.314460 0.052911 0.040363
v -0.322860 0.013441 0.096563
v -0.318260 0.011441 0.095663
v -0.314857 0.012441 0.080463
v -0.432456 -0.048439 -0.088036
v -0.428558 -0.044519 -0.088036
v -0.425155 -0.047129 -0.085537
v -0.429855 -0.051839 -0.085537
v -0.456756 -0.049359 -0.088036
v -0.458053 -0.051059 -0.086737
v -0.457755 -0.050449 -0.085936
v -0.392059 0.047211 0.001764
v -0.392654 0.047261 0.001764
v -0.445457 0.047261 0.058365
v -0.432357 -0.021609 -0.090036
v -0.431159 -0.016039 -0.088036
v -0.428558 -0.018679 -0.088036
v -0.434158 -0.019859 -0.090036
v -0.429855 -0.014349 0.088663
v -0.430358 -0.014789 0.087864
v -0.431259 -0.015949 0.087864
v -0.428558 -0.044519 0.089964
v -0.421859 -0.041359 0.087463
v -0.425758 -0.039719 0.089964
v -0.425155 -0.047129 0.087463
v -0.452255 -0.082299 -0.080135
v -0.478553 -0.187809 -0.077335
v -0.452255 -0.082299 -0.077137
v -0.452255 -0.082299 -0.080135
v -0.478553 -0.187809 -0.080236
v -0.478553 -0.187809 -0.077335
v -0.310058 0.056131 -0.023636
v -0.314460 0.052911 -0.036736
v -0.348358 0.046031 -0.036736
v -0.445457 0.047261 -0.054735
v -0.392654 0.047261 0.001764
v -0.392059 0.047211 0.001764
v -0.322860 0.013441 -0.094637
v -0.314857 0.012441 -0.078636
v -0.318260 0.011441 -0.093737
v -0.455955 0.077691 -0.060137
v -0.456054 0.069371 -0.062237
v -0.457054 0.069321 -0.061735
v -0.456458 0.026041 -0.062237
v -0.457458 0.026041 -0.061735
v -0.403259 0.026051 -0.062237
v -0.403259 0.038641 -0.062237
v -0.392059 0.047271 -0.062237
v -0.391960 0.038651 -0.062237
v -0.394058 0.047271 -0.062237
v -0.399658 0.054641 -0.062237
v -0.392059 0.047271 -0.062237
v -0.052253 0.066391 0.002165
v -0.052360 0.065951 0.001764
v -0.060157 0.066361 0.001764
v -0.429855 -0.014349 -0.086737
v -0.431259 -0.015949 -0.085936
v -0.430358 -0.014789 -0.085936
v -0.266258 0.043801 0.079864
v -0.272254 0.043801 0.079864
v -0.272254 0.043801 0.083164
v -0.266258 0.043801 0.086664
v -0.266258 0.043801 -0.076237
v -0.272254 0.043801 -0.079636
v -0.272254 0.043801 -0.076237
v -0.266258 0.043801 -0.083036
v -0.304054 0.059121 0.040264
v -0.321060 0.050171 0.053364
v -0.310554 0.053581 0.053364
v -0.329757 -0.094579 -0.083536
v -0.329757 -0.094579 -0.077137
v -0.353057 -0.187459 -0.077236
v -0.424354 -0.034369 -0.088036
v -0.420059 -0.028269 -0.085537
v -0.420059 -0.034929 -0.085537
v -0.424354 -0.028829 -0.088036
v -0.425758 -0.039719 -0.088036
v -0.421859 -0.041359 -0.085537
v -0.424354 -0.034369 -0.088036
v -0.424354 -0.028829 -0.088036
v -0.421859 -0.021839 -0.085537
v -0.425758 -0.023469 -0.088036
v -0.430259 -0.037879 -0.090036
v -0.425758 -0.039719 -0.088036
v -0.429153 -0.033739 -0.090036
v -0.432357 -0.041589 -0.090036
v -0.425758 -0.039719 -0.088036
v -0.428558 -0.044519 -0.088036
v -0.424354 -0.028829 -0.088036
v -0.429153 -0.029459 -0.090036
v -0.425758 -0.023469 -0.088036
v -0.430259 -0.025319 -0.090036
v -0.428558 -0.018679 -0.088036
v -0.425758 -0.023469 -0.088036
v -0.432357 -0.021609 -0.090036
v -0.435058 -0.035879 -0.091536
v -0.430259 -0.037879 -0.090036
v -0.436553 -0.038409 -0.091536
v -0.432357 -0.041589 -0.090036
v -0.435058 -0.035879 -0.091536
v -0.430259 -0.025319 -0.090036
v -0.435058 -0.027329 -0.091536
v -0.435058 -0.027329 -0.091536
v -0.432357 -0.021609 -0.090036
v -0.436553 -0.024799 -0.091536
v -0.329757 -0.094579 -0.083536
v -0.353057 -0.187459 -0.077236
v -0.353057 -0.187539 -0.083635
v -0.312957 0.006701 0.095663
v -0.315460 0.009441 0.096563
v -0.312957 0.006701 0.096563
v -0.315460 0.009441 0.095663
v -0.456054 0.069371 -0.062237
v -0.405456 0.062021 -0.062237
v -0.456458 0.026041 -0.062237
v -0.399658 0.054641 -0.062237
v -0.456458 0.026041 -0.062237
v -0.405456 0.062021 -0.062237
v -0.399658 0.054641 -0.062237
v -0.403259 0.038641 -0.062237
v -0.456458 0.026041 -0.062237
v -0.312957 0.006701 -0.093737
v -0.315460 0.009441 -0.094637
v -0.315460 0.009441 -0.093737
v -0.312957 0.006701 -0.094637
v -0.432754 -0.012149 -0.086737
v -0.430160 -0.011809 -0.085836
v -0.429855 -0.014349 -0.086737
v -0.435653 -0.008039 -0.085537
v -0.429855 -0.011369 -0.085537
v -0.432754 -0.012149 -0.086737
v -0.436454 -0.010009 -0.086737
v -0.434059 -0.013859 -0.088036
v -0.437255 -0.011989 -0.088036
v -0.429855 -0.011369 0.087463
v -0.430160 -0.011809 0.087765
v -0.429855 -0.014349 0.088663
v -0.426856 -0.017369 0.088663
v -0.425155 -0.016069 0.087463
v -0.428558 -0.018679 0.089865
v -0.431159 -0.016039 0.089865
v -0.457954 0.040611 0.001764
v -0.459159 0.040611 0.001764
v -0.457954 0.040611 0.002165
v -0.459159 0.040611 0.001764
v -0.479560 0.040481 0.001764
v -0.478355 0.040611 0.011265
v -0.479560 0.040481 0.001764
v -0.457954 0.040631 0.066463
v -0.478355 0.040611 0.011265
v -0.478355 0.040611 0.023764
v -0.480758 0.040371 0.011164
v -0.478355 0.040621 0.066463
v -0.480758 0.040401 0.024364
v -0.480857 0.040481 0.066463
v -0.457954 0.040611 0.001465
v -0.479560 0.040481 0.001764
v -0.459159 0.040611 0.001764
v -0.457954 0.040611 0.001764
v -0.459159 0.040611 0.001764
v -0.478355 0.040611 -0.007635
v -0.479560 0.040481 0.001764
v -0.478355 0.040611 -0.007635
v -0.457954 0.040631 -0.062836
v -0.478355 0.040611 -0.020136
v -0.480758 0.040371 -0.007536
v -0.478355 0.040621 -0.062836
v -0.480758 0.040401 -0.020737
v -0.480857 0.040481 -0.062836
v -0.304054 0.059121 -0.036736
v -0.310554 0.053581 -0.049736
v -0.321060 0.050171 -0.049736
v -0.348358 0.040641 0.001465
v -0.403159 0.040631 -0.010635
v -0.403159 0.040631 0.001465
v -0.348358 0.040651 -0.010635
v -0.348358 0.040651 -0.023636
v -0.401458 0.040631 0.001764
v -0.348358 0.040641 0.001764
v -0.403159 0.040631 0.001764
v -0.403159 0.040641 -0.023737
v -0.403159 0.040641 -0.036736
v -0.348358 0.040651 -0.036736
v -0.403159 0.040641 -0.049736
v -0.348358 0.040661 -0.049736
v -0.403159 0.040651 -0.062836
v -0.348358 0.040661 -0.062836
v -0.348358 0.040661 0.053364
v -0.403159 0.040651 0.066463
v -0.348358 0.040661 0.066364
v -0.403159 0.040641 0.053364
v -0.348358 0.040651 0.040363
v -0.403159 0.040641 0.040363
v -0.348358 0.040651 0.027264
v -0.403159 0.040641 0.027264
v -0.403159 0.040631 0.014263
v -0.348358 0.040651 0.014263
v -0.348358 0.040641 0.002165
v -0.403159 0.040631 0.002165
v -0.401458 0.040631 0.001764
v -0.403159 0.040631 0.001764
v -0.348358 0.040641 0.001764
v -0.272254 0.042821 -0.077036
v -0.286857 -0.017969 -0.077137
v -0.329154 -0.187389 -0.077236
v -0.453758 -0.045539 0.091965
v -0.456855 -0.049269 0.087864
v -0.456756 -0.049359 0.089964
v -0.457755 -0.050449 0.087864
v -0.428558 -0.044519 -0.088036
v -0.425758 -0.039719 -0.088036
v -0.421859 -0.041359 -0.085537
v -0.425155 -0.047129 -0.085537
v -0.348358 0.046021 0.014263
v -0.310058 0.056131 0.027264
v -0.307357 0.058011 0.014263
v -0.453758 -0.045539 -0.090036
v -0.456756 -0.049359 -0.088036
v -0.456855 -0.049269 -0.085936
v -0.457755 -0.050449 -0.085936
v -0.425758 -0.023469 0.089865
v -0.421859 -0.021839 0.087463
v -0.425155 -0.016069 0.087463
v -0.426856 -0.017369 0.088663
v -0.428558 -0.018679 0.089865
v -0.348358 0.046021 -0.010635
v -0.307357 0.058011 -0.010635
v -0.310058 0.056131 -0.023636
v -0.306457 0.058511 0.001764
v -0.306457 0.058521 0.001465
v -0.307754 0.058141 0.001764
v -0.431159 -0.016039 0.089865
v -0.431259 -0.015949 0.087864
v -0.434257 -0.019769 0.087864
v -0.388954 -0.187559 -0.080135
v -0.358856 -0.091789 -0.083635
v -0.382858 -0.187539 -0.083635
v -0.388954 -0.187559 -0.080135
v -0.364753 -0.091219 -0.080135
v -0.295959 0.066331 0.001465
v -0.296859 0.065491 -0.010635
v -0.307357 0.058011 -0.010635
v -0.299659 0.063141 -0.023636
v -0.310058 0.056131 -0.023636
v -0.348358 0.046031 -0.036736
v -0.348358 0.046031 -0.023636
v -0.348358 0.046021 -0.010635
v -0.348358 0.046021 0.001465
v -0.306457 0.058521 0.001465
v -0.314460 0.052911 -0.036736
v -0.348358 0.046031 -0.049736
v -0.334457 0.046041 -0.062836
v -0.348358 0.046041 -0.062836
v -0.310554 0.053581 -0.049736
v -0.321060 0.050171 -0.049736
v -0.348358 0.046021 0.001764
v -0.307754 0.058141 0.001764
v -0.306457 0.058521 0.001465
v -0.306457 0.058511 0.001764
v -0.306159 0.058741 0.001764
v -0.306457 0.058511 0.001764
v -0.307754 0.058141 0.001764
v -0.306457 0.058521 0.002165
v -0.306457 0.058521 0.002165
v -0.306159 0.058741 0.001764
v -0.306457 0.058511 0.001764
v -0.348358 0.046021 0.002165
v -0.307754 0.058141 0.001764
v -0.348358 0.046021 0.001764
v -0.307357 0.058011 0.014263
v -0.306457 0.058521 0.002165
v -0.348358 0.046021 0.014263
v -0.295959 0.066331 0.002165
v -0.296859 0.065491 0.014263
v -0.299659 0.063141 0.027264
v -0.310058 0.056131 0.027264
v -0.348358 0.046031 0.027264
v -0.348358 0.046031 0.040363
v -0.314460 0.052911 0.040363
v -0.348358 0.046031 0.053364
v -0.348358 0.046041 0.066364
v -0.334457 0.046041 0.066364
v -0.310554 0.053581 0.053364
v -0.321060 0.050171 0.053364
v -0.447555 -0.036829 0.094263
v -0.450759 -0.041289 0.087864
v -0.450660 -0.041379 0.093365
v -0.447654 -0.036759 0.087864
v -0.447555 -0.036829 -0.092436
v -0.450759 -0.041289 -0.085936
v -0.447654 -0.036759 -0.085936
v -0.450660 -0.041379 -0.091536
v -0.431159 -0.016039 -0.088036
v -0.434257 -0.019769 -0.085936
v -0.431259 -0.015949 -0.085936
v -0.429855 -0.011369 -0.085537
v -0.425155 -0.016069 -0.085537
v -0.426856 -0.017379 -0.086737
v -0.429855 -0.014349 -0.086737
v -0.430160 -0.011809 -0.085836
v -0.428558 -0.018679 -0.088036
v -0.431159 -0.016039 -0.088036
v -0.429855 -0.014349 0.088663
v -0.431259 -0.015949 0.087864
v -0.431159 -0.016039 0.089865
v -0.272254 0.043801 0.083164
v -0.266258 0.042831 0.087263
v -0.266258 0.043801 0.086664
v -0.272254 0.042831 0.083864
v -0.426658 0.083911 0.051865
v -0.421455 0.077701 0.063965
v -0.419257 0.077361 0.055763
v -0.429855 -0.014349 -0.086737
v -0.431159 -0.016039 -0.088036
v -0.431259 -0.015949 -0.085936
v -0.574958 -0.168599 -0.069635
v -0.560455 -0.117319 -0.071035
v -0.561256 -0.115469 -0.072336
v -0.426658 0.083901 -0.048237
v -0.419257 0.077361 -0.052135
v -0.421455 0.077701 -0.060335
v -0.453758 -0.045539 0.091965
v -0.453956 -0.045449 0.087864
v -0.456855 -0.049269 0.087864
v -0.450660 -0.041379 0.093365
v -0.450759 -0.041289 0.087864
v -0.450660 -0.041379 -0.091536
v -0.453956 -0.045449 -0.085936
v -0.450759 -0.041289 -0.085936
v -0.453758 -0.045539 -0.090036
v -0.456855 -0.049269 -0.085936
v -0.434158 -0.019859 0.091965
v -0.437454 -0.023929 0.087864
v -0.437255 -0.024009 0.093365
v -0.434257 -0.019769 0.087864
v -0.431159 -0.016039 0.089865
v -0.431159 -0.016039 -0.088036
v -0.434158 -0.019859 -0.090036
v -0.434257 -0.019769 -0.085936
v -0.437454 -0.023929 -0.085936
v -0.437255 -0.024009 -0.091536
v -0.444259 -0.032489 0.094263
v -0.447654 -0.036759 0.087864
v -0.447555 -0.036829 0.094263
v -0.444358 -0.032429 0.087864
v -0.440856 -0.028159 0.094263
v -0.440955 -0.028089 0.087864
v 0.003342 -0.100989 0.086365
v 0.743943 -0.101609 0.086165
v 0.744042 -0.053999 0.065964
v -0.440856 -0.028159 -0.092436
v -0.444358 -0.032429 -0.085936
v -0.440955 -0.028089 -0.085936
v -0.444259 -0.032499 -0.092436
v -0.447654 -0.036759 -0.085936
v -0.447555 -0.036829 -0.092436
v -0.425758 -0.023469 -0.088036
v -0.425155 -0.016069 -0.085537
v -0.421859 -0.021839 -0.085537
v -0.426856 -0.017379 -0.086737
v -0.428558 -0.018679 -0.088036
v 0.744042 -0.053999 0.065964
v 0.005341 -0.054279 0.066164
v 0.003342 -0.100989 0.086365
v -0.019157 -0.054229 0.065964
v -0.022659 -0.091809 0.086365
v -0.322860 0.013441 0.096563
v -0.318260 0.011441 0.096563
v -0.318260 0.011441 0.095663
v -0.322860 0.013441 -0.094637
v -0.318260 0.011441 -0.093737
v -0.318260 0.011441 -0.094637
v -0.437255 -0.024009 0.093365
v -0.440955 -0.028089 0.087864
v -0.440856 -0.028159 0.094263
v -0.437454 -0.023929 0.087864
v -0.348358 0.040661 -0.062836
v -0.348358 0.042651 -0.076136
v -0.403159 0.038771 -0.074736
v -0.437255 -0.024009 -0.091536
v -0.440955 -0.028089 -0.085936
v -0.437454 -0.023929 -0.085936
v -0.440856 -0.028159 -0.092436
v -0.348358 0.040661 0.066364
v -0.403159 0.038771 0.078363
v -0.348358 0.042651 0.079763
v -0.574958 -0.168599 0.073263
v -0.561256 -0.115469 0.075964
v -0.560455 -0.117319 0.074663
v -0.467254 0.026031 0.002165
v -0.393958 0.026051 0.002165
v -0.393958 0.026051 0.001764
v -0.466956 0.026031 0.001764
v -0.467254 0.026031 0.001764
v -0.467254 0.026051 0.080664
v -0.393958 0.026071 0.080664
v -0.467254 0.026051 -0.077036
v -0.393958 0.026051 0.001465
v -0.393958 0.026071 -0.077036
v -0.467254 0.026031 0.001465
v -0.393958 0.026051 0.001764
v -0.466956 0.026031 0.001764
v -0.467254 0.026031 0.001764
v -0.345855 -0.058229 0.096563
v -0.323860 -0.058219 0.095663
v -0.323860 -0.058219 0.096563
v -0.344856 -0.058229 0.095663
v -0.345855 -0.058229 0.080564
v -0.344856 -0.058229 0.095663
v -0.345855 -0.058229 0.096563
v -0.344856 -0.058229 0.080564
v -0.345855 -0.058229 -0.094637
v -0.323860 -0.058219 -0.093737
v -0.344856 -0.058229 -0.093836
v -0.323860 -0.058219 -0.094637
v -0.345855 -0.058229 -0.078636
v -0.344856 -0.058229 -0.093836
v -0.344856 -0.058229 -0.078636
v -0.345855 -0.058229 -0.094637
v -0.344856 -0.058229 -0.093836
v -0.481857 0.039431 0.084463
v -0.480255 0.037811 0.085764
v -0.478553 0.037791 0.084364
v -0.411460 0.068831 0.057764
v -0.419257 0.077361 0.055763
v -0.421455 0.077701 0.063965
v 0.003342 -0.100989 -0.082737
v 0.744042 -0.053999 -0.062336
v 0.743943 -0.101609 -0.082537
v 0.005341 -0.054279 -0.062536
v -0.022659 -0.091809 -0.082737
v -0.033759 -0.053759 -0.062336
v -0.019157 -0.054229 -0.062336
v -0.359054 -0.187469 -0.080135
v -0.329757 -0.094579 -0.083536
v -0.353057 -0.187539 -0.083635
v -0.359054 -0.187469 -0.080135
v -0.335655 -0.094019 -0.080135
v -0.329757 -0.094579 -0.083536
v -0.411460 0.068831 -0.054136
v -0.421455 0.077701 -0.060335
v -0.419257 0.077361 -0.052135
v -0.411460 0.068831 0.057764
v -0.421455 0.077701 0.063965
v -0.412254 0.069001 0.065664
v -0.411460 0.068831 -0.054136
v -0.412254 0.069001 -0.062136
v -0.421455 0.077701 -0.060335
v -0.481857 0.039431 -0.080835
v -0.478553 0.037791 -0.080736
v -0.480255 0.037811 -0.082235
v -0.299659 0.063141 0.027264
v -0.314460 0.052911 0.040363
v -0.304054 0.059121 0.040264
v -0.005454 -0.054229 -0.062336
v -0.022659 -0.091809 -0.082737
v -0.019157 -0.054229 -0.062336
v -0.299659 0.063141 -0.023636
v -0.304054 0.059121 -0.036736
v -0.314460 0.052911 -0.036736
v -0.394058 0.047271 -0.054735
v -0.392059 0.047211 0.001764
v -0.392059 0.047261 0.001764
v -0.392059 0.047261 0.001764
v -0.392059 0.047211 0.001764
v -0.394058 0.047271 0.058365
v 0.005341 -0.054279 -0.062536
v -0.008857 -0.098959 -0.082737
v -0.005454 -0.054229 -0.062336
v -0.448654 -0.187719 -0.077335
v -0.423057 -0.085639 -0.080135
v -0.448654 -0.187719 -0.080236
v -0.423057 -0.085639 -0.077137
v -0.344154 -0.048949 0.096563
v -0.316856 -0.048949 0.095663
v -0.316856 -0.048949 0.096563
v -0.343253 -0.048949 0.095663
v -0.344154 -0.048959 0.080564
v -0.343253 -0.048949 0.095663
v -0.344154 -0.048949 0.096563
v -0.343253 -0.048959 0.080564
v -0.280860 -0.017969 0.087164
v -0.266258 0.042831 0.087263
v -0.272254 0.042831 0.083864
v -0.286857 -0.017969 0.083763
v -0.323158 -0.187369 0.080864
v -0.344154 -0.048949 -0.094637
v -0.316856 -0.048949 -0.093737
v -0.343253 -0.048949 -0.093836
v -0.316856 -0.048949 -0.094637
v -0.344154 -0.048959 -0.078636
v -0.343253 -0.048949 -0.093836
v -0.343253 -0.048959 -0.078636
v -0.344154 -0.048959 -0.078636
v -0.344154 -0.048949 -0.094637
v -0.343253 -0.048949 -0.093836
v -0.412254 0.069001 0.065664
v -0.405456 0.062021 0.058464
v -0.411460 0.068831 0.057764
v -0.456153 0.079421 -0.010635
v -0.457160 0.092201 -0.011036
v -0.457160 0.078711 -0.011137
v -0.459754 0.011031 0.085163
v -0.472259 0.004661 0.080564
v -0.472259 0.004661 0.085163
v -0.459754 0.011031 0.080564
v -0.445960 0.013231 0.085163
v -0.459754 0.011031 0.085163
v -0.445960 0.013231 0.080564
v -0.437057 0.013241 0.085163
v -0.445960 0.013231 0.085163
v -0.437057 0.013231 0.080564
v -0.426353 0.013241 0.080564
v -0.426353 0.013241 0.085163
v -0.329254 0.013441 0.085064
v -0.329254 0.013441 0.080463
v -0.459754 -0.074259 0.085163
v -0.459754 -0.074259 0.080564
v -0.445960 -0.076449 0.080564
v -0.445960 -0.076449 0.085163
v -0.436958 -0.075039 0.080564
v -0.445960 -0.076449 0.085163
v -0.436958 -0.075039 0.085163
v -0.426353 -0.073599 0.085163
v -0.436958 -0.075039 0.085163
v -0.426353 -0.073599 0.080564
v -0.335456 -0.031299 0.080564
v -0.426353 -0.073599 0.085163
v -0.335456 -0.031299 0.085064
v -0.358856 -0.091789 -0.083635
v -0.382858 -0.187539 -0.077236
v -0.382858 -0.187539 -0.083635
v -0.358856 -0.091789 -0.077137
v -0.412254 0.069001 -0.062136
v -0.411460 0.068831 -0.054136
v -0.405456 0.062021 -0.054935
v -0.335456 -0.031299 -0.078636
v -0.426353 -0.073599 -0.083237
v -0.335456 -0.031299 -0.083237
v -0.426353 -0.073599 -0.078636
v -0.436958 -0.075039 -0.078636
v -0.426353 -0.073599 -0.083237
v -0.436958 -0.075039 -0.083237
v -0.445960 -0.076449 -0.083237
v -0.436958 -0.075039 -0.083237
v -0.445960 -0.076449 -0.078636
v -0.459754 -0.074259 -0.083237
v -0.459754 -0.074259 -0.078636
v -0.445960 -0.076449 -0.083237
v -0.426353 0.013241 -0.078636
v -0.329254 0.013441 -0.078636
v -0.329254 0.013441 -0.083237
v -0.426353 0.013241 -0.083237
v -0.437057 0.013241 -0.083237
v -0.437057 0.013231 -0.078636
v -0.445960 0.013231 -0.078636
v -0.445960 0.013231 -0.083237
v -0.445960 0.013231 -0.083237
v -0.459754 0.011031 -0.078636
v -0.459754 0.011031 -0.083237
v -0.459754 0.011031 -0.083237
v -0.472259 0.004661 -0.078636
v -0.472259 0.004661 -0.083237
v -0.329254 0.013441 -0.078636
v -0.322860 0.013441 -0.094637
v -0.329253 0.013441 -0.094637
v -0.314857 0.012441 -0.078636
v -0.329254 0.013441 0.080463
v -0.322860 0.013441 0.096563
v -0.314857 0.012441 0.080463
v -0.329254 0.013441 0.096563
v -0.481857 0.039431 0.084463
v -0.478553 0.037791 0.084364
v -0.478355 0.038361 0.082664
v -0.304054 0.059121 -0.036736
v -0.321060 0.050171 -0.049736
v -0.314460 0.052911 -0.036736
v -0.304054 0.059121 0.040264
v -0.314460 0.052911 0.040363
v -0.321060 0.050171 0.053364
v -0.299659 0.063141 0.027264
v -0.310058 0.056131 0.027264
v -0.314460 0.052911 0.040363
v -0.299659 0.063141 -0.023636
v -0.314460 0.052911 -0.036736
v -0.310058 0.056131 -0.023636
v -0.331756 0.009431 -0.094637
v -0.330856 0.009431 -0.078636
v -0.330756 0.009431 -0.093737
v -0.315460 0.009441 0.096563
v -0.330757 0.009431 0.095663
v -0.331756 0.009431 0.096563
v -0.315460 0.009441 0.095663
v -0.331756 0.009431 0.096563
v -0.330856 0.009431 0.080463
v -0.331756 0.009431 0.080463
v -0.330757 0.009431 0.095663
v -0.481857 0.039431 -0.080835
v -0.478355 0.038361 -0.079037
v -0.478553 0.037791 -0.080736
v -0.456153 0.079421 -0.010635
v -0.456153 0.092661 -0.010635
v -0.457160 0.092201 -0.011036
v -0.315460 0.009441 -0.094637
v -0.330756 0.009431 -0.093737
v -0.315460 0.009441 -0.093737
v -0.331756 0.009431 -0.094637
v -0.331756 0.009431 -0.094637
v -0.331756 0.009431 -0.078636
v -0.330856 0.009431 -0.078636
v -0.286857 -0.017969 -0.080135
v -0.323158 -0.187539 -0.083635
v -0.329154 -0.187389 -0.080135
v -0.286857 -0.017969 -0.080135
v -0.280860 -0.017969 -0.083635
v -0.323158 -0.187539 -0.083635
v -0.272254 0.042831 -0.080236
v -0.266258 0.042831 -0.083635
v -0.272254 0.043801 -0.079636
v -0.266258 0.043801 -0.083036
v -0.299659 0.063141 0.027264
v -0.296859 0.065491 0.014263
v -0.307357 0.058011 0.014263
v -0.399658 0.054641 0.065865
v -0.394058 0.047271 0.065865
v -0.394058 0.047271 0.058365
v -0.399658 0.054651 0.058464
v -0.405456 0.062021 0.065865
v -0.405456 0.062021 0.065865
v -0.405456 0.062021 0.058464
v -0.412254 0.069001 0.065664
v -0.405456 0.062021 0.065865
v -0.399658 0.054641 -0.062237
v -0.394058 0.047271 -0.054735
v -0.394058 0.047271 -0.062237
v -0.399658 0.054651 -0.054836
v -0.405456 0.062021 -0.062237
v -0.405456 0.062021 -0.062237
v -0.405456 0.062021 -0.054935
v -0.412254 0.069001 -0.062136
v -0.405456 0.062021 -0.062237
v -0.299659 0.063141 -0.023636
v -0.307357 0.058011 -0.010635
v -0.296859 0.065491 -0.010635
v -0.456153 0.079421 0.014263
v -0.457160 0.078711 0.014765
v -0.457160 0.092201 0.014664
v -0.342559 -0.039679 0.080564
v -0.341560 -0.039679 0.095663
v -0.342559 -0.039679 0.096563
v -0.341560 -0.039679 0.080564
v -0.342559 -0.039679 0.096563
v -0.341560 -0.039679 0.095663
v -0.311958 -0.039669 0.095663
v -0.342559 -0.039679 -0.078636
v -0.341560 -0.039679 -0.093737
v -0.341560 -0.039679 -0.078636
v -0.342559 -0.039679 -0.094637
v -0.341560 -0.039679 -0.093737
v -0.342559 -0.039679 -0.094637
v -0.311958 -0.039669 -0.093737
v -0.341560 -0.039679 -0.093737
v -0.548454 -0.114989 -0.069737
v -0.560859 -0.114989 -0.069737
v -0.560356 -0.115959 -0.070736
v -0.548057 -0.115959 -0.070736
v -0.050056 -0.043919 0.087164
v -0.074760 -0.017669 0.080565
v -0.081359 -0.044349 0.080664
v -0.117057 -0.186789 0.080864
v -0.481857 0.039431 -0.080835
v -0.478355 0.038361 -0.077036
v -0.478355 0.038361 -0.079037
v -0.481857 0.039431 0.084463
v -0.478355 0.038361 0.082664
v -0.478355 0.038361 0.080664
v -0.306159 0.058741 0.001764
v -0.306457 0.058521 0.002165
v -0.295959 0.066331 0.002165
v -0.295959 0.066331 0.002165
v -0.307357 0.058011 0.014263
v -0.296058 0.066301 0.001764
v -0.306159 0.058741 0.001764
v -0.306159 0.058741 0.001764
v -0.296058 0.066301 0.001764
v -0.295959 0.066331 0.001465
v -0.307357 0.058011 -0.010635
v -0.306457 0.058521 0.001465
v -0.295959 0.066331 0.001465
v -0.306159 0.058741 0.001764
v -0.019157 -0.054229 0.063765
v -0.038558 -0.051109 0.066963
v -0.019157 -0.054229 0.065964
v -0.456153 0.079421 0.014263
v -0.457160 0.092201 0.014664
v -0.456153 0.092661 0.014263
v -0.309158 0.000061 0.096563
v -0.333457 0.000161 0.095663
v -0.334358 0.000161 0.096563
v -0.309158 0.000061 0.095663
v -0.309158 0.000061 -0.094637
v -0.333457 0.000161 -0.093737
v -0.309158 0.000061 -0.093737
v -0.334358 0.000161 -0.094637
v -0.334358 0.000161 0.096563
v -0.333457 0.000151 0.080463
v -0.334358 0.000151 0.080463
v -0.333457 0.000161 0.095663
v -0.334358 0.000161 -0.094637
v -0.333457 0.000151 -0.078636
v -0.333457 0.000161 -0.093737
v -0.334358 0.000161 -0.094637
v -0.334358 0.000151 -0.078636
v -0.333457 0.000151 -0.078636
v -0.478858 0.036451 0.085064
v -0.480255 0.037811 0.085764
v -0.480560 0.036311 0.086365
v -0.481857 0.039431 0.084463
v -0.478355 0.038361 0.080664
v -0.478355 0.040621 0.066463
v -0.481857 0.039431 -0.080835
v -0.478355 0.040621 -0.062836
v -0.478355 0.038361 -0.077036
v -0.340858 -0.030399 0.096563
v -0.308555 -0.030399 0.095663
v -0.308555 -0.030389 0.096563
v -0.339858 -0.030399 0.095663
v -0.340858 -0.030409 0.080564
v -0.339858 -0.030399 0.095663
v -0.340858 -0.030399 0.096563
v -0.339858 -0.030409 0.080564
v -0.340858 -0.030399 -0.094637
v -0.308555 -0.030399 -0.093737
v -0.339858 -0.030399 -0.093737
v -0.308555 -0.030399 -0.094637
v -0.340858 -0.030409 -0.078636
v -0.339858 -0.030399 -0.093737
v -0.339858 -0.030409 -0.078636
v -0.340858 -0.030409 -0.078636
v -0.340858 -0.030399 -0.094637
v -0.339858 -0.030399 -0.093737
v -0.257560 -0.045079 -0.083536
v -0.299255 -0.187299 -0.080135
v -0.263656 -0.044389 -0.080135
v -0.257560 -0.045079 -0.083536
v -0.263656 -0.044389 -0.080135
v -0.256957 -0.018329 -0.077036
v -0.478858 0.036451 0.085064
v -0.478553 0.037791 0.084364
v -0.480255 0.037811 0.085764
v -0.257560 -0.045079 -0.083536
v -0.293258 -0.187539 -0.083635
v -0.299255 -0.187299 -0.080135
v -0.478858 0.036451 -0.081436
v -0.480560 0.036311 -0.082836
v -0.480255 0.037811 -0.082235
v -0.336555 -0.009119 0.096563
v -0.335655 -0.009119 0.080463
v -0.336555 -0.009119 0.080463
v -0.335655 -0.009119 0.095663
v -0.306457 -0.009109 0.096563
v -0.335655 -0.009119 0.095663
v -0.336555 -0.009119 0.096563
v -0.306457 -0.009109 0.095663
v -0.336555 -0.009119 -0.094637
v -0.335655 -0.009119 -0.078636
v -0.335655 -0.009119 -0.093737
v -0.336555 -0.009119 -0.094637
v -0.336555 -0.009119 -0.078636
v -0.335655 -0.009119 -0.078636
v -0.306457 -0.009109 -0.094637
v -0.335655 -0.009119 -0.093737
v -0.306457 -0.009109 -0.093737
v -0.336555 -0.009119 -0.094637
v -0.339057 -0.021129 0.096563
v -0.306358 -0.021119 0.095663
v -0.306358 -0.021119 0.096563
v -0.338058 -0.021129 0.095663
v -0.339057 -0.021129 0.080564
v -0.338058 -0.021129 0.095663
v -0.339057 -0.021129 0.096563
v -0.338058 -0.021129 0.080564
v -0.339057 -0.021129 -0.094637
v -0.306358 -0.021119 -0.093737
v -0.338058 -0.021129 -0.093737
v -0.306358 -0.021119 -0.094637
v -0.339057 -0.021129 -0.078636
v -0.338058 -0.021129 -0.093737
v -0.338058 -0.021129 -0.078636
v -0.339057 -0.021129 -0.078636
v -0.339057 -0.021129 -0.094637
v -0.338058 -0.021129 -0.093737
v -0.352653 -0.082829 0.080564
v -0.350555 -0.078809 0.096563
v -0.350860 -0.076499 0.096563
v -0.393958 -0.088429 -0.080135
v -0.418754 -0.187639 -0.077335
v -0.393958 -0.088429 -0.077137
v -0.418754 -0.187639 -0.080236
v -0.478858 0.036451 -0.081436
v -0.480255 0.037811 -0.082235
v -0.478553 0.037791 -0.080736
v -0.388053 -0.088999 -0.083635
v -0.412757 -0.187619 -0.077335
v -0.412757 -0.187539 -0.083635
v -0.352653 -0.082829 -0.078636
v -0.350860 -0.076499 -0.094637
v -0.350555 -0.078809 -0.094637
v -0.388053 -0.088999 -0.083635
v -0.388053 -0.088999 -0.077137
v -0.412757 -0.187619 -0.077335
v -0.425155 -0.047129 0.087463
v -0.421859 -0.041359 0.086365
v -0.421859 -0.041359 0.087463
v -0.425155 -0.047129 0.086365
v -0.429855 -0.051839 0.087463
v -0.425155 -0.047129 0.087463
v -0.429855 -0.051839 0.086365
v -0.435653 -0.055169 0.087463
v -0.429855 -0.051839 0.087463
v -0.435653 -0.055169 0.086365
v -0.442054 -0.056899 0.087463
v -0.435653 -0.055169 0.087463
v -0.442054 -0.056899 0.086365
v -0.448654 -0.056899 0.087463
v -0.442054 -0.056899 0.087463
v -0.338455 -0.018389 0.096563
v -0.337554 -0.018399 0.080564
v -0.338455 -0.018399 0.080564
v -0.337554 -0.018389 0.095663
v -0.306159 -0.018379 0.096563
v -0.337554 -0.018389 0.095663
v -0.338455 -0.018389 0.096563
v -0.306159 -0.018379 0.095663
v -0.338455 -0.018389 -0.094637
v -0.337554 -0.018399 -0.078636
v -0.337554 -0.018389 -0.093737
v -0.338455 -0.018389 -0.094637
v -0.338455 -0.018399 -0.078636
v -0.337554 -0.018399 -0.078636
v -0.306159 -0.018379 -0.094637
v -0.337554 -0.018389 -0.093737
v -0.306159 -0.018379 -0.093737
v -0.338455 -0.018389 -0.094637
v -0.227760 -0.044929 -0.083536
v -0.269454 -0.187219 -0.080135
v -0.233856 -0.044249 -0.080135
v -0.458053 -0.051059 0.088663
v -0.460357 -0.048429 0.087864
v -0.460853 -0.048869 0.088663
v -0.457755 -0.050449 0.087864
v -0.352653 -0.082829 0.080564
v -0.352355 -0.086229 0.081064
v -0.350555 -0.078809 0.096563
v -0.227760 -0.044929 -0.083536
v -0.233856 -0.044249 -0.080135
v -0.227157 -0.018219 -0.077036
v -0.352653 -0.082829 -0.078636
v -0.350555 -0.078809 -0.094637
v -0.352355 -0.086229 -0.079237
v -0.227760 -0.044929 -0.083536
v -0.263358 -0.187539 -0.083635
v -0.269454 -0.187219 -0.080135
v -0.535255 -0.187969 0.086464
v -0.478858 0.036451 0.085064
v -0.480560 0.036311 0.086365
v -0.393958 0.026051 0.001465
v -0.403159 0.040641 -0.023737
v -0.403159 0.040641 -0.049736
v -0.403159 0.040631 -0.010635
v -0.403159 0.040631 0.001465
v -0.393958 0.026051 0.001764
v -0.403060 0.040561 0.001764
v -0.403159 0.040611 0.001764
v -0.403159 0.040621 0.001764
v -0.403159 0.040631 0.001764
v -0.337058 -0.011849 0.096563
v -0.306159 -0.011839 0.095663
v -0.306159 -0.011839 0.096563
v -0.336059 -0.011849 0.095663
v -0.337058 -0.011859 0.080463
v -0.336059 -0.011849 0.095663
v -0.337058 -0.011849 0.096563
v -0.336158 -0.011859 0.080463
v -0.403159 0.040631 0.002165
v -0.403159 0.040611 0.001764
v -0.403060 0.040561 0.001764
v -0.403159 0.040621 0.001764
v -0.403159 0.040631 0.001764
v -0.393958 0.026051 0.001764
v -0.393958 0.026051 0.002165
v -0.403159 0.040631 0.014263
v -0.403159 0.040641 0.027264
v -0.403159 0.040641 0.053364
v -0.393958 0.026071 0.080664
v -0.403159 0.038771 0.078363
v -0.403159 0.040651 0.066463
v -0.393958 0.026071 0.080664
v -0.402358 0.037611 0.079464
v -0.403159 0.038771 0.078363
v -0.337058 -0.011849 -0.094637
v -0.306159 -0.011839 -0.093737
v -0.336158 -0.011849 -0.093737
v -0.306159 -0.011839 -0.094637
v -0.337058 -0.011859 -0.078636
v -0.336158 -0.011849 -0.093737
v -0.336158 -0.011859 -0.078636
v -0.337058 -0.011859 -0.078636
v -0.337058 -0.011849 -0.094637
v -0.336158 -0.011849 -0.093737
v -0.403159 0.040641 -0.049736
v -0.393958 0.026071 -0.077036
v -0.393958 0.026051 0.001465
v -0.402358 0.037611 -0.075836
v -0.403159 0.038771 -0.074736
v -0.403159 0.040651 -0.062836
v -0.403159 0.038771 -0.074736
v -0.458053 -0.051059 -0.086737
v -0.460357 -0.048429 -0.085936
v -0.457755 -0.050449 -0.085936
v -0.460853 -0.048869 -0.086737
v -0.444854 0.092671 -0.010635
v -0.456153 0.092661 -0.010635
v -0.456153 0.079421 -0.010635
v -0.444854 0.080601 -0.010635
v -0.425155 -0.047129 -0.085537
v -0.421859 -0.041359 -0.085537
v -0.421859 -0.041359 -0.084436
v -0.425155 -0.047129 -0.084436
v -0.429855 -0.051839 -0.085537
v -0.425155 -0.047129 -0.085537
v -0.429855 -0.051839 -0.084436
v -0.435653 -0.055169 -0.085537
v -0.429855 -0.051839 -0.085537
v -0.435653 -0.055169 -0.084436
v -0.442054 -0.056899 -0.085537
v -0.435653 -0.055169 -0.085537
v -0.448760 -0.006319 0.087463
v -0.455154 -0.008049 0.087463
v -0.448760 -0.006319 0.086365
v -0.442054 -0.006319 0.087463
v -0.448760 -0.006319 0.087463
v -0.442054 -0.006319 0.086365
v -0.435653 -0.008039 0.087463
v -0.442054 -0.006319 0.087463
v -0.435653 -0.008039 0.086365
v -0.429855 -0.011369 0.087463
v -0.435653 -0.008039 0.087463
v -0.429855 -0.011369 0.086365
v -0.425155 -0.016069 0.087463
v -0.425155 -0.016069 0.086365
v -0.429855 -0.011369 0.087463
v -0.307754 -0.027659 0.096563
v -0.339355 -0.027669 0.095663
v -0.340354 -0.027669 0.096563
v -0.307754 -0.027659 0.095663
v -0.340354 -0.027669 0.096563
v -0.339355 -0.027669 0.080564
v -0.340354 -0.027669 0.080564
v -0.339355 -0.027669 0.095663
v -0.307754 -0.027659 -0.094637
v -0.339355 -0.027669 -0.093737
v -0.307754 -0.027659 -0.093737
v -0.340354 -0.027669 -0.094637
v -0.340354 -0.027669 -0.094637
v -0.339355 -0.027669 -0.078636
v -0.339355 -0.027669 -0.093737
v -0.340354 -0.027669 -0.094637
v -0.340354 -0.027669 -0.078636
v -0.535255 -0.187969 -0.082836
v -0.480560 0.036311 -0.082836
v -0.478858 0.036451 -0.081436
v -0.335059 -0.002579 0.080463
v -0.334060 -0.002579 0.095663
v -0.335060 -0.002579 0.096563
v -0.334060 -0.002579 0.080463
v -0.335059 -0.002579 -0.078636
v -0.334060 -0.002579 -0.093737
v -0.334060 -0.002579 -0.078636
v -0.335059 -0.002579 -0.078636
v -0.335059 -0.002579 -0.094637
v -0.334060 -0.002579 -0.093737
v -0.335060 -0.002579 0.096563
v -0.308158 -0.002679 0.095663
v -0.308158 -0.002679 0.096563
v -0.334060 -0.002579 0.095663
v -0.335059 -0.002579 -0.094637
v -0.308158 -0.002679 -0.093737
v -0.334060 -0.002579 -0.093737
v -0.308158 -0.002679 -0.094637
v -0.311256 -0.037849 0.096264
v -0.341056 -0.036939 0.095663
v -0.342056 -0.036939 0.096563
v -0.197860 -0.044789 -0.083536
v -0.239555 -0.187139 -0.080135
v -0.203956 -0.044109 -0.080135
v -0.311256 -0.037849 -0.094336
v -0.342056 -0.036939 -0.094637
v -0.341056 -0.036939 -0.093737
v -0.197860 -0.044789 -0.083536
v -0.203956 -0.044109 -0.080135
v -0.197257 -0.018099 -0.077036
v -0.444854 0.092671 0.014263
v -0.444854 0.080601 0.014263
v -0.456153 0.079421 0.014263
v -0.456153 0.092661 0.014263
v -0.442054 -0.006319 -0.085537
v -0.442054 -0.006319 -0.084436
v -0.448760 -0.006319 -0.085537
v -0.435653 -0.008039 -0.085537
v -0.442054 -0.006319 -0.085537
v -0.435653 -0.008039 -0.084436
v -0.429855 -0.011369 -0.085537
v -0.435653 -0.008039 -0.085537
v -0.429855 -0.011369 -0.084436
v -0.425155 -0.016069 -0.085537
v -0.429855 -0.011369 -0.085537
v -0.425155 -0.016069 -0.084436
v -0.197860 -0.044789 -0.083536
v -0.233459 -0.187539 -0.083635
v -0.239555 -0.187139 -0.080135
v -0.392059 0.047271 -0.062237
v -0.391960 0.038651 -0.054836
v -0.391960 0.038651 -0.062237
v -0.392059 0.047271 -0.054735
v -0.392059 0.047261 0.001764
v -0.392059 0.047211 0.001764
v -0.391960 0.038631 0.001764
v -0.391960 0.038651 0.058464
v -0.391960 0.038631 0.001764
v -0.392059 0.047211 0.001764
v -0.392059 0.047271 0.065865
v -0.391960 0.038651 0.065865
v -0.392059 0.047271 0.058365
v -0.392059 0.047261 0.001764
v -0.342056 -0.036939 0.096563
v -0.341056 -0.036949 0.080564
v -0.342056 -0.036949 0.080564
v -0.341056 -0.036939 0.095663
v -0.342056 -0.036939 -0.094637
v -0.341056 -0.036949 -0.078636
v -0.341056 -0.036939 -0.093737
v -0.342056 -0.036939 -0.094637
v -0.342056 -0.036949 -0.078636
v -0.341056 -0.036949 -0.078636
v -0.330757 0.009431 0.095663
v -0.329460 0.011431 0.080463
v -0.330856 0.009431 0.080463
v -0.329460 0.011441 0.095663
v -0.330756 0.009431 -0.093737
v -0.329460 0.011431 -0.078636
v -0.329459 0.011441 -0.093737
v -0.330756 0.009431 -0.093737
v -0.330856 0.009431 -0.078636
v -0.329460 0.011431 -0.078636
v -0.329254 0.013441 0.080463
v -0.330459 0.011441 0.096563
v -0.329254 0.013441 0.096563
v -0.330459 0.011431 0.080463
v -0.329254 0.013441 -0.078636
v -0.330459 0.011441 -0.094637
v -0.330459 0.011431 -0.078636
v -0.329253 0.013441 -0.094637
v -0.425659 0.007591 -0.070437
v -0.430854 0.007831 -0.077137
v -0.314353 0.007621 -0.077036
v -0.556556 -0.091459 0.026764
v -0.569358 -0.091459 0.027063
v -0.570655 -0.090069 0.027063
v -0.332557 0.006701 0.096563
v -0.312957 0.006701 0.095663
v -0.312957 0.006701 0.096563
v -0.331657 0.006701 0.095663
v -0.332557 0.006691 0.080463
v -0.331657 0.006701 0.095663
v -0.332557 0.006701 0.096563
v -0.331657 0.006691 0.080463
v -0.332557 0.006701 -0.094637
v -0.312957 0.006701 -0.093737
v -0.331657 0.006701 -0.093737
v -0.312957 0.006701 -0.094637
v -0.332557 0.006691 -0.078636
v -0.331657 0.006701 -0.093737
v -0.331657 0.006691 -0.078636
v -0.332557 0.006691 -0.078636
v -0.332557 0.006701 -0.094637
v -0.331657 0.006701 -0.093737
v -0.348358 0.046041 -0.062836
v -0.348358 0.043771 -0.076336
v -0.348358 0.042651 -0.076136
v -0.348358 0.040661 -0.062836
v -0.348358 0.046031 -0.049736
v -0.348358 0.040661 -0.049736
v -0.348358 0.046031 -0.036736
v -0.348358 0.040651 -0.036736
v -0.348358 0.046031 -0.023636
v -0.348358 0.040651 -0.023636
v -0.348358 0.040651 -0.010635
v -0.348358 0.046021 -0.010635
v -0.348358 0.046021 0.001465
v -0.348358 0.040641 0.001465
v -0.348358 0.046021 0.001764
v -0.348358 0.040811 0.001764
v -0.348358 0.040641 0.001764
v -0.348358 0.040641 0.002165
v -0.348358 0.040811 0.001764
v -0.348358 0.040641 0.001764
v -0.348358 0.046021 0.001764
v -0.348358 0.046021 0.002165
v -0.348358 0.040651 0.014263
v -0.348358 0.046021 0.014263
v -0.348358 0.046031 0.027264
v -0.348358 0.040651 0.027264
v -0.348358 0.040651 0.040363
v -0.348358 0.046031 0.040363
v -0.348358 0.040661 0.053364
v -0.348358 0.046031 0.053364
v -0.348358 0.040661 0.066364
v -0.348358 0.046041 0.066364
v -0.348358 0.042651 0.079763
v -0.348358 0.043781 0.079864
v -0.301055 0.001001 -0.077036
v -0.301055 0.001001 -0.070335
v -0.303153 0.003071 -0.070335
v -0.303153 0.003071 -0.077036
v -0.304954 0.004141 -0.077036
v -0.303153 0.003071 -0.077036
v -0.308456 0.006251 -0.070335
v -0.314353 0.007621 -0.070335
v -0.314353 0.007621 -0.077036
v -0.425659 0.007591 -0.070437
v -0.430854 0.007831 -0.070437
v -0.430854 0.007831 -0.077137
v -0.435958 0.008401 -0.070437
v -0.435958 0.008401 -0.077036
v -0.445258 0.009861 -0.070437
v -0.445258 0.009871 -0.077036
v -0.445258 0.009861 -0.070437
v -0.459655 0.007581 -0.070437
v -0.459655 0.007581 -0.070437
v -0.459655 0.007581 -0.077036
v -0.472656 0.000951 -0.070437
v -0.472656 0.000951 -0.077036
v -0.459655 0.007581 0.080664
v -0.472656 0.000951 0.080664
v -0.472656 0.000951 0.074064
v -0.459655 0.007581 0.073963
v -0.445258 0.009871 0.080664
v -0.459655 0.007581 0.073963
v -0.445258 0.009861 0.073963
v -0.435958 0.008401 0.080664
v -0.435958 0.008401 0.073963
v -0.430854 0.007831 0.080765
v -0.430854 0.007831 0.073963
v -0.314353 0.007621 0.080664
v -0.314353 0.007621 0.073963
v -0.314353 0.007621 0.073963
v -0.301055 0.001001 0.080664
v -0.364753 -0.091219 -0.080135
v -0.388954 -0.187559 -0.077236
v -0.364753 -0.091229 -0.077137
v -0.364753 -0.091219 -0.080135
v -0.388954 -0.187559 -0.080135
v -0.388954 -0.187559 -0.077236
v 0.005440 -0.054229 -0.060137
v 0.744141 -0.054039 -0.060036
v 0.744042 -0.053999 -0.062336
v 0.744042 -0.053999 -0.062336
v 0.005341 -0.054279 -0.062536
v -0.005454 -0.054229 -0.062336
v -0.005454 -0.054229 -0.060137
v -0.019157 -0.054229 -0.062336
v -0.019157 -0.054229 -0.060137
v -0.033759 -0.053759 -0.062336
v -0.033759 -0.053759 -0.060137
v -0.038558 -0.051109 -0.060137
v -0.038558 -0.051109 -0.063335
v -0.038558 -0.051109 -0.060137
v -0.043357 -0.045639 -0.065336
v -0.043357 -0.045639 -0.060137
v -0.556556 -0.091459 0.026764
v -0.570655 -0.090069 0.027063
v -0.556457 -0.041539 0.026764
v -0.442657 -0.187539 -0.083635
v -0.417259 -0.086209 -0.077137
v -0.442657 -0.187709 -0.077335
v -0.442657 -0.187539 -0.083635
v -0.417259 -0.086199 -0.083635
v -0.417259 -0.086209 -0.077137
v -0.330459 0.011441 0.096563
v -0.318260 0.011441 0.095663
v -0.318260 0.011441 0.096563
v -0.329460 0.011441 0.095663
v -0.330459 0.011431 0.080463
v -0.329460 0.011441 0.095663
v -0.330459 0.011441 0.096563
v -0.329460 0.011431 0.080463
v -0.330459 0.011441 -0.094637
v -0.318260 0.011441 -0.093737
v -0.329459 0.011441 -0.093737
v -0.318260 0.011441 -0.094637
v -0.330459 0.011431 -0.078636
v -0.329459 0.011441 -0.093737
v -0.329460 0.011431 -0.078636
v -0.330459 0.011431 -0.078636
v -0.330459 0.011441 -0.094637
v -0.329459 0.011441 -0.093737
v -0.315055 -0.046209 0.096563
v -0.342758 -0.046219 0.095663
v -0.343757 -0.046219 0.096563
v -0.315055 -0.046209 0.095663
v -0.343757 -0.046219 0.096563
v -0.342758 -0.046219 0.080564
v -0.343757 -0.046219 0.080564
v -0.342758 -0.046219 0.095663
v -0.315055 -0.046209 -0.094637
v -0.342758 -0.046219 -0.093836
v -0.315055 -0.046209 -0.093737
v -0.343757 -0.046219 -0.094637
v -0.343757 -0.046219 -0.094637
v -0.342758 -0.046219 -0.078636
v -0.342758 -0.046219 -0.093836
v -0.343757 -0.046219 -0.094637
v -0.343757 -0.046219 -0.078636
v -0.342758 -0.046219 -0.078636
v -0.134460 0.021881 0.025965
v -0.134460 -0.091459 0.028765
v -0.507453 0.009841 0.026665
v -0.134460 -0.091459 0.028765
v -0.524154 -0.007489 0.026764
v -0.556556 -0.091459 0.026764
v -0.556457 -0.041539 0.026764
v -0.167953 -0.044649 -0.083536
v -0.209655 -0.187049 -0.080135
v -0.174056 -0.043969 -0.080135
v -0.134460 -0.091459 0.028765
v -0.556556 -0.091459 0.026764
v -0.524154 -0.007489 0.026764
v -0.167953 -0.044649 -0.083536
v -0.174056 -0.043969 -0.080135
v -0.167358 -0.017989 -0.077036
v -0.403259 0.026051 -0.062237
v -0.403259 0.038641 -0.062237
v -0.403259 0.038651 -0.060137
v -0.403259 0.026051 -0.062237
v -0.403259 0.038651 -0.060137
v -0.403259 0.026051 -0.060236
v -0.403259 0.038631 0.001764
v -0.403259 0.038541 0.001764
v -0.403259 0.026031 0.001764
v -0.403259 0.038631 0.001764
v -0.403259 0.038541 0.001764
v -0.403259 0.026051 -0.060236
v -0.403259 0.026051 0.063765
v -0.403259 0.038541 0.001764
v -0.403259 0.038631 0.001764
v -0.403259 0.026051 0.063765
v -0.403259 0.026031 0.001764
v -0.403259 0.038541 0.001764
v -0.403259 0.038631 0.001764
v -0.403259 0.038651 0.063765
v -0.403259 0.026051 0.065865
v -0.403259 0.038641 0.065865
v -0.331756 0.009431 0.080463
v -0.332557 0.006701 0.096563
v -0.331756 0.009431 0.096563
v -0.332557 0.006691 0.080463
v -0.331756 0.009431 -0.078636
v -0.332557 0.006701 -0.094637
v -0.332557 0.006691 -0.078636
v -0.331756 0.009431 -0.094637
v -0.334358 0.000151 0.080463
v -0.335060 -0.002579 0.096563
v -0.334358 0.000161 0.096563
v -0.335059 -0.002579 0.080463
v -0.167953 -0.044649 -0.083536
v -0.203658 -0.187539 -0.083635
v -0.209655 -0.187049 -0.080135
v -0.334358 0.000151 -0.078636
v -0.335059 -0.002579 -0.094637
v -0.335059 -0.002579 -0.078636
v -0.334358 0.000151 -0.078636
v -0.334358 0.000161 -0.094637
v -0.335059 -0.002579 -0.094637
v -0.331657 0.006701 0.095663
v -0.333457 0.000151 0.080463
v -0.333457 0.000161 0.095663
v -0.331657 0.006701 0.095663
v -0.331657 0.006691 0.080463
v -0.333457 0.000151 0.080463
v -0.331657 0.006701 -0.093737
v -0.333457 0.000151 -0.078636
v -0.331657 0.006691 -0.078636
v -0.333457 0.000161 -0.093737
v -0.343757 -0.046219 0.080564
v -0.344154 -0.048949 0.096563
v -0.343757 -0.046219 0.096563
v -0.344154 -0.048959 0.080564
v -0.343757 -0.046219 -0.078636
v -0.344154 -0.048949 -0.094637
v -0.344154 -0.048959 -0.078636
v -0.343757 -0.046219 -0.078636
v -0.343757 -0.046219 -0.094637
v -0.344154 -0.048949 -0.094637
v -0.338455 -0.018399 0.080564
v -0.339057 -0.021129 0.096563
v -0.338455 -0.018389 0.096563
v -0.339057 -0.021129 0.080564
v -0.340354 -0.027669 0.080564
v -0.340858 -0.030399 0.096563
v -0.340354 -0.027669 0.096563
v -0.340858 -0.030409 0.080564
v -0.342056 -0.036949 0.080564
v -0.342559 -0.039679 0.096563
v -0.342056 -0.036939 0.096563
v -0.342559 -0.039679 0.080564
v -0.392059 0.047261 0.001764
v -0.392059 0.047211 0.001764
v -0.391960 0.038651 -0.054836
v -0.338455 -0.018399 -0.078636
v -0.339057 -0.021129 -0.094637
v -0.339057 -0.021129 -0.078636
v -0.338455 -0.018389 -0.094637
v -0.340354 -0.027669 -0.078636
v -0.340858 -0.030399 -0.094637
v -0.340858 -0.030409 -0.078636
v -0.340354 -0.027669 -0.078636
v -0.340354 -0.027669 -0.094637
v -0.340858 -0.030399 -0.094637
v -0.342056 -0.036949 -0.078636
v -0.342559 -0.039679 -0.094637
v -0.342559 -0.039679 -0.078636
v -0.342056 -0.036939 -0.094637
v -0.336555 -0.009119 0.080463
v -0.337058 -0.011849 0.096563
v -0.336555 -0.009119 0.096563
v -0.337058 -0.011859 0.080463
v -0.334060 -0.002579 0.095663
v -0.335655 -0.009119 0.080463
v -0.335655 -0.009119 0.095663
v -0.334060 -0.002579 0.095663
v -0.334060 -0.002579 0.080463
v -0.335655 -0.009119 0.080463
v -0.343253 -0.048949 0.095663
v -0.344253 -0.055499 0.080564
v -0.344253 -0.055489 0.095663
v -0.343253 -0.048959 0.080564
v -0.460853 -0.048869 0.088663
v -0.460357 -0.048429 0.087864
v -0.459457 -0.047259 0.087864
v -0.391960 0.038651 0.058464
v -0.392059 0.047211 0.001764
v -0.392059 0.047261 0.001764
v -0.336555 -0.009119 -0.078636
v -0.337058 -0.011849 -0.094637
v -0.337058 -0.011859 -0.078636
v -0.336555 -0.009119 -0.094637
v -0.334060 -0.002579 -0.093737
v -0.335655 -0.009119 -0.078636
v -0.334060 -0.002579 -0.078636
v -0.335655 -0.009119 -0.093737
v -0.343253 -0.048949 -0.093836
v -0.344253 -0.055499 -0.078636
v -0.343253 -0.048959 -0.078636
v -0.344253 -0.055489 -0.093836
v -0.344856 -0.058229 0.080564
v -0.345855 -0.064129 0.095663
v -0.344856 -0.058229 0.095663
v -0.345855 -0.064139 0.080564
v -0.345260 -0.055499 0.080564
v -0.345855 -0.058229 0.096563
v -0.345260 -0.055489 0.096563
v -0.345855 -0.058229 0.080564
v -0.344856 -0.058229 -0.078636
v -0.345855 -0.064129 -0.093836
v -0.345855 -0.064139 -0.078636
v -0.344856 -0.058229 -0.093836
v -0.345260 -0.055499 -0.078636
v -0.345855 -0.058229 -0.094637
v -0.345855 -0.058229 -0.078636
v -0.336059 -0.011849 0.095663
v -0.337554 -0.018399 0.080564
v -0.337554 -0.018389 0.095663
v -0.336158 -0.011859 0.080463
v -0.338058 -0.021129 0.095663
v -0.339355 -0.027669 0.080564
v -0.339355 -0.027669 0.095663
v -0.338058 -0.021129 0.080564
v -0.339858 -0.030399 0.095663
v -0.341056 -0.036949 0.080564
v -0.341056 -0.036939 0.095663
v -0.339858 -0.030399 0.095663
v -0.339858 -0.030409 0.080564
v -0.341056 -0.036949 0.080564
v -0.341560 -0.039679 0.095663
v -0.342758 -0.046219 0.080564
v -0.342758 -0.046219 0.095663
v -0.341560 -0.039679 0.095663
v -0.341560 -0.039679 0.080564
v -0.342758 -0.046219 0.080564
v -0.345260 -0.055499 -0.078636
v -0.345260 -0.055489 -0.094637
v -0.345855 -0.058229 -0.094637
v -0.336158 -0.011849 -0.093737
v -0.337554 -0.018399 -0.078636
v -0.336158 -0.011859 -0.078636
v -0.337554 -0.018389 -0.093737
v -0.338058 -0.021129 -0.093737
v -0.339355 -0.027669 -0.078636
v -0.338058 -0.021129 -0.078636
v -0.339355 -0.027669 -0.093737
v -0.339858 -0.030399 -0.093737
v -0.341056 -0.036949 -0.078636
v -0.339858 -0.030409 -0.078636
v -0.341056 -0.036939 -0.093737
v -0.341560 -0.039679 -0.093737
v -0.342758 -0.046219 -0.078636
v -0.341560 -0.039679 -0.078636
v -0.342758 -0.046219 -0.093836
v -0.019157 -0.054229 0.065964
v 0.005341 -0.054279 0.066164
v 0.005440 -0.054229 0.063765
v -0.460853 -0.048869 -0.086737
v -0.459457 -0.047259 -0.085936
v -0.460357 -0.048429 -0.085936
v 0.005440 -0.054229 0.063765
v 0.744042 -0.053999 0.065964
v 0.744141 -0.054039 0.063664
v 0.005341 -0.054279 0.066164
v -0.019157 -0.054229 0.065964
v -0.005454 -0.054229 0.063765
v -0.019157 -0.054229 0.065964
v -0.019157 -0.054229 0.063765
v -0.321555 -0.055489 0.096563
v -0.344253 -0.055489 0.095663
v -0.345260 -0.055489 0.096563
v -0.321555 -0.055489 0.095663
v -0.345260 -0.055489 0.096563
v -0.344253 -0.055499 0.080564
v -0.345260 -0.055499 0.080564
v -0.344253 -0.055489 0.095663
v -0.321555 -0.055489 -0.094637
v -0.344253 -0.055489 -0.093836
v -0.321555 -0.055489 -0.093737
v -0.345260 -0.055489 -0.094637
v -0.345260 -0.055489 -0.094637
v -0.344253 -0.055499 -0.078636
v -0.344253 -0.055489 -0.093836
v -0.345260 -0.055489 -0.094637
v -0.345260 -0.055499 -0.078636
v -0.344253 -0.055499 -0.078636
v -0.348457 -0.070039 0.080564
v -0.346855 -0.064129 0.096563
v -0.346855 -0.064139 0.080564
v -0.348457 -0.070039 0.096563
v -0.350860 -0.076499 0.096563
v -0.352653 -0.082829 0.080564
v -0.348457 -0.070039 -0.078636
v -0.350860 -0.076499 -0.094637
v -0.352653 -0.082829 -0.078636
v -0.348457 -0.070039 -0.094637
v -0.346855 -0.064129 -0.094637
v -0.346855 -0.064139 -0.078636
v -0.460853 -0.048869 0.088663
v -0.459457 -0.047259 0.087864
v -0.459556 -0.047179 0.089964
v -0.127960 0.028211 0.022465
v -0.134460 0.021881 0.025965
v -0.507453 0.009841 0.026665
v -0.501060 0.016171 0.023264
v -0.560455 -0.117319 -0.071035
v -0.548057 -0.115959 -0.070736
v -0.560356 -0.115959 -0.070736
v -0.547759 -0.117319 -0.071035
v -0.460853 -0.048869 -0.086737
v -0.459556 -0.047179 -0.088036
v -0.459457 -0.047259 -0.085936
v -0.434059 -0.013859 0.089865
v -0.433059 -0.012759 0.087864
v -0.432754 -0.012149 0.088663
v -0.434059 -0.013859 -0.088036
v -0.432754 -0.012149 -0.086737
v -0.433059 -0.012759 -0.085936
v -0.138160 -0.044509 -0.083536
v -0.144157 -0.043829 -0.080135
v -0.137557 -0.017879 -0.077036
v -0.459556 -0.047179 0.089964
v -0.459457 -0.047259 0.087864
v -0.456558 -0.043439 0.087864
v -0.138160 -0.044509 -0.083536
v -0.179756 -0.186969 -0.080135
v -0.144157 -0.043829 -0.080135
v -0.434059 -0.013859 0.089865
v -0.433959 -0.013939 0.087864
v -0.433059 -0.012759 0.087864
v -0.453460 -0.039199 0.093365
v -0.449760 -0.035129 0.087864
v -0.449859 -0.035049 0.094263
v -0.453353 -0.039289 0.087864
v -0.459556 -0.047179 -0.088036
v -0.456558 -0.043439 -0.085936
v -0.459457 -0.047259 -0.085936
v -0.434059 -0.013859 -0.088036
v -0.433059 -0.012759 -0.085936
v -0.433959 -0.013939 -0.085936
v -0.453460 -0.039199 -0.091536
v -0.449760 -0.035129 -0.085936
v -0.453353 -0.039289 -0.085936
v -0.449859 -0.035049 -0.092436
v -0.436958 -0.017679 0.091965
v -0.433959 -0.013939 0.087864
v -0.434059 -0.013859 0.089865
v -0.122154 0.033921 0.014565
v -0.127960 0.028211 0.022465
v -0.501060 0.016171 0.023264
v -0.495254 0.021881 0.015264
v -0.221053 -0.018199 -0.077036
v -0.227157 -0.018219 -0.077036
v -0.250953 -0.018309 -0.077036
v -0.436958 -0.017679 -0.090036
v -0.434059 -0.013859 -0.088036
v -0.433959 -0.013939 -0.085936
v -0.119155 0.037311 0.001064
v -0.119354 0.036771 0.005964
v -0.492454 0.024731 0.006763
v -0.492156 0.025271 0.001863
v -0.119354 0.036771 0.005964
v -0.122154 0.033921 0.014565
v -0.495254 0.021881 0.015264
v -0.492454 0.024731 0.006763
v -0.138160 -0.044509 -0.083536
v -0.173759 -0.187539 -0.083635
v -0.179756 -0.186969 -0.080135
v -0.328658 -0.064129 0.096563
v -0.345855 -0.064129 0.095663
v -0.346855 -0.064129 0.096563
v -0.328658 -0.064129 0.095663
v -0.346855 -0.064129 0.096563
v -0.345855 -0.064139 0.080564
v -0.346855 -0.064139 0.080564
v -0.345855 -0.064129 0.095663
v -0.328658 -0.064129 -0.094637
v -0.345855 -0.064129 -0.093836
v -0.328658 -0.064129 -0.093836
v -0.346855 -0.064129 -0.094637
v -0.346855 -0.064129 -0.094637
v -0.345855 -0.064139 -0.078636
v -0.345855 -0.064129 -0.093836
v -0.346855 -0.064129 -0.094637
v -0.346855 -0.064139 -0.078636
v -0.345855 -0.064139 -0.078636
v -0.456657 -0.043349 0.091965
v -0.453353 -0.039289 0.087864
v -0.453460 -0.039199 0.093365
v -0.456558 -0.043439 0.087864
v -0.459556 -0.047179 0.089964
v -0.459556 -0.047179 -0.088036
v -0.456657 -0.043349 -0.090036
v -0.456558 -0.043439 -0.085936
v -0.453353 -0.039289 -0.085936
v -0.453460 -0.039199 -0.091536
v -0.301055 0.001001 0.073963
v -0.301055 0.001001 0.080664
v -0.314353 0.007621 0.073963
v -0.436958 -0.017679 0.091965
v -0.436859 -0.017769 0.087864
v -0.433959 -0.013939 0.087864
v -0.440154 -0.021829 0.093365
v -0.440055 -0.021919 0.087864
v -0.440154 -0.021829 -0.091536
v -0.436859 -0.017769 -0.085936
v -0.440055 -0.021919 -0.085936
v -0.436958 -0.017679 -0.090036
v -0.433959 -0.013939 -0.085936
v -0.403159 0.040641 -0.023737
v -0.403159 0.040641 -0.036736
v -0.403159 0.040641 -0.049736
v -0.403159 0.040641 0.027264
v -0.403159 0.040641 0.053364
v -0.403159 0.040641 0.040363
v -0.446555 -0.030719 0.094263
v -0.443160 -0.026449 0.087864
v -0.443260 -0.026379 0.094263
v -0.446456 -0.030789 0.087864
v -0.449859 -0.035049 0.094263
v -0.449760 -0.035129 0.087864
v -0.449859 -0.035049 -0.092436
v -0.446456 -0.030789 -0.085936
v -0.449760 -0.035129 -0.085936
v -0.446555 -0.030719 -0.092436
v -0.443160 -0.026449 -0.085936
v -0.443260 -0.026379 -0.092436
v -0.421859 -0.021839 0.087463
v -0.425155 -0.016069 0.087463
v -0.421859 -0.021839 0.086365
v -0.420059 -0.028269 0.087463
v -0.421859 -0.021839 0.087463
v -0.420059 -0.028269 0.086365
v -0.420059 -0.034929 0.087463
v -0.420059 -0.028269 0.087463
v -0.420059 -0.034929 0.086365
v -0.421859 -0.041359 0.087463
v -0.420059 -0.034929 0.087463
v -0.421859 -0.021839 -0.085537
v -0.425155 -0.016069 -0.085537
v -0.421859 -0.021839 -0.084436
v -0.420059 -0.028269 -0.085537
v -0.421859 -0.021839 -0.085537
v -0.420059 -0.028269 -0.084436
v -0.420059 -0.034929 -0.085537
v -0.420059 -0.028269 -0.085537
v -0.420059 -0.034929 -0.084436
v -0.421859 -0.041359 -0.085537
v -0.420059 -0.034929 -0.085537
v -0.443260 -0.026379 0.094263
v -0.440055 -0.021919 0.087864
v -0.440154 -0.021829 0.093365
v -0.443160 -0.026449 0.087864
v -0.308456 0.006251 -0.070335
v -0.314353 0.007621 -0.077036
v -0.304954 0.004141 -0.077036
v -0.443260 -0.026379 -0.092436
v -0.440055 -0.021919 -0.085936
v -0.443160 -0.026449 -0.085936
v -0.440154 -0.021829 -0.091536
v -0.359054 -0.187469 -0.077236
v -0.335655 -0.094019 -0.080135
v -0.359054 -0.187469 -0.080135
v -0.359054 -0.187469 -0.077236
v -0.335655 -0.094019 -0.077137
v -0.335655 -0.094019 -0.080135
v -0.446456 -0.083219 -0.083635
v -0.472556 -0.187789 -0.077335
v -0.472556 -0.187539 -0.083635
v -0.446456 -0.083219 -0.083635
v -0.446456 -0.083219 -0.077137
v -0.472556 -0.187789 -0.077335
v -0.553054 -0.113379 -0.061035
v -0.565856 -0.114439 -0.061537
v -0.553558 -0.114439 -0.061537
v -0.565757 -0.113379 -0.061035
v -0.560653 -0.093479 -0.061436
v -0.547958 -0.093479 -0.061436
v -0.548355 -0.092019 -0.060837
v -0.560760 -0.092019 -0.060837
v -0.108253 -0.044199 -0.083635
v -0.143859 -0.187539 -0.083635
v -0.149856 -0.186969 -0.080135
v -0.019157 -0.054229 0.063765
v -0.033759 -0.053759 0.063765
v -0.038558 -0.051109 0.066963
v -0.399658 0.054651 -0.054836
v -0.399658 0.047271 -0.054836
v -0.394058 0.047271 -0.054735
v -0.405456 0.047271 -0.054935
v -0.405456 0.062021 -0.054935
v -0.411460 0.047271 -0.054136
v -0.411460 0.068831 -0.054136
v -0.419257 0.047261 -0.052135
v -0.419257 0.077361 -0.052135
v -0.426658 0.047261 -0.048237
v -0.426658 0.083901 -0.048237
v -0.433456 0.047261 -0.043337
v -0.433456 0.088521 -0.043337
v -0.108253 -0.044199 -0.083635
v -0.149856 -0.186969 -0.080135
v -0.114257 -0.044219 -0.080135
v -0.134460 -0.168569 0.062763
v -0.134460 -0.187989 0.062565
v -0.586959 -0.187999 0.063265
v -0.134460 -0.168569 0.062763
v -0.586959 -0.187999 0.063265
v -0.580459 -0.168569 0.063463
v -0.580459 -0.168569 0.063463
v -0.586959 -0.187999 0.063265
v -0.582054 -0.169669 0.063463
v -0.108253 -0.044199 -0.083635
v -0.114257 -0.044219 -0.080135
v -0.107658 -0.017769 -0.077036
v -0.134460 -0.093479 0.064363
v -0.134460 -0.113379 0.063864
v -0.553054 -0.113379 0.064665
v -0.547958 -0.093479 0.065063
v -0.560455 -0.117319 -0.071035
v -0.561759 -0.168599 -0.069635
v -0.547759 -0.117319 -0.071035
v -0.560455 -0.117319 -0.071035
v -0.574958 -0.168599 -0.069635
v -0.561759 -0.168599 -0.069635
v -0.426658 0.083911 0.051865
v -0.433456 0.047261 0.046965
v -0.433456 0.088521 0.046965
v -0.426658 0.047261 0.051865
v -0.419257 0.077361 0.055763
v -0.419257 0.047261 0.055763
v -0.411460 0.068831 0.057764
v -0.411460 0.047271 0.057764
v -0.405456 0.062021 0.058464
v -0.405456 0.047271 0.058563
v -0.399658 0.054651 0.058464
v -0.399658 0.047271 0.058464
v -0.394058 0.047271 0.058365
v -0.437660 0.090761 -0.038836
v -0.440055 0.047251 -0.033436
v -0.437660 0.047251 -0.038937
v -0.440055 0.091861 -0.033436
v -0.441657 0.047251 -0.027737
v -0.441657 0.092291 -0.027737
v -0.442954 0.047251 -0.022036
v -0.442954 0.092671 -0.022036
v -0.443656 0.047251 -0.016235
v -0.443755 0.092671 -0.016235
v -0.444854 0.092671 -0.010635
v -0.444854 0.080601 -0.010635
v -0.444854 0.080591 0.001764
v -0.444854 0.079441 0.001764
v -0.443656 0.047251 0.001764
v -0.433456 0.088521 -0.043337
v -0.437660 0.047251 -0.038937
v -0.433456 0.047261 -0.043337
v -0.437660 0.090761 -0.038836
v -0.313957 -0.094169 -0.077137
v -0.308555 -0.090009 -0.070437
v -0.308555 -0.090009 -0.077137
v -0.313957 -0.094179 -0.070437
v -0.320854 -0.095469 -0.077137
v -0.320854 -0.095469 -0.070437
v -0.417259 -0.086209 -0.077137
v -0.425659 -0.085439 -0.070437
v -0.423057 -0.085639 -0.077137
v -0.417259 -0.086199 -0.083635
v -0.446456 -0.083219 -0.077137
v -0.417259 -0.086199 -0.083635
v -0.423057 -0.085639 -0.080135
v -0.445258 -0.083409 -0.070437
v -0.459655 -0.081129 -0.077137
v -0.459655 -0.081129 -0.070437
v -0.472656 -0.074509 -0.077137
v -0.472656 -0.074509 -0.070437
v -0.446456 -0.083219 -0.083635
v -0.452255 -0.082299 -0.077137
v -0.452255 -0.082299 -0.080135
v -0.443656 0.047251 0.019863
v -0.444854 0.079441 0.001764
v -0.444854 0.080591 0.001764
v -0.443656 0.047251 0.001764
v -0.444854 0.080601 0.014263
v -0.444854 0.092671 0.014263
v -0.443755 0.092671 0.019863
v -0.442954 0.092671 0.025564
v -0.442954 0.047251 0.025564
v -0.441657 0.092291 0.031364
v -0.441657 0.047251 0.031364
v -0.440055 0.091861 0.037064
v -0.440055 0.047251 0.037064
v -0.437660 0.090761 0.042463
v -0.437660 0.047251 0.042463
v -0.358856 -0.091789 -0.083635
v -0.364753 -0.091229 -0.077137
v -0.358856 -0.091789 -0.077137
v -0.364753 -0.091219 -0.080135
v -0.388053 -0.088999 -0.083635
v -0.393958 -0.088429 -0.080135
v -0.393958 -0.088429 -0.077137
v -0.388053 -0.088999 -0.077137
v -0.329757 -0.094579 -0.083536
v -0.335655 -0.094019 -0.077137
v -0.329757 -0.094579 -0.077137
v -0.335655 -0.094019 -0.080135
v -0.335655 -0.094019 -0.077137
v -0.423057 -0.085639 0.080765
v -0.320854 -0.095469 0.073963
v -0.425659 -0.085439 0.074064
v -0.320854 -0.095469 -0.077137
v -0.364753 -0.091229 -0.077137
v -0.417259 -0.086209 -0.077137
v -0.320854 -0.095469 -0.077137
v -0.329757 -0.094579 -0.077137
v -0.335655 -0.094019 -0.077137
v -0.131454 -0.017859 -0.077036
v -0.137557 -0.017879 -0.077036
v -0.161353 -0.017969 -0.077036
v -0.320854 -0.095469 -0.077137
v -0.335655 -0.094019 -0.077137
v -0.358856 -0.091789 -0.077137
v -0.308555 -0.090009 0.080765
v -0.299758 -0.064139 0.073963
v -0.308555 -0.090009 0.073963
v -0.299758 -0.064139 0.080765
v -0.296058 -0.036729 0.073963
v -0.296058 -0.036729 0.080664
v -0.296058 -0.036729 0.073963
v -0.297553 -0.009319 0.073963
v -0.297553 -0.009319 0.080664
v -0.301055 0.001001 0.073963
v -0.301055 0.001001 0.080664
v -0.301055 0.001001 0.073963
v -0.425659 -0.085439 0.074064
v -0.459655 -0.081129 0.074064
v -0.459655 -0.081129 0.080765
v -0.320854 -0.095469 -0.077137
v -0.358856 -0.091789 -0.077137
v -0.364753 -0.091229 -0.077137
v -0.297553 -0.009319 -0.077036
v -0.301055 0.001001 -0.070335
v -0.301055 0.001001 -0.077036
v -0.297553 -0.009319 -0.070335
v -0.301055 0.001001 -0.070335
v -0.296256 -0.022319 -0.077036
v -0.296256 -0.022319 -0.070335
v -0.297553 -0.009319 -0.070335
v -0.296058 -0.036729 -0.077137
v -0.296058 -0.036729 -0.070335
v -0.296256 -0.022319 -0.070335
v -0.297157 -0.051139 -0.077137
v -0.297157 -0.051139 -0.070335
v -0.299758 -0.064139 -0.077137
v -0.299758 -0.064139 -0.070436
v -0.302955 -0.074759 -0.077137
v -0.302955 -0.074759 -0.070436
v -0.308555 -0.090009 -0.077137
v -0.308555 -0.090009 -0.070437
v -0.459655 -0.081129 0.080765
v -0.423057 -0.085639 0.080765
v -0.425659 -0.085439 0.074064
v -0.423057 -0.085639 0.080765
v -0.320854 -0.095469 0.080765
v -0.320854 -0.095469 0.073963
v -0.308555 -0.090009 0.073963
v -0.308555 -0.090009 0.080765
v -0.459655 -0.081129 -0.077137
v -0.446456 -0.083219 -0.077137
v -0.452255 -0.082299 -0.077137
v -0.433456 0.088521 0.046965
v -0.437660 0.047251 0.042463
v -0.437660 0.090761 0.042463
v -0.433456 0.047261 0.046965
v -0.134460 -0.117319 0.073963
v -0.134460 -0.168599 0.072464
v -0.561759 -0.168599 0.073263
v -0.547759 -0.117319 0.074663
v -0.272254 0.043801 0.079864
v -0.272254 0.042831 0.083864
v -0.272254 0.043801 0.083164
v -0.272254 0.042831 0.080564
v -0.272254 0.042831 0.083864
v -0.286857 -0.017969 0.080765
v -0.286857 -0.017969 0.083763
v -0.329154 -0.187389 0.080864
v -0.286857 -0.017969 0.080765
v -0.286857 -0.017969 -0.077137
v -0.272254 0.042831 -0.080236
v -0.286857 -0.017969 -0.080135
v -0.329154 -0.187389 -0.080135
v -0.329154 -0.187389 -0.077236
v -0.286857 -0.017969 -0.077137
v -0.272254 0.042821 -0.077036
v -0.272254 0.042831 -0.080236
v -0.502357 -0.187539 -0.083635
v -0.473853 -0.073359 -0.077137
v -0.502357 -0.187879 -0.077335
v -0.502357 -0.187539 -0.083635
v -0.473853 -0.073359 -0.083635
v -0.473853 -0.073359 -0.077137
v -0.364753 -0.091229 -0.077137
v -0.388053 -0.088999 -0.077137
v -0.393958 -0.088429 -0.077137
v -0.364753 -0.091229 -0.077137
v -0.393958 -0.088429 -0.077137
v -0.417259 -0.086209 -0.077137
v -0.272254 0.043801 -0.076237
v -0.272254 0.042831 -0.080236
v -0.272254 0.042821 -0.077036
v -0.272254 0.043801 -0.079636
v -0.457160 0.078711 -0.011137
v -0.455955 0.079431 0.001764
v -0.456260 0.079421 0.001764
v -0.456260 0.079421 0.001764
v -0.455955 0.079431 0.001764
v -0.457160 0.078711 0.014765
v -0.459655 -0.081129 0.074064
v -0.482955 -0.064199 0.074064
v -0.482955 -0.064189 0.080765
v -0.482955 -0.064189 0.080765
v -0.459655 -0.081129 0.080765
v -0.459655 -0.081129 0.074064
v -0.467254 0.026051 -0.077036
v -0.457954 0.040631 -0.062836
v -0.457954 0.040611 0.001465
v -0.467254 0.026031 0.001465
v -0.457954 0.040611 0.001764
v -0.467254 0.026111 0.001764
v -0.467254 0.026031 0.001764
v -0.467254 0.026031 0.001764
v -0.467254 0.026111 0.001764
v -0.467254 0.026031 0.002165
v -0.457954 0.040611 0.001764
v -0.457954 0.040611 0.002165
v -0.467254 0.026051 0.080664
v -0.457954 0.040631 0.066463
v -0.467254 0.026051 -0.077036
v -0.457954 0.038371 -0.077137
v -0.457954 0.040631 -0.062836
v -0.467254 0.026051 0.080664
v -0.457954 0.040631 0.066463
v -0.457954 0.038371 0.080765
v -0.472656 0.000951 0.080664
v -0.482955 -0.009369 0.074064
v -0.472656 0.000951 0.074064
v -0.482955 -0.009369 0.080664
v -0.489654 -0.022369 0.074064
v -0.489654 -0.022369 0.080664
v -0.491859 -0.036789 0.074064
v -0.491859 -0.036779 0.080765
v -0.482955 -0.064199 0.074064
v -0.482955 -0.064189 0.080765
v -0.482955 -0.064199 0.074064
v -0.489654 -0.051199 -0.077137
v -0.482955 -0.064199 -0.070437
v -0.482955 -0.064189 -0.077137
v -0.489654 -0.051199 -0.070437
v -0.491859 -0.036779 -0.077137
v -0.491859 -0.036789 -0.070437
v -0.489654 -0.022369 -0.077137
v -0.489654 -0.022369 -0.070437
v -0.482955 -0.009369 -0.077036
v -0.482955 -0.009369 -0.070437
v -0.472656 0.000951 -0.077036
v -0.472656 0.000951 -0.070437
v -0.473853 -0.073359 -0.083635
v -0.478660 -0.068539 -0.077137
v -0.473853 -0.073359 -0.077137
v -0.478660 -0.068539 -0.080135
v -0.263656 -0.044569 -0.077137
v -0.299255 -0.187299 -0.080135
v -0.299255 -0.187309 -0.077236
v -0.263656 -0.044569 -0.077137
v -0.263656 -0.044389 -0.080135
v -0.299255 -0.187299 -0.080135
v -0.256957 -0.018329 -0.077036
v -0.535255 -0.187969 0.080864
v -0.478858 0.036451 0.085064
v -0.535255 -0.187969 0.086464
v -0.478355 0.038361 0.080664
v -0.478355 0.038361 0.082664
v -0.478553 0.037791 0.084364
v -0.478858 0.036451 0.085064
v -0.535255 -0.187969 -0.077335
v -0.478355 0.038361 -0.079037
v -0.478355 0.038361 -0.077036
v -0.478553 0.037791 -0.080736
v -0.478858 0.036451 -0.081436
v -0.535255 -0.187969 -0.082836
v -0.233756 -0.044539 -0.077137
v -0.269454 -0.187219 -0.080135
v -0.269454 -0.187219 -0.077236
v -0.233856 -0.044249 -0.080135
v -0.227157 -0.018219 -0.077036
v -0.580459 -0.168569 0.063463
v -0.567153 -0.168569 0.063463
v -0.134460 -0.168569 0.062763
v -0.134460 -0.168599 0.072464
v -0.134460 -0.168569 0.062763
v -0.567153 -0.168569 0.063463
v -0.561759 -0.168599 0.073263
v -0.574958 -0.168599 0.073263
v -0.580459 -0.168569 0.063463
v -0.574958 -0.168599 -0.069635
v -0.567153 -0.168569 -0.059937
v -0.561759 -0.168599 -0.069635
v -0.580459 -0.168569 -0.059937
v -0.567153 -0.168569 -0.059937
v -0.203956 -0.044499 -0.077137
v -0.239555 -0.187139 -0.080135
v -0.239555 -0.187139 -0.077236
v -0.203956 -0.044499 -0.077137
v -0.203956 -0.044109 -0.080135
v -0.239555 -0.187139 -0.080135
v -0.197257 -0.018099 -0.077036
v -0.174056 -0.044459 -0.077137
v -0.209655 -0.187049 -0.080135
v -0.209655 -0.187049 -0.077236
v -0.174056 -0.044459 -0.077137
v -0.174056 -0.043969 -0.080135
v -0.209655 -0.187049 -0.080135
v -0.167358 -0.017989 -0.077036
v -0.144157 -0.044429 -0.077137
v -0.179756 -0.186969 -0.080135
v -0.179756 -0.186969 -0.077236
v -0.144157 -0.044429 -0.077137
v -0.144157 -0.043829 -0.080135
v -0.179756 -0.186969 -0.080135
v -0.137557 -0.017879 -0.077036
v -0.114257 -0.044389 -0.077137
v -0.149856 -0.186969 -0.080135
v -0.149856 -0.186889 -0.077236
v -0.114257 -0.044219 -0.080135
v -0.107658 -0.017769 -0.077036
v -0.052253 0.066361 0.001764
v -0.052253 0.066391 0.001465
v -0.052360 0.065951 0.001764
v -0.052253 0.066361 0.001764
v -0.052360 0.065951 0.001764
v -0.052253 0.066391 0.002165
v -0.081359 -0.044349 -0.077137
v -0.117057 -0.186789 -0.080135
v -0.117057 -0.186789 -0.077236
v -0.116355 -0.184199 -0.082737
v -0.081359 -0.044079 -0.082737
v -0.081359 -0.044349 -0.077137
v -0.074760 -0.017669 -0.076937
v -0.081359 -0.044079 -0.082737
vn 1.0000 -0.0000 -0.0000
vn 1.0000 -0.0000 0.0001
vn 0.9995 -0.0315 -0.0000
vn 0.9995 -0.0315 0.0001
vn 1.0000 -0.0000 0.0079
vn 0.9999 -0.0157 -0.0000
vn 0.9996 0.0236 0.0157
vn 0.4409 -0.0000 0.8976
vn 0.8411 0.4402 -0.3144
vn 0.9997 0.0236 -0.0000
vn 0.9952 0.0948 -0.0237
vn 0.8018 0.5975 -0.0000
vn 0.8019 0.5975 -0.0000
vn 0.9743 -0.0943 0.2043
vn 0.9744 -0.0943 0.2042
vn 0.9744 -0.0943 0.2043
vn 1.0000 0.0001 -0.0000
vn 1.0000 0.0002 -0.0000
vn 0.9743 -0.0943 -0.2044
vn 0.9744 -0.0943 -0.2042
vn 1.0000 -0.0000 -0.0001
vn 1.0000 -0.0000 -0.0079
vn -0.4346 -0.0000 -0.9006
vn 0.8411 0.4402 0.3144
vn -0.0000 0.0244 -0.9997
vn -0.0000 0.8228 -0.5684
vn 1.0000 -0.0002 -0.0003
vn 0.0315 0.9934 -0.1104
vn 0.1026 0.9942 -0.0315
vn 0.0315 0.9934 0.1104
vn 0.1026 0.9942 0.0316
vn 0.9952 0.0948 0.0237
vn 1.0000 -0.0002 -0.0000
vn 0.8718 0.3691 0.3220
vn 0.9038 0.2986 0.3065
vn 0.8677 0.3707 -0.3313
vn 0.9055 0.2756 -0.3228
vn 0.7782 0.4480 0.4402
vn 0.8897 0.3228 -0.3228
vn 0.7457 0.4552 -0.4866
vn 0.7781 0.4480 0.4402
vn 0.4559 0.5188 0.7232
vn 0.7456 0.4552 -0.4866
vn 0.4190 0.5217 -0.7431
vn 0.6539 0.4727 -0.5908
vn 0.9696 -0.2444 -0.0079
vn 0.9697 -0.2444 -0.0079
vn 0.9694 -0.2443 0.0236
vn 0.8676 0.3707 -0.3313
vn 0.6384 0.5674 -0.5201
vn 0.2120 0.4712 0.8561
vn 0.4560 0.5188 0.7231
vn 0.8018 0.5976 -0.0000
vn 0.8019 0.5975 0.0001
vn 0.8718 0.3692 0.3220
vn 0.9696 -0.2444 0.0079
vn 0.9694 -0.2443 0.0237
vn 0.6992 0.7149 -0.0000
vn 0.7492 0.6624 -0.0000
vn 0.2676 0.9209 -0.2834
vn 0.1970 0.4728 -0.8589
vn 0.6538 0.4727 -0.5908
vn 0.4190 0.5218 -0.7431
vn -0.8679 -0.4655 -0.1735
vn -0.9057 -0.3465 -0.2441
vn -0.7800 -0.6145 0.1182
vn -0.8679 -0.4655 0.1735
vn -0.7800 -0.6145 -0.1182
vn -0.9057 -0.3466 0.2441
vn -0.9599 -0.1731 -0.2204
vn -0.6672 -0.6515 0.3611
vn -0.6446 -0.6604 0.3852
vn -0.7240 -0.6611 0.1968
vn -0.6435 -0.6749 0.3610
vn -0.7800 -0.6146 0.1182
vn -0.6436 -0.6749 0.3610
vn -0.6672 -0.6515 0.3610
vn -0.9599 -0.1731 -0.2203
vn -0.8691 -0.4542 -0.1957
vn -0.6672 -0.6515 -0.3610
vn -0.8692 -0.4541 0.1957
vn -0.9599 -0.1731 0.2204
vn -0.7240 -0.6611 -0.1968
vn -0.6435 -0.6749 -0.3610
vn -0.6446 -0.6604 -0.3852
vn -0.6672 -0.6515 -0.3611
vn -0.9599 -0.1731 0.2203
vn -0.7592 -0.5773 0.3005
vn -0.7762 -0.5880 0.2274
vn -0.7856 -0.5892 0.1886
vn -0.7234 -0.5976 0.3459
vn -0.7857 -0.5892 0.1885
vn -0.7955 -0.5986 0.0945
vn -0.7856 -0.6127 0.0864
vn -0.7856 -0.5892 0.1885
vn -0.7846 -0.6198 0.0157
vn -0.8497 -0.5272 0.0079
vn -0.6942 -0.6390 0.3313
vn -0.6867 -0.5999 0.4105
vn -0.7592 -0.5773 -0.3005
vn -0.7762 -0.5880 -0.2274
vn -0.7234 -0.5976 -0.3459
vn -0.7868 -0.5901 -0.1810
vn -0.7868 -0.5901 -0.1809
vn -0.7955 -0.5986 -0.0945
vn -0.7762 -0.5881 -0.2274
vn -0.7856 -0.6127 -0.0864
vn -0.7846 -0.6198 -0.0157
vn 0.9696 -0.2444 0.0158
vn 0.9697 -0.2443 0.0079
vn -0.7234 -0.5975 0.3460
vn -0.7592 -0.5773 0.3006
vn -0.8497 -0.5272 -0.0079
vn -0.6868 -0.5999 -0.4104
vn -0.6942 -0.6390 -0.3313
vn -0.7574 -0.6390 -0.1341
vn -0.7566 -0.6384 0.1418
vn -0.8679 -0.4655 0.1736
vn -0.7241 -0.6611 -0.1967
vn -0.7800 -0.6145 -0.1181
vn -0.8679 -0.4655 -0.1736
vn -0.7800 -0.6146 0.1181
vn -0.7241 -0.6611 0.1967
vn -0.8933 -0.4111 -0.1818
vn -0.6868 -0.5999 -0.4105
vn -0.7592 -0.5773 -0.3006
vn -0.7233 -0.5975 -0.3460
vn -0.8933 -0.4111 0.1818
vn -0.7233 -0.5976 0.3460
vn -0.6867 -0.5999 -0.4105
vn -0.7233 -0.5976 -0.3460
vn -0.6942 -0.6390 -0.3314
vn -0.7574 0.1342 0.6391
vn -0.8933 -0.4110 0.1818
vn -0.7904 0.1818 0.5849
vn -0.7574 0.1342 -0.6390
vn -0.7904 0.1818 -0.5849
vn -0.8933 -0.4110 -0.1818
vn -0.8205 0.1972 0.5365
vn -0.8205 0.1973 0.5365
vn -0.8344 0.2047 0.5117
vn -0.8609 0.2369 0.4502
vn -0.8364 0.2130 0.5050
vn -0.8345 0.2047 0.5116
vn -0.8966 0.2438 0.3697
vn -0.8609 0.2370 0.4502
vn -0.9188 0.2670 0.2906
vn -0.8966 0.2438 0.3696
vn -0.8273 0.2127 0.5200
vn -0.7081 0.1731 0.6845
vn -0.7082 0.1731 0.6845
vn -0.7758 0.1900 0.6016
vn -0.7484 0.1812 0.6380
vn -0.7484 0.1812 0.6381
vn -0.7373 0.1804 0.6510
vn -0.8272 0.2127 0.5200
vn -0.9354 0.2830 0.2122
vn -0.9530 0.2757 0.1260
vn -0.9539 0.2759 0.1183
vn -0.9299 0.2679 0.2522
vn -0.9188 0.2671 0.2905
vn -0.8185 0.5666 0.0945
vn -0.8508 0.5120 0.1182
vn -0.8185 0.2282 0.5273
vn -0.7224 0.1806 0.6674
vn -0.7785 0.1651 0.6055
vn -0.8331 0.2122 0.5109
vn -0.0550 -0.0393 0.9977
vn -0.0000 -0.9920 0.1260
vn -0.0000 -0.9939 0.1104
vn -0.8476 0.4159 0.3296
vn -0.7806 0.5441 0.3075
vn -0.8476 0.4160 0.3296
vn -0.8609 0.2369 -0.4502
vn -0.8966 0.2438 -0.3696
vn -0.9188 0.2670 -0.2906
vn 0.9696 -0.2443 0.0157
vn 0.9696 -0.2443 0.0158
vn -0.9354 0.2830 -0.2122
vn -0.9539 0.2759 -0.1183
vn -0.9530 0.2756 -0.1261
vn 0.7456 0.4553 -0.4866
vn 0.6383 0.5674 -0.5201
vn -0.9539 0.2759 0.1182
vn -0.9299 0.2679 0.2521
vn -0.9588 0.2751 -0.0707
vn -0.9598 0.2753 -0.0551
vn -0.8395 0.5413 -0.0470
vn -0.8147 0.5773 0.0553
vn -0.9353 0.2830 -0.2122
vn -0.8508 0.5120 -0.1182
vn -0.8185 0.5666 -0.0945
vn -0.9299 0.2679 -0.2522
vn -0.8345 0.2047 -0.5117
vn -0.8364 0.2131 -0.5050
vn -0.8966 0.2438 -0.3697
vn -0.8205 0.1972 -0.5365
vn -0.8344 0.2047 -0.5117
vn -0.8205 0.1973 -0.5365
vn -0.9588 0.2751 0.0707
vn -0.9530 0.2756 -0.1260
vn -0.9539 0.2759 -0.1182
vn -0.9299 0.2679 -0.2521
vn -0.9598 0.2753 0.0550
vn -0.9530 0.2757 -0.1260
vn -0.8395 0.5413 0.0471
vn -0.8146 0.5773 -0.0553
vn -0.8273 0.2127 -0.5200
vn 0.0003 -1.0000 -0.0000
vn -0.0000 -0.9920 0.1259
vn -0.0000 -1.0000 -0.0000
vn 0.0002 -1.0000 -0.0000
vn -0.7082 0.1731 -0.6845
vn -0.7758 0.1900 -0.6016
vn -0.7373 0.1804 -0.6510
vn -0.7484 0.1812 -0.6380
vn -0.7484 0.1812 -0.6381
vn -0.8272 0.2127 -0.5200
vn -0.8331 0.2122 -0.5108
vn -0.8185 0.2282 -0.5273
vn -0.7224 0.1806 -0.6674
vn -0.7785 0.1652 -0.6055
vn -0.2605 0.0631 0.9634
vn 0.3929 -0.7699 0.5029
vn 0.3929 -0.7699 -0.5029
vn -0.7785 0.1651 -0.6055
vn -0.2605 0.0632 -0.9634
vn -0.6621 0.1892 0.7251
vn -0.9057 -0.3465 0.2441
vn -0.6842 0.2045 0.7000
vn -0.8475 0.4160 -0.3296
vn -0.7806 0.5441 -0.3075
vn -0.0000 -0.9939 -0.1104
vn -0.0001 -1.0000 -0.0000
vn -0.0000 -1.0000 0.0001
vn -0.6621 0.1892 -0.7251
vn -0.6842 0.2045 -0.7000
vn -0.9057 -0.3465 -0.2442
vn -0.8243 0.5339 0.1884
vn -0.8331 0.2122 0.5108
vn -0.8337 0.2438 0.4955
vn -0.8364 0.2131 0.5050
vn -0.1572 0.9823 0.1022
vn -0.8184 0.2282 0.5273
vn -0.1571 0.9823 0.1022
vn -0.0237 0.4024 -0.9151
vn -0.2606 0.0632 0.9634
vn -0.3153 0.0788 0.9457
vn -0.8243 0.5339 -0.1884
vn -0.8243 0.5338 -0.1884
vn -0.7717 0.5433 0.3307
vn -0.5199 0.4648 0.7167
vn -0.6059 0.5586 0.5665
vn -0.7373 0.1804 0.6511
vn -0.7483 0.1812 0.6381
vn -0.7224 0.1806 0.6675
vn -0.7081 0.1731 0.6846
vn -0.7758 0.1900 0.6017
vn -0.7224 0.1807 0.6674
vn -0.5199 0.4647 0.7168
vn -0.7806 0.5441 0.3076
vn -0.9353 0.2830 0.2122
vn -0.8146 0.5773 0.0554
vn -0.8364 0.2130 -0.5050
vn -0.8337 0.2438 -0.4955
vn -0.1571 0.9823 -0.1021
vn -0.0237 0.4024 0.9151
vn -0.8184 0.2283 -0.5273
vn -0.1572 0.9823 -0.1022
vn -0.8185 0.2282 -0.5272
vn -0.8146 0.5773 -0.0554
vn -0.7716 0.5433 -0.3308
vn -0.6059 0.5586 -0.5665
vn -0.5199 0.4647 -0.7168
vn -0.7224 0.1807 -0.6674
vn -0.7806 0.5441 -0.3076
vn -0.5199 0.4647 -0.7167
vn -0.7785 0.1651 -0.6056
vn -0.3153 0.0788 -0.9457
vn -0.2606 0.0632 -0.9634
vn -0.7224 0.1806 -0.6675
vn -0.7758 0.1900 -0.6017
vn -0.7081 0.1731 -0.6846
vn -0.7483 0.1812 -0.6381
vn -0.7574 -0.6391 -0.1341
vn -0.6284 -0.5656 -0.5341
vn -0.7785 0.1652 0.6055
vn 0.1105 0.9708 0.2131
vn 0.4743 0.4032 0.7826
vn 0.7539 0.2749 0.5968
vn 0.0865 0.9679 0.2360
vn -0.6058 0.5586 0.5665
vn -0.4938 0.4860 0.7211
vn -0.5258 0.5179 0.6748
vn -0.5199 0.4648 0.7168
vn -0.6284 -0.5655 -0.5341
vn -0.6056 -0.5820 -0.5427
vn -0.7716 0.5433 0.3307
vn 0.1105 0.9708 -0.2131
vn 0.7539 0.2749 -0.5968
vn 0.4743 0.4032 -0.7826
vn 0.0865 0.9679 -0.2361
vn -0.8010 0.5732 0.1728
vn -0.7807 0.5441 0.3075
vn -0.8009 0.5733 0.1728
vn -0.9750 -0.0315 0.2202
vn -0.6794 0.1817 0.7110
vn -0.9358 0.2752 0.2202
vn -0.7026 -0.0395 0.7105
vn -0.9182 -0.3296 0.2197
vn -0.6559 -0.2529 0.7112
vn -0.3151 0.3072 0.8980
vn -0.1333 0.0706 0.9886
vn -0.7708 -0.5978 0.2202
vn -0.5456 -0.4428 0.7116
vn -0.5257 0.5179 0.6748
vn -0.3389 0.4887 0.8039
vn -0.8009 0.5733 -0.1728
vn -0.8476 0.4160 -0.3296
vn -0.8010 0.5732 -0.1728
vn -0.7717 0.5433 -0.3307
vn -0.7807 0.5441 -0.3075
vn -0.8122 0.5678 0.1341
vn -0.8010 0.5732 0.1727
vn -0.7716 0.5433 -0.3307
vn -0.5198 0.4647 -0.7168
vn -0.7565 -0.6384 0.1419
vn -0.5727 -0.5178 0.6355
vn -0.7845 -0.6199 -0.0158
vn -0.8122 0.5678 -0.1340
vn -0.8476 0.4159 -0.3296
vn -0.8122 0.5678 -0.1341
vn -0.8010 0.5732 -0.1727
vn -0.6058 0.5586 -0.5665
vn -0.4938 0.4860 -0.7211
vn -0.5199 0.4648 -0.7167
vn -0.5257 0.5179 -0.6748
vn -0.8185 0.5667 0.0944
vn -0.7861 0.6131 0.0786
vn -0.7861 0.6131 -0.0786
vn -0.8185 0.5667 -0.0945
vn -0.8609 0.2370 -0.4502
vn -0.9188 0.2671 -0.2906
vn -0.0236 0.9193 0.3929
vn -0.6690 0.6769 0.3069
vn -0.5508 0.5823 0.5980
vn -0.0158 0.7341 0.6788
vn -0.9182 -0.3296 -0.2197
vn -0.7023 -0.0394 -0.7107
vn -0.6559 -0.2529 -0.7112
vn -0.9750 -0.0314 -0.2201
vn -0.6794 0.1817 -0.7110
vn -0.9358 0.2752 -0.2202
vn -0.7708 -0.5978 -0.2202
vn -0.5456 -0.4427 -0.7116
vn -0.3151 0.3072 -0.8980
vn -0.1333 0.0706 -0.9886
vn 0.5837 0.1104 0.8045
vn 0.7477 0.0629 0.6611
vn 0.6139 0.0629 0.7869
vn 0.7477 0.0630 0.6611
vn 0.7304 0.1021 0.6754
vn 0.8588 0.0158 0.5121
vn 0.7539 0.2748 0.5968
vn 0.4742 0.4031 0.7827
vn -0.7635 0.6454 0.0236
vn -0.8508 0.5121 0.1182
vn -0.7978 0.6003 0.0553
vn -0.3389 0.4887 -0.8039
vn -0.5455 -0.4428 0.7116
vn -0.5519 -0.8042 0.2207
vn -0.3792 -0.5924 0.7109
vn -0.7635 0.6454 -0.0236
vn -0.7978 0.6003 -0.0553
vn -0.8508 0.5121 -0.1181
vn -0.1334 0.0706 0.9885
vn -0.5198 0.4647 0.7168
vn 0.5422 -0.1101 0.8330
vn -0.3389 0.4887 0.8040
vn -0.5257 0.5179 0.6749
vn -0.3389 0.4886 0.8040
vn 0.0790 0.9155 0.3946
vn -0.5906 0.3858 0.7087
vn -0.8042 0.5519 0.2208
vn -0.9358 0.2753 0.2202
vn -0.5906 0.3859 0.7087
vn -0.7566 -0.6383 0.1418
vn -0.5519 -0.5362 0.6387
vn -0.0236 0.9193 -0.3929
vn -0.6007 0.5771 -0.5533
vn -0.6690 0.6769 -0.3070
vn -0.0158 0.7341 -0.6788
vn -0.8185 0.5667 -0.0944
vn 0.5837 0.1104 -0.8044
vn 0.6138 0.0630 -0.7869
vn 0.7477 0.0630 -0.6611
vn 0.7477 0.0629 -0.6611
vn 0.8763 0.0158 -0.4816
vn 0.7304 0.1021 -0.6754
vn 0.7539 0.2748 -0.5968
vn -0.5508 0.5822 0.5980
vn -0.9998 0.0157 0.0079
vn -0.9996 0.0158 0.0235
vn -0.5455 -0.4428 -0.7116
vn -0.3791 -0.5924 -0.7109
vn -0.5518 -0.8042 -0.2207
vn 0.2676 0.9209 -0.2833
vn 0.1342 0.8525 -0.5052
vn -0.9998 0.0158 0.0079
vn -0.6691 0.6769 0.3070
vn -0.9999 0.0157 -0.0000
vn -0.3152 0.0789 0.9457
vn -0.5906 0.3859 -0.7087
vn -0.6793 0.1817 -0.7110
vn -0.5906 0.3858 -0.7087
vn -0.8042 0.5519 -0.2207
vn -0.1334 0.0707 -0.9885
vn 0.5422 -0.1099 -0.8330
vn -0.4938 0.4859 -0.7211
vn -0.3389 0.4887 -0.8040
vn 0.0314 0.9587 0.2828
vn 0.4109 0.4109 0.8138
vn 0.3073 0.4098 0.8589
vn 0.0316 0.9628 0.2683
vn -0.7225 0.1805 -0.6674
vn -0.9998 0.0157 -0.0157
vn -0.9998 0.0158 -0.0078
vn -0.6008 0.5770 -0.5533
vn -0.9998 0.0157 -0.0079
vn -0.6691 0.6769 -0.3069
vn -0.9999 0.0158 -0.0000
vn -0.4938 0.4859 0.7212
vn -0.5198 0.4648 0.7168
vn 0.0865 0.9679 0.2361
vn 0.7538 0.2748 0.5968
vn 0.0314 0.9586 0.2829
vn 0.0789 0.9155 -0.3945
vn -0.6289 0.3223 0.7075
vn -0.0158 0.4566 0.8895
vn -0.0158 0.7341 0.6789
vn -0.1657 0.9862 -0.0000
vn -0.9992 0.0393 0.0001
vn -0.8046 0.4575 -0.3786
vn -0.8046 0.4575 0.3786
vn 0.5422 -0.1100 0.8330
vn -0.3791 -0.5924 0.7109
vn -0.2752 -0.9358 0.2202
vn -0.1817 -0.6794 0.7110
vn -0.4082 -0.1806 0.8949
vn -0.5609 -0.4107 0.7188
vn -0.3928 -0.3142 0.8642
vn -0.5992 -0.2365 0.7648
vn -0.3389 -0.2522 0.9064
vn -0.6289 0.3223 0.7076
vn -0.7944 0.6056 0.0472
vn -0.9999 0.0079 0.0079
vn -0.6690 0.6769 0.3070
vn -0.3301 0.0393 0.9431
vn -0.4400 -0.0628 0.8958
vn -0.3300 -0.0471 0.9428
vn -0.4402 0.0550 0.8962
vn -0.3069 0.1180 0.9444
vn -0.4158 0.1647 0.8944
vn -0.4400 -0.0629 0.8958
vn -0.6389 -0.0789 0.7652
vn -0.5992 -0.2365 0.7649
vn -0.4082 -0.1805 0.8949
vn -0.4403 0.0550 0.8962
vn -0.6380 0.0945 0.7642
vn -0.4158 0.1648 0.8944
vn -0.5918 0.2525 0.7655
vn 0.4413 0.1103 0.8906
vn 0.2525 0.1578 0.9547
vn 0.2435 0.1493 0.9583
vn 0.3073 0.4097 0.8589
vn 0.1414 0.1257 0.9819
vn 0.5836 0.1104 0.8045
vn 0.4413 0.1103 0.8905
vn 0.6138 0.0630 0.7870
vn 0.4414 0.1103 0.8905
vn 0.6138 0.0630 0.7869
vn 0.5439 0.0788 0.8355
vn 0.4109 0.4108 0.8139
vn 0.7303 0.1021 0.6754
vn 0.7476 0.0630 0.6611
vn 0.4109 0.4109 0.8139
vn -0.7944 0.6056 -0.0472
vn -0.9996 0.0158 0.0236
vn -0.4428 0.5455 0.7116
vn -0.5978 0.7708 0.2202
vn -0.8042 0.5519 0.2207
vn 0.0315 0.9586 -0.2829
vn 0.0316 0.9628 -0.2683
vn 0.3073 0.4098 -0.8589
vn 0.4108 0.4109 -0.8138
vn -0.4983 -0.6248 0.6011
vn -0.3928 -0.3143 0.8642
vn -0.5608 -0.4107 0.7189
vn -0.3402 -0.3560 0.8703
vn -0.2673 -0.4088 0.8726
vn -0.2908 -0.2908 0.9115
vn -0.8146 0.5774 0.0554
vn -0.8508 0.5121 0.1181
vn -0.7229 0.2043 0.6600
vn -0.6930 0.4646 0.5513
vn -0.8146 0.5774 -0.0554
vn 0.0865 0.9679 -0.2360
vn 0.0315 0.9587 -0.2828
vn 0.4109 0.4109 -0.8138
vn -0.1817 -0.6794 -0.7110
vn -0.2752 -0.9358 -0.2202
vn -0.0158 0.7341 -0.6789
vn -0.0158 0.4566 -0.8895
vn -0.6454 0.3384 -0.6848
vn -0.9998 0.0158 -0.0158
vn -0.6454 0.3384 -0.6847
vn -0.4158 0.1647 -0.8944
vn -0.6381 0.0945 -0.7642
vn -0.5918 0.2525 -0.7655
vn -0.4403 0.0550 -0.8962
vn -0.6389 -0.0789 -0.7652
vn -0.4401 -0.0629 -0.8958
vn -0.5992 -0.2365 -0.7649
vn -0.4082 -0.1805 -0.8949
vn -0.5608 -0.4107 -0.7189
vn -0.5992 -0.2366 -0.7649
vn -0.3928 -0.3143 -0.8642
vn -0.3389 -0.2522 -0.9064
vn -0.6007 0.5770 -0.5533
vn -0.3607 0.2666 0.8938
vn -0.5043 0.4018 0.7643
vn -0.8395 0.5413 0.0470
vn -0.7266 0.6871 -0.0000
vn -0.7148 0.6991 -0.0157
vn -0.7226 0.6912 -0.0078
vn -0.7111 0.7031 -0.0000
vn -0.7226 0.6912 -0.0079
vn -0.7110 0.7031 -0.0000
vn -0.7110 0.7032 -0.0000
vn -0.7226 0.6912 0.0079
vn -0.7148 0.6991 0.0157
vn -0.7226 0.6912 0.0078
vn 0.5423 -0.1100 -0.8330
vn -0.2600 -0.1970 0.9453
vn -0.2907 -0.2907 0.9116
vn -0.2287 -0.2287 0.9462
vn -0.4428 0.5455 -0.7116
vn -0.5978 0.7708 -0.2202
vn -0.2202 0.0236 0.9752
vn -0.2121 0.0785 0.9741
vn -0.2201 -0.0393 0.9747
vn -0.1807 0.1336 0.9744
vn -0.2673 0.1965 0.9434
vn -0.3069 0.1181 0.9444
vn -0.2121 0.0786 0.9741
vn -0.3063 -0.1335 0.9425
vn -0.2043 -0.0943 0.9744
vn -0.2600 -0.1969 0.9453
vn -0.1733 -0.1260 0.9768
vn -0.3300 -0.0472 0.9428
vn -0.6621 0.1891 0.7251
vn -0.9057 -0.3466 0.2442
vn 0.5836 0.1104 -0.8045
vn 0.7476 0.0630 -0.6611
vn 0.7303 0.1021 -0.6754
vn 0.4109 0.4108 -0.8139
vn 0.4109 0.4109 -0.8139
vn 0.7527 0.2795 -0.5961
vn 0.3073 0.4097 -0.8589
vn 0.4413 0.1103 -0.8905
vn 0.6138 0.0630 -0.7870
vn 0.5439 0.0788 -0.8355
vn 0.6138 0.0629 -0.7869
vn 0.4413 0.1103 -0.8906
vn 0.2435 0.1492 -0.9583
vn 0.2525 0.1578 -0.9547
vn 0.2127 0.3465 -0.9136
vn -0.2201 -0.3852 0.8962
vn -0.1888 -0.4642 0.8654
vn -0.1495 -0.4169 0.8966
vn -0.2600 -0.4255 0.8668
vn -0.2838 -0.6936 0.6621
vn -0.3402 -0.3560 0.8704
vn -0.6530 0.6215 -0.4327
vn -0.8146 0.5774 0.0553
vn -0.6530 0.6216 -0.4327
vn -0.8394 0.5414 -0.0471
vn -0.6540 0.4412 -0.6145
vn -0.9598 0.2754 -0.0550
vn -0.7341 0.2052 -0.6473
vn -0.6660 0.6347 0.3918
vn -0.8146 0.5774 -0.0553
vn -0.8394 0.5414 0.0471
vn -0.6661 0.6347 0.3918
vn -0.4982 -0.6248 -0.6011
vn -0.5608 -0.4108 -0.7189
vn -0.3402 -0.3560 -0.8703
vn -0.2673 -0.4088 -0.8726
vn -0.2908 -0.2908 -0.9115
vn -0.6992 0.7149 -0.0000
vn 0.0788 0.4332 -0.8979
vn 0.0943 0.4007 -0.9113
vn 0.1970 0.4727 -0.8589
vn -0.1730 -0.3068 0.9359
vn -0.1495 -0.4168 0.8966
vn -0.1106 -0.3238 0.9397
vn -0.4866 0.1334 -0.8634
vn -0.4964 0.1261 -0.8589
vn -0.4429 0.1819 -0.8779
vn -0.1733 -0.1261 0.9768
vn -0.2287 -0.2287 0.9463
vn -0.1498 -0.1498 0.9773
vn -0.8692 -0.4541 0.1958
vn -0.7826 0.1897 0.5929
vn -0.7905 0.1818 0.5849
vn -0.3607 0.2666 -0.8938
vn -0.4158 0.1648 -0.8944
vn -0.5043 0.4018 -0.7644
vn -0.0079 -0.9697 0.2444
vn 0.0158 -0.7031 0.7110
vn -0.9770 0.0158 0.2128
vn -0.6281 0.0392 0.7772
vn -0.6289 0.3224 0.7075
vn -0.2746 0.3531 0.8944
vn -0.5043 0.4019 0.7643
vn -0.3606 0.2666 0.8938
vn -0.3854 0.5190 0.7629
vn -0.6621 0.1891 -0.7251
vn -0.9057 -0.3466 -0.2442
vn -0.3537 -0.9354 -0.0000
vn -0.2753 -0.9358 0.2202
vn -0.6285 -0.7778 -0.0000
vn -0.8404 -0.5420 -0.0000
vn -0.8404 -0.5419 -0.0000
vn -0.9658 -0.2592 -0.0000
vn -0.9750 -0.0315 0.2201
vn -0.9659 -0.2591 -0.0000
vn -0.9985 0.0550 -0.0000
vn -0.9358 0.2752 0.2201
vn -0.9985 0.0551 -0.0000
vn -0.9750 -0.0314 0.2201
vn -0.9354 0.3537 -0.0000
vn -0.9353 0.3537 -0.0000
vn -0.7778 0.6285 -0.0000
vn -0.5420 0.8404 -0.0000
vn 0.0157 0.9998 0.0079
vn 0.0948 0.9950 0.0316
vn -0.0000 0.9997 0.0236
vn -0.9358 0.2753 -0.2202
vn -0.9358 0.2752 -0.2201
vn -0.9750 -0.0315 -0.2201
vn -0.9658 -0.2591 -0.0000
vn -0.5519 -0.8042 -0.2207
vn -0.3537 -0.9353 -0.0000
vn -0.2753 -0.9358 -0.2201
vn -0.2600 -0.1970 -0.9453
vn -0.2907 -0.2907 -0.9116
vn -0.2287 -0.2287 -0.9463
vn 0.0157 0.9998 -0.0079
vn -0.0000 0.9997 -0.0236
vn 0.0947 0.9950 -0.0316
vn 0.0236 0.9997 -0.0000
vn 0.1577 0.9859 0.0552
vn 0.0870 0.9962 0.0079
vn 0.3160 0.9482 0.0316
vn 0.1578 0.9859 0.0552
vn 0.3161 0.9482 0.0316
vn 0.0632 0.9867 0.1499
vn -0.0550 0.9970 0.0549
vn -0.0315 0.9995 -0.0000
vn -0.6062 0.7952 0.0079
vn -0.0550 0.6530 -0.7553
vn -0.7473 0.1888 -0.6371
vn -0.0001 1.0000 -0.0000
vn -0.0000 0.2444 -0.9697
vn -0.0000 1.0000 -0.0000
vn 0.0158 0.9998 -0.0078
vn 0.0948 0.9950 -0.0316
vn 0.1577 0.9859 -0.0552
vn 0.1578 0.9859 -0.0552
vn 0.0870 0.9962 -0.0079
vn 0.3160 0.9482 -0.0317
vn -0.0550 0.9970 -0.0549
vn 0.0632 0.9867 -0.1499
vn 0.3161 0.9482 -0.0316
vn -0.6062 0.7953 -0.0079
vn -0.7944 0.6056 -0.0471
vn -0.0551 0.6530 0.7553
vn -0.7473 0.1888 0.6371
vn -0.0000 0.2444 0.9697
vn -0.2121 0.0786 -0.9741
vn -0.3301 0.0393 -0.9431
vn -0.3069 0.1180 -0.9444
vn -0.2202 0.0236 -0.9752
vn -0.4400 -0.0628 -0.8958
vn -0.4402 0.0550 -0.8962
vn -0.3300 -0.0471 -0.9428
vn -0.3069 0.1181 -0.9444
vn -0.4402 0.0551 -0.8962
vn -0.4400 -0.0629 -0.8958
vn -0.3063 -0.1335 -0.9425
vn -0.2600 -0.1969 -0.9453
vn -0.2201 -0.0393 -0.9747
vn -0.2043 -0.0943 -0.9744
vn -0.1733 -0.1260 -0.9768
vn -0.1579 0.0079 -0.9874
vn -0.0948 -0.0237 -0.9952
vn -0.0948 0.0316 -0.9950
vn -0.2121 0.0785 -0.9741
vn 0.4806 0.8667 0.1339
vn 0.1342 0.7502 0.6475
vn 0.5361 0.8278 0.1656
vn 0.1025 0.9064 0.4098
vn 0.1024 0.9064 0.4099
vn 0.1024 0.9064 0.4098
vn 0.0632 0.9867 0.1500
vn 0.0631 0.9867 0.1500
vn -0.0550 0.9970 0.0550
vn -0.2600 -0.4255 -0.8668
vn -0.2837 -0.6936 -0.6621
vn -0.4983 -0.6248 -0.6011
vn -0.1888 -0.4642 -0.8654
vn -0.2201 -0.3852 -0.8962
vn -0.1495 -0.4169 -0.8966
vn -0.1260 -0.2127 0.9690
vn -0.1105 -0.3237 0.9397
vn -0.0712 -0.2214 0.9726
vn -0.1730 -0.3067 0.9359
vn -0.9770 0.0158 -0.2128
vn -0.6454 0.3385 -0.6847
vn -0.6058 0.0393 -0.7946
vn -0.2673 0.1965 -0.9434
vn -0.2529 0.6559 0.7112
vn -0.3296 0.9182 0.2197
vn -0.4427 0.5456 0.7116
vn -0.7826 0.1897 -0.5929
vn -0.7905 0.1818 -0.5849
vn -0.8691 -0.4542 -0.1958
vn -0.0945 -0.6380 0.7642
vn -0.1494 -0.4169 0.8966
vn -0.0551 -0.4403 0.8962
vn -0.1415 0.1729 0.9747
vn -0.2045 0.2595 0.9438
vn -0.1816 -0.6794 -0.7110
vn 0.0158 -0.7031 -0.7110
vn -0.0078 -0.9697 -0.2444
vn -0.0079 -0.9696 -0.2444
vn -0.2753 -0.9358 -0.2202
vn -0.1494 -0.4168 0.8966
vn -0.0550 -0.4402 0.8962
vn -0.0393 -0.3301 0.9431
vn -0.0944 0.8967 0.4325
vn -0.1027 0.9947 -0.0000
vn -0.0944 0.8966 0.4326
vn -0.1029 0.4354 0.8944
vn -0.1491 0.9888 -0.0000
vn -0.0937 0.8967 -0.4326
vn -0.1030 0.4353 -0.8944
vn -0.0944 0.8967 -0.4326
vn -0.2045 0.2596 0.9438
vn -0.2673 0.1966 0.9434
vn -0.2746 0.3530 0.8944
vn -0.1805 0.4082 0.8949
vn -0.3854 0.5191 0.7629
vn -0.2366 0.5992 0.7648
vn 0.2127 0.9690 0.1260
vn 0.7964 0.2287 0.5599
vn 0.0237 0.9872 0.1579
vn -0.0236 0.5509 0.8342
vn -0.0236 0.9193 -0.3928
vn 0.0631 0.9867 -0.1500
vn 0.1024 0.9064 -0.4098
vn -0.0550 0.9970 -0.0550
vn 0.1025 0.9064 -0.4098
vn 0.0632 0.9867 -0.1500
vn 0.4806 0.8667 -0.1339
vn 0.1024 0.9064 -0.4099
vn 0.1342 0.7502 -0.6475
vn 0.1343 0.7501 -0.6475
vn 0.5360 0.8278 -0.1655
vn -0.7149 0.0079 0.6991
vn -0.9910 0.0079 0.1337
vn -0.9996 0.0157 0.0237
vn 0.0158 0.8676 -0.4969
vn 0.2126 0.3466 -0.9136
vn -0.0158 0.4566 0.8896
vn -0.6280 0.0393 0.7772
vn -0.1730 -0.3067 -0.9359
vn -0.1494 -0.4168 -0.8966
vn -0.1106 -0.3238 -0.9397
vn -0.9588 0.2750 -0.0707
vn -0.6540 0.4412 -0.6146
vn -0.7229 0.2043 0.6601
vn -0.2746 0.3530 -0.8944
vn -0.5043 0.4019 -0.7644
vn -0.3854 0.5191 -0.7629
vn -0.1498 -0.1498 -0.9773
vn 0.8204 -0.2682 0.5049
vn 0.7785 -0.3854 0.4954
vn 0.7970 -0.3314 0.5050
vn 0.8415 -0.1966 0.5033
vn 0.8296 -0.2528 0.4978
vn 0.8604 -0.1421 0.4894
vn 0.8750 -0.0552 0.4809
vn 0.8720 -0.1571 0.4635
vn 0.8892 0.0314 0.4564
vn 0.8897 0.1181 0.4409
vn 0.7785 -0.3853 0.4954
vn 0.7454 -0.4472 0.4943
vn 0.7208 -0.5093 0.4701
vn 0.7145 -0.4947 0.4947
vn -0.0948 0.0316 0.9950
vn -0.0946 0.0631 0.9935
vn -0.0788 0.0867 0.9931
vn -0.0552 0.1025 0.9932
vn -0.0943 0.2043 0.9744
vn -0.1580 0.0079 0.9874
vn 0.6984 -0.5100 0.5022
vn 0.6772 -0.5434 0.4961
vn 0.6479 -0.6084 0.4583
vn 0.6743 -0.5489 0.4940
vn 0.6406 -0.6485 0.4113
vn -0.0948 -0.0237 0.9952
vn -0.1025 -0.0473 0.9936
vn -0.0868 -0.0631 0.9942
vn -0.1497 -0.1497 0.9773
vn -0.0947 -0.0237 0.9952
vn 0.0001 -0.0000 1.0000
vn -0.0236 0.1104 0.9936
vn 0.0157 0.8677 -0.4969
vn -0.0000 0.8185 -0.5745
vn -0.0000 0.6324 -0.7747
vn -0.1807 0.1336 -0.9744
vn -0.3152 0.0788 0.9457
vn -0.2605 0.0632 0.9634
vn -0.1335 0.3063 0.9425
vn -0.2529 0.6559 -0.7112
vn -0.4427 0.5456 -0.7116
vn -0.3296 0.9182 -0.2197
vn 0.0157 -0.1337 0.9909
vn 0.0315 -0.3232 0.9458
vn -0.0157 0.4566 -0.8895
vn 0.1342 0.7501 -0.6475
vn -0.8019 0.0079 -0.5974
vn -0.9658 0.0079 -0.2592
vn -0.9770 0.0157 -0.2128
vn -0.6454 0.3385 -0.6848
vn 0.4743 0.4031 0.7826
vn 0.7964 0.2287 0.5598
vn 0.8588 0.0157 0.5121
vn 0.7964 0.2286 0.5599
vn -0.0000 -0.0000 1.0000
vn -0.0863 0.0235 0.9960
vn -0.0079 -0.0000 1.0000
vn -0.1260 -0.2127 -0.9690
vn -0.1106 -0.3237 -0.9397
vn -0.0712 -0.2214 -0.9726
vn 0.8048 0.4813 0.3472
vn 0.8744 0.2600 0.4096
vn 0.8488 0.3536 0.3930
vn 0.8817 0.2204 0.4172
vn 0.9000 0.0395 0.4342
vn 0.8892 0.0315 0.4564
vn 0.8897 0.1181 -0.4409
vn 0.8750 -0.0552 -0.4809
vn 0.8892 0.0315 -0.4564
vn 0.8720 -0.1571 -0.4635
vn 0.8604 -0.1421 -0.4894
vn 0.8415 -0.1966 -0.5033
vn 0.8296 -0.2528 -0.4978
vn 0.8204 -0.2683 -0.5049
vn 0.7970 -0.3314 -0.5050
vn 0.7785 -0.3854 -0.4954
vn 0.7785 -0.3853 -0.4954
vn 0.7454 -0.4472 -0.4943
vn 0.7208 -0.5093 -0.4701
vn 0.7145 -0.4947 -0.4947
vn -0.0945 -0.6380 -0.7642
vn -0.0550 -0.4402 -0.8962
vn 0.6743 -0.5489 -0.4940
vn 0.6479 -0.6084 -0.4583
vn 0.6406 -0.6485 -0.4113
vn 0.6772 -0.5433 -0.4961
vn 0.6772 -0.5434 -0.4961
vn 0.6983 -0.5100 -0.5022
vn 0.1569 -0.9098 0.3843
vn 0.3863 -0.8514 0.3548
vn 0.1105 -0.9155 0.3867
vn 0.4660 -0.8136 0.3476
vn -0.0000 0.3930 0.9196
vn 0.2121 0.4712 0.8561
vn -0.0000 0.3930 0.9195
vn -0.1656 0.9862 -0.0000
vn 0.0079 -0.0000 1.0000
vn 0.6406 -0.6485 0.4112
vn 0.6123 -0.6908 0.3847
vn -0.0944 0.8966 -0.4326
vn -0.0002 -0.0000 1.0000
vn -0.0001 -0.0000 1.0000
vn 0.0002 -0.0000 1.0000
vn -0.8660 -0.0629 0.4960
vn -0.7539 0.2748 0.5968
vn -0.8010 0.1728 0.5732
vn -0.6112 0.4623 0.6425
vn -0.1415 0.1729 -0.9747
vn -0.2045 0.2595 -0.9438
vn -0.1105 -0.3237 -0.9397
vn -0.0393 -0.3301 -0.9431
vn 0.0788 -0.0867 0.9931
vn 0.0552 -0.1025 0.9932
vn 0.0236 -0.1104 0.9936
vn 0.0237 -0.1104 0.9936
vn 0.0943 -0.2043 0.9744
vn 0.0393 -0.2201 0.9747
vn -0.0079 -0.1104 0.9939
vn -0.0393 -0.1258 0.9913
vn -0.0236 -0.2202 0.9752
vn 0.0471 -0.3300 0.9428
vn 0.0628 -0.4400 0.8958
vn 0.0789 -0.6389 0.7652
vn 0.1335 -0.3063 0.9425
vn 0.0471 -0.3299 0.9428
vn -0.0393 -0.1259 0.9913
vn -0.0079 -0.1105 0.9939
vn -0.0706 0.9967 0.0392
vn -0.4263 -0.1500 0.8921
vn -0.0315 0.4407 0.8971
vn -0.2045 0.2596 -0.9438
vn -0.2673 0.1966 -0.9434
vn -0.3606 0.2666 -0.8938
vn -0.1806 0.4082 -0.8949
vn -0.2746 0.3531 -0.8944
vn -0.2365 0.5992 -0.7648
vn -0.0289 -0.0604 0.9978
vn -0.8440 0.5363 -0.0000
vn -0.3753 -0.9269 -0.0000
vn -1.0000 -0.0000 -0.0079
vn -0.9992 0.0393 -0.0000
vn -0.9907 0.0236 -0.1337
vn -0.7472 0.1888 -0.6372
vn -0.6063 0.7952 0.0078
vn 0.1568 -0.9098 0.3843
vn -0.2369 -0.8767 0.4186
vn -0.1653 -0.8973 0.4093
vn 0.6126 -0.7069 0.3534
vn 0.4661 -0.8136 0.3476
vn 0.6123 -0.6908 0.3846
vn -0.4882 0.1575 -0.8584
vn -0.4904 0.1266 -0.8622
vn -0.4888 0.1498 -0.8594
vn 0.9000 0.0395 -0.4342
vn 0.8817 0.2204 -0.4172
vn 0.8488 0.3537 -0.3930
vn 0.8744 0.2600 -0.4096
vn 0.8049 0.4813 -0.3472
vn 0.1569 -0.9098 -0.3843
vn 0.3863 -0.8514 -0.3548
vn 0.4660 -0.8137 -0.3476
vn 0.1106 -0.9155 -0.3867
vn -0.0237 0.1104 0.9936
vn -0.0393 0.2201 0.9747
vn -0.0471 0.3300 0.9428
vn -0.6058 0.0394 -0.7946
vn 0.6406 -0.6485 -0.4112
vn 0.6479 -0.6085 -0.4583
vn 0.6123 -0.6908 -0.3846
vn 0.3852 -0.8962 0.2201
vn 0.1021 -0.6995 0.7073
vn 0.1411 -0.9489 0.2823
vn 0.2745 -0.6354 0.7217
vn 0.6126 -0.7069 0.3535
vn 0.3863 -0.8514 0.3547
vn -0.1335 0.3063 -0.9425
vn -0.1805 0.4082 -0.8949
vn -0.0157 0.0863 0.9961
vn 0.6127 -0.7069 0.3535
vn 0.1105 -0.9155 0.3868
vn 0.1412 -0.9489 0.2823
vn -0.0079 -0.9696 0.2444
vn 0.1022 -0.6995 0.7073
vn -0.1335 0.3064 0.9425
vn -0.0629 0.4400 0.8958
vn 0.6127 -0.7069 -0.3535
vn 0.4661 -0.8136 -0.3476
vn 0.0157 -0.1337 -0.9909
vn 0.0316 -0.3232 -0.9458
vn 0.1568 -0.9098 -0.3843
vn -0.1653 -0.8973 -0.4093
vn -0.2369 -0.8767 -0.4186
vn -0.0943 0.2043 -0.9744
vn -0.1415 0.1730 -0.9747
vn -0.1025 -0.0473 -0.9936
vn -0.0868 -0.0631 -0.9942
vn -0.1497 -0.1498 -0.9773
vn -0.0946 0.0631 -0.9935
vn -0.0788 0.0867 -0.9931
vn -0.0552 0.1025 -0.9932
vn -0.0947 0.0316 -0.9950
vn 0.0003 -0.0000 -1.0000
vn -0.0236 0.1104 -0.9936
vn 0.0079 0.1104 -0.9939
vn 0.0393 0.1258 -0.9913
vn -0.7539 0.2748 -0.5968
vn -0.8010 0.1728 -0.5732
vn -0.6134 0.4561 -0.6448
vn -0.8660 -0.0630 -0.4960
vn -0.1334 0.0706 -0.9885
vn -0.3152 0.0788 -0.9457
vn 0.6126 -0.7069 -0.3534
vn 0.3864 -0.8514 -0.3547
vn -0.0236 -0.0315 0.9992
vn -0.1413 0.0314 0.9895
vn -0.0000 -0.0550 0.9985
vn -0.0549 -0.0392 0.9977
vn -0.0001 -0.0550 0.9985
vn -0.0000 -0.0472 0.9989
vn -0.0000 -0.0315 0.9995
vn -0.8425 -0.4252 0.3307
vn -0.8660 -0.0630 0.4960
vn -0.8579 -0.2361 0.4564
vn -0.6296 0.5981 0.4958
vn -0.6930 0.4646 0.5512
vn -0.0000 -0.9995 0.0315
vn -0.0000 -0.8057 0.5924
vn -0.0000 -0.6063 0.7953
vn -0.0000 -0.9999 0.0158
vn -0.0000 -0.9154 0.4024
vn -0.0000 -0.8248 0.5655
vn -0.0629 0.4401 0.8958
vn -0.2365 0.5992 0.7648
vn -0.0789 0.6389 0.7652
vn -0.0000 -0.0000 -1.0000
vn -0.0079 -0.0000 -1.0000
vn -0.0863 0.0235 -0.9960
vn 0.7147 0.6362 0.2906
vn 0.8488 0.3537 0.3930
vn 0.0079 -0.0000 -1.0000
vn 0.1105 -0.9155 -0.3868
vn -0.0157 0.0472 0.9988
vn 0.0550 0.0471 0.9974
vn 0.2357 0.3378 0.9112
vn 0.2132 0.5291 0.8213
vn -0.0157 0.4565 0.8896
vn 0.1342 0.7501 0.6475
vn -0.0001 -0.0000 -1.0000
vn 0.0001 -0.0000 -1.0000
vn -0.0002 -0.0000 -1.0000
vn -0.0003 -0.0000 -1.0000
vn 0.7884 0.5282 0.3154
vn 0.8049 0.4813 0.3472
vn 0.0472 -0.3300 0.9428
vn 0.0629 -0.4400 0.8958
vn 0.1805 -0.4082 0.8949
vn -0.0866 0.7005 0.7084
vn -0.1102 0.9758 0.1889
vn 0.3853 -0.8962 -0.2201
vn 0.1022 -0.6995 -0.7073
vn 0.2745 -0.6354 -0.7217
vn 0.1412 -0.9489 -0.2823
vn -0.8578 -0.2361 0.4565
vn -0.8172 -0.5107 0.2672
vn -0.8578 -0.2360 0.4565
vn -0.6084 0.5768 0.5451
vn -0.6004 0.5372 0.5924
vn 0.0003 -0.0000 1.0000
vn -0.9697 0.2443 -0.0000
vn -0.9697 0.2444 -0.0000
vn 0.1415 -0.1729 0.9747
vn 0.1807 -0.1336 0.9744
vn 0.1182 -0.0079 0.9930
vn 0.2201 0.0393 0.9747
vn 0.1104 0.0236 0.9936
vn 0.2043 0.0943 0.9744
vn 0.1025 0.0473 0.9936
vn 0.1807 0.1336 0.9744
vn 0.0868 0.0631 0.9942
vn 0.1572 0.1572 0.9750
vn 0.1103 -0.0394 0.9931
vn 0.0946 -0.0631 0.9935
vn -0.8425 -0.4252 -0.3307
vn -0.8579 -0.2361 -0.4564
vn -0.8661 -0.0630 -0.4960
vn -0.6084 0.5768 0.5452
vn -0.0079 -0.9697 -0.2444
vn -0.2837 -0.6936 0.6621
vn -0.1734 -0.9849 -0.0000
vn -0.0946 -0.6381 0.7641
vn -0.4250 -0.9052 -0.0000
vn -0.4251 -0.9052 -0.0000
vn -0.6456 -0.7637 -0.0000
vn -0.5608 -0.4108 0.7189
vn -0.8185 -0.5745 -0.0000
vn -0.5609 -0.4107 0.7189
vn -0.9405 -0.3399 -0.0000
vn -0.9405 -0.3398 -0.0000
vn -0.9963 -0.0863 -0.0000
vn -0.6381 0.0945 0.7642
vn -0.9849 0.1733 -0.0000
vn -0.6390 -0.0788 0.7652
vn 0.7147 0.6362 -0.2906
vn 0.8048 0.4814 -0.3472
vn -0.0237 0.1104 -0.9936
vn -0.0393 0.2201 -0.9747
vn -0.0472 0.3300 -0.9428
vn 0.8048 0.4813 -0.3472
vn 0.7884 0.5282 -0.3154
vn 0.1182 -0.0079 -0.9930
vn 0.1104 0.0237 -0.9936
vn 0.2202 0.0393 -0.9747
vn 0.2043 0.0943 -0.9744
vn 0.1025 0.0473 -0.9936
vn 0.1731 0.1338 -0.9758
vn 0.0868 0.0631 -0.9942
vn 0.1572 0.1572 -0.9750
vn 0.1103 -0.0394 -0.9931
vn 0.0946 -0.0631 -0.9935
vn 0.0788 -0.0867 -0.9931
vn 0.0552 -0.1024 -0.9932
vn 0.0236 -0.1104 -0.9936
vn 0.0237 -0.1104 -0.9936
vn 0.0552 -0.1025 -0.9932
vn 0.0943 -0.2043 -0.9744
vn 0.0393 -0.2201 -0.9747
vn 0.1335 -0.3063 -0.9425
vn 0.0471 -0.3300 -0.9428
vn -0.0079 -0.1104 -0.9939
vn -0.0393 -0.1258 -0.9913
vn -0.0236 -0.2202 -0.9752
vn 0.0628 -0.4400 -0.8958
vn 0.0789 -0.6389 -0.7652
vn -0.0945 -0.6381 -0.7642
vn -0.0393 -0.1259 -0.9913
vn 0.0001 0.0001 1.0000
vn 0.2045 -0.2596 0.9438
vn 0.5423 -0.1100 0.8330
vn -0.3150 0.3072 0.8980
vn -0.2045 0.9438 0.2596
vn -0.0865 0.9825 0.1651
vn -0.0000 0.9379 0.3468
vn 0.0079 0.1104 0.9939
vn 0.0393 0.1258 0.9913
vn 0.0236 0.2202 0.9752
vn 0.0393 0.3301 0.9431
vn -0.0628 0.4400 0.8958
vn 0.0550 0.4402 0.8962
vn -0.0789 0.6390 0.7652
vn 0.0945 0.6381 0.7642
vn 0.0393 0.1259 0.9913
vn 0.0079 0.1105 0.9939
vn 0.0711 0.2214 0.9726
vn 0.0712 0.2214 0.9726
vn 0.1105 0.3237 0.9397
vn 0.0394 0.1259 0.9913
vn 0.1260 0.2127 0.9690
vn 0.9715 -0.2369 -0.0000
vn 0.9715 -0.2370 -0.0000
vn 0.9697 -0.2444 -0.0000
vn 0.9697 -0.2443 -0.0000
vn -0.0157 0.0863 -0.9961
vn -0.0471 0.3300 -0.9428
vn -0.0629 0.4400 -0.8958
vn -0.1335 0.3064 -0.9425
vn 0.2365 -0.5992 0.7648
vn -0.0000 0.9317 0.3632
vn -0.0000 0.9439 0.3304
vn -0.0000 0.8897 0.4566
vn -0.0000 0.9252 0.3796
vn -0.0000 0.8896 0.4567
vn -0.0000 0.9612 0.2758
vn -0.0000 0.8929 0.4504
vn 0.0078 0.9262 0.3768
vn -0.0000 0.8896 0.4566
vn -0.0000 0.9405 0.3399
vn -0.0000 0.8677 0.4970
vn -0.0000 0.9007 0.4345
vn -0.0000 0.8498 0.5272
vn -0.0000 0.8848 0.4661
vn -0.0000 0.9327 0.3606
vn -0.0000 0.8589 0.5122
vn -0.0000 0.9021 0.4315
vn -0.0000 0.9052 0.4251
vn -0.2370 -0.8767 0.4186
vn -0.7247 -0.5908 0.3545
vn -0.7538 0.2749 0.5968
vn -0.6004 0.5371 0.5925
vn -0.9770 0.0157 0.2127
vn -0.9996 0.0157 0.0236
vn -1.0000 0.0079 -0.0000
vn -0.0314 -0.9987 0.0394
vn -0.1498 -0.8996 0.4103
vn -0.0078 -0.9969 0.0785
vn -0.0000 0.8497 -0.5272
vn 0.8411 0.4401 -0.3145
vn -0.0079 0.7707 -0.6371
vn -0.0001 0.8589 -0.5122
vn -0.9770 0.0158 -0.2127
vn -0.0000 -0.0158 0.9999
vn -0.9999 0.0079 0.0078
vn -1.0000 0.0078 -0.0000
vn -0.9658 0.0078 -0.2591
vn -1.0000 -0.0000 -0.0000
vn -0.9998 0.0158 -0.0079
vn -0.9998 0.0158 -0.0086
vn -0.6063 0.7952 -0.0079
vn -0.7472 0.1888 0.6372
vn -0.9907 0.0236 0.1336
vn -0.7473 0.1888 0.6372
vn -1.0000 -0.0000 0.0079
vn 0.0256 0.0517 0.9983
vn -0.3517 -0.8430 -0.4070
vn 0.1290 0.3358 -0.9331
vn -0.2365 0.5992 -0.7649
vn -0.0789 0.6389 -0.7652
vn 0.6464 0.7173 0.2601
vn -0.7574 0.1341 0.6391
vn -0.7904 0.1818 0.5850
vn -0.7574 0.1341 0.6390
vn -0.8578 -0.2361 -0.4565
vn -0.8010 0.1727 -0.5732
vn -0.8172 -0.5107 -0.2672
vn -0.0866 0.7005 -0.7084
vn -0.1102 0.9758 -0.1889
vn 0.2121 0.4713 0.8561
vn 0.0472 0.4717 0.8805
vn -0.8730 -0.4877 -0.0000
vn -0.8172 -0.5107 0.2671
vn -0.8815 -0.4722 -0.0000
vn -0.6930 0.4647 0.5512
vn -0.8395 0.5414 0.0471
vn -0.0000 0.9697 0.2444
vn -0.0000 0.9715 0.2370
vn -0.0000 0.9439 0.3303
vn -0.0000 0.9405 0.3398
vn -0.0000 0.9754 0.2203
vn -0.0000 0.9658 0.2592
vn -0.0000 0.9327 0.3605
vn -0.0000 0.9658 0.2591
vn -0.8172 -0.5107 -0.2671
vn 0.0472 -0.3300 -0.9428
vn 0.1805 -0.4082 -0.8949
vn 0.0629 -0.4400 -0.8958
vn 0.1335 -0.3064 -0.9425
vn 0.2746 -0.3530 0.8944
vn -0.2045 0.9438 -0.2596
vn -0.0000 0.9379 -0.3468
vn -0.0864 0.9825 -0.1651
vn 0.2045 -0.2595 0.9438
vn 0.2673 -0.1965 0.9434
vn -0.1728 0.5733 0.8009
vn -0.1727 0.5732 0.8010
vn -0.1574 0.1496 0.9761
vn -0.0079 0.9697 0.2443
vn -0.0079 0.9697 0.2444
vn 0.6464 0.7173 -0.2602
vn 0.7884 0.5282 -0.3153
vn -0.2370 -0.8767 -0.4186
vn -0.7247 -0.5908 -0.3545
vn 0.0788 -0.6390 -0.7652
vn 0.0863 -0.9963 -0.0000
vn -0.1733 -0.9849 -0.0000
vn -0.2838 -0.6936 -0.6621
vn -0.0946 -0.6381 -0.7641
vn -0.8185 -0.5746 -0.0000
vn -0.5992 -0.2366 -0.7648
vn -0.5992 -0.2365 -0.7648
vn -0.6390 -0.0788 -0.7652
vn -0.4669 -0.6093 0.6409
vn 0.0315 0.8759 0.4814
vn 0.2202 0.9752 0.0236
vn 0.4799 0.4328 0.7631
vn -0.0000 0.7071 0.7071
vn -0.0000 0.9920 0.1259
vn -0.0000 0.9835 0.1809
vn -0.0000 0.7110 0.7032
vn -0.0865 0.7005 0.7084
vn 0.0315 0.0315 0.9990
vn 0.0314 0.0314 0.9990
vn 0.0236 0.0628 0.9977
vn -0.0000 0.0393 0.9992
vn -0.0000 -0.0001 1.0000
vn 0.0079 0.0628 0.9980
vn 0.0236 0.0629 0.9977
vn -0.0079 0.1580 0.9874
vn -0.0078 0.1961 0.9805
vn -0.0158 0.2369 0.9714
vn -0.0079 0.2128 0.9771
vn -0.0000 0.8019 0.5975
vn -0.0079 0.2127 0.9771
vn -0.0079 0.2052 0.9787
vn 0.5438 0.0788 0.8355
vn -0.0078 0.3863 0.9224
vn -0.0000 0.8497 0.5272
vn -0.0000 0.8588 0.5122
vn 0.8411 0.4401 0.3145
vn -0.0000 0.1026 0.9947
vn -0.0000 0.0001 1.0000
vn -0.0000 0.9317 -0.3632
vn -0.0000 0.8897 -0.4566
vn -0.0000 0.9439 -0.3304
vn -0.0000 0.9252 -0.3796
vn -0.0000 0.9612 -0.2758
vn -0.0000 0.8896 -0.4566
vn -0.0000 0.8928 -0.4504
vn 0.0078 0.9262 -0.3768
vn -0.0000 0.9405 -0.3399
vn 0.0079 0.8975 -0.4409
vn -0.0000 0.8782 -0.4783
vn -0.0000 0.9327 -0.3605
vn -0.0000 0.8498 -0.5272
vn -0.0000 0.9021 -0.4315
vn -0.0000 0.8498 -0.5271
vn -0.0000 0.8589 -0.5122
vn -0.0000 0.9052 -0.4251
vn -0.0000 0.9980 0.0629
vn -0.0000 0.9930 0.1182
vn -0.0000 0.9910 0.1337
vn -0.0000 0.9920 0.1260
vn -0.0000 0.9900 0.1414
vn -0.0000 0.9980 0.0627
vn -0.0000 0.9899 0.1414
vn -0.0000 0.9939 0.1104
vn 0.1025 0.9942 0.0316
vn -0.0000 0.9939 0.1105
vn -0.0000 0.9754 0.2202
vn -0.0000 0.9715 0.2369
vn -0.0000 -0.0236 -0.9997
vn -0.0000 -0.0315 -0.9995
vn 0.0002 -0.9939 -0.1104
vn 0.2992 -0.6300 0.7166
vn 0.2746 -0.6354 0.7217
vn -0.6058 0.5665 -0.5586
vn -0.6530 0.6215 -0.4328
vn -0.0000 0.9980 -0.0628
vn -0.0000 0.9980 -0.0629
vn 0.0157 0.9999 -0.0000
vn 0.1025 0.9942 -0.0315
vn -0.4899 0.1343 -0.8613
vn -0.4905 0.1265 -0.8622
vn -0.4789 0.1963 -0.8557
vn -0.4905 0.1266 -0.8622
vn -0.0000 0.9697 -0.2444
vn -0.0000 0.9715 -0.2370
vn -0.0000 0.9405 -0.3398
vn -0.0000 0.9754 -0.2203
vn -0.0000 0.9658 -0.2592
vn -0.0000 0.9658 -0.2591
vn -0.0000 0.9980 0.0628
vn 0.1025 0.9942 0.0315
vn 0.2993 -0.6300 0.7166
vn 0.4107 -0.8846 0.2212
vn -0.0000 0.9715 -0.2369
vn -0.0000 0.9920 -0.1260
vn -0.0000 0.9910 -0.1337
vn -0.0000 0.9930 -0.1182
vn -0.0000 0.9899 -0.1414
vn -0.0000 0.9939 -0.1105
vn -0.0000 0.9754 -0.2202
vn -0.0000 0.9939 -0.1104
vn -0.0000 0.9980 -0.0631
vn 0.1025 0.9942 -0.0316
vn -0.0000 0.9900 -0.1414
vn -0.0000 0.9920 -0.1259
vn -0.0001 -0.0315 -0.9995
vn -0.0001 -0.9939 -0.1104
vn 0.1106 0.3237 0.9397
vn 0.1806 0.3063 0.9346
vn 0.1104 -0.0394 -0.9931
vn 0.2202 -0.0236 -0.9752
vn 0.2121 -0.0786 -0.9741
vn 0.1807 -0.1336 -0.9744
vn 0.1415 -0.1729 -0.9747
vn 0.2045 -0.2596 -0.9438
vn -0.8730 -0.4876 -0.0000
vn 0.0629 -0.4401 -0.8958
vn 0.2365 -0.5992 -0.7649
vn -0.5913 0.5124 -0.6228
vn -0.7538 0.2748 -0.5968
vn 0.0236 0.2202 -0.9752
vn 0.0393 0.3301 -0.9431
vn 0.0550 0.4402 -0.8962
vn 0.0945 0.6381 -0.7642
vn 0.0393 0.1259 -0.9913
vn 0.0712 0.2214 -0.9726
vn 0.1105 0.3237 -0.9397
vn 0.1260 0.2127 -0.9690
vn 0.1105 0.3238 0.9397
vn 0.0551 0.4402 0.8962
vn 0.1494 0.4168 0.8966
vn -0.7574 0.1341 -0.6390
vn -0.8497 -0.5271 0.0079
vn -0.7904 0.1818 -0.5850
vn -0.7574 0.1341 -0.6391
vn -0.0000 0.1415 0.9899
vn 0.2524 0.1578 0.9547
vn -0.0079 0.1579 0.9874
vn -0.0393 0.1732 0.9841
vn -0.0394 0.1732 0.9841
vn -0.0079 0.2370 0.9715
vn -0.1334 0.0706 -0.9886
vn 0.5422 -0.1101 -0.8330
vn -0.0157 0.4565 -0.8896
vn 0.2132 0.5291 -0.8213
vn -0.0079 0.0472 -0.9989
vn 0.2357 0.3378 -0.9113
vn 0.0550 0.0471 -0.9974
vn -0.5850 0.5534 -0.5929
vn -0.6539 0.4413 -0.6145
vn -0.4669 -0.6093 -0.6409
vn 0.1806 -0.4082 0.8949
vn 0.3854 -0.5191 0.7629
vn 0.2746 -0.3531 0.8944
vn 0.2365 -0.5992 0.7649
vn 0.2287 0.2287 0.9463
vn 0.2600 0.1969 0.9453
vn -0.0000 0.7110 -0.7032
vn -0.0865 0.7005 -0.7084
vn -0.0000 0.9835 -0.1809
vn -0.0000 0.7071 -0.7071
vn -0.0000 0.9438 -0.3304
vn -0.0236 -0.9982 -0.0550
vn -0.0159 -0.9946 -0.1027
vn -0.1500 -0.8995 -0.4103
vn 0.2992 -0.6300 -0.7166
vn 0.3852 -0.8962 -0.2201
vn 0.2746 -0.6354 -0.7217
vn 0.3606 -0.2666 0.8938
vn 0.2673 -0.1966 0.9434
vn 0.2746 -0.3531 -0.8944
vn -0.1413 0.0315 0.9895
vn -0.0000 0.8678 0.4970
vn 0.0078 0.9263 0.3767
vn 0.0078 0.9263 0.3768
vn 0.0943 0.2672 0.9590
vn 0.0079 0.1026 0.9947
vn 0.2206 0.1654 0.9612
vn 0.1885 0.0157 0.9819
vn 0.1971 -0.0710 0.9778
vn 0.1885 0.0157 0.9820
vn 0.1655 -0.1339 0.9771
vn 0.1971 -0.0709 0.9778
vn 0.1105 -0.1736 0.9786
vn 0.0551 -0.2049 0.9772
vn -0.0000 -0.1961 0.9806
vn -0.0236 -0.1885 0.9818
vn -0.0000 -0.1809 0.9835
vn -0.0393 -0.0000 0.9992
vn -0.0629 0.0079 0.9980
vn -0.0393 0.0079 0.9992
vn 0.0236 0.3699 0.9288
vn -0.5732 0.5262 0.6282
vn -0.0394 -0.0000 0.9992
vn -0.0709 -0.7797 0.6221
vn 0.4107 -0.8846 -0.2211
vn 0.2672 -0.1965 -0.9434
vn 0.2045 -0.2595 -0.9438
vn -0.8395 0.5413 -0.0471
vn -0.6539 0.4412 -0.6145
vn -0.9125 -0.3225 0.2517
vn -0.7247 -0.5909 0.3545
vn 0.5015 0.8462 0.1802
vn 0.0158 0.8677 -0.4969
vn 0.0078 0.9263 -0.3767
vn 0.0079 0.9263 -0.3768
vn 0.0314 0.9586 -0.2829
vn 0.0316 0.8759 -0.4814
vn 0.4799 0.4328 -0.7631
vn 0.2202 0.9752 -0.0236
vn 0.1260 0.2127 -0.9689
vn 0.1106 0.3237 -0.9397
vn 0.1806 0.3063 -0.9346
vn 0.1495 0.4168 0.8966
vn 0.2201 0.3852 0.8962
vn -0.0079 0.2052 -0.9787
vn -0.0316 0.2051 -0.9782
vn -0.0000 0.0315 -0.9995
vn -0.0000 0.0001 -1.0000
vn -0.9907 0.0236 0.1337
vn -0.8046 0.4575 0.3787
vn 0.0002 -0.0000 -1.0000
vn -0.0315 0.4407 -0.8971
vn 0.0001 0.9697 -0.2443
vn -0.0158 0.1656 -0.9861
vn -0.0394 0.9985 -0.0392
vn -0.0000 -0.0001 -1.0000
vn -0.0000 0.0079 -1.0000
vn 0.4744 0.4031 -0.7826
vn -0.0000 0.9874 -0.1579
vn -0.0000 0.0078 -1.0000
vn 0.1104 0.9708 -0.2131
vn 0.1494 0.4169 0.8966
vn 0.0946 0.6380 0.7642
vn 0.1888 0.4642 0.8654
vn 0.2837 0.6936 0.6621
vn -0.0000 0.9252 0.3795
vn -0.0000 0.9612 0.2757
vn 0.0079 0.9263 0.3768
vn 0.0866 0.9679 0.2361
vn -0.0000 -1.0000 -0.0002
vn -0.0000 -1.0000 -0.0079
vn -0.0000 -0.9969 0.0785
vn -0.0000 -0.7953 0.6063
vn -0.0000 -0.5975 0.8019
vn 0.1105 0.3238 -0.9397
vn 0.0551 0.4402 -0.8962
vn 0.1494 0.4168 -0.8966
vn -0.9849 0.1734 -0.0000
vn -0.6380 0.0946 0.7642
vn -0.9052 0.4250 0.0001
vn -0.9052 0.4250 -0.0000
vn -0.5918 0.2526 0.7655
vn -0.7637 0.6456 -0.0000
vn -0.5042 0.4019 0.7644
vn -0.5745 0.8185 0.0001
vn -0.5745 0.8185 -0.0000
vn -0.3399 0.9405 -0.0000
vn 0.5015 0.8462 -0.1802
vn 0.6463 0.7173 -0.2601
vn -0.6083 0.5768 0.5452
vn -0.6111 0.4623 0.6425
vn -0.6004 0.5372 0.5925
vn -0.0079 0.2202 -0.9754
vn -0.0079 0.2128 -0.9771
vn -0.0078 0.1961 -0.9805
vn -0.0000 0.9612 -0.2757
vn -0.0000 0.9252 -0.3795
vn -0.0000 0.9874 -0.1580
vn 0.0866 0.9679 -0.2360
vn 0.0078 0.9263 -0.3768
vn 0.0314 0.9586 -0.2828
vn -0.7247 -0.5909 -0.3545
vn -0.9125 -0.3225 -0.2518
vn 0.1806 -0.4082 -0.8949
vn 0.3853 -0.5191 -0.7629
vn 0.2366 -0.5992 -0.7649
vn -0.0001 0.2370 -0.9715
vn -0.0079 0.2127 -0.9771
vn -0.0000 0.2370 -0.9715
vn -0.0000 0.2369 -0.9715
vn 0.2287 0.2287 -0.9463
vn 0.2599 0.1969 -0.9453
vn 0.1573 0.1573 -0.9750
vn -0.0000 -0.4186 -0.9082
vn -0.0000 0.0236 -0.9997
vn -0.0000 -0.5745 -0.8185
vn -0.0000 0.1260 -0.9920
vn -0.0236 0.4023 -0.9152
vn -0.0000 -0.9910 -0.1337
vn -0.0000 -0.8730 -0.4877
vn 0.0003 -0.9999 -0.0158
vn -0.0000 -0.9154 -0.4025
vn 0.0002 -0.9989 -0.0472
vn -0.0000 -0.9999 -0.0158
vn -0.0000 -0.9980 -0.0629
vn -0.0000 -0.9995 -0.0315
vn -0.0000 -0.8019 -0.5975
vn -0.0000 -0.6063 -0.7952
vn -0.0000 -0.0079 -1.0000
vn -0.0000 -0.5975 -0.8019
vn -0.0000 -0.7952 -0.6063
vn -0.0012 -0.7952 -0.6063
vn -0.0000 -0.9969 -0.0785
vn -0.0004 -0.9969 -0.0785
vn -0.0000 -1.0000 0.0079
vn 0.2524 0.1578 -0.9547
vn -0.0000 -0.0079 1.0000
vn 0.2435 0.1492 -0.9584
vn 0.2525 0.1578 -0.9546
vn 0.5438 0.0788 -0.8355
vn 0.2127 0.3466 -0.9136
vn -0.0079 0.2203 -0.9754
vn -0.0000 0.6324 -0.7746
vn -0.0000 -0.1026 0.9947
vn -0.0079 0.2369 -0.9715
vn -0.0079 0.7708 -0.6370
vn -0.0079 0.1961 -0.9806
vn -0.0078 0.7708 -0.6370
vn -0.0000 0.8185 -0.5746
vn 0.3692 0.2749 0.8877
vn 0.1101 0.0786 0.9908
vn -0.7149 0.0079 0.6992
vn -0.0158 0.0472 0.9988
vn -0.7473 0.1887 -0.6371
vn 0.2673 -0.1966 -0.9434
vn 0.3607 -0.2666 -0.8938
vn 0.2746 -0.3530 -0.8944
vn -0.6752 0.2120 0.7065
vn -0.6843 0.2045 0.6999
vn -0.7242 0.2204 0.6534
vn 0.5043 -0.4019 0.7643
vn 0.3607 -0.2666 0.8938
vn 0.3854 -0.5190 0.7629
vn 0.2600 0.1970 0.9453
vn 0.3458 0.2515 0.9039
vn 0.2907 0.2907 0.9116
vn -0.2842 0.9555 0.0790
vn -0.1498 0.9856 0.0789
vn -0.2355 0.9656 0.1099
vn -0.0000 0.9963 0.0863
vn -0.0000 0.9862 0.1657
vn -0.0864 0.9826 0.1645
vn -0.0000 0.9380 0.3468
vn 0.1100 0.0786 0.9908
vn 0.0549 0.0471 0.9974
vn 0.2679 0.9614 0.0631
vn 0.4400 0.0629 0.8958
vn 0.5992 0.2365 0.7649
vn 0.4082 0.1805 0.8949
vn 0.6389 0.0789 0.7652
vn 0.4402 -0.0550 0.8962
vn 0.4401 0.0628 0.8958
vn 0.6381 -0.0945 0.7642
vn 0.4158 -0.1647 0.8944
vn 0.5918 -0.2525 0.7655
vn 0.3070 -0.1180 0.9444
vn 0.4158 -0.1648 0.8944
vn 0.3301 -0.0393 0.9431
vn 0.3069 -0.1181 0.9444
vn 0.3606 -0.2665 0.8938
vn 0.3300 0.0471 0.9428
vn 0.3063 0.1335 0.9425
vn 0.3459 0.2515 0.9039
vn 0.4082 0.1806 0.8949
vn 0.2202 -0.0236 0.9752
vn 0.2121 -0.0785 0.9741
vn 0.3069 -0.1180 0.9444
vn 0.1808 -0.1336 0.9744
vn 0.2121 -0.0786 0.9741
vn 0.2599 0.1969 0.9453
vn 0.1104 -0.0394 0.9931
vn -0.4900 0.1343 -0.8613
vn -0.4813 0.2051 -0.8522
vn -0.0079 1.0000 -0.0000
vn -0.0948 0.9955 -0.0000
vn -0.0158 0.9999 -0.0000
vn 0.0316 0.8760 0.4813
vn 0.4343 0.9002 0.0316
vn -0.0000 0.9992 0.0394
vn 0.4800 0.4327 0.7631
vn 0.0158 0.9999 -0.0000
vn -0.5912 0.5124 -0.6228
vn -0.6133 0.4561 -0.6448
vn 0.0789 0.9155 0.3946
vn -0.0707 0.9975 0.0078
vn -0.0236 0.9997 -0.0000
vn -0.0000 0.9989 0.0472
vn -0.2842 0.9555 -0.0790
vn -0.2355 0.9656 -0.1099
vn -0.1498 0.9856 -0.0789
vn -0.0865 0.9825 -0.1650
vn -0.0000 0.9963 -0.0863
vn -0.0000 0.9862 -0.1659
vn -0.0000 0.9380 -0.3468
vn -0.0706 -0.0314 -0.9970
vn -0.3607 -0.9252 -0.1176
vn -0.5968 -0.8010 -0.0471
vn -0.0079 -0.7188 -0.6951
vn -0.0000 -0.1885 -0.9821
vn -0.0236 -0.0079 -0.9997
vn 0.0002 0.0001 -1.0000
vn -0.0707 -0.0000 -0.9975
vn -0.0078 -0.1491 -0.9888
vn -0.0629 -0.0000 -0.9980
vn -0.0236 -0.1885 -0.9818
vn -0.0628 0.0079 -0.9980
vn -0.0000 -0.1961 -0.9806
vn -0.0628 0.0157 -0.9979
vn 0.0551 -0.2048 -0.9772
vn 0.1105 -0.1736 -0.9786
vn 0.1654 -0.1339 -0.9771
vn 0.1971 -0.0710 -0.9778
vn 0.2127 -0.0079 -0.9771
vn 0.2049 0.0552 -0.9772
vn 0.1257 0.0628 -0.9901
vn 0.0314 0.0628 -0.9975
vn 0.0788 0.1970 -0.9772
vn 0.0237 0.1975 -0.9800
vn -0.0236 0.0079 -0.9997
vn 0.0393 0.4873 -0.8724
vn -0.6063 0.4172 -0.6770
vn -0.3311 0.9303 -0.1577
vn 0.1807 0.3063 -0.9346
vn 0.1106 0.3238 -0.9397
vn 0.2201 0.3852 -0.8962
vn 0.2680 0.9614 -0.0631
vn 0.2837 0.6936 -0.6621
vn 0.1888 0.4642 -0.8654
vn 0.0550 0.4403 -0.8962
vn 0.0789 0.9155 -0.3946
vn -0.0707 0.9975 -0.0079
vn -0.0000 0.9992 -0.0393
vn -0.1575 0.1495 0.9761
vn -0.9487 0.2273 0.2195
vn 0.5361 0.8278 0.1655
vn 0.9920 0.1260 -0.0000
vn 0.0316 0.8760 -0.4813
vn 0.4343 0.9002 -0.0316
vn 0.4799 0.4327 -0.7632
vn -0.0000 0.9992 -0.0394
vn -0.0393 0.9985 -0.0393
vn -0.0000 0.9989 -0.0472
vn 0.9920 0.1259 -0.0000
vn 0.9947 -0.1026 -0.0000
vn 0.2600 0.4255 0.8668
vn 0.2838 0.6936 0.6621
vn 0.2673 0.4088 0.8726
vn 0.4958 0.6296 0.5982
vn 0.3393 0.3629 0.8679
vn 0.9354 0.3537 -0.0000
vn 0.9612 -0.2758 -0.0000
vn 0.9612 -0.2757 -0.0000
vn -0.0790 0.6389 -0.7652
vn -0.3398 0.9405 -0.0000
vn -0.0863 0.9963 -0.0000
vn -0.2366 0.5992 -0.7649
vn -0.2366 0.5992 -0.7648
vn -0.5746 0.8185 -0.0000
vn -0.5043 0.4018 -0.7643
vn -0.5043 0.4019 -0.7643
vn -0.7637 0.6455 -0.0000
vn -0.0000 0.3930 -0.9196
vn -0.0000 0.3930 -0.9195
vn 0.0943 0.4007 -0.9114
vn 0.5361 0.8278 -0.1656
vn 0.2132 0.5291 -0.8214
vn -0.6752 0.2120 -0.7065
vn -0.7243 0.2204 -0.6534
vn -0.6843 0.2045 -0.7000
vn 0.7342 -0.6789 -0.0000
vn -0.0157 0.9999 -0.0000
vn -0.0157 0.9999 0.0002
vn -0.0000 1.0000 0.0002
vn -0.0001 1.0000 0.0001
vn -0.0000 1.0000 -0.0002
vn 0.7342 -0.6790 -0.0000
vn 0.8344 -0.5511 -0.0000
vn 0.8345 -0.5511 -0.0000
vn 0.8344 -0.5512 -0.0000
vn 0.7708 -0.6371 -0.0000
vn -0.8323 0.5417 0.1178
vn -0.8322 0.5417 0.1178
vn 0.8345 -0.5510 -0.0000
vn -0.2920 0.9548 0.0553
vn -0.2199 0.9740 0.0550
vn 0.1182 0.9929 0.0158
vn 0.5014 0.8462 0.1802
vn 0.2680 0.9614 0.0631
vn 0.5043 -0.4018 -0.7643
vn 0.3854 -0.5191 -0.7629
vn -0.8322 0.5418 -0.1178
vn -0.8323 0.5417 -0.1178
vn 0.2600 0.1970 -0.9453
vn 0.2907 0.2907 -0.9116
vn 0.3459 0.2515 -0.9039
vn -0.7775 0.6047 0.1728
vn 0.5043 -0.4018 0.7644
vn -0.2920 0.9548 -0.0553
vn -0.2199 0.9740 -0.0550
vn 0.1182 0.9929 -0.0158
vn 0.5014 0.8462 -0.1802
vn -0.0157 0.4566 -0.8896
vn -0.6058 0.0394 -0.7947
vn -0.8019 0.0079 -0.5975
vn 0.3692 0.2750 -0.8877
vn 0.1101 0.0786 -0.9908
vn -0.0000 1.0000 0.0001
vn -0.7775 0.6047 -0.1728
vn -0.1417 0.9760 0.1653
vn -0.0942 0.9818 -0.1649
vn -0.0000 0.9697 -0.2443
vn -0.0707 0.9896 -0.1256
vn -0.4486 0.8895 0.0866
vn -0.2045 0.9438 0.2595
vn 0.4402 -0.0550 -0.8962
vn 0.6389 0.0789 -0.7652
vn 0.6381 -0.0945 -0.7642
vn 0.4400 0.0628 -0.8958
vn 0.4158 -0.1648 -0.8944
vn 0.6381 -0.0945 -0.7641
vn 0.5918 -0.2525 -0.7655
vn 0.4402 -0.0551 -0.8962
vn 0.4401 0.0629 -0.8958
vn 0.5992 0.2365 -0.7649
vn 0.4082 0.1805 -0.8949
vn 0.3069 -0.1180 -0.9444
vn 0.4158 -0.1647 -0.8944
vn 0.3301 -0.0393 -0.9431
vn 0.2673 -0.1965 -0.9434
vn 0.3069 -0.1181 -0.9444
vn 0.3606 -0.2665 -0.8938
vn 0.4400 0.0629 -0.8958
vn 0.3300 0.0471 -0.9428
vn 0.3063 0.1335 -0.9425
vn 0.2600 0.1969 -0.9453
vn 0.1808 -0.1336 -0.9744
vn 0.2043 0.0943 -0.9743
vn 0.7342 0.6789 -0.0000
vn 0.7342 0.6790 -0.0000
vn 0.0549 0.0471 -0.9974
vn -0.0078 -0.0000 -1.0000
vn 0.2600 0.4255 -0.8668
vn 0.2673 0.4088 -0.8726
vn 0.3392 0.3629 -0.8679
vn 0.2838 0.6936 -0.6621
vn 0.4958 0.6296 -0.5981
vn 0.1495 0.4169 -0.8966
vn 0.4958 0.6296 0.5981
vn 0.3928 0.3143 0.8642
vn 0.5608 0.4107 0.7189
vn 0.3459 0.2516 0.9039
vn 0.2908 0.2908 0.9115
vn 0.8589 -0.5122 -0.0000
vn 0.9787 0.2052 -0.0000
vn 0.9787 0.2052 0.0001
vn 0.9787 0.2052 -0.0001
vn -0.0000 0.9992 0.0393
vn -0.0785 0.9969 -0.0000
vn -0.0707 0.9975 0.0079
vn -0.4487 0.8895 -0.0866
vn -0.2045 0.9438 -0.2595
vn 0.0001 1.0000 -0.0000
vn -0.0002 1.0000 -0.0000
vn -0.0000 1.0000 -0.0001
vn -0.0003 1.0000 -0.0001
vn -0.0001 1.0000 -0.0001
vn 0.0001 1.0000 0.0001
vn -0.1808 0.0472 -0.9824
vn -0.1807 0.0472 -0.9824
vn -0.8101 0.5820 0.0708
vn -0.7970 0.5998 0.0710
vn -0.2756 0.9607 0.0315
vn -0.2920 0.9548 0.0552
vn -0.3699 0.9288 0.0236
vn -0.8101 0.5820 -0.0708
vn -0.7970 0.5997 -0.0710
vn 0.3929 0.3142 0.8642
vn -0.2756 0.9607 -0.0315
vn -0.3699 0.9288 -0.0236
vn -0.2920 0.9548 -0.0552
vn -0.3537 0.9354 -0.0000
vn -0.3631 0.9316 -0.0158
vn -0.2830 0.9591 -0.0000
vn -0.7933 0.6047 0.0707
vn -0.7933 0.6048 0.0707
vn -0.7932 0.6048 0.0707
vn -0.4871 0.1257 -0.8642
vn -0.4876 0.1652 -0.8573
vn -0.5886 0.8084 -0.0000
vn -0.5834 0.8120 -0.0158
vn -0.3700 0.9287 -0.0236
vn -0.5508 0.8341 -0.0315
vn -0.2518 0.9678 -0.0000
vn -0.2756 0.9608 -0.0315
vn -0.2830 0.9591 -0.0079
vn -0.3632 0.9316 -0.0158
vn -0.2843 0.9555 -0.0789
vn -0.1498 0.9856 -0.0788
vn -0.0864 0.9825 -0.1650
vn -0.3537 0.9353 -0.0000
vn -0.5975 0.8019 -0.0000
vn -0.3631 0.9316 0.0158
vn -0.3632 0.9316 0.0158
vn -0.2830 0.9591 0.0079
vn -0.2831 0.9591 -0.0000
vn -0.3700 0.9288 0.0236
vn -0.5834 0.8120 0.0158
vn -0.5508 0.8341 0.0315
vn -0.3700 0.9287 0.0236
vn -0.2756 0.9608 0.0315
vn -0.2842 0.9555 0.0789
vn -0.1498 0.9856 0.0788
vn -0.0864 0.9825 0.1650
vn -0.0865 0.9825 0.1650
vn -0.8306 0.5564 0.0235
vn -0.8283 0.5601 0.0158
vn -0.8306 0.5564 -0.0235
vn -0.8283 0.5601 -0.0158
vn -0.7933 0.6048 -0.0707
vn 0.4958 0.6296 -0.5982
vn 0.5608 0.4108 -0.7188
vn 0.3928 0.3143 -0.8642
vn 0.2908 0.2908 -0.9115
vn -0.7618 0.6440 0.0707
vn -0.1417 0.9760 0.1652
vn 0.2127 0.9690 0.1261
vn -0.9714 0.2369 0.0158
vn 0.6671 0.7299 0.1491
vn -0.7618 0.6440 -0.0707
vn -0.6752 0.2120 0.7066
vn -0.6843 0.2045 0.7000
vn 0.6671 0.7299 -0.1491
vn -0.8013 0.5970 0.0393
vn -0.7946 0.6058 0.0393
vn -0.8012 0.5970 0.0392
vn -0.7950 0.6061 0.0236
vn -0.8013 0.5970 -0.0393
vn -0.8012 0.5970 -0.0393
vn -0.7950 0.6061 -0.0236
vn -0.7946 0.6058 -0.0393
vn -0.7883 0.6149 0.0236
vn -0.7883 0.6149 0.0237
vn -0.7841 0.6194 0.0392
vn -0.7841 0.6194 -0.0392
vn -0.7883 0.6149 -0.0237
vn -0.7951 0.6062 0.0158
vn -0.7952 0.6062 0.0157
vn -0.7951 0.6062 0.0157
vn -0.7952 0.6062 -0.0157
vn -0.7951 0.6062 -0.0157
vn -0.7951 0.6062 -0.0158
vn 0.4082 0.1806 -0.8949
vn 0.5608 0.4107 -0.7189
vn 0.5992 0.2366 -0.7648
vn 0.0471 0.4717 0.8805
vn 0.2120 0.4713 0.8561
vn 0.4025 0.9154 -0.0000
vn -0.7564 0.6539 0.0158
vn -0.7563 0.6538 0.0236
vn -0.7564 0.6539 -0.0158
vn -0.7563 0.6538 -0.0236
vn -0.7564 0.6540 -0.0158
vn -0.6751 0.2120 -0.7066
vn -0.6621 0.1892 -0.7252
vn 0.2202 0.9754 -0.0000
vn -0.1809 0.9835 -0.0000
vn -0.2202 0.9755 -0.0000
vn -0.0002 1.0000 -0.0001
vn 0.2757 0.9612 -0.0000
vn -0.0707 0.9975 -0.0000
vn 0.2202 0.9755 -0.0000
vn 0.0001 -1.0000 -0.0000
vn -0.3390 0.4887 0.8039
vn 0.4738 0.7423 0.4738
vn 0.7079 0.7000 0.0944
vn 0.2132 0.5291 0.8214
vn 0.0078 0.4783 -0.8782
vn -0.4876 0.1651 -0.8573
vn -0.4871 0.1257 -0.8643
vn 0.7079 0.7000 -0.0944
vn 0.2356 0.3379 -0.9112
vn 0.0789 0.9154 -0.3946
vn 0.4738 0.7423 -0.4738
vn -0.2843 0.9555 0.0790
vn -0.4487 0.8895 0.0866
vn -0.2843 0.9555 -0.0790
vn 0.0942 0.4007 -0.9114
vn 0.0787 0.4332 -0.8979
vn 0.0001 -1.0000 0.0001
vn -0.4951 0.0864 0.8645
vn -0.4876 0.1180 0.8651
vn -0.4951 0.0865 0.8645
vn -0.0001 -1.0000 0.0001
vn 0.7489 0.6622 0.0237
vn -0.1029 0.4353 0.8944
vn -0.5419 0.8404 -0.0000
vn -0.5977 0.7709 0.2202
vn -0.2592 0.9658 -0.0000
vn -0.1102 0.9758 0.1888
vn -0.2591 0.9659 -0.0000
vn -0.1101 0.9758 0.1888
vn -0.0785 -0.9969 -0.0000
vn -0.0079 -0.9697 0.2443
vn 0.1414 -0.9899 -0.0000
vn 0.1414 -0.9900 -0.0000
vn 0.3929 -0.9196 -0.0000
vn 0.4250 -0.9052 -0.0000
vn 0.3930 -0.9195 -0.0000
vn 0.4107 -0.8846 0.2211
vn 0.2357 0.3379 -0.9112
vn 0.7489 0.6622 -0.0236
vn 0.3930 -0.9196 -0.0000
vn 0.1411 -0.9489 -0.2823
vn -0.0078 -0.9697 -0.2443
vn -0.2752 -0.9358 -0.2201
vn -0.0079 -0.9697 -0.2443
vn -0.0000 0.9439 -0.3303
vn -0.1102 0.9758 -0.1888
vn -0.1259 0.9919 0.0158
vn 0.1182 0.9929 -0.0157
vn -0.2517 0.9678 -0.0000
vn 0.2679 0.9614 -0.0630
vn -0.1259 0.9919 -0.0157
vn 0.2679 0.9614 0.0630
vn 0.3614 0.9191 0.1571
vn -0.4487 0.8895 -0.0865
vn -0.2356 0.9656 -0.1099
vn -0.4487 0.8895 0.0865
vn -0.2843 0.9555 0.0789
vn -0.2356 0.9656 0.1099
vn -0.5508 0.8340 0.0315
vn -0.5508 0.8340 -0.0315
vn 0.0790 0.9155 -0.3946
vn 0.3614 0.9191 -0.1571
vn -0.0551 0.6531 0.7553
vn -0.4876 0.1180 -0.8651
vn -0.4899 0.1344 -0.8613
vn -0.0707 0.9896 -0.1257
vn 0.3692 0.2750 0.8877
vn 0.7990 0.6013 -0.0000
vn 0.7885 0.6150 -0.0000
vn 0.0549 0.0472 0.9974
vn 0.7885 0.6151 -0.0000
vn 0.7489 0.6622 0.0236
vn 0.0550 0.0470 0.9974
vn 0.7991 0.6013 -0.0000
vn 0.3693 0.2750 -0.8877
vn 0.0550 0.0470 -0.9974
vn 0.7490 0.6622 -0.0236
vn 0.2357 0.3378 -0.9112
vn 0.7489 0.6622 -0.0237
vn -0.3700 0.9288 -0.0216
vn -0.1029 0.4353 -0.8944
vn -0.0000 -0.8247 0.5655
vn -0.0000 -0.9154 0.4025
vn -0.0000 -0.5745 0.8185
vn -0.0000 -0.4156 0.9096
vn -0.1414 0.0314 0.9895
vn -0.2049 0.0552 0.9772
vn 0.3613 0.9191 -0.1571
vn 0.3613 0.9191 0.1571
vn -0.5887 0.8084 -0.0000
vn 0.0710 0.9539 -0.2917
vn 0.0472 0.9989 0.0079
vn -0.0551 0.6531 -0.7553
vn 0.0079 0.9999 0.0079
vn -0.0000 1.0000 0.0079
vn 0.0079 1.0000 -0.0000
vn 0.0079 0.9999 -0.0079
vn -0.0000 1.0000 -0.0079
vn 0.6077 -0.1420 0.7814
vn 0.0355 0.8733 -0.4858
vn -0.0000 -1.0000 -0.0001
vn -0.4783 0.1176 -0.8703
vn -0.4581 0.2211 -0.8610
vn 0.6077 -0.1420 -0.7814
vn -0.0002 -1.0000 -0.0000
vn -0.9813 0.1884 0.0393
vn -0.9612 0.2757 0.0079
vn 0.6077 -0.1420 -0.7813
vn -0.9813 0.1884 -0.0393
vn -0.9612 0.2757 -0.0079
vn -0.9125 -0.3225 -0.2517
vn 0.9052 -0.4251 -0.0000
vn 0.5918 -0.2526 0.7655
vn 0.7637 -0.6456 -0.0000
vn 0.5042 -0.4019 0.7643
vn 0.5745 -0.8185 -0.0000
vn 0.2366 -0.5992 0.7648
vn 0.3399 -0.9405 -0.0000
vn 0.3398 -0.9405 -0.0000
vn -0.0945 -0.6381 0.7642
vn 0.0788 -0.6390 0.7652
vn 0.0001 1.0000 -0.0001
vn 0.4669 0.6093 0.6409
vn 0.3928 -0.7700 0.5029
vn 0.6077 -0.1421 0.7813
vn -0.8440 -0.5363 -0.0000
vn -0.8440 -0.5364 -0.0000
vn -0.2201 0.9755 -0.0006
vn -0.8121 -0.5835 -0.0000
vn -0.9737 -0.2277 -0.0000
vn -0.2203 0.9754 -0.0000
vn -0.1810 0.9835 -0.0000
vn -0.8404 -0.5419 -0.0079
vn -0.4263 -0.1500 0.8920
vn -0.0706 0.9967 0.0393
vn -0.8344 -0.5511 0.0079
vn -0.8047 -0.5917 0.0473
vn -0.9436 -0.3303 0.0236
vn -0.9436 -0.3302 0.0236
vn 0.4669 0.6093 -0.6409
vn 0.4668 0.6093 -0.6410
vn -0.0000 0.2443 0.9697
vn -0.0550 0.6531 0.7553
vn -0.0943 0.8966 0.4326
vn 0.5043 -0.4019 -0.7643
vn 0.5918 -0.2526 -0.7655
vn 0.7637 -0.6455 -0.0000
vn 0.5746 -0.8185 -0.0000
vn 0.2365 -0.5992 -0.7648
vn 0.2366 -0.5992 -0.7648
vn -0.2365 0.5993 0.7648
vn -0.0788 0.6390 0.7652
vn 0.1733 0.9849 -0.0000
vn 0.4250 0.9052 -0.0000
vn 0.4251 0.9052 -0.0000
vn 0.6455 0.7637 -0.0000
vn 0.5608 0.4108 0.7189
vn 0.8185 0.5746 -0.0000
vn 0.6456 0.7637 -0.0000
vn -0.0003 1.0000 -0.0000
vn 0.3928 -0.7700 -0.5028
vn 0.6077 -0.1421 -0.7813
vn 0.0314 0.9990 0.0315
vn 0.0315 0.9990 -0.0315
vn -0.0001 0.2443 -0.9697
vn -0.0550 0.6531 -0.7553
vn -0.0788 0.6390 -0.7652
vn 0.0946 0.6380 -0.7642
vn 0.1734 0.9849 -0.0000
vn 0.5608 0.4108 -0.7189
vn 1.0000 0.0079 -0.0000
vn 0.9999 0.0158 -0.0000
vn 1.0000 0.0078 -0.0000
vn -0.0000 1.0000 -0.0003
vn -0.8381 0.5455 -0.0000
vn -0.8381 0.5456 -0.0000
vn -0.1259 0.9919 -0.0158
vn -0.8498 0.5272 -0.0000
vn -0.1259 0.9919 0.0157
vn -0.0000 -0.1886 -0.9821
vn -0.0158 -0.9946 -0.1026
vn -0.0236 -0.0314 -0.9992
vn -1.0000 0.0001 -0.0000
vn -0.4242 -0.9034 0.0628
vn -0.3607 -0.9253 -0.1176
vn -0.0079 -0.7188 -0.6952
vn -0.0001 -0.1886 -0.9821
vn -0.0079 -0.1491 -0.9888
vn -0.0235 -0.1885 -0.9818
vn -0.1499 -0.8995 -0.4103
vn 0.0784 -0.9969 -0.0015
vn 0.0785 -0.9969 -0.0000
vn 0.0552 -0.2049 -0.9772
vn 0.3605 -0.9328 -0.0000
vn 0.3606 -0.9327 -0.0000
vn 0.6285 -0.7778 -0.0000
vn 0.0552 -0.2049 0.9772
vn 0.3605 -0.9327 -0.0000
vn -0.1499 -0.8995 0.4103
vn -0.0235 -0.1885 0.9818
vn -0.0079 -0.9969 0.0785
vn -0.0315 -0.9987 0.0393
vn -0.0709 -0.7796 0.6222
vn -0.6150 -0.7885 -0.0000
vn -0.9697 0.2443 0.0001
vn -0.0000 0.9999 0.0157
vn 0.1810 0.9835 -0.0000
vn 0.1580 0.9874 -0.0000
vn 0.6750 0.7378 -0.0000
vn 0.7491 0.6624 -0.0000
vn -0.9591 0.2830 -0.0000
vn -0.9633 0.2685 -0.0000
vn -0.9633 0.2684 -0.0000
vn -0.9862 0.1657 -0.0000
vn -0.9862 0.1656 -0.0000
vn -0.9862 0.1657 0.0001
vn -0.9806 0.1961 -0.0000
vn -0.9835 0.1809 -0.0000
vn -0.9835 0.1810 -0.0000
vn -0.9835 0.1811 -0.0000
vn -0.9806 0.1961 0.0001
vn -0.9862 0.1657 -0.0001
vn -0.9737 0.2277 -0.0000
vn -0.9874 0.1580 -0.0000
vn 0.7775 -0.6047 0.1728
vn -0.9787 0.2052 -0.0000
vn -0.9787 0.2053 -0.0000
vn -0.9771 0.2127 -0.0000
vn -0.9771 0.2128 -0.0000
vn -0.9806 0.1959 -0.0000
vn -0.9806 0.1960 -0.0000
vn -0.9821 0.1886 -0.0000
vn -0.9821 0.1885 -0.0000
vn -0.9821 0.1886 0.0001
vn 0.7775 -0.6047 -0.1728
vn 0.7776 -0.6045 -0.1729
vn -0.0000 0.9999 -0.0157
vn 0.0709 0.9539 -0.2916
vn -0.0000 1.0000 0.0003
vn -0.9540 0.2996 -0.0079
vn -0.9518 0.3067 -0.0000
vn -0.9612 0.2758 0.0079
vn -0.9813 0.1884 0.0392
vn -0.9540 0.2996 0.0079
vn -0.9612 0.2758 -0.0079
vn -0.9813 0.1884 -0.0392
vn 0.7618 -0.6440 0.0707
vn 0.0157 -0.4876 -0.8729
vn -0.0000 0.0236 0.9997
vn -0.0000 -0.4155 0.9096
vn 0.7618 -0.6440 -0.0707
vn 0.8323 -0.5417 0.1178
vn 0.8322 -0.5418 0.1178
vn 0.8322 -0.5418 -0.1178
vn -0.4581 0.2211 -0.8609
vn 0.7933 -0.6048 0.0707
vn -0.4815 0.1184 -0.8684
vn 0.7970 -0.5997 0.0710
vn 0.7970 -0.5998 0.0710
vn 0.7564 -0.6540 0.0158
vn 0.7564 -0.6539 0.0158
vn 0.7563 -0.6538 0.0237
vn 0.7933 -0.6048 -0.0707
vn 0.7970 -0.5998 -0.0710
vn 0.7970 -0.5997 -0.0710
vn 0.7564 -0.6539 -0.0157
vn 0.7564 -0.6539 -0.0158
vn 0.7563 -0.6538 -0.0237
vn 0.7564 -0.6540 -0.0158
vn 0.8101 -0.5820 0.0708
vn 0.0237 -0.8220 -0.5690
vn 0.0237 -0.8220 -0.5691
vn -0.0000 -0.3863 0.9224
vn 0.8101 -0.5820 -0.0708
vn 0.0315 -0.9934 -0.1103
vn 0.0315 -0.9934 -0.1104
vn 0.0314 -0.9513 -0.3066
vn 0.0314 -0.9513 -0.3067
vn -0.4816 0.1184 -0.8684
vn 0.7883 -0.6149 0.0237
vn 0.7946 -0.6058 0.0393
vn 0.7841 -0.6194 0.0392
vn 0.7841 -0.6194 -0.0392
vn 0.7883 -0.6149 -0.0236
vn 0.7946 -0.6058 -0.0393
vn 0.7883 -0.6149 -0.0237
vn -0.0708 -0.7796 0.6222
vn 0.8013 -0.5970 0.0393
vn 0.7950 -0.6061 0.0236
vn 0.8013 -0.5970 -0.0393
vn 0.7950 -0.6061 -0.0236
vn 0.7946 -0.6058 -0.0394
vn -0.0000 -0.0000 -0.0000
vn 0.9771 -0.2128 -0.0000
vn 0.7952 -0.6062 0.0157
vn 0.7951 -0.6062 0.0157
vn 0.7952 -0.6062 0.0158
vn 0.7951 -0.6062 -0.0158
vn 0.7952 -0.6062 -0.0158
vn 0.7952 -0.6062 -0.0157
vn 0.8185 0.5745 -0.0000
vn 0.9405 0.3399 -0.0000
vn 0.9405 0.3398 -0.0000
vn 0.5992 0.2365 0.7648
vn 0.9963 0.0863 -0.0000
vn 0.6390 0.0788 0.7652
vn 0.9849 -0.1733 -0.0000
vn 0.9849 -0.1734 -0.0000
vn 0.9052 -0.4250 -0.0000
vn 0.5992 0.2366 -0.7649
vn 0.6390 0.0788 -0.7652
vn 0.5919 -0.2525 -0.7655
vn 0.8306 -0.5564 0.0235
vn 0.8283 -0.5601 0.0158
vn -0.4242 -0.9034 0.0629
vn 0.8306 -0.5564 -0.0235
vn 0.8283 -0.5601 -0.0158
vn -0.0000 -0.8056 0.5924
vn -0.0000 -0.5974 0.8019
vn 0.0709 0.9539 -0.2917
vn -0.0157 -0.0000 0.9999
vn -0.0158 -0.0000 0.9999
vn 0.0472 -0.0000 0.9989
vn 0.0863 -0.0000 0.9963
vn 0.1810 -0.0000 0.9835
vn 0.2204 -0.0000 0.9754
vn 0.3304 -0.0000 0.9439
vn 0.4025 -0.0000 0.9154
vn 0.5063 -0.0000 0.8623
vn 0.5511 -0.0000 0.8345
vn 0.6285 -0.0000 0.7778
vn 0.6750 -0.0000 0.7378
vn -0.5023 0.1256 -0.8555
vn -0.0000 0.0158 -0.9999
vn -0.0000 0.0157 -0.9999
vn -0.4890 0.2208 -0.8439
vn -0.0000 0.1260 0.9920
vn -0.0000 0.0237 0.9997
vn -0.0237 0.4023 0.9152
vn 0.5511 -0.0000 -0.8345
vn 0.6285 -0.0000 -0.7778
vn 0.6750 -0.0000 -0.7378
vn 0.5063 -0.0000 -0.8623
vn 0.4025 -0.0000 -0.9154
vn 0.3304 -0.0000 -0.9439
vn 0.2203 -0.0000 -0.9754
vn 0.1810 -0.0000 -0.9835
vn 0.0863 -0.0000 -0.9963
vn 0.0472 -0.0000 -0.9989
vn -0.0157 -0.0000 -0.9999
vn -0.0158 -0.0000 -0.9999
vn 0.8644 -0.0000 0.5029
vn 0.9354 -0.0000 0.3537
vn 0.8019 -0.0000 0.5974
vn 0.9495 -0.0000 0.3139
vn 0.9678 -0.0000 0.2518
vn 0.9715 -0.0000 0.2370
vn 0.9806 -0.0000 0.1961
vn 0.9862 -0.0000 0.1657
vn 0.9974 0.0158 0.0708
vn 0.9849 -0.0000 0.1733
vn 0.9787 -0.0000 0.2052
vn 0.9990 0.0315 0.0315
vn 0.9992 0.0393 -0.0000
vn 0.8019 0.0001 0.5975
vn 0.6286 -0.0000 0.7778
vn 0.8643 -0.0000 0.5029
vn -0.4783 0.8782 0.0011
vn -0.6062 0.4172 -0.6771
vn -0.9021 0.4315 -0.0000
vn 0.0628 0.9980 0.0079
vn 0.0392 0.4873 -0.8724
vn 0.0948 0.9955 0.0079
vn 0.1026 0.9947 0.0079
vn -0.4789 0.1962 -0.8557
vn 0.1182 0.9930 0.0079
vn -0.4789 0.1962 -0.8556
vn -0.4899 0.1343 -0.8614
vn 0.0237 0.1976 -0.9800
vn 0.2592 0.9658 -0.0000
vn 0.4566 0.8897 -0.0000
vn 0.0315 0.0628 -0.9975
vn -0.4889 0.1498 -0.8594
vn 0.9974 0.0157 -0.0708
vn 0.9990 0.0315 -0.0315
vn 0.9787 -0.0000 -0.2052
vn 0.9849 -0.0000 -0.1733
vn 0.9862 -0.0000 -0.1657
vn 0.9806 -0.0000 -0.1961
vn 0.9715 -0.0000 -0.2370
vn 0.9678 -0.0000 -0.2518
vn 0.9495 -0.0000 -0.3139
vn 0.9354 -0.0000 -0.3537
vn 0.8644 -0.0000 -0.5029
vn 0.8019 -0.0000 -0.5975
vn 0.0947 0.9947 0.0395
vn 0.0948 0.9954 -0.0158
vn 0.0949 0.9955 -0.0000
vn 0.0948 0.9952 0.0237
vn 0.0080 0.0628 0.9980
vn 0.0237 0.3700 0.9287
vn 0.0628 0.9980 0.0078
vn 0.0947 0.9955 0.0079
vn 0.0629 0.9980 0.0079
vn 0.0947 0.9952 0.0237
vn 0.0629 0.9980 0.0078
vn 0.0948 0.9950 0.0315
vn -0.8865 0.4628 -0.0000
vn -0.5732 0.5261 0.6282
vn -0.0628 0.0078 0.9980
vn -0.9806 0.1961 -0.0002
vn -0.0628 0.0079 0.9980
vn -0.0392 -0.0000 0.9992
vn -0.9849 -0.1733 -0.0000
vn -0.9849 -0.1734 -0.0000
vn -0.0867 -0.0631 0.9942
vn 0.0078 0.1026 0.9947
vn 0.0943 0.2673 0.9590
vn 0.0235 0.0628 0.9977
vn 0.0630 0.9980 0.0079
vn 0.0947 0.9947 0.0394
vn -0.9715 -0.2370 -0.0000
vn -0.0729 -0.0247 -0.9970
vn -0.9715 -0.2369 -0.0000
vn -0.0236 -0.0078 -0.9997
vn -0.9980 -0.0629 -0.0000
vn -0.9980 -0.0629 -0.0001
vn -0.0628 -0.0000 -0.9980
vn -0.0706 -0.0000 -0.9975
vn -0.9939 0.1104 -0.0000
vn -0.9754 0.2203 -0.0000
vn -0.9495 0.3139 -0.0000
vn -0.0236 0.0078 -0.9997
vn -0.9021 0.4314 -0.0000
vn -0.6062 0.4173 -0.6771
vn 0.0078 0.0628 0.9980
vn 0.0236 0.3700 0.9287
vn 0.2591 0.9659 -0.0000
vn 0.8643 -0.0000 -0.5029
vn 0.6286 -0.0002 -0.7778
vn -0.0000 0.3795 -0.9252
vn -0.0078 0.9696 0.2444
vn -0.0079 0.9696 0.2444
vn -0.9487 0.2277 0.2195
vn -0.9715 0.2371 -0.0000
vn -0.9715 0.2369 -0.0000
vn -0.9715 0.2370 -0.0000
vn 0.9696 -0.2443 -0.0157
vn 0.0948 0.9947 0.0395
vn 0.0948 0.9955 -0.0000
vn 0.0949 0.9954 -0.0158
vn -0.8045 0.4575 -0.3787
vn 0.0944 0.2672 0.9590
vn 0.2206 0.1655 0.9612
vn 0.0315 0.0314 0.9990
vn 0.2202 0.9752 -0.0237
vn 0.4344 0.9002 -0.0315
vn 0.8440 -0.5363 -0.0000
vn 0.2758 0.9612 -0.0000
vn 0.2203 0.9754 -0.0000
vn 0.9787 0.2053 -0.0000
vn 0.8404 -0.5420 -0.0000
vn 0.9658 -0.2591 -0.0000
vn 0.9754 0.2202 -0.0000
vn 0.2207 0.1654 0.9612
vn 0.9754 0.2203 -0.0005
vn 0.0314 0.0315 0.9990
vn 0.9328 0.3605 0.0001
vn 0.1243 0.0656 -0.9901
vn 0.8896 0.4567 -0.0000
vn 0.9985 0.0550 -0.0000
vn 0.2128 -0.0079 -0.9771
vn 0.9658 -0.2591 0.0003
vn 0.8404 -0.5419 -0.0000
vn 0.1655 -0.1339 -0.9771
vn -0.4429 0.1820 -0.8779
vn 0.7072 0.7070 -0.0000
vn -0.9696 0.2444 0.0158
vn -0.9696 0.2444 0.0157
vn -0.9695 0.2444 0.0158
vn 0.9697 -0.2442 -0.0000
vn -0.9692 0.2443 0.0315
vn -0.0000 0.3796 -0.9251
vn -0.0000 0.1259 -0.9920
vn -0.0236 0.4024 -0.9152
vn -0.1571 0.9823 0.1021
vn -0.0238 0.4024 0.9152
vn -0.0000 0.1259 0.9920
vn -0.1571 0.9823 -0.1022
vn -0.9689 0.2442 0.0394
vn -0.9682 0.2440 0.0551
vn -0.9696 0.2365 0.0631
vn -0.9678 0.2439 0.0629
vn -0.9696 0.2443 0.0157
vn -0.9697 0.2444 -0.0079
vn -0.9567 0.2901 0.0235
vn 0.1026 0.9942 -0.0316
vn 0.0001 1.0000 0.0064
vn -0.9567 0.2901 -0.0235
vn 0.1026 0.9942 0.0315
vt 0.783836 0.427672
vt 0.781279 0.421624
vt 0.781263 0.403970
vt 0.781235 0.403796
vt 0.781263 0.403796
vt 0.783814 0.403970
vt 0.783789 0.403796
vt 0.787318 0.433719
vt 0.783814 0.403796
vt 0.787291 0.403970
vt 0.787672 0.434049
vt 0.787453 0.403796
vt 0.787291 0.403796
vt 0.787644 0.403970
vt 0.787909 0.403796
vt 0.788175 0.403970
vt 0.788172 0.403796
vt 0.816672 0.403796
vt 0.816837 0.403970
vt 0.816871 0.440379
vt 0.788202 0.434164
vt 0.816837 0.403796
vt 0.824139 0.403970
vt 0.824104 0.403796
vt 0.824174 0.441580
vt 0.824165 0.432535
vt 0.830062 0.432486
vt 0.824139 0.403796
vt 0.778316 0.403796
vt 0.779363 0.403796
vt 0.779397 0.403970
vt 0.779397 0.403796
vt 0.777937 0.403796
vt 0.778316 0.403970
vt 0.777925 0.403970
vt 0.779408 0.415576
vt 0.778320 0.409529
vt 0.830064 0.434887
vt 0.829167 0.442973
vt 1.660540 0.905068
vt 1.660140 0.918095
vt 1.665300 0.917834
vt 0.663229 0.912077
vt 0.665301 0.917834
vt 0.660137 0.918095
vt 0.660541 0.905068
vt 1.656990 0.914735
vt 0.653892 0.913094
vt 0.655764 0.896890
vt 0.756361 0.991666
vt 0.775683 0.987686
vt 0.756360 0.987691
vt 0.652353 0.991694
vt 0.652352 0.987720
vt 0.656989 0.914735
vt 1.656150 0.887604
vt 1.656980 0.914756
vt 1.660580 0.905182
vt 0.830036 0.403921
vt 0.830018 0.403751
vt 0.830036 0.403838
vt 0.830000 0.403748
vt 0.755732 0.982854
vt 0.651735 0.982883
vt 0.651736 0.986856
vt 0.755733 0.986827
vt 0.775066 0.982849
vt 0.159470 0.992075
vt 0.155867 0.995384
vt 0.159461 0.994118
vt 0.155882 0.992057
vt 0.647879 0.887604
vt 0.989557 0.438225
vt 0.990211 0.439115
vt 0.989316 0.439504
vt 0.900607 0.438225
vt 0.900848 0.439504
vt 0.899953 0.439115
vt 0.984601 0.439245
vt 0.984606 0.438350
vt 0.988136 0.438845
vt 0.988962 0.438745
vt 0.988479 0.439527
vt 0.983957 0.438549
vt 0.905558 0.438350
vt 0.906207 0.438549
vt 0.905563 0.439245
vt 0.901202 0.438745
vt 0.901685 0.439527
vt 0.902028 0.438845
vt 0.979352 0.452324
vt 0.972128 0.452628
vt 0.972131 0.451900
vt 0.979349 0.453041
vt 0.968450 0.452540
vt 0.968454 0.451810
vt 0.962159 0.452410
vt 0.983576 0.452482
vt 0.983479 0.453456
vt 0.982693 0.452738
vt 0.910812 0.452324
vt 0.918036 0.452628
vt 0.910815 0.453041
vt 0.918033 0.451900
vt 0.921714 0.452540
vt 0.921710 0.451810
vt 0.928005 0.452410
vt 0.778052 0.986919
vt 0.882037 0.982919
vt 0.778051 0.982948
vt 0.758706 0.986924
vt 0.882037 0.986890
vt 0.906588 0.452482
vt 0.907471 0.452738
vt 0.906685 0.453456
vt 0.962165 0.451699
vt 0.927999 0.451699
vt 0.984236 0.453278
vt 0.905928 0.453278
vt 0.906223 0.451621
vt 0.905362 0.452552
vt 0.983941 0.451621
vt 0.984802 0.452552
vt 0.990172 0.468084
vt 0.984138 0.491020
vt 0.979227 0.487936
vt 0.991367 0.496872
vt 0.994170 0.437966
vt 0.990585 0.438422
vt 0.993575 0.393494
vt 0.994349 0.451400
vt 0.989503 0.451985
vt 0.995021 0.501685
vt 0.972007 0.484452
vt 0.968306 0.483184
vt 0.979047 0.488739
vt 0.971865 0.485270
vt 0.989600 0.404239
vt 0.996521 0.504248
vt 0.996469 0.393876
vt 0.988588 0.392948
vt 1.707620 0.827994
vt 1.707680 0.828069
vt 1.631080 0.827462
vt 0.991159 0.497666
vt 0.994809 0.502477
vt 0.906026 0.491020
vt 0.910937 0.487936
vt 0.778772 0.988116
vt 0.759417 0.992090
vt 0.778773 0.992085
vt 0.882747 0.988087
vt 0.882748 0.992056
vt 0.918157 0.484452
vt 0.921858 0.483184
vt 0.961926 0.482436
vt 0.961921 0.483277
vt 0.968201 0.484012
vt 0.918299 0.485270
vt 0.911117 0.488739
vt 0.899992 0.468084
vt 0.928238 0.482436
vt 0.928243 0.483277
vt 0.921963 0.484012
vt 0.898797 0.496872
vt 1.626800 0.495773
vt 1.586380 0.502660
vt 1.626800 0.502669
vt 1.586380 0.495765
vt 1.337310 0.502612
vt 1.337310 0.495719
vt 0.895995 0.437966
vt 0.896589 0.393494
vt 0.899579 0.438422
vt 0.895143 0.501685
vt 0.895815 0.451400
vt 0.900661 0.451985
vt 0.901576 0.392948
vt 0.900564 0.404239
vt 0.893643 0.504248
vt 0.893695 0.393876
vt 0.997421 0.828406
vt 0.996372 0.829101
vt 0.996825 0.829341
vt 0.997059 0.819366
vt 0.973504 0.819362
vt 0.973438 0.829229
vt 0.900393 0.437402
vt 0.899005 0.497666
vt 0.895355 0.502477
vt 0.586383 0.495765
vt 0.337314 0.502612
vt 0.337315 0.495719
vt 0.586382 0.502660
vt 0.626804 0.495773
vt 0.626803 0.502669
vt 0.989771 0.437402
vt 0.983947 0.491813
vt 0.982981 0.403827
vt 0.982866 0.392363
vt 0.982988 0.404657
vt 0.988904 0.405228
vt 0.997185 0.829576
vt 0.966763 0.941738
vt 0.906217 0.491813
vt 0.994323 0.503106
vt 0.996549 0.505582
vt 0.995748 0.505882
vt 0.907298 0.392363
vt 0.907183 0.403827
vt 0.907176 0.404657
vt 0.901260 0.405228
vt 0.895841 0.503106
vt 0.894416 0.505882
vt 0.893615 0.505582
vt 0.960666 0.452585
vt 0.967428 0.941117
vt 1.799400 0.975214
vt 1.799450 0.974529
vt 1.796830 0.975463
vt 1.796790 0.975994
vt 0.994603 0.510687
vt 0.995189 0.536938
vt 0.994375 0.537001
vt 0.995386 0.510406
vt 0.960671 0.451900
vt 0.778627 0.997492
vt 0.882591 0.997463
vt 0.882589 0.993495
vt 0.799405 0.975214
vt 0.796827 0.975463
vt 0.799448 0.974529
vt 0.796791 0.975994
vt 0.990680 0.498308
vt 0.778626 0.993524
vt 0.759259 0.997497
vt 0.650310 0.543421
vt 0.648376 0.550884
vt 0.649096 0.551109
vt 0.649556 0.543421
vt 0.649091 0.535734
vt 0.648372 0.535958
vt 0.995518 0.536791
vt 0.995709 0.510861
vt 0.645557 0.528799
vt 0.644940 0.529228
vt 0.995124 0.548470
vt 0.899484 0.498308
vt 0.983508 0.492463
vt 0.929498 0.452585
vt 0.906656 0.492463
vt 0.895561 0.510687
vt 0.894975 0.536938
vt 0.894778 0.510406
vt 0.895789 0.537001
vt 0.978633 0.489414
vt 0.911531 0.489414
vt 0.695880 0.424055
vt 0.695882 0.424777
vt 0.701210 0.424342
vt 0.701217 0.423620
vt 0.894646 0.536791
vt 0.894455 0.510861
vt 1.793970 0.975406
vt 1.799260 0.962849
vt 1.799290 0.955494
vt 1.796960 0.974758
vt 1.799440 0.973850
vt 0.967756 0.485180
vt 0.971538 0.485984
vt 0.895040 0.548470
vt 0.640053 0.523297
vt 0.639596 0.523889
vt 0.922408 0.485180
vt 0.918626 0.485984
vt 0.995357 0.508992
vt 0.995469 0.547605
vt 0.994306 0.548907
vt 0.644948 0.557616
vt 0.645565 0.558046
vt 0.929493 0.451900
vt 0.793968 0.975406
vt 0.799295 0.955494
vt 0.799257 0.962849
vt 0.799437 0.973850
vt 0.796963 0.974758
vt 0.626532 0.404213
vt 0.626534 0.403565
vt 0.624166 0.399907
vt 0.162740 0.993480
vt 0.162746 0.992091
vt 0.630768 0.407283
vt 0.630767 0.406631
vt 0.995606 0.509858
vt 0.894807 0.508992
vt 0.894695 0.547605
vt 1.793740 0.976636
vt 1.793780 0.976105
vt 1.790600 0.976528
vt 1.790570 0.977059
vt 0.894558 0.509858
vt 0.895858 0.548907
vt 0.465603 0.534632
vt 0.466291 0.534705
vt 0.466317 0.539537
vt 0.660298 0.423182
vt 0.660298 0.424038
vt 0.669668 0.424016
vt 0.633119 0.519766
vt 0.632865 0.520463
vt 0.701278 0.455638
vt 0.701974 0.448079
vt 0.700210 0.449409
vt 0.705376 0.453966
vt 0.698447 0.450739
vt 0.465633 0.539240
vt 0.635463 0.408463
vt 0.635460 0.407818
vt 0.697820 0.466120
vt 0.702744 0.461103
vt 0.697818 0.461746
vt 0.702747 0.466761
vt 0.696690 0.470346
vt 0.701285 0.472228
vt 0.707138 0.460532
vt 0.707141 0.467331
vt 0.705385 0.473900
vt 1.790790 0.975825
vt 1.796430 0.935991
vt 1.786610 0.976180
vt 1.786440 0.976890
vt 1.798650 0.946300
vt 0.623634 0.400159
vt 0.639607 0.562959
vt 0.640064 0.563551
vt 0.793744 0.976636
vt 0.790566 0.977059
vt 0.790602 0.976528
vt 0.793781 0.976105
vt 0.697166 0.443273
vt 0.697121 0.446322
vt 0.696807 0.443730
vt 0.695752 0.448047
vt 0.929677 0.483298
vt 0.698459 0.477130
vt 0.701989 0.479790
vt 0.957100 0.540424
vt 0.957807 0.549659
vt 0.950399 0.549811
vt 0.967453 0.536993
vt 0.981558 0.549170
vt 0.961386 0.510981
vt 0.961772 0.484416
vt 0.971046 0.487051
vt 0.977982 0.491016
vt 0.982725 0.494753
vt 0.989695 0.501814
vt 0.961096 0.525476
vt 0.959560 0.530517
vt 0.954576 0.536027
vt 0.950245 0.542670
vt 0.945235 0.544213
vt 0.947757 0.538730
vt 0.945239 0.538721
vt 0.942407 0.538730
vt 0.944930 0.544213
vt 0.939919 0.542670
vt 0.935588 0.536027
vt 0.939766 0.549811
vt 0.933065 0.540424
vt 0.922711 0.536993
vt 0.930604 0.530517
vt 0.929068 0.525476
vt 0.928778 0.510981
vt 0.900469 0.501814
vt 0.907439 0.494753
vt 0.912182 0.491016
vt 0.919118 0.487051
vt 0.928392 0.484416
vt 0.908606 0.549170
vt 0.932357 0.549659
vt 0.993232 0.507390
vt 0.896932 0.507390
vt 0.694495 0.453734
vt 0.692708 0.451948
vt 0.692485 0.465424
vt 0.691715 0.468303
vt 0.692484 0.462445
vt 0.690228 0.470885
vt 0.694505 0.474137
vt 0.696684 0.457521
vt 0.691712 0.459568
vt 0.690221 0.456988
vt 0.989195 0.978019
vt 0.989193 0.874066
vt 0.985200 0.874068
vt 0.790789 0.975825
vt 0.798645 0.946300
vt 0.786610 0.976180
vt 0.796428 0.935991
vt 0.786437 0.976890
vt 0.985229 0.978020
vt 0.989200 0.997398
vt 0.692844 0.445816
vt 0.690411 0.441895
vt 0.689544 0.443913
vt 0.694193 0.444076
vt 0.691278 0.439877
vt 0.960487 0.483298
vt 0.944930 0.549915
vt 0.945235 0.549915
vt 0.635905 0.912650
vt 0.647272 0.882999
vt 0.689802 0.449719
vt 0.687613 0.448457
vt 0.937433 0.904731
vt 0.952531 0.829230
vt 0.956360 0.829251
vt 0.934374 0.901655
vt 0.689420 0.456187
vt 0.906476 0.439191
vt 0.625433 0.518551
vt 0.625406 0.519287
vt 0.623171 0.395362
vt 0.622559 0.395473
vt 0.694461 0.481134
vt 0.697185 0.484600
vt 0.590057 0.579494
vt 0.594735 0.582093
vt 0.594734 0.579492
vt 0.590058 0.582095
vt 0.583620 0.579495
vt 0.583620 0.582097
vt 0.576051 0.579498
vt 0.576052 0.582099
vt 0.568094 0.579500
vt 0.568095 0.582101
vt 0.560526 0.579502
vt 0.560527 0.582103
vt 0.554088 0.579503
vt 0.554089 0.582105
vt 0.549411 0.579505
vt 0.549412 0.582106
vt 0.677555 0.416325
vt 0.681622 0.413954
vt 0.677481 0.414921
vt 0.681696 0.416324
vt 0.685764 0.412784
vt 0.685838 0.416323
vt 0.689681 0.410981
vt 0.689850 0.415439
vt 0.689967 0.424249
vt 0.673415 0.424364
vt 0.673415 0.425086
vt 0.689977 0.424972
vt 0.669273 0.424392
vt 0.669603 0.425115
vt 0.673413 0.416326
vt 0.669272 0.416327
vt 0.673339 0.415482
vt 0.686878 0.464692
vt 0.686877 0.463184
vt 0.686488 0.466150
vt 0.692878 0.407790
vt 0.701378 0.406023
vt 0.696456 0.402549
vt 0.695844 0.411348
vt 0.686515 0.453960
vt 0.685534 0.453394
vt 0.632878 0.566390
vt 0.633132 0.567088
vt 0.983688 0.439191
vt 0.684711 0.438120
vt 0.684080 0.442450
vt 0.688122 0.472993
vt 0.691414 0.477232
vt 0.683388 0.447327
vt 0.669274 0.415335
vt 0.660298 0.415336
vt 0.669276 0.423336
vt 0.660298 0.423363
vt 0.689563 0.483965
vt 0.691299 0.488003
vt 0.990986 0.997369
vt 0.993636 0.996867
vt 0.994078 0.997368
vt 0.990653 0.996873
vt 0.622550 0.372750
vt 0.623164 0.372709
vt 0.786401 0.977421
vt 0.465560 0.529308
vt 0.514322 0.550566
vt 0.514130 0.549340
vt 0.502905 0.550638
vt 0.502328 0.556673
vt 0.513389 0.555444
vt 0.513218 0.557225
vt 0.502116 0.562550
vt 0.512919 0.561434
vt 0.512857 0.563167
vt 0.502302 0.568257
vt 0.514787 0.544978
vt 0.503835 0.544452
vt 0.515180 0.543102
vt 0.516207 0.538581
vt 0.685735 0.467456
vt 0.684669 0.468524
vt 0.683363 0.469279
vt 0.685544 0.474483
vt 0.505098 0.538122
vt 0.516698 0.536663
vt 0.506849 0.530990
vt 0.517736 0.532534
vt 0.519447 0.528373
vt 0.686464 0.461751
vt 0.685731 0.460420
vt 0.682330 0.464847
vt 0.681906 0.469670
vt 0.782571 0.977390
vt 0.782608 0.976860
vt 0.965995 0.942489
vt 0.687628 0.479421
vt 0.534594 0.514711
vt 0.520251 0.515132
vt 0.520251 0.514714
vt 0.482145 0.539542
vt 1.802230 0.975233
vt 1.802280 0.974548
vt 0.513519 0.574390
vt 0.513293 0.572780
vt 0.502857 0.573739
vt 0.512935 0.568921
vt 0.512860 0.567246
vt 0.546003 0.525322
vt 0.537823 0.527998
vt 0.538441 0.528851
vt 0.544816 0.523674
vt 1.629110 0.912546
vt 1.639360 0.881648
vt 0.516614 0.552609
vt 0.533595 0.553362
vt 0.533869 0.551845
vt 0.510526 0.520099
vt 0.517461 0.577578
vt 0.527889 0.579093
vt 0.528339 0.577575
vt 0.518862 0.579096
vt 0.514931 0.579047
vt 0.529478 0.580620
vt 0.529857 0.579102
vt 0.515510 0.580565
vt 0.513679 0.567288
vt 0.530571 0.568801
vt 0.530831 0.567283
vt 0.513872 0.568806
vt 0.513825 0.562142
vt 0.531617 0.563655
vt 0.531921 0.562137
vt 0.513670 0.563660
vt 0.515027 0.556996
vt 0.532632 0.558509
vt 0.532914 0.556991
vt 0.514590 0.558513
vt 0.519606 0.546703
vt 0.534528 0.548217
vt 0.534787 0.546699
vt 0.518603 0.548222
vt 0.523493 0.541557
vt 0.535371 0.543071
vt 0.535682 0.541553
vt 0.522237 0.543075
vt 0.526474 0.581316
vt 0.520405 0.580206
vt 0.522950 0.581317
vt 0.527165 0.580204
vt 0.529175 0.535004
vt 0.526149 0.538281
vt 0.536258 0.538277
vt 0.537172 0.535002
vt 0.533402 0.530508
vt 0.534640 0.529580
vt 0.535824 0.529166
vt 0.537133 0.529290
vt 0.538287 0.530135
vt 0.538465 0.531418
vt 0.932209 0.530615
vt 0.930117 0.525255
vt 0.677629 0.459357
vt 0.679968 0.463033
vt 0.678935 0.458601
vt 0.680392 0.458210
vt 0.676801 0.453398
vt 0.679677 0.452626
vt 0.681900 0.458210
vt 0.683363 0.458602
vt 0.682656 0.452625
vt 0.679015 0.447329
vt 0.678422 0.442453
vt 0.677914 0.438123
vt 0.674791 0.448463
vt 1.889090 0.972862
vt 1.888680 0.972053
vt 1.854360 0.974947
vt 0.535165 0.541553
vt 0.526161 0.538281
vt 0.523506 0.541557
vt 0.535741 0.538278
vt 0.518875 0.579096
vt 0.526648 0.580205
vt 0.527372 0.579093
vt 0.520417 0.580207
vt 0.528822 0.573947
vt 0.517473 0.577578
vt 0.527822 0.577576
vt 0.515383 0.573892
vt 0.530055 0.568801
vt 0.514805 0.572374
vt 0.529201 0.572429
vt 0.513884 0.568806
vt 0.531100 0.563655
vt 0.513691 0.567288
vt 0.530314 0.567283
vt 0.513682 0.563660
vt 0.532116 0.558508
vt 0.513838 0.562142
vt 0.531404 0.562137
vt 0.514603 0.558514
vt 0.534011 0.548217
vt 0.516934 0.551850
vt 0.533352 0.551846
vt 0.518615 0.548222
vt 0.534854 0.543071
vt 0.519619 0.546704
vt 0.534270 0.546699
vt 0.522249 0.543075
vt 0.533078 0.553363
vt 0.515040 0.556996
vt 0.532397 0.556991
vt 0.651201 0.400352
vt 0.659060 0.400857
vt 0.659060 0.400563
vt 0.651611 0.400785
vt 0.651054 0.407799
vt 0.648631 0.407804
vt 0.651662 0.408440
vt 0.648632 0.408446
vt 0.538924 0.529855
vt 0.546612 0.526471
vt 0.537007 0.527158
vt 0.542707 0.521385
vt 0.916986 0.895261
vt 0.937388 0.829148
vt 0.920667 0.895872
vt 0.933559 0.829127
vt 0.682666 0.475256
vt 0.683404 0.480554
vt 0.614567 0.520134
vt 0.620606 0.520049
vt 0.620487 0.519336
vt 0.614862 0.520825
vt 0.516319 0.553368
vt 0.521098 0.522609
vt 0.684099 0.485433
vt 0.680398 0.469670
vt 0.678935 0.469279
vt 0.957955 0.530615
vt 0.960047 0.525255
vt 1.639200 0.828936
vt 1.159080 0.823693
vt 1.159270 0.825167
vt 1.161190 0.877389
vt 0.936981 0.535667
vt 0.929971 0.484298
vt 0.941477 0.456784
vt 0.942122 0.450097
vt 0.942122 0.457073
vt 0.941477 0.449461
vt 0.938247 0.447348
vt 0.938247 0.454827
vt 0.937448 0.454269
vt 0.937448 0.447165
vt 0.684736 0.489766
vt 0.504216 0.579008
vt 0.466246 0.529338
vt 0.498908 0.524595
vt 0.494472 0.529100
vt 0.488576 0.534712
vt 0.514333 0.578186
vt 0.672959 0.443920
vt 0.625420 0.567577
vt 0.625447 0.568307
vt 0.942093 0.537933
vt 0.930197 0.511555
vt 0.696615 0.446767
vt 0.693922 0.444702
vt 0.693012 0.445906
vt 0.695688 0.447958
vt 0.690022 0.449811
vt 0.692695 0.451860
vt 0.686772 0.454053
vt 0.689444 0.456101
vt 0.683627 0.458681
vt 0.685800 0.460350
vt 0.682399 0.464778
vt 0.680226 0.463110
vt 0.678999 0.469206
vt 0.676826 0.467538
vt 0.673182 0.471787
vt 0.675853 0.473835
vt 0.669931 0.476028
vt 0.672604 0.478077
vt 0.666939 0.479930
vt 0.669613 0.481981
vt 0.666011 0.481121
vt 0.668705 0.483187
vt 0.169906 0.922161
vt 0.172717 0.982107
vt 0.169925 0.982108
vt 0.172698 0.922160
vt 0.674222 0.454889
vt 0.672117 0.456998
vt 0.675420 0.463189
vt 0.669860 0.465435
vt 0.675421 0.464697
vt 0.670633 0.468313
vt 0.675811 0.466155
vt 0.672123 0.470893
vt 0.676566 0.467461
vt 0.672924 0.471694
vt 0.675809 0.461731
vt 0.676563 0.460424
vt 0.953183 0.535667
vt 0.630196 0.570085
vt 0.626456 0.569247
vt 0.626456 0.570085
vt 0.630196 0.569248
vt 0.633936 0.570086
vt 0.633936 0.569248
vt 0.637676 0.570085
vt 0.637676 0.569248
vt 0.641416 0.570085
vt 0.641416 0.569247
vt 0.645156 0.570084
vt 0.645156 0.569246
vt 0.648896 0.570082
vt 0.648896 0.569245
vt 0.620620 0.567594
vt 0.613705 0.567585
vt 0.560786 0.567695
vt 0.564045 0.544462
vt 0.671005 0.450652
vt 0.938684 0.971188
vt 0.946176 0.962386
vt 0.979365 0.359621
vt 0.987679 0.375092
vt 0.987677 0.368431
vt 0.679688 0.475257
vt 0.679031 0.480557
vt 0.678442 0.485435
vt 0.677938 0.489768
vt 0.676810 0.474487
vt 0.674806 0.479427
vt 0.675829 0.473922
vt 0.990644 0.964470
vt 0.993638 0.964477
vt 0.990618 0.874039
vt 0.993610 0.874046
vt 0.671349 0.439887
vt 0.971050 0.335087
vt 0.971054 0.355273
vt 0.987670 0.335534
vt 0.979360 0.335275
vt 0.987669 0.331698
vt 0.979359 0.331440
vt 0.971049 0.331251
vt 0.987663 0.316529
vt 0.979353 0.316270
vt 0.971044 0.316081
vt 0.987662 0.312693
vt 0.979353 0.312434
vt 0.971043 0.312245
vt 0.987638 0.200580
vt 0.979328 0.200321
vt 0.987637 0.195564
vt 0.971019 0.200132
vt 0.979327 0.195305
vt 0.971018 0.195116
vt 0.546751 0.527758
vt 0.623459 0.372710
vt 1.832860 0.952504
vt 1.910080 0.953633
vt 1.906800 0.953247
vt 0.670656 0.976500
vt 0.665685 0.975928
vt 0.670693 0.975969
vt 0.665649 0.976458
vt 1.815690 0.935768
vt 1.842340 0.828872
vt 1.838560 0.828789
vt 0.626521 0.372712
vt 0.630756 0.372715
vt 0.635448 0.372719
vt 0.514880 0.579658
vt 0.948071 0.537933
vt 1.644630 0.912720
vt 0.945251 0.537954
vt 0.659060 0.373662
vt 0.962740 0.334949
vt 0.962744 0.352343
vt 0.962739 0.331113
vt 0.962735 0.315944
vt 0.962734 0.312108
vt 0.962709 0.199995
vt 0.962708 0.194978
vt 0.668061 0.446752
vt 0.667915 0.453746
vt 1.929930 0.964980
vt 1.883360 0.964610
vt 1.816810 0.964081
vt 1.806110 0.974594
vt 1.806060 0.975264
vt 1.854370 0.975648
vt 1.822150 0.941682
vt 1.821240 0.924302
vt 1.823550 0.906948
vt 0.622716 0.570083
vt 0.622716 0.569246
vt 0.668392 0.483811
vt 0.665464 0.481565
vt 1.936990 0.972842
vt 1.924010 0.972739
vt 0.560702 0.568423
vt 0.614576 0.568311
vt 0.620505 0.568309
vt 1.933350 0.901282
vt 1.956070 0.829614
vt 1.937100 0.829510
vt 1.937150 0.905094
vt 1.973130 0.829706
vt 1.916700 0.895624
vt 1.918130 0.829408
vt 1.837030 0.887215
vt 1.829150 0.890601
vt 1.944120 0.934412
vt 1.939920 0.942618
vt 1.933370 0.949104
vt 1.925110 0.953237
vt 1.915960 0.954610
vt 1.920380 0.896235
vt 1.901890 0.893968
vt 1.898150 0.893580
vt 1.811570 0.936112
vt 1.800790 0.918981
vt 1.823370 0.828772
vt 1.796960 0.918954
vt 1.800470 0.828769
vt 1.777850 0.918998
vt 1.773630 0.935810
vt 1.666380 0.934957
vt 1.665700 0.975183
vt 1.670880 0.975203
vt 1.670690 0.975969
vt 1.782780 0.976150
vt 1.782610 0.976860
vt 1.786400 0.977421
vt 1.782570 0.977390
vt 1.670660 0.976500
vt 1.665690 0.975928
vt 1.665650 0.976458
vt 1.697740 0.935206
vt 1.701960 0.918466
vt 1.685050 0.918169
vt 1.707530 0.828265
vt 1.826870 0.950247
vt 1.944120 0.916145
vt 0.946761 0.334842
vt 0.946761 0.331007
vt 0.946522 0.331127
vt 0.954430 0.331034
vt 0.954431 0.334870
vt 0.954434 0.350531
vt 0.946761 0.349927
vt 0.954426 0.315864
vt 0.946761 0.315837
vt 0.954425 0.312029
vt 0.946761 0.312001
vt 0.946523 0.312121
vt 0.954400 0.199915
vt 0.946761 0.199888
vt 0.954399 0.194899
vt 0.946761 0.194872
vt 0.707268 0.828913
vt 0.639362 0.881648
vt 0.639205 0.828936
vt 0.161185 0.877389
vt 0.159272 0.825167
vt 0.159078 0.823693
vt 0.631079 0.827462
vt 0.960193 0.484298
vt 0.946522 0.334843
vt 0.946522 0.349459
vt 0.946522 0.349946
vt 0.946522 0.331008
vt 0.946522 0.316310
vt 0.946523 0.315838
vt 0.946523 0.312002
vt 0.946523 0.203379
vt 0.946522 0.199889
vt 0.902179 0.893605
vt 0.914587 0.829024
vt 0.918416 0.829045
vt 0.898441 0.893217
vt 0.564183 0.543604
vt 0.672617 0.478164
vt 0.669859 0.462456
vt 0.670628 0.459578
vt 0.672978 0.483973
vt 1.792600 0.935961
vt 1.680680 0.935071
vt 1.724580 0.828357
vt 1.666520 0.924763
vt 0.959967 0.511555
vt 0.665464 0.443288
vt 0.669711 0.475936
vt 0.667924 0.474149
vt 0.832863 0.952504
vt 0.906799 0.953247
vt 0.910078 0.953633
vt 0.664063 0.450756
vt 0.988798 0.320625
vt 0.992174 0.326631
vt 0.990445 0.323692
vt 0.113996 0.693260
vt 0.113988 0.663704
vt 0.101548 0.662316
vt 0.137950 0.676078
vt 0.142158 0.684350
vt 0.142163 0.702618
vt 0.137959 0.710823
vt 0.131409 0.717310
vt 0.123155 0.721442
vt 0.114004 0.722816
vt 0.108119 0.721838
vt 0.104840 0.721452
vt 0.020195 0.709887
vt 0.019285 0.692507
vt 0.021596 0.675154
vt 0.035000 0.655409
vt 0.027189 0.658806
vt 0.023792 0.717765
vt 0.030904 0.720708
vt 0.539096 0.530818
vt 0.515482 0.580649
vt 0.936992 0.972842
vt 0.924009 0.972739
vt 0.929927 0.964980
vt 0.669678 0.482070
vt 0.680684 0.935071
vt 0.666516 0.924763
vt 0.684903 0.918351
vt 0.697741 0.935206
vt 0.701961 0.918471
vt 0.707525 0.828265
vt 0.724583 0.828357
vt 0.811571 0.936112
vt 0.800648 0.919162
vt 0.955611 0.468847
vt 0.954200 0.462458
vt 0.955611 0.461474
vt 0.842242 0.828996
vt 0.857385 0.829078
vt 0.842602 0.887815
vt 0.836959 0.887204
vt 0.832558 0.887991
vt 0.829147 0.890601
vt 0.825605 0.900236
vt 0.823555 0.906948
vt 0.806106 0.974594
vt 0.821917 0.915174
vt 0.821244 0.924302
vt 0.821369 0.933436
vt 0.822154 0.941682
vt 0.824402 0.948238
vt 0.825751 0.949560
vt 0.826867 0.950247
vt 0.829136 0.962283
vt 0.806063 0.975264
vt 0.854356 0.974947
vt 0.854366 0.975648
vt 0.883356 0.964610
vt 0.888681 0.972053
vt 0.889085 0.972862
vt 0.915962 0.954610
vt 0.925113 0.953237
vt 0.933367 0.949104
vt 0.939918 0.942618
vt 0.944122 0.934412
vt 0.973130 0.829706
vt 0.945569 0.925291
vt 0.944117 0.916145
vt 0.939909 0.907873
vt 0.956072 0.829614
vt 0.937146 0.905094
vt 0.781676 0.919029
vt 0.792599 0.935961
vt 0.777457 0.935840
vt 0.796819 0.919136
vt 0.819442 0.828872
vt 0.804299 0.828790
vt 0.743733 0.918764
vt 0.754656 0.935659
vt 0.739513 0.935538
vt 0.758876 0.918870
vt 0.781498 0.828666
vt 0.766355 0.828584
vt 0.823270 0.828894
vt 0.838413 0.828975
vt 0.802277 0.974548
vt 0.802233 0.975233
vt 0.705790 0.918497
vt 0.716712 0.935357
vt 0.701569 0.935237
vt 0.720932 0.918604
vt 0.743555 0.828460
vt 0.728412 0.828378
vt 0.724761 0.918630
vt 0.735684 0.935508
vt 0.720541 0.935387
vt 0.739904 0.918736
vt 0.762526 0.828563
vt 0.747383 0.828481
vt 0.762705 0.918896
vt 0.773627 0.935810
vt 0.758485 0.935690
vt 0.777847 0.919003
vt 0.800470 0.828769
vt 0.785327 0.828687
vt 0.861214 0.829099
vt 0.861120 0.889737
vt 0.846340 0.888203
vt 0.876356 0.829181
vt 0.880186 0.829202
vt 0.879637 0.891658
vt 0.864856 0.890124
vt 0.895328 0.829284
vt 0.899158 0.829305
vt 0.898154 0.893580
vt 0.883374 0.892046
vt 0.914300 0.829387
vt 0.918129 0.829408
vt 0.916698 0.895624
vt 0.901891 0.893968
vt 0.933272 0.829490
vt 0.937101 0.829510
vt 0.925099 0.897019
vt 0.920379 0.896235
vt 0.933355 0.901282
vt 0.952244 0.829593
vt 0.934087 0.902018
vt 0.672175 0.485994
vt 0.671372 0.488012
vt 0.996266 0.335610
vt 0.996277 0.383999
vt 0.996265 0.331774
vt 0.996264 0.328940
vt 0.954200 0.469941
vt 0.948261 0.461852
vt 0.948261 0.469376
vt 0.944789 0.461385
vt 0.944789 0.468907
vt 0.937970 0.459073
vt 0.937970 0.466605
vt 0.934816 0.457031
vt 0.934816 0.464528
vt 0.933960 0.463912
vt 0.933960 0.456795
vt 0.562877 0.570081
vt 0.559137 0.569245
vt 0.559137 0.570082
vt 0.562877 0.569243
vt 0.566617 0.570079
vt 0.566617 0.569241
vt 0.570357 0.570077
vt 0.570357 0.569239
vt 0.574097 0.570075
vt 0.574096 0.569238
vt 0.670880 0.975203
vt 0.666384 0.934957
vt 0.702248 0.918107
vt 0.721220 0.918241
vt 0.797106 0.918773
vt 0.759163 0.918506
vt 0.285368 0.787266
vt 0.231259 0.787255
vt 0.285326 0.787118
vt 0.231259 0.787404
vt 0.286987 0.787116
vt 0.287162 0.782990
vt 0.288880 0.782988
vt 0.286972 0.787265
vt 0.285417 0.787446
vt 0.231259 0.787583
vt 0.231259 0.787749
vt 0.287046 0.787444
vt 0.231261 0.788318
vt 0.285459 0.787612
vt 0.287175 0.787610
vt 0.285945 0.788180
vt 0.287625 0.788178
vt 0.286091 0.788323
vt 0.231261 0.788462
vt 0.287691 0.788321
vt 0.286022 0.788456
vt 0.231261 0.788595
vt 0.287682 0.788454
vt 0.287018 0.790070
vt 0.285358 0.790072
vt 0.285411 0.790255
vt 0.231261 0.790210
vt 0.287033 0.790253
vt 0.231261 0.790392
vt 0.285465 0.790453
vt 0.231261 0.790591
vt 0.287174 0.790451
vt 0.231262 0.791142
vt 0.287648 0.791002
vt 0.285932 0.791004
vt 0.231265 0.792343
vt 0.288174 0.792203
vt 0.286461 0.792205
vt 0.231266 0.792954
vt 0.288282 0.792814
vt 0.286568 0.792816
vt 0.231268 0.793963
vt 0.288413 0.793858
vt 0.286709 0.793860
vt 0.286485 0.794107
vt 0.288164 0.794071
vt 0.685190 0.917988
vt 0.707681 0.828069
vt 0.782781 0.976150
vt 0.778135 0.918640
vt 0.740191 0.918373
vt 0.665698 0.975183
vt 0.500313 0.509509
vt 0.507577 0.509511
vt 0.507518 0.515075
vt 0.506221 0.515074
vt 0.502636 0.519835
vt 0.500315 0.503504
vt 0.465973 0.503496
vt 0.465290 0.503497
vt 0.660660 0.448099
vt 0.664075 0.477147
vt 0.666770 0.479840
vt 0.971057 0.362148
vt 0.979372 0.383925
vt 0.979367 0.366400
vt 0.987681 0.383922
vt 0.505748 0.581077
vt 0.659778 0.466782
vt 0.657274 0.473923
vt 0.661244 0.472248
vt 0.655511 0.467356
vt 0.659775 0.461123
vt 0.655508 0.460557
vt 0.661237 0.455658
vt 0.657264 0.453989
vt 0.665729 0.457536
vt 0.664600 0.461762
vt 0.664602 0.466137
vt 0.665736 0.470362
vt 0.883661 0.891683
vt 0.895616 0.828921
vt 0.899445 0.828942
vt 0.879924 0.891295
vt 0.711743 0.577942
vt 0.711670 0.579030
vt 0.705872 0.578396
vt 0.756052 0.578010
vt 0.746911 0.564928
vt 0.746914 0.577934
vt 0.756049 0.565003
vt 0.946522 0.195029
vt 0.758367 0.579089
vt 0.746915 0.579021
vt 0.746539 0.528016
vt 0.746547 0.562878
vt 0.754139 0.562941
vt 0.824055 0.948676
vt 0.828727 0.952042
vt 0.825404 0.949998
vt 0.832516 0.952941
vt 0.903156 0.953503
vt 0.821807 0.942120
vt 0.915608 0.925493
vt 0.821022 0.933874
vt 0.906452 0.953685
vt 0.820897 0.924740
vt 0.909731 0.954071
vt 0.821570 0.915612
vt 0.915616 0.955049
vt 0.823208 0.907387
vt 0.924767 0.953675
vt 0.933021 0.949543
vt 0.939571 0.943056
vt 0.943775 0.934851
vt 0.945222 0.925728
vt 0.943770 0.916583
vt 0.939562 0.908311
vt 0.933009 0.901721
vt 0.924752 0.897457
vt 0.915600 0.895937
vt 0.903160 0.894549
vt 0.825257 0.900675
vt 0.836612 0.887642
vt 0.828801 0.891039
vt 0.832212 0.888429
vt 1.815400 0.936142
vt 0.705166 0.398260
vt 0.513463 0.568951
vt 0.513388 0.567276
vt 0.513386 0.563197
vt 0.513447 0.561464
vt 0.665825 0.484158
vt 0.665483 0.484615
vt 0.514047 0.574420
vt 0.513822 0.572810
vt 0.513747 0.557255
vt 0.513918 0.555475
vt 0.577836 0.570074
vt 0.577836 0.569236
vt 0.629115 0.912546
vt 0.518264 0.532564
vt 0.706535 0.376149
vt 0.701144 0.374709
vt 0.701144 0.376151
vt 0.706535 0.374707
vt 0.337515 0.506297
vt 0.372572 0.506290
vt 0.372572 0.507527
vt 0.337515 0.506311
vt 0.372579 0.539167
vt 0.337515 0.506667
vt 0.337515 0.539173
vt 0.515316 0.545008
vt 0.515708 0.543132
vt 0.516736 0.538611
vt 0.517227 0.536693
vt 0.625447 0.577478
vt 0.624588 0.576288
vt 0.624203 0.576750
vt 0.962746 0.359246
vt 0.971063 0.383927
vt 0.517003 0.581503
vt 0.651160 0.576806
vt 0.650777 0.576344
vt 0.649915 0.576342
vt 0.164639 0.983143
vt 0.167812 0.921958
vt 0.167813 0.983143
vt 0.164639 0.921958
vt 1.000060 0.335609
vt 1.000060 0.331774
vt 0.655076 0.981861
vt 0.651501 0.981861
vt 0.651501 0.920676
vt 0.655076 0.920676
vt 0.515408 0.579689
vt 0.514862 0.578217
vt 0.662375 0.478478
vt 0.660675 0.479809
vt 0.705737 0.564937
vt 0.705737 0.565712
vt 0.705976 0.564937
vt 0.719746 0.577940
vt 0.720050 0.579028
vt 0.705619 0.528026
vt 0.713311 0.562885
vt 0.705619 0.562887
vt 0.713303 0.528023
vt 0.721612 0.528021
vt 0.705380 0.561805
vt 0.705380 0.528026
vt 0.705380 0.562887
vt 0.721619 0.562883
vt 0.729929 0.562882
vt 0.729921 0.528020
vt 0.738238 0.562880
vt 0.738230 0.528018
vt 0.815399 0.936142
vt 0.628252 0.578653
vt 0.625450 0.576290
vt 0.954444 0.383931
vt 0.954437 0.357450
vt 0.946522 0.356876
vt 0.946761 0.356858
vt 0.946522 0.357699
vt 0.649913 0.577530
vt 0.647108 0.576336
vt 0.880473 0.828839
vt 0.861407 0.889373
vt 0.876644 0.828819
vt 0.865144 0.889761
vt 0.962753 0.383928
vt 0.946761 0.383932
vt 0.946522 0.383932
vt 0.946522 0.356661
vt 0.634488 0.580046
vt 0.631307 0.576302
vt 0.631300 0.579517
vt 0.634495 0.576309
vt 1.806370 0.974879
vt 1.802570 0.974191
vt 1.802540 0.974848
vt 1.806400 0.974222
vt 0.699237 0.396651
vt 0.628257 0.576296
vt 0.647103 0.578693
vt 0.644058 0.576330
vt 0.644052 0.579544
vt 0.637674 0.580053
vt 0.637682 0.576316
vt 0.640861 0.580060
vt 0.640868 0.576323
vt 1.160010 0.908870
vt 0.516010 0.580679
vt 0.755016 0.527945
vt 0.853587 0.619442
vt 0.853587 0.657050
vt 0.853779 0.657050
vt 0.853779 0.619621
vt 0.853779 0.619442
vt 0.813219 0.619451
vt 0.813228 0.657059
vt 0.535453 0.512592
vt 0.525138 0.513013
vt 0.525138 0.512595
vt 0.535006 0.513009
vt 0.534866 0.503973
vt 0.528916 0.504349
vt 0.528567 0.503975
vt 0.534866 0.504348
vt 0.938264 0.972759
vt 0.938431 0.972178
vt 0.937266 0.972248
vt 0.700696 0.390414
vt 0.160006 0.908870
vt 0.644632 0.912720
vt 0.861501 0.828736
vt 0.842890 0.887452
vt 0.857672 0.828715
vt 0.846627 0.887840
vt 0.706447 0.390992
vt 0.163432 0.921794
vt 0.160160 0.982979
vt 0.160160 0.921794
vt 0.163432 0.982979
vt 0.534851 0.513708
vt 0.522004 0.514129
vt 0.522004 0.513711
vt 0.534403 0.514124
vt 0.534851 0.504838
vt 0.528902 0.505214
vt 0.528553 0.504839
vt 0.534851 0.505212
vt 1.811860 0.935740
vt 0.701251 0.385490
vt 0.433452 0.537029
vt 0.432732 0.527998
vt 0.432725 0.537535
vt 0.631370 0.571328
vt 0.638749 0.573933
vt 0.638750 0.571340
vt 0.631370 0.573921
vt 0.623453 0.571325
vt 0.623452 0.573918
vt 0.618438 0.571325
vt 0.618438 0.573918
vt 0.612421 0.573919
vt 0.612421 0.571326
vt 0.557744 0.571329
vt 0.557743 0.573922
vt 0.621248 0.578083
vt 0.621252 0.575541
vt 0.613821 0.575529
vt 0.613817 0.578071
vt 0.608817 0.575520
vt 0.608812 0.578062
vt 0.602842 0.578052
vt 0.602846 0.575510
vt 0.549669 0.575421
vt 0.549665 0.577964
vt 0.659085 0.981938
vt 0.655617 0.920752
vt 0.659085 0.920752
vt 0.655617 0.981938
vt 0.554170 0.564850
vt 0.557746 0.564849
vt 0.549714 0.573922
vt 0.937086 0.972724
vt 0.528499 0.510597
vt 0.534797 0.510970
vt 0.528847 0.510971
vt 0.531670 0.519767
vt 0.538862 0.520182
vt 0.539310 0.519766
vt 0.531670 0.520185
vt 0.534797 0.510596
vt 0.433481 0.527675
vt 0.815694 0.935768
vt 0.838707 0.828604
vt 0.842536 0.828624
vt 0.811865 0.935740
vt 0.806400 0.974222
vt 0.802571 0.974191
vt 0.806368 0.974879
vt 0.802539 0.974848
vt 0.706535 0.380740
vt 0.701216 0.380741
vt 0.706534 0.385488
vt 0.534837 0.505741
vt 0.528887 0.506117
vt 0.528539 0.505743
vt 0.534837 0.506116
vt 0.534146 0.515127
vt 0.776406 0.533926
vt 0.769477 0.532244
vt 0.769957 0.531630
vt 0.776778 0.533285
vt 0.757217 0.578010
vt 0.171868 0.992135
vt 0.171862 0.993524
vt 0.532148 0.518872
vt 0.543523 0.519286
vt 0.543971 0.518870
vt 0.532148 0.519290
vt 0.528498 0.509571
vt 0.534796 0.509944
vt 0.534796 0.509569
vt 0.528846 0.509945
vt 0.937518 0.971354
vt 0.534101 0.515657
vt 0.518963 0.516078
vt 0.518963 0.515660
vt 0.533653 0.516074
vt 0.534846 0.506633
vt 0.528896 0.507008
vt 0.528548 0.506634
vt 0.534846 0.507007
vt 0.823558 0.828530
vt 0.800935 0.918800
vt 0.819729 0.828509
vt 0.528481 0.508738
vt 0.534779 0.509111
vt 0.534779 0.508737
vt 0.528829 0.509112
vt 0.532918 0.517762
vt 0.546603 0.518176
vt 0.547051 0.517759
vt 0.532918 0.518180
vt 0.533485 0.516649
vt 0.518171 0.517070
vt 0.518171 0.516652
vt 0.533037 0.517065
vt 0.534801 0.507459
vt 0.528851 0.507834
vt 0.528503 0.507460
vt 0.534801 0.507833
vt 0.546378 0.527967
vt 0.538726 0.531088
vt 0.659924 0.981878
vt 0.663291 0.920693
vt 0.663291 0.981878
vt 0.659924 0.920693
vt 0.611495 0.570078
vt 0.607755 0.569239
vt 0.607755 0.570077
vt 0.611496 0.569241
vt 0.615236 0.570080
vt 0.615236 0.569242
vt 0.618976 0.570082
vt 0.618976 0.569244
vt 0.528488 0.507891
vt 0.534786 0.508264
vt 0.534786 0.507889
vt 0.528836 0.508265
vt 0.533892 0.516796
vt 0.548633 0.517209
vt 0.549080 0.516792
vt 0.533892 0.517213
vt 0.804586 0.828427
vt 0.781964 0.918667
vt 0.800757 0.828406
vt 0.934263 0.976285
vt 0.921760 0.984873
vt 0.908774 0.984874
vt 0.928253 0.984872
vt 0.934263 0.984872
vt 0.934449 0.976285
vt 0.934449 0.984831
vt 0.934449 0.984865
vt 0.934449 0.984868
vt 0.934449 0.984872
vt 0.532698 0.517685
vt 0.518182 0.518106
vt 0.518182 0.517689
vt 0.532250 0.518102
vt 0.534786 0.508314
vt 0.528837 0.508690
vt 0.528488 0.508316
vt 0.534786 0.508688
vt 0.895140 0.976289
vt 0.896348 0.984086
vt 0.902281 0.984876
vt 0.895778 0.983407
vt 0.441427 0.527669
vt 0.441429 0.536201
vt 0.581576 0.570073
vt 0.581576 0.569235
vt 0.585316 0.570072
vt 0.585316 0.569234
vt 0.589056 0.570072
vt 0.589056 0.569234
vt 0.592796 0.570072
vt 0.592796 0.569234
vt 0.534349 0.515828
vt 0.549170 0.516241
vt 0.549618 0.515825
vt 0.534349 0.516246
vt 0.528548 0.507034
vt 0.534846 0.507407
vt 0.534846 0.507032
vt 0.528896 0.507408
vt 0.534803 0.509155
vt 0.528853 0.509531
vt 0.528505 0.509157
vt 0.534803 0.509530
vt 0.531865 0.518739
vt 0.519233 0.519159
vt 0.519233 0.518741
vt 0.531417 0.519155
vt 0.534872 0.515034
vt 0.549055 0.515238
vt 0.549503 0.514822
vt 0.785614 0.828324
vt 0.762992 0.918534
vt 0.781785 0.828303
vt 0.648998 0.443676
vt 0.643455 0.437193
vt 0.649000 0.437191
vt 0.643382 0.443678
vt 0.600837 0.443666
vt 0.600837 0.443593
vt 0.600837 0.437182
vt 0.528547 0.506152
vt 0.534845 0.506525
vt 0.534845 0.506151
vt 0.528895 0.506526
vt 0.539232 0.577937
vt 0.547229 0.579127
vt 0.547228 0.577934
vt 0.539232 0.579129
vt 0.547225 0.580189
vt 0.538764 0.579006
vt 0.538765 0.580192
vt 0.547228 0.579003
vt 0.997946 0.797647
vt 0.994826 0.799996
vt 0.995175 0.747255
vt 0.288339 0.794187
vt 0.531083 0.519624
vt 0.521877 0.520043
vt 0.521877 0.519626
vt 0.530636 0.520040
vt 0.534804 0.510162
vt 0.528854 0.510538
vt 0.528506 0.510163
vt 0.534804 0.510536
vt 0.987857 0.385504
vt 0.996500 0.386953
vt 0.996381 0.387674
vt 0.987858 0.388948
vt 0.979503 0.385507
vt 0.979504 0.388951
vt 0.971149 0.385509
vt 0.971150 0.388953
vt 0.962795 0.385511
vt 0.962795 0.388955
vt 0.954441 0.388957
vt 0.954440 0.385513
vt 0.946715 0.385516
vt 0.946715 0.388959
vt 0.946475 0.385516
vt 0.946475 0.388852
vt 0.946475 0.388959
vt 0.995199 0.740759
vt 0.998303 0.740777
vt 0.998302 0.741883
vt 0.995197 0.741866
vt 0.995195 0.742736
vt 0.998295 0.744474
vt 0.998280 0.747272
vt 0.997931 0.800014
vt 0.997917 0.802392
vt 0.994812 0.802375
vt 0.997893 0.806691
vt 0.994789 0.806673
vt 0.997844 0.813057
vt 0.994739 0.813040
vt 0.997789 0.818482
vt 0.994684 0.818465
vt 0.187136 0.992208
vt 0.646544 0.994405
vt 0.646503 0.995903
vt 0.187075 0.993731
vt 0.180409 0.993564
vt 0.180416 0.992176
vt 0.286474 0.798260
vt 0.530495 0.520389
vt 0.524774 0.520809
vt 0.524774 0.520391
vt 0.530047 0.520806
vt 0.534797 0.511107
vt 0.528847 0.511483
vt 0.528499 0.511109
vt 0.534797 0.511482
vt 0.535170 0.513893
vt 0.548200 0.514307
vt 0.548648 0.513890
vt 0.535170 0.514311
vt 0.528538 0.505277
vt 0.534836 0.505650
vt 0.534836 0.505275
vt 0.528886 0.505651
vt 0.231268 0.803688
vt 0.280070 0.802554
vt 0.282247 0.801103
vt 0.766642 0.828221
vt 0.744020 0.918400
vt 0.649005 0.430134
vt 0.649001 0.437133
vt 0.647464 0.437137
vt 0.647468 0.430133
vt 0.600837 0.437124
vt 0.600837 0.437052
vt 0.600837 0.430121
vt 0.547228 0.577810
vt 0.538763 0.576310
vt 0.538764 0.577813
vt 0.547227 0.576307
vt 0.547226 0.572730
vt 0.538761 0.571247
vt 0.538762 0.572734
vt 0.547225 0.571244
vt 0.762814 0.828200
vt 0.539231 0.576434
vt 0.547226 0.572854
vt 0.539230 0.572857
vt 0.547227 0.576430
vt 0.547216 0.547817
vt 0.538752 0.546361
vt 0.538752 0.547820
vt 0.547216 0.546358
vt 0.547222 0.562718
vt 0.538757 0.561252
vt 0.538758 0.562721
vt 0.547221 0.561249
vt 0.547220 0.557740
vt 0.538755 0.556279
vt 0.538756 0.557743
vt 0.547219 0.556276
vt 0.547218 0.552774
vt 0.538754 0.551316
vt 0.538754 0.552778
vt 0.547218 0.551313
vt 0.547224 0.567703
vt 0.538759 0.566247
vt 0.538760 0.567706
vt 0.547223 0.566244
vt 0.539229 0.571371
vt 0.547224 0.567826
vt 0.539228 0.567829
vt 0.547225 0.571368
vt 0.539220 0.546485
vt 0.547215 0.543002
vt 0.539219 0.543006
vt 0.547216 0.546481
vt 0.624202 0.576750
vt 0.625449 0.576290
vt 0.547214 0.541532
vt 0.539217 0.538383
vt 0.539218 0.541535
vt 0.547213 0.538380
vt 0.547214 0.542879
vt 0.538750 0.541411
vt 0.538750 0.542882
vt 0.547214 0.541408
vt 0.539227 0.566370
vt 0.547222 0.562842
vt 0.539226 0.562844
vt 0.547223 0.566368
vt 0.539225 0.561375
vt 0.547220 0.557864
vt 0.539224 0.557866
vt 0.547221 0.561372
vt 0.539223 0.556403
vt 0.547218 0.552898
vt 0.539222 0.552901
vt 0.547220 0.556400
vt 0.539222 0.551439
vt 0.547216 0.547940
vt 0.539220 0.547943
vt 0.547218 0.551436
vt 0.535814 0.512711
vt 0.546482 0.513125
vt 0.546930 0.512709
vt 0.535814 0.513129
vt 0.528553 0.504426
vt 0.534851 0.504799
vt 0.534850 0.504424
vt 0.528901 0.504800
vt 0.547208 0.535025
vt 0.538749 0.538260
vt 0.547213 0.538256
vt 0.538748 0.535029
vt 0.538746 0.531426
vt 0.547205 0.527954
vt 0.230421 0.804565
vt 0.279224 0.803431
vt 0.770082 0.530837
vt 0.777144 0.532551
vt 0.649911 0.577530
vt 0.650776 0.576344
vt 0.651159 0.576806
vt 0.725049 0.918267
vt 0.628256 0.576296
vt 0.747671 0.828119
vt 0.649914 0.576342
vt 0.631299 0.579517
vt 0.634496 0.576309
vt 0.631306 0.576302
vt 0.647102 0.578693
vt 0.229664 0.805843
vt 0.278466 0.804709
vt 0.229271 0.807483
vt 0.229300 0.806945
vt 0.278102 0.805811
vt 0.278073 0.806350
vt 0.743842 0.828098
vt 0.537587 0.511063
vt 0.545695 0.511478
vt 0.546143 0.511062
vt 0.537587 0.511481
vt 0.528567 0.503567
vt 0.534865 0.503940
vt 0.534865 0.503566
vt 0.528915 0.503942
vt 0.628251 0.578653
vt 0.647107 0.576336
vt 0.644051 0.579544
vt 0.915267 0.984874
vt 0.640869 0.576323
vt 0.596536 0.570072
vt 0.596536 0.569235
vt 0.600276 0.570073
vt 0.600276 0.569236
vt 0.604015 0.570075
vt 0.604015 0.569237
vt 0.167810 0.983144
vt 0.944549 0.450110
vt 0.943889 0.457494
vt 0.943889 0.450414
vt 0.944549 0.457455
vt 0.955632 0.454515
vt 0.955632 0.447171
vt 0.956539 0.447408
vt 0.956539 0.454581
vt 0.724870 0.827994
vt 0.728699 0.828015
vt 0.376119 0.509335
vt 0.376117 0.504116
vt 0.372187 0.504117
vt 0.380203 0.504115
vt 0.380206 0.514554
vt 0.384509 0.504113
vt 0.384513 0.519371
vt 0.389969 0.504112
vt 0.389975 0.525408
vt 0.395255 0.504110
vt 0.395262 0.530041
vt 0.400051 0.504108
vt 0.400059 0.533304
vt 0.706077 0.918134
vt 0.231261 0.784116
vt 0.231261 0.782519
vt 0.290453 0.782375
vt 0.289609 0.783974
vt 0.983540 0.397233
vt 0.983334 0.392393
vt 0.775826 0.503935
vt 0.768481 0.502086
vt 0.461700 0.534697
vt 0.457885 0.504045
vt 0.461708 0.504035
vt 0.457877 0.535481
vt 0.453843 0.504052
vt 0.453834 0.535794
vt 0.449801 0.504056
vt 0.449792 0.536070
vt 0.445759 0.504058
vt 0.445750 0.536072
vt 0.441780 0.536076
vt 0.441782 0.527568
vt 0.433022 0.527565
vt 0.433022 0.526756
vt 0.433022 0.504058
vt 0.464820 0.533097
vt 0.464828 0.504017
vt 0.990898 0.816209
vt 0.993877 0.818226
vt 0.990892 0.818222
vt 0.993883 0.816213
vt 0.990904 0.813301
vt 0.993889 0.813305
vt 0.990962 0.770785
vt 0.993952 0.767073
vt 0.990966 0.768189
vt 0.988490 0.770782
vt 0.990980 0.757888
vt 0.988493 0.768186
vt 0.993964 0.758419
vt 0.990987 0.751989
vt 0.993972 0.751993
vt 0.990992 0.745844
vt 0.993977 0.745847
vt 0.988507 0.757885
vt 0.990983 0.755303
vt 0.988510 0.755300
vt 0.988454 0.796511
vt 0.990930 0.793918
vt 0.990927 0.796514
vt 0.988458 0.793914
vt 0.988472 0.783646
vt 0.988476 0.781050
vt 0.990948 0.781054
vt 0.990944 0.783650
vt 0.988437 0.809375
vt 0.990913 0.806781
vt 0.990909 0.809378
vt 0.988440 0.806778
vt 0.995794 0.670165
vt 0.998830 0.681983
vt 0.998827 0.670164
vt 0.995797 0.681984
vt 0.998833 0.694334
vt 0.995800 0.694334
vt 0.998837 0.706528
vt 0.995804 0.706528
vt 0.998838 0.711024
vt 0.995805 0.711025
vt 0.995802 0.700762
vt 0.998835 0.700761
vt 0.995799 0.687868
vt 0.998832 0.687867
vt 0.995796 0.677145
vt 0.998829 0.677144
vt 0.231259 0.783129
vt 0.993616 0.964463
vt 0.993592 0.874030
vt 0.990983 0.752091
vt 0.984399 0.987128
vt 0.975258 0.998150
vt 0.934326 0.998136
vt 0.934326 0.987111
vt 0.934087 0.998136
vt 0.934087 0.987175
vt 0.934088 0.987111
vt 0.984395 0.996942
vt 0.995679 0.633635
vt 0.998679 0.638865
vt 0.998681 0.633636
vt 0.995677 0.638864
vt 0.998678 0.645012
vt 0.995676 0.645011
vt 0.998674 0.657623
vt 0.995672 0.657622
vt 0.998673 0.662851
vt 0.995694 0.662854
vt 0.995671 0.662850
vt 0.995674 0.651474
vt 0.998676 0.651475
vt 0.988519 0.745253
vt 0.990992 0.742800
vt 0.990992 0.745256
vt 0.988520 0.742797
vt 0.989141 0.874066
vt 0.995130 0.874151
vt 0.997365 0.996439
vt 0.998096 0.874152
vt 0.995096 0.997482
vt 0.996062 0.997482
vt 0.996970 0.997168
vt 0.287872 0.783976
vt 0.774138 0.497591
vt 0.766677 0.495781
vt 0.946523 0.194873
vt 0.755989 0.992938
vt 0.651969 0.995080
vt 0.651969 0.992967
vt 0.653861 0.996942
vt 0.755990 0.996914
vt 0.775300 0.992932
s 1
usemtl Slide1Mtl
f 1/1/1 2/2/1 3/3/1
f 3/3/1 4/4/1 5/5/1
f 1/1/1 3/3/1 6/6/2
f 6/6/2 3/3/1 5/5/1
f 5/5/1 7/7/3 6/6/2
f 8/8/1 1/1/1 6/6/2
f 9/6/2 7/7/4 10/9/1
f 8/8/1 6/6/2 11/10/5
f 11/10/5 6/6/2 10/9/1
f 12/11/6 8/8/1 11/10/5
f 10/9/1 13/12/7 11/10/5
f 11/10/5 13/12/7 14/13/8
f 15/14/6 11/10/5 14/13/8
f 16/11/9 11/10/5 15/14/6
f 14/13/8 17/12/10 15/14/6
f 15/14/6 17/12/10 18/15/1
f 19/16/1 15/14/6 18/15/1
f 19/16/1 20/17/1 21/15/1
f 18/15/1 22/18/1 23/19/1
f 23/19/1 24/16/1 18/15/1
f 25/20/1 24/16/1 23/19/1
f 26/21/1 27/14/6 24/16/1
f 23/19/1 22/18/1 28/22/1
f 29/23/1 23/19/1 28/22/1
f 28/22/1 30/24/1 29/23/1
f 31/25/11 23/19/1 29/23/1
f 31/25/11 32/26/12 33/27/13
f 33/27/13 32/26/12 34/23/13
f 35/23/1 36/24/1 37/28/1
f 38/23/1 39/28/1 40/24/1
f 41/29/1 42/30/10 43/31/1
f 43/31/1 42/30/10 44/32/1
f 45/33/14 41/29/1 46/34/2
f 43/31/1 46/34/2 41/29/1
f 46/34/1 47/35/15 48/33/16
f 49/36/17 46/34/2 43/31/1
f 49/36/17 50/37/1 46/34/2
f 2/2/1 49/36/17 43/31/1
f 2/2/1 43/31/1 3/3/1
f 3/3/1 43/31/1 44/32/1
f 44/32/1 4/4/1 3/3/1
f 51/31/1 52/32/1 53/30/10
f 51/31/1 53/30/10 54/29/1
f 52/32/1 51/31/1 55/3/1
f 55/3/1 56/4/1 52/32/1
f 55/3/1 57/5/1 56/4/1
f 58/2/1 55/3/1 51/31/1
f 58/2/1 51/31/1 59/36/1
f 60/1/18 55/3/1 58/2/1
f 59/36/1 51/31/1 61/34/1
f 54/29/1 61/34/1 51/31/1
f 59/36/1 61/34/1 62/37/1
f 61/34/1 54/29/1 63/33/19
f 64/33/20 65/35/20 61/34/1
f 60/1/18 66/6/1 55/3/1
f 57/5/1 55/3/1 66/6/1
f 66/6/1 67/7/3 57/5/1
f 68/8/1 66/6/1 60/1/18
f 69/6/21 70/9/1 67/7/3
f 68/8/1 71/10/22 66/6/1
f 70/9/1 66/6/1 71/10/22
f 72/11/6 71/10/22 68/8/1
f 71/10/22 73/12/7 70/9/1
f 71/10/22 74/13/23 73/12/7
f 74/13/23 71/10/22 75/14/6
f 76/11/24 75/14/6 71/10/22
f 75/14/6 77/12/10 74/13/23
f 75/14/6 78/15/1 77/12/10
f 78/15/1 75/14/6 79/16/1
f 79/16/1 80/17/25 81/15/26
f 82/16/27 81/15/26 80/17/25
f 78/15/1 82/16/1 83/19/1
f 84/20/1 83/19/1 82/16/1
f 83/19/1 85/18/1 86/15/1
f 83/19/1 87/22/1 85/18/1
f 88/23/1 89/24/1 87/22/1
f 90/37/28 91/35/29 92/34/1
f 93/37/30 94/34/1 95/35/31
f 96/15/1 97/17/1 98/16/1
f 99/20/1 100/16/1 101/21/1
f 102/21/1 103/16/1 104/14/6
f 105/25/11 106/20/1 107/19/1
f 108/20/1 109/21/1 110/16/1
f 111/25/32 112/19/1 113/20/1
f 114/25/32 115/23/17 116/19/33
f 117/22/1 116/19/33 115/23/17
f 118/21/1 119/14/6 120/11/6
f 121/21/1 122/11/6 123/14/6
f 124/38/34 125/25/32 126/39/35
f 127/38/36 128/39/37 129/25/11
f 130/40/38 131/41/34 132/42/35
f 133/43/39 134/44/37 135/45/36
f 136/46/40 137/43/39 138/45/36
f 139/40/41 140/47/42 141/41/34
f 142/46/43 143/48/44 144/49/45
f 145/50/46 146/51/47 147/52/48
f 147/52/48 148/53/48 145/50/46
f 147/52/48 149/54/48 148/53/48
f 150/46/43 151/45/49 152/55/50
f 153/56/51 154/57/52 155/58/41
f 156/59/13 157/60/13 158/61/13
f 159/27/53 160/23/13 161/59/53
f 161/59/53 160/23/13 162/28/13
f 163/28/13 164/60/13 165/59/13
f 166/61/13 167/62/13 168/28/54
f 169/28/13 170/23/13 171/61/13
f 172/27/13 170/23/13 173/26/12
f 174/25/32 172/27/13 173/26/12
f 175/27/53 176/61/53 177/23/53
f 178/25/11 179/27/13 180/38/36
f 181/61/13 182/60/13 183/62/13
f 184/25/32 185/38/55 186/27/13
f 187/63/56 188/64/48 189/65/48
f 190/63/56 189/65/57 191/66/56
f 191/66/56 192/67/56 190/63/56
f 193/68/58 194/69/59 195/70/60
f 193/68/58 196/71/13 194/69/59
f 197/72/61 198/49/62 199/48/63
f 200/73/64 201/74/65 202/75/66
f 203/76/67 204/77/68 205/78/69
f 206/79/70 207/80/71 208/81/72
f 209/82/73 210/83/74 211/81/72
f 212/82/73 213/75/75 214/83/76
f 215/80/77 216/79/78 217/84/79
f 218/85/80 219/86/81 220/87/82
f 221/79/70 222/81/72 223/83/74
f 224/88/83 225/89/84 226/77/68
f 227/88/83 228/90/85 229/89/84
f 230/87/82 231/90/85 232/85/86
f 233/87/87 234/89/84 235/90/85
f 236/91/88 237/92/89 238/93/90
f 236/91/88 239/94/91 237/92/89
f 240/93/92 241/95/93 242/96/94
f 240/93/95 243/92/89 244/95/93
f 245/96/94 246/95/93 247/97/96
f 248/98/97 249/99/98 250/100/99
f 251/101/100 252/102/101 253/103/102
f 251/101/100 254/104/103 252/102/101
f 255/104/104 256/105/105 257/102/106
f 255/104/104 258/106/107 259/105/105
f 260/106/107 261/107/108 262/105/105
f 263/108/56 264/109/109 265/110/110
f 265/110/110 266/111/56 263/108/56
f 267/100/99 268/94/111 269/91/112
f 270/108/56 271/112/109 272/109/109
f 273/113/113 274/114/114 275/115/115
f 276/96/94 277/97/96 278/116/116
f 279/106/107 280/117/117 281/107/108
f 282/76/118 283/88/119 284/77/120
f 285/73/121 286/75/122 287/82/123
f 288/98/97 289/118/124 290/99/98
f 291/114/125 292/101/126 293/103/127
f 294/113/113 295/115/115 296/119/128
f 297/100/99 298/99/98 299/94/129
f 300/114/130 301/103/131 302/115/132
f 303/120/133 304/119/134 305/121/135
f 306/122/136 307/123/137 308/118/138
f 309/123/139 310/124/140 311/118/141
f 312/125/142 313/99/143 311/118/144
f 312/125/142 314/94/145 313/99/143
f 315/125/146 316/126/147 317/94/148
f 318/118/141 319/127/149 320/125/142
f 321/128/150 322/74/139 323/129/139
f 324/128/151 323/129/139 325/130/152
f 326/74/139 327/128/151 328/131/153
f 329/132/140 330/74/140 331/131/154
f 332/83/139 329/132/139 333/123/139
f 334/124/139 333/123/139 329/132/139
f 335/131/154 334/124/139 329/132/139
f 336/133/155 334/124/139 335/131/154
f 337/118/141 334/124/140 338/127/149
f 339/83/139 340/123/139 341/79/139
f 342/75/139 343/132/139 344/83/139
f 345/74/139 346/132/139 347/75/139
f 348/127/156 349/124/139 350/133/155
f 351/134/157 352/135/158 353/95/159
f 354/126/147 355/92/160 356/94/148
f 354/126/161 357/136/162 358/137/163
f 354/126/161 358/137/163 359/134/157
f 360/130/152 361/129/140 362/138/164
f 363/139/165 360/130/152 364/140/166
f 360/130/152 365/138/164 366/141/167
f 367/126/147 368/134/157 369/92/160
f 370/142/168 371/143/169 372/144/170
f 373/133/155 374/145/171 375/127/156
f 373/133/155 376/146/172 377/145/173
f 378/147/174 379/103/175 380/148/176
f 381/149/177 382/150/109 383/151/109
f 383/151/109 384/152/109 381/149/177
f 385/151/178 386/153/178 387/152/178
f 388/154/179 389/105/180 390/155/181
f 391/46/182 392/55/183 393/48/63
f 394/134/157 395/95/184 396/92/185
f 397/156/186 398/97/187 395/95/184
f 399/156/186 395/95/159 400/135/158
f 401/135/158 402/157/188 399/156/186
f 401/135/158 403/158/189 402/157/188
f 404/148/176 405/154/190 406/159/191
f 404/148/176 406/159/191 407/160/192
f 404/148/176 408/103/175 409/102/193
f 410/119/194 411/115/195 412/147/174
f 412/147/174 411/115/195 413/103/196
f 414/121/197 410/119/198 415/161/199
f 416/148/176 417/102/193 418/154/179
f 419/162/200 420/155/201 421/105/202
f 422/154/179 423/102/203 421/105/180
f 424/162/200 421/105/202 425/107/204
f 426/155/205 419/162/200 427/163/206
f 426/155/205 427/163/206 428/164/207
f 429/147/174 430/165/208 431/119/198
f 432/166/209 433/167/170 434/168/210
f 435/166/209 436/169/211 437/167/170
f 436/169/211 438/170/170 437/167/170
f 436/169/211 439/171/212 438/170/170
f 440/172/213 441/173/214 442/174/197
f 440/172/213 442/174/197 443/78/197
f 444/175/215 445/176/216 446/161/199
f 445/176/216 447/177/197 446/161/199
f 448/119/198 449/165/208 446/161/199
f 446/161/199 447/177/197 450/121/197
f 451/89/197 450/121/197 447/177/197
f 447/177/199 452/176/217 453/78/199
f 454/165/218 455/175/215 456/161/197
f 457/78/197 458/176/216 459/172/213
f 460/78/199 461/77/197 462/177/199
f 463/77/197 464/89/199 465/177/197
f 466/89/197 467/87/197 468/121/197
f 469/173/214 470/178/219 471/179/220
f 472/180/221 473/181/222 469/173/214
f 469/173/214 474/179/220 475/174/197
f 476/182/166 477/183/211 478/184/223
f 479/182/166 480/185/211 481/183/211
f 482/186/211 483/183/211 484/185/211
f 485/186/209 486/187/224 487/183/209
f 488/186/209 489/183/209 490/187/225
f 491/186/211 492/185/211 493/183/211
f 494/182/226 495/183/211 496/185/211
f 497/182/226 498/184/227 499/183/211
f 500/188/228 501/78/229 502/174/230
f 503/175/215 504/165/218 505/189/231
f 503/175/215 506/189/231 507/190/232
f 508/191/211 509/192/233 510/193/234
f 508/191/211 511/194/233 509/192/233
f 512/195/235 511/194/233 508/191/211
f 512/195/235 513/196/233 511/194/233
f 514/197/236 515/129/237 516/74/238
f 517/127/149 518/198/239 519/125/142
f 517/127/149 520/145/171 521/198/239
f 522/141/240 523/138/164 524/199/241
f 522/141/240 525/199/241 526/200/242
f 527/201/243 528/199/241 523/138/244
f 529/201/245 523/138/164 530/202/246
f 531/203/166 532/184/247 533/204/248
f 534/165/218 535/147/174 536/205/249
f 534/165/208 537/205/250 538/189/231
f 539/206/251 540/207/252 541/208/253
f 542/133/254 543/131/255 544/139/256
f 543/131/255 545/128/257 544/139/256
f 545/128/257 546/130/258 544/139/256
f 547/139/259 548/207/260 549/146/261
f 550/134/262 551/158/263 552/135/158
f 550/134/262 553/137/163 554/158/263
f 555/178/219 556/209/264 557/210/265
f 555/178/219 558/210/265 559/179/220
f 560/211/266 561/212/267 559/179/268
f 562/211/269 559/179/270 563/210/265
f 564/154/190 565/155/205 566/164/271
f 564/154/190 567/164/271 568/159/191
f 569/213/272 570/214/273 571/215/274
f 572/180/275 573/190/276 574/215/277
f 575/139/256 576/146/261 577/133/155
f 578/203/278 579/204/279 580/184/280
f 581/180/281 582/173/282 583/172/283
f 581/180/281 583/172/283 584/176/284
f 585/175/215 581/180/281 584/176/284
f 586/116/285 587/97/96 588/216/286
f 589/180/221 590/175/215 591/190/232
f 592/203/287 593/204/248 594/217/256
f 595/218/288 596/219/289 597/220/290
f 595/218/288 597/220/290 598/221/291
f 599/222/292 600/223/293 601/224/294
f 602/222/292 603/225/295 604/223/293
f 605/116/116 606/216/296 607/226/297
f 608/206/298 609/146/172 610/207/260
f 611/227/48 612/228/109 613/229/109
f 614/230/299 615/231/300 616/232/301
f 614/230/299 617/233/302 615/231/300
f 618/234/303 619/146/304 620/206/251
f 621/234/305 622/145/173 619/146/172
f 623/227/57 624/229/109 625/235/48
f 625/235/48 626/236/48 623/227/57
f 627/237/306 628/238/307 629/239/308
f 627/237/306 630/240/309 628/238/307
f 631/241/310 630/240/309 627/237/306
f 631/241/310 632/242/311 630/240/309
f 633/243/312 634/225/260 635/244/313
f 636/245/314 637/242/311 638/241/310
f 636/245/314 639/246/315 640/242/311
f 641/224/316 642/223/293 643/247/317
f 644/248/318 645/190/232 646/189/319
f 647/248/320 648/213/321 645/190/322
f 649/249/323 650/145/171 651/234/324
f 649/249/323 652/198/239 653/145/173
f 654/213/325 655/215/326 656/190/232
f 657/203/222 658/217/281 659/204/279
f 660/117/327 661/250/328 662/107/329
f 663/251/330 664/189/331 665/205/250
f 663/251/332 666/248/333 667/189/331
f 668/252/334 669/253/335 670/254/336
f 671/252/334 672/255/337 673/253/335
f 674/125/146 675/136/162 676/126/147
f 674/125/142 677/198/239 678/136/338
f 679/256/339 678/136/338 677/198/239
f 679/256/339 677/198/239 680/249/323
f 681/257/340 682/205/249 683/160/341
f 681/257/340 684/251/332 682/205/249
f 685/147/174 683/160/341 682/205/249
f 685/147/342 686/148/343 687/160/192
f 688/258/344 689/259/345 690/260/346
f 688/258/344 690/260/346 691/261/347
f 692/241/348 693/240/349 694/242/350
f 692/241/348 695/237/351 693/240/349
f 695/237/351 696/238/352 693/240/349
f 695/237/351 697/239/353 696/238/352
f 698/245/354 699/242/350 700/246/355
f 698/245/354 701/241/348 702/242/350
f 703/262/356 704/263/357 705/254/274
f 706/264/358 707/265/359 708/266/360
f 707/265/361 709/267/362 710/268/363
f 710/268/363 709/267/362 711/220/364
f 710/268/363 711/220/364 712/219/365
f 713/269/366 714/137/367 715/270/368
f 716/255/337 717/271/369 718/253/335
f 719/246/370 720/245/314 721/272/371
f 719/246/370 721/272/371 722/273/372
f 723/274/373 724/275/374 725/159/375
f 726/276/256 727/244/376 728/225/377
f 729/277/378 730/247/379 731/223/293
f 732/224/380 733/247/381 734/278/382
f 735/279/383 736/280/384 737/239/385
f 738/279/386 737/239/385 739/238/307
f 740/270/368 741/136/338 742/256/339
f 740/270/368 743/137/367 741/136/338
f 744/117/387 745/281/388 746/250/328
f 747/258/389 748/260/390 749/259/391
f 747/258/389 750/261/392 748/260/390
f 751/275/374 752/160/393 753/159/191
f 751/275/374 754/257/340 752/160/393
f 755/282/394 756/283/395 757/284/396
f 757/284/397 758/285/398 759/286/399
f 758/285/398 760/231/400 759/286/399
f 758/285/398 761/232/301 760/231/400
f 762/287/401 763/288/402 764/289/403
f 765/246/404 766/273/405 767/272/406
f 765/246/404 767/272/406 768/245/354
f 769/68/58 770/290/407 771/291/408
f 772/288/409 773/287/401 774/292/410
f 772/288/409 774/292/410 775/293/411
f 776/276/256 777/294/412 778/244/313
f 779/279/413 780/238/414 781/239/353
f 782/279/415 781/239/353 783/280/416
f 784/295/281 785/254/326 786/263/417
f 787/296/418 788/253/419 789/271/420
f 790/297/421 791/298/422 792/299/423
f 790/297/421 792/299/423 793/300/424
f 794/295/425 795/263/357 796/301/279
f 797/289/426 798/288/427 799/287/428
f 800/288/429 801/292/430 802/287/428
f 800/288/429 803/293/431 801/292/430
f 804/243/312 805/223/432 806/225/433
f 807/221/434 808/220/435 809/298/422
f 807/221/434 809/298/422 810/297/436
f 811/255/337 812/302/437 813/271/420
f 814/303/438 815/304/439 816/305/440
f 817/306/441 818/307/442 819/308/443
f 820/306/441 821/308/444 822/307/442
f 823/277/445 824/223/293 825/243/312
f 826/273/446 827/272/371 828/309/447
f 826/273/446 828/309/447 829/310/448
f 830/311/449 831/312/450 832/313/451
f 830/311/449 833/314/452 831/312/450
f 830/311/449 832/313/451 834/315/453
f 835/305/440 836/316/346 837/303/454
f 838/293/411 839/317/455 840/318/456
f 838/293/411 841/292/457 839/317/455
f 842/319/458 843/320/459 844/321/460
f 842/319/458 845/322/461 843/320/459
f 846/323/462 847/322/461 842/319/458
f 846/323/462 848/324/463 847/322/461
f 843/320/464 849/325/465 850/314/466
f 851/320/464 850/314/452 852/311/467
f 853/322/468 849/325/465 851/320/464
f 853/322/468 854/326/469 849/325/465
f 855/324/470 854/326/469 853/322/468
f 855/324/470 856/327/471 854/326/469
f 857/328/472 858/329/473 859/330/474
f 860/299/475 857/328/472 859/330/474
f 860/299/475 859/330/474 861/331/476
f 862/299/475 863/264/477 857/328/478
f 857/328/478 863/264/477 864/266/479
f 865/328/480 864/266/481 866/332/482
f 867/299/475 868/298/483 863/264/477
f 869/298/483 870/267/484 863/264/477
f 863/264/477 870/267/484 871/265/485
f 872/298/486 873/220/435 870/267/484
f 874/293/411 875/317/487 876/292/430
f 874/293/411 877/318/429 875/317/487
f 878/289/488 879/333/438 880/287/346
f 881/334/489 882/335/490 883/280/491
f 881/334/489 883/280/491 884/279/386
f 885/336/492 886/337/493 887/338/494
f 885/336/492 887/338/494 888/339/495
f 889/340/496 890/313/497 891/312/498
f 889/340/496 892/341/499 890/313/497
f 889/340/496 893/342/500 892/341/499
f 894/315/453 890/313/497 892/341/499
f 894/315/453 892/341/499 895/343/501
f 896/269/366 897/158/502 898/137/503
f 899/250/504 900/344/505 901/162/200
f 902/274/373 903/159/375 904/164/506
f 905/233/507 906/336/508 907/339/509
f 905/233/507 907/339/509 908/231/400
f 909/273/405 910/310/510 911/309/511
f 909/273/405 911/309/511 912/272/406
f 913/305/512 914/304/513 915/303/514
f 916/289/515 917/287/390 918/333/516
f 919/324/517 920/326/518 921/327/519
f 919/324/517 922/322/520 920/326/518
f 922/322/520 923/325/521 920/326/518
f 922/322/520 924/320/522 923/325/521
f 924/320/522 925/314/523 923/325/521
f 924/320/522 926/311/524 925/314/523
f 927/311/524 928/312/525 929/314/526
f 927/311/524 930/313/527 928/312/525
f 927/311/524 931/315/528 930/313/527
f 932/262/356 933/254/326 934/253/419
f 935/305/512 936/303/514 937/316/529
f 938/345/530 939/327/471 940/324/470
f 938/345/530 941/346/531 939/327/471
f 942/162/200 943/344/505 944/163/532
f 945/347/533 946/348/533 947/349/534
f 948/350/533 949/351/533 946/348/533
f 950/348/533 951/347/533 952/350/533
f 953/278/533 954/351/533 955/350/533
f 956/278/533 957/350/533 958/224/533
f 959/222/533 958/224/533 957/350/533
f 960/352/533 961/353/533 962/269/533
f 963/352/533 964/269/533 965/354/533
f 966/352/533 967/354/533 968/355/533
f 969/352/533 970/355/533 971/356/533
f 972/352/533 973/356/533 974/357/533
f 975/222/533 976/350/533 977/358/533
f 978/350/533 979/359/533 980/358/533
f 981/360/533 982/359/533 983/350/533
f 984/350/533 985/347/533 986/360/533
f 986/360/533 985/347/533 987/361/535
f 988/349/534 989/361/535 990/347/533
f 991/362/536 989/361/537 992/349/534
f 993/361/537 994/363/533 995/360/533
f 996/363/533 997/361/537 998/362/536
f 999/362/538 1000/364/533 1001/363/533
f 1002/365/533 1003/364/533 1004/366/538
f 1005/366/539 1006/367/540 1007/365/533
f 1008/368/533 1009/365/533 1010/367/540
f 1011/369/541 1012/367/540 1013/366/536
f 1014/370/533 1012/367/542 1015/369/541
f 1016/367/540 1017/370/533 1018/368/533
f 1018/368/533 1017/370/533 1019/371/533
f 1020/371/533 1021/372/533 1022/368/533
f 1023/371/533 1024/373/533 1025/372/533
f 1026/252/533 1027/373/533 1028/371/533
f 1029/374/533 1030/375/533 1031/376/533
f 1032/374/533 1033/376/533 1034/377/533
f 1035/374/533 1036/377/533 1037/378/533
f 1038/374/533 1039/378/533 1040/274/533
f 1041/374/533 1042/274/533 1043/379/533
f 1044/252/533 1045/371/533 1046/255/533
f 1047/302/533 1046/255/533 1045/371/533
f 1048/302/533 1049/371/533 1050/380/533
f 1051/381/533 1052/380/533 1053/371/533
f 1054/369/541 1051/381/533 1055/370/533
f 1056/371/533 1057/370/533 1058/381/533
f 1059/296/543 1060/262/356 1061/253/335
f 1062/352/533 1063/357/533 1064/382/533
f 1062/352/533 1064/382/533 1065/222/533
f 1065/222/533 1066/358/533 1062/352/533
f 1067/252/533 1068/374/533 1069/373/533
f 1068/374/533 1067/252/533 1070/383/533
f 1068/374/533 1070/383/533 1071/375/533
f 1072/384/544 1073/343/545 1074/385/546
f 1072/384/544 1075/315/453 1073/343/545
f 1076/334/547 1077/279/413 1078/280/416
f 1076/334/547 1078/280/416 1079/335/548
f 1080/386/549 842/319/458 844/321/460
f 1081/387/550 842/319/458 1080/386/549
f 1081/387/550 1082/323/462 842/319/458
f 1080/386/549 844/321/460 1083/388/551
f 1084/389/552 1085/390/553 1082/323/554
f 1084/389/552 1082/323/554 1086/387/555
f 1083/388/551 844/321/460 1087/391/556
f 1083/388/551 1087/391/556 1088/392/557
f 1089/392/557 1087/391/556 1090/384/558
f 1089/392/557 1090/384/558 1091/393/559
f 844/321/560 1092/320/464 1093/311/467
f 844/321/560 1093/311/467 1094/391/556
f 1094/391/556 1095/311/467 1096/315/453
f 1094/391/556 1096/315/453 1097/384/558
f 1098/188/561 1099/76/67 1100/78/562
f 1101/394/48 1102/395/56 1103/396/56
f 1104/282/563 1105/284/564 1106/286/565
f 1107/339/566 1104/282/563 1106/286/565
f 1108/339/567 1106/286/565 1109/231/568
f 1110/338/569 1104/282/563 1111/339/567
f 1112/338/569 1113/397/570 1104/282/563
f 1113/397/570 1114/283/571 1104/282/563
f 1115/397/570 1116/398/572 1114/283/573
f 1113/397/574 1117/399/575 1118/400/576
f 1119/338/569 1117/399/575 1113/397/574
f 1119/338/569 1120/401/577 1117/399/575
f 1121/394/48 1122/396/56 1123/402/57
f 1123/402/57 1124/403/57 1121/394/48
f 1125/404/578 1126/405/579 1127/406/580
f 1125/404/578 1128/407/581 1126/405/579
f 1129/408/582 1126/405/579 1128/407/581
f 1129/408/582 1128/407/581 1130/342/500
f 1129/408/582 1130/342/500 1131/340/496
f 1132/407/581 1133/341/583 1130/342/500
f 1134/353/584 1135/158/585 1136/269/366
f 1137/353/586 1138/157/587 1135/158/502
f 1139/156/186 1140/157/188 1141/409/588
f 1142/97/589 1139/156/186 1143/216/590
f 1144/379/591 1145/164/592 1146/163/593
f 1147/379/594 1148/274/373 1145/164/592
f 1149/340/595 1150/312/596 1151/313/527
f 1149/340/595 1151/313/527 1152/341/597
f 1149/340/595 1152/341/597 1153/342/598
f 1154/315/528 1152/341/597 1151/313/527
f 1154/315/528 1155/343/599 1152/341/597
f 1156/390/553 1157/324/470 1158/323/554
f 1156/390/553 1159/345/530 1157/324/470
f 1160/366/539 1161/410/600 1162/369/541
f 1163/349/534 1164/411/600 1165/362/538
f 1166/412/601 1167/413/602 1168/72/603
f 1169/414/604 1170/404/578 1171/406/605
f 1169/414/604 1171/406/605 1172/415/606
f 1173/416/607 1174/417/608 1175/418/608
f 1176/416/607 1177/419/609 1178/417/608
f 1179/393/610 1180/385/611 1181/420/612
f 1179/393/610 1182/384/558 1180/385/611
f 1183/86/613 1184/421/614 1185/87/82
f 1184/421/614 1186/121/615 1187/87/87
f 1188/345/616 1189/324/617 1190/327/519
f 1188/345/616 1190/327/519 1191/346/618
f 1192/310/448 1193/309/447 1194/422/619
f 1192/310/448 1195/422/619 1196/423/620
f 1197/424/621 1198/425/622 1199/333/623
f 1200/426/624 1201/346/625 1202/345/626
f 1200/426/624 1203/427/627 1201/346/625
f 1204/197/628 1205/74/629 1206/73/64
f 1207/428/371 1208/429/630 1209/430/631
f 1207/428/371 1210/431/632 1208/429/630
f 1211/432/314 1210/431/632 1212/428/371
f 1211/432/314 1213/433/633 1210/431/632
f 1214/434/310 1213/433/634 1215/432/314
f 1214/434/310 1216/435/635 1213/433/634
f 1217/436/636 1216/435/637 1218/434/310
f 1217/436/636 1219/437/638 1216/435/637
f 1220/438/639 1219/437/640 1221/436/641
f 1220/438/639 1222/439/642 1219/437/640
f 1223/440/491 1222/439/643 1224/438/385
f 1223/440/491 1225/441/644 1222/439/643
f 1226/442/490 1227/443/645 1225/441/644
f 1226/442/490 1225/441/644 1228/440/491
f 1229/444/646 1230/445/647 1231/446/648
f 1232/442/548 1233/441/644 1234/443/645
f 1232/442/548 1235/440/416 1233/441/644
f 1236/440/416 1237/439/643 1233/441/644
f 1236/440/416 1238/438/649 1237/439/643
f 1239/438/650 1240/437/640 1237/439/642
f 1239/438/650 1241/436/351 1240/437/640
f 1242/436/651 1243/435/652 1240/437/638
f 1242/436/651 1244/434/348 1243/435/652
f 1245/434/348 1246/433/634 1243/435/635
f 1245/434/348 1247/432/354 1246/433/634
f 1248/432/354 1249/431/632 1246/433/633
f 1248/432/354 1250/428/653 1249/431/632
f 1251/428/653 1252/429/654 1249/431/632
f 1251/428/653 1253/430/655 1252/429/654
f 1254/384/656 1255/343/657 1256/315/528
f 1254/384/656 1257/385/658 1255/343/657
f 1258/444/659 1259/446/660 1260/445/661
f 1261/444/646 1262/447/662 1263/445/647
f 1264/447/662 1265/448/663 1263/445/647
f 1262/447/662 1266/449/664 1265/448/663
f 1267/450/665 1268/448/666 1266/449/664
f 1269/450/667 1266/449/664 1270/451/668
f 1270/451/668 1266/449/664 1271/452/669
f 1266/449/664 1262/447/662 1271/452/669
f 1272/453/670 1271/452/669 1262/447/662
f 1272/453/670 1262/447/662 1261/444/646
f 1273/454/671 1271/452/669 1272/453/670
f 1273/454/671 1274/455/455 1271/452/669
f 1275/456/672 1273/454/671 1272/453/670
f 1275/456/672 1276/457/673 1273/454/671
f 1277/458/674 1272/453/670 1261/444/646
f 1275/456/672 1272/453/670 1277/458/674
f 1277/458/674 1261/444/646 1278/446/648
f 1275/456/672 1277/458/674 1279/459/675
f 1277/458/674 1278/446/648 1280/460/676
f 1280/460/676 1279/459/675 1277/458/674
f 1281/453/670 1282/444/677 1283/447/662
f 1282/444/677 1284/445/678 1283/447/662
f 1285/447/662 1284/445/678 1286/448/679
f 1283/447/662 1286/448/680 1287/449/681
f 1288/450/682 1287/449/681 1289/448/679
f 1287/449/681 1290/452/683 1283/447/662
f 1281/453/670 1283/447/662 1290/452/683
f 1291/451/684 1290/452/683 1287/449/681
f 1292/450/685 1291/451/684 1287/449/681
f 1293/454/686 1281/453/670 1290/452/683
f 1293/454/686 1290/452/683 1294/455/687
f 1295/456/688 1281/453/670 1293/454/686
f 1295/456/688 1293/454/686 1296/457/689
f 1295/456/688 1297/458/674 1281/453/670
f 1297/458/674 1282/444/677 1281/453/670
f 1295/456/688 1298/459/690 1297/458/674
f 1297/458/674 1299/446/660 1282/444/677
f 1300/460/676 1297/458/674 1298/459/690
f 1297/458/674 1300/460/676 1299/446/660
f 1301/387/691 1302/319/692 1303/323/693
f 1301/387/691 1304/386/694 1302/319/692
f 1302/319/692 1305/320/695 1306/322/696
f 1302/319/692 1307/321/697 1305/320/695
f 1304/386/694 1307/321/697 1302/319/692
f 1308/323/698 1302/319/692 1309/322/699
f 1308/323/698 1309/322/699 1310/324/517
f 1307/321/697 1311/311/524 1312/320/700
f 1307/321/697 1313/391/701 1311/311/524
f 1313/391/701 1314/315/528 1315/311/524
f 1313/391/701 1316/384/702 1314/315/528
f 1304/386/694 1317/388/703 1307/321/697
f 1317/388/703 1318/391/701 1307/321/697
f 1317/388/703 1319/392/704 1318/391/701
f 1320/392/704 1321/384/702 1318/391/701
f 1320/392/704 1322/393/705 1321/384/702
f 1323/461/706 1317/388/703 1304/386/694
f 1323/461/706 1324/462/707 1317/388/703
f 1324/462/707 1325/392/704 1317/388/703
f 1326/463/708 1323/461/706 1304/386/694
f 1327/462/707 1323/461/706 1326/463/708
f 1326/463/708 1304/386/694 1328/387/709
f 1329/464/710 1330/465/711 1331/466/712
f 1329/464/710 1332/467/713 1330/465/711
f 1333/261/347 1334/465/711 1332/467/714
f 1333/261/347 1332/467/714 1335/258/344
f 1336/450/667 1332/467/715 1337/464/710
f 1336/450/667 1338/451/716 1332/467/715
f 1339/258/344 1332/467/715 1340/451/717
f 1339/258/344 1340/451/717 1341/452/718
f 1341/452/718 1342/259/345 1339/258/344
f 1341/452/718 1343/455/455 1342/259/345
f 1344/407/719 1345/342/598 1346/341/597
f 1347/408/720 1348/340/721 1345/342/598
f 1347/408/720 1345/342/598 1349/407/719
f 1347/408/720 1349/407/719 1350/405/722
f 1351/404/723 1350/405/722 1349/407/719
f 1351/404/723 1352/406/724 1350/405/722
f 1353/468/725 1354/415/726 1355/469/727
f 1353/468/725 1356/414/728 1354/415/726
f 1357/424/729 1358/333/730 1359/425/731
f 1360/390/732 1361/323/698 1362/324/617
f 1360/390/732 1362/324/617 1363/345/616
f 1364/470/733 1365/471/734 1366/335/490
f 1364/470/733 1366/335/490 1367/334/735
f 1368/472/736 1369/79/78 1370/123/737
f 1371/84/738 1372/79/78 1368/472/736
f 1373/473/739 1374/406/740 1375/405/579
f 1374/406/740 1373/473/739 1376/474/741
f 1373/473/739 1375/405/579 1377/408/582
f 1378/475/742 1379/390/553 1380/389/552
f 1378/475/742 1381/476/743 1379/390/553
f 1382/310/744 1383/423/745 1384/422/746
f 1382/310/744 1385/422/747 1386/309/748
f 1387/415/726 1388/406/749 1389/474/750
f 1387/415/726 1389/474/750 1390/477/751
f 1391/478/752 1392/306/441 1393/479/753
f 1391/478/754 1394/480/755 1395/481/756
f 1395/481/756 1394/480/755 1396/308/444
f 1397/478/757 1398/479/753 1399/306/441
f 1400/481/756 1401/480/758 1397/478/759
f 1402/308/443 1401/480/758 1400/481/756
f 1403/476/760 1404/345/626 1405/390/761
f 1403/476/760 1406/426/762 1404/345/626
f 1407/482/763 1408/427/764 1406/426/624
f 1407/482/763 1409/483/765 1408/427/764
f 1410/484/766 1411/485/767 1412/486/768
f 1410/484/766 1413/487/769 1411/485/767
f 1414/484/1 1415/485/1 1416/487/1
f 1414/484/1 1417/486/1 1415/485/1
f 1418/258/770 1419/451/771 1420/467/772
f 1418/258/770 1421/452/773 1419/451/771
f 1421/452/773 1418/258/770 1422/259/391
f 1421/452/773 1422/259/391 1423/455/487
f 1424/450/685 1420/467/774 1425/451/775
f 1424/450/685 1426/464/776 1420/467/774
f 1427/261/392 1428/258/389 1420/467/777
f 1427/261/392 1420/467/777 1429/465/778
f 1430/464/776 1431/465/779 1420/467/772
f 1430/464/776 1432/466/780 1431/465/779
f 1433/488/781 1434/424/621 1435/489/782
f 1436/333/438 1437/289/783 1434/424/621
f 1438/490/784 1439/401/785 1440/338/494
f 1438/490/784 1440/338/494 1441/337/493
f 1442/304/786 1443/303/438 1444/491/787
f 1445/414/788 1446/406/789 1447/404/723
f 1445/414/788 1448/415/790 1446/406/789
f 1449/216/590 1450/156/791 1451/409/792
f 1452/250/793 1453/162/200 1454/107/204
f 1455/488/781 1456/425/787 1457/424/621
f 1458/426/794 1459/345/616 1460/346/795
f 1458/426/794 1460/346/795 1461/427/796
f 1462/393/705 1463/385/658 1464/384/702
f 1462/393/705 1465/420/797 1463/385/658
f 1466/492/798 1467/493/799 1468/494/800
f 1469/495/801 1466/492/798 1468/494/800
f 1469/495/801 1470/496/802 1466/492/798
f 1471/497/803 1470/496/802 1469/495/801
f 1472/498/804 1471/497/803 1469/495/801
f 1472/498/804 1473/499/805 1471/497/803
f 1474/500/806 1473/499/805 1472/498/804
f 1475/501/807 1474/500/806 1472/498/804
f 1476/494/800 1467/493/808 1477/502/808
f 1476/494/800 1477/502/808 1478/503/809
f 1477/502/808 1479/504/810 1478/503/809
f 1478/503/809 1479/504/810 1480/505/811
f 1481/463/812 1482/387/550 1080/386/549
f 1483/506/813 1482/387/550 1481/463/812
f 1483/506/813 1484/389/552 1482/387/550
f 1485/507/814 1484/389/552 1483/506/813
f 1485/507/814 1486/475/742 1484/389/552
f 1487/508/815 1486/475/742 1485/507/814
f 1487/508/815 1488/509/816 1486/475/742
f 1481/463/812 1080/386/549 1489/461/817
f 1490/503/809 1491/505/811 1492/510/818
f 1491/505/811 1493/511/819 1492/510/818
f 1494/512/820 1492/510/818 1493/511/819
f 1495/513/821 1496/514/822 1494/512/820
f 1494/512/820 1497/511/819 1495/513/821
f 1498/462/823 1481/463/812 1489/461/817
f 1489/461/817 1080/386/549 1083/388/551
f 1489/461/817 1083/388/551 1499/462/823
f 1499/462/823 1083/388/551 1500/392/557
f 1499/462/823 1500/392/557 1501/515/824
f 1501/515/824 1500/392/557 1502/393/559
f 1501/515/824 1502/393/559 1503/516/825
f 1503/516/825 1504/393/559 1505/420/826
f 1499/462/827 1506/517/828 1481/463/812
f 1507/515/824 1506/517/828 1499/462/827
f 1508/516/825 1506/517/828 1507/515/824
f 1481/463/812 1506/517/828 1509/506/813
f 1509/506/813 1506/517/828 1510/507/814
f 1510/507/814 1506/517/828 1511/508/815
f 1511/508/815 1506/517/828 1512/518/829
f 1513/490/830 1514/519/831 1515/520/832
f 1516/389/833 1517/387/691 1518/323/698
f 1516/389/833 1518/323/698 1519/390/732
f 1520/521/376 1521/204/834 1522/184/835
f 1523/522/836 1524/426/762 1525/476/760
f 1523/522/836 1526/482/763 1524/426/762
f 1527/470/837 1528/334/838 1529/335/548
f 1527/470/837 1529/335/548 1530/471/839
f 1531/523/840 1532/524/841 1533/525/840
f 1534/304/842 1535/305/512 1536/526/843
f 1537/488/844 1538/489/845 1539/424/846
f 1539/424/729 1540/289/515 1541/333/847
f 1542/509/816 1543/476/743 1544/475/742
f 1542/509/816 1545/522/836 1543/476/743
f 1546/527/768 1547/219/848 1548/218/288
f 1546/527/768 1549/528/849 1547/219/848
f 1550/268/850 1551/219/289 1549/528/851
f 1552/521/852 1553/184/853 1554/183/854
f 1555/488/844 1556/424/846 1557/425/731
f 1558/468/855 1559/415/856 1560/414/788
f 1558/468/855 1561/469/857 1559/415/856
f 1562/529/858 1563/530/859 1564/531/860
f 1564/531/860 1563/530/859 1565/532/861
f 1564/531/860 1565/532/861 1566/501/807
f 1565/532/861 1567/533/862 1566/501/807
f 1566/501/807 1567/533/862 1568/500/863
f 1569/501/864 1570/498/865 1571/500/866
f 1571/500/866 1570/498/865 1572/499/867
f 1570/498/865 1573/497/868 1572/499/867
f 1570/498/865 1574/495/869 1573/497/868
f 1573/497/868 1574/495/869 1575/496/870
f 1574/495/869 1576/492/871 1575/496/870
f 1574/495/869 1577/494/872 1576/492/871
f 1576/492/871 1577/494/872 1578/493/873
f 1579/494/872 1580/502/874 1578/493/874
f 1579/494/872 1581/503/875 1580/502/874
f 1580/502/874 1581/503/875 1582/504/876
f 1581/503/875 1583/505/877 1582/504/876
f 1584/473/878 1585/408/720 1586/405/722
f 1584/473/878 1586/405/722 1587/406/789
f 1587/406/789 1588/474/879 1584/473/878
f 1589/513/880 1590/512/881 1591/514/882
f 1590/512/881 1589/513/880 1592/511/883
f 1590/512/881 1593/511/884 1594/510/885
f 1595/505/877 1594/510/885 1593/511/884
f 1596/503/875 1594/510/885 1595/505/877
f 1597/534/886 1598/535/887 1599/536/888
f 1597/534/886 1600/537/889 1598/535/887
f 1601/538/890 1602/56/891 1603/539/892
f 1604/481/756 1605/306/893 1606/478/752
f 1607/540/840 1608/541/894 1609/542/840
f 1610/514/895 1611/543/896 1612/512/820
f 1613/478/897 1614/306/893 1615/481/756
f 1616/544/898 1617/545/852 1618/546/852
f 1616/544/898 1619/547/898 1617/545/852
f 1620/548/852 1621/549/852 1622/550/852
f 1620/548/852 1623/551/852 1621/549/852
f 1624/552/828 1625/553/852 1626/554/852
f 1624/552/828 1627/555/828 1625/553/852
f 1628/556/828 1629/557/852 1630/558/852
f 1628/556/828 1631/559/828 1629/557/852
f 1632/560/899 1633/561/900 1634/562/900
f 1632/560/899 1635/563/899 1633/561/900
f 1636/564/899 1637/565/852 1638/566/852
f 1636/564/899 1639/567/899 1637/565/852
f 1640/568/852 1641/569/899 1642/570/900
f 1640/568/852 1643/571/852 1641/569/899
f 1644/572/852 1645/573/852 1646/574/852
f 1644/572/852 1647/575/852 1645/573/852
f 1648/576/852 1649/577/852 1650/578/852
f 1648/576/852 1650/578/852 1651/579/852
f 1651/579/852 1652/580/899 1648/576/852
f 1651/579/852 1653/581/852 1652/580/899
f 1651/579/852 1654/582/899 1653/581/852
f 1651/579/852 1655/583/852 1654/582/899
f 1651/579/852 1656/584/852 1655/583/852
f 1651/579/852 1657/585/852 1656/584/852
f 1658/368/901 1659/372/902 1660/586/903
f 1661/587/904 1660/586/903 1659/372/902
f 1662/475/905 1663/389/833 1664/390/732
f 1662/475/905 1664/390/732 1665/476/906
f 1666/415/907 1667/474/879 1668/406/789
f 1666/415/907 1669/477/908 1667/474/879
f 1670/588/909 1671/589/899 1672/590/910
f 1672/590/910 1671/589/899 1673/591/911
f 1673/591/912 1674/592/913 1675/590/910
f 1673/591/912 1676/593/914 1674/592/913
f 1673/591/911 1671/589/899 1677/594/915
f 1677/594/915 1671/589/899 1678/595/916
f 1677/594/915 1679/593/914 1673/591/911
f 1677/594/915 1680/596/917 1679/593/914
f 1680/596/917 1681/597/918 1679/593/914
f 1680/596/917 1682/477/751 1681/597/918
f 1682/477/751 1683/598/919 1681/597/918
f 1682/477/751 1684/474/750 1683/598/919
f 1684/474/750 1685/599/920 1683/598/919
f 1684/474/750 1686/473/739 1685/599/920
f 1687/593/914 1688/600/921 1674/592/913
f 1687/593/914 1689/597/922 1688/600/921
f 1690/595/923 1691/596/917 1677/594/924
f 1690/595/923 1692/469/727 1691/596/917
f 1693/469/727 1694/477/751 1691/596/917
f 1693/469/727 1695/415/726 1694/477/751
f 1696/595/923 1697/468/725 1693/469/727
f 1698/601/925 1699/602/926 1700/603/927
f 1701/476/928 1702/390/929 1703/345/930
f 1701/476/928 1703/345/930 1704/426/794
f 1705/482/931 1704/426/932 1706/427/796
f 1705/482/931 1706/427/796 1707/483/933
f 1708/604/852 1709/605/852 1710/606/852
f 1708/604/852 1711/607/852 1709/605/852
f 1712/608/828 1713/609/900 1714/610/898
f 1712/608/828 1715/611/852 1713/609/900
f 1716/612/852 1717/613/898 1718/614/852
f 1716/612/852 1719/615/898 1717/613/898
f 1720/616/899 1721/617/852 1722/618/899
f 1720/616/899 1723/619/852 1721/617/852
f 1724/620/852 1725/621/852 1726/622/852
f 1724/620/852 1727/623/852 1725/621/852
f 1728/624/852 1729/625/852 1730/626/852
f 1728/624/852 1731/627/852 1729/625/852
f 1732/628/852 1733/629/852 1734/630/852
f 1732/628/852 1735/631/852 1733/629/852
f 1736/632/852 1737/633/852 1738/634/852
f 1736/632/852 1739/635/852 1737/633/852
f 1740/636/852 1741/637/852 1742/638/852
f 1743/639/934 1744/640/935 1745/641/936
f 1745/641/936 1746/640/935 1743/639/934
f 1743/639/937 1747/642/443 1748/641/938
f 1749/643/939 1743/639/937 1750/644/409
f 1750/644/409 1751/645/940 1749/643/939
f 1750/644/409 1752/646/941 1751/645/940
f 1753/534/942 1754/647/943 1755/648/944
f 1756/649/945 1757/537/946 1758/650/947
f 1759/651/948 1760/652/949 1761/653/950
f 1762/651/948 1763/654/608 1764/652/608
f 1765/501/864 1766/500/866 1767/533/951
f 1768/532/952 1765/501/864 1767/533/951
f 1769/531/953 1765/501/864 1768/532/952
f 1769/531/953 1768/532/952 1770/530/954
f 1771/529/955 1769/531/953 1770/530/954
f 1772/534/956 1773/535/957 1774/537/958
f 1772/534/956 1775/536/959 1773/535/957
f 1512/518/960 1776/509/816 1777/508/815
f 1512/518/960 1778/655/961 1776/509/816
f 1779/655/961 1780/522/836 1776/509/816
f 1779/655/961 1781/656/962 1780/522/836
f 1782/304/513 1783/491/963 1784/303/730
f 1785/514/964 1786/512/965 1787/543/966
f 1788/657/967 1789/658/968 1790/659/969
f 1788/657/967 1791/660/970 1789/658/968
f 1792/649/971 1793/535/972 1794/537/946
f 1795/522/973 1796/476/928 1797/426/932
f 1795/522/973 1797/426/932 1798/482/974
f 1799/636/975 1800/661/975 1801/637/975
f 1802/514/895 1803/662/976 1804/543/947
f 1805/534/942 1806/536/977 1807/647/943
f 1808/659/978 1809/423/620 1810/422/979
f 1808/659/978 1811/658/980 1809/423/620
f 1812/656/962 1813/482/763 1814/522/981
f 1812/656/962 1815/663/982 1813/482/763
f 1816/649/983 1817/650/966 1818/537/984
f 1819/523/985 1820/525/985 1821/524/986
f 1822/534/987 1823/648/988 1824/647/989
f 1825/509/990 1826/475/991 1827/476/928
f 1825/509/990 1827/476/928 1828/522/973
f 1324/462/707 1829/515/992 1325/392/704
f 1829/515/992 1830/393/705 1325/392/704
f 1829/515/992 1831/516/993 1830/393/705
f 1831/516/993 1832/420/994 1833/393/705
f 1834/506/995 1326/463/708 1328/387/709
f 1834/506/995 1328/387/709 1835/389/833
f 1836/507/996 1834/506/995 1835/389/833
f 1836/507/996 1835/389/833 1837/475/905
f 1838/508/997 1836/507/996 1837/475/905
f 1838/508/997 1837/475/905 1839/509/990
f 1324/462/707 1326/463/998 1840/517/999
f 1841/515/992 1324/462/707 1840/517/999
f 1842/516/993 1841/515/992 1840/517/999
f 1326/463/998 1843/506/995 1840/517/999
f 1843/506/995 1844/507/996 1840/517/999
f 1844/507/996 1845/508/997 1840/517/999
f 1845/508/997 1846/518/1000 1840/517/999
f 1846/518/1000 1847/664/1001 1840/517/999
f 1847/664/1001 1848/665/1002 1840/517/999
f 1849/359/1003 1850/666/1004 1851/667/1005
f 1852/360/1006 1850/666/1004 1849/359/1003
f 1853/521/1007 1854/184/227 1855/204/1008
f 1856/649/1009 1857/537/984 1858/535/1010
f 1859/142/168 1860/40/1011 1861/42/1012
f 1862/56/1011 1859/142/168 1863/668/1013
f 1859/142/1014 1864/144/170 1865/668/1015
f 1866/668/1013 1864/144/170 1867/669/170
f 1866/668/1013 1867/669/170 1868/670/1016
f 1866/668/1013 1868/670/1016 1869/671/1017
f 1870/671/1017 1871/539/1017 1866/668/1013
f 1872/365/1018 1873/368/1019 1874/672/1020
f 1875/374/1021 1876/379/591 1877/673/1022
f 1878/674/1023 1879/675/1024 1880/676/1025
f 1878/674/1023 1881/677/1023 1879/675/1024
f 1878/674/1023 1882/678/1026 1881/677/1023
f 1878/674/1023 1883/679/1026 1882/678/1026
f 1882/678/1026 1883/679/1026 1884/680/1027
f 1882/678/1026 1884/680/1027 1885/681/1028
f 1886/663/1029 1887/483/1030 1888/482/763
f 1886/663/1029 1889/682/1031 1887/483/1030
f 1890/514/964 1891/543/966 1892/662/983
f 1893/521/1032 1894/183/1033 1895/184/1034
f 1896/683/1035 1897/529/858 1898/531/1036
f 1899/540/985 1900/542/985 1901/541/1037
f 1902/534/987 1903/647/989 1904/536/1038
f 1905/684/1039 1906/685/1040 1907/686/1041
f 1905/684/1039 1907/686/1041 1908/687/1042
f 1905/684/1039 1909/687/1042 1910/304/1043
f 1910/304/1043 1909/687/1042 1911/526/1044
f 1910/304/439 1912/526/1044 1913/305/440
f 1914/544/1045 1915/545/1032 1916/547/1045
f 1914/544/1045 1917/546/1032 1915/545/1032
f 1918/548/1045 1919/549/1032 1920/551/1045
f 1918/548/1045 1921/550/1032 1919/549/1032
f 1922/552/1046 1923/553/1047 1924/555/1046
f 1922/552/1046 1925/554/1047 1923/553/1047
f 1926/556/1045 1927/557/1032 1928/559/1045
f 1926/556/1045 1929/558/1032 1927/557/1032
f 1930/560/1045 1931/561/1032 1932/563/1045
f 1930/560/1045 1933/562/1032 1931/561/1032
f 1934/564/1045 1935/565/1032 1936/567/1045
f 1934/564/1045 1937/566/1032 1935/565/1032
f 1938/568/1032 1939/569/1032 1940/571/1032
f 1938/568/1032 1941/570/1032 1939/569/1032
f 1942/572/1032 1943/573/1032 1944/575/1032
f 1942/572/1032 1945/574/1032 1943/573/1032
f 1946/579/1046 1947/584/1048 1948/585/1032
f 1946/579/1046 1949/583/1045 1947/584/1048
f 1946/579/1046 1950/582/1032 1949/583/1045
f 1946/579/1046 1951/581/1032 1950/582/1032
f 1946/579/1046 1952/580/1032 1951/581/1032
f 1946/579/1046 1953/576/1032 1952/580/1032
f 1953/576/1032 1946/579/1046 1954/578/1032
f 1953/576/1032 1954/578/1032 1955/577/1032
f 1956/683/1035 1957/688/1049 1958/529/1050
f 1959/597/1051 1960/598/1052 1961/689/1053
f 1959/597/1051 1961/689/1053 1962/600/921
f 1963/690/1054 1964/691/1055 1965/471/734
f 1963/690/1054 1965/471/734 1966/470/733
f 1967/657/1056 1968/658/1057 1969/660/1058
f 1967/657/1056 1970/659/1059 1968/658/1057
f 1971/365/1018 1972/672/1060 1973/692/1061
f 1974/368/901 1975/586/903 1972/672/1062
f 1976/693/1063 1977/373/1064 1978/374/1021
f 1979/604/1032 1980/605/1032 1981/607/1032
f 1979/604/1032 1982/606/1032 1980/605/1032
f 1983/608/1032 1984/609/1032 1985/611/1032
f 1983/608/1032 1986/610/1032 1984/609/1032
f 1987/612/1032 1988/613/1047 1989/615/1047
f 1987/612/1032 1990/614/1032 1988/613/1047
f 1991/616/1032 1992/617/1032 1993/619/1032
f 1991/616/1032 1994/618/1032 1992/617/1032
f 1995/620/1045 1996/621/1046 1997/623/1046
f 1995/620/1045 1998/622/1045 1996/621/1046
f 1999/624/1045 2000/625/1032 2001/627/1032
f 1999/624/1045 2002/626/1045 2000/625/1032
f 2003/628/1032 2004/629/1032 2005/631/1032
f 2003/628/1032 2006/630/1032 2004/629/1032
f 2007/632/1032 2008/633/1032 2009/635/1032
f 2007/632/1032 2010/634/1032 2008/633/1032
f 2011/636/1032 2012/638/1032 2013/637/1032
f 2014/694/852 2015/695/852 2016/696/828
f 2014/694/852 2016/696/828 2017/697/900
f 2017/697/900 2016/696/828 2018/698/852
f 2017/697/900 2018/698/852 2019/699/852
f 2019/699/852 2018/698/852 2020/700/899
f 2019/699/852 2020/700/899 2021/701/898
f 2021/701/898 2020/700/899 2022/702/828
f 2021/701/898 2022/702/828 2023/703/852
f 2022/702/828 2024/704/828 2023/703/852
f 2022/702/828 2025/705/852 2024/704/828
f 2026/706/1065 2024/704/828 2025/705/852
f 2026/706/1065 2025/705/852 2027/707/828
f 2026/706/1065 2027/707/828 2028/708/828
f 2026/706/1065 2028/708/828 2029/709/852
f 2029/709/852 2028/708/828 2030/710/852
f 2029/709/852 2030/710/852 2031/711/828
f 2031/711/828 2030/710/852 2032/712/900
f 2031/711/828 2032/712/900 2033/713/852
f 2033/713/852 2032/712/900 2034/714/899
f 2033/713/852 2034/714/899 2035/715/852
f 2036/716/1066 2037/717/1067 2038/718/1067
f 2036/716/1066 2039/719/1067 2037/717/1067
f 2040/588/909 2041/720/1068 2042/721/1069
f 1675/590/910 2041/720/1068 2040/588/909
f 1675/590/910 2043/592/913 2041/720/1068
f 2044/722/1070 2045/723/1071 2046/724/1072
f 2046/724/1072 2045/723/1071 2047/725/1073
f 2046/724/1072 2047/725/1073 2048/726/1074
f 2048/726/1074 2047/725/1073 2049/727/1075
f 2048/726/1074 2049/727/1075 2050/728/1076
f 2050/728/1076 2049/727/1075 2051/729/1077
f 2046/724/1072 1671/589/899 2044/722/1070
f 2052/726/1074 1671/589/899 2046/724/1072
f 2053/728/1076 1671/589/899 2052/726/1074
f 2044/722/1070 1671/589/899 2054/730/1078
f 2054/730/1078 1671/589/899 2055/731/1079
f 2055/731/1079 1671/589/899 1670/588/909
f 2056/363/1080 2057/732/1081 2058/360/1082
f 2059/374/1021 2060/673/1022 2061/693/1083
f 2062/659/1059 2063/423/745 2064/658/1057
f 2062/659/1059 2065/422/1084 2063/423/745
f 2066/733/1085 2067/734/1086 2068/735/1087
f 2066/733/1085 2069/736/1088 2067/734/1086
f 2070/737/496 2069/736/1089 2071/733/1085
f 2070/737/496 2072/738/1090 2069/736/1089
f 2073/739/1091 2072/738/1090 2074/737/496
f 2073/739/1091 2075/740/1092 2072/738/1090
f 2076/741/452 2075/740/1092 2077/739/1093
f 2076/741/452 2078/742/1094 2075/740/1092
f 2079/743/465 2078/742/1095 2080/741/452
f 2079/743/465 2081/744/1096 2078/742/1095
f 2082/745/1097 2083/746/1098 2081/744/1096
f 2082/745/1097 2081/744/1096 2084/743/1099
f 2085/683/1100 2086/531/953 2087/529/1101
f 1846/518/1102 2088/508/997 2089/509/990
f 1846/518/1102 2089/509/990 2090/655/1103
f 2091/655/1103 2089/509/990 2092/522/973
f 2091/655/1103 2092/522/973 2093/656/1104
f 2094/683/1100 2095/529/1105 2096/688/1106
f 2097/722/1107 2098/724/1108 2099/723/1109
f 2098/724/1108 2100/725/1110 2099/723/1109
f 2098/724/1108 2101/726/1111 2100/725/1110
f 2101/726/1111 2102/727/1112 2100/725/1110
f 2101/726/1111 2103/728/1113 2102/727/1112
f 2103/728/1113 2104/729/1114 2102/727/1112
f 2098/724/1108 2097/722/1107 2105/589/1032
f 2106/726/1111 2098/724/1108 2105/589/1032
f 2107/728/1113 2106/726/1111 2105/589/1032
f 2097/722/1107 2108/730/1115 2105/589/1032
f 2108/730/1115 2109/731/1116 2105/589/1032
f 2109/731/1116 2110/588/1117 2105/589/1032
f 2110/588/1117 2111/590/1118 2105/589/1032
f 2111/590/1118 2112/591/1119 2105/589/1032
f 2112/591/1120 2113/590/1121 2114/592/1122
f 2112/591/1120 2114/592/1122 2115/593/1123
f 2116/593/1123 2114/592/1122 2117/600/1124
f 2116/593/1123 2118/600/1124 2119/597/1125
f 2112/591/1119 2120/594/1126 2105/589/1032
f 2120/594/1126 2121/595/1127 2105/589/1032
f 2120/594/1126 2112/591/1119 2122/593/1123
f 2120/594/1126 2122/593/1123 2123/596/1128
f 2123/596/1128 2122/593/1123 2124/597/1125
f 2123/596/1128 2124/597/1125 2125/477/908
f 2125/477/908 2124/597/1125 2126/598/1129
f 2125/477/908 2126/598/1129 2127/474/879
f 2127/474/879 2126/598/1129 2128/599/1130
f 2127/474/879 2128/599/1130 2129/473/1131
f 2130/595/1132 2120/594/1126 2131/596/1128
f 2130/595/1132 2131/596/1128 2132/469/857
f 2133/469/857 2131/596/1128 2134/477/908
f 2133/469/857 2134/477/908 2135/415/907
f 2136/595/1132 2133/469/857 2137/468/855
f 2138/242/852 2139/238/852 2140/240/852
f 2138/242/852 2141/279/1065 2139/238/852
f 2138/242/852 2142/246/852 2141/279/1065
f 2142/246/852 2143/334/828 2141/279/1065
f 2142/246/852 2144/273/852 2143/334/828
f 2144/273/852 2145/470/852 2143/334/828
f 2144/273/852 2146/310/852 2145/470/852
f 2146/310/852 2147/690/852 2145/470/852
f 2146/310/852 2148/423/852 2147/690/852
f 2148/423/852 2149/747/852 2147/690/852
f 2148/423/852 2150/658/828 2149/747/852
f 2151/748/852 2149/747/852 2150/658/828
f 2151/748/852 2150/658/828 2152/660/1133
f 2152/660/1133 2153/749/852 2151/748/852
f 2152/660/1133 2154/750/852 2153/749/852
f 2155/592/913 2156/751/1134 2157/720/1068
f 2155/592/913 2158/600/921 2156/751/1134
f 2159/521/376 2160/752/1135 2161/753/1136
f 2162/754/1137 2163/755/1138 2164/756/1139
f 2165/521/852 2166/187/852 2167/752/852
f 2168/521/852 2169/183/854 2170/187/852
f 1512/518/829 1506/517/828 2171/664/1140
f 2171/664/1140 1506/517/828 2172/665/1141
f 2171/664/1140 2173/655/961 1512/518/829
f 2171/664/1140 2174/757/1142 2173/655/961
f 2174/757/1142 2175/656/962 2173/655/961
f 2174/757/1142 2176/758/1143 2175/656/962
f 2176/758/1143 2177/663/1144 2175/656/962
f 2176/758/1143 2178/759/1145 2177/663/1144
f 2178/759/1145 2179/682/1146 2177/663/1144
f 2178/759/1145 2180/760/1147 2179/682/1146
f 2181/665/1148 2182/757/1142 2171/664/1149
f 2181/665/1148 2183/761/1150 2184/757/1142
f 2185/761/1151 2186/758/1143 2184/757/1142
f 2185/761/1151 2187/762/1152 2186/758/1143
f 2188/665/1153 2189/763/1154 2185/761/1151
f 2190/485/1155 2191/487/1156 2192/764/1157
f 2190/485/1155 2192/764/1157 2193/765/1157
f 2192/764/1157 2194/766/1157 2193/765/1157
f 2195/764/1157 2196/765/1157 2197/767/1158
f 2198/485/1155 2196/765/1157 2195/764/1157
f 2198/485/1155 2195/764/1157 2199/487/1155
f 2200/636/1159 2201/637/1159 2202/661/1159
f 2203/656/1160 2204/482/974 2205/663/1161
f 2203/656/1160 2206/522/1162 2204/482/974
f 2207/598/1052 2208/768/1163 2209/689/1053
f 2207/598/1052 2210/599/920 2208/768/1163
f 2211/764/1157 2212/767/1157 2213/766/56
f 2214/769/1164 2215/770/1165 2216/754/1166
f 2217/771/1167 2216/754/1168 2218/756/1169
f 2214/769/1164 2216/754/1166 2219/772/1170
f 2220/771/1167 2219/772/1170 2216/754/1166
f 2221/773/1171 2219/772/1170 2220/771/1167
f 2214/769/1164 2219/772/1170 2222/774/1172
f 2221/773/1171 2222/774/1172 2219/772/1170
f 2214/769/1164 2222/774/1172 2223/775/1173
f 2224/776/1174 2222/774/1172 2221/773/1171
f 2225/777/1175 2223/775/1173 2222/774/1172
f 2224/776/1174 2225/777/1175 2222/774/1172
f 2225/777/1175 2226/778/1139 2223/775/1173
f 2227/779/1176 2225/777/1175 2224/776/1174
f 2226/778/1139 2225/777/1175 2228/780/1177
f 2227/779/1176 2228/780/1177 2225/777/1175
f 2226/778/1139 2228/780/1177 2229/781/1178
f 2230/782/1179 2228/780/1177 2227/779/1176
f 2229/781/1178 2228/780/1177 2231/783/1180
f 2230/782/1179 2231/783/1180 2228/780/1177
f 2232/784/1179 2231/783/1180 2230/782/1179
f 2229/781/1178 2231/783/1180 2233/785/1165
f 2232/784/1179 2234/786/1181 2231/783/1180
f 2233/785/1165 2231/783/1180 2234/786/1181
f 2233/785/1165 2234/786/1181 2235/787/1165
f 2236/647/1182 2237/788/1183 2238/648/944
f 2239/587/904 2240/372/1184 2241/373/1185
f 2242/424/1186 2243/289/1187 2244/789/1188
f 2245/790/1189 2246/791/1190 2247/792/1191
f 2248/793/1192 2249/794/1193 2250/795/1194
f 2248/793/1192 2251/796/1195 2249/794/1193
f 2252/424/1196 2253/789/1188 2254/289/426
f 2255/797/1197 2256/798/852 2257/799/852
f 2258/288/429 2259/800/1198 2260/801/1199
f 2261/289/426 2262/789/1188 2259/800/456
f 2263/424/1196 2264/489/1200 2262/789/1188
f 2265/293/411 2260/801/1188 2266/802/1201
f 2266/802/1201 2267/644/1202 2268/318/1203
f 2267/644/1202 2269/317/487 2268/318/1203
f 2267/644/1202 2270/646/1204 2269/317/487
f 2267/644/1202 2271/645/1205 2270/646/1204
f 2267/644/429 2272/643/1206 2273/645/1207
f 2272/643/1206 2267/644/429 2274/639/1208
f 2275/641/938 2276/642/444 2274/639/1208
f 2274/639/1209 2277/640/1210 2278/641/1211
f 1750/644/409 2279/317/455 1752/646/941
f 1750/644/409 2280/318/456 2279/317/455
f 2281/802/1201 2280/318/456 1750/644/409
f 2281/802/1201 2282/801/1188 2283/293/411
f 2282/801/1188 2284/800/1188 2285/288/402
f 2284/800/1188 2286/789/1188 2287/289/1187
f 2286/789/1199 2288/489/782 2289/424/1186
f 2290/663/1161 2291/483/1212 2292/682/1213
f 2290/663/1161 2293/482/974 2291/483/1212
f 2294/803/1214 2295/688/1049 2296/683/1035
f 2297/421/614 2298/120/1215 2299/121/1216
f 2298/120/1217 2300/113/113 2301/119/128
f 2302/360/1006 2303/732/1218 2304/666/1219
f 2305/363/1080 2306/804/1220 2303/732/1218
f 2307/289/515 2308/800/1198 2309/288/429
f 2310/288/429 2311/801/1188 2312/293/411
f 2313/293/431 2314/802/1201 2315/318/429
f 2316/288/409 2317/293/411 2318/801/1188
f 2319/289/488 2320/288/402 2321/800/1188
f 2322/690/1221 2323/470/837 2324/471/839
f 2322/690/1221 2324/471/839 2325/691/1222
f 2326/56/1223 2327/805/1224 2328/57/42
f 2329/364/1225 2330/692/1226 2331/806/1227
f 2332/344/1228 2333/379/591 2334/163/1229
f 2335/802/1201 2336/639/1208 2337/644/429
f 2338/802/1201 2339/644/402 2340/639/937
f 2341/641/938 2342/639/1208 2343/807/1201
f 2344/808/1230 2345/809/1231 2346/770/1232
f 2344/808/1230 2346/770/1232 2347/769/1164
f 2344/808/1230 2347/769/1164 2348/775/1233
f 2344/808/1230 2348/775/1233 2349/810/1234
f 2348/775/1233 2350/811/1235 2349/810/1234
f 2348/775/1233 2351/778/1139 2350/811/1235
f 2350/811/1235 2351/778/1139 2352/781/1236
f 2350/811/1235 2352/781/1236 2353/812/1237
f 2353/812/1237 2352/781/1236 2354/785/1165
f 2353/812/1237 2354/785/1165 2355/813/1234
f 2355/813/1234 2354/785/1165 2356/787/1232
f 2355/813/1234 2356/787/1232 2357/814/1234
f 2358/807/1201 2359/802/1201 2360/639/937
f 2361/293/431 2362/318/456 2359/802/1201
f 2363/639/1208 2364/802/1201 2365/807/1201
f 2366/641/938 2367/807/1201 2368/639/937
f 2369/364/1225 2370/806/1227 2371/804/1238
f 2372/597/1239 2373/689/1240 2374/598/1241
f 2372/597/1239 2375/600/1242 2373/689/1240
f 2376/600/921 2377/689/1053 2378/815/1243
f 2376/600/921 2378/815/1243 2379/751/1134
f 2380/754/1244 2381/756/1245 2382/755/1246
f 2383/720/1068 2384/751/1247 2385/816/1248
f 2383/720/1068 2385/816/1248 2386/721/1069
f 2387/790/852 2388/817/852 2389/791/852
f 2387/790/852 2390/818/1249 2388/817/852
f 2387/790/852 2391/819/852 2390/818/1249
f 2390/818/1249 2391/819/852 2392/820/852
f 2390/818/1250 2393/603/927 2394/602/926
f 2390/818/1250 2395/820/1251 2393/603/927
f 2396/821/1252 2397/603/927 2395/820/1251
f 2398/821/1253 2399/822/1230 2397/603/927
f 2392/820/852 2400/823/852 2401/824/852
f 2392/820/852 2401/824/852 2402/825/852
f 2403/803/1254 2404/683/1100 2405/688/1255
f 2406/647/1256 2407/648/988 2408/788/1257
f 2409/735/1131 2410/826/1258 2411/827/1259
f 2409/735/1131 2411/827/1259 2412/734/1260
f 2413/733/1261 2414/735/1262 2412/734/1086
f 2413/733/1261 2412/734/1086 2415/736/1088
f 2416/737/595 2417/733/1261 2415/736/1089
f 2416/737/595 2415/736/1089 2418/738/1090
f 2419/739/525 2420/737/721 2418/738/1090
f 2419/739/525 2418/738/1090 2421/740/1263
f 2422/741/1264 2423/739/525 2421/740/1092
f 2422/741/1264 2421/740/1092 2424/742/1094
f 2425/743/521 2426/741/1265 2424/742/1095
f 2427/743/521 2424/742/1095 2428/744/1096
f 2429/745/518 2428/744/1096 2430/746/1098
f 2429/745/518 2431/743/1266 2428/744/1096
f 2432/828/1267 2433/714/1267 2434/829/1267
f 2435/828/1267 2436/715/1267 2437/714/1267
f 2438/830/1268 2439/817/1269 2440/831/1270
f 2441/749/1271 2442/832/1272 2443/833/1165
f 2441/749/1271 2443/833/1165 2444/748/1271
f 2445/834/1273 2444/748/1271 2443/833/1165
f 2445/834/1273 2446/747/1274 2444/748/1271
f 2447/691/1055 2446/747/1274 2445/834/1273
f 2447/691/1055 2448/690/1275 2446/747/1274
f 2449/835/1276 2450/836/852 2451/837/852
f 2452/838/1277 2453/839/852 2450/836/852
f 2454/840/1278 2451/837/852 2455/841/852
f 2455/841/852 2456/798/852 2457/842/1279
f 2456/798/852 2458/843/852 2457/842/1279
f 2453/839/852 2459/844/852 2460/830/852
f 2460/830/852 2459/844/852 2461/845/899
f 2460/830/852 2461/845/899 2462/846/899
f 2460/830/852 2462/846/899 2463/847/852
f 2463/847/852 2388/817/852 2460/830/852
f 2388/817/852 2463/847/852 2464/848/852
f 2388/817/852 2464/848/852 2389/791/852
f 2465/837/852 2466/849/1278 2467/835/1276
f 2468/841/1280 2469/850/1281 2470/840/1282
f 2471/842/1279 2472/851/1281 2473/841/852
f 2474/329/852 2475/332/852 2476/852/852
f 2476/852/852 2477/853/852 2474/329/852
f 2478/852/852 2479/854/852 2480/853/852
f 2481/855/852 2482/854/1280 2483/856/852
f 2483/856/852 2484/857/852 2481/855/852
f 2481/855/852 2484/857/852 2485/858/1283
f 2486/859/1284 2487/860/1285 2488/861/1286
f 2487/860/1285 2489/862/1287 2488/861/1286
f 2490/858/1283 2488/861/1288 2491/863/1289
f 2491/863/1289 2492/331/476 2493/330/474
f 2494/329/473 2491/863/1289 2493/330/474
f 2495/328/478 2496/332/1290 2494/329/473
f 2488/861/1288 2497/864/1291 2491/863/1289
f 2491/863/1289 2497/864/1291 2498/331/476
f 2499/865/1174 2498/331/476 2497/864/1291
f 2499/865/1174 2497/864/1291 2500/866/1292
f 2488/861/1288 2501/862/1287 2497/864/1291
f 2500/866/1292 2497/864/1291 2501/862/1287
f 2500/866/1292 2501/862/1287 2502/867/1293
f 2502/867/1293 2501/862/1287 2503/868/1294
f 2502/867/1293 2503/868/1294 2504/869/1179
f 2505/860/1285 2506/868/24 2501/862/1287
f 2507/865/1174 2508/299/423 2498/331/476
f 2507/865/1174 2509/300/424 2508/299/423
f 2510/870/1295 2511/871/852 2512/872/1296
f 2513/873/852 2512/872/1296 2511/871/852
f 2514/798/852 2515/825/852 2516/843/852
f 2517/820/852 2518/825/852 2519/798/852
f 2520/820/852 2521/874/852 2522/823/852
f 2523/819/852 2524/874/852 2525/820/852
f 2526/819/852 2527/790/852 2528/874/852
f 2529/839/852 2530/875/852 2531/844/852
f 2532/875/899 2533/839/899 2534/838/1276
f 2535/769/1297 2536/754/1298 2537/770/1299
f 2538/771/1300 2539/756/1301 2536/754/1302
f 2535/769/1297 2540/772/1303 2536/754/1298
f 2541/771/1300 2536/754/1298 2540/772/1303
f 2542/773/1304 2541/771/1300 2540/772/1303
f 2535/769/1297 2543/774/1298 2540/772/1303
f 2542/773/1304 2540/772/1303 2543/774/1298
f 2544/776/784 2542/773/1304 2543/774/1298
f 2535/769/1297 2545/775/1305 2543/774/1298
f 2544/776/784 2543/774/1298 2546/777/1306
f 2547/777/1306 2543/774/1298 2545/775/1305
f 2547/777/1306 2545/775/1305 2548/778/1245
f 2548/778/1245 2549/780/1307 2547/777/1306
f 2548/778/1245 2550/781/1308 2549/780/1307
f 2551/779/831 2552/776/784 2546/777/1306
f 2551/779/831 2546/777/1306 2553/780/1307
f 2554/782/1309 2551/779/831 2553/780/1307
f 2550/781/1308 2555/783/1310 2549/780/1307
f 2556/782/1311 2549/780/1307 2555/783/1310
f 2557/784/1312 2556/782/1311 2555/783/1310
f 2550/781/1308 2558/785/1299 2555/783/1310
f 2557/784/1312 2555/783/1310 2559/786/1313
f 2558/785/1299 2559/786/1313 2555/783/1310
f 2558/785/1299 2560/787/1299 2559/786/1313
f 2561/876/1314 2562/877/1314 2563/878/676
f 2561/876/1314 2564/879/1315 2562/877/1314
f 2561/876/1314 2565/880/1316 2564/879/1315
f 2561/876/1314 2566/881/1317 2565/880/1316
f 2561/876/1314 2567/882/1314 2566/881/1317
f 2568/883/1317 2562/877/1314 2564/879/1315
f 2568/883/1317 2569/884/1314 2562/877/1314
f 2569/884/1314 2568/883/1317 2570/885/1318
f 2569/884/1319 2571/886/1314 2572/887/676
f 2569/884/1319 2573/885/1320 2571/886/1314
f 2571/886/1314 2573/885/1320 2574/888/1321
f 2571/886/1314 2574/888/1321 2575/889/1314
f 2575/889/1314 2574/888/1321 2576/890/30
f 2575/889/1314 2576/890/30 2577/891/1322
f 2578/813/1234 2573/885/1320 2579/812/1237
f 2578/813/1234 2580/888/1323 2573/885/1320
f 2581/814/1324 2580/888/1323 2578/813/1234
f 2581/814/1324 2582/890/30 2580/888/1323
f 2579/812/1237 2573/885/1320 2583/883/1317
f 2579/812/1237 2583/883/1317 2584/811/1237
f 2585/810/1234 2584/811/1237 2583/883/1317
f 2585/810/1234 2583/883/1317 2586/879/1315
f 2585/810/1234 2586/879/1315 2587/880/1316
f 2585/810/1234 2587/880/1316 2588/808/1230
f 2588/808/1230 2587/880/1316 2589/881/1317
f 2588/808/1230 2589/881/1317 2590/809/1325
f 2591/892/1326 2592/72/1045 2593/413/1045
f 2593/413/1032 2594/893/1046 2595/894/1327
f 2596/895/1032 2595/894/1327 2594/893/1046
f 2596/895/1032 2597/896/1327 2595/894/1327
f 2595/894/1327 2597/896/1327 2598/897/233
f 2595/894/1327 2598/897/233 2599/898/1328
f 2600/750/1329 2601/660/1330 2602/657/967
f 2603/352/1331 2604/899/588 2605/353/1332
f 2606/900/676 2607/876/1333 2608/882/1333
f 2607/876/1333 2606/900/676 2609/878/676
f 2608/882/1333 2610/901/676 2606/900/676
f 2608/882/1333 2611/902/676 2610/901/676
f 2612/903/676 2613/877/1334 2609/878/676
f 2614/884/1333 2613/877/1334 2612/903/676
f 2612/903/676 2615/904/676 2614/884/1333
f 2614/884/1333 2615/904/676 2616/905/676
f 2614/884/1333 2616/905/676 2617/887/676
f 2618/906/676 2619/886/1333 2617/887/676
f 2619/886/1333 2618/906/676 2620/907/676
f 2620/907/676 2621/889/1333 2619/886/1333
f 2622/908/1335 2621/889/1333 2620/907/676
f 2623/891/1336 2621/889/1333 2622/908/1335
f 2624/909/1337 2625/910/1338 2626/911/1338
f 2627/909/1337 2628/912/1339 2629/910/1340
f 2630/713/1046 2631/715/1032 2632/714/1032
f 2630/713/1046 2632/714/1032 2633/712/1032
f 2634/711/1032 2630/713/1046 2633/712/1032
f 2634/711/1032 2633/712/1032 2635/710/1046
f 2636/709/1045 2634/711/1032 2635/710/1046
f 2636/709/1045 2635/710/1046 2637/708/1045
f 2638/706/1032 2636/709/1045 2637/708/1045
f 2638/706/1032 2637/708/1045 2639/707/1045
f 2638/706/1032 2639/707/1045 2640/705/1046
f 2638/706/1032 2640/705/1046 2641/704/1046
f 2642/702/999 2641/704/1046 2640/705/1046
f 2642/702/999 2643/703/1032 2641/704/1046
f 2644/701/1032 2643/703/1032 2642/702/999
f 2644/701/1032 2642/702/999 2645/700/1046
f 2646/699/1032 2644/701/1032 2645/700/1046
f 2646/699/1032 2645/700/1046 2647/698/1046
f 2648/697/1046 2646/699/1032 2647/698/1046
f 2648/697/1046 2647/698/1046 2649/696/1032
f 2650/694/1032 2648/697/1046 2649/696/1032
f 2650/694/1032 2649/696/1032 2651/695/1032
f 2652/808/1341 2653/770/1299 2654/809/1342
f 2652/808/1341 2655/769/1297 2653/770/1299
f 2652/808/1341 2656/775/1343 2655/769/1297
f 2652/808/1341 2657/810/1344 2656/775/1343
f 2656/775/1343 2657/810/1344 2658/811/1345
f 2656/775/1343 2658/811/1345 2659/778/1245
f 2658/811/1345 2660/781/1308 2659/778/1245
f 2658/811/1345 2661/812/1346 2660/781/1308
f 2661/812/1346 2662/785/1299 2660/781/1308
f 2661/812/1346 2663/813/1344 2662/785/1299
f 2663/813/1344 2664/787/1299 2662/785/1299
f 2663/813/1344 2665/814/1344 2664/787/1299
f 2666/882/1347 2667/901/676 2668/902/676
f 2669/900/676 2667/901/676 2666/882/1347
f 2666/882/1347 2670/876/1347 2669/900/676
f 2671/878/676 2669/900/676 2670/876/1347
f 2672/903/676 2671/878/676 2673/877/1347
f 2672/903/676 2673/877/1347 2674/884/1314
f 2674/884/1314 2675/904/676 2672/903/676
f 2674/884/1314 2676/905/676 2675/904/676
f 2677/887/676 2676/905/676 2674/884/1314
f 2678/906/676 2677/887/676 2679/886/1347
f 2680/907/676 2678/906/676 2679/886/1347
f 2679/886/1347 2681/889/1347 2680/907/676
f 2682/908/1335 2680/907/676 2681/889/1347
f 2682/908/1335 2681/889/1347 2683/891/1348
f 2684/750/1349 2685/657/967 2686/913/1350
f 2687/808/1341 2688/809/1351 2689/881/1352
f 2687/808/1341 2689/881/1352 2690/880/1353
f 2691/810/1344 2687/808/1341 2690/880/1353
f 2691/810/1344 2690/880/1353 2692/879/1354
f 2691/810/1344 2692/879/1354 2693/883/1352
f 2691/810/1344 2693/883/1352 2694/811/1346
f 2695/812/1346 2694/811/1346 2693/883/1352
f 2695/812/1346 2693/883/1352 2696/885/1355
f 2697/813/1344 2695/812/1346 2696/885/1355
f 2697/813/1344 2696/885/1355 2698/888/1356
f 2699/814/1357 2697/813/1344 2698/888/1356
f 2699/814/1357 2698/888/1356 2700/890/28
f 2701/886/1334 2702/888/1358 2696/885/1355
f 2703/884/1359 2701/886/1334 2696/885/1355
f 2704/887/676 2701/886/1334 2703/884/1359
f 2701/886/1334 2705/889/1334 2702/888/1358
f 2705/889/1334 2706/890/28 2702/888/1358
f 2705/889/1334 2707/891/1360 2706/890/28
f 2703/884/1334 2708/885/1361 2709/883/1362
f 2709/883/1362 2710/877/1334 2703/884/1334
f 2709/883/1362 2711/879/1354 2710/877/1334
f 2712/876/1334 2710/877/1334 2711/879/1354
f 2713/878/676 2710/877/1334 2712/876/1334
f 2712/876/1334 2711/879/1354 2714/880/1353
f 2712/876/1334 2714/880/1353 2715/881/1362
f 2712/876/1334 2715/881/1362 2716/882/1334
f 2717/892/1326 2718/43/1032 2719/46/1046
f 2717/892/1326 2719/46/1046 2720/49/1032
f 2717/892/1326 2720/49/1032 2721/72/1045
f 2722/413/1032 2723/894/1363 2717/892/1326
f 2717/892/1326 2723/894/1363 2724/898/1364
f 2725/763/1154 2726/762/1365 2727/761/1151
f 2725/763/1154 2728/914/1366 2726/762/1365
f 2729/730/1367 2730/915/1368 2731/916/1369
f 2732/731/1116 2729/730/1367 2731/916/1369
f 2732/731/1116 2731/916/1369 2733/721/1370
f 2734/588/1117 2732/731/1116 2733/721/1370
f 2734/588/1117 2733/721/1370 2735/720/1371
f 2113/590/1121 2734/588/1117 2735/720/1371
f 2113/590/1121 2735/720/1371 2736/592/1122
f 2737/592/1122 2738/720/1371 2739/751/1372
f 2737/592/1122 2739/751/1372 2740/600/1124
f 2741/56/1011 2742/668/1013 2743/539/1017
f 2744/142/168 2741/56/1011 2745/58/1011
f 2746/364/1373 2747/365/1018 2748/692/1226
f 2749/660/1046 2750/749/1032 2751/750/1032
f 2749/660/1046 2752/748/1032 2750/749/1032
f 2752/748/1032 2749/660/1046 2753/658/1046
f 2752/748/1032 2753/658/1046 2754/747/1045
f 2755/423/999 2754/747/1045 2753/658/1046
f 2755/423/999 2756/690/1047 2754/747/1045
f 2757/310/1047 2756/690/1047 2755/423/999
f 2757/310/1047 2758/470/1032 2756/690/1047
f 2759/273/1032 2758/470/1032 2757/310/1047
f 2759/273/1032 2760/334/1046 2758/470/1032
f 2761/246/1032 2760/334/1046 2759/273/1032
f 2761/246/1032 2762/279/1045 2760/334/1046
f 2763/242/1045 2762/279/1045 2761/246/1032
f 2763/242/1045 2764/238/1045 2762/279/1045
f 2763/242/1045 2765/240/1032 2764/238/1045
f 2766/598/1374 2767/768/1375 2768/599/1130
f 2766/598/1374 2769/689/1240 2767/768/1375
f 2770/358/1376 2771/359/1377 2772/667/1005
f 1847/664/1001 1846/518/1000 2773/655/1103
f 1847/664/1001 2773/655/1103 2774/757/1378
f 2774/757/1378 2773/655/1103 2775/656/1160
f 2774/757/1378 2775/656/1160 2776/758/1379
f 2776/758/1379 2775/656/1160 2777/663/1161
f 2776/758/1379 2777/663/1161 2778/759/1380
f 2778/759/1380 2777/663/1161 2779/682/1213
f 2778/759/1380 2779/682/1213 2780/760/1381
f 2781/665/1382 1847/664/1001 2782/757/1378
f 2781/665/1382 2783/757/1378 2784/761/1383
f 2785/761/1383 2783/757/1378 2786/758/1379
f 2785/761/1383 2786/758/1379 2787/762/1384
f 2788/665/1382 2785/761/1383 2789/763/1385
f 2790/762/1386 2791/759/1387 2792/758/1143
f 2790/762/1386 2793/917/1388 2791/759/1387
f 2794/364/1373 2795/804/1238 2796/363/1080
f 2797/122/1389 2798/118/124 2799/98/1390
f 2800/472/736 2801/123/1391 2797/122/1392
f 2802/852/852 2803/799/852 2804/854/852
f 2805/332/852 2806/266/852 2802/852/852
f 2806/266/852 2807/265/852 2802/852/852
f 2807/265/852 2808/528/852 2802/852/852
f 2807/265/852 2809/268/899 2808/528/852
f 2810/855/852 2811/853/852 2804/854/852
f 2812/329/852 2811/853/852 2810/855/852
f 2810/855/852 2813/918/852 2812/329/852
f 2814/858/1283 2815/918/1393 2810/855/852
f 2814/858/1283 2816/863/1289 2815/918/1393
f 2817/329/1394 2815/918/1393 2816/863/1289
f 2818/861/1288 2814/858/1395 2819/870/1295
f 2818/861/1288 2819/870/1295 2820/919/1396
f 2819/870/1295 2814/858/1395 2821/857/852
f 2822/872/852 2823/919/852 2819/870/1295
f 2821/857/852 2824/871/852 2819/870/1295
f 2825/920/852 2824/871/852 2821/857/852
f 2824/871/852 2825/920/852 2826/873/852
f 2821/857/852 2827/856/852 2825/920/852
f 2828/859/1284 2818/861/1288 2829/919/1397
f 2829/919/1397 2830/921/1398 2828/859/1284
f 2831/521/1399 2832/753/356 2833/752/1400
f 2834/521/1045 2835/187/1045 2836/183/1033
f 2837/521/1032 2838/752/1032 2839/187/1032
f 2840/304/1401 2841/526/843 2842/687/1402
f 2843/684/1403 2840/304/1401 2842/687/1402
f 2843/684/1403 2844/686/1404 2845/685/1405
f 2843/684/1403 2846/687/1402 2844/686/1404
f 2847/352/1331 2848/922/1406 2849/899/1407
f 2847/352/1331 2850/358/1376 2851/922/1406
f 2852/828/1408 2853/714/1408 2854/715/1408
f 2852/828/1408 2855/829/1408 2856/714/1408
f 2857/689/1409 2858/923/1410 2859/815/1411
f 2857/689/1409 2860/768/1412 2858/923/1410
f 2861/727/1075 2862/924/1413 2863/729/1077
f 2861/727/1075 2864/925/1414 2862/924/1413
f 2865/691/1222 2866/747/1415 2867/690/1416
f 2865/691/1222 2868/834/1417 2866/747/1415
f 2868/834/1417 2869/748/1418 2866/747/1415
f 2868/834/1417 2870/833/1419 2869/748/1418
f 2871/749/1418 2869/748/1418 2870/833/1419
f 2872/749/1418 2870/833/1299 2873/832/1352
f 2874/926/1420 2875/927/1421 2876/928/1422
f 2877/750/1423 2878/657/1424 2879/660/1425
f 2880/751/1134 2881/815/1243 2882/929/1426
f 2880/751/1134 2882/929/1426 2883/816/1427
f 2884/600/1124 2885/751/1372 2886/815/1428
f 2884/600/1124 2886/815/1428 2887/689/1240
f 2888/919/1397 2889/42/1429 2890/921/1398
f 2891/776/1430 2892/773/1431 2893/930/424
f 2892/773/1432 2894/931/434 2895/932/436
f 2896/933/852 2897/934/1433 2898/935/1434
f 2899/936/1435 2900/934/1433 2901/933/852
f 2902/937/1436 2903/936/1435 2904/933/852
f 2905/938/1437 2906/937/1438 2907/933/852
f 2908/939/1439 2909/938/1440 2910/933/852
f 2911/940/1441 2908/939/1439 2910/933/852
f 2912/941/1442 2911/940/1441 2910/933/852
f 2913/942/1443 2912/941/1442 2910/933/852
f 2910/933/852 2914/943/1444 2913/942/1443
f 2910/933/852 2915/944/1445 2914/943/1444
f 2916/945/1446 2915/944/1445 2910/933/852
f 2917/946/1447 2916/945/1446 2910/933/852
f 2918/947/1448 2917/946/1447 2910/933/852
f 2910/933/852 2919/935/1434 2918/947/1448
f 2920/948/1449 2918/947/1448 2919/935/1434
f 2920/948/1449 2921/949/1450 2918/947/1448
f 2922/950/825 2923/944/1445 2924/945/1451
f 2925/950/825 2926/951/1452 2927/944/1445
f 2928/750/1423 2929/913/1453 2930/657/1056
f 2931/720/1371 2932/721/1370 2933/816/1454
f 2931/720/1371 2933/816/1454 2934/751/1455
f 2935/157/1456 2936/353/1332 2937/409/1457
f 2938/647/1182 2939/952/1458 2940/788/1459
f 2941/953/1460 2942/803/1214 2943/683/1035
f 2944/776/1461 2945/930/493 2946/773/1462
f 2946/773/1463 2947/932/1464 2948/931/302
f 2949/954/1465 2950/955/1466 2951/956/1467
f 2952/763/1468 2953/761/1383 2954/762/1469
f 2952/763/1468 2954/762/1469 2955/914/1470
f 2956/914/1366 2957/917/1471 2958/762/1365
f 2956/914/1366 2959/957/1472 2957/917/1471
f 2960/958/1473 2961/959/1474 2962/44/1475
f 2963/892/1326 2962/44/1475 2964/43/1032
f 2965/960/1032 2966/961/1032 2967/958/1032
f 2965/960/1032 2968/962/1032 2966/961/1032
f 2968/962/1032 2965/960/1032 2969/963/1032
f 2968/962/1032 2969/963/1032 2970/964/1032
f 2971/965/1476 2972/400/1476 2973/966/1032
f 2972/400/1476 2971/965/1476 2974/398/1032
f 2975/967/235 2976/968/235 2977/969/235
f 2978/643/1477 2979/642/1478 2980/645/689
f 2981/970/1032 2982/971/1032 2983/972/1032
f 2981/970/1032 2983/972/1032 2984/973/1032
f 2981/970/1032 2984/973/1032 2985/974/1032
f 2981/970/1032 2985/974/1032 2986/975/1032
f 2981/970/1032 2986/975/1032 2987/976/1032
f 2981/970/1032 2987/976/1032 2988/977/1032
f 2989/978/1475 2981/970/1032 2988/977/1032
f 2989/978/1475 2988/977/1032 2990/979/1032
f 2989/978/1475 2990/979/1032 2991/980/1032
f 2989/978/1475 2991/980/1032 2992/981/1032
f 2989/978/1475 2992/981/1032 2993/982/1479
f 2989/978/1475 2993/982/1479 2994/983/1032
f 2989/978/1475 2994/983/1032 2995/984/1032
f 2995/984/1032 2996/985/1032 2989/978/1475
f 2997/986/1032 2989/978/1475 2996/985/1032
f 2997/986/1032 2996/985/1032 2998/926/1046
f 2999/987/1341 2989/978/1475 3000/988/1480
f 3001/987/1481 3000/988/1480 3002/989/1341
f 3003/990/1475 2989/978/1475 2997/986/1032
f 2998/926/1046 3003/990/1475 2997/986/1032
f 3003/990/1475 3004/988/1480 2989/978/1475
f 3003/990/1475 3005/991/1482 3004/988/1480
f 3006/992/1483 3007/988/1480 3005/991/1482
f 2998/926/1046 3008/956/1032 3003/990/1475
f 2998/926/1046 3009/928/1032 3008/956/1032
f 3008/956/1032 3009/928/1032 3010/993/1032
f 3008/956/1032 3010/993/1032 3011/994/1032
f 3011/994/1032 3012/954/1032 3008/956/1032
f 3012/954/1032 3011/994/1032 3013/995/1046
f 3012/954/1032 3013/995/1046 3014/996/1032
f 3012/954/1032 3014/996/1032 3015/997/1032
f 3016/998/1032 3012/954/1032 3015/997/1032
f 3016/998/1032 3015/997/1032 3017/999/1032
f 3016/998/1032 3017/999/1032 3018/1000/1032
f 3018/1000/1032 3019/1001/1032 3016/998/1032
f 3020/1001/1032 3021/1002/1032 3016/998/1032
f 3020/1001/1032 3022/1003/1032 3021/1002/1032
f 3023/1004/1032 3024/1005/1032 3025/1006/1032
f 3023/1004/1032 3026/1007/1032 3024/1005/1032
f 3023/1004/1032 3027/1008/1476 3026/1007/1032
f 3023/1004/1032 3028/1009/1476 3027/1008/1476
f 3029/1010/1032 3030/1011/1032 3031/1012/1032
f 3029/1010/1032 3032/1013/1476 3030/1011/1032
f 3029/1010/1032 3033/1014/1476 3032/1013/1476
f 3034/1010/1484 3035/1015/1484 3036/1014/1484
f 3037/965/1032 3038/1016/1032 3039/1017/1032
f 3037/965/1032 3040/966/1032 3038/1016/1032
f 3041/398/1032 3037/965/1032 3042/283/1032
f 3042/283/1032 3037/965/1032 3043/284/1032
f 3043/284/1032 3037/965/1032 3044/1018/1485
f 3043/284/1032 3044/1018/1485 3045/285/1032
f 3045/285/1032 3044/1018/1485 3046/232/1486
f 3047/1019/1487 3048/232/301 3044/1018/1488
f 3047/1019/1487 3049/230/1489 3048/232/301
f 3050/1020/1032 3051/1021/1032 3052/1022/1032
f 3050/1020/1032 3053/1023/1032 3051/1021/1032
f 3050/1020/1032 3054/1024/1484 3053/1023/1032
f 3050/1020/1032 3055/1025/1484 3054/1024/1484
f 3056/1026/1032 3057/1027/1032 3058/1028/1032
f 3059/1026/1032 3060/1029/1032 3061/1027/1032
f 3059/1026/1032 3062/1030/1484 3060/1029/1032
f 3059/1026/1032 3063/1031/1032 3062/1030/1484
f 3064/1032/1032 3065/1033/1032 3066/1034/1032
f 3064/1032/1032 3067/1035/1032 3065/1033/1032
f 3064/1032/1032 3068/1036/1484 3067/1035/1032
f 3064/1032/1032 3069/1037/1484 3068/1036/1484
f 3070/1038/1032 3071/1039/1032 3072/1040/1032
f 3070/1038/1032 3073/1041/1032 3071/1039/1032
f 3074/1042/1032 3075/1043/1032 3076/1044/1032
f 3074/1042/1032 3077/1045/1032 3075/1043/1032
f 3078/1046/1032 3079/1047/1032 3080/1048/1032
f 3078/1046/1032 3081/1049/1032 3079/1047/1032
f 3082/1050/1032 3083/1051/1032 3084/1052/1032
f 3082/1050/1032 3085/1053/1032 3083/1051/1032
f 3086/1054/1032 3087/1055/1032 3088/1056/1032
f 3086/1054/1032 3089/1057/1032 3087/1055/1032
f 3086/1054/1032 3090/1058/1032 3091/1059/1032
f 3086/1054/1032 3091/1059/1032 3092/1057/1032
f 3093/917/1490 3094/760/1491 3095/759/1145
f 3094/760/1491 3093/917/1490 3096/1060/1492
f 3094/760/1491 3096/1060/1492 3097/1061/1493
f 3098/1062/1252 3099/771/1494 3100/756/1495
f 3098/1062/1252 3100/756/1495 3101/1063/1230
f 3102/1064/768 3099/771/1494 3098/1062/1252
f 3102/1064/768 3103/773/1496 3099/771/1494
f 3103/773/1496 3102/1064/768 3104/1065/288
f 3103/773/1496 3104/1065/288 3105/931/1497
f 3103/773/1431 3106/932/436 3107/930/424
f 3108/967/1498 3109/1066/211 3110/968/211
f 3109/1066/211 3111/1067/211 3110/968/211
f 3109/1066/211 3112/1068/211 3111/1067/211
f 3112/1068/211 3113/1069/235 3111/1067/211
f 3112/1068/211 3114/1070/211 3113/1069/235
f 3114/1070/211 3115/1071/211 3113/1069/235
f 3114/1070/211 3116/1072/1499 3115/1071/211
f 3116/1072/1499 3117/1073/1500 3115/1071/211
f 3116/1072/1499 3118/1074/1500 3117/1073/1500
f 3117/1073/1500 3118/1074/1500 3119/1075/1501
f 3117/1073/1500 3119/1075/1501 3120/1076/1502
f 3121/762/1503 3122/759/1504 3123/917/1505
f 3121/762/1503 3124/758/1379 3122/759/1504
f 3125/1077/471 3126/1078/1506 3127/1079/1507
f 3125/1077/471 3128/1080/1508 3126/1078/1506
f 3129/1081/531 3128/1080/1509 3130/1077/1510
f 3129/1081/531 3131/1082/1511 3128/1080/1509
f 3132/1083/764 3131/1082/1511 3133/1081/1512
f 3132/1083/764 3134/1084/1513 3131/1082/1511
f 3135/1085/1030 3134/1084/1514 3136/1083/764
f 3135/1085/1030 3137/1086/1515 3134/1084/1514
f 3138/953/1516 3139/683/1100 3140/803/1517
f 3141/693/1518 3142/587/1519 3143/373/1520
f 3144/1087/1521 3145/958/1473 3146/961/1522
f 3144/1087/1521 3146/961/1522 3147/1021/1522
f 3148/1088/1523 3145/958/1473 3144/1087/1521
f 3145/958/1473 3148/1088/1523 3149/959/1474
f 3150/1062/1341 3151/756/1524 3152/771/1525
f 3150/1062/1341 3153/1063/1341 3151/756/1524
f 3154/1064/1526 3150/1062/1341 3152/771/1525
f 3154/1064/1526 3152/771/1525 3155/773/1462
f 3155/773/1462 3156/1065/299 3154/1064/1526
f 3155/773/1462 3157/931/1527 3156/1065/299
f 3155/773/1528 3158/930/493 3159/932/1529
f 3160/647/1256 3161/788/1530 3162/952/1531
f 3163/689/1532 3164/923/1533 3165/768/1534
f 3163/689/1532 3166/815/1428 3164/923/1533
f 3167/1089/675 3168/1022/675 3169/961/1522
f 3170/1090/1535 3171/1028/1535 3172/1021/1536
f 3173/1091/1537 3174/400/1537 3175/1005/1537
f 3176/1092/1538 3177/1034/1538 3178/1011/1538
f 3179/727/1112 3180/924/1539 3181/925/1540
f 3179/727/1112 3182/729/1541 3180/924/1539
f 3183/1093/1542 3184/1094/1543 3185/1095/1543
f 3183/1093/1542 3186/1096/1544 3184/1094/1543
f 3187/1097/1543 3183/1093/1542 3185/1095/1543
f 3187/1097/1543 3185/1095/1543 3188/1098/1545
f 3187/1097/1543 3188/1098/1545 3189/1099/1546
f 3187/1097/1543 3190/1100/1544 3183/1093/1542
f 3186/1096/1544 3183/1093/1542 3191/1101/1547
f 3191/1101/1547 3183/1093/1542 3190/1100/1544
f 3186/1096/1544 3191/1101/1547 3192/1102/1548
f 3192/1102/1548 3191/1101/1547 3193/1103/1549
f 3191/1101/1547 3190/1100/1544 3194/1104/1550
f 3195/1105/1551 3193/1103/1549 3191/1101/1547
f 3196/1106/1552 3191/1101/1547 3194/1104/1550
f 3196/1106/1552 3194/1104/1550 3197/1107/1552
f 3195/1105/1551 3191/1101/1547 3198/1108/1553
f 3199/1109/1554 3196/1106/1552 3197/1107/1552
f 3199/1109/1554 3198/1108/1553 3196/1106/1552
f 3200/1110/1555 3195/1105/1551 3198/1108/1553
f 3199/1109/1554 3200/1110/1555 3198/1108/1553
f 3200/1110/1555 3201/1111/1556 3195/1105/1551
f 3199/1109/1554 3202/1112/1556 3200/1110/1555
f 3201/1111/1556 3200/1110/1555 3203/1113/1032
f 3203/1113/1032 3200/1110/1555 3202/1112/1556
f 3201/1111/1556 3203/1113/1032 3204/1114/1032
f 3203/1113/1032 3202/1112/1556 3205/1115/1032
f 3206/1116/1557 3203/1113/1032 3205/1115/1032
f 3206/1116/1557 3207/1117/1557 3203/1113/1032
f 3206/1116/1557 3208/1118/1558 3207/1117/1557
f 3208/1118/1558 3209/1119/1557 3207/1117/1557
f 3206/1116/1557 3210/1120/1559 3208/1118/1558
f 3208/1118/1558 3211/1121/1560 3209/1119/1557
f 3212/1122/1561 3208/1118/1558 3210/1120/1559
f 3211/1121/1560 3208/1118/1558 3212/1122/1561
f 3211/1121/1560 3212/1122/1561 3213/1123/1562
f 3212/1122/1561 3210/1120/1559 3214/1124/1561
f 3215/1125/211 3213/1123/1562 3212/1122/1561
f 3216/1126/1563 3212/1122/1561 3214/1124/1561
f 3215/1125/211 3212/1122/1561 3217/1127/211
f 3216/1126/1563 3217/1127/211 3212/1122/1561
f 3218/1128/235 3215/1125/211 3217/1127/211
f 3219/1129/211 3217/1127/211 3216/1126/1563
f 3218/1128/235 3217/1127/211 3220/1130/235
f 3219/1129/211 3220/1130/235 3217/1127/211
f 3221/1131/211 3218/1128/235 3220/1130/235
f 3222/1132/211 3220/1130/235 3219/1129/211
f 3221/1131/211 3220/1130/235 3223/1133/211
f 3222/1132/211 3223/1133/211 3220/1130/235
f 3224/1134/211 3221/1131/211 3223/1133/211
f 3225/1135/235 3223/1133/211 3222/1132/211
f 3224/1134/211 3223/1133/211 3226/1136/235
f 3225/1135/235 3226/1136/235 3223/1133/211
f 3224/1134/211 3226/1136/235 3227/1137/211
f 3226/1136/235 3225/1135/235 3228/1138/235
f 3227/1137/211 3226/1136/235 3228/1138/235
f 3229/44/1475 3230/1139/1475 3145/958/1473
f 3231/892/1326 3230/1139/1475 3229/44/1475
f 3231/892/1326 3232/898/233 3233/1140/1364
f 3147/1021/1522 3234/1027/1537 3235/1141/1522
f 3236/400/1564 3235/1141/1536 3237/1005/1537
f 3238/1033/1522 3237/1005/1537 3235/1141/1536
f 3239/1142/1538 3240/1006/1538 3238/1033/1522
f 3241/1012/1537 3238/1033/1522 3235/1141/1536
f 3242/1143/1538 3241/1012/1538 3234/1027/1538
f 3234/1027/1538 3241/1012/1538 3243/1141/1522
f 3241/1012/1538 3244/1011/1485 3245/1034/1565
f 3241/1012/1538 3245/1034/1565 3246/1033/1536
f 3247/400/576 3248/399/1566 3243/1141/1536
f 3249/397/570 3247/400/1567 3250/398/1568
f 3243/1141/1536 3248/399/1566 3251/401/1569
f 3243/1141/1536 3251/401/1569 3252/520/832
f 3253/490/784 3252/520/832 3251/401/1569
f 3254/1087/1570 3243/1141/1536 3255/520/1571
f 3254/1087/1570 3256/1021/1522 3243/1141/1536
f 3257/961/1536 3258/1022/1572 3256/1021/1536
f 3259/1144/1573 3254/1087/1570 3260/795/1574
f 3261/1088/1575 3254/1087/1570 3259/1144/1573
f 3259/1144/1573 3262/795/1576 3263/794/9
f 3254/1087/1521 3264/520/832 3265/795/1574
f 3266/519/1577 3265/795/1574 3264/520/832
f 3267/519/1577 3268/793/1192 3265/795/1194
f 3269/1145/852 3270/1146/852 3271/1147/852
f 3269/1145/852 3271/1147/852 3272/1148/1578
f 3272/1148/1578 3273/1149/1579 3269/1145/852
f 3274/1150/852 3269/1145/852 3275/1151/854
f 3276/491/787 3277/1152/1580 3275/1151/854
f 3275/1151/854 3278/684/1581 3276/491/787
f 3276/491/787 3278/684/1581 3279/304/1043
f 3280/643/939 3281/645/1582 3282/642/443
f 3283/751/1372 3284/816/1583 3285/929/1584
f 3283/751/1372 3285/929/1584 3286/815/1585
f 3287/212/1586 3288/174/1587 3289/179/1588
f 3290/815/1411 3291/1153/1589 3292/929/1590
f 3290/815/1411 3293/923/1591 3291/1153/1589
f 3294/925/1592 3295/1154/1593 3296/1155/1594
f 3294/925/1592 3296/1155/1594 3297/924/1413
f 3298/643/1477 3299/639/1208 3300/642/444
f 3301/1156/1595 3302/1157/1596 3303/1158/1597
f 3302/1157/1596 3304/755/1138 3303/1158/1597
f 3305/1159/1598 3306/1063/1599 3304/755/1600
f 3307/756/1601 3304/755/1600 3306/1063/1599
f 3308/1149/1602 3309/1151/854 3310/1145/899
f 3311/1149/1579 3312/685/1040 3313/1151/854
f 3314/684/1039 3315/1151/854 3316/685/1603
f 3317/953/1460 3318/683/1035 3319/1160/1604
f 3320/1161/1605 3321/1162/1606 3322/1163/1607
f 3320/1161/1605 3323/1164/1608 3321/1162/1606
f 3324/1165/1609 3323/1164/1608 3325/1161/1610
f 3324/1165/1609 3326/1166/1611 3323/1164/1608
f 3327/1167/1612 3328/1168/1613 3326/1166/1611
f 3327/1167/1612 3326/1166/1611 3329/1165/1609
f 3330/1169/1614 3331/1167/1615 3329/1165/1609
f 3330/1169/1614 3329/1165/1609 3332/1170/1616
f 3333/816/1248 3334/1167/1615 3330/1169/1617
f 3333/816/1248 3335/929/1618 3334/1167/1615
f 3332/1170/1616 3329/1165/1609 3336/1161/1605
f 3332/1170/1616 3336/1161/1605 3337/1171/1619
f 3337/1171/1619 3336/1161/1605 3338/1163/1607
f 3337/1171/1619 3338/1163/1607 3339/1172/1620
f 3339/1172/1620 3340/1154/1621 3341/925/1414
f 3339/1172/1620 3342/1163/1622 3340/1154/1621
f 3343/915/1623 3332/1170/1616 3337/1171/1619
f 3344/916/1624 3332/1170/1616 3343/915/1623
f 3344/916/1624 3345/1169/1625 3332/1170/1616
f 3346/721/1626 3347/816/1248 3345/1169/1617
f 3346/721/1626 3345/1169/1617 3348/916/1627
f 3343/915/1623 3337/1171/1619 2045/723/1071
f 2045/723/1071 3337/1171/1619 3349/1172/1620
f 2045/723/1071 3349/1172/1620 3350/725/1073
f 3351/725/1073 3349/1172/1620 3352/925/1628
f 3351/725/1073 3352/925/1628 3353/727/1075
f 2044/722/1070 3343/915/1623 2045/723/1071
f 3354/730/1629 3343/915/1623 2044/722/1070
f 3354/730/1629 3355/916/1627 3343/915/1623
f 3356/731/1079 3355/916/1627 3354/730/1629
f 3356/731/1079 2042/721/1069 3355/916/1627
f 2040/588/909 2042/721/1069 3356/731/1079
f 3357/1173/1337 3358/1174/949 3359/1175/949
f 3360/1173/1630 3361/1176/1631 3362/1174/949
f 3363/1177/1632 3364/1178/1633 3365/1179/1634
f 3366/1179/1634 3367/1178/1633 3368/1177/1632
f 3369/1180/1635 3370/1181/1636 3371/1182/1637
f 3369/1180/1635 3372/1183/1638 3370/1181/1636
f 3373/908/1639 3374/1184/676 3375/891/1336
f 3376/922/1406 3377/358/1640 3378/667/1641
f 3379/1185/1642 3380/1182/1637 3381/1186/1643
f 3382/1187/1644 3383/1188/1645 3384/1189/925
f 3385/1156/1646 3386/1158/1647 3387/1157/1648
f 3387/1157/1648 3386/1158/1647 3388/755/1649
f 3389/1159/1650 3388/755/1246 3390/1063/1651
f 3391/756/1652 3390/1063/1651 3388/755/1246
f 3392/1190/1653 3393/1191/1654 3394/1192/1655
f 3392/1190/1653 3395/1193/1656 3393/1191/1654
f 3392/1190/1653 3396/1194/1657 3395/1193/1656
f 3392/1190/1653 3397/1195/1658 3396/1194/1657
f 3397/1195/1658 3398/1196/1659 3396/1194/1657
f 3399/1197/1660 3398/1196/1659 3397/1195/1658
f 3398/1196/1659 3400/1198/1661 3396/1194/1657
f 3401/1199/1662 3398/1196/1659 3399/1197/1660
f 3398/1196/1659 3402/1200/1663 3400/1198/1661
f 3403/1201/1664 3398/1196/1659 3401/1199/1662
f 3398/1196/1659 3404/1202/1665 3402/1200/1663
f 3405/1203/1666 3398/1196/1659 3403/1201/1664
f 3404/1202/1665 3398/1196/1659 3406/1204/1667
f 3406/1204/1667 3398/1196/1659 3407/1205/1668
f 3407/1205/1668 3398/1196/1659 3408/1206/1669
f 3408/1206/1669 3398/1196/1659 3409/1207/1670
f 3409/1207/1670 3398/1196/1659 3410/1208/1671
f 3410/1208/1671 3398/1196/1659 3411/1209/1672
f 3411/1209/1672 3398/1196/1659 3412/1210/1673
f 3412/1210/1673 3398/1196/1659 3413/1211/1674
f 3413/1211/1674 3398/1196/1659 3414/1212/1675
f 3414/1212/1675 3398/1196/1659 3415/1213/1676
f 3398/1196/1659 3416/1214/1001 3415/1213/1676
f 3417/1215/1677 3398/1196/1659 3405/1203/1666
f 3398/1196/1659 3417/1215/1677 3416/1214/1001
f 3418/1216/1678 3416/1214/1001 3417/1215/1677
f 3418/1216/1678 3417/1215/1677 3419/1217/1679
f 3418/1216/1678 3419/1217/1679 3420/1218/1680
f 3421/914/1681 3422/762/1682 3423/917/1505
f 3421/914/1681 3423/917/1505 3424/957/1683
f 3425/953/1516 3426/1160/1684 3427/683/1100
f 3428/760/1381 3429/1061/1685 3430/1060/1686
f 3431/917/1505 3432/759/1687 3428/760/1381
f 3428/760/1381 3433/1060/1686 3431/917/1505
f 3434/1185/1688 3435/1186/1689 3436/1182/1690
f 3437/820/1691 3438/798/899 3439/1219/1692
f 3440/466/1693 3441/465/1044 3442/1220/1042
f 3443/1221/1694 3444/533/1694 3445/532/1694
f 3443/1221/1694 3446/1222/1694 3444/533/1694
f 3447/1180/1695 3448/1181/1696 3449/1183/1697
f 3447/1180/1695 3450/1182/1698 3448/1181/1696
f 3451/1187/1644 3452/1189/1699 3453/1188/1700
f 3454/1221/1701 3455/533/1694 3456/1222/1694
f 3454/1221/1701 3457/532/1694 3455/533/1694
f 3458/1223/1702 3459/499/1702 3460/500/1702
f 3458/1223/1702 3461/1224/1702 3459/499/1702
f 3462/1223/1702 3463/499/1702 3464/1224/1702
f 3462/1223/1702 3465/500/1702 3463/499/1702
f 3466/957/1472 3467/1060/1492 3468/917/1471
f 3466/957/1472 3469/828/1703 3467/1060/1492
f 3470/1061/1704 3467/1060/1492 3469/828/1703
f 3470/1061/1704 3469/828/1703 3471/1225/1705
f 3470/1061/1704 3471/1225/1705 3472/1226/1706
f 3473/828/1703 3474/829/1707 3471/1225/1705
f 3475/530/1708 3476/1227/1708 3477/1228/1708
f 3475/530/1708 3478/529/1708 3476/1227/1708
f 3479/1229/1709 3480/1230/1709 3481/496/1709
f 3482/530/1708 3483/1227/1708 3484/529/1708
f 3482/530/1708 3485/1228/1708 3483/1227/1708
f 3486/1229/1709 3487/496/1709 3488/1230/1709
f 3489/1229/1709 3490/497/1709 3491/496/1710
f 3492/1231/1711 3493/1086/1712 3494/1232/1713
f 3492/1231/1711 3495/1085/1714 3493/1086/1712
f 3496/1085/1715 3497/1084/1514 3493/1086/1515
f 3496/1085/1715 3498/1083/796 3497/1084/1514
f 3499/1083/796 3500/1082/1511 3497/1084/1716
f 3499/1083/796 3501/1081/1717 3500/1082/1511
f 3502/1081/1718 3503/1080/1509 3500/1082/1719
f 3502/1081/1718 3504/1077/519 3503/1080/1509
f 3505/1077/519 3506/1078/1506 3503/1080/1509
f 3505/1077/519 3507/1079/518 3506/1078/1506
f 3508/1229/1709 3509/496/1709 3510/497/1709
f 3511/1233/1720 3512/893/1721 3513/413/1722
f 3514/466/1723 3515/1220/1724 3516/465/843
f 3517/202/1725 3518/138/1726 3519/129/1727
f 3520/643/939 3521/642/443 3522/639/937
f 3523/514/1728 3524/513/1728 3525/1234/1728
f 3526/1235/676 3527/1236/1729 3528/1237/676
f 3526/1235/676 3529/1238/676 3527/1236/1729
f 3530/1235/676 3531/1236/1729 3532/1238/676
f 3530/1235/676 3533/1237/676 3531/1236/1729
f 3534/1239/1644 3535/1240/1730 3536/1241/1731
f 3537/1242/676 3536/1241/676 3538/1243/676
f 3539/1244/1732 3538/1243/1732 3540/1245/1732
f 3541/1244/676 3542/1245/676 3543/1243/676
f 3543/1243/676 3544/1241/676 3545/1242/676
f 3546/1241/1733 3547/1240/1729 3548/1239/1644
f 3549/514/1728 3550/1234/1734 3551/513/1734
f 3552/1246/1735 3553/504/1736 3554/502/1737
f 3552/1246/1735 3555/1247/1736 3553/504/1736
f 3556/1248/1738 3557/511/1738 3558/505/1738
f 3556/1248/1738 3559/1249/1738 3557/511/1738
f 3560/1250/1739 3561/1251/1740 3562/1252/1739
f 3563/1246/1741 3564/504/1736 3565/1247/1736
f 3563/1246/1741 3566/502/1736 3564/504/1736
f 3567/1248/1738 3568/511/1738 3569/1249/1738
f 3567/1248/1738 3570/505/1738 3568/511/1738
f 3571/1253/1742 3572/1254/1743 3573/1156/1595
f 3574/1255/1744 3575/953/1745 3576/1160/1746
f 3577/815/1585 3578/929/1584 3579/1153/1747
f 3577/815/1585 3579/1153/1747 3580/923/1748
f 3581/1250/1749 3582/1252/1750 3583/1251/1749
f 3584/1242/676 3585/1244/676 3586/1243/676
f 3587/925/1751 3588/1155/1752 3589/1154/1753
f 3587/925/1751 3590/924/1539 3588/1155/1752
f 3591/1256/1754 3592/1257/1754 3593/1258/1754
f 3594/929/1590 3595/1168/1613 3596/1167/1615
f 3594/929/1590 3597/1153/1755 3595/1168/1613
f 3598/1259/1067 3599/1260/1067 3600/1261/1067
f 3601/1259/1067 3602/1262/1067 3603/1260/1067
f 3604/1253/1756 3605/1156/1646 3606/1254/1757
f 3607/1243/676 3608/1244/676 3609/1242/676
f 3610/1255/1758 3611/1160/1684 3612/953/1759
f 3613/304/1760 3614/684/1403 3615/491/1761
f 3616/1151/1033 3615/491/1761 3614/684/1403
f 3616/1151/1033 3617/1152/1762 3615/491/1761
f 3618/1150/1032 3616/1151/1033 3619/1145/1032
f 3619/1145/1032 3620/1147/1032 3621/1146/1032
f 3622/1148/1763 3619/1145/1046 3623/1149/1764
f 3619/1145/1046 3622/1148/1763 3624/1147/1032
f 3625/891/1322 3626/1184/1765 3627/908/1335
f 3628/1256/1766 3629/1258/1766 3630/1257/1766
f 3631/1064/768 3632/1062/1252 3633/1263/1767
f 3631/1064/768 3633/1263/1767 3634/1264/766
f 3635/1064/1526 3636/1263/1768 3637/1062/1769
f 3635/1064/1526 3638/1264/1770 3636/1263/1768
f 3639/770/1771 3640/1158/1597 3641/754/1772
f 3642/1265/1157 3643/1266/1157 3644/1267/1157
f 3645/1165/1773 3646/1164/1774 3647/1166/1775
f 3645/1165/1773 3648/1161/1776 3646/1164/1774
f 3649/1167/1777 3647/1166/1778 3650/1168/1779
f 3649/1167/1777 3651/1165/1780 3647/1166/1778
f 3652/1161/1781 3653/1162/1782 3646/1164/1774
f 3652/1161/1781 3654/1163/1783 3653/1162/1782
f 3655/1169/1784 3651/1165/1773 3656/1167/1785
f 3655/1169/1784 3657/1170/1786 3651/1165/1773
f 3658/816/1787 3655/1169/1788 3659/1167/1777
f 3658/816/1787 3659/1167/1777 3660/929/1789
f 3657/1170/1786 3661/1161/1790 3651/1165/1773
f 3657/1170/1786 3662/1171/1791 3661/1161/1790
f 3662/1171/1791 3663/1163/1783 3661/1161/1790
f 3662/1171/1791 3664/1172/1792 3663/1163/1783
f 3664/1172/1792 3665/1154/1753 3666/1163/1783
f 3664/1172/1792 3667/925/1793 3665/1154/1753
f 2730/915/1368 3662/1171/1791 3657/1170/1786
f 3668/916/1369 2730/915/1368 3657/1170/1786
f 3668/916/1369 3657/1170/1786 3669/1169/1784
f 3670/721/1794 3669/1169/1788 3671/816/1787
f 3670/721/1794 3672/916/1369 3669/1169/1788
f 2730/915/1368 2099/723/1109 3662/1171/1791
f 2099/723/1109 3673/1172/1792 3662/1171/1791
f 2099/723/1109 3674/725/1795 3673/1172/1792
f 3675/725/1110 3676/925/1793 3673/1172/1792
f 3675/725/1110 3677/727/1112 3676/925/1793
f 2097/722/1107 2099/723/1109 2730/915/1368
f 2729/730/1367 2097/722/1107 2730/915/1368
f 3678/1265/1157 3679/1267/1157 3680/1268/1157
f 3681/688/1796 3682/1269/1796 3683/1270/1796
f 3681/688/1796 3684/803/1797 3682/1269/1796
f 3685/684/1403 3686/685/1798 3687/1151/1799
f 3688/1149/1764 3689/1151/1033 3690/685/1405
f 3691/1149/1764 3692/1145/1046 3693/1151/1033
f 3694/688/1796 3695/1269/1796 3696/803/1797
f 3694/688/1796 3697/1270/1796 3695/1269/1796
f 3698/828/1800 3699/1225/1801 3700/829/1802
f 3701/1061/1803 3702/1226/1804 3699/1225/1801
f 3701/1061/1803 3699/1225/1801 3703/828/1800
f 3701/1061/1803 3703/828/1800 3704/1060/1686
f 3705/957/1683 3704/1060/1686 3703/828/1800
f 3705/957/1683 3706/917/1805 3704/1060/1686
f 3707/1226/1806 3708/1225/1705 3709/829/1707
f 3707/1226/1806 3709/829/1707 3710/1271/1807
f 3707/1226/1806 3710/1271/1807 3711/1272/1808
f 3712/1154/1809 3710/1271/1807 3709/829/1707
f 3712/1154/1809 3709/829/1707 3713/1155/1810
f 3714/1273/1811 3715/1274/1632 3716/1275/1812
f 3716/1275/1813 3717/1274/1632 3718/1179/1729
f 3719/1177/1632 3716/1275/1814 3720/1179/1729
f 3721/1181/1636 3716/1275/1812 3722/1177/1632
f 3722/1177/1632 3723/1276/1632 3721/1181/1636
f 3723/1276/1632 3722/1177/1632 3724/1178/1633
f 3721/1181/1636 3723/1276/1632 3725/1182/1815
f 3724/1178/1633 3726/1277/1816 3723/1276/1632
f 3725/1182/1815 3723/1276/1632 3726/1277/1816
f 3726/1277/1816 3727/1186/1817 3725/1182/1815
f 3728/1275/1812 3729/1179/1729 3730/1274/1632
f 3731/1273/1811 3728/1275/1812 3732/1274/1632
f 3733/1177/1632 3734/1179/1634 3728/1275/1812
f 3735/1177/1632 3728/1275/1812 3736/1181/1696
f 3736/1181/1696 3737/1276/1632 3735/1177/1632
f 3738/1178/1633 3735/1177/1632 3737/1276/1632
f 3736/1181/1696 3739/1182/1690 3737/1276/1632
f 3737/1276/1632 3740/1277/1816 3738/1178/1633
f 3740/1277/1816 3737/1276/1632 3739/1182/1690
f 3739/1182/1690 3741/1186/1689 3740/1277/1816
f 3742/770/1818 3743/754/1819 3744/1158/1647
f 3745/1278/1732 3746/1279/1732 3747/1280/674
f 3745/1278/1732 3748/1281/676 3746/1279/1732
f 3749/1282/1820 3746/1279/1732 3748/1281/676
f 3745/1278/1732 3747/1280/674 3750/1283/676
f 3750/1283/676 3751/1284/1821 3745/1278/1732
f 3747/1280/674 3752/1285/676 3750/1283/676
f 3749/1282/1820 3753/1286/1765 3746/1279/1732
f 3749/1282/1820 3754/1287/1821 3753/1286/1765
f 3749/1282/1820 3755/1288/1765 3754/1287/1821
f 3755/1288/1765 3756/1289/676 3754/1287/1821
f 3755/1288/1765 3757/1290/676 3756/1289/676
f 3757/1290/676 3758/1188/1700 3756/1289/676
f 3757/1290/676 3759/1187/1644 3758/1188/1700
f 3760/1290/676 3761/1188/1645 3762/1187/1644
f 3760/1290/676 3763/1289/676 3761/1188/1645
f 3764/1288/1822 3763/1289/676 3760/1290/676
f 3764/1288/1822 3765/1287/1821 3763/1289/676
f 3766/1282/1823 3765/1287/1821 3764/1288/1822
f 3766/1282/1823 3767/1286/1822 3765/1287/1821
f 3766/1282/1823 3768/1279/1824 3767/1286/1822
f 3766/1282/1823 3769/1281/676 3768/1279/1824
f 3770/1278/1825 3768/1279/1824 3769/1281/676
f 3770/1278/1825 3771/1280/674 3768/1279/1824
f 3772/1283/1821 3771/1280/674 3770/1278/1825
f 3771/1280/674 3772/1283/1821 3773/1285/676
f 3770/1278/1825 3774/1284/1821 3772/1283/1821
f 3775/978/1826 3776/1291/1827 3777/970/1826
f 3778/1292/1828 3779/1293/1828 3780/1250/1828
f 3780/1250/1828 3779/1293/1828 3781/1251/1829
f 3782/929/1584 3783/1167/1777 3784/1168/1779
f 3782/929/1584 3784/1168/1779 3785/1153/1747
f 3786/1294/1830 3787/1253/1831 3788/1295/1832
f 3789/1292/1833 3790/1250/1833 3791/1293/1833
f 3790/1250/1833 3792/1251/1834 3791/1293/1833
f 3793/1163/1622 3794/1162/1606 3795/1272/1808
f 3793/1163/1622 3795/1272/1808 3796/1271/1835
f 3793/1163/1622 3796/1271/1835 3797/1154/1621
f 3798/1294/1836 3799/1295/1837 3800/1253/1838
f 3801/1296/1839 3802/1297/1840 3803/1298/1841
f 3804/1299/1842 3805/1258/1843 3806/1300/1844
f 3807/1301/1845 3808/1302/1846 3809/1303/1845
f 3810/1301/1845 3811/1304/950 3808/1302/1846
f 3812/882/1847 3813/881/1848 3814/1295/1849
f 3815/809/1850 3816/1253/1756 3814/1295/1849
f 3816/1253/1838 3817/1254/1757 3818/1305/1851
f 3819/1294/1852 3816/1253/1838 3818/1305/1851
f 3820/1306/1853 3814/1295/1837 3819/1294/1836
f 3820/1306/1853 3821/1297/1854 3814/1295/1837
f 3822/1156/1855 3823/1157/1856 3817/1254/1757
f 3823/1157/1856 3824/755/1857 3825/1159/1650
f 3826/754/1819 3824/755/1649 3827/1158/1647
f 3820/1306/1853 3828/1307/1841 3829/1298/1841
f 3829/1298/1841 3830/1297/1840 3820/1306/1853
f 3830/1297/1854 3831/1296/1858 3832/1308/1859
f 3833/1296/1839 3834/1298/1841 3835/1297/1860
f 3836/1297/1861 3837/1308/1859 3838/1296/1858
f 3839/1306/1862 3836/1297/1860 3840/1298/1841
f 3840/1298/1841 3841/1307/1863 3839/1306/1862
f 3839/1306/1862 3842/1295/1832 3843/1297/1860
f 3839/1306/1862 3844/1294/1830 3842/1295/1832
f 3845/882/1847 3842/1295/1864 3846/881/1865
f 3847/809/1866 3842/1295/1867 3848/1253/1831
f 3844/1294/1868 3849/1305/1851 3848/1253/1831
f 3848/1253/1831 3849/1305/1851 3850/1254/1743
f 3851/1156/1869 3850/1254/1743 3852/1157/1870
f 3852/1157/1870 3853/1159/1598 3854/755/1871
f 3855/754/1772 3856/1158/1597 3854/755/1872
f 3857/1309/1873 3858/1310/1873 3859/1311/1873
f 3857/1309/1873 3860/1312/1874 3858/1310/1873
f 3861/1309/1875 3862/1310/1875 3863/1312/1876
f 3861/1309/1875 3864/1311/1875 3862/1310/1875
f 3865/1299/1877 3866/1300/1877 3867/1258/1877
f 3868/1226/1878 3869/1272/1879 3870/1271/1880
f 3868/1226/1878 3870/1271/1880 3871/829/1802
f 3868/1226/1878 3871/829/1802 3872/1225/1801
f 3873/1154/1753 3871/829/1802 3870/1271/1880
f 3873/1154/1753 3874/1155/1881 3871/829/1802
f 3875/1256/1882 3876/1258/1882 3877/1299/1882
f 3878/1313/1883 3879/1314/769 3880/1315/1884
f 3878/1313/1883 3881/1316/1885 3879/1314/769
f 3882/466/1693 3883/1220/1042 3884/1317/1886
f 3885/1256/1887 3886/1299/1887 3887/1258/1887
f 3888/212/1888 3889/188/228 3890/174/1889
f 3891/466/1723 3892/1317/1890 3893/1220/1402
f 3894/1292/1891 3895/1318/1891 3896/1293/1892
f 3897/1311/1893 3895/1318/1891 3894/1292/1891
f 3897/1311/1893 3898/1310/1894 3895/1318/1891
f 3899/1311/1895 3900/1318/1896 3901/1310/1897
f 3899/1311/1895 3902/1292/1895 3900/1318/1896
f 3902/1292/1895 3903/1293/1898 3900/1318/1896
f 3904/1319/1899 3905/1320/1899 3906/1321/1900
f 3904/1319/1899 3907/1300/1892 3905/1320/1899
f 3908/1299/1901 3907/1300/1892 3904/1319/1899
f 3909/1299/1902 3910/1319/1903 3911/1300/1898
f 3910/1319/1903 3912/1320/1903 3911/1300/1898
f 3910/1319/1903 3913/1321/1903 3912/1320/1903
f 3914/1322/1904 3915/1312/1905 3916/1309/1906
f 3914/1322/1904 3917/1323/1904 3915/1312/1905
f 3918/1324/1905 3917/1323/1904 3914/1322/1904
f 3918/1324/1905 3919/1325/1904 3917/1323/1904
f 3920/539/890 3921/671/890 3922/1326/890
f 3923/1324/1907 3924/1323/1908 3925/1325/1908
f 3923/1324/1907 3926/1322/1909 3924/1323/1908
f 3926/1322/1909 3927/1312/1907 3924/1323/1908
f 3926/1322/1909 3928/1309/1907 3927/1312/1907
f 3929/1163/1910 3930/1272/1911 3931/1162/1912
f 3929/1163/1910 3932/1271/1880 3930/1272/1911
f 3929/1163/1910 3933/1154/1753 3932/1271/1880
f 3934/1326/890 3935/538/890 3936/539/890
f 3935/538/892 3937/805/1913 3938/56/1914
f 3939/1255/1915 3940/1327/1915 3941/953/1915
f 3942/1255/1915 3943/953/1915 3944/1327/1915
f 3945/1321/1916 3946/1325/1916 3947/1324/1916
f 3945/1321/1916 3948/1320/1917 3946/1325/1916
f 3949/1187/1644 3950/1328/1480 3951/1189/1699
f 3952/1321/1918 3953/1325/1918 3954/1320/1919
f 3952/1321/1918 3955/1324/1920 3953/1325/1918
f 3956/1187/1644 3957/1189/925 3958/1328/927
f 3959/202/1921 3960/129/1727 3961/197/1922
f 3962/1329/1923 3963/1330/1924 3964/1331/1925
f 3964/1331/1925 3965/1332/1926 3962/1329/1923
f 3965/1332/1926 3966/1333/1927 3962/1329/1923
f 3967/1334/1269 3963/1330/1924 3962/1329/1923
f 3967/1334/1269 3968/1335/1250 3963/1330/1924
f 3969/1334/1467 3970/1330/1928 3971/1335/676
f 3969/1334/1467 3972/1329/1929 3970/1330/1928
f 3973/1331/1925 3970/1330/1928 3972/1329/1929
f 3972/1329/1929 3974/1332/1821 3973/1331/1925
f 3974/1332/1821 3972/1329/1929 3975/1333/1927
f 3976/1336/211 3977/1337/1930 3978/1338/211
f 3976/1336/211 3979/1339/211 3977/1337/1930
f 3980/1340/211 3981/1341/211 3982/1342/211
f 3980/1340/211 3983/1343/211 3981/1341/211
f 3984/1336/211 3985/1337/1930 3986/1339/211
f 3984/1336/211 3987/1338/211 3985/1337/1930
f 3988/1340/211 3989/1341/211 3990/1343/211
f 3988/1340/211 3991/1342/211 3992/1341/211
f 3993/1344/382 3994/1345/1931 3995/1346/1932
f 3996/1347/1933 3997/1317/1886 3998/1220/1934
f 3999/893/1721 4000/1348/1720 4001/895/1720
f 3999/893/1721 4002/1233/1720 4000/1348/1720
f 4003/72/61 4004/48/44 4005/1349/1935
f 4006/1350/1845 4007/1351/1936 4008/1352/1937
f 4009/1350/1845 4010/1353/950 4011/1351/1846
f 4012/1347/1938 4013/1220/1724 4014/1317/1890
f 4015/1347/1933 4016/1220/1042 4017/1354/1041
f 4018/1347/1938 4019/1354/1939 4020/1220/1402
f 4021/1344/1940 4022/1346/1941 4023/1345/369
f 4024/809/1866 4025/1156/1942 4026/770/1943
f 4027/412/601 4028/72/61 4029/1349/1935
f 4030/809/1850 4031/770/1818 4032/1156/1944
f 4033/1241/1765 4034/1242/1820 4035/1239/1644
f 4036/1239/1644 4037/1242/1820 4038/1241/1765
f 4039/1233/1721 4040/413/1945 4041/412/1946
f 4042/1355/1066 4043/1356/1067 4044/1357/1066
f 4042/1355/1066 4045/1358/1066 4043/1356/1067
f 4046/1359/211 4047/1360/211 4048/1361/211
f 4046/1359/211 4049/1362/211 4047/1360/211
f 4050/1363/211 4051/1364/211 4052/1365/1947
f 4050/1363/211 4053/1366/235 4051/1364/211
f 4054/1367/1948 4055/1314/1949 4056/1316/1949
f 4054/1367/1948 4056/1316/1949 4057/797/1950
f 4057/797/1950 4058/799/1948 4054/1367/1948
f 4059/1359/211 4060/1360/211 4061/1362/211
f 4059/1359/211 4062/1361/211 4060/1360/211
f 4063/1363/211 4064/1364/211 4065/1366/211
f 4066/1363/1951 4067/1365/1951 4068/1364/1951
f 4069/1354/1041 4070/1368/1952 4071/1347/1933
f 4072/1369/1953 4073/1370/1205 4074/1371/444
f 4075/1372/734 4076/1373/1954 4077/1374/1955
f 4075/1372/734 4078/1375/1956 4076/1373/1954
f 4079/1376/1957 4078/1375/1958 4080/1372/734
f 4079/1376/1957 4081/1377/1928 4078/1375/1958
f 4082/1378/1273 4081/1377/1928 4083/1376/1959
f 4082/1378/1273 4084/1379/676 4081/1377/1928
f 4082/1378/1273 4085/1380/1820 4084/1379/676
f 4082/1378/1273 4086/1381/1232 4085/1380/1820
f 4085/1380/1820 4086/1381/1232 4087/1382/1317
f 4085/1380/1820 4087/1382/1317 4088/1383/676
f 4089/1384/447 4090/1385/630 4091/1386/1960
f 4089/1384/447 4091/1386/1960 4092/1387/1961
f 4093/1388/1962 4094/1387/619 4091/1386/1960
f 4093/1388/1962 4095/1389/978 4094/1387/619
f 4093/1388/1963 4096/1390/967 4097/1389/969
f 4093/1388/1963 4098/1391/1964 4096/1390/967
f 4099/1392/1965 4100/1390/967 4098/1391/1966
f 4099/1392/1965 4101/1393/1967 4100/1390/967
f 4102/1394/1158 4103/1395/1158 4104/1396/1158
f 4102/1394/1158 4105/1397/1157 4103/1395/1158
f 4106/1354/1968 4107/1347/1938 4108/1368/1969
f 4109/1392/1965 4110/1390/1424 4111/1393/1453
f 4109/1392/1965 4112/1391/1970 4110/1390/1424
f 4113/1388/1963 4114/1390/1424 4112/1391/1964
f 4113/1388/1963 4115/1389/1971 4114/1390/1424
f 4113/1388/1962 4116/1387/1972 4117/1389/1971
f 4113/1388/1962 4118/1386/1960 4116/1387/1972
f 4119/1384/1973 4118/1386/1960 4120/1385/630
f 4119/1384/1973 4121/1387/1974 4118/1386/1960
f 4122/1380/676 4123/1383/676 4124/1382/1352
f 4122/1380/676 4124/1382/1352 4125/1381/1975
f 4126/1378/1417 4122/1380/676 4125/1381/1975
f 4126/1378/1417 4127/1379/676 4122/1380/676
f 4126/1378/1417 4128/1377/1928 4127/1379/676
f 4126/1378/1417 4129/1376/1976 4128/1377/1928
f 4130/1376/1976 4131/1375/1958 4128/1377/1928
f 4130/1376/1976 4132/1372/839 4131/1375/1958
f 4133/1372/839 4134/1373/1954 4131/1375/1956
f 4133/1372/839 4135/1374/548 4134/1373/1954
f 4136/1383/1977 4137/1398/1978 4138/1399/1979
f 4136/1383/1977 4139/1400/1980 4137/1398/1978
f 4140/1383/1981 4141/1398/1744 4142/1400/1982
f 4140/1383/1981 4143/1399/1979 4141/1398/1744
f 4144/1344/382 4145/1346/1932 4146/1401/1983
f 4147/770/1984 4148/1158/1985 4149/1156/1855
f 4150/770/1986 4151/1156/1987 4152/1158/1988
f 4153/809/1989 4154/1253/1831 4155/1156/1942
f 4156/809/1990 4157/1156/1944 4158/1253/1838
f 4159/1402/676 4160/1403/676 4161/1404/676
f 4162/1405/674 4163/1406/1820 4164/1407/1824
f 4162/1405/674 4165/1408/676 4163/1406/1820
f 4166/1402/676 4167/1403/676 4168/1409/676
f 4166/1402/676 4169/1404/676 4167/1403/676
f 4170/1344/1991 4171/1401/1992 4172/1346/1941
f 4173/1369/1953 4174/1410/1993 4175/1370/1205
f 4176/1405/674 4177/1406/1820 4178/1408/676
f 4176/1405/674 4179/1407/1732 4177/1406/1820
f 4180/1402/676 4181/1409/676 4182/1403/676
f 4183/1411/949 4184/1412/949 4185/1413/1994
f 4186/1411/949 4187/1414/1340 4188/1412/1340
f 4187/1414/1340 4186/1411/949 4189/1415/1994
f 4187/1414/1340 4189/1415/1994 4190/1416/1995
f 4191/1417/1768 4190/1416/1995 4189/1415/1994
f 4191/1417/1768 4192/1418/1996 4190/1416/1995
f 4193/809/1989 4194/881/1865 4195/1295/1867
f 4196/1419/1579 4197/1235/1997 4198/1237/1998
f 4196/1419/1579 4198/1237/1998 4199/1420/1999
f 4200/1421/2000 4196/1419/1579 4199/1420/1999
f 4201/1421/1603 4199/1420/2001 4202/1368/2002
f 4203/1354/1041 4204/1421/2003 4202/1368/1952
f 4205/1419/1764 4206/1237/2004 4207/1235/2005
f 4205/1419/1764 4208/1420/1999 4206/1237/2004
f 4209/1421/2006 4208/1420/1999 4205/1419/1764
f 4210/1421/1798 4211/1368/2007 4208/1420/2001
f 4212/1354/2008 4211/1368/2009 4213/1421/1405
f 4214/809/1990 4215/1295/2010 4216/881/1848
f 4217/1369/2011 4218/1371/443 4219/1370/940
f 4220/1422/211 4221/1423/211 4222/1424/211
f 4220/1422/211 4223/1425/211 4221/1423/211
f 4224/523/234 4225/1426/234 4226/524/234
f 4227/1422/211 4228/1423/211 4229/1425/211
f 4227/1422/211 4230/1424/211 4231/1423/211
f 4232/523/234 4233/524/234 4234/1426/234
f 4235/1427/2012 4236/1428/2013 4237/1429/2014
f 4235/1427/2012 4237/1429/2014 4238/1430/2015
f 4239/42/2016 4240/919/1397 4241/872/2017
f 4242/142/168 4239/42/2016 4241/872/2017
f 4243/1185/1688 4244/1180/1465 4245/1431/2018
f 4246/1185/382 4247/1431/2019 4248/1180/1268
f 4249/1308/1859 4250/1297/1861 4251/882/1847
f 4252/882/1847 4250/1297/1861 4253/1295/1867
f 4252/882/1847 4254/902/1859 4255/1308/1859
f 4256/1308/1859 4257/902/1859 4258/882/1847
f 4258/882/1847 4259/1295/1849 4260/1297/1854
f 4261/882/2020 4260/1297/1854 4262/1308/1859
f 4263/1432/2021 4264/290/407 4265/1433/2022
f 4266/1369/2011 4267/1370/673 4268/1410/2023
f 4269/1434/2024 4270/1435/2025 4271/1436/676
f 4269/1434/2024 4272/1437/2026 4270/1435/2025
f 4273/1434/2027 4274/1435/2028 4275/1437/2026
f 4273/1434/2027 4276/1436/2026 4274/1435/2028
f 4277/1438/676 4278/1439/1765 4279/1440/676
f 4277/1438/676 4280/1441/2025 4278/1439/1765
f 4281/1438/2026 4282/1439/676 4283/1441/2028
f 4284/1438/676 4285/1440/676 4286/1439/676
f 4287/1442/2029 4288/1345/381 4289/752/445
f 4290/1185/382 4291/1180/1268 4292/1182/1815
f 4293/1185/1991 4294/1182/1698 4295/1180/2030
f 4296/1443/235 4297/1444/211 4298/1445/211
f 4296/1443/235 4299/1446/211 4297/1444/211
f 4300/1447/211 4301/1448/211 4302/1449/211
f 4300/1447/211 4303/1450/2031 4301/1448/211
f 4304/1443/211 4305/1444/211 4306/1446/211
f 4304/1443/211 4307/1445/211 4305/1444/211
f 4308/1447/211 4309/1448/211 4310/1450/211
f 4311/1447/211 4312/1449/211 4313/1448/211
f 4314/1091/1937 4315/1451/1937 4316/1452/2032
f 4317/1091/2033 4318/1452/2033 4319/400/2033
f 4320/1442/2029 4321/1346/1932 4322/1345/317
f 4323/1091/1845 4324/1453/1845 4325/1451/1845
f 4326/1442/2034 4327/752/543 4328/1345/369
f 4329/1454/676 4330/1455/676 4331/1456/676
f 4329/1454/676 4332/1457/676 4330/1455/676
f 4333/1458/676 4334/1459/1820 4335/1460/1820
f 4333/1458/676 4336/1461/676 4334/1459/1820
f 4337/1454/676 4338/1455/676 4339/1457/676
f 4340/1454/676 4341/1456/676 4342/1455/676
f 4343/1458/676 4344/1459/1820 4345/1461/676
f 4343/1458/676 4346/1460/1820 4344/1459/1820
f 4347/1462/211 4348/1463/209 4349/1464/2035
f 4347/1462/211 4350/1465/2035 4348/1463/209
f 4351/1466/211 4352/1467/211 4353/1468/211
f 4351/1466/211 4354/1469/211 4352/1467/211
f 4355/1462/211 4356/1463/209 4357/1465/2035
f 4355/1462/211 4358/1464/2035 4356/1463/209
f 4359/1466/211 4360/1467/211 4361/1469/211
f 4362/1466/211 4363/1468/211 4364/1467/211
f 4365/1470/2036 4366/952/1458 4367/1471/2037
f 4368/1472/1067 4369/1473/1067 4370/1474/1067
f 4368/1472/1067 4371/1475/1067 4369/1473/1067
f 4372/1442/2038 4373/1345/420 4374/1346/1941
f 4375/1474/1157 4376/1475/1157 4377/1473/1157
f 4378/1470/2039 4379/1471/2040 4380/952/2041
f 4381/1474/1157 4382/1472/1157 4383/1475/1157
f 4384/1476/1755 4385/1477/2042 4386/1478/2043
f 4384/1476/1755 4387/1479/2044 4385/1477/2042
f 4388/1480/1591 4387/1479/2044 4389/1476/2045
f 4388/1480/1591 4390/1481/2046 4387/1479/2044
f 4391/1482/2047 4390/1481/2046 4392/1480/1410
f 4391/1482/2047 4393/1483/2048 4390/1481/2046
f 4394/826/920 4393/1483/2049 4395/1482/1412
f 4394/826/920 4396/827/1259 4393/1483/2049
f 4397/735/2050 2067/734/1260 4396/827/1259
f 4397/735/2050 4396/827/1259 4398/826/2051
f 4399/1484/676 4400/1485/676 4401/1486/676
f 4399/1484/676 4402/1487/676 4400/1485/676
f 4403/1488/676 4404/1489/1825 4405/1490/676
f 4403/1488/676 4406/1491/676 4404/1489/1825
f 4407/1484/676 4408/1485/676 4409/1487/676
f 4410/1484/676 4411/1486/676 4412/1485/676
f 4413/1488/676 4414/1489/2052 4415/1491/676
f 4413/1488/676 4416/1490/676 4414/1489/2052
f 4417/1142/1994 4418/1492/1994 4419/1493/2032
f 4420/407/2053 4421/694/2053 4422/341/2053
f 4420/407/2053 4423/695/2053 4421/694/2053
f 4424/1470/2036 4425/788/1183 4426/952/1458
f 4427/1142/2033 4428/1493/2033 4429/1006/2033
f 4430/1470/2039 4431/952/2041 4432/788/1530
f 4433/1142/1994 4434/1494/1994 4435/1492/1994
f 4436/187/2054 4437/1442/2055 4438/752/1135
f 4439/1495/1928 4440/1496/2056 4441/1497/2057
f 4439/1495/1928 4442/1498/2056 4440/1496/2056
f 4439/1495/1928 4443/1499/2057 4442/1498/2056
f 4443/1499/2057 4439/1495/1928 4444/1500/2058
f 4444/1500/2058 4445/1501/2057 4443/1499/2057
f 4443/1499/2057 4445/1501/2057 4446/1502/2059
f 4447/1503/2060 4443/1499/2057 4446/1502/2059
f 4448/1504/1201 4443/1499/2057 4447/1503/2060
f 4449/1505/211 4450/1506/209 4451/1507/209
f 4449/1505/211 4452/1508/235 4450/1506/209
f 4453/1509/211 4454/1510/235 4455/1511/211
f 4453/1509/211 4456/1512/2031 4454/1510/235
f 4457/1499/2057 4458/1502/2059 4459/1501/2057
f 4460/1503/2060 4458/1502/2059 4457/1499/2057
f 4461/1504/1201 4460/1503/2060 4457/1499/2057
f 4457/1499/2057 4459/1501/2057 4462/1500/2061
f 4462/1500/2061 4463/1495/2062 4457/1499/2057
f 4463/1495/2062 4464/1498/2056 4457/1499/2057
f 4463/1495/2062 4465/1496/2057 4464/1498/2056
f 4463/1495/2062 4466/1497/2063 4465/1496/2057
f 4466/1497/2063 4463/1495/2062 4467/1513/1250
f 4466/1497/2063 4468/1514/925 4469/1515/1201
f 4466/1497/2063 4470/1513/1250 4471/1516/2064
f 4466/1497/2063 4471/1516/2064 4472/1514/2065
f 4473/1505/211 4474/1506/209 4475/1508/234
f 4473/1505/211 4476/1507/209 4474/1506/209
f 4477/1509/2031 4478/1510/2031 4479/1512/2031
f 4480/1509/211 4481/1511/211 4482/1510/211
f 4483/1497/2057 4484/1513/2066 4485/1495/2057
f 4483/1497/2057 4486/1516/2067 4484/1513/2066
f 4483/1497/2057 4487/1514/2068 4486/1516/2067
f 4483/1497/2057 4488/1515/1201 4489/1514/2069
f 4490/407/2070 4491/694/2070 4492/695/2071
f 4490/407/2070 4493/341/2070 4491/694/2070
f 4494/1517/2072 4495/1410/2073 4496/1369/1953
f 4494/1517/2072 4496/1369/1953 4497/1518/2074
f 4498/1476/2075 4499/1478/2076 4500/1477/2042
f 4498/1476/2075 4500/1477/2042 4501/1479/2077
f 4502/1480/1533 4503/1476/2075 4501/1479/2044
f 4502/1480/1533 4501/1479/2044 4504/1481/2078
f 4505/1482/2079 4506/1480/1748 4504/1481/2046
f 4505/1482/2079 4504/1481/2046 4507/1483/2048
f 4508/826/1130 4509/1482/2080 4507/1483/2049
f 4508/826/1130 4507/1483/2049 2411/827/1259
f 4510/1231/1146 3137/1086/1712 4511/1085/2081
f 4510/1231/1146 4512/1232/1713 3137/1086/1712
f 4513/1519/1147 4512/1232/1713 4514/1231/2082
f 4513/1519/1147 4515/1520/2083 4512/1232/1713
f 4516/1521/1493 4515/1520/2083 4517/1519/1491
f 4516/1521/1493 4518/1522/2084 4515/1520/2083
f 4519/1523/1806 4518/1522/2085 4520/1521/1704
f 4519/1523/1806 4521/1524/2086 4518/1522/2085
f 4522/1525/2087 4523/1526/2088 4521/1524/2089
f 4522/1525/2087 4521/1524/2089 4524/1523/1706
f 4525/1527/676 4526/1528/2090 4527/1529/676
f 4525/1527/676 4528/1530/676 4526/1528/2090
f 4529/1531/676 4530/1532/676 4531/1533/676
f 4529/1531/676 4532/1534/676 4530/1532/676
f 4533/1527/676 4534/1528/2090 4535/1530/676
f 4533/1527/676 4536/1529/676 4534/1528/2090
f 4537/1531/676 4538/1532/676 4539/1534/676
f 4540/1531/676 4541/1533/676 4538/1532/676
f 4542/187/2091 4543/752/543 4544/1442/2092
f 4545/1535/211 4546/1536/211 4547/1537/211
f 4545/1535/211 4548/1538/211 4546/1536/211
f 4549/1535/211 4550/1536/211 4551/1538/211
f 4552/1535/211 4553/1537/211 4554/1536/211
f 4555/1539/211 4556/1540/211 4557/1541/211
f 4555/1539/211 4558/1542/211 4556/1540/211
f 4559/1539/211 4560/1540/211 4561/1542/211
f 4559/1539/211 4562/1541/211 4560/1540/211
f 4563/1543/2093 4564/1544/2093 4565/1545/2093
f 4566/1092/1994 4567/1546/1994 4568/1547/2032
f 4569/1543/2094 4570/1545/2094 4571/1544/2094
f 4572/1092/2033 4573/1547/2033 4574/1034/2033
f 4575/1517/2095 4576/1518/897 4577/1369/2011
f 4575/1517/2095 4577/1369/2011 4578/1410/2096
f 4579/1519/1381 3494/1232/1713 4580/1520/2083
f 4579/1519/1381 4581/1231/2097 3494/1232/1713
f 4582/1521/1685 4583/1519/2098 4580/1520/2099
f 4582/1521/1685 4580/1520/2099 4584/1522/2084
f 4585/1523/1878 4586/1521/1803 4584/1522/2084
f 4585/1523/1878 4584/1522/2084 4587/1524/2089
f 4588/1525/2100 4589/1523/1878 4587/1524/2089
f 4588/1525/2100 4587/1524/2089 4590/1526/2088
f 4591/1092/1994 4592/1548/1994 4593/1546/1994
f 4594/1549/2101 4595/1550/2101 4596/1551/2101
f 4594/1549/2101 4597/1552/2101 4595/1550/2101
f 4595/1550/2101 4597/1552/2101 4598/1553/2101
f 4595/1550/2101 4599/1554/2101 4600/1555/2102
f 4601/1550/2101 4602/1555/2102 4603/1554/2101
f 4604/1549/2101 4605/1551/2101 4601/1550/2101
f 4604/1549/2101 4601/1550/2101 4606/1552/2103
f 4607/1553/2101 4606/1552/2103 4601/1550/2101
f 4608/1556/676 4609/1557/1765 4610/1558/2104
f 4608/1556/676 4611/1559/676 4609/1557/1765
f 4612/1556/676 4613/1557/676 4614/1559/676
f 4615/1556/1765 4616/1558/1765 4617/1557/1765
f 4618/1560/2105 4619/1561/2106 4620/1562/2106
f 4618/1560/2105 4621/1563/2105 4619/1561/2106
f 4622/1560/2105 4623/1561/2105 4624/1563/2105
f 4625/1560/2105 4626/1562/2106 4627/1561/2105
f 4628/1564/2107 4629/1565/2108 4630/1566/1979
f 4628/1564/2107 4631/1567/2108 4629/1565/2108
f 4632/1564/2109 4633/1565/2108 4634/1567/2108
f 4632/1564/2109 4635/1566/1979 4633/1565/2108
f 4636/1568/2110 4637/1569/2111 4638/1570/1420
f 4639/1137/2112 4640/1138/2112 4641/1571/2112
f 4642/1572/2031 4643/1573/211 4644/1574/211
f 4642/1572/2031 4645/1575/211 4643/1573/211
f 4646/1576/211 4647/1577/211 4648/1578/211
f 4646/1576/211 4649/1579/235 4647/1577/211
f 4650/1572/235 4651/1573/211 4652/1575/211
f 4650/1572/235 4653/1574/211 4651/1573/211
f 4654/1576/2031 4655/1577/2031 4656/1579/2031
f 4657/1576/211 4658/1578/211 4659/1577/211
f 4660/1580/1201 4661/1581/1201 4662/1582/1201
f 4660/1580/1201 4662/1582/1201 4663/1583/1201
f 4664/1584/1201 4660/1580/1201 4663/1583/1201
f 4664/1584/1201 4663/1583/1201 4665/1585/1201
f 4666/1586/1201 4664/1584/1201 4665/1585/1201
f 4666/1586/1201 4665/1585/1201 4667/1587/1201
f 4668/1588/1201 4666/1586/1201 4667/1587/1201
f 4668/1588/1201 4667/1587/1201 4669/1589/1201
f 4668/1588/1201 4669/1589/1201 4670/1590/1201
f 4668/1588/1201 4670/1590/1201 4671/1591/1201
f 4672/1592/1201 4671/1591/1201 4670/1590/1201
f 4672/1592/1201 4670/1590/1201 4673/1593/1201
f 4674/1594/1201 4672/1592/1201 4673/1593/1201
f 4673/1593/1201 4675/1595/1201 4674/1594/1201
f 4673/1593/1201 4676/1596/1201 4675/1595/1201
f 4677/1593/1201 4678/1595/1201 4679/1596/1201
f 4680/1594/1201 4678/1595/1201 4677/1593/1201
f 4677/1593/1201 4681/1592/1201 4680/1594/1201
f 4681/1592/1201 4677/1593/1201 4682/1590/1201
f 4681/1592/1201 4682/1590/1201 4683/1591/1201
f 4684/1588/1201 4683/1591/1201 4682/1590/1201
f 4684/1588/1201 4682/1590/1201 4685/1589/1201
f 4684/1588/1201 4685/1589/1201 4686/1587/1201
f 4684/1588/1201 4686/1587/1201 4687/1586/1201
f 4687/1586/1201 4686/1587/1201 4688/1585/1201
f 4687/1586/1201 4688/1585/1201 4689/1584/1201
f 4689/1584/1201 4688/1585/1201 4690/1583/1201
f 4689/1584/1201 4690/1583/1201 4691/1580/2113
f 4691/1580/2113 4690/1583/1201 4692/1582/1201
f 4691/1580/2113 4692/1582/1201 4693/1581/1201
f 4694/1597/1227 4695/1598/1653 4696/1599/1655
f 4694/1597/1227 4696/1599/1655 4697/1600/632
f 4696/1599/1655 4698/1601/2114 4699/1600/632
f 4696/1599/1655 4700/1602/1654 4698/1601/2114
f 4700/1602/2115 4701/1603/2116 4702/1570/1420
f 4703/1568/2117 4702/1570/1420 4701/1603/2116
f 4703/1568/1657 4704/1604/2118 4705/1569/2111
f 4705/1569/2111 4704/1604/2118 4706/1605/2119
f 4705/1569/2111 4706/1605/2119 4707/1606/2120
f 4707/1606/2120 4706/1605/2119 4708/1607/1665
f 4707/1606/2120 4708/1607/1665 4709/1608/2121
f 4709/1608/2122 4710/1607/1665 4711/1609/2123
f 4709/1608/2122 4712/1609/2123 4713/1610/2124
f 4713/1610/2125 4711/1609/2123 4714/1611/1668
f 4713/1610/2125 4714/1611/1668 4715/1612/2126
f 4716/1610/2125 4717/1612/2126 4718/1611/1441
f 4716/1610/2125 4718/1611/1441 4719/1609/2127
f 4720/1608/2122 4716/1610/2128 4721/1609/2127
f 4720/1608/2122 4719/1609/2127 4722/1607/1443
f 4723/1606/2129 4720/1608/2122 4722/1607/1443
f 4723/1606/2129 4722/1607/1443 4724/1605/2130
f 4725/1569/2131 4723/1606/2129 4724/1605/2130
f 4725/1569/2131 4724/1605/2130 4726/1604/1445
f 4726/1604/1445 4727/1570/2132 4725/1569/2131
f 4726/1604/1445 4728/1603/2133 4727/1570/2132
f 4729/1603/2133 4730/1601/2134 4727/1570/2132
f 4731/1397/2135 4732/1396/2135 4733/1394/2135
f 4734/1397/1067 4735/1395/1067 4736/1396/1067
f 4737/1613/676 4738/1614/2136 4739/1615/676
f 4737/1613/676 4740/1615/676 4741/1616/660
f 4742/1617/2028 4737/1613/676 4741/1616/660
f 4742/1617/2028 4743/1618/676 4737/1613/676
f 4744/1433/2026 4743/1618/676 4742/1617/2028
f 4744/1433/2026 4745/1432/662 4743/1618/676
f 4745/1432/662 4744/1433/2026 4746/290/2137
f 4745/1432/662 4746/290/2137 4747/291/2138
f 4748/68/2139 4747/291/2138 4746/290/2137
f 4748/68/2139 4746/290/2137 4749/70/2089
f 4750/68/2139 4749/70/2089 4751/69/2140
f 4750/68/2139 4751/69/2140 4752/71/13
f 4753/1137/1037 4754/1571/1037 4755/1619/1037
f 4756/1355/1157 4757/1356/1157 4758/1357/46
f 4759/1355/1158 4760/1358/1158 4761/1356/1158
f 4762/1620/211 4763/1621/211 4764/1622/211
f 4762/1620/211 4765/1623/211 4763/1621/211
f 4766/1624/211 4767/1625/211 4768/1626/211
f 4766/1624/211 4769/1627/2031 4767/1625/211
f 4770/1620/211 4771/1621/211 4772/1623/211
f 4770/1620/211 4773/1622/211 4771/1621/211
f 4774/1624/235 4775/1625/235 4776/1627/235
f 4777/1624/211 4778/1626/211 4779/1625/211
f 4780/1628/676 4781/1629/676 4782/1630/676
f 4780/1628/676 4783/1631/676 4781/1629/676
f 4784/1632/676 4785/1633/676 4786/1634/676
f 4784/1632/676 4787/1635/676 4785/1633/676
f 4788/1628/676 4789/1629/676 4790/1631/676
f 4788/1628/676 4791/1630/676 4789/1629/676
f 4792/1632/676 4793/1633/676 4794/1635/676
f 4795/1632/676 4796/1634/676 4797/1633/676
f 4798/1636/1326 4799/1134/1037 4800/1637/1557
f 4801/1134/1037 4802/1638/1037 4800/1637/1557
f 4803/1137/1037 4804/1619/1037 4802/1638/1037
f 4805/1143/1994 4806/1639/1994 4807/1640/2032
f 4808/1134/1037 4809/1137/1037 4810/1638/1037
f 4811/1143/2033 4812/1640/2033 4813/1012/2033
f 4814/1641/1 4815/1642/1 4816/1643/1
f 4817/1641/17 4818/1643/1 4819/1644/33
f 4819/1644/33 4818/1643/1 4820/1645/1
f 4819/1644/1 4821/1646/1 4822/1647/1
f 4823/1645/1 4824/1646/1 4825/1644/1
f 4826/1644/1 4827/1646/1 4828/1645/1
f 4829/1644/1 4830/1647/1 4831/1646/1
f 4832/1645/1 4833/1643/1 4829/1644/1
f 4834/1641/1 4829/1644/1 4833/1643/1
f 4834/1641/1 4833/1643/1 4835/1642/1
f 4836/1648/2141 4837/1649/2141 4838/1650/2141
f 4836/1648/2141 4839/1651/2141 4837/1649/2141
f 4840/1648/2141 4841/1649/2141 4842/1651/2141
f 4840/1648/2141 4843/1650/2141 4841/1649/2141
f 4844/1652/1067 4845/1653/1067 4846/1654/1067
f 4844/1652/1067 4847/1655/1067 4845/1653/1067
f 4848/1143/1994 4849/1656/1994 4850/1639/1994
f 4851/1652/1067 4852/1653/1067 4853/1655/1067
f 4854/1652/1067 4855/1654/1067 4856/1653/1067
f 4857/1657/2142 4858/1658/2142 4859/1659/2142
f 4860/1657/2142 4861/1660/2142 4862/1658/2142
f 4863/1657/2143 4864/1658/2142 4865/1660/2142
f 4863/1657/2143 4866/1659/2142 4864/1658/2142
f 4867/1661/2144 4868/1662/2145 4869/1663/2144
f 4867/1661/2144 4870/1664/2144 4868/1662/2145
f 4871/1661/2144 4872/1662/2144 4873/1664/2146
f 4874/1661/2144 4875/1663/2144 4876/1662/2144
f 4877/1665/2147 4878/1666/2147 4879/1667/2147
f 4877/1665/2147 4880/1668/2147 4878/1666/2147
f 4881/1669/2148 4882/1670/2149 4883/1671/2149
f 4881/1669/2148 4884/1672/2149 4882/1670/2149
f 4885/1673/2149 4886/1674/2150 4887/1675/2149
f 4885/1673/2149 4888/1676/2149 4886/1674/2150
f 4889/1553/2101 4890/1554/2101 4891/1550/2101
f 4892/1665/2147 4893/1666/2147 4894/1668/2147
f 4892/1665/2147 4895/1667/2151 4893/1666/2147
f 4896/1669/2149 4897/1670/2149 4898/1672/2149
f 4899/1669/2149 4900/1671/2149 4901/1670/2149
f 4902/1673/2148 4903/1674/2150 4904/1676/2149
f 4902/1673/2148 4905/1675/2149 4903/1674/2150
f 4906/1677/2152 4907/1678/2144 4908/1679/2144
f 4906/1677/2152 4909/1680/2144 4907/1678/2144
f 4910/1681/2153 4911/1682/2153 4912/1683/2153
f 4913/1681/2153 4914/1684/2153 4915/1682/2153
f 4916/1685/2154 4917/1686/2154 4918/1687/2154
f 4916/1685/2154 4919/1688/2154 4917/1686/2154
f 4920/1689/2155 4921/1251/2155 4922/1690/2155
f 4923/1550/2101 4924/1554/2101 4925/1553/2101
f 4926/1677/2144 4927/1678/2144 4928/1680/2144
f 4926/1677/2144 4929/1679/2144 4927/1678/2144
f 4930/1681/2153 4931/1682/2153 4932/1684/2153
f 4930/1681/2153 4933/1683/2153 4931/1682/2153
f 4934/1685/2154 4935/1686/2154 4936/1688/2154
f 4934/1685/2154 4937/1687/2154 4935/1686/2154
f 4938/1691/1506 4939/1692/1098 4940/1693/1506
f 4938/1691/1506 4941/1694/1098 4939/1692/1098
f 4942/1695/2156 4943/1696/2157 4944/1697/2156
f 4942/1695/2156 4945/1698/2156 4943/1696/2157
f 4946/1691/1098 4947/1692/1098 4948/1694/1098
f 4946/1691/1098 4949/1693/1098 4947/1692/1098
f 4950/1695/2156 4951/1696/2156 4952/1698/2156
f 4953/1699/2158 4954/1700/2159 4955/1701/2159
f 4953/1699/2158 4956/1702/2159 4954/1700/2159
f 4957/1703/2147 4958/1704/2160 4959/1705/2147
f 4957/1703/2147 4960/1706/2161 4958/1704/2160
f 4961/1707/2149 4962/1708/2149 4963/1709/2149
f 4964/1707/2162 4965/1710/2162 4966/1708/2163
f 4967/1711/2149 4968/1712/2149 4969/1713/2149
f 4970/1711/2149 4971/1714/2149 4972/1712/2149
f 4973/1695/2157 4974/1697/2157 4975/1696/2157
f 4976/1699/2158 4977/1700/2158 4978/1702/2158
f 4976/1699/2158 4979/1701/2159 4977/1700/2158
f 4980/1703/2147 4981/1704/2147 4982/1706/2147
f 4980/1703/2147 4983/1705/2147 4981/1704/2147
f 4984/1707/2162 4985/1708/2164 4986/1710/2162
f 4984/1707/2162 4987/1709/2149 4985/1708/2164
f 4988/1711/2148 4989/1712/2148 4990/1714/2149
f 4988/1711/2148 4991/1713/2148 4989/1712/2148
f 4992/1617/2022 4993/1616/648 4994/1613/676
f 4995/1689/2165 4996/1690/2165 4997/1251/2166
f 4998/1613/676 4999/1615/676 5000/1614/2167
f 4998/1613/676 5001/1616/648 4999/1615/676
f 5002/1617/2022 4998/1613/1733 5003/1618/1733
f 5004/1433/2022 5003/1618/676 5005/1432/2168
f 5006/1715/676 5007/1716/1733 5008/1717/1733
f 5006/1715/676 5009/1718/676 5007/1716/1733
f 5010/1719/676 5011/1720/1765 5012/1721/1822
f 5010/1719/676 5013/1722/676 5011/1720/1765
f 5014/1715/676 5015/1716/1731 5016/1718/676
f 5014/1715/676 5017/1717/1731 5015/1716/1731
f 5018/1719/676 5019/1720/676 5020/1722/676
f 5021/1719/2169 5022/1721/2169 5023/1720/2169
f 5024/1723/2170 5025/1724/2142 5026/1725/2142
f 5024/1723/2170 5027/1726/2171 5025/1724/2142
f 5024/1723/2170 5028/1727/2172 5027/1726/2171
f 5024/1723/2170 5029/1728/2173 5028/1727/2172
f 5030/1723/2174 5031/1727/2175 5032/1728/2176
f 5030/1723/2174 5033/1726/2171 5031/1727/2175
f 5030/1723/2174 5034/1724/2142 5033/1726/2171
f 5030/1723/2174 5035/1725/2143 5034/1724/2142
f 5036/1689/2177 5037/1690/2177 5038/1250/2177
f 5039/1729/2178 5040/1636/2178 5041/1637/2178
f 5041/1637/2178 5042/1730/2178 5039/1729/2178
f 5043/1731/2179 5044/1430/2180 5045/1429/2014
f 5043/1731/2179 5046/1732/2179 5044/1430/2180
f 5047/1689/2181 5048/1250/2181 5049/1690/2181
f 5050/1733/2182 5051/1734/2183 5052/1735/2183
f 5053/1733/2184 5054/1735/2184 5055/1734/2184
f 5056/1090/2185 5057/1736/2185 5058/1028/2185
f 5059/1250/2186 5060/1690/2186 5061/1737/2186
f 5062/1090/2187 5063/1738/2187 5064/1736/2032
f 5065/1733/2188 5066/1739/2189 5067/1734/2189
f 5068/1740/2190 5069/1741/2191 5070/1309/2190
f 5068/1740/2190 5071/1742/2192 5069/1741/2191
f 5072/1250/2193 5073/1737/2193 5074/1690/2193
f 5075/1733/2194 5076/1734/2195 5077/1739/2195
f 5078/1740/2196 5079/1741/2197 5080/1742/2198
f 5078/1740/2196 5081/1309/2199 5079/1741/2197
f 5082/1743/2200 5083/1739/2188 5084/1733/2188
f 5085/1744/2201 5086/1729/2201 5087/1730/2202
f 5087/1730/2202 5088/1745/2201 5085/1744/2201
f 5089/1033/1536 5090/1006/2203 5091/1005/1538
f 5092/1743/2204 5093/1733/2195 5094/1739/2195
f 5095/1746/2205 5096/1747/2205 5097/1748/2206
f 5097/1748/2206 5098/1749/2206 5095/1746/2205
f 5099/1747/2207 5100/1744/2207 5101/1745/2207
f 5101/1745/2207 5102/1748/2208 5099/1747/2207
f 5103/1090/2209 5104/1750/2209 5105/1738/2209
f 5106/1751/676 5107/1752/1765 5108/1753/1765
f 5106/1751/676 5109/1754/676 5107/1752/1765
f 5110/1755/676 5111/1756/1765 5112/1757/2104
f 5110/1755/676 5113/1758/676 5111/1756/1765
f 5114/1751/676 5115/1752/1822 5116/1754/676
f 5114/1751/676 5117/1753/1822 5115/1752/1822
f 5118/1755/1732 5119/1756/1732 5120/1758/1732
f 5121/1755/1765 5122/1757/1765 5123/1756/1765
f 5124/1759/2210 5125/1742/2210 5126/1740/2210
f 5124/1759/2210 5127/1737/2211 5125/1742/2210
f 5128/1250/2212 5127/1737/2211 5124/1759/2210
f 5129/1250/2213 5130/1759/2214 5131/1737/2215
f 5130/1759/2214 5132/1742/2216 5131/1737/2215
f 5130/1759/2214 5133/1740/2216 5132/1742/2216
f 5134/1599/825 5135/1601/2134 5136/1603/2217
f 5137/1743/2218 5138/1760/2218 5139/1739/2211
f 5140/1761/2218 5138/1760/2218 5137/1743/2218
f 5140/1761/2218 5141/1320/2219 5138/1760/2218
f 5142/1761/2220 5143/1760/2220 5144/1320/2221
f 5142/1761/2220 5145/1743/2220 5143/1760/2220
f 5145/1743/2220 5146/1739/2222 5143/1760/2220
s 0
f 5147/1496/2223 5148/1762/2223 5149/1497/2223
f 5150/1496/2056 5151/1497/2063 5152/1762/2224
s 1
f 5153/1322/2225 5154/1763/2226 5155/1324/2227
f 5153/1322/2225 5156/1323/2225 5154/1763/2226
f 5157/1309/2225 5156/1323/2225 5153/1322/2225
f 5157/1309/2225 5158/1741/2225 5156/1323/2225
f 5159/1309/2228 5160/1323/2229 5161/1741/2228
f 5159/1309/2228 5162/1322/2229 5160/1323/2229
f 5162/1322/2229 5163/1763/2230 5160/1323/2229
f 5162/1322/2229 5164/1324/2229 5163/1763/2230
f 5165/1764/1606 4523/1526/2231 5166/1525/2087
f 5165/1764/1606 5167/1765/2232 4523/1526/2231
f 5168/1766/1608 5167/1765/2233 5169/1764/2234
f 5168/1766/1608 5170/1767/2235 5167/1765/2233
f 5171/1768/1611 5170/1767/2235 5172/1766/2236
f 5171/1768/1611 5173/1769/2237 5170/1767/2235
f 5174/1478/1613 5173/1769/2238 5175/1768/1611
f 5174/1478/1613 4385/1477/2239 5173/1769/2238
f 5176/1764/2240 5177/1525/1911 4590/1526/2231
f 5176/1764/2240 4590/1526/2231 5178/1765/2232
f 5179/1766/1774 5180/1764/1782 5178/1765/2233
f 5179/1766/1774 5178/1765/2233 5181/1767/2235
f 5182/1768/1775 5183/1766/2241 5181/1767/2235
f 5182/1768/1775 5181/1767/2235 5184/1769/2237
f 5185/1478/2242 5186/1768/1775 5184/1769/2237
f 5185/1478/2242 5184/1769/2237 4500/1477/2239
f 5187/1324/2243 5188/1320/2243 5189/1761/2243
f 5187/1324/2243 5190/1763/2244 5188/1320/2243
f 5191/1602/2115 5192/1570/1420 5193/1601/2245
f 5194/1324/2246 5195/1320/2246 5196/1763/2247
f 5194/1324/2246 5197/1761/2246 5195/1320/2246
f 5198/1268/1067 5199/1266/1067 5200/1267/1067
f 5201/1268/1066 5202/1265/1066 5203/1266/1066
f 5204/1770/1157 5205/1262/1157 5206/1260/46
f 5207/1770/1157 5208/1259/1157 5209/1262/1157
f 5210/1771/1280 5211/1772/1025 5212/1773/2248
f 5210/1771/1280 5213/1774/852 5211/1772/1025
f 5214/1775/1565 5213/1774/852 5210/1771/1280
f 5214/1775/1565 5210/1771/1280 5215/1776/1565
f 5214/1775/1565 5215/1776/1565 5216/1777/2249
f 5214/1775/1565 5216/1777/2249 5217/1778/1501
f 5218/1089/2209 5219/1779/2209 5220/1780/2209
f 5221/1432/2250 5222/291/408 5223/290/60
f 5224/1781/854 5225/1782/2251 5226/1783/2252
f 5224/1781/854 5227/1784/2253 5225/1782/2251
f 5224/1781/854 5228/1785/2254 5227/1784/2253
f 5228/1785/2254 5229/1786/2255 5227/1784/2253
f 5228/1785/2254 5230/1787/2256 5229/1786/2255
f 5230/1787/2256 5231/1788/2257 5229/1786/2255
f 5230/1787/2256 5232/1789/2258 5231/1788/2257
f 5232/1789/2258 5233/1790/2259 5231/1788/2257
f 5232/1789/2258 5234/1791/2260 5233/1790/2259
f 5234/1791/2260 5235/1792/2261 5233/1790/2259
f 5234/1791/2260 5236/1793/2262 5235/1792/2261
f 5237/1089/2209 5238/1780/2209 5239/1794/2263
f 5240/1795/2264 5241/1796/1485 5242/1797/2264
f 5243/1795/2264 5244/1797/1485 5245/1798/2264
f 5246/1799/2265 5247/1800/1485 5248/199/1485
f 5249/1089/2266 5250/1794/2266 5251/1022/2266
f 5252/1119/1557 5253/1114/1032 5254/1113/1032
f 5252/1119/1557 5254/1113/1032 5255/1117/1557
f 5256/1731/2179 5257/1801/2267 5258/1732/2179
f 5259/1731/2268 5260/1802/2269 5261/1801/2267
f 5262/1791/2270 5263/1792/2271 5264/1793/2272
f 5262/1791/2270 5265/1790/2273 5263/1792/2271
f 5266/1789/2274 5265/1790/2273 5262/1791/2270
f 5266/1789/2274 5267/1788/2275 5265/1790/2273
f 5268/1787/2276 5267/1788/2275 5266/1789/2274
f 5268/1787/2276 5269/1786/2277 5267/1788/2275
f 5270/1785/2278 5269/1786/2277 5268/1787/2276
f 5270/1785/2278 5271/1784/2279 5269/1786/2277
f 5272/1781/1033 5271/1784/2279 5270/1785/2278
f 5272/1781/1033 5273/1782/2280 5271/1784/2279
f 5272/1781/1033 5274/1783/2281 5273/1782/2280
f 5275/1803/2282 5276/1804/2283 5277/1805/2284
f 5275/1803/2282 5278/1806/2285 5276/1804/2283
f 5278/1806/2285 5279/1807/2286 5276/1804/2283
f 5278/1806/2285 5280/1808/2287 5279/1807/2286
f 5280/1808/2287 5281/1809/2288 5279/1807/2286
f 5280/1808/2287 5282/1810/2289 5281/1809/2288
f 5282/1810/2289 5283/1811/2290 5281/1809/2288
f 5282/1810/2289 5284/1812/2291 5283/1811/2290
f 5285/1813/2292 5283/1811/2290 5284/1812/2291
f 5285/1813/2292 5286/1814/2293 5283/1811/2290
f 5283/1811/2290 5286/1814/2293 5287/1815/2294
f 5287/1815/2294 5288/1816/2294 5283/1811/2290
f 5289/1817/2294 5283/1811/2290 5288/1816/2294
f 5290/1818/2262 5291/1805/2295 5292/1819/2296
f 5290/1818/2262 5293/1803/2297 5291/1805/2295
f 5294/1820/2298 5295/1821/2299 5296/1822/2300
f 5294/1820/2298 5297/1823/1680 5295/1821/2299
f 5298/1824/2301 5297/1823/1680 5294/1820/2298
f 5298/1824/2301 5299/1825/2302 5297/1823/1680
f 5300/1826/2303 5299/1825/2302 5298/1824/2301
f 5300/1826/2303 5301/1827/1001 5299/1825/2302
f 5300/1826/2303 5302/1828/2304 5301/1827/1001
f 5303/1829/2305 5302/1828/2304 5300/1826/2303
f 5304/1830/2306 5301/1827/1001 5302/1828/2304
f 5305/1829/2307 5306/1831/2308 5302/1828/2304
f 5304/1830/2306 5307/1832/2309 5301/1827/1001
f 5308/1833/2310 5307/1832/2309 5304/1830/2306
f 5308/1833/2310 5309/1834/1675 5307/1832/2309
f 5310/1835/2311 5309/1834/1675 5308/1833/2310
f 5310/1835/2311 5311/1836/2312 5309/1834/1675
f 5312/1837/948 5313/1838/2138 5304/1830/2306
f 5312/1837/948 5314/1839/2313 5313/1838/2138
f 5315/1811/2314 5316/1816/2294 5317/1815/2294
f 5318/1817/2294 5316/1816/2294 5315/1811/2314
f 5317/1815/2294 5319/1814/2315 5315/1811/2314
f 5320/1813/2316 5315/1811/2314 5319/1814/2315
f 5320/1813/2316 5321/1812/2317 5315/1811/2314
f 5322/1810/2318 5315/1811/2314 5321/1812/2317
f 5322/1810/2318 5323/1809/2319 5315/1811/2314
f 5324/1808/2320 5323/1809/2319 5322/1810/2318
f 5324/1808/2320 5325/1807/2321 5323/1809/2319
f 5326/1806/2322 5325/1807/2321 5324/1808/2320
f 5326/1806/2322 5327/1804/2323 5325/1807/2321
f 5328/1803/2324 5327/1804/2323 5326/1806/2322
f 5328/1803/2324 5329/1805/2325 5327/1804/2323
f 5330/1840/1936 5331/1841/2326 5332/1842/647
f 5330/1840/1936 5333/1843/950 5331/1841/2326
f 5334/1844/1631 5335/1845/1630 5336/1846/2327
f 5334/1844/1631 5336/1846/2327 5337/1847/2328
f 5338/1848/1936 5339/1849/2329 5340/1850/2303
f 5338/1848/1936 5341/1851/2313 5342/1849/2329
f 5343/1829/2330 5344/1825/2331 5345/1827/1434
f 5346/1824/2332 5347/1841/2326 5348/1826/2333
f 5349/1824/2334 5350/1850/2303 5351/1849/2335
f 5352/1021/1536 5353/1028/852 5354/1027/1538
f 5355/1824/2336 5356/1849/2329 5357/1842/2337
f 5358/1852/2338 5359/1853/1448 5360/1854/2339
f 5358/1852/2338 5361/1855/2147 5359/1853/1448
f 5361/1855/2147 5362/1856/2340 5359/1853/1448
f 5361/1855/2341 5363/1857/1188 5364/1856/2342
f 5363/1857/1188 5365/1858/2343 5364/1856/2342
f 5363/1857/1188 5366/1859/2344 5365/1858/2343
f 5366/1859/2344 5367/1860/825 5365/1858/2343
f 5366/1859/2345 5368/1861/2134 5369/1860/2346
f 5370/1827/2347 5371/1832/2348 5372/1838/2349
f 5373/1824/2350 5374/1842/2337 5375/1841/2351
f 5376/1859/2352 5377/1860/2353 5378/1861/1227
f 5376/1859/2354 5379/1858/2355 5380/1860/1653
f 5381/1862/2356 5379/1858/2355 5376/1859/2354
f 5381/1862/2357 5382/1863/1660 5383/1858/2355
f 5384/1857/411 5382/1863/1660 5381/1862/2357
f 5384/1857/411 5385/1856/2358 5386/1863/2359
f 5387/1864/2360 5385/1856/2358 5384/1857/411
f 5387/1864/2360 5388/1865/1664 5385/1856/2358
f 5389/1855/2361 5388/1865/1664 5387/1864/2360
f 5389/1855/2361 5390/1853/1666 5388/1865/1664
f 5391/1866/2362 5390/1853/1666 5389/1855/2361
f 5391/1866/2362 5392/1867/2363 5390/1853/1666
f 5393/1852/2364 5392/1867/2363 5391/1866/2362
f 5393/1852/2364 5394/1854/2365 5392/1867/2363
f 5395/1838/2349 5396/1829/2366 5397/1827/1434
f 5398/1829/1281 5399/1824/1279 5400/1825/2367
f 5399/1824/1279 5401/1821/2339 5400/1825/2367
f 5399/1824/1279 5402/1822/2338 5401/1821/2339
f 5403/1833/2368 5404/1830/2306 5405/1838/2138
f 5406/1818/2272 5407/1805/2325 5408/1803/2369
f 5406/1818/2272 5409/1819/2370 5407/1805/2325
f 5410/1094/1543 5411/1868/2371 5412/1098/1545
f 5410/1094/1543 5412/1098/1545 5413/1095/1543
f 5414/486/2372 5415/487/1885 5416/484/1883
f 5414/486/2373 5417/485/1251 5418/487/1885
f 5419/1869/2374 5418/487/1885 5417/485/1251
f 5419/1869/2374 5420/764/1067 5418/487/1885
f 5421/1870/1067 5420/764/1067 5422/1869/1067
f 5423/1869/2375 5424/487/2376 5425/764/2377
f 5426/766/1067 5423/1869/2375 5425/764/2377
f 5426/766/1067 5427/1870/1067 5423/1869/2375
f 5428/1869/2377 5429/485/2377 5430/487/2377
f 5431/716/1157 5432/717/1157 5433/719/2378
f 5434/716/1157 5435/718/1157 5436/717/1157
f 5437/1841/2379 5438/1847/2380 5439/1846/2381
f 5440/1841/2351 5441/1846/2327 5442/1826/2303
f 5443/486/1201 5444/487/1201 5445/485/1201
f 5443/486/1201 5446/484/1201 5444/487/1201
f 5447/308/444 5448/306/893 5449/481/756
f 5450/481/756 5451/306/893 5452/308/2382
f 5453/1832/2383 5454/1871/2384 5455/1835/2385
f 5456/1835/2385 5457/1838/1278 5458/1832/2348
f 5459/1872/2386 5460/1873/2387 5461/1874/1812
f 5459/1872/2386 5461/1874/1812 5462/1875/1929
f 5462/1875/1929 5461/1874/1812 5463/1876/1811
f 5463/1876/1811 5464/1877/2388 5462/1875/1929
f 5465/1878/2389 5462/1875/1929 5464/1877/2388
f 5466/1878/2389 5467/1877/2388 5468/1875/2390
f 5468/1875/2390 5467/1877/2388 5469/1876/1811
f 5469/1876/1811 5470/1874/2391 5468/1875/2390
f 5471/1872/1269 5468/1875/2390 5470/1874/2391
f 5471/1872/1269 5470/1874/2391 5472/1873/1636
f 5473/1872/1467 5474/1879/1697 5475/1873/1696
f 5476/1872/1269 5477/1873/1636 5478/1879/1270
f 5479/1880/2126 5480/1881/1439 5481/1882/1441
f 5479/1880/2126 5482/1883/2392 5480/1881/1439
f 5482/1883/2392 5483/1884/1437 5480/1881/1439
f 5482/1883/2392 5484/1885/2393 5483/1884/1437
f 5484/1885/2393 5485/1886/1436 5483/1884/1437
f 5484/1885/2393 5486/1887/2394 5485/1886/1436
f 5486/1887/2394 5487/1888/2395 5485/1886/1436
f 5486/1887/2396 5488/1889/2397 5489/1888/2384
f 5490/1887/2398 5491/1888/2399 5492/1890/2400
f 5490/1887/2398 5493/1886/1672 5491/1888/2399
f 5494/1891/2401 5493/1886/1672 5490/1887/2398
f 5494/1891/2401 5495/1892/2402 5493/1886/1672
f 5496/1885/2403 5495/1892/2402 5494/1891/2401
f 5496/1885/2403 5497/1884/1670 5495/1892/2402
f 5498/1883/2404 5497/1884/1670 5496/1885/2403
f 5498/1883/2404 5499/1881/2405 5497/1884/1670
f 5500/1880/2126 5499/1881/2405 5498/1883/2404
f 5500/1880/2126 5501/1882/1668 5499/1881/2405
f 5502/1893/2406 5503/1894/2407 5504/1895/2407
f 5502/1893/2406 5505/1896/607 5503/1894/2407
f 5506/394/2408 5507/396/2408 5508/1897/1067
f 5509/394/2408 5510/402/2409 5511/396/2408
f 5509/394/2408 5512/403/2410 5510/402/2409
f 5513/1898/1157 5514/1899/1157 5515/1900/1157
f 5513/1898/1157 5516/1901/2411 5517/1902/1157
f 5513/1898/1157 5517/1902/1157 5518/1903/1157
f 5513/1898/1157 5518/1903/1157 5519/1899/1157
f 5520/1898/1158 5521/1902/1157 5522/1901/2411
f 5520/1898/1158 5523/1903/1157 5521/1902/1157
f 5520/1898/1158 5524/1899/1157 5523/1903/1157
f 5520/1898/1158 5525/1900/1157 5524/1899/1157
f 5526/227/2412 5527/229/2412 5528/228/1067
f 5526/227/2412 5529/235/2412 5527/229/2412
f 5526/227/2412 5530/236/2412 5529/235/2412
f 5531/1798/2265 5532/1904/2265 5533/1795/2265
f 5534/1868/2413 5535/1795/676 5536/1904/676
f 5534/1868/2413 5536/1904/676 5537/1098/2414
f 5538/1099/2415 5537/1098/2414 5536/1904/676
f 5538/1099/2415 5536/1904/676 5539/1798/2416
f 5540/1802/2417 5541/1905/676 5542/1801/2418
f 5540/1802/267 5543/1906/2419 5544/1905/676
f 5545/151/1067 5546/152/1067 5547/153/1067
f 5548/151/2420 5549/149/2420 5550/152/2420
f 5548/151/2420 5551/150/2420 5549/149/2420
f 5552/108/1067 5553/109/1067 5554/112/1067
f 5555/108/2421 5556/110/2421 5557/109/2421
f 5555/108/2421 5558/111/2421 5556/110/2421
f 5559/63/1067 5560/65/1067 5561/64/1067
f 5562/63/2422 5563/66/2422 5564/65/2423
f 5562/63/2422 5565/67/2423 5563/66/2422
f 5566/52/2424 5567/53/2408 5568/54/2425
f 5566/52/2424 5569/50/2408 5567/53/2408
f 5566/52/2424 5570/51/2410 5569/50/2408
f 5571/1907/2426 5572/891/2427 5573/1184/2428
f 5574/1907/2429 5575/1184/676 5576/891/2430
f 5577/1908/2408 5578/1909/1067 5579/1910/1066
f 5577/1908/2408 5580/1911/2408 5578/1909/1067
f 5577/1908/2408 5581/1912/2408 5580/1911/2408
f 5582/1908/2408 5583/1913/2408 5584/1912/2408
