# Blender 5.2.0 LTS
# www.blender.org
mtllib Glass default AR MAG.mtl
o Mag_og_ar
v 0.021446 0.105242 -0.104248
v 0.023137 0.106958 -0.106035
v 0.021446 0.105242 0.095825
v 0.023138 0.106958 0.097612
v 0.038246 0.003191 -0.104248
v 0.040394 0.003411 -0.106330
v 0.038246 0.003191 0.095825
v 0.040396 0.003411 0.097906
v 0.042846 -0.110762 -0.104248
v 0.045032 -0.110882 -0.106299
v 0.042846 -0.110762 0.095825
v 0.045031 -0.110882 0.097878
v 0.025649 -0.221785 -0.104248
v 0.027770 -0.222334 -0.106297
v 0.025649 -0.221785 0.095825
v 0.027767 -0.222336 0.097878
v -0.013253 -0.328779 -0.104248
v -0.011273 -0.329643 -0.106330
v -0.013253 -0.328779 0.095825
v -0.011271 -0.329643 0.097905
v -0.060250 -0.421797 -0.104248
v -0.059151 -0.423944 -0.106032
v -0.060250 -0.421797 0.095825
v -0.059149 -0.423943 0.097608
v -0.097954 0.123247 -0.104248
v -0.096263 0.124964 -0.106034
v -0.097954 0.123247 0.095825
v -0.096264 0.124965 0.097611
v -0.081154 0.021196 -0.104248
v -0.079006 0.021416 -0.106330
v -0.081154 0.021196 0.095825
v -0.079004 0.021416 0.097906
v -0.076554 -0.092756 -0.104248
v -0.074368 -0.092877 -0.106299
v -0.076554 -0.092756 0.095825
v -0.074369 -0.092877 0.097878
v -0.093751 -0.203779 -0.104248
v -0.091630 -0.204329 -0.106297
v -0.093751 -0.203779 0.095825
v -0.091633 -0.204330 0.097878
v -0.132653 -0.310774 -0.104248
v -0.130671 -0.311638 -0.106328
v -0.132653 -0.310774 0.095825
v -0.130667 -0.311637 0.097902
v -0.179650 -0.402754 -0.104248
v -0.178551 -0.404898 -0.106036
v -0.179650 -0.402754 0.095825
v -0.178558 -0.404900 0.097614
v -0.217354 0.142229 0.095825
v -0.215666 0.143947 0.097613
v -0.200554 0.040239 -0.104248
v -0.198403 0.040461 -0.106327
v -0.217354 0.142229 -0.104248
v -0.215663 0.143946 -0.106035
v -0.200554 0.040239 0.095825
v -0.198403 0.040461 0.097904
v -0.195954 -0.073774 -0.104248
v -0.193772 -0.073895 -0.106303
v -0.195954 -0.073774 0.095825
v -0.193770 -0.073895 0.097878
v -0.213151 -0.184797 -0.104248
v -0.211030 -0.185347 -0.106297
v -0.213151 -0.184797 0.095825
v -0.211033 -0.185348 0.097878
v -0.252053 -0.291792 -0.104248
v -0.250073 -0.292656 -0.106330
v -0.252053 -0.291792 0.095825
v -0.250071 -0.292655 0.097905
v -0.299050 -0.384810 -0.104248
v -0.297952 -0.386957 -0.106032
v -0.299050 -0.384810 0.095825
v -0.297949 -0.386956 0.097608
v -0.130456 0.128191 -0.104248
v -0.132222 0.129930 -0.105938
v -0.130456 0.128191 0.095825
v -0.132222 0.129930 0.097516
v -0.011056 0.110247 -0.104248
v -0.012822 0.111987 -0.105936
v -0.011056 0.110247 0.095825
v -0.012821 0.111987 0.097515
v -0.249856 0.147234 -0.104248
v -0.251623 0.148974 -0.105937
v -0.249856 0.147234 0.095825
v -0.251626 0.148972 0.097512
v -0.113656 0.026201 0.095825
v -0.115810 0.025982 0.097902
v -0.109055 -0.087751 0.095825
v -0.111240 -0.087631 0.097878
v -0.126252 -0.198774 0.095825
v -0.128369 -0.198223 0.097878
v -0.165154 -0.305769 0.095825
v -0.167133 -0.304897 0.097905
v -0.212151 -0.397810 0.095825
v -0.214362 -0.398937 0.097511
v 0.005744 0.008196 0.095825
v 0.003591 0.007976 0.097902
v 0.010345 -0.105757 0.095825
v 0.008160 -0.105636 0.097878
v -0.006852 -0.216780 0.095825
v -0.008969 -0.216228 0.097878
v -0.045754 -0.323774 0.095825
v -0.047733 -0.322904 0.097905
v -0.092751 -0.416792 0.095825
v -0.094953 -0.417921 0.097522
v -0.233056 0.045244 0.095825
v -0.235208 0.045022 0.097904
v -0.228455 -0.068770 0.095825
v -0.230640 -0.068649 0.097878
v -0.245652 -0.179792 0.095825
v -0.247769 -0.179241 0.097878
v -0.284554 -0.286787 0.095825
v -0.286533 -0.285917 0.097905
v -0.331551 -0.379805 0.095825
v -0.333753 -0.380934 0.097522
v -0.233056 0.045244 -0.104248
v -0.235208 0.045023 -0.106327
v -0.228455 -0.068770 -0.104248
v -0.230641 -0.068649 -0.106299
v -0.245652 -0.179792 -0.104248
v -0.247766 -0.179241 -0.106304
v -0.284554 -0.286787 -0.104248
v -0.286535 -0.285918 -0.106326
v -0.331551 -0.379805 -0.104248
v -0.333755 -0.380933 -0.105942
v -0.113656 0.026201 -0.104248
v -0.115811 0.025982 -0.106323
v -0.109055 -0.087751 -0.104248
v -0.111238 -0.087631 -0.106302
v -0.126252 -0.198774 -0.104248
v -0.128366 -0.198223 -0.106304
v -0.165154 -0.305769 -0.104248
v -0.167137 -0.304900 -0.106325
v -0.212151 -0.397810 -0.104248
v -0.214358 -0.398941 -0.105937
v 0.005744 0.008196 -0.104248
v 0.003589 0.007976 -0.106323
v 0.010345 -0.105757 -0.104248
v 0.008162 -0.105636 -0.106302
v -0.006852 -0.216780 -0.104248
v -0.008966 -0.216228 -0.106304
v -0.045754 -0.323774 -0.104248
v -0.047735 -0.322905 -0.106326
v -0.092751 -0.416792 -0.104248
v -0.094955 -0.417920 -0.105942
v 0.066650 0.122209 0.095825
v 0.068354 0.123913 0.097612
v 0.084846 0.002214 -0.094238
v 0.086993 0.002419 -0.096323
v 0.066650 0.122209 -0.094238
v 0.068355 0.123912 -0.096026
v 0.084846 0.002214 0.095825
v 0.086993 0.002419 0.097910
v 0.090148 -0.115767 -0.094238
v 0.092335 -0.115888 -0.096289
v 0.090148 -0.115767 0.095825
v 0.092335 -0.115886 0.097876
v 0.072250 -0.230757 -0.094238
v 0.074368 -0.231309 -0.096289
v 0.072250 -0.230757 0.095825
v 0.074369 -0.231308 0.097876
v 0.031349 -0.341780 -0.094238
v 0.033331 -0.342627 -0.096324
v 0.031349 -0.341780 0.095825
v 0.033331 -0.342627 0.097911
v -0.022454 -0.451765 -0.094238
v -0.019936 -0.451521 -0.095851
v -0.022454 -0.451765 0.095825
v -0.019937 -0.451519 0.097439
v -0.001351 -0.508772 0.115723
v 0.000818 -0.508345 0.117751
v -0.001351 -0.508772 -0.114258
v 0.000817 -0.508345 -0.116287
v -0.011750 -0.575789 0.115723
v -0.010303 -0.577769 0.117450
v -0.011750 -0.575789 -0.114258
v -0.010303 -0.577769 -0.115985
v -0.298554 0.179216 -0.094238
v -0.300308 0.180972 -0.095924
v -0.298554 0.179216 0.095825
v -0.300308 0.180973 0.097510
v -0.387551 -0.394758 0.095825
v -0.389272 -0.393000 0.097542
v -0.387551 -0.394758 -0.094238
v -0.389272 -0.392999 -0.095954
v -0.439553 -0.440779 -0.114258
v -0.441463 -0.439554 -0.116220
v -0.439553 -0.440779 0.115723
v -0.441463 -0.439554 0.117685
v -0.449853 -0.507795 0.115723
v -0.451828 -0.509237 0.117460
v -0.280350 0.059221 0.095825
v -0.282498 0.059017 0.097910
v -0.275056 -0.059797 0.095825
v -0.277241 -0.059678 0.097876
v -0.292855 -0.174788 0.095825
v -0.294974 -0.174237 0.097876
v -0.333748 -0.285811 0.095825
v -0.335733 -0.284963 0.097910
v -0.449853 -0.507795 -0.114258
v -0.451828 -0.509237 -0.115995
v -0.280350 0.059221 -0.094238
v -0.282498 0.059017 -0.096323
v -0.275056 -0.059797 -0.094238
v -0.277241 -0.059677 -0.096290
v -0.292855 -0.174788 -0.094238
v -0.294974 -0.174236 -0.096289
v -0.333748 -0.285811 -0.094238
v -0.335732 -0.284962 -0.096323
v 0.072791 -0.232440 0.095351
v 0.032858 -0.340796 0.095368
v 0.032858 -0.340796 -0.093781
v 0.072791 -0.232440 -0.093764
v -0.165633 -0.303925 -0.103786
v -0.165631 -0.303923 0.095365
v -0.127823 -0.199908 0.095352
v -0.127821 -0.199908 -0.103776
v -0.127079 -0.197016 -0.103776
v -0.127081 -0.197016 0.095352
v -0.110377 -0.089173 0.095352
v -0.110376 -0.089174 -0.103775
v -0.096865 0.122626 0.095218
v -0.080323 0.022786 0.095365
v -0.080324 0.022786 -0.103789
v -0.096865 0.122626 -0.103641
v -0.007679 -0.215022 -0.103776
v -0.007681 -0.215022 0.095352
v 0.009023 -0.107179 0.095352
v 0.009024 -0.107179 -0.103775
v -0.093204 -0.205465 0.095351
v -0.131147 -0.309796 0.095364
v -0.131149 -0.309796 -0.103788
v -0.093203 -0.205464 -0.103773
v -0.010456 0.110889 0.095170
v 0.020809 0.106328 0.095218
v 0.020809 0.106328 -0.103642
v -0.010456 0.110888 -0.103592
v 0.039381 0.001802 0.095365
v 0.043878 -0.109323 0.095352
v 0.043878 -0.109323 -0.103774
v 0.039380 0.001802 -0.103789
v -0.335404 -0.286731 -0.093781
v -0.387747 -0.392534 -0.093596
v -0.387747 -0.392534 0.095183
v -0.335405 -0.286732 0.095367
v -0.093177 -0.416017 -0.103595
v -0.093176 -0.416018 0.095173
v -0.047420 -0.324678 0.095365
v -0.047421 -0.324679 -0.103787
v -0.199418 0.038851 0.095364
v -0.194922 -0.072336 0.095352
v -0.194923 -0.072336 -0.103776
v -0.199418 0.038851 -0.103787
v -0.234375 0.046613 0.095364
v -0.250497 0.146623 0.095169
v -0.250495 0.146624 -0.103592
v -0.234375 0.046614 -0.103787
v 0.085987 0.000818 0.095368
v 0.091174 -0.114328 0.095351
v 0.091174 -0.114329 -0.093764
v 0.085987 0.000818 -0.093781
v 0.022535 0.104620 0.095218
v 0.039077 0.004781 0.095365
v 0.039076 0.004781 -0.103789
v 0.022535 0.104620 -0.103642
v -0.331977 -0.379030 -0.103595
v -0.331976 -0.379030 0.095173
v -0.286220 -0.287691 0.095365
v -0.286221 -0.287691 -0.103787
v -0.000497 -0.510041 -0.113772
v -0.000496 -0.510041 0.115237
v -0.010797 -0.575297 0.115086
v -0.010796 -0.575297 -0.113621
v -0.294433 -0.175919 -0.093764
v -0.334222 -0.283979 -0.093781
v -0.334222 -0.283979 0.095367
v -0.294433 -0.175920 0.095351
v -0.080019 0.019807 0.095365
v -0.075522 -0.091318 0.095352
v -0.075522 -0.091318 -0.103774
v -0.080020 0.019808 -0.103789
v 0.037826 0.003148 0.096865
v 0.020988 0.104783 0.096718
v -0.010122 0.109320 0.096670
v 0.006163 0.008239 0.096864
v 0.010757 -0.105782 0.096852
v -0.006451 -0.216879 0.096852
v -0.045364 -0.323936 0.096865
v -0.091581 -0.416188 0.096673
v -0.060547 -0.421222 0.096717
v -0.013641 -0.328614 0.096865
v 0.025248 -0.221686 0.096851
v 0.042434 -0.110737 0.096852
v -0.108643 -0.087776 0.096852
v -0.125851 -0.198873 0.096852
v -0.164765 -0.305933 0.096865
v -0.210975 -0.397204 0.096668
v -0.179948 -0.402182 0.096720
v -0.133038 -0.310605 0.096864
v -0.094152 -0.203680 0.096851
v -0.076966 -0.092731 0.096852
v -0.081574 0.021154 0.096865
v -0.098412 0.122787 0.096718
v -0.129523 0.127267 0.096670
v -0.113238 0.026244 0.096863
v -0.439385 -0.439172 -0.113246
v -0.439385 -0.439172 0.114714
v -0.389535 -0.394873 0.095553
v -0.389535 -0.394873 -0.093967
v -0.164767 -0.305934 -0.105286
v -0.125849 -0.198873 -0.105276
v -0.108642 -0.087777 -0.105275
v -0.113238 0.026244 -0.105286
v -0.129523 0.127267 -0.105093
v -0.098412 0.122787 -0.105141
v -0.081575 0.021154 -0.105289
v -0.076966 -0.092731 -0.105274
v -0.094150 -0.203680 -0.105273
v -0.133040 -0.310606 -0.105288
v -0.179944 -0.402180 -0.105142
v -0.210973 -0.397205 -0.105093
v 0.091011 -0.117309 0.095351
v 0.073540 -0.229550 0.095351
v 0.073540 -0.229551 -0.093764
v 0.091011 -0.117309 -0.093764
v -0.114976 0.027571 0.095363
v -0.131095 0.127580 0.095170
v -0.131095 0.127580 -0.103593
v -0.114977 0.027571 -0.103786
v -0.195091 -0.075317 0.095352
v -0.211862 -0.183591 0.095351
v -0.211860 -0.183590 -0.103773
v -0.195093 -0.075317 -0.103776
v -0.297949 0.179863 0.095168
v 0.066020 0.123293 0.095219
v 0.066020 0.123292 -0.093632
v -0.297949 0.179863 -0.093581
v -0.281358 0.057620 -0.093781
v -0.276215 -0.058239 -0.093764
v -0.276215 -0.058239 0.095351
v -0.281357 0.057620 0.095368
v -0.212572 -0.397039 -0.103593
v -0.212575 -0.397038 0.095168
v -0.166825 -0.306669 0.095365
v -0.166827 -0.306670 -0.103786
v -0.285032 -0.284943 -0.103787
v -0.285031 -0.284942 0.095365
v -0.247223 -0.180927 0.095352
v -0.247221 -0.180926 -0.103776
v -0.249258 0.147875 0.095169
v -0.217993 0.143316 0.095219
v -0.217991 0.143316 -0.103642
v -0.249257 0.147875 -0.103592
v -0.132343 -0.312541 0.095364
v -0.178422 -0.402491 0.095220
v -0.178418 -0.402490 -0.103642
v -0.132344 -0.312542 -0.103788
v -0.012279 -0.575067 -0.115121
v -0.449130 -0.507264 -0.115126
v -0.439254 -0.441879 -0.115239
v -0.001979 -0.509811 -0.115272
v -0.075691 -0.094299 0.095352
v -0.092462 -0.202573 0.095351
v -0.092460 -0.202572 -0.103773
v -0.075691 -0.094299 -0.103774
v -0.299982 -0.385655 0.095217
v -0.331170 -0.380597 0.095173
v -0.331171 -0.380597 -0.103595
v -0.299983 -0.385655 -0.103640
v 0.009193 -0.104198 -0.103775
v 0.009192 -0.104198 0.095352
v 0.004728 0.006587 0.095364
v 0.004727 0.006587 -0.103786
v -0.012938 -0.330550 0.095365
v -0.059023 -0.421531 0.095217
v -0.059024 -0.421532 -0.103640
v -0.012939 -0.330550 -0.103789
v -0.046232 -0.321930 -0.103787
v -0.046231 -0.321930 0.095365
v -0.008423 -0.217914 0.095352
v -0.008421 -0.217914 -0.103776
v 0.004424 0.009566 0.095364
v -0.011694 0.109637 0.095170
v -0.011695 0.109637 -0.103592
v 0.004423 0.009566 -0.103786
v 0.026196 -0.223470 0.095351
v -0.011749 -0.327801 0.095365
v -0.011750 -0.327802 -0.103789
v 0.026197 -0.223469 -0.103773
v -0.061182 -0.422642 0.095217
v -0.092370 -0.417585 0.095173
v -0.092371 -0.417584 -0.103595
v -0.061183 -0.422642 -0.103640
v -0.245251 -0.179891 0.096852
v -0.284164 -0.286949 0.096865
v -0.330381 -0.379201 0.096673
v -0.299347 -0.384235 0.096717
v -0.252441 -0.291627 0.096865
v -0.213552 -0.184698 0.096851
v -0.196366 -0.073749 0.096852
v -0.200974 0.040198 0.096864
v -0.217814 0.141771 0.096719
v -0.248924 0.146305 0.096669
v -0.232637 0.045286 0.096864
v -0.228043 -0.068795 0.096852
v -0.000787 -0.507152 0.114667
v -0.000788 -0.507152 -0.113199
v -0.020674 -0.453050 -0.093959
v -0.020675 -0.453049 0.095545
v -0.045366 -0.323937 -0.105287
v -0.006449 -0.216879 -0.105276
v 0.010758 -0.105782 -0.105275
v 0.006162 0.008239 -0.105286
v -0.010123 0.109319 -0.105092
v 0.020988 0.104783 -0.105142
v 0.037825 0.003148 -0.105289
v 0.042434 -0.110737 -0.105274
v 0.025250 -0.221685 -0.105273
v -0.013642 -0.328615 -0.105289
v -0.060548 -0.421222 -0.105140
v -0.091582 -0.416188 -0.105095
v -0.180587 -0.403602 0.095220
v -0.211774 -0.398599 0.095168
v -0.211772 -0.398601 -0.103593
v -0.180584 -0.403600 -0.103642
v 0.043709 -0.112304 0.095352
v 0.026938 -0.220578 0.095351
v 0.026940 -0.220577 -0.103773
v 0.043709 -0.112304 -0.103774
v -0.229609 -0.067211 -0.103774
v -0.229608 -0.067210 0.095352
v -0.234071 0.043634 0.095364
v -0.234071 0.043635 -0.103787
v -0.246479 -0.178034 -0.103776
v -0.246481 -0.178034 0.095352
v -0.229777 -0.070192 0.095352
v -0.229778 -0.070192 -0.103774
v -0.212604 -0.186483 0.095351
v -0.250549 -0.290814 0.095365
v -0.250550 -0.290814 -0.103789
v -0.212603 -0.186482 -0.103773
v -0.276378 -0.061219 -0.093764
v -0.293685 -0.173029 -0.093764
v -0.293685 -0.173030 0.095351
v -0.276378 -0.061220 0.095351
v -0.129856 0.128835 0.095170
v -0.098592 0.124332 0.095218
v -0.098592 0.124331 -0.103641
v -0.129856 0.128835 -0.103593
v -0.284166 -0.286949 -0.105287
v -0.245249 -0.179891 -0.105276
v -0.228043 -0.068795 -0.105274
v -0.232637 0.045286 -0.105287
v -0.248923 0.146306 -0.105092
v -0.217812 0.141770 -0.105142
v -0.200974 0.040197 -0.105287
v -0.196368 -0.073749 -0.105276
v -0.213550 -0.184698 -0.105273
v -0.252442 -0.291627 -0.105289
v -0.299349 -0.384235 -0.105140
v -0.330382 -0.379201 -0.105095
v 0.084425 0.002170 -0.095281
v 0.089736 -0.115745 -0.095264
v 0.071850 -0.230654 -0.095264
v 0.030959 -0.341613 -0.095281
v -0.022722 -0.451658 -0.094423
v -0.002496 -0.506792 -0.114743
v -0.437264 -0.439248 -0.114713
v -0.387503 -0.394732 -0.094186
v -0.333360 -0.285979 -0.095281
v -0.292455 -0.174889 -0.095264
v -0.274643 -0.059819 -0.095264
v -0.279929 0.059265 -0.095281
v -0.297641 0.178296 -0.095081
v 0.066184 0.121748 -0.095132
v 0.071850 -0.230654 0.096851
v 0.089736 -0.115744 0.096851
v 0.084425 0.002170 0.096868
v 0.066184 0.121749 0.096719
v -0.297641 0.178297 0.096668
v -0.279929 0.059265 0.096868
v -0.274643 -0.059820 0.096851
v -0.292455 -0.174890 0.096851
v -0.333360 -0.285980 0.096867
v -0.387500 -0.394733 0.095777
v -0.437263 -0.439247 0.116180
v -0.002497 -0.506791 0.116210
v -0.022724 -0.451656 0.096014
v 0.030959 -0.341613 0.096868
v -0.110207 -0.086192 -0.103775
v -0.110208 -0.086192 0.095352
v -0.114672 0.024593 0.095363
v -0.114673 0.024593 -0.103786
v -0.251738 -0.293563 0.095365
v -0.297823 -0.384544 0.095217
v -0.297824 -0.384544 -0.103640
v -0.251739 -0.293563 -0.103789
v -0.216267 0.141608 0.095219
v -0.199722 0.041830 0.095364
v -0.199722 0.041830 -0.103787
v -0.216265 0.141607 -0.103642
v -0.281649 0.060602 0.095368
v -0.299206 0.178611 0.095168
v -0.299206 0.178611 -0.093581
v -0.281649 0.060602 -0.093781
v -0.450612 -0.507034 -0.113626
v -0.450612 -0.507034 0.115091
v -0.440736 -0.441649 0.115204
v -0.440736 -0.441649 -0.113739
v 0.031681 -0.343551 0.095368
v -0.020536 -0.450295 0.095132
v -0.020536 -0.450295 -0.093545
v 0.031681 -0.343551 -0.093781
v 0.067727 0.121578 0.095219
v 0.085695 0.003800 0.095368
v 0.085695 0.003800 -0.093781
v 0.067727 0.121578 -0.093632
v -0.012279 -0.575067 0.116586
v -0.001979 -0.509811 0.116737
v -0.439254 -0.441879 0.116704
v -0.449130 -0.507264 0.116591
v -0.012509 -0.576549 0.115086
v -0.449358 -0.508746 0.115091
v -0.449358 -0.508746 -0.113626
v -0.012509 -0.576549 -0.113621
vn 0.3707 -0.1365 0.9186
vn 0.3710 -0.1359 0.9186
vn 0.3611 -0.1427 0.9216
vn -0.8631 0.3179 0.3924
vn -0.8628 0.3181 0.3929
vn -0.8573 0.3267 0.3980
vn 0.5459 -0.8378 -0.0000
vn 0.5429 -0.8397 -0.0108
vn 0.5474 -0.8368 -0.0113
vn -0.9683 -0.2500 -0.0000
vn -0.9661 -0.2580 -0.0079
vn -0.9710 -0.2390 -0.0015
vn 0.3707 -0.1365 -0.9187
vn 0.3606 -0.1408 -0.9220
vn 0.3698 -0.1246 -0.9207
vn -0.8633 0.3177 -0.3922
vn -0.8572 0.3281 -0.3969
vn -0.8673 0.3078 -0.3913
vn 0.9523 0.3053 -0.0002
vn 0.9524 0.3049 0.0003
vn 0.9503 0.3111 -0.0108
vn -0.5829 0.8126 -0.0010
vn -0.5829 0.8126 0.0005
vn -0.5765 0.8171 -0.0089
vn -0.9690 -0.2472 0.0009
vn -0.9676 -0.2525 -0.0022
vn -0.9678 -0.2515 0.0031
vn 0.5440 -0.8391 0.0041
vn 0.5428 -0.8399 0.0029
vn 0.5434 -0.8395 -0.0028
vn -0.3747 0.1331 0.9175
vn -0.3732 0.1313 0.9184
vn -0.3714 0.1320 0.9190
vn 0.8661 -0.3127 0.3900
vn 0.8653 -0.3105 0.3934
vn 0.8639 -0.3123 0.3952
vn -0.5854 0.8107 0.0036
vn -0.5836 0.8120 0.0012
vn -0.5830 0.8124 -0.0016
vn 0.9520 0.3060 0.0027
vn 0.9513 0.3082 -0.0033
vn 0.9514 0.3081 0.0024
vn -0.3744 0.1333 -0.9176
vn -0.3703 0.1382 -0.9186
vn -0.3720 0.1323 -0.9188
vn 0.8658 -0.3129 -0.3904
vn 0.8626 -0.3161 -0.3949
vn 0.8638 -0.3117 -0.3958
vn -0.9062 -0.4229 -0.0009
vn -0.9060 -0.4232 0.0008
vn -0.9043 -0.4269 -0.0032
vn 0.6838 -0.7297 -0.0032
vn 0.6838 -0.7297 0.0036
vn 0.6829 -0.7305 0.0022
vn -0.3949 0.0574 0.9169
vn -0.3935 0.0587 0.9174
vn -0.3938 0.0619 0.9171
vn 0.9080 -0.1413 0.3945
vn 0.9076 -0.1397 0.3960
vn 0.9070 -0.1430 0.3962
vn -0.7335 0.6797 -0.0003
vn -0.7323 0.6810 0.0007
vn -0.7323 0.6810 -0.0015
vn 0.8729 0.4879 -0.0016
vn 0.8725 0.4885 -0.0013
vn 0.8727 0.4883 0.0009
vn -0.3943 0.0578 -0.9171
vn -0.3936 0.0625 -0.9171
vn -0.3930 0.0621 -0.9174
vn 0.9082 -0.1413 -0.3940
vn 0.9092 -0.1393 -0.3925
vn 0.9070 -0.1438 -0.3958
vn 0.4548 0.0758 0.8874
vn 0.4541 0.0725 0.8880
vn 0.4538 0.0751 0.8879
vn -0.9098 -0.1496 0.3872
vn -0.9109 -0.1505 0.3842
vn -0.9107 -0.1509 0.3846
vn 0.8864 -0.4629 -0.0000
vn 0.8862 -0.4634 -0.0000
vn 0.8861 -0.4634 -0.0011
vn -0.7207 -0.6933 -0.0000
vn -0.7203 -0.6937 -0.0008
vn 0.4545 0.0757 -0.8875
vn 0.4542 0.0747 -0.8878
vn 0.4548 0.0765 -0.8873
vn -0.9100 -0.1497 -0.3866
vn -0.9106 -0.1504 -0.3848
vn -0.9107 -0.1515 -0.3842
vn 0.4926 0.8702 0.0005
vn 0.4930 0.8700 -0.0004
vn 0.4947 0.8691 0.0001
vn -0.9681 0.2506 0.0024
vn -0.9680 0.2508 -0.0028
vn -0.9681 0.2504 -0.0004
vn -0.9061 -0.4230 -0.0009
vn -0.9059 -0.4234 0.0007
vn -0.9043 -0.4270 -0.0032
vn 0.6838 -0.7296 -0.0032
vn 0.6838 -0.7296 0.0036
vn 0.6830 -0.7304 0.0022
vn -0.3949 0.0576 0.9169
vn -0.3936 0.0589 0.9174
vn -0.3939 0.0618 0.9171
vn 0.9080 -0.1413 0.3944
vn 0.9076 -0.1395 0.3960
vn -0.7335 0.6797 -0.0004
vn -0.7322 0.6810 0.0008
vn 0.8729 0.4879 -0.0015
vn 0.8727 0.4882 0.0008
vn -0.3944 0.0577 -0.9171
vn -0.3936 0.0627 -0.9171
vn -0.3929 0.0623 -0.9175
vn 0.9082 -0.1414 -0.3939
vn 0.9091 -0.1393 -0.3925
vn 0.9070 -0.1437 -0.3958
vn 0.3722 -0.1353 0.9183
vn 0.3732 -0.1322 0.9183
vn 0.3715 -0.1333 0.9188
vn -0.8654 0.3131 0.3912
vn -0.8638 0.3143 0.3938
vn -0.8636 0.3143 0.3943
vn 0.5449 -0.8385 -0.0000
vn 0.5446 -0.8387 -0.0002
vn 0.5450 -0.8385 -0.0007
vn -0.9678 -0.2519 -0.0000
vn -0.9677 -0.2521 -0.0004
vn -0.9678 -0.2516 0.0006
vn 0.3721 -0.1352 -0.9183
vn 0.3717 -0.1356 -0.9184
vn 0.3694 -0.1341 -0.9195
vn -0.8653 0.3132 -0.3914
vn -0.8638 0.3167 -0.3918
vn -0.8639 0.3138 -0.3939
vn 0.9520 0.3060 0.0008
vn 0.9517 0.3069 -0.0024
vn 0.9511 0.3088 0.0021
vn -0.5851 0.8109 0.0033
vn -0.5840 0.8117 0.0018
vn -0.5826 0.8127 -0.0004
vn 0.0896 0.5884 0.8036
vn 0.0894 0.5879 0.8040
vn 0.0861 0.5900 0.8028
vn -0.1340 -0.9307 0.3404
vn -0.1349 -0.9317 0.3373
vn -0.1329 -0.9321 0.3370
vn 0.8619 0.5070 -0.0008
vn 0.8619 0.5071 0.0008
vn 0.8624 0.5062 -0.0012
vn 0.2611 -0.9653 -0.0015
vn 0.2623 -0.9650 -0.0002
vn 0.2627 -0.9649 -0.0007
vn 0.0893 0.5885 -0.8035
vn 0.0875 0.5876 -0.8044
vn 0.0866 0.5896 -0.8031
vn -0.1340 -0.9307 -0.3404
vn -0.1338 -0.9308 -0.3401
vn -0.1324 -0.9318 -0.3379
vn -0.7321 0.6812 -0.0004
vn -0.7319 0.6814 -0.0001
vn -0.7324 0.6809 -0.0000
vn -0.4220 -0.9066 -0.0016
vn -0.4199 -0.9076 0.0018
vn -0.4204 -0.9073 -0.0012
vn 0.3952 0.0159 0.9184
vn 0.3949 0.0164 0.9186
vn 0.3948 0.0150 0.9186
vn -0.9192 -0.0366 0.3922
vn -0.9184 -0.0382 0.3937
vn -0.9186 -0.0367 0.3935
vn 0.8134 -0.5817 0.0004
vn 0.8134 -0.5817 -0.0004
vn 0.8123 -0.5833 0.0009
vn -0.8040 -0.5946 0.0015
vn -0.8040 -0.5946 -0.0015
vn -0.8031 -0.5958 0.0001
vn 0.3952 0.0159 -0.9184
vn 0.3953 0.0144 -0.9184
vn 0.3939 0.0160 -0.9190
vn -0.9192 -0.0365 -0.3922
vn -0.9186 -0.0373 -0.3934
vn -0.9183 -0.0366 -0.3941
vn 0.7739 0.6333 -0.0000
vn 0.7736 0.6337 -0.0006
vn -0.8458 0.5335 -0.0000
vn -0.3976 0.2008 -0.8953
vn -0.3950 0.1963 -0.8975
vn -0.3862 0.2029 -0.8998
vn 0.8149 -0.4055 -0.4142
vn 0.8122 -0.4104 -0.4146
vn 0.7754 -0.4172 -0.4741
vn -0.9962 -0.0869 -0.0065
vn -0.9877 -0.1552 -0.0211
vn -0.9911 -0.1158 0.0653
vn 0.2966 -0.9550 -0.0046
vn 0.2644 -0.9622 0.0652
vn 0.2914 -0.9540 -0.0710
vn -0.3976 0.2009 0.8953
vn -0.4004 0.1253 0.9077
vn -0.3860 0.2030 0.8999
vn 0.8150 -0.4056 0.4139
vn 0.8184 -0.3930 0.4193
vn 0.7733 -0.4585 0.4380
vn -0.4876 0.8731 -0.0004
vn -0.4816 0.8763 0.0117
vn -0.4817 0.8763 -0.0115
vn 0.9833 0.1821 0.0021
vn 0.9833 0.1821 -0.0017
vn 0.9822 0.1872 -0.0114
vn -0.8791 -0.4766 0.0037
vn -0.8755 -0.4832 -0.0011
vn -0.8785 -0.4777 -0.0000
vn 0.7307 -0.6827 0.0064
vn 0.7290 -0.6845 -0.0028
vn 0.7311 -0.6822 -0.0028
vn -0.4727 0.2316 0.8503
vn -0.4708 0.2284 0.8521
vn -0.4651 0.2365 0.8531
vn 0.8421 -0.4160 0.3433
vn 0.8413 -0.4140 0.3475
vn 0.8383 -0.4172 0.3510
vn -0.4769 0.8790 -0.0058
vn -0.4768 0.8790 0.0062
vn -0.4733 0.8809 0.0010
vn 0.9853 0.1706 -0.0050
vn 0.9853 0.1708 0.0048
vn 0.9852 0.1713 -0.0035
vn -0.4725 0.2318 -0.8503
vn -0.4685 0.2388 -0.8506
vn -0.4695 0.2324 -0.8518
vn 0.8419 -0.4160 -0.3438
vn 0.8371 -0.4204 -0.3501
vn 0.8368 -0.4193 -0.3522
vn 0.3960 0.0152 0.9181
vn 0.3952 0.0166 0.9185
vn 0.3950 0.0151 0.9186
vn -0.9191 -0.0365 0.3923
vn -0.9184 -0.0367 0.3939
vn 0.8135 -0.5815 -0.0004
vn 0.8125 -0.5829 0.0005
vn 0.8125 -0.5829 -0.0017
vn -0.8042 -0.5943 -0.0015
vn -0.8037 -0.5951 -0.0015
vn -0.8041 -0.5945 0.0007
vn 0.3956 0.0153 -0.9183
vn 0.3951 0.0144 -0.9185
vn 0.3942 0.0143 -0.9189
vn -0.9191 -0.0363 -0.3923
vn -0.9187 -0.0364 -0.3933
vn -0.9185 -0.0370 -0.3937
vn 0.7737 0.6335 0.0011
vn 0.7737 0.6335 -0.0010
vn 0.7733 0.6340 -0.0002
vn -0.8460 0.5332 0.0005
vn -0.8461 0.5331 -0.0007
vn -0.8457 0.5336 0.0005
vn -0.5180 -0.0828 0.8514
vn -0.5172 -0.0841 0.8517
vn -0.5163 -0.0857 0.8521
vn 0.9266 0.1465 0.3464
vn 0.9264 0.1481 0.3462
vn 0.9253 0.1482 0.3490
vn -0.6919 0.7220 0.0019
vn -0.6920 0.7219 -0.0019
vn -0.6920 0.7219 -0.0005
vn 0.9015 0.4329 -0.0032
vn 0.9007 0.4344 -0.0002
vn 0.9009 0.4340 -0.0023
vn -0.5181 -0.0830 -0.8513
vn -0.5181 -0.0802 -0.8515
vn -0.5163 -0.0835 -0.8524
vn 0.9267 0.1465 -0.3461
vn 0.9256 0.1479 -0.3483
vn 0.9254 0.1484 -0.3487
vn -0.7200 -0.6940 0.0008
vn -0.7200 -0.6940 -0.0007
vn -0.7197 -0.6943 -0.0001
vn 0.8863 -0.4631 0.0006
vn 0.8863 -0.4630 -0.0007
vn 0.8860 -0.4636 0.0006
vn 0.3947 0.0203 0.9186
vn 0.3888 0.0292 0.9208
vn 0.4046 0.0214 0.9142
vn -0.9186 -0.0415 0.3931
vn -0.9174 -0.0308 0.3967
vn -0.9174 -0.0291 0.3970
vn 0.8141 -0.5807 -0.0007
vn 0.8142 -0.5806 -0.0000
vn 0.8129 -0.5822 -0.0112
vn -0.8022 -0.5971 -0.0000
vn -0.8005 -0.5992 -0.0116
vn 0.3947 0.0204 -0.9186
vn 0.3952 0.0182 -0.9184
vn 0.3928 0.0060 -0.9196
vn -0.9185 -0.0422 -0.3931
vn -0.9194 -0.0429 -0.3910
vn -0.9174 -0.0289 -0.3970
vn 0.7759 0.6309 -0.0007
vn 0.7759 0.6308 0.0007
vn 0.7709 0.6369 -0.0121
vn -0.8466 0.5322 -0.0026
vn -0.8466 0.5322 0.0026
vn -0.8435 0.5369 0.0119
vn 0.4545 0.0757 0.8875
vn 0.4540 0.0730 0.8880
vn 0.4560 0.0767 0.8867
vn -0.9099 -0.1497 0.3868
vn -0.9109 -0.1505 0.3843
vn -0.9106 -0.1509 0.3847
vn 0.8861 -0.4634 -0.0009
vn 0.4544 0.0757 -0.8876
vn 0.4540 0.0747 -0.8878
vn 0.4549 0.0770 -0.8872
vn -0.9101 -0.1497 -0.3865
vn -0.9104 -0.1503 -0.3853
vn -0.9107 -0.1516 -0.3842
vn 0.4934 0.8698 0.0004
vn 0.4934 0.8698 -0.0004
vn 0.4944 0.8692 0.0002
vn -0.9681 0.2507 0.0024
vn -0.9681 0.2507 -0.0024
vn -0.9689 0.2476 0.0007
vn -0.8791 -0.4767 0.0036
vn 0.7311 -0.6823 -0.0026
vn -0.4727 0.2316 0.8502
vn -0.4708 0.2285 0.8521
vn 0.8420 -0.4160 0.3433
vn -0.4768 0.8790 0.0061
vn 0.9845 0.1756 -0.0043
vn -0.4726 0.2318 -0.8503
vn -0.4648 0.2378 -0.8529
vn -0.4695 0.2325 -0.8518
vn 0.8418 -0.4161 -0.3439
vn 0.8371 -0.4203 -0.3501
vn 0.8396 -0.4155 -0.3500
vn 0.8319 0.5549 -0.0014
vn 0.8319 0.5549 0.0014
vn 0.8602 0.5084 0.0399
vn -0.7903 0.6126 -0.0046
vn -0.7903 0.6127 0.0047
vn -0.7452 0.6668 -0.0106
vn 0.5015 -0.0749 0.8619
vn 0.4366 -0.0856 0.8956
vn 0.5030 -0.0792 0.8606
vn -0.9185 0.1437 0.3683
vn -0.9192 0.1473 0.3652
vn -0.9324 0.1884 0.3084
vn 0.4545 -0.8907 -0.0008
vn 0.4545 -0.8907 0.0008
vn 0.4578 -0.8891 -0.0023
vn -0.9802 -0.1978 -0.0041
vn -0.9802 -0.1979 0.0041
vn -0.9810 -0.1938 0.0020
vn 0.5016 -0.0749 -0.8619
vn 0.5002 -0.0748 -0.8627
vn 0.5028 -0.0780 -0.8609
vn -0.9186 0.1437 -0.3682
vn -0.9218 0.1427 -0.3606
vn -0.9443 0.1011 -0.3133
vn -0.3719 0.1358 -0.9183
vn -0.3664 0.1482 -0.9186
vn -0.3730 0.1243 -0.9195
vn 0.8623 -0.3191 -0.3931
vn 0.8565 -0.3249 -0.4010
vn 0.8608 -0.3106 -0.4032
vn -0.9682 -0.2502 0.0020
vn -0.9682 -0.2502 -0.0017
vn -0.9656 -0.2600 -0.0075
vn 0.5465 -0.8375 0.0013
vn 0.5466 -0.8374 -0.0016
vn 0.5437 -0.8392 0.0125
vn -0.3717 0.1360 0.9183
vn -0.3714 0.1385 0.9181
vn -0.3730 0.1241 0.9195
vn 0.8622 -0.3195 0.3932
vn 0.8633 -0.3165 0.3931
vn 0.8608 -0.3107 0.4030
vn -0.5829 0.8126 -0.0016
vn -0.5829 0.8126 0.0013
vn -0.5733 0.8193 0.0032
vn 0.9522 0.3054 -0.0010
vn 0.9523 0.3053 0.0012
vn 0.9519 0.3062 -0.0124
vn -0.9192 -0.0365 0.3921
vn -0.9185 -0.0382 0.3936
vn -0.9186 -0.0367 0.3934
vn 0.8133 -0.5818 0.0004
vn 0.8133 -0.5819 -0.0003
vn 0.8124 -0.5831 0.0006
vn -0.8040 -0.5947 0.0014
vn -0.8040 -0.5947 -0.0015
vn -0.8031 -0.5959 0.0001
vn 0.3952 0.0159 -0.9185
vn 0.3953 0.0144 -0.9185
vn -0.9192 -0.0366 -0.3921
vn -0.9186 -0.0373 -0.3933
vn 0.7743 0.6328 -0.0000
vn 0.7736 0.6337 -0.0005
vn -0.8458 0.5335 0.0003
vn 0.8864 0.1469 0.4389
vn 0.8857 0.1453 0.4410
vn 0.8862 0.1465 0.4395
vn 0.3538 0.0557 -0.9337
vn 0.3515 0.0572 -0.9345
vn 0.3534 0.0562 -0.9338
vn 0.1166 0.7923 0.5989
vn 0.1173 0.7922 0.5988
vn 0.1191 0.7907 0.6005
vn 0.0522 0.3414 -0.9385
vn 0.0489 0.3414 -0.9387
vn 0.0501 0.3442 -0.9375
vn -0.8331 -0.1366 0.5361
vn -0.8334 -0.1335 0.5362
vn -0.8336 -0.1357 0.5355
vn -0.3605 -0.0584 -0.9309
vn -0.3612 -0.0588 -0.9306
vn -0.3605 -0.0597 -0.9309
vn -0.9273 -0.0388 0.3723
vn -0.9271 -0.0378 0.3729
vn -0.9273 -0.0379 0.3725
vn -0.3719 -0.0159 -0.9281
vn -0.3706 -0.0148 -0.9287
vn -0.3711 -0.0156 -0.9285
vn -0.9172 0.1418 0.3724
vn -0.9171 0.1421 0.3725
vn -0.9173 0.1429 0.3717
vn -0.3643 0.0564 -0.9296
vn -0.3639 0.0559 -0.9298
vn -0.3666 0.0562 -0.9287
vn -0.8717 0.3169 0.3736
vn -0.8716 0.3171 0.3739
vn -0.8724 0.3179 0.3714
vn -0.3490 0.1267 -0.9285
vn -0.3524 0.1281 -0.9271
vn -0.3489 0.1291 -0.9282
vn -0.7532 0.3799 0.5370
vn -0.7551 0.3794 0.5347
vn -0.7572 0.3803 0.5310
vn -0.3269 0.1629 -0.9309
vn -0.3275 0.1691 -0.9296
vn -0.3245 0.1694 -0.9306
vn -0.1281 -0.7901 0.5995
vn -0.1229 -0.7928 0.5969
vn -0.1269 -0.7890 0.6012
vn -0.0528 -0.3402 -0.9389
vn -0.0541 -0.3438 -0.9375
vn -0.0581 -0.3415 -0.9381
vn 0.8015 -0.4068 0.4382
vn 0.8025 -0.4027 0.4403
vn 0.8020 -0.4042 0.4397
vn 0.3205 -0.1582 -0.9339
vn 0.3196 -0.1599 -0.9340
vn 0.3211 -0.1605 -0.9334
vn 0.8717 -0.3170 0.3736
vn 0.8718 -0.3170 0.3736
vn 0.8724 -0.3172 0.3720
vn 0.3488 -0.1271 -0.9285
vn 0.3508 -0.1276 -0.9277
vn 0.3482 -0.1287 -0.9285
vn 0.9172 -0.1421 0.3722
vn 0.9180 -0.1423 0.3701
vn 0.3642 -0.0564 -0.9296
vn 0.3647 -0.0557 -0.9295
vn 0.9268 0.0374 0.3736
vn 0.9270 0.0366 0.3732
vn 0.9269 0.0380 0.3735
vn 0.3710 0.0152 -0.9285
vn 0.3699 0.0164 -0.9289
vn 0.3716 0.0154 -0.9283
vn -0.9171 0.1415 0.3727
vn -0.9170 0.1420 0.3728
vn -0.9173 0.1431 0.3717
vn -0.3665 0.0562 -0.9287
vn -0.8719 0.3157 0.3743
vn -0.8716 0.3171 0.3738
vn -0.8724 0.3180 0.3713
vn -0.3482 0.1255 -0.9290
vn -0.3521 0.1267 -0.9274
vn -0.3488 0.1292 -0.9282
vn -0.7549 0.3835 0.5320
vn -0.7520 0.3826 0.5368
vn -0.7539 0.3839 0.5331
vn -0.3264 0.1707 -0.9297
vn -0.3263 0.1680 -0.9302
vn -0.3243 0.1700 -0.9306
vn -0.1211 -0.7932 0.5968
vn -0.1235 -0.7920 0.5979
vn -0.1249 -0.7897 0.6006
vn -0.0546 -0.3460 -0.9367
vn -0.0556 -0.3392 -0.9391
vn -0.0555 -0.3414 -0.9383
vn 0.7991 -0.4073 0.4422
vn 0.8001 -0.4078 0.4399
vn 0.7996 -0.4089 0.4397
vn 0.3179 -0.1646 -0.9337
vn 0.3203 -0.1624 -0.9333
vn 0.3193 -0.1619 -0.9337
vn 0.8719 -0.3170 0.3732
vn 0.8726 -0.3170 0.3716
vn 0.8722 -0.3168 0.3728
vn 0.3484 -0.1269 -0.9287
vn 0.3504 -0.1274 -0.9279
vn 0.3480 -0.1272 -0.9288
vn 0.3648 -0.0555 -0.9294
vn 0.9270 0.0366 0.3733
vn 0.8856 0.1465 0.4407
vn 0.8855 0.1453 0.4413
vn 0.8861 0.1465 0.4397
vn 0.3531 0.0571 -0.9338
vn 0.3544 0.0563 -0.9334
vn 0.1169 0.7923 0.5989
vn 0.1174 0.7922 0.5989
vn 0.1163 0.7930 0.5980
vn 0.0502 0.3426 -0.9382
vn 0.0512 0.3430 -0.9379
vn 0.0507 0.3415 -0.9385
vn -0.8340 -0.1354 0.5348
vn -0.8342 -0.1363 0.5344
vn -0.8337 -0.1358 0.5353
vn -0.3600 -0.0601 -0.9310
vn -0.3613 -0.0586 -0.9306
vn -0.3605 -0.0597 -0.9308
vn -0.9273 -0.0390 0.3722
vn -0.9271 -0.0378 0.3730
vn -0.9272 -0.0379 0.3726
vn -0.3720 -0.0160 -0.9281
vn -0.3710 -0.0156 -0.9285
vn -0.9945 0.1047 0.0006
vn -0.9853 0.1673 0.0338
vn -0.9853 0.1674 -0.0338
vn 0.1805 -0.9836 -0.0007
vn 0.1806 -0.9836 -0.0000
vn 0.1583 -0.9850 -0.0687
vn -0.1520 0.5310 0.8336
vn -0.0890 0.5648 0.8204
vn -0.0898 0.5644 0.8206
vn 0.6877 -0.5866 0.4277
vn 0.6873 -0.5907 0.4227
vn 0.7129 -0.5284 0.4609
vn -0.0644 0.9979 -0.0000
vn 0.0014 0.9992 0.0395
vn -0.0558 0.9959 -0.0710
vn 0.9901 -0.1402 0.0065
vn 0.9901 -0.1402 -0.0064
vn 0.9946 -0.0901 -0.0514
vn -0.1514 0.5319 -0.8332
vn -0.1472 0.5374 -0.8304
vn -0.0803 0.5363 -0.8402
vn 0.6884 -0.5860 -0.4274
vn 0.7206 -0.5900 -0.3642
vn 0.7372 -0.5383 -0.4083
vn -0.8713 0.3184 -0.3734
vn -0.8732 0.3155 -0.3715
vn -0.8726 0.3182 -0.3706
vn -0.3503 0.1275 0.9279
vn -0.3462 0.1287 0.9293
vn -0.3488 0.1301 0.9281
vn -0.9167 0.1392 -0.3746
vn -0.9179 0.1390 -0.3717
vn -0.9169 0.1434 -0.3723
vn -0.3637 0.0574 0.9297
vn -0.3661 0.0570 0.9288
vn -0.3678 0.0562 0.9282
vn -0.9276 -0.0403 -0.3713
vn -0.9266 -0.0384 -0.3741
vn -0.9275 -0.0378 -0.3718
vn -0.3731 -0.0170 0.9277
vn -0.3712 -0.0157 0.9284
vn -0.3709 -0.0163 0.9285
vn -0.8342 -0.1354 -0.5346
vn -0.8358 -0.1338 -0.5324
vn -0.8348 -0.1347 -0.5339
vn -0.3599 -0.0600 0.9311
vn -0.3606 -0.0593 0.9308
vn -0.3590 -0.0608 0.9313
vn 0.1169 0.7921 -0.5991
vn 0.1163 0.7927 -0.5984
vn 0.1177 0.7917 -0.5995
vn 0.0503 0.3425 0.9382
vn 0.0504 0.3434 0.9378
vn 0.8858 0.1466 -0.4403
vn 0.8862 0.1465 -0.4395
vn 0.8861 0.1456 -0.4400
vn 0.3534 0.0567 0.9337
vn 0.3515 0.0543 0.9346
vn 0.3544 0.0565 0.9334
vn 0.9272 0.0384 -0.3727
vn 0.9258 0.0395 -0.3759
vn 0.9272 0.0378 -0.3727
vn 0.3718 0.0163 0.9282
vn 0.3719 0.0162 0.9281
vn 0.3712 0.0162 0.9284
vn 0.9176 -0.1432 -0.3707
vn 0.9177 -0.1432 -0.3706
vn 0.9186 -0.1404 -0.3693
vn 0.3655 -0.0537 0.9292
vn 0.3615 -0.0584 0.9305
vn 0.3629 -0.0552 0.9302
vn 0.8714 -0.3199 -0.3719
vn 0.8720 -0.3145 -0.3750
vn 0.8718 -0.3175 -0.3731
vn 0.3507 -0.1290 0.9276
vn 0.3472 -0.1279 0.9290
vn 0.3489 -0.1273 0.9285
vn 0.8000 -0.4100 -0.4381
vn 0.8001 -0.4082 -0.4396
vn 0.8001 -0.4095 -0.4383
vn 0.3196 -0.1607 0.9338
vn 0.3192 -0.1606 0.9340
vn 0.3194 -0.1610 0.9338
vn -0.1251 -0.7906 -0.5994
vn -0.1248 -0.7908 -0.5992
vn -0.1247 -0.7906 -0.5995
vn -0.0531 -0.3413 0.9385
vn -0.0546 -0.3427 0.9379
vn -0.0545 -0.3415 0.9383
vn -0.7518 0.3823 -0.5373
vn -0.7531 0.3819 -0.5357
vn -0.7525 0.3847 -0.5346
vn -0.3251 0.1656 0.9311
vn -0.3258 0.1654 0.9309
vn -0.3260 0.1694 0.9301
vn 0.3947 -0.0614 0.9168
vn 0.3876 -0.0700 0.9192
vn 0.4055 -0.0610 0.9121
vn -0.9074 0.1406 0.3961
vn -0.9036 0.1514 0.4008
vn -0.9119 0.1399 0.3858
vn 0.6830 -0.7304 -0.0010
vn 0.6830 -0.7304 0.0007
vn 0.6807 -0.7325 -0.0114
vn -0.9047 -0.4260 -0.0006
vn -0.9048 -0.4258 0.0009
vn -0.9033 -0.4289 -0.0118
vn 0.3947 -0.0610 -0.9168
vn 0.3953 -0.0608 -0.9165
vn 0.3901 -0.0726 -0.9179
vn -0.9074 0.1403 -0.3961
vn -0.9075 0.1410 -0.3956
vn -0.9039 0.1520 -0.3998
vn 0.8729 0.4879 -0.0000
vn 0.8732 0.4874 0.0002
vn 0.8703 0.4924 -0.0108
vn -0.7319 0.6814 -0.0007
vn -0.7320 0.6813 -0.0000
vn -0.7274 0.6861 -0.0093
vn -0.5174 -0.0835 0.8517
vn -0.5169 -0.0834 0.8520
vn -0.5182 -0.0838 0.8511
vn 0.9267 0.1464 0.3462
vn 0.9255 0.1477 0.3488
vn 0.9258 0.1483 0.3478
vn -0.6926 0.7213 0.0019
vn -0.6926 0.7213 -0.0019
vn -0.6904 0.7234 -0.0009
vn 0.9017 0.4324 0.0033
vn 0.9017 0.4324 -0.0033
vn 0.9013 0.4332 -0.0008
vn -0.5177 -0.0835 -0.8515
vn -0.5182 -0.0802 -0.8515
vn -0.5170 -0.0830 -0.8519
vn 0.9266 0.1464 -0.3464
vn 0.9254 0.1486 -0.3485
vn 0.9250 0.1489 -0.3496
vn -0.7198 -0.6942 -0.0000
vn -0.7193 -0.6947 0.0005
vn -0.7201 -0.6938 0.0003
vn 0.8857 -0.4642 -0.0000
vn 0.8854 -0.4648 -0.0000
vn 0.8860 -0.4636 -0.0007
vn 0.3950 -0.0623 0.9166
vn 0.3943 -0.0602 0.9170
vn 0.3940 -0.0631 0.9169
vn -0.9080 0.1374 0.3957
vn -0.9070 0.1394 0.3975
vn -0.9072 0.1412 0.3963
vn 0.6835 -0.7300 -0.0031
vn 0.6835 -0.7300 0.0033
vn 0.6819 -0.7314 0.0006
vn -0.9051 -0.4253 -0.0026
vn -0.9050 -0.4254 0.0024
vn -0.9052 -0.4250 -0.0022
vn 0.3951 -0.0622 -0.9165
vn 0.3965 -0.0591 -0.9161
vn 0.3961 -0.0636 -0.9160
vn -0.9080 0.1375 -0.3958
vn -0.9074 0.1418 -0.3957
vn -0.9068 0.1416 -0.3971
vn 0.8730 0.4878 0.0015
vn 0.8729 0.4878 -0.0015
vn 0.8722 0.4892 -0.0008
vn -0.7332 0.6800 0.0012
vn -0.7332 0.6800 -0.0012
vn -0.7324 0.6808 0.0008
vn 0.0954 0.5877 0.8034
vn 0.0953 0.5867 0.8042
vn 0.1033 0.5843 0.8049
vn -0.1451 -0.9282 0.3425
vn -0.1470 -0.9303 0.3360
vn -0.1386 -0.9265 0.3497
vn 0.8626 0.5058 0.0017
vn 0.8626 0.5058 -0.0017
vn 0.8706 0.4920 0.0021
vn 0.2568 -0.9665 0.0040
vn 0.2568 -0.9665 -0.0040
vn 0.2659 -0.9640 0.0088
vn 0.0955 0.5878 -0.8033
vn 0.0805 0.5832 -0.8083
vn 0.1033 0.5844 -0.8048
vn -0.1451 -0.9283 -0.3423
vn -0.1403 -0.9344 -0.3275
vn -0.1442 -0.9342 -0.3263
vn -0.7328 0.6804 -0.0008
vn -0.7218 0.6921 0.0040
vn -0.7218 0.6921 -0.0040
vn -0.4272 -0.9041 0.0035
vn -0.4272 -0.9041 -0.0035
vn -0.4298 -0.9028 -0.0119
vn -0.3948 -0.0181 -0.9186
vn -0.3961 -0.0197 -0.9180
vn -0.3904 -0.0053 -0.9206
vn 0.9185 0.0432 -0.3931
vn 0.9188 0.0409 -0.3927
vn 0.9158 0.0318 -0.4003
vn -0.8023 -0.5969 -0.0000
vn -0.7968 -0.6042 -0.0074
vn 0.8141 -0.5807 -0.0000
vn 0.8103 -0.5860 0.0093
vn -0.3948 -0.0176 0.9186
vn -0.3881 -0.0265 0.9212
vn -0.3967 -0.0047 0.9179
vn 0.9185 0.0432 0.3931
vn 0.9136 0.0452 0.4042
vn 0.9191 0.0293 0.3930
vn -0.8464 0.5325 -0.0026
vn -0.8464 0.5325 0.0026
vn -0.8395 0.5434 0.0018
vn 0.7755 0.6314 -0.0022
vn 0.7755 0.6314 0.0022
vn 0.7712 0.6365 -0.0122
vn -0.8780 -0.4787 -0.0012
vn -0.8778 -0.4790 0.0010
vn -0.8768 -0.4809 -0.0004
vn 0.7286 -0.6850 -0.0015
vn 0.7286 -0.6850 0.0019
vn 0.7273 -0.6863 -0.0006
vn -0.4718 0.2353 0.8497
vn -0.4695 0.2355 0.8510
vn -0.4668 0.2376 0.8519
vn 0.8378 -0.4219 0.3466
vn 0.8385 -0.4193 0.3479
vn 0.8369 -0.4207 0.3503
vn -0.4742 0.8804 -0.0036
vn -0.4741 0.8805 0.0041
vn -0.4716 0.8818 0.0016
vn 0.9856 0.1690 -0.0034
vn 0.9856 0.1693 0.0029
vn 0.9850 0.1723 -0.0027
vn -0.4714 0.2356 -0.8499
vn -0.4664 0.2395 -0.8515
vn -0.4690 0.2366 -0.8509
vn 0.8377 -0.4221 -0.3465
vn 0.8364 -0.4233 -0.3484
vn 0.8375 -0.4204 -0.3490
vn -0.9695 -0.2451 0.0014
vn -0.9673 -0.2535 -0.0033
vn -0.9681 -0.2506 0.0041
vn 0.5443 -0.8389 0.0062
vn 0.5423 -0.8402 0.0034
vn 0.5432 -0.8396 -0.0043
vn -0.3746 0.1332 0.9176
vn -0.3739 0.1294 0.9184
vn -0.3707 0.1313 0.9194
vn 0.8671 -0.3120 0.3883
vn 0.8653 -0.3106 0.3934
vn 0.8639 -0.3122 0.3952
vn -0.5854 0.8107 0.0035
vn -0.5837 0.8120 0.0012
vn -0.5831 0.8124 -0.0015
vn 0.9514 0.3081 0.0025
vn -0.3742 0.1333 -0.9177
vn -0.3701 0.1381 -0.9187
vn -0.3719 0.1307 -0.9190
vn 0.8670 -0.3122 -0.3884
vn 0.8619 -0.3172 -0.3956
vn 0.8639 -0.3117 -0.3956
vn 0.0896 0.5887 0.8033
vn 0.0894 0.5883 0.8037
vn 0.0884 0.5910 0.8018
vn -0.1339 -0.9307 0.3403
vn -0.1349 -0.9317 0.3372
vn -0.1355 -0.9316 0.3374
vn 0.8618 0.5073 0.0007
vn 0.8616 0.5075 -0.0008
vn 0.8617 0.5074 -0.0018
vn 0.2615 -0.9652 0.0020
vn 0.2615 -0.9652 -0.0016
vn 0.2629 -0.9648 -0.0003
vn 0.0893 0.5886 -0.8035
vn 0.0875 0.5875 -0.8045
vn 0.0865 0.5897 -0.8030
vn -0.1338 -0.9308 -0.3402
vn -0.1323 -0.9318 -0.3379
vn -0.7324 0.6809 0.0004
vn -0.7324 0.6808 -0.0004
vn -0.7323 0.6810 -0.0001
vn -0.4215 -0.9068 0.0016
vn -0.4215 -0.9068 -0.0016
vn -0.4184 -0.9083 -0.0006
vn 0.4098 -0.2104 0.8876
vn 0.4094 -0.2100 0.8878
vn 0.4114 -0.2099 0.8870
vn -0.8212 0.4198 0.3865
vn -0.8210 0.4221 0.3845
vn -0.8216 0.4210 0.3843
vn 0.2072 -0.9783 0.0003
vn 0.2094 -0.9778 -0.0016
vn 0.2096 -0.9778 0.0006
vn -0.9985 0.0551 0.0016
vn -0.9984 0.0562 0.0008
vn -0.9984 0.0572 -0.0013
vn 0.4094 -0.2102 -0.8878
vn 0.4096 -0.2085 -0.8881
vn 0.4099 -0.2096 -0.8877
vn -0.8213 0.4199 -0.3862
vn -0.8217 0.4205 -0.3847
vn -0.8214 0.4207 -0.3851
vn 0.9851 0.1719 -0.0000
vn 0.9850 0.1725 -0.0001
vn -0.4750 0.8800 -0.0000
vn -0.1237 -0.7973 -0.5908
vn -0.1252 -0.7958 -0.5924
vn -0.1213 -0.7964 -0.5925
vn -0.0527 -0.3401 0.9389
vn -0.0529 -0.3403 0.9388
vn -0.0496 -0.3398 0.9392
vn -0.8508 0.1293 -0.5093
vn -0.8509 0.1292 -0.5091
vn -0.8498 0.1321 -0.5103
vn -0.3490 0.0550 0.9355
vn -0.3490 0.0543 0.9356
vn -0.2948 0.0107 0.9555
vn 0.1043 0.6698 -0.7352
vn 0.1234 0.6152 -0.7786
vn 0.0345 0.6635 -0.7473
vn 0.0711 0.4564 0.8869
vn 0.0119 0.4215 0.9068
vn 0.1421 0.4602 0.8764
vn 0.8539 -0.1341 -0.5029
vn 0.8184 -0.1818 -0.5452
vn 0.8539 -0.1316 -0.5035
vn 0.3539 -0.0528 0.9338
vn 0.3523 -0.0510 0.9345
vn 0.3338 -0.1216 0.9348
vn 0.3943 -0.0603 0.9170
vn 0.3940 -0.0632 0.9169
vn -0.9080 0.1373 0.3957
vn -0.9070 0.1393 0.3975
vn -0.9071 0.1414 0.3964
vn -0.9050 -0.4253 0.0024
vn 0.3955 -0.0624 -0.9163
vn 0.3969 -0.0592 -0.9159
vn 0.3964 -0.0636 -0.9159
vn -0.9078 0.1375 -0.3962
vn -0.9071 0.1420 -0.3962
vn -0.9069 0.1399 -0.3975
vn 0.8727 0.4882 -0.0015
vn 0.8721 0.4893 0.0008
vn 0.8724 0.4888 0.0006
vn -0.7330 0.6802 -0.0012
vn -0.7322 0.6811 0.0011
vn -0.7332 0.6800 -0.0009
vn -0.0947 -0.5865 0.8044
vn -0.0967 -0.5869 0.8039
vn -0.0939 -0.5901 0.8018
vn 0.1543 0.9287 0.3373
vn 0.1554 0.9272 0.3409
vn 0.1510 0.9296 0.3361
vn -0.9006 -0.4346 0.0010
vn -0.9006 -0.4347 -0.0011
vn -0.9022 -0.4314 -0.0029
vn -0.1289 0.9917 0.0019
vn -0.1289 0.9917 -0.0018
vn -0.1312 0.9914 -0.0013
vn -0.0950 -0.5867 -0.8042
vn -0.0951 -0.5873 -0.8038
vn -0.0938 -0.5854 -0.8053
vn 0.1542 0.9286 -0.3375
vn 0.1532 0.9277 -0.3404
vn 0.1513 0.9294 -0.3367
vn 0.6727 -0.7400 0.0002
vn 0.6729 -0.7398 -0.0003
vn 0.6699 -0.7425 0.0014
vn 0.5401 0.8416 0.0015
vn 0.5401 0.8416 -0.0015
vn 0.5395 0.8420 -0.0033
vn -0.8042 -0.5944 0.0015
vn -0.8042 -0.5944 -0.0015
vn -0.8034 -0.5955 -0.0007
vn 0.8133 -0.5819 0.0014
vn 0.8132 -0.5820 -0.0013
vn 0.8126 -0.5829 0.0011
vn -0.3964 -0.0148 0.9180
vn -0.3953 -0.0169 0.9184
vn -0.3959 -0.0157 0.9181
vn 0.9185 0.0369 0.3937
vn 0.9183 0.0367 0.3942
vn 0.9183 0.0362 0.3943
vn -0.8454 0.5341 -0.0000
vn -0.8450 0.5347 -0.0003
vn 0.7735 0.6338 -0.0000
vn 0.7730 0.6344 -0.0001
vn -0.3965 -0.0147 -0.9179
vn -0.3957 -0.0160 -0.9182
vn -0.3946 -0.0159 -0.9187
vn 0.9184 0.0369 -0.3938
vn 0.9185 0.0353 -0.3938
vn 0.9180 0.0360 -0.3949
vn 0.4124 -0.2065 0.8873
vn 0.4110 -0.2071 0.8878
vn 0.4142 -0.2080 0.8861
vn -0.8221 0.4143 0.3905
vn -0.8221 0.4198 0.3847
vn -0.8229 0.4183 0.3846
vn 0.2055 -0.9787 -0.0009
vn 0.2052 -0.9787 0.0010
vn 0.2119 -0.9773 -0.0033
vn -0.9988 0.0493 0.0054
vn -0.9987 0.0511 0.0023
vn -0.9985 0.0549 -0.0022
vn 0.4123 -0.2065 -0.8874
vn 0.4118 -0.2025 -0.8885
vn 0.4114 -0.2062 -0.8878
vn -0.8223 0.4145 -0.3899
vn -0.8251 0.4161 -0.3822
vn -0.8226 0.4187 -0.3847
vn 0.9851 0.1721 -0.0007
vn 0.9851 0.1721 0.0006
vn 0.9845 0.1753 -0.0022
vn -0.4779 0.8784 -0.0024
vn -0.4779 0.8784 0.0025
vn -0.4771 0.8789 0.0012
vn -0.9687 -0.2482 -0.0037
vn -0.9681 -0.2506 0.0042
vn 0.5443 -0.8388 0.0062
vn 0.5407 -0.8412 -0.0012
vn -0.3738 0.1295 0.9184
vn -0.3707 0.1314 0.9194
vn 0.9513 0.3081 0.0025
vn -0.3682 0.1328 -0.9202
vn 0.8670 -0.3121 -0.3884
vn 0.8639 -0.3178 -0.3908
vn -0.5176 -0.0835 0.8515
vn -0.5171 -0.0834 0.8518
vn -0.5158 -0.0835 0.8526
vn 0.9268 0.1463 0.3460
vn 0.9258 0.1504 0.3469
vn 0.9258 0.1482 0.3478
vn -0.6919 0.7220 0.0016
vn -0.6922 0.7217 -0.0020
vn -0.6912 0.7226 0.0018
vn 0.9017 0.4322 0.0033
vn 0.9017 0.4322 -0.0027
vn 0.9011 0.4335 -0.0002
vn -0.5180 -0.0835 -0.8513
vn -0.5184 -0.0807 -0.8513
vn -0.5167 -0.0835 -0.8521
vn 0.9264 0.1466 -0.3468
vn 0.9254 0.1485 -0.3486
vn 0.9250 0.1488 -0.3496
vn -0.7199 -0.6941 -0.0000
vn -0.7203 -0.6937 0.0004
vn 0.3739 -0.1339 0.9178
vn 0.3729 -0.1320 0.9184
vn 0.3711 -0.1331 0.9190
vn -0.8655 0.3133 0.3908
vn -0.8648 0.3120 0.3934
vn -0.8637 0.3134 0.3947
vn 0.5453 -0.8382 0.0025
vn 0.5439 -0.8391 0.0004
vn 0.5437 -0.8393 -0.0011
vn -0.9683 -0.2497 0.0020
vn -0.9679 -0.2515 -0.0022
vn -0.9679 -0.2512 0.0017
vn 0.3741 -0.1339 -0.9177
vn 0.3710 -0.1372 -0.9185
vn 0.3693 -0.1340 -0.9196
vn -0.8654 0.3133 -0.3912
vn -0.8639 0.3168 -0.3917
vn -0.8638 0.3127 -0.3951
vn 0.9520 0.3061 0.0008
vn 0.9511 0.3089 0.0021
vn -0.5841 0.8117 0.0017
vn -0.5826 0.8128 -0.0004
vn -0.0949 -0.5865 0.8044
vn -0.0968 -0.5868 0.8039
vn -0.0940 -0.5901 0.8018
vn 0.1544 0.9287 0.3372
vn 0.1509 0.9297 0.3361
vn -0.9005 -0.4348 -0.0011
vn -0.9022 -0.4314 -0.0030
vn -0.1289 0.9917 0.0020
vn -0.1289 0.9917 -0.0017
vn -0.1313 0.9913 -0.0014
vn -0.0950 -0.5866 -0.8043
vn -0.0951 -0.5872 -0.8038
vn 0.1532 0.9277 -0.3403
vn 0.1505 0.9284 -0.3398
vn 0.6729 -0.7397 0.0003
vn 0.6729 -0.7397 -0.0003
vn 0.6721 -0.7404 0.0026
vn 0.5395 0.8420 -0.0034
vn -0.8717 0.3169 0.3737
vn -0.8723 0.3181 0.3713
vn -0.3489 0.1266 -0.9286
vn -0.3526 0.1282 -0.9270
vn -0.3269 0.1628 -0.9309
vn -0.3275 0.1690 -0.9296
vn -0.1281 -0.7901 0.5994
vn -0.1229 -0.7929 0.5969
vn -0.1269 -0.7890 0.6011
vn -0.0528 -0.3401 -0.9389
vn -0.0580 -0.3415 -0.9381
vn 0.8025 -0.4028 0.4403
vn 0.3206 -0.1583 -0.9339
vn 0.3211 -0.1605 -0.9333
vn 0.3507 -0.1276 -0.9277
vn 0.3648 -0.0556 -0.9294
vn 0.9269 0.0374 0.3735
vn 0.9271 0.0366 0.3731
vn 0.9270 0.0378 0.3730
vn 0.3709 0.0152 -0.9285
vn 0.3711 0.0158 -0.9284
vn 0.8850 0.1462 0.4420
vn 0.8858 0.1467 0.4403
vn 0.8860 0.1461 0.4400
vn 0.3526 0.0586 -0.9339
vn 0.3523 0.0547 -0.9343
vn 0.3539 0.0565 -0.9336
vn 0.1209 0.7922 0.5982
vn 0.1200 0.7912 0.5997
vn 0.1163 0.7909 0.6008
vn 0.0506 0.3453 -0.9371
vn 0.0513 0.3400 -0.9390
vn 0.0486 0.3421 -0.9384
vn -0.8359 -0.1351 0.5320
vn -0.8328 -0.1358 0.5367
vn -0.8344 -0.1358 0.5341
vn -0.3612 -0.0627 -0.9304
vn -0.3599 -0.0601 -0.9311
vn -0.3601 -0.0607 -0.9309
vn -0.9269 -0.0374 0.3734
vn -0.9270 -0.0369 0.3732
vn -0.3709 -0.0148 -0.9286
vn -0.3714 -0.0157 -0.9284
vn -0.9172 0.1417 0.3725
vn -0.9173 0.1421 0.3721
vn -0.9173 0.1432 0.3716
vn -0.3640 0.0562 -0.9297
vn 0.9444 -0.3287 -0.0000
vn 0.9206 -0.3896 -0.0281
vn -0.5967 -0.8025 -0.0000
vn -0.6308 -0.7740 0.0554
vn -0.6443 -0.7639 0.0362
vn 0.3994 0.4329 -0.8081
vn 0.4206 0.4868 -0.7656
vn 0.3549 0.4664 -0.8103
vn -0.8869 -0.1715 -0.4289
vn -0.8887 -0.1741 -0.4241
vn -0.9016 -0.1178 -0.4162
vn 0.5893 0.8079 0.0002
vn 0.5899 0.8075 -0.0002
vn 0.5781 0.8140 -0.0558
vn -0.9011 0.4335 0.0049
vn -0.8843 0.4649 0.0440
vn -0.8841 0.4651 -0.0443
vn 0.3993 0.4314 0.8090
vn 0.3986 0.4360 0.8068
vn 0.3551 0.4646 0.8112
vn -0.8867 -0.1723 0.4291
vn -0.8671 -0.1289 0.4811
vn -0.9013 -0.1191 0.4165
vn -0.8712 0.3186 -0.3735
vn -0.8721 0.3131 -0.3759
vn -0.8725 0.3182 -0.3708
vn -0.3505 0.1276 0.9278
vn -0.3464 0.1287 0.9292
vn -0.3490 0.1300 0.9281
vn -0.9179 0.1389 -0.3717
vn -0.9170 0.1436 -0.3723
vn -0.3638 0.0573 0.9297
vn -0.3660 0.0569 0.9289
vn -0.9276 -0.0404 -0.3713
vn -0.9266 -0.0385 -0.3741
vn -0.9276 -0.0379 -0.3717
vn -0.3714 -0.0156 0.9283
vn -0.8341 -0.1353 -0.5347
vn -0.8358 -0.1337 -0.5326
vn -0.8347 -0.1346 -0.5340
vn -0.3597 -0.0600 0.9311
vn -0.3611 -0.0598 0.9306
vn -0.3588 -0.0607 0.9314
vn 0.1183 0.7918 -0.5993
vn 0.1182 0.7927 -0.5981
vn 0.1195 0.7911 -0.5999
vn 0.0509 0.3424 0.9382
vn 0.0511 0.3438 0.9377
vn 0.8865 0.1464 -0.4390
vn 0.3535 0.0567 0.9337
vn 0.3516 0.0543 0.9346
vn 0.3545 0.0565 0.9333
vn 0.9272 0.0383 -0.3727
vn 0.9258 0.0396 -0.3759
vn 0.3718 0.0162 0.9282
vn 0.3720 0.0162 0.9281
vn 0.3656 -0.0537 0.9292
vn 0.3616 -0.0584 0.9305
vn 0.3629 -0.0553 0.9302
vn 0.8713 -0.3199 -0.3721
vn 0.8720 -0.3145 -0.3752
vn 0.8724 -0.3178 -0.3714
vn 0.3508 -0.1292 0.9275
vn 0.3474 -0.1280 0.9289
vn 0.3486 -0.1292 0.9283
vn 0.8011 -0.4056 -0.4401
vn 0.8014 -0.4043 -0.4409
vn 0.8024 -0.4039 -0.4395
vn 0.3199 -0.1600 0.9338
vn 0.3218 -0.1582 0.9335
vn 0.3220 -0.1601 0.9331
vn -0.1257 -0.7909 -0.5989
vn -0.1254 -0.7910 -0.5988
vn -0.1281 -0.7910 -0.5983
vn -0.0545 -0.3418 0.9382
vn -0.0568 -0.3437 0.9374
vn -0.0548 -0.3395 0.9390
vn -0.7550 0.3795 -0.5348
vn -0.7569 0.3787 -0.5327
vn -0.7582 0.3780 -0.5313
vn -0.3260 0.1652 0.9308
vn -0.3269 0.1640 0.9307
vn -0.3223 0.1679 0.9316
vn -0.0925 -0.5881 0.8035
vn -0.0943 -0.5881 0.8033
vn -0.0938 -0.5894 0.8024
vn 0.1512 0.9286 0.3388
vn 0.1517 0.9279 0.3407
vn 0.1501 0.9293 0.3376
vn -0.9018 -0.4321 -0.0000
vn -0.9027 -0.4303 -0.0009
vn -0.9017 -0.4323 -0.0009
vn -0.1302 0.9915 -0.0000
vn -0.1307 0.9914 -0.0005
vn -0.1281 0.9918 0.0010
vn -0.0924 -0.5880 -0.8035
vn -0.0926 -0.5873 -0.8040
vn 0.1511 0.9287 -0.3386
vn 0.1504 0.9289 -0.3384
vn 0.6711 -0.7414 -0.0000
vn 0.6710 -0.7414 0.0008
vn 0.6702 -0.7422 -0.0011
vn 0.5392 0.8422 -0.0000
vn 0.5387 0.8425 -0.0016
vn 0.5385 0.8426 0.0005
vn 0.3940 -0.0633 0.9169
vn -0.9081 0.1373 0.3957
vn -0.9072 0.1413 0.3963
vn 0.6820 -0.7314 0.0006
vn -0.9051 -0.4251 -0.0021
vn 0.3955 -0.0623 -0.9164
vn -0.9071 0.1419 -0.3962
vn -0.9069 0.1400 -0.3973
vn 0.8727 0.4882 -0.0014
vn 0.8722 0.4891 0.0007
vn 0.8725 0.4886 0.0002
vn -0.7330 0.6802 -0.0013
vn -0.7322 0.6811 0.0010
vn -0.7333 0.6800 -0.0009
vn -0.8040 -0.5946 -0.0016
vn -0.8033 -0.5956 0.0009
vn -0.8035 -0.5953 0.0006
vn 0.8130 -0.5823 -0.0011
vn 0.8124 -0.5830 0.0006
vn 0.8132 -0.5820 -0.0008
vn -0.3963 -0.0148 0.9180
vn -0.3951 -0.0170 0.9185
vn -0.3952 -0.0154 0.9185
vn 0.9190 0.0365 0.3927
vn 0.9185 0.0374 0.3937
vn 0.9184 0.0361 0.3941
vn -0.8461 0.5330 -0.0002
vn 0.7737 0.6335 -0.0009
vn 0.7735 0.6338 -0.0005
vn -0.3955 -0.0153 -0.9183
vn -0.3953 -0.0156 -0.9184
vn 0.9188 0.0365 -0.3931
vn 0.9186 0.0352 -0.3937
vn 0.9179 0.0375 -0.3950
vn -0.9060 -0.4234 0.0008
vn 0.6830 -0.7304 0.0021
vn -0.3949 0.0575 0.9169
vn 0.9080 -0.1414 0.3944
vn -0.7334 0.6798 0.0004
vn -0.7333 0.6799 -0.0003
vn -0.7321 0.6812 0.0008
vn 0.8727 0.4882 0.0016
vn 0.8727 0.4882 -0.0018
vn 0.8719 0.4897 -0.0000
vn -0.3947 0.0579 -0.9170
vn -0.3939 0.0627 -0.9170
vn -0.3927 0.0608 -0.9176
vn 0.9081 -0.1412 -0.3943
vn 0.9090 -0.1393 -0.3929
vn 0.9069 -0.1437 -0.3961
vn 0.3729 -0.1321 0.9184
vn 0.3712 -0.1332 0.9190
vn -0.8655 0.3132 0.3909
vn 0.5438 -0.8392 -0.0011
vn 0.3695 -0.1340 -0.9195
vn -0.8653 0.3133 -0.3912
vn -0.8637 0.3128 -0.3951
vn 0.9511 0.3088 0.0022
vn -0.3949 0.0598 -0.9168
vn -0.3946 0.0611 -0.9168
vn -0.3886 0.0710 -0.9187
vn 0.9075 -0.1398 -0.3960
vn 0.9081 -0.1398 -0.3947
vn 0.9054 -0.1527 -0.3963
vn -0.9047 -0.4260 -0.0003
vn -0.9049 -0.4256 0.0004
vn -0.9040 -0.4273 -0.0124
vn 0.6834 -0.7300 -0.0014
vn 0.6834 -0.7300 0.0010
vn 0.6783 -0.7347 0.0100
vn -0.3949 0.0600 0.9168
vn -0.3897 0.0504 0.9196
vn -0.3930 0.0723 0.9167
vn 0.9074 -0.1405 0.3960
vn 0.9042 -0.1348 0.4053
vn 0.9054 -0.1524 0.3963
vn -0.7323 0.6809 -0.0008
vn -0.7324 0.6808 -0.0000
vn -0.7248 0.6889 0.0027
vn 0.8726 0.4884 -0.0000
vn 0.8702 0.4925 -0.0108
vn 0.0866 0.5887 0.8037
vn 0.0875 0.5883 0.8039
vn -0.1319 -0.9316 0.3388
vn -0.1323 -0.9311 0.3399
vn 0.8621 0.5068 -0.0000
vn 0.8626 0.5058 -0.0007
vn 0.2623 -0.9650 -0.0000
vn 0.2628 -0.9649 -0.0001
vn 0.0866 0.5887 -0.8037
vn 0.0865 0.5879 -0.8043
vn 0.0856 0.5888 -0.8037
vn -0.1319 -0.9316 -0.3387
vn -0.1327 -0.9312 -0.3394
vn -0.1312 -0.9319 -0.3382
vn -0.7317 0.6817 -0.0000
vn -0.7321 0.6812 -0.0005
vn -0.7311 0.6823 -0.0002
vn -0.4200 -0.9075 -0.0000
vn -0.4205 -0.9073 -0.0009
vn -0.8739 0.3147 -0.3706
vn -0.3489 0.1300 0.9281
vn -0.9168 0.1392 -0.3743
vn -0.9180 0.1390 -0.3714
vn -0.9166 0.1431 -0.3734
vn -0.3653 0.0555 0.9292
vn -0.3655 0.0554 0.9292
vn -0.3675 0.0561 0.9283
vn -0.9270 -0.0374 -0.3732
vn -0.9273 -0.0363 -0.3725
vn -0.9274 -0.0362 -0.3723
vn -0.3707 -0.0147 0.9286
vn -0.3711 -0.0148 0.9285
vn -0.3696 -0.0158 0.9291
vn -0.8340 -0.1354 -0.5348
vn -0.8343 -0.1354 -0.5344
vn -0.3601 -0.0601 0.9310
vn -0.3617 -0.0599 0.9304
vn -0.3601 -0.0606 0.9310
vn 0.1183 0.7917 -0.5993
vn 0.1182 0.7927 -0.5980
vn 0.1196 0.7910 -0.6000
vn 0.0511 0.3439 0.9376
vn 0.8859 0.1467 -0.4400
vn 0.8866 0.1465 -0.4386
vn 0.8860 0.1462 -0.4400
vn 0.3531 0.0567 0.9339
vn 0.3536 0.0568 0.9337
vn 0.9262 0.0358 -0.3754
vn 0.9268 0.0374 -0.3738
vn 0.9269 0.0374 -0.3733
vn 0.3695 0.0134 0.9291
vn 0.3727 0.0146 0.9278
vn 0.3710 0.0156 0.9285
vn 0.9169 -0.1402 -0.3736
vn 0.9180 -0.1417 -0.3704
vn 0.9185 -0.1404 -0.3697
vn 0.3659 -0.0538 0.9291
vn 0.3620 -0.0584 0.9304
vn 0.3648 -0.0547 0.9295
vn 0.8011 -0.4056 -0.4402
vn 0.8013 -0.4042 -0.4409
vn 0.8023 -0.4039 -0.4395
vn 0.3188 -0.1576 0.9346
vn -0.1266 -0.7893 -0.6007
vn -0.0567 -0.3437 0.9374
vn -0.0574 -0.3415 0.9381
vn -0.7549 0.3795 -0.5349
vn -0.7568 0.3787 -0.5327
vn -0.7551 0.3832 -0.5320
vn -0.3276 0.1695 0.9295
vn 0.9131 0.0423 -0.4054
vn 0.9231 0.0758 -0.3769
vn 0.9282 0.0535 -0.3681
vn 0.3725 -0.0174 0.9279
vn 0.3768 0.0067 0.9263
vn 0.3815 0.0240 0.9241
vn 0.9219 -0.1087 -0.3718
vn 0.9209 -0.1329 -0.3664
vn 0.9199 -0.1499 -0.3624
vn 0.3671 -0.0906 0.9258
vn 0.3677 -0.0679 0.9275
vn 0.3739 -0.0516 0.9260
vn 0.8845 -0.2907 -0.3650
vn 0.8760 -0.3117 -0.3681
vn 0.8657 -0.3310 -0.3754
vn 0.3163 -0.1299 0.9397
vn 0.3503 -0.1625 0.9224
vn 0.3590 -0.1313 0.9240
vn 0.7956 -0.3574 -0.4892
vn 0.7814 -0.3853 -0.4909
vn 0.7956 -0.3949 -0.4594
vn 0.3654 -0.1911 0.9110
vn 0.2527 -0.2054 0.9455
vn 0.3810 -0.2435 0.8919
vn 0.9154 0.1788 -0.3605
vn 0.7097 0.5222 -0.4730
vn 0.8063 0.4785 -0.3477
vn 0.2085 0.0151 0.9779
vn 0.3377 -0.1563 0.9282
vn 0.4475 -0.1703 0.8779
vn 0.2405 -0.2119 -0.9472
vn -0.2507 -0.0682 -0.9657
vn -0.0785 -0.1890 -0.9788
vn -0.3809 -0.8237 0.4201
vn -0.0769 -0.8058 0.5872
vn -0.1987 -0.8227 0.5326
vn -0.7707 0.5871 -0.2478
vn -0.5068 0.7932 -0.3376
vn -0.5186 0.8083 -0.2789
vn -0.2121 0.2661 0.9403
vn -0.3871 0.2900 0.8752
vn -0.5046 0.1625 0.8479
vn -0.9201 0.1930 -0.3410
vn -0.8179 0.3588 -0.4498
vn -0.8122 0.4133 -0.4117
vn -0.4097 0.2173 0.8859
vn -0.4467 0.2334 0.8637
vn -0.4739 0.1590 0.8661
vn -0.8600 0.3105 -0.4050
vn -0.8761 0.3168 -0.3633
vn -0.8747 0.3221 -0.3622
vn -0.3559 0.0947 0.9297
vn -0.3169 0.1230 0.9404
vn -0.3448 0.1399 0.9282
vn -0.9050 0.1357 -0.4032
vn -0.9194 0.1298 -0.3714
vn -0.9180 0.1523 -0.3662
vn -0.3317 0.0545 0.9418
vn -0.3728 0.0630 0.9258
vn -0.3751 0.0588 0.9251
vn -0.9314 -0.0086 -0.3639
vn -0.9132 -0.0418 -0.4054
vn -0.9301 -0.0470 -0.3642
vn -0.3398 -0.0238 0.9402
vn -0.3820 -0.0101 0.9241
vn -0.3765 -0.0265 0.9260
vn -0.8455 -0.0918 -0.5260
vn -0.8210 -0.1134 -0.5596
vn -0.8416 -0.1333 -0.5234
vn -0.3428 -0.0841 0.9356
vn -0.3494 -0.0590 0.9351
vn -0.3659 -0.0675 0.9282
vn 0.1502 0.7756 -0.6131
vn 0.1265 0.7843 -0.6074
vn 0.1241 0.7837 -0.6086
vn 0.0216 0.3542 0.9349
vn 0.0831 0.3261 0.9417
vn 0.0446 0.3512 0.9352
vn 0.8768 0.1671 -0.4509
vn 0.8913 0.1247 -0.4360
vn 0.8930 0.1295 -0.4309
vn 0.3251 0.0395 0.9448
vn 0.3562 0.0184 0.9342
vn 0.3620 0.0417 0.9313
vn 0.9219 -0.1089 0.3719
vn 0.9064 -0.1303 0.4018
vn 0.9195 -0.1312 0.3705
vn 0.3319 -0.0549 -0.9417
vn 0.3627 -0.0679 -0.9294
vn 0.3528 -0.0557 -0.9340
vn 0.9132 0.0423 0.4052
vn 0.9261 0.0530 0.3735
vn 0.9282 0.0534 0.3681
vn 0.3725 -0.0172 -0.9279
vn 0.3393 0.0175 -0.9405
vn 0.3814 0.0240 -0.9241
vn 0.8768 0.1670 0.4510
vn 0.8724 0.1300 0.4712
vn 0.8930 0.1296 0.4311
vn 0.3253 0.0395 -0.9448
vn 0.3650 0.0581 -0.9292
vn 0.3619 0.0418 -0.9313
vn 0.1498 0.7758 0.6130
vn 0.1187 0.7725 0.6238
vn 0.1256 0.7995 0.5874
vn 0.0218 0.3538 -0.9351
vn 0.0653 0.3459 -0.9360
vn 0.0646 0.3368 -0.9393
vn -0.8451 -0.0919 0.5266
vn -0.8370 -0.1368 0.5299
vn -0.8334 -0.1387 0.5350
vn -0.3428 -0.0837 -0.9357
vn -0.3651 -0.0891 -0.9267
vn -0.3732 -0.0554 -0.9261
vn -0.9312 -0.0087 0.3644
vn -0.9313 -0.0430 0.3618
vn -0.9260 -0.0526 0.3738
vn -0.3400 -0.0233 -0.9401
vn -0.3695 -0.0504 -0.9278
vn -0.3818 -0.0157 -0.9241
vn -0.9050 0.1357 0.4031
vn -0.9116 0.1757 0.3716
vn -0.9215 0.1422 0.3613
vn -0.3319 0.0546 -0.9417
vn -0.3661 0.0222 -0.9303
vn -0.3749 0.0588 -0.9252
vn -0.8599 0.3108 0.4049
vn -0.8570 0.3519 0.3764
vn -0.8746 0.3220 0.3624
vn -0.3561 0.0948 -0.9296
vn -0.3578 0.1195 -0.9261
vn -0.3448 0.1396 -0.9282
vn -0.7977 0.4307 0.4222
vn -0.8119 0.4132 0.4124
vn -0.8277 0.4222 0.3697
vn -0.4094 0.2168 -0.8862
vn -0.2643 0.2014 -0.9432
vn -0.5038 0.2300 -0.8326
vn -0.4281 0.8866 0.1752
vn -0.6139 0.7399 0.2750
vn -0.5065 0.7927 0.3393
vn -0.2103 0.2667 -0.9406
vn -0.4185 0.1747 -0.8913
vn -0.4300 0.1877 -0.8831
vn 0.2406 -0.2123 0.9471
vn 0.0285 -0.2736 0.9614
vn 0.0098 -0.1968 0.9804
vn -0.3804 -0.8243 -0.4193
vn 0.1264 -0.8864 -0.4454
vn -0.1322 -0.8655 -0.4831
vn 0.9159 0.1776 0.3600
vn 0.8511 0.4259 0.3069
vn 0.8069 0.4775 0.3477
vn 0.2076 0.0171 -0.9781
vn 0.3283 -0.0493 -0.9433
vn 0.4468 -0.1688 -0.8786
vn 0.7955 -0.3575 0.4893
vn 0.6756 -0.5311 0.5114
vn 0.7954 -0.3950 0.4597
vn 0.3651 -0.1908 -0.9112
vn 0.3942 -0.1993 -0.8971
vn 0.3807 -0.2429 -0.8922
vn 0.8844 -0.2908 0.3650
vn 0.8642 -0.3024 0.4023
vn 0.8747 -0.3103 0.3722
vn 0.3164 -0.1300 -0.9397
vn 0.3463 -0.1403 -0.9276
vn 0.3383 -0.1265 -0.9325
vn -0.8042 -0.5944 -0.0016
vn 0.8126 -0.5829 0.0010
vn -0.3965 -0.0149 0.9179
vn -0.3954 -0.0169 0.9184
vn -0.3961 -0.0157 0.9181
vn 0.9183 0.0366 0.3942
vn -0.8454 0.5342 -0.0000
vn -0.8451 0.5345 -0.0002
vn 0.7731 0.6343 -0.0001
vn -0.3956 -0.0160 -0.9183
vn -0.3945 -0.0159 -0.9187
vn 0.9185 0.0369 -0.3937
vn 0.9186 0.0353 -0.3937
vn 0.4141 -0.2080 0.8861
vn -0.8221 0.4143 0.3904
vn -0.8221 0.4197 0.3847
vn 0.2053 -0.9787 -0.0010
vn -0.9988 0.0492 -0.0056
vn -0.9988 0.0492 0.0055
vn -0.9985 0.0544 0.0018
vn 0.4123 -0.2065 -0.8873
vn 0.4118 -0.2023 -0.8885
vn 0.4136 -0.2081 -0.8864
vn -0.8222 0.4145 -0.3901
vn -0.8250 0.4161 -0.3823
vn -0.8226 0.4186 -0.3848
vn 0.9851 0.1722 -0.0006
vn 0.9851 0.1722 0.0006
vn 0.9845 0.1752 -0.0021
vn -0.4779 0.8784 -0.0025
vn 0.4549 0.0748 0.8874
vn 0.4541 0.0726 0.8880
vn 0.4562 0.0742 0.8868
vn -0.9098 -0.1497 0.3870
vn -0.9113 -0.1502 0.3833
vn -0.9107 -0.1513 0.3843
vn 0.8865 -0.4628 0.0002
vn 0.8866 -0.4626 -0.0002
vn 0.8860 -0.4637 0.0007
vn -0.7200 -0.6940 0.0012
vn -0.7200 -0.6940 -0.0010
vn -0.7196 -0.6944 -0.0007
vn 0.4548 0.0750 -0.8874
vn 0.4545 0.0753 -0.8876
vn 0.4552 0.0772 -0.8870
vn -0.9098 -0.1497 -0.3872
vn -0.9102 -0.1504 -0.3858
vn -0.9107 -0.1511 -0.3844
vn 0.4928 0.8701 0.0005
vn 0.4930 0.8701 -0.0005
vn 0.4943 0.8693 0.0002
vn -0.9681 0.2504 -0.0028
vn -0.9688 0.2477 -0.0021
vn -0.9688 0.2479 -0.0014
vn -0.5172 -0.0795 0.8521
vn -0.5084 -0.0855 0.8569
vn -0.5270 -0.0817 0.8459
vn 0.9269 0.1377 0.3492
vn 0.9270 0.1258 0.3532
vn 0.9295 0.1246 0.3470
vn -0.6796 0.7336 0.0002
vn -0.6772 0.7357 -0.0122
vn -0.6773 0.7356 0.0122
vn 0.9061 0.4230 -0.0000
vn 0.9112 0.4120 0.0044
vn 0.9112 0.4120 -0.0044
vn -0.5173 -0.0795 -0.8521
vn -0.5176 -0.0774 -0.8521
vn -0.5270 -0.0817 -0.8459
vn 0.9270 0.1376 -0.3488
vn 0.9278 0.1388 -0.3463
vn 0.9256 0.1270 -0.3565
vn -0.7301 -0.6834 0.0006
vn -0.7215 -0.6924 -0.0086
vn -0.7292 -0.6841 0.0130
vn 0.8816 -0.4720 0.0025
vn 0.8774 -0.4797 0.0097
vn 0.8802 -0.4745 -0.0129
vn -0.7116 -0.7026 -0.0031
vn -0.7117 -0.7025 0.0031
vn -0.7086 -0.7056 0.0031
vn 0.8756 -0.4830 -0.0061
vn 0.8756 -0.4830 0.0061
vn 0.8765 -0.4814 -0.0025
vn -0.5096 0.0716 0.8574
vn -0.5121 0.0710 0.8560
vn -0.5126 0.0797 0.8549
vn 0.9226 -0.1349 0.3615
vn 0.9184 -0.1373 0.3711
vn 0.9041 -0.2094 0.3724
vn -0.5877 0.8091 0.0007
vn -0.5945 0.8008 -0.0721
vn -0.5945 0.8008 0.0721
vn 0.9436 0.3310 0.0051
vn 0.9618 0.2707 0.0405
vn 0.9618 0.2706 -0.0406
vn -0.5095 0.0716 -0.8575
vn -0.5685 0.0468 -0.8214
vn -0.5125 0.0797 -0.8550
vn 0.9226 -0.1350 -0.3614
vn 0.9210 -0.1358 -0.3651
vn 0.9042 -0.2093 -0.3724
vn 0.4276 -0.2061 0.8802
vn 0.4231 -0.2079 0.8819
vn 0.4130 -0.2123 0.8857
vn -0.8215 0.4005 0.4059
vn -0.8240 0.3962 0.4051
vn -0.8119 0.3696 0.4519
vn 0.6092 -0.7930 -0.0058
vn 0.6091 -0.7931 0.0050
vn 0.5666 -0.8237 0.0217
vn -0.8997 -0.4365 -0.0036
vn -0.9000 -0.4360 0.0041
vn -0.8955 -0.4415 -0.0562
vn 0.4283 -0.2058 -0.8799
vn 0.3960 -0.2563 -0.8818
vn 0.4297 -0.1984 -0.8809
vn -0.8214 0.4005 -0.4060
vn -0.8158 0.4021 -0.4158
vn -0.8118 0.3693 -0.4523
vn 0.9829 0.1843 -0.0000
vn 0.9807 0.1955 -0.0011
vn 0.9849 0.1731 0.0008
vn -0.4884 0.8726 -0.0000
vn -0.4813 0.8765 -0.0080
vn -0.4901 0.8716 -0.0113
vn 0.4568 0.0721 0.8866
vn 0.4557 0.0699 0.8874
vn 0.4449 0.0721 0.8927
vn -0.9131 -0.1390 0.3832
vn -0.9128 -0.1416 0.3832
vn -0.9083 -0.1482 0.3912
vn 0.8816 -0.4720 -0.0026
vn 0.8816 -0.4720 0.0026
vn 0.8766 -0.4811 0.0081
vn -0.7295 -0.6840 -0.0021
vn -0.7295 -0.6839 0.0022
vn -0.7266 -0.6870 -0.0130
vn 0.4567 0.0721 -0.8867
vn 0.4550 0.0565 -0.8887
vn 0.4664 0.0726 -0.8816
vn -0.9133 -0.1396 -0.3826
vn -0.9083 -0.1477 -0.3914
vn -0.9082 -0.1482 -0.3913
vn 0.5059 0.8626 -0.0000
vn 0.5064 0.8623 0.0003
vn 0.4996 0.8662 0.0108
vn -0.9657 0.2595 -0.0011
vn -0.9658 0.2594 -0.0000
vn -0.9628 0.2703 0.0058
vn 0.8539 -0.1341 0.5029
vn 0.8536 -0.1342 0.5033
vn 0.8544 -0.1319 0.5026
vn 0.3537 -0.0531 -0.9339
vn 0.3538 -0.0536 -0.9338
vn 0.4104 -0.0878 -0.9077
vn 0.1043 0.6698 0.7352
vn 0.1035 0.6700 0.7351
vn 0.0697 0.7165 0.6941
vn 0.0711 0.4563 -0.8870
vn 0.0709 0.4562 -0.8870
vn 0.1421 0.4600 -0.8765
vn -0.8508 0.1294 0.5092
vn -0.8667 0.0584 0.4954
vn -0.8498 0.1321 0.5103
vn -0.3489 0.0550 -0.9355
vn -0.3466 0.0568 -0.9363
vn -0.2947 0.0106 -0.9555
vn -0.1238 -0.7977 0.5902
vn -0.1231 -0.7977 0.5904
vn -0.1212 -0.7964 0.5925
vn -0.0527 -0.3397 -0.9390
vn -0.0552 -0.3406 -0.9386
vn -0.0495 -0.3398 -0.9392
vn -0.0936 -0.5832 0.8069
vn -0.0933 -0.5824 0.8075
vn -0.0928 -0.5826 0.8074
vn 0.1447 0.9268 0.3465
vn 0.1462 0.9284 0.3415
vn 0.1466 0.9283 0.3418
vn -0.8860 -0.4637 0.0016
vn -0.8860 -0.4637 -0.0016
vn -0.8862 -0.4633 -0.0023
vn -0.1949 0.9808 0.0031
vn -0.1949 0.9808 -0.0031
vn -0.1944 0.9809 0.0031
vn -0.0937 -0.5833 -0.8069
vn -0.0876 -0.5849 -0.8063
vn -0.0932 -0.5837 -0.8066
vn 0.1447 0.9268 -0.3466
vn 0.1422 0.9289 -0.3418
vn 0.1466 0.9283 -0.3418
vn 0.7100 -0.7042 -0.0006
vn 0.7062 -0.7080 0.0018
vn 0.7059 -0.7084 -0.0005
vn 0.4855 0.8743 -0.0027
vn 0.4852 0.8744 -0.0022
vn 0.4840 0.8750 0.0027
vn 0.3610 -0.1427 0.9216
vn 0.3809 -0.1388 0.9141
vn -0.8572 0.3267 0.3980
vn -0.8674 0.3189 0.3821
vn 0.5460 -0.8378 -0.0000
vn -0.9683 -0.2499 -0.0000
vn 0.3711 -0.1355 -0.9186
vn -0.8633 0.3177 -0.3921
vn -0.8673 0.3077 -0.3912
vn -0.8628 0.3181 -0.3929
vn 0.9522 0.3055 -0.0001
vn 0.9503 0.3110 -0.0108
vn 0.9556 0.2946 0.0001
vn -0.5829 0.8126 -0.0012
vn -0.5788 0.8154 -0.0110
vn -0.9679 -0.2515 0.0031
vn -0.9691 -0.2467 -0.0010
vn 0.5433 -0.8395 -0.0029
vn 0.5440 -0.8391 -0.0036
vn -0.3747 0.1332 0.9175
vn -0.3714 0.1321 0.9190
vn -0.3707 0.1375 0.9185
vn 0.8628 -0.3168 0.3940
vn -0.5831 0.8124 -0.0016
vn -0.5854 0.8107 -0.0033
vn 0.9520 0.3059 0.0028
vn 0.9521 0.3058 -0.0030
vn -0.3720 0.1322 -0.9188
vn -0.3730 0.1318 -0.9184
vn 0.8638 -0.3118 -0.3958
vn 0.8652 -0.3109 -0.3934
vn -0.9044 -0.4268 0.0025
vn 0.6838 -0.7297 -0.0034
vn 0.6829 -0.7305 0.0023
vn 0.6826 -0.7307 -0.0030
vn -0.3941 0.0624 0.9169
vn 0.9091 -0.1391 0.3927
vn -0.7323 0.6810 -0.0014
vn -0.7335 0.6797 0.0004
vn 0.8729 0.4879 -0.0014
vn 0.8727 0.4882 0.0006
vn 0.8729 0.4879 0.0013
vn -0.3929 0.0622 -0.9175
vn -0.3928 0.0579 -0.9178
vn 0.9079 -0.1391 -0.3954
vn 0.4547 0.0757 0.8874
vn 0.4547 0.0752 0.8875
vn -0.9098 -0.1496 0.3871
vn -0.9114 -0.1500 0.3832
vn 0.8863 -0.4630 -0.0000
vn 0.8861 -0.4634 -0.0010
vn -0.7205 -0.6935 -0.0000
vn -0.7205 -0.6934 0.0005
vn 0.4540 0.0730 -0.8880
vn -0.9107 -0.1515 -0.3843
vn -0.9110 -0.1505 -0.3841
vn 0.4947 0.8690 0.0001
vn 0.4963 0.8682 0.0006
vn -0.9681 0.2506 0.0025
vn -0.9686 0.2487 -0.0007
vn -0.9044 -0.4268 0.0024
vn 0.6838 -0.7296 -0.0033
vn 0.6830 -0.7305 0.0023
vn 0.6827 -0.7307 -0.0029
vn -0.3941 0.0625 0.9169
vn 0.9079 -0.1412 0.3947
vn 0.9070 -0.1428 0.3961
vn 0.9090 -0.1392 0.3928
vn -0.7336 0.6796 0.0004
vn 0.8729 0.4879 0.0015
vn -0.3930 0.0622 -0.9175
vn 0.9082 -0.1414 -0.3938
vn 0.9079 -0.1391 -0.3955
vn 0.3721 -0.1352 0.9183
vn 0.3714 -0.1333 0.9189
vn 0.3722 -0.1358 0.9181
vn -0.8635 0.3142 0.3944
vn -0.8631 0.3163 0.3938
vn 0.5452 -0.8383 -0.0000
vn -0.9678 -0.2518 -0.0000
vn -0.9679 -0.2514 0.0005
vn 0.3721 -0.1353 -0.9183
vn 0.3695 -0.1341 -0.9195
vn 0.3732 -0.1324 -0.9183
vn -0.8653 0.3132 -0.3913
vn -0.8640 0.3138 -0.3938
vn -0.8638 0.3143 -0.3938
vn 0.9521 0.3058 -0.0008
vn -0.5827 0.8127 -0.0004
vn -0.5851 0.8109 -0.0031
vn 0.0896 0.5883 0.8036
vn 0.0861 0.5899 0.8029
vn 0.0864 0.5874 0.8047
vn -0.1338 -0.9306 0.3408
vn 0.8619 0.5071 -0.0008
vn 0.8624 0.5062 -0.0011
vn 0.8620 0.5069 0.0007
vn 0.2611 -0.9653 0.0019
vn 0.0866 0.5896 -0.8030
vn 0.0894 0.5881 -0.8038
vn -0.1347 -0.9316 -0.3376
vn -0.7320 0.6813 -0.0004
vn -0.7320 0.6813 0.0004
vn -0.4204 -0.9073 -0.0013
vn -0.4220 -0.9066 0.0017
vn 0.3952 0.0159 0.9185
vn 0.3952 0.0144 0.9185
vn -0.9192 -0.0366 0.3920
vn -0.9187 -0.0373 0.3933
vn 0.8135 -0.5816 0.0004
vn 0.8123 -0.5833 0.0011
vn 0.8132 -0.5820 -0.0010
vn -0.8040 -0.5946 0.0014
vn -0.8032 -0.5957 0.0001
vn -0.8038 -0.5949 0.0007
vn 0.3938 0.0160 -0.9190
vn 0.3950 0.0170 -0.9185
vn -0.9184 -0.0366 -0.3940
vn -0.9190 -0.0382 -0.3923
vn 0.7746 0.6325 -0.0000
vn 0.7742 0.6330 0.0007
vn -0.8460 0.5331 -0.0000
vn -0.8459 0.5333 -0.0005
vn -0.4253 0.1310 -0.8955
vn 0.7754 -0.4172 -0.4740
vn 0.8184 -0.3932 -0.4192
vn -0.9911 -0.1158 0.0652
vn -0.9962 -0.0869 0.0066
vn 0.2906 -0.9542 -0.0710
vn 0.2966 -0.9550 0.0046
vn -0.3948 0.1966 0.8975
vn 0.8149 -0.4056 0.4139
vn 0.7732 -0.4585 0.4380
vn 0.8122 -0.4105 0.4146
vn -0.4877 0.8730 -0.0005
vn -0.4817 0.8763 -0.0116
vn -0.4875 0.8731 0.0004
vn 0.9822 0.1873 0.0116
vn -0.8791 -0.4765 0.0037
vn -0.8785 -0.4778 -0.0000
vn -0.8792 -0.4765 -0.0038
vn 0.7307 -0.6827 -0.0063
vn -0.4726 0.2315 0.8503
vn -0.4649 0.2365 0.8532
vn -0.4658 0.2382 0.8522
vn 0.8398 -0.4199 0.3441
vn -0.4768 0.8790 -0.0058
vn -0.4732 0.8810 0.0016
vn 0.9853 0.1706 -0.0051
vn 0.9852 0.1714 -0.0034
vn 0.9847 0.1741 0.0041
vn -0.4727 0.2318 -0.8502
vn -0.4696 0.2325 -0.8517
vn -0.4710 0.2286 -0.8520
vn 0.8367 -0.4193 -0.3522
vn 0.8410 -0.4142 -0.3480
vn 0.3961 0.0152 0.9181
vn 0.3951 0.0151 0.9185
vn 0.3955 0.0144 0.9184
vn -0.9186 -0.0363 0.3935
vn 0.8137 -0.5813 -0.0004
vn 0.8125 -0.5829 -0.0019
vn 0.8137 -0.5813 0.0004
vn -0.8040 -0.5946 0.0009
vn -0.8042 -0.5943 0.0015
vn 0.3957 0.0153 -0.9183
vn 0.3943 0.0143 -0.9189
vn 0.3951 0.0164 -0.9185
vn -0.9192 -0.0365 -0.3921
vn -0.9185 -0.0370 -0.3936
vn -0.9185 -0.0390 -0.3936
vn 0.7737 0.6335 0.0009
vn 0.7737 0.6335 -0.0000
vn 0.7735 0.6338 0.0003
vn -0.8461 0.5331 0.0007
vn -0.8457 0.5337 0.0009
vn -0.8458 0.5335 -0.0007
vn -0.5181 -0.0829 0.8513
vn -0.5164 -0.0858 0.8520
vn -0.5181 -0.0801 0.8516
vn 0.9256 0.1477 0.3486
vn -0.6919 0.7220 -0.0005
vn -0.6907 0.7232 -0.0013
vn 0.9015 0.4328 -0.0032
vn 0.9009 0.4340 -0.0022
vn 0.9015 0.4328 0.0032
vn -0.5179 -0.0830 -0.8514
vn -0.5161 -0.0834 -0.8524
vn -0.5174 -0.0840 -0.8516
vn 0.9254 0.1484 -0.3486
vn 0.9257 0.1500 -0.3473
vn -0.7198 -0.6942 -0.0001
vn -0.7198 -0.6942 0.0002
vn 0.8863 -0.4632 0.0005
vn 0.8860 -0.4636 0.0005
vn 0.8861 -0.4635 -0.0000
vn 0.3949 0.0177 0.9186
vn -0.9174 -0.0290 0.3970
vn -0.9194 -0.0428 0.3910
vn 0.8141 -0.5808 -0.0000
vn 0.8088 -0.5880 -0.0076
vn -0.8020 -0.5973 -0.0000
vn -0.8085 -0.5885 -0.0034
vn 0.3948 0.0204 -0.9186
vn 0.3888 0.0293 -0.9209
vn -0.9174 -0.0290 -0.3970
vn -0.9151 -0.0505 -0.4001
vn 0.7759 0.6309 -0.0006
vn 0.7709 0.6369 0.0120
vn -0.8466 0.5322 -0.0027
vn -0.8435 0.5370 -0.0120
vn 0.4546 0.0751 0.8875
vn -0.9100 -0.1513 0.3859
vn 0.8860 -0.4636 -0.0000
vn 0.8861 -0.4635 -0.0012
vn -0.7205 -0.6934 0.0009
vn 0.4539 0.0730 -0.8881
vn -0.9110 -0.1506 -0.3840
vn 0.4933 0.8698 0.0004
vn 0.4944 0.8693 -0.0013
vn -0.9688 0.2477 0.0007
vn -0.9686 0.2487 -0.0011
vn -0.8790 -0.4767 0.0036
vn -0.8784 -0.4778 -0.0000
vn -0.8791 -0.4766 -0.0038
vn 0.7311 -0.6823 -0.0027
vn 0.7307 -0.6827 -0.0061
vn -0.4650 0.2364 0.8532
vn 0.8421 -0.4161 0.3433
vn -0.4746 0.8802 -0.0037
vn 0.9845 0.1756 -0.0042
vn 0.9847 0.1742 0.0041
vn -0.4726 0.2318 -0.8502
vn -0.4696 0.2326 -0.8517
vn -0.4709 0.2288 -0.8520
vn 0.8395 -0.4155 -0.3500
vn 0.8319 0.5550 -0.0014
vn 0.8602 0.5085 0.0400
vn 0.8588 0.5104 0.0435
vn -0.7452 0.6667 -0.0106
vn -0.7872 0.6126 0.0710
vn 0.5017 -0.0749 0.8618
vn 0.5032 -0.0793 0.8606
vn 0.5003 -0.0748 0.8626
vn -0.9217 0.1428 0.3606
vn 0.4578 -0.8891 -0.0024
vn 0.4589 -0.8885 0.0026
vn -0.9802 -0.1978 -0.0040
vn -0.9810 -0.1938 0.0019
vn -0.9812 -0.1932 -0.0006
vn 0.5015 -0.0749 -0.8619
vn 0.5027 -0.0779 -0.8609
vn 0.4897 -0.1510 -0.8587
vn -0.9196 0.1477 -0.3639
vn -0.3712 0.1382 -0.9182
vn 0.8623 -0.3192 -0.3931
vn 0.8608 -0.3106 -0.4031
vn 0.8634 -0.3162 -0.3930
vn -0.9682 -0.2502 0.0019
vn -0.9656 -0.2599 -0.0075
vn -0.9656 -0.2601 0.0076
vn 0.5466 -0.8374 0.0015
vn 0.5437 -0.8392 -0.0124
vn -0.3718 0.1360 0.9183
vn -0.3731 0.1241 0.9195
vn -0.3666 0.1480 0.9186
vn 0.8564 -0.3250 0.4012
vn -0.5829 0.8126 -0.0015
vn -0.5731 0.8195 -0.0033
vn 0.9522 0.3054 -0.0009
vn 0.9519 0.3061 0.0121
vn 0.3949 0.0151 0.9186
vn -0.9191 -0.0365 0.3922
vn -0.9186 -0.0373 0.3934
vn -0.8040 -0.5947 0.0015
vn -0.8038 -0.5950 0.0008
vn 0.3950 0.0169 -0.9185
vn -0.9191 -0.0382 -0.3923
vn 0.7741 0.6330 -0.0000
vn 0.7737 0.6336 -0.0005
vn -0.8459 0.5334 -0.0009
vn 0.8864 0.1469 0.4390
vn 0.8868 0.1454 0.4388
vn 0.3535 0.0562 -0.9338
vn 0.3522 0.0554 -0.9343
vn 0.1166 0.7922 0.5990
vn 0.1191 0.7907 0.6006
vn 0.1183 0.7932 0.5973
vn 0.0501 0.3442 -0.9376
vn 0.0513 0.3435 -0.9378
vn -0.8331 -0.1366 0.5360
vn -0.8334 -0.1375 0.5353
vn -0.8348 -0.1345 0.5339
vn -0.3622 -0.0599 -0.9302
vn -0.9270 -0.0374 0.3733
vn -0.3719 -0.0158 -0.9281
vn -0.3703 -0.0144 -0.9288
vn -0.9172 0.1416 0.3724
vn -0.9173 0.1430 0.3717
vn -0.9179 0.1398 0.3715
vn -0.3642 0.0564 -0.9296
vn -0.3651 0.0570 -0.9292
vn -0.8731 0.3131 0.3736
vn -0.3488 0.1291 -0.9282
vn -0.3487 0.1268 -0.9286
vn -0.7531 0.3799 0.5371
vn -0.7571 0.3803 0.5312
vn -0.7532 0.3786 0.5379
vn -0.3263 0.1657 -0.9306
vn -0.1281 -0.7902 0.5994
vn -0.1272 -0.7907 0.5989
vn -0.0581 -0.3414 -0.9381
vn -0.0539 -0.3387 -0.9393
vn 0.8016 -0.4068 0.4381
vn 0.8021 -0.4042 0.4397
vn 0.8013 -0.4057 0.4397
vn 0.3183 -0.1569 -0.9349
vn 0.8718 -0.3170 0.3735
vn 0.8723 -0.3172 0.3721
vn 0.8725 -0.3149 0.3735
vn 0.3482 -0.1286 -0.9285
vn 0.9173 -0.1421 0.3721
vn 0.9176 -0.1416 0.3714
vn 0.3638 -0.0586 -0.9296
vn 0.9268 0.0380 0.3736
vn 0.9263 0.0385 0.3749
vn 0.3715 0.0154 -0.9283
vn 0.3717 0.0147 -0.9282
vn -0.9172 0.1421 0.3723
vn -0.9172 0.1426 0.3719
vn -0.3649 0.0569 -0.9293
vn -0.8718 0.3158 0.3744
vn -0.8732 0.3142 0.3727
vn -0.3483 0.1255 -0.9290
vn -0.3488 0.1269 -0.9286
vn -0.7549 0.3834 0.5321
vn -0.7539 0.3839 0.5332
vn -0.7523 0.3809 0.5375
vn -0.3236 0.1675 -0.9312
vn -0.1212 -0.7932 0.5967
vn -0.1249 -0.7898 0.6005
vn -0.1209 -0.7917 0.5989
vn -0.0545 -0.3459 -0.9367
vn -0.0544 -0.3400 -0.9389
vn 0.7991 -0.4073 0.4421
vn 0.7997 -0.4089 0.4397
vn 0.7987 -0.4115 0.4391
vn 0.3184 -0.1598 -0.9344
vn 0.8722 -0.3168 0.3727
vn 0.8727 -0.3150 0.3731
vn 0.3485 -0.1269 -0.9287
vn 0.3480 -0.1273 -0.9288
vn 0.3494 -0.1255 -0.9285
vn 0.9180 -0.1423 0.3702
vn 0.3639 -0.0585 -0.9296
vn 0.9268 0.0374 0.3737
vn 0.8861 0.1465 0.4398
vn 0.8853 0.1472 0.4412
vn 0.3531 0.0572 -0.9338
vn 0.3535 0.0562 -0.9337
vn 0.3523 0.0554 -0.9343
vn 0.1169 0.7922 0.5989
vn 0.1163 0.7929 0.5981
vn 0.1171 0.7916 0.5997
vn 0.0502 0.3426 -0.9381
vn 0.0500 0.3422 -0.9383
vn -0.8341 -0.1354 0.5347
vn -0.8335 -0.1376 0.5351
vn -0.8351 -0.1345 0.5334
vn -0.3591 -0.0602 -0.9314
vn -0.9274 -0.0390 0.3721
vn -0.9273 -0.0378 0.3723
vn -0.9270 -0.0374 0.3732
vn -0.3702 -0.0143 -0.9288
vn -0.9945 0.1047 0.0007
vn -0.9945 0.1046 -0.0005
vn 0.1805 -0.9836 -0.0008
vn 0.1583 -0.9850 -0.0688
vn 0.1583 -0.9850 0.0687
vn -0.1519 0.5310 0.8337
vn -0.1478 0.5363 0.8310
vn 0.7130 -0.5285 0.4609
vn 0.7202 -0.5905 0.3643
vn -0.0568 0.9959 -0.0710
vn -0.0643 0.9979 -0.0000
vn 0.9945 -0.0907 -0.0520
vn 0.9902 -0.1218 0.0690
vn -0.1514 0.5319 -0.8331
vn -0.0883 0.5659 -0.8197
vn 0.7372 -0.5383 -0.4084
vn 0.6878 -0.5901 -0.4227
vn -0.8713 0.3185 -0.3734
vn -0.8726 0.3182 -0.3705
vn -0.8701 0.3187 -0.3761
vn -0.3504 0.1275 0.9279
vn -0.3515 0.1252 0.9278
vn -0.9169 0.1435 -0.3723
vn -0.9165 0.1430 -0.3736
vn -0.3627 0.0538 0.9304
vn -0.9276 -0.0402 -0.3714
vn -0.9275 -0.0378 -0.3719
vn -0.9267 -0.0366 -0.3739
vn -0.3730 -0.0170 0.9277
vn -0.8341 -0.1354 -0.5348
vn -0.8347 -0.1347 -0.5340
vn -0.8342 -0.1344 -0.5348
vn -0.3590 -0.0608 0.9314
vn -0.3621 -0.0575 0.9304
vn 0.1169 0.7922 -0.5989
vn 0.1177 0.7918 -0.5993
vn 0.0503 0.3426 0.9381
vn 0.0504 0.3435 0.9378
vn 0.0492 0.3427 0.9381
vn 0.8858 0.1466 -0.4402
vn 0.8853 0.1441 -0.4422
vn 0.3534 0.0567 0.9338
vn 0.3528 0.0574 0.9339
vn 0.9271 0.0385 -0.3727
vn 0.9271 0.0378 -0.3728
vn 0.9264 0.0364 -0.3747
vn 0.3719 0.0163 0.9281
vn 0.3712 0.0163 0.9284
vn 0.3688 0.0175 0.9293
vn 0.9187 -0.1410 -0.3689
vn 0.3655 -0.0537 0.9293
vn 0.3646 -0.0573 0.9294
vn 0.8714 -0.3200 -0.3719
vn 0.8717 -0.3175 -0.3732
vn 0.8711 -0.3177 -0.3745
vn 0.3507 -0.1291 0.9276
vn 0.3489 -0.1272 0.9285
vn 0.3501 -0.1294 0.9277
vn 0.7999 -0.4100 -0.4382
vn 0.8001 -0.4095 -0.4384
vn 0.7999 -0.4089 -0.4394
vn 0.3183 -0.1601 0.9344
vn -0.1251 -0.7905 -0.5996
vn -0.1246 -0.7905 -0.5996
vn -0.1248 -0.7906 -0.5995
vn -0.0531 -0.3412 0.9385
vn -0.0544 -0.3415 0.9383
vn -0.0535 -0.3428 0.9379
vn -0.7519 0.3823 -0.5371
vn -0.7524 0.3851 -0.5344
vn -0.7535 0.3823 -0.5349
vn -0.3252 0.1656 0.9311
vn -0.3251 0.1659 0.9310
vn 0.3946 -0.0614 0.9168
vn 0.3950 -0.0611 0.9167
vn -0.9074 0.1407 0.3961
vn -0.9073 0.1412 0.3961
vn 0.6830 -0.7304 -0.0012
vn 0.6764 -0.7365 -0.0080
vn -0.9046 -0.4262 -0.0004
vn -0.9094 -0.4159 -0.0023
vn 0.3948 -0.0605 -0.9168
vn 0.3914 -0.0502 -0.9189
vn -0.9075 0.1401 -0.3961
vn -0.9039 0.1520 -0.3997
vn -0.9057 0.1314 -0.4030
vn 0.8728 0.4882 -0.0000
vn 0.8783 0.4782 -0.0010
vn -0.7319 0.6814 -0.0008
vn -0.7284 0.6851 -0.0108
vn -0.5175 -0.0835 0.8516
vn -0.5183 -0.0838 0.8511
vn 0.9257 0.1483 0.3479
vn 0.9255 0.1486 0.3483
vn -0.6904 0.7234 -0.0010
vn -0.6907 0.7231 -0.0010
vn 0.9013 0.4333 -0.0008
vn 0.9021 0.4314 -0.0003
vn -0.5175 -0.0835 -0.8516
vn -0.5168 -0.0829 -0.8521
vn -0.5181 -0.0844 -0.8511
vn 0.9250 0.1489 -0.3495
vn 0.9253 0.1496 -0.3485
vn -0.7200 -0.6940 -0.0000
vn -0.7203 -0.6937 0.0005
vn 0.8856 -0.4645 -0.0000
vn 0.8861 -0.4636 -0.0007
vn 0.3951 -0.0624 0.9165
vn 0.3966 -0.0589 0.9161
vn -0.9073 0.1420 0.3957
vn 0.6820 -0.7314 0.0005
vn 0.6814 -0.7319 0.0013
vn -0.9052 -0.4251 -0.0022
vn -0.9042 -0.4271 0.0021
vn 0.3950 -0.0623 -0.9166
vn 0.3945 -0.0593 -0.9170
vn -0.9080 0.1374 -0.3958
vn -0.9067 0.1417 -0.3972
vn -0.9062 0.1410 -0.3987
vn 0.8726 0.4884 0.0006
vn -0.7332 0.6800 0.0011
vn -0.7325 0.6807 0.0006
vn -0.7325 0.6808 -0.0018
vn 0.1033 0.5843 0.8050
vn 0.1042 0.5892 0.8012
vn -0.1451 -0.9283 0.3425
vn -0.1386 -0.9265 0.3498
vn -0.1403 -0.9343 0.3277
vn 0.8579 0.5138 -0.0017
vn 0.2532 -0.9673 0.0120
vn 0.0954 0.5878 -0.8033
vn 0.1033 0.5845 -0.8048
vn 0.0953 0.5868 -0.8041
vn -0.1442 -0.9342 -0.3264
vn -0.1470 -0.9304 -0.3359
vn -0.7328 0.6804 0.0008
vn -0.4272 -0.9042 0.0035
vn -0.4298 -0.9029 0.0119
vn -0.3920 -0.0290 -0.9195
vn 0.9160 0.0527 -0.3976
vn -0.8022 -0.5970 -0.0000
vn -0.8022 -0.5970 0.0114
vn 0.8141 -0.5807 -0.0008
vn 0.8102 -0.5860 0.0093
vn 0.8126 -0.5827 -0.0116
vn -0.3947 -0.0176 0.9186
vn -0.3961 -0.0197 0.9180
vn 0.9185 0.0432 0.3930
vn 0.9186 0.0406 0.3930
vn -0.8464 0.5325 -0.0025
vn -0.8432 0.5375 -0.0117
vn 0.7712 0.6365 -0.0121
vn 0.7754 0.6314 0.0130
vn -0.8767 -0.4810 -0.0007
vn -0.8781 -0.4785 0.0011
vn 0.7286 -0.6850 -0.0017
vn 0.7272 -0.6864 -0.0007
vn 0.7287 -0.6848 -0.0008
vn -0.4717 0.2353 0.8498
vn -0.4666 0.2375 0.8520
vn -0.4665 0.2400 0.8513
vn 0.8369 -0.4207 0.3502
vn 0.8368 -0.4241 0.3461
vn -0.4741 0.8805 -0.0036
vn -0.4726 0.8813 -0.0024
vn 0.9850 0.1723 -0.0028
vn 0.9851 0.1718 0.0032
vn -0.4715 0.2357 -0.8498
vn -0.4691 0.2367 -0.8508
vn -0.4694 0.2358 -0.8509
vn 0.8377 -0.4221 -0.3466
vn 0.8376 -0.4204 -0.3490
vn 0.8384 -0.4197 -0.3477
vn -0.9696 -0.2448 -0.0014
vn 0.5442 -0.8389 0.0062
vn 0.5443 -0.8389 -0.0058
vn -0.3746 0.1333 0.9176
vn -0.3708 0.1313 0.9194
vn -0.3707 0.1374 0.9185
vn 0.8639 -0.3122 0.3951
vn 0.8627 -0.3178 0.3934
vn 0.9520 0.3061 0.0026
vn 0.9513 0.3081 0.0024
vn 0.9520 0.3059 -0.0029
vn -0.3736 0.1296 -0.9185
vn 0.8669 -0.3122 -0.3885
vn 0.8639 -0.3119 -0.3956
vn 0.8652 -0.3110 -0.3933
vn 0.0896 0.5887 0.8034
vn 0.0855 0.5899 0.8029
vn -0.1355 -0.9316 0.3373
vn -0.1312 -0.9313 0.3399
vn 0.8619 0.5071 0.0007
vn 0.8618 0.5073 -0.0017
vn 0.8622 0.5066 -0.0012
vn 0.2629 -0.9648 -0.0002
vn 0.2610 -0.9653 -0.0022
vn 0.0865 0.5897 -0.8029
vn 0.0894 0.5881 -0.8039
vn -0.1323 -0.9319 -0.3378
vn -0.1347 -0.9316 -0.3375
vn -0.7325 0.6808 0.0004
vn -0.7324 0.6808 -0.0001
vn -0.7319 0.6814 -0.0025
vn -0.4215 -0.9068 0.0017
vn -0.4199 -0.9076 -0.0014
vn 0.4101 -0.2083 0.8879
vn -0.8217 0.4205 0.3847
vn 0.2071 -0.9783 0.0003
vn 0.2096 -0.9778 0.0005
vn 0.2075 -0.9782 -0.0002
vn -0.9985 0.0551 0.0014
vn -0.9984 0.0571 -0.0013
vn -0.9985 0.0550 -0.0018
vn 0.4096 -0.2097 -0.8878
vn -0.8213 0.4198 -0.3862
vn -0.8216 0.4212 -0.3843
vn 0.9849 0.1730 -0.0000
vn 0.9850 0.1726 0.0002
vn -0.4752 0.8799 -0.0000
vn -0.4745 0.8803 0.0002
vn -0.4750 0.8800 -0.0006
vn -0.1242 -0.7973 -0.5907
vn -0.1212 -0.7964 -0.5925
vn -0.1234 -0.7975 -0.5906
vn -0.0527 -0.3402 0.9389
vn -0.0495 -0.3397 0.9392
vn -0.0555 -0.3392 0.9391
vn -0.8508 0.1294 -0.5093
vn -0.8672 0.0576 -0.4946
vn -0.3466 0.0569 0.9363
vn 0.0345 0.6635 -0.7474
vn 0.1037 0.6700 -0.7351
vn 0.0711 0.4563 0.8870
vn 0.0709 0.4564 0.8870
vn 0.8538 -0.1341 -0.5030
vn 0.8538 -0.1316 -0.5037
vn 0.8538 -0.1343 -0.5030
vn 0.3538 -0.0534 0.9338
vn 0.3966 -0.0590 0.9161
vn -0.9072 0.1412 0.3962
vn -0.9073 0.1419 0.3957
vn 0.3965 -0.0636 -0.9158
vn 0.3960 -0.0605 -0.9163
vn -0.9069 0.1400 -0.3974
vn -0.9060 0.1410 -0.3990
vn 0.8723 0.4889 0.0006
vn 0.8727 0.4882 0.0015
vn -0.7333 0.6799 -0.0009
vn -0.7331 0.6801 0.0013
vn -0.0948 -0.5866 0.8043
vn -0.0953 -0.5870 0.8039
vn 0.1509 0.9296 0.3362
vn 0.1532 0.9278 0.3401
vn -0.9022 -0.4313 -0.0030
vn -0.9010 -0.4339 -0.0027
vn -0.1289 0.9917 0.0018
vn -0.1311 0.9914 -0.0013
vn -0.1253 0.9921 -0.0001
vn -0.0937 -0.5853 -0.8053
vn -0.0962 -0.5871 -0.8038
vn 0.1504 0.9290 -0.3381
vn 0.6727 -0.7399 0.0002
vn 0.6699 -0.7425 0.0015
vn 0.6695 -0.7428 -0.0018
vn 0.5395 0.8420 -0.0032
vn 0.5395 0.8420 0.0026
vn -0.8037 -0.5950 0.0006
vn 0.8132 -0.5819 0.0014
vn 0.8125 -0.5829 0.0011
vn 0.8126 -0.5828 -0.0016
vn -0.3964 -0.0149 0.9180
vn -0.3960 -0.0157 0.9181
vn -0.3956 -0.0160 0.9183
vn 0.9182 0.0362 0.3944
vn 0.9185 0.0355 0.3938
vn -0.8452 0.5345 -0.0000
vn -0.8457 0.5337 -0.0008
vn 0.7737 0.6336 -0.0000
vn -0.3945 -0.0159 -0.9188
vn -0.3953 -0.0175 -0.9184
vn 0.9188 0.0378 -0.3930
vn 0.4123 -0.2065 0.8873
vn 0.4119 -0.2023 0.8885
vn -0.8229 0.4182 0.3847
vn -0.8249 0.4160 0.3826
vn 0.2140 -0.9768 0.0004
vn -0.9985 0.0549 -0.0023
vn -0.9988 0.0491 -0.0056
vn 0.4122 -0.2065 -0.8874
vn 0.4114 -0.2061 -0.8878
vn 0.4111 -0.2065 -0.8879
vn -0.8226 0.4187 -0.3848
vn -0.8244 0.4178 -0.3819
vn 0.9845 0.1752 -0.0020
vn 0.9846 0.1746 0.0017
vn -0.4770 0.8789 0.0013
vn -0.4770 0.8789 -0.0019
vn 0.9520 0.3061 0.0027
vn 0.9521 0.3059 -0.0029
vn -0.5178 -0.0835 0.8514
vn -0.5159 -0.0836 0.8526
vn -0.5183 -0.0800 0.8514
vn 0.9256 0.1485 0.3482
vn -0.6918 0.7221 0.0016
vn -0.6908 0.7230 -0.0012
vn 0.9018 0.4322 0.0033
vn 0.9012 0.4335 -0.0002
vn 0.9008 0.4342 0.0002
vn -0.5178 -0.0835 -0.8514
vn -0.5166 -0.0834 -0.8521
vn -0.5185 -0.0844 -0.8509
vn 0.9250 0.1488 -0.3497
vn 0.9255 0.1498 -0.3478
vn -0.7201 -0.6939 -0.0000
vn -0.7204 -0.6936 0.0005
vn 0.8855 -0.4646 -0.0000
vn 0.3738 -0.1338 0.9178
vn 0.3712 -0.1367 0.9184
vn -0.8656 0.3131 0.3908
vn -0.8636 0.3134 0.3948
vn -0.8632 0.3164 0.3935
vn 0.5453 -0.8382 -0.0026
vn -0.9679 -0.2512 0.0018
vn -0.9683 -0.2497 -0.0020
vn 0.3740 -0.1339 -0.9177
vn 0.3730 -0.1323 -0.9183
vn -0.8654 0.3133 -0.3911
vn -0.8647 0.3120 -0.3936
vn -0.0949 -0.5866 0.8043
vn -0.0940 -0.5902 0.8017
vn -0.0954 -0.5871 0.8039
vn 0.1544 0.9287 0.3373
vn 0.1532 0.9278 0.3403
vn -0.9007 -0.4345 0.0010
vn -0.9010 -0.4339 -0.0026
vn -0.1313 0.9913 -0.0013
vn -0.1252 0.9921 -0.0001
vn -0.0937 -0.5853 -0.8054
vn -0.0942 -0.5895 -0.8022
vn 0.1505 0.9284 -0.3397
vn 0.1503 0.9291 -0.3380
vn 0.6721 -0.7405 0.0025
vn 0.6694 -0.7429 -0.0019
vn 0.5401 0.8416 0.0016
vn 0.5371 0.8435 0.0007
vn -0.8723 0.3178 0.3715
vn -0.3489 0.1266 -0.9285
vn -0.1282 -0.7902 0.5994
vn -0.1269 -0.7891 0.6010
vn -0.0539 -0.3388 -0.9393
vn 0.3206 -0.1582 -0.9339
vn 0.3183 -0.1570 -0.9349
vn 0.8718 -0.3170 0.3734
vn 0.8725 -0.3172 0.3716
vn 0.8725 -0.3151 0.3734
vn 0.3482 -0.1286 -0.9286
vn 0.9176 -0.1417 0.3715
vn 0.3639 -0.0584 -0.9296
vn 0.9269 0.0374 0.3734
vn 0.9271 0.0378 0.3729
vn 0.3708 0.0152 -0.9286
vn 0.3711 0.0158 -0.9285
vn 0.3716 0.0147 -0.9283
vn 0.8850 0.1462 0.4421
vn 0.8856 0.1446 0.4413
vn 0.3527 0.0586 -0.9339
vn 0.3538 0.0565 -0.9336
vn 0.3533 0.0568 -0.9338
vn 0.1210 0.7921 0.5982
vn 0.1206 0.7920 0.5985
vn 0.0506 0.3452 -0.9372
vn 0.0486 0.3420 -0.9384
vn 0.0499 0.3410 -0.9388
vn -0.8360 -0.1351 0.5319
vn -0.8342 -0.1379 0.5339
vn -0.8339 -0.1378 0.5344
vn -0.3611 -0.0627 -0.9304
vn -0.3610 -0.0625 -0.9305
vn -0.9269 -0.0374 0.3735
vn -0.3713 -0.0156 -0.9284
vn -0.3714 -0.0145 -0.9284
vn -0.9172 0.1417 0.3724
vn 0.9445 -0.3285 -0.0000
vn 0.9456 -0.3177 0.0702
vn -0.5965 -0.8026 -0.0000
vn -0.6443 -0.7639 0.0361
vn 0.3987 0.4382 -0.8056
vn -0.9016 -0.1179 -0.4162
vn -0.9082 -0.1093 -0.4039
vn 0.5892 0.8080 0.0002
vn 0.5782 0.8140 0.0553
vn -0.9012 0.4333 -0.0057
vn 0.4632 0.4056 0.7880
vn -0.8882 -0.1746 0.4249
vn -0.8712 0.3186 -0.3734
vn -0.8725 0.3181 -0.3708
vn -0.8700 0.3187 -0.3762
vn -0.3513 0.1275 0.9276
vn -0.3514 0.1302 0.9271
vn -0.9167 0.1393 -0.3745
vn -0.9170 0.1435 -0.3723
vn -0.9276 -0.0378 -0.3717
vn -0.9267 -0.0365 -0.3739
vn -0.3731 -0.0170 0.9276
vn -0.8340 -0.1353 -0.5349
vn -0.8346 -0.1346 -0.5342
vn -0.8337 -0.1341 -0.5356
vn -0.3589 -0.0607 0.9314
vn -0.3619 -0.0575 0.9304
vn 0.1183 0.7919 -0.5991
vn 0.1195 0.7912 -0.5998
vn 0.0511 0.3437 0.9377
vn 0.0496 0.3418 0.9385
vn 0.3525 0.0578 0.9340
vn 0.9265 0.0364 -0.3746
vn 0.9176 -0.1432 -0.3708
vn 0.9187 -0.1404 -0.3693
vn 0.3645 -0.0571 0.9295
vn 0.8713 -0.3200 -0.3720
vn 0.8723 -0.3180 -0.3714
vn 0.8711 -0.3177 -0.3746
vn 0.3485 -0.1292 0.9284
vn 0.3503 -0.1295 0.9276
vn 0.8023 -0.4038 -0.4395
vn 0.8002 -0.4048 -0.4425
vn 0.3199 -0.1600 0.9339
vn 0.3191 -0.1587 0.9343
vn -0.1257 -0.7908 -0.5990
vn -0.1281 -0.7909 -0.5984
vn -0.1279 -0.7901 -0.5994
vn -0.0547 -0.3421 0.9381
vn -0.7550 0.3795 -0.5347
vn -0.7583 0.3780 -0.5311
vn -0.7561 0.3796 -0.5331
vn -0.3222 0.1679 0.9317
vn -0.3266 0.1628 0.9310
vn -0.0925 -0.5882 0.8034
vn 0.1501 0.9293 0.3375
vn -0.9015 -0.4328 -0.0000
vn -0.9017 -0.4324 -0.0007
vn -0.1295 0.9916 -0.0000
vn -0.1281 0.9918 0.0009
vn -0.0924 -0.5879 -0.8036
vn -0.0925 -0.5872 -0.8041
vn -0.0931 -0.5882 -0.8033
vn 0.1512 0.9287 -0.3386
vn 0.1503 0.9289 -0.3384
vn 0.6715 -0.7410 -0.0000
vn 0.6702 -0.7421 -0.0011
vn 0.6713 -0.7411 -0.0000
vn 0.5388 0.8425 -0.0000
vn 0.5383 0.8427 0.0008
vn 0.3967 -0.0589 0.9161
vn 0.6834 -0.7300 -0.0031
vn 0.6819 -0.7315 0.0006
vn -0.9051 -0.4252 -0.0027
vn -0.9042 -0.4271 0.0022
vn 0.3956 -0.0625 -0.9163
vn 0.3965 -0.0637 -0.9158
vn 0.3961 -0.0605 -0.9162
vn -0.9069 0.1399 -0.3974
vn -0.9061 0.1410 -0.3990
vn 0.8724 0.4888 0.0005
vn -0.7330 0.6803 0.0012
vn -0.8037 -0.5951 0.0005
vn 0.8130 -0.5823 -0.0012
vn 0.8133 -0.5819 -0.0009
vn 0.8130 -0.5822 0.0013
vn -0.3951 -0.0154 0.9185
vn -0.3954 -0.0150 0.9184
vn 0.9189 0.0365 0.3928
vn 0.9186 0.0353 0.3935
vn -0.8460 0.5331 0.0001
vn -0.8457 0.5336 -0.0000
vn -0.8458 0.5336 -0.0005
vn 0.7736 0.6337 -0.0004
vn 0.7736 0.6337 0.0005
vn -0.3967 -0.0170 -0.9178
vn 0.9188 0.0366 -0.3930
vn 0.9185 0.0373 -0.3936
vn -0.9044 -0.4268 0.0023
vn -0.3941 0.0626 0.9169
vn 0.9070 -0.1429 0.3962
vn 0.9091 -0.1392 0.3927
vn -0.7321 0.6812 0.0009
vn -0.7332 0.6800 -0.0011
vn 0.8725 0.4886 0.0010
vn -0.3947 0.0578 -0.9170
vn -0.3927 0.0608 -0.9177
vn -0.3931 0.0580 -0.9177
vn 0.9081 -0.1414 -0.3941
vn 0.9083 -0.1397 -0.3944
vn 0.3711 -0.1332 0.9190
vn -0.8655 0.3132 0.3908
vn -0.8637 0.3133 0.3947
vn -0.8632 0.3164 0.3934
vn 0.5453 -0.8382 -0.0025
vn -0.9683 -0.2497 0.0021
vn 0.3694 -0.1340 -0.9196
vn -0.8654 0.3132 -0.3912
vn -0.8647 0.3119 -0.3936
vn 0.9521 0.3059 -0.0008
vn -0.5851 0.8109 0.0032
vn -0.3949 0.0597 -0.9168
vn -0.3896 0.0501 -0.9196
vn 0.9076 -0.1396 -0.3960
vn 0.9053 -0.1527 -0.3963
vn 0.9074 -0.1293 -0.3999
vn -0.9046 -0.4263 -0.0002
vn -0.9041 -0.4271 -0.0124
vn -0.9041 -0.4272 0.0121
vn 0.6834 -0.7300 -0.0015
vn 0.6784 -0.7346 0.0100
vn 0.6783 -0.7347 -0.0103
vn -0.3948 0.0600 0.9168
vn -0.3929 0.0723 0.9167
vn -0.3946 0.0611 0.9168
vn 0.9074 -0.1405 0.3961
vn 0.9078 -0.1401 0.3953
vn -0.7323 0.6810 -0.0000
vn -0.7289 0.6846 -0.0106
vn 0.8725 0.4886 -0.0000
vn 0.8725 0.4885 0.0114
vn 0.0866 0.5886 0.8037
vn 0.0874 0.5894 0.8031
vn -0.1319 -0.9316 0.3387
vn -0.1323 -0.9311 0.3398
vn -0.1317 -0.9320 0.3378
vn 0.8622 0.5066 -0.0000
vn 0.8627 0.5057 -0.0007
vn 0.8618 0.5072 -0.0009
vn 0.2625 -0.9649 -0.0000
vn 0.2632 -0.9647 -0.0001
vn 0.2614 -0.9652 0.0006
vn 0.0866 0.5888 -0.8036
vn 0.0856 0.5890 -0.8036
vn -0.7316 0.6817 -0.0000
vn -0.7310 0.6824 -0.0002
vn -0.4203 -0.9074 -0.0007
vn -0.4200 -0.9075 -0.0009
vn -0.8701 0.3186 -0.3761
vn -0.3528 0.1246 0.9273
vn -0.9168 0.1392 -0.3744
vn -0.9165 0.1431 -0.3736
vn -0.9177 0.1411 -0.3713
vn -0.3654 0.0554 0.9292
vn -0.3624 0.0538 0.9305
vn -0.9269 -0.0374 -0.3734
vn -0.9270 -0.0369 -0.3733
vn -0.3717 -0.0138 0.9283
vn -0.8339 -0.1354 -0.5350
vn -0.8337 -0.1340 -0.5358
vn 0.1196 0.7911 -0.5998
vn 0.0509 0.3425 0.9381
vn 0.0494 0.3417 0.9385
vn 0.3521 0.0579 0.9342
vn 0.9262 0.0357 -0.3755
vn 0.9270 0.0374 -0.3732
vn 0.9270 0.0356 -0.3733
vn 0.3695 0.0133 0.9291
vn 0.3711 0.0156 0.9285
vn 0.3711 0.0152 0.9285
vn 0.9186 -0.1409 -0.3692
vn 0.3660 -0.0537 0.9291
vn 0.3648 -0.0548 0.9295
vn 0.3627 -0.0545 0.9303
vn 0.8023 -0.4038 -0.4396
vn 0.8021 -0.4032 -0.4406
vn -0.1266 -0.7893 -0.6009
vn -0.1279 -0.7902 -0.5993
vn -0.0547 -0.3420 0.9381
vn -0.7554 0.3828 -0.5318
vn -0.3275 0.1695 0.9295
vn -0.3266 0.1629 0.9310
vn 0.9131 0.0424 -0.4054
vn 0.9282 0.0534 -0.3681
vn 0.9306 0.0356 -0.3644
vn 0.3391 0.0175 0.9406
vn 0.9220 -0.1087 -0.3716
vn 0.9199 -0.1499 -0.3623
vn 0.9064 -0.1303 -0.4019
vn 0.3317 -0.0548 0.9418
vn 0.8657 -0.3310 -0.3755
vn 0.8641 -0.3023 -0.4024
vn 0.3597 -0.1254 0.9246
vn 0.7956 -0.3948 -0.4595
vn 0.6758 -0.5310 -0.5112
vn 0.3654 -0.1910 0.9110
vn 0.4013 -0.1783 0.8984
vn 0.9154 0.1788 -0.3606
vn 0.8064 0.4784 -0.3477
vn 0.7977 0.4973 -0.3412
vn 0.4476 -0.1703 0.8779
vn 0.3290 -0.0514 0.9429
vn 0.2404 -0.2119 -0.9473
vn 0.0286 -0.2726 -0.9617
vn -0.3801 -0.8251 0.4181
vn 0.1258 -0.8870 0.4444
vn -0.7708 0.5873 -0.2469
vn -0.5185 0.8085 -0.2784
vn -0.4365 0.8845 -0.1647
vn -0.5045 0.1624 0.8480
vn -0.4197 0.1738 0.8909
vn -0.9200 0.1931 -0.3411
vn -0.8122 0.4132 -0.4118
vn -0.7978 0.4308 -0.4218
vn -0.4098 0.2174 0.8859
vn -0.4741 0.1590 0.8660
vn -0.2651 0.2014 0.9430
vn -0.8569 0.3521 -0.3765
vn -0.3577 0.1197 0.9261
vn -0.9116 0.1759 -0.3716
vn -0.3318 0.0545 0.9418
vn -0.3661 0.0220 0.9303
vn -0.9296 -0.0302 -0.3673
vn -0.3695 -0.0506 0.9278
vn -0.8454 -0.0918 -0.5262
vn -0.8415 -0.1333 -0.5236
vn -0.8371 -0.1368 -0.5297
vn -0.3656 -0.0892 0.9265
vn 0.1501 0.7756 -0.6131
vn 0.1187 0.7723 -0.6241
vn 0.0446 0.3513 0.9352
vn 0.0653 0.3460 0.9360
vn 0.8931 0.1295 -0.4309
vn 0.8723 0.1300 -0.4713
vn 0.3620 0.0417 0.9312
vn 0.3426 0.0518 0.9381
vn 0.9220 -0.1089 0.3716
vn 0.9130 -0.1423 0.3823
vn 0.3671 -0.0905 -0.9258
vn 0.9232 0.0756 0.3769
vn 0.3606 0.0168 -0.9326
vn 0.8836 0.1467 0.4447
vn 0.3562 0.0186 -0.9342
vn 0.1498 0.7757 0.6130
vn 0.1266 0.7844 0.6072
vn 0.0647 0.3368 -0.9393
vn 0.0830 0.3260 -0.9417
vn -0.8452 -0.0920 0.5265
vn -0.8335 -0.1387 0.5348
vn -0.8209 -0.1140 0.5597
vn -0.3428 -0.0838 -0.9357
vn -0.3731 -0.0554 -0.9261
vn -0.3494 -0.0590 -0.9351
vn -0.9132 -0.0419 0.4053
vn -0.3706 -0.0032 -0.9288
vn -0.9193 0.1300 0.3714
vn -0.3622 0.0676 -0.9297
vn -0.8746 0.3220 0.3625
vn -0.8763 0.3167 0.3631
vn -0.3170 0.1230 -0.9404
vn -0.7977 0.4306 0.4222
vn -0.8276 0.4222 0.3699
vn -0.9210 0.1919 0.3390
vn -0.4093 0.2167 -0.8863
vn -0.5037 0.2299 -0.8327
vn -0.4462 0.2332 -0.8640
vn -0.4283 0.8865 0.1749
vn -0.5065 0.7928 0.3391
vn -0.7708 0.5865 0.2490
vn -0.2104 0.2668 -0.9405
vn -0.4301 0.1878 -0.8830
vn -0.3862 0.2911 -0.8753
vn 0.2406 -0.2124 0.9471
vn -0.2511 -0.0687 0.9655
vn -0.3804 -0.8243 -0.4194
vn -0.1323 -0.8655 -0.4831
vn -0.0767 -0.8050 -0.5882
vn 0.9159 0.1775 0.3600
vn 0.8068 0.4776 0.3478
vn 0.7101 0.5214 0.4731
vn 0.2075 0.0171 -0.9781
vn 0.3557 -0.2385 -0.9037
vn 0.7955 -0.3575 0.4892
vn 0.7954 -0.3949 0.4597
vn 0.7721 -0.3773 0.5114
vn 0.3652 -0.1909 -0.9112
vn 0.2518 -0.2054 -0.9457
vn 0.8664 -0.3182 0.3849
vn 0.3503 -0.1624 -0.9225
vn -0.8033 -0.5955 -0.0007
vn 0.8132 -0.5820 0.0013
vn 0.8126 -0.5828 0.0008
vn 0.8126 -0.5828 -0.0014
vn -0.3964 -0.0149 0.9179
vn 0.9184 0.0369 0.3939
vn -0.8449 0.5349 -0.0005
vn 0.7728 0.6346 -0.0001
vn 0.7739 0.6333 0.0003
vn -0.3954 -0.0175 -0.9183
vn 0.9187 0.0378 -0.3930
vn 0.2118 -0.9773 0.0028
vn -0.9985 0.0548 -0.0021
vn 0.4135 -0.2081 -0.8864
vn -0.8223 0.4144 -0.3900
vn -0.8225 0.4193 -0.3844
vn -0.4770 0.8789 -0.0020
vn 0.4545 0.0751 0.8875
vn -0.9098 -0.1497 0.3871
vn -0.9108 -0.1529 0.3835
vn 0.8865 -0.4627 0.0002
vn 0.8860 -0.4637 0.0005
vn 0.8861 -0.4635 -0.0005
vn -0.7200 -0.6940 0.0010
vn -0.7198 -0.6942 -0.0004
vn -0.7198 -0.6942 0.0006
vn 0.4553 0.0772 -0.8870
vn 0.4541 0.0727 -0.8880
vn -0.9111 -0.1503 -0.3838
vn 0.4930 0.8701 0.0005
vn 0.4964 0.8681 -0.0021
vn -0.9688 0.2480 -0.0013
vn -0.9682 0.2504 0.0026
vn -0.5174 -0.0796 0.8520
vn -0.5272 -0.0817 0.8458
vn -0.5174 -0.0779 0.8522
vn 0.9295 0.1246 0.3471
vn 0.9278 0.1388 0.3463
vn -0.6795 0.7337 0.0002
vn -0.6773 0.7356 0.0121
vn -0.6799 0.7334 -0.0001
vn 0.9062 0.4229 -0.0000
vn 0.9060 0.4232 -0.0006
vn -0.5171 -0.0795 -0.8522
vn -0.5269 -0.0817 -0.8460
vn -0.5129 -0.0897 -0.8537
vn 0.9271 0.1376 -0.3488
vn 0.9270 0.1258 -0.3533
vn -0.7293 -0.6841 0.0130
vn -0.7301 -0.6834 -0.0006
vn 0.8816 -0.4720 -0.0025
vn -0.7086 -0.7056 0.0029
vn -0.7086 -0.7056 -0.0030
vn 0.8756 -0.4831 -0.0061
vn 0.8765 -0.4814 0.0026
vn -0.5095 0.0716 0.8575
vn -0.5125 0.0797 0.8550
vn -0.5685 0.0468 0.8213
vn 0.9210 -0.1357 0.3651
vn -0.5877 0.8091 -0.0007
vn 0.9436 0.3310 0.0052
vn 0.9436 0.3310 -0.0052
vn -0.5120 0.0710 -0.8561
vn 0.9184 -0.1373 -0.3711
vn 0.4130 -0.2123 0.8856
vn 0.3962 -0.2560 0.8818
vn -0.8119 0.3696 0.4518
vn -0.8256 0.4025 0.3954
vn 0.5662 -0.8239 -0.0219
vn -0.8955 -0.4415 0.0558
vn 0.4282 -0.2058 -0.8799
vn 0.4231 -0.2079 -0.8819
vn -0.8214 0.4005 -0.4061
vn -0.8243 0.3955 -0.4051
vn 0.4448 0.0721 0.8927
vn 0.4551 0.0566 0.8886
vn -0.9132 -0.1390 0.3831
vn -0.9163 -0.1273 0.3797
vn 0.8816 -0.4721 -0.0026
vn 0.8766 -0.4812 0.0081
vn 0.8766 -0.4812 -0.0081
vn -0.7266 -0.6870 0.0129
vn 0.4568 0.0721 -0.8867
vn 0.4665 0.0726 -0.8815
vn 0.4555 0.0707 -0.8874
vn -0.9083 -0.1482 -0.3913
vn -0.9128 -0.1416 -0.3832
vn 0.5057 0.8627 -0.0000
vn 0.5087 0.8608 0.0121
vn -0.9657 0.2595 -0.0009
vn -0.9628 0.2702 0.0058
vn -0.9690 0.2470 -0.0005
vn 0.8539 -0.1341 0.5028
vn 0.8545 -0.1319 0.5024
vn 0.8270 -0.0903 0.5549
vn 0.3515 -0.0521 -0.9348
vn 0.0698 0.7165 0.6941
vn 0.1234 0.6151 0.7787
vn 0.0997 0.3957 -0.9129
vn -0.8508 0.1293 0.5093
vn -0.8498 0.1321 0.5104
vn -0.8509 0.1292 0.5092
vn -0.3489 0.0543 -0.9356
vn -0.1238 -0.7974 0.5907
vn -0.1213 -0.7964 0.5925
vn -0.1240 -0.7958 0.5928
vn -0.0528 -0.3398 -0.9390
vn -0.0495 -0.3397 -0.9392
vn -0.0529 -0.3403 -0.9388
vn -0.0937 -0.5832 0.8069
vn -0.0929 -0.5826 0.8074
vn -0.0876 -0.5849 0.8064
vn 0.1447 0.9268 0.3466
vn 0.1466 0.9282 0.3419
vn 0.1435 0.9289 0.3414
vn -0.8859 -0.4638 0.0016
vn -0.8862 -0.4634 -0.0024
vn -0.8862 -0.4634 0.0024
vn -0.1944 0.9809 -0.0032
vn -0.0937 -0.5832 -0.8069
vn -0.0933 -0.5837 -0.8066
vn -0.0934 -0.5824 -0.8075
vn 0.1447 0.9269 -0.3464
vn 0.1462 0.9284 -0.3415
vn 0.7059 -0.7083 -0.0005
vn 0.7100 -0.7042 0.0006
vn 0.4855 0.8743 -0.0028
vn 0.4840 0.8750 0.0026
vn 0.4855 0.8743 0.0028
vt 47.905602 -23.144100
vt 47.905602 -23.032900
vt 48.094398 -23.144100
vt 48.094398 -23.032900
vt 13.899200 -21.168501
vt 14.100800 -21.168501
vt 14.100800 -21.061199
vt 13.899200 -21.061199
vt 14.100800 -20.950500
vt 13.899200 -20.950500
vt 13.899200 -20.841400
vt 13.899200 -20.739201
vt 14.100800 -20.841400
vt 14.100800 -20.739201
vt 14.100800 -21.079700
vt 13.899200 -21.079700
vt 14.100800 -20.969000
vt 13.899200 -20.969000
vt 13.899200 -21.173500
vt 13.899200 -21.066200
vt 14.100800 -21.173500
vt 14.100800 -21.066200
vt 13.834200 -20.899200
vt 13.866700 -20.899200
vt 13.834200 -21.100800
vt 13.866700 -21.100800
vt 13.899200 -20.859900
vt 13.899200 -20.974001
vt 14.100800 -20.974001
vt 14.100800 -20.859900
vt 47.905602 -23.196600
vt 47.905602 -23.087400
vt 48.094398 -23.196600
vt 48.094398 -23.087400
vt 13.899200 -21.279400
vt 14.100800 -21.279400
vt 14.100800 -21.187000
vt 13.899200 -21.187000
vt 13.899200 -20.822901
vt 13.899200 -20.937000
vt 14.100800 -20.937000
vt 14.100800 -20.822901
vt 14.100800 -20.817801
vt 14.100800 -20.715599
vt 13.899200 -20.715599
vt 13.899200 -20.817801
vt 47.905602 -22.799801
vt 47.905602 -22.918200
vt 48.094398 -22.918200
vt 48.094398 -22.799801
vt 13.899200 -20.757700
vt 14.100800 -20.757700
vt 13.899200 -21.242300
vt 14.100800 -21.242300
vt 14.100800 -21.150000
vt 13.899200 -21.150000
vt 47.886700 -23.310900
vt 48.113300 -23.310900
vt 47.886700 -23.377199
vt 48.113300 -23.377199
vt 47.905602 -22.976200
vt 48.094398 -22.976200
vt 13.899200 -20.955500
vt 14.100800 -20.955500
vt 14.165800 -20.757700
vt 14.182600 -20.859900
vt 14.133300 -20.752701
vt 14.150100 -20.854900
vt 14.154700 -20.969000
vt 14.137500 -21.079700
vt 14.098600 -21.187000
vt 14.051600 -21.279400
vt 14.084100 -21.284401
vt 14.131100 -21.192101
vt 14.170000 -21.084700
vt 14.187200 -20.974001
vt 14.018100 -21.061199
vt 14.035300 -20.950500
vt 13.979200 -21.168501
vt 13.932200 -21.260799
vt 13.964700 -21.265900
vt 14.011700 -21.173500
vt 14.050600 -21.066200
vt 14.067800 -20.955500
vt 14.063200 -20.841400
vt 14.046400 -20.739201
vt 14.013900 -20.734100
vt 14.030700 -20.836399
vt 48.259701 -23.113300
vt 48.259701 -22.886700
vt 48.207699 -22.905600
vt 48.207699 -23.094400
vt 14.020800 -21.168501
vt 13.981900 -21.061199
vt 13.964700 -20.950500
vt 13.969300 -20.836399
vt 13.986100 -20.734100
vt 13.953600 -20.739201
vt 13.936800 -20.841400
vt 13.932200 -20.955500
vt 13.949400 -21.066200
vt 13.988300 -21.173500
vt 14.035300 -21.265900
vt 14.067800 -21.260799
vt 14.100800 -20.836399
vt 14.100800 -20.734100
vt 13.899200 -20.734100
vt 13.899200 -20.836399
vt 13.899200 -21.047701
vt 14.100800 -21.047701
vt 47.753502 -22.905600
vt 48.118599 -22.905600
vt 47.753502 -23.094400
vt 48.118599 -23.094400
vt 47.905602 -22.861500
vt 47.905602 -22.743099
vt 48.094398 -22.861500
vt 48.094398 -22.743099
vt 14.100800 -21.260799
vt 13.899200 -21.260799
vt 14.100800 -21.042601
vt 13.899200 -21.042601
vt 14.073000 -20.899200
vt 14.105500 -20.899200
vt 14.073000 -21.100800
vt 14.105500 -21.100800
vt 13.899200 -21.265900
vt 14.100800 -21.265900
vt 47.831799 -23.377199
vt 48.270000 -23.309200
vt 48.259701 -23.242901
vt 47.821499 -23.310900
vt 13.845300 -20.899200
vt 13.812800 -20.899200
vt 13.812800 -21.100800
vt 13.845300 -21.100800
vt 14.100800 -20.854900
vt 13.899200 -20.854900
vt 13.899200 -21.192101
vt 13.899200 -21.284401
vt 14.100800 -21.284401
vt 14.100800 -21.192101
vt 14.100800 -20.752701
vt 13.899200 -20.752701
vt 13.899200 -21.084700
vt 14.100800 -21.084700
vt 14.084100 -20.899200
vt 14.051600 -20.899200
vt 14.051600 -21.100800
vt 14.084100 -21.100800
vt 13.859800 -21.150000
vt 13.898700 -21.042601
vt 13.812800 -21.242300
vt 13.845300 -21.247299
vt 13.892300 -21.155001
vt 13.931200 -21.047701
vt 13.948400 -20.937000
vt 13.943800 -20.822901
vt 13.927000 -20.720600
vt 13.894500 -20.715599
vt 13.911300 -20.817801
vt 13.915900 -20.931900
vt 48.094398 -23.253300
vt 47.905602 -23.253300
vt 13.901400 -21.187000
vt 13.862500 -21.079700
vt 13.845300 -20.969000
vt 13.849900 -20.854900
vt 13.866700 -20.752701
vt 13.834200 -20.757700
vt 13.817400 -20.859900
vt 13.812800 -20.974001
vt 13.830000 -21.084700
vt 13.868900 -21.192101
vt 13.915900 -21.284401
vt 13.948400 -21.279400
vt 13.964700 -20.899200
vt 13.932200 -20.899200
vt 13.932200 -21.100800
vt 13.964700 -21.100800
vt 13.899200 -20.931900
vt 14.100800 -20.931900
vt 13.899200 -21.155001
vt 14.100800 -21.155001
vt 13.953600 -20.899200
vt 13.986100 -20.899200
vt 13.953600 -21.100800
vt 13.986100 -21.100800
vt 14.140200 -21.150000
vt 14.101300 -21.042601
vt 14.084100 -20.931900
vt 14.088700 -20.817801
vt 14.105500 -20.715599
vt 14.073000 -20.720600
vt 14.056200 -20.822901
vt 14.051600 -20.937000
vt 14.068800 -21.047701
vt 14.107700 -21.155001
vt 14.154700 -21.247299
vt 14.187200 -21.242300
vt 47.730000 -22.918200
vt 47.735298 -22.799801
vt 47.747799 -23.032900
vt 47.788799 -23.144100
vt 47.842602 -23.253300
vt 48.207699 -23.196600
vt 48.153900 -23.087400
vt 48.112999 -22.976200
vt 48.095200 -22.861500
vt 48.100399 -22.743099
vt 48.118599 -22.622801
vt 47.753502 -22.679399
vt 48.270000 -22.918200
vt 48.252201 -23.032900
vt 48.264702 -22.799801
vt 48.246498 -22.679399
vt 47.881401 -22.622801
vt 47.899601 -22.743099
vt 47.904800 -22.861500
vt 47.887001 -22.976200
vt 47.846100 -23.087400
vt 47.792301 -23.196600
vt 47.740299 -23.242901
vt 48.178501 -23.310900
vt 48.157398 -23.253300
vt 48.211201 -23.144100
vt 13.899200 -21.247299
vt 14.100800 -21.247299
vt 13.899200 -20.720600
vt 14.100800 -20.720600
vt 48.094398 -22.622801
vt 47.905602 -22.622801
vt 48.113300 -23.309200
vt 47.886700 -23.309200
vt 48.113300 -23.242901
vt 47.886700 -23.242901
vt 47.905602 -22.679399
vt 48.094398 -22.679399
vt 48.168201 -23.377199
vt 47.730000 -23.309200
vt 47.730000 -22.886700
vt 48.168201 -22.886700
vt 47.730000 -23.113300
vt 48.168201 -23.113300
s 0
usemtl Meshpart1Mtl.001
f 213/5/25 131/5/26 91/6/27
f 214/6/28 92/6/29 132/5/30
f 215/7/31 214/6/32 91/6/33
f 214/6/34 215/7/35 90/7/36
f 215/7/37 89/7/38 129/8/39
f 216/8/40 130/8/41 90/7/42
f 216/8/43 129/8/44 131/5/45
f 213/5/46 132/5/47 130/8/48
f 218/7/49 217/8/50 129/8/51
f 217/8/52 218/7/53 90/7/54
f 218/7/55 89/7/56 87/9/57
f 219/9/58 88/9/59 90/7/60
f 219/9/61 87/9/62 127/10/63
f 220/10/64 128/10/65 88/9/66
f 217/8/67 220/10/68 127/10/69
f 220/10/70 217/8/71 130/8/72
f 222/11/73 221/12/74 27/12/75
f 221/12/76 222/11/77 32/11/78
f 222/11/79 31/11/80 29/13/81
f 223/13/82 30/13/83 32/11/82
f 223/13/84 29/13/85 25/14/86
f 224/14/87 26/14/88 30/13/89
f 221/12/90 224/14/91 25/14/92
f 224/14/93 221/12/94 28/12/95
f 226/15/96 225/16/97 139/16/98
f 225/16/99 226/15/100 100/15/101
f 226/15/102 99/15/103 97/17/104
f 227/17/105 98/17/106 100/15/60
f 227/17/107 97/17/108 137/18/63
f 228/18/109 138/18/65 98/17/110
f 225/16/111 228/18/112 137/18/113
f 228/18/114 225/16/115 140/16/116
f 230/19/117 229/20/118 39/20/119
f 229/20/120 230/19/121 44/19/122
f 230/19/123 43/19/124 41/21/125
f 231/21/126 42/21/127 44/19/128
f 231/21/129 41/21/130 37/22/131
f 232/22/132 38/22/133 42/21/134
f 232/22/135 37/22/136 39/20/137
f 229/20/138 40/20/139 38/22/140
f 234/23/141 233/24/142 79/24/143
f 233/24/144 234/23/145 4/23/146
f 234/23/147 3/23/148 1/25/149
f 235/25/150 2/25/151 4/23/152
f 235/25/153 1/25/154 77/26/155
f 236/26/156 78/26/157 2/25/158
f 236/26/159 77/26/160 79/24/161
f 233/24/162 80/24/163 78/26/164
f 237/27/165 7/27/166 11/28/167
f 238/28/168 12/28/169 8/27/170
f 239/29/171 238/28/172 11/28/173
f 238/28/174 239/29/175 10/29/176
f 240/30/177 239/29/178 9/29/179
f 239/29/180 240/30/181 6/30/182
f 237/27/183 240/30/183 5/30/184
f 240/30/185 237/27/185 8/27/185
f 245/35/210 143/35/211 103/36/212
f 246/36/213 104/36/214 144/35/215
f 247/37/216 246/36/217 103/36/218
f 246/36/219 247/37/220 102/37/221
f 248/38/222 247/37/223 101/37/224
f 247/37/225 248/38/226 142/38/227
f 248/38/228 141/38/229 143/35/230
f 245/35/231 144/35/232 142/38/233
f 249/39/234 55/39/235 59/40/236
f 250/40/237 60/40/169 56/39/238
f 250/40/239 59/40/240 57/41/241
f 251/41/242 58/41/243 60/40/244
f 252/42/245 251/41/246 57/41/247
f 251/41/248 252/42/249 52/42/250
f 249/39/251 252/42/252 51/42/253
f 252/42/254 249/39/255 56/39/256
f 253/43/257 105/43/258 83/44/259
f 254/44/260 84/44/261 106/43/262
f 255/45/263 254/44/264 83/44/265
f 255/45/266 82/45/267 84/44/268
f 256/46/269 255/45/270 81/45/271
f 255/45/272 256/46/273 116/46/274
f 253/43/275 256/46/276 115/46/277
f 256/46/278 253/43/279 106/43/280
f 262/27/304 261/51/305 3/51/306
f 261/51/307 262/27/308 8/27/309
f 262/27/80 7/27/80 5/30/310
f 263/30/82 6/30/83 8/27/82
f 263/30/311 5/30/312 1/52/313
f 264/52/314 2/52/315 6/30/316
f 261/51/317 264/52/318 1/52/319
f 264/52/320 261/51/321 4/51/322
f 265/53/323 123/53/211 113/54/212
f 266/54/213 114/54/214 124/53/324
f 267/55/325 266/54/326 113/54/218
f 266/54/327 267/55/220 112/55/221
f 268/56/222 267/55/328 111/55/224
f 267/55/225 268/56/226 122/56/329
f 268/56/330 121/56/331 123/53/332
f 265/53/333 124/53/334 122/56/335
f 277/11/165 31/11/166 35/63/167
f 278/63/384 36/63/385 32/11/386
f 279/64/387 278/63/388 35/63/389
f 278/63/390 279/64/391 34/64/392
f 280/13/393 279/64/394 33/64/179
f 279/64/395 280/13/396 30/13/182
f 277/11/397 280/13/397 29/13/398
f 280/13/185 277/11/185 32/11/399
f 282/65/400 281/66/401 7/66/402
f 282/65/403 4/65/404 8/66/405
f 283/67/406 282/65/407 3/65/408
f 283/67/409 80/67/410 4/65/411
f 283/67/412 79/67/413 95/68/414
f 283/67/415 284/68/416 96/68/417
f 284/68/418 95/68/419 97/69/420
f 284/68/421 285/69/422 98/69/423
f 286/70/424 285/69/425 97/69/426
f 285/69/427 286/70/428 100/70/429
f 287/71/430 286/70/431 99/70/432
f 287/71/433 102/71/434 100/70/435
f 288/72/436 287/71/437 101/71/438
f 288/72/439 104/72/440 102/71/441
f 288/72/442 103/72/443 23/73/444
f 288/72/445 289/73/446 24/73/447
f 289/73/448 23/73/449 19/74/450
f 289/73/451 290/74/452 20/74/453
f 291/75/454 290/74/455 19/74/456
f 291/75/457 16/75/458 20/74/459
f 292/76/460 291/75/460 15/75/461
f 291/75/462 292/76/462 12/76/463
f 292/76/464 11/76/465 7/66/466
f 292/76/467 281/66/468 8/66/469
f 294/77/470 293/78/471 87/78/472
f 293/78/427 294/77/427 90/77/473
f 295/79/474 294/77/475 89/77/476
f 295/79/477 92/79/478 90/77/479
f 296/80/480 295/79/481 91/79/482
f 296/80/483 94/80/484 92/79/485
f 296/80/486 93/80/487 47/81/488
f 296/80/489 297/81/490 48/81/491
f 297/81/492 47/81/493 43/82/494
f 297/81/495 298/82/496 44/82/497
f 299/83/498 298/82/499 43/82/500
f 299/83/501 40/83/502 44/82/503
f 300/84/460 299/83/460 39/83/461
f 299/83/462 300/84/462 36/84/504
f 300/84/464 35/84/505 31/85/466
f 300/84/467 301/85/468 32/85/469
f 302/86/506 301/85/507 31/85/508
f 302/86/509 28/86/510 32/85/405
f 303/87/511 302/86/512 27/86/513
f 303/87/514 76/87/515 28/86/516
f 303/87/517 75/87/518 85/88/519
f 303/87/520 304/88/521 86/88/522
f 304/88/523 85/88/524 87/78/525
f 304/88/526 293/78/422 88/78/527
f 309/93/552 131/93/553 129/94/554
f 309/93/555 310/94/556 130/94/557
f 310/94/558 129/94/559 127/95/560
f 311/95/561 128/95/562 130/94/563
f 312/96/564 311/95/565 127/95/566
f 312/96/567 126/96/568 128/95/569
f 313/97/570 312/96/571 125/96/572
f 313/97/573 74/97/574 126/96/575
f 313/97/576 73/97/577 25/98/578
f 313/97/579 314/98/579 26/98/580
f 314/98/581 25/98/582 29/99/583
f 314/98/584 315/99/585 30/99/586
f 316/100/587 315/99/588 29/99/589
f 316/100/590 34/100/591 30/99/592
f 316/100/593 33/100/594 37/101/595
f 317/101/596 38/101/597 34/100/598
f 317/101/599 37/101/600 41/102/601
f 317/101/602 318/102/603 42/102/604
f 319/103/605 318/102/606 41/102/607
f 319/103/608 46/103/609 42/102/610
f 320/104/611 319/103/612 45/103/613
f 320/104/614 134/104/615 46/103/616
f 320/104/617 133/104/618 131/93/619
f 320/104/620 309/93/621 132/93/622
f 325/105/647 85/105/648 75/106/649
f 326/106/650 76/106/651 86/105/652
f 327/107/653 326/106/654 75/106/655
f 326/106/656 327/107/657 74/107/658
f 328/108/659 327/107/660 73/107/661
f 327/107/662 328/108/663 126/108/664
f 328/108/665 125/108/666 85/105/667
f 325/105/668 86/105/669 126/108/670
f 329/40/671 59/40/672 63/109/673
f 330/109/674 64/109/675 60/40/676
f 331/110/677 330/109/678 63/109/679
f 330/109/680 331/110/681 62/110/682
f 332/41/683 331/110/684 61/110/685
f 331/110/686 332/41/687 58/41/688
f 329/40/689 332/41/690 57/41/691
f 332/41/692 329/40/693 60/40/694
f 342/119/741 341/120/742 133/120/743
f 341/120/744 342/119/745 94/119/746
f 343/6/747 342/119/748 93/119/749
f 342/119/750 343/6/751 92/6/752
f 344/5/753 343/6/754 91/6/755
f 343/6/756 344/5/757 132/5/758
f 344/5/759 131/5/760 133/120/761
f 341/120/762 134/120/763 132/5/764
f 345/56/765 121/56/766 111/55/767
f 346/55/768 112/55/769 122/56/770
f 347/121/771 346/55/772 111/55/773
f 346/55/774 347/121/775 110/121/776
f 347/121/777 109/121/778 119/122/779
f 348/122/40 120/122/41 110/121/780
f 348/122/781 119/122/782 121/56/783
f 345/56/784 122/56/785 120/122/786
f 350/123/787 349/124/788 83/124/789
f 349/124/790 350/123/791 50/123/792
f 351/125/793 350/123/794 49/123/795
f 350/123/796 351/125/797 54/125/798
f 351/125/799 53/125/800 81/126/801
f 352/126/156 82/126/802 54/125/803
f 349/124/804 352/126/805 81/126/806
f 352/126/807 349/124/808 84/124/809
f 353/19/810 43/19/811 47/127/812
f 354/127/813 48/127/814 44/19/815
f 354/127/816 47/127/817 45/128/818
f 355/128/819 46/128/820 48/127/821
f 356/21/822 355/128/823 45/128/824
f 355/128/825 356/21/826 42/21/827
f 353/19/828 356/21/828 41/21/829
f 356/21/830 353/19/830 44/19/830
f 361/63/671 35/63/855 39/20/856
f 362/20/857 40/20/858 36/63/859
f 363/22/677 362/20/678 39/20/679
f 362/20/680 363/22/860 38/22/682
f 364/64/861 363/22/862 37/22/863
f 363/22/864 364/64/865 34/64/866
f 364/64/867 33/64/868 35/63/869
f 361/63/870 36/63/871 34/64/872
f 365/133/873 71/133/874 113/134/875
f 366/134/876 114/134/877 72/133/878
f 367/135/879 366/134/880 113/134/881
f 366/134/882 367/135/883 124/135/884
f 368/136/885 367/135/886 123/135/887
f 367/135/888 368/136/889 70/136/890
f 365/133/891 368/136/892 69/136/893
f 368/136/894 365/133/895 72/133/896
f 370/17/897 369/18/898 137/18/899
f 369/18/900 370/17/901 98/17/902
f 370/17/903 97/17/904 95/137/905
f 371/137/906 96/137/907 98/17/908
f 372/138/909 371/137/909 95/137/910
f 371/137/911 372/138/911 136/138/912
f 369/18/913 372/138/914 135/138/915
f 372/138/916 369/18/917 138/18/918
f 373/139/919 19/139/920 23/140/921
f 374/140/922 24/140/923 20/139/924
f 375/141/925 374/140/926 23/140/927
f 375/141/928 22/141/929 24/140/930
f 376/142/931 375/141/932 21/141/933
f 375/141/934 376/142/935 18/142/936
f 373/139/937 376/142/938 17/142/939
f 376/142/940 373/139/941 20/139/942
f 377/38/765 141/38/943 101/37/944
f 378/37/945 102/37/769 142/38/946
f 379/15/771 378/37/947 101/37/948
f 378/37/774 379/15/775 100/15/776
f 379/15/37 99/15/778 139/16/779
f 380/16/40 140/16/41 100/15/949
f 380/16/781 139/16/782 141/38/950
f 377/38/951 142/38/952 140/16/786
f 381/137/953 95/137/954 79/143/955
f 382/143/956 80/143/957 96/137/958
f 383/144/959 382/143/960 79/143/961
f 382/143/962 383/144/963 78/144/964
f 384/138/965 383/144/966 77/144/967
f 383/144/968 384/138/969 136/138/970
f 384/138/971 135/138/666 95/137/972
f 381/137/668 96/137/669 136/138/670
f 386/139/973 385/145/974 15/145/975
f 385/145/976 386/139/977 20/139/978
f 386/139/979 19/139/980 17/142/981
f 387/142/982 18/142/983 20/139/984
f 387/142/985 17/142/986 13/146/987
f 388/146/988 14/146/989 18/142/990
f 388/146/991 13/146/136 15/145/992
f 385/145/138 16/145/993 14/146/994
f 389/147/995 23/147/996 103/148/997
f 390/148/998 104/148/877 24/147/999
f 391/149/879 390/148/1000 103/148/1001
f 390/148/1002 391/149/1003 144/149/1004
f 392/150/1005 391/149/1006 143/149/887
f 391/149/888 392/150/1007 22/150/1008
f 389/147/1009 392/150/1010 21/150/1011
f 392/150/894 389/147/895 24/147/1012
f 394/151/1013 393/152/431 109/152/1014
f 394/151/1015 112/151/1016 110/152/435
f 395/153/436 394/151/437 111/151/438
f 395/153/1017 114/153/1018 112/151/441
f 395/153/1019 113/153/1020 71/154/1021
f 395/153/1022 396/154/446 72/154/1023
f 396/154/448 71/154/1024 67/155/450
f 396/154/1025 397/155/452 68/155/1026
f 398/156/454 397/155/455 67/155/456
f 398/156/457 64/156/1027 68/155/459
f 399/157/460 398/156/460 63/156/461
f 398/156/462 399/157/462 60/157/1028
f 399/157/1029 59/157/1030 55/158/1031
f 399/157/1032 400/158/1032 56/158/1033
f 401/159/1034 400/158/1035 55/158/1036
f 401/159/1037 50/159/1038 56/158/1039
f 402/160/1040 401/159/1041 49/159/1042
f 402/160/1043 84/160/1044 50/159/1045
f 402/160/1046 83/160/1047 105/161/1048
f 402/160/1049 403/161/1050 106/161/1051
f 403/161/1052 105/161/1053 107/162/525
f 403/161/1054 404/162/1054 108/162/1055
f 393/152/1056 404/162/1057 107/162/1058
f 404/162/427 393/152/1059 110/152/473
f 409/165/1083 141/165/1084 139/166/1085
f 409/165/1086 410/166/1087 140/166/1088
f 410/166/558 139/166/1089 137/167/1090
f 411/167/1091 138/167/1092 140/166/563
f 412/168/1093 411/167/1094 137/167/1095
f 412/168/567 136/168/1096 138/167/569
f 413/169/1097 412/168/1098 135/168/1099
f 413/169/1100 78/169/1101 136/168/1102
f 413/169/1103 77/169/1104 1/170/1105
f 413/169/1106 414/170/1106 2/170/1107
f 414/170/581 1/170/1108 5/171/583
f 414/170/1109 415/171/1110 6/171/1111
f 416/172/1112 415/171/1113 5/171/589
f 416/172/1114 10/172/1115 6/171/592
f 416/172/593 9/172/594 13/173/595
f 417/173/1116 14/173/1117 10/172/1118
f 417/173/1119 13/173/1120 17/174/1121
f 417/173/1122 418/174/1123 18/174/1124
f 419/175/1125 418/174/1126 17/174/1127
f 419/175/1128 22/175/1129 18/174/1130
f 420/176/1131 419/175/1132 21/175/1133
f 420/176/1134 144/176/1135 22/175/1136
f 420/176/1137 143/176/1138 141/165/1139
f 420/176/1140 409/165/1141 142/165/1142
f 421/177/1143 47/177/1144 93/178/1145
f 422/178/1146 94/178/1147 48/177/1148
f 422/178/1149 93/178/1150 133/179/1151
f 423/179/1152 134/179/1153 94/178/1154
f 424/180/1155 423/179/1155 133/179/1156
f 423/179/1157 424/180/1157 46/180/1158
f 424/180/1159 45/180/1160 47/177/1161
f 421/177/1162 48/177/1163 46/180/1164
f 425/28/671 11/28/672 15/145/1165
f 426/145/1166 16/145/858 12/28/1167
f 427/146/677 426/145/678 15/145/1168
f 426/145/680 427/146/681 14/146/1169
f 428/29/1170 427/146/862 13/146/863
f 427/146/864 428/29/1171 10/29/1172
f 428/29/1173 9/29/1174 11/28/1175
f 425/28/1176 12/28/1177 10/29/1178
f 429/181/1179 117/181/1180 107/182/1181
f 430/182/1182 108/182/1183 118/181/1184
f 430/182/1185 107/182/1186 105/43/1187
f 431/43/1188 106/43/1189 108/182/1190
f 432/46/185 431/43/1191 105/43/185
f 431/43/251 432/46/1192 116/46/1193
f 429/181/913 432/46/1194 115/46/1195
f 432/46/1196 429/181/1197 118/181/1198
f 434/121/96 433/122/1199 119/122/51
f 433/122/99 434/121/100 110/121/1200
f 434/121/1201 109/121/56 107/182/57
f 435/182/1202 108/182/59 110/121/60
f 436/181/1203 435/182/1204 107/182/1205
f 435/182/1206 436/181/1207 118/181/1208
f 433/122/1209 436/181/1210 117/181/1211
f 436/181/1212 433/122/1213 120/122/1214
f 438/183/973 437/109/1215 63/109/1216
f 437/109/1217 438/183/977 68/183/978
f 438/183/979 67/183/980 65/184/1218
f 439/184/982 66/184/983 68/183/984
f 439/184/985 65/184/986 61/110/1219
f 440/110/1220 62/110/989 66/184/1221
f 440/110/135 61/110/136 63/109/1222
f 437/109/138 64/109/993 62/110/140
f 446/185/1246 445/186/1246 75/186/1247
f 445/186/1248 446/185/1248 28/185/1249
f 447/187/1250 446/185/1250 27/185/1251
f 446/185/1252 447/187/1252 26/187/1253
f 447/187/1254 25/187/1255 73/188/1256
f 448/188/1257 74/188/1258 26/187/1259
f 448/188/1260 73/188/1261 75/186/1262
f 448/188/1263 445/186/1263 76/186/1264
f 449/189/1083 121/189/1265 119/190/1085
f 449/189/1086 450/190/1087 120/190/1266
f 450/190/1267 119/190/1268 117/191/1269
f 451/191/1270 118/191/1271 120/190/1272
f 452/192/1273 451/191/1274 117/191/1275
f 452/192/1276 116/192/1277 118/191/1278
f 453/193/1279 452/192/1279 115/192/1280
f 453/193/1281 82/193/1282 116/192/1283
f 453/193/1284 81/193/1285 53/194/1286
f 453/193/1106 454/194/1106 54/194/1287
f 454/194/1288 53/194/1289 51/195/1290
f 454/194/1291 455/195/1291 52/195/1292
f 456/196/1293 455/195/1294 51/195/1295
f 456/196/1296 58/196/1297 52/195/1298
f 456/196/1299 57/196/1300 61/197/1301
f 457/197/1302 62/197/1303 58/196/1304
f 457/197/1119 61/197/1120 65/198/1121
f 457/197/1122 458/198/1123 66/198/1124
f 459/199/1305 458/198/1306 65/198/1307
f 459/199/1128 70/199/1308 66/198/1130
f 460/200/1131 459/199/1132 69/199/1309
f 460/200/1134 124/200/1310 70/199/1311
f 460/200/1312 123/200/1313 121/189/1314
f 460/200/1140 449/189/1141 122/189/1315
f 490/9/897 489/10/1484 127/10/899
f 489/10/900 490/9/901 88/9/1485
f 490/9/1486 87/9/1487 85/105/1488
f 491/105/906 86/105/1489 88/9/908
f 492/108/1490 491/105/1490 85/105/1491
f 491/105/911 492/108/911 126/108/1492
f 489/10/913 492/108/1493 125/108/1494
f 492/108/1495 489/10/1496 128/10/918
f 493/183/919 67/183/920 71/227/1497
f 494/227/1498 72/227/1499 68/183/924
f 495/228/1500 494/227/926 71/227/927
f 494/227/1501 495/228/1502 70/228/1503
f 496/184/1504 495/228/1505 69/228/1506
f 495/228/1507 496/184/1508 66/184/1509
f 493/183/1510 496/184/1511 65/184/1512
f 496/184/1513 493/183/941 68/183/942
f 498/39/1514 497/229/1515 49/229/1516
f 497/229/1517 498/39/1518 56/39/1519
f 499/42/1520 498/39/1521 55/39/1522
f 498/39/1523 499/42/1524 52/42/1525
f 499/42/1526 51/42/1527 53/230/1528
f 500/230/1529 54/230/1530 52/42/1531
f 497/229/1532 500/230/1533 53/230/1534
f 497/229/1535 50/229/1536 54/230/1537
f 213/5/25 91/6/1697 214/6/1698
f 214/6/28 132/5/1699 213/5/1700
f 215/7/1701 91/6/1702 89/7/1703
f 214/6/34 90/7/776 92/6/1704
f 215/7/37 129/8/1705 216/8/1706
f 216/8/1707 90/7/780 215/7/1708
f 216/8/43 131/5/1709 213/5/1710
f 213/5/46 130/8/1711 216/8/1712
f 218/7/49 129/8/51 89/7/1713
f 217/8/1714 90/7/1715 130/8/1716
f 218/7/55 87/9/57 219/9/1717
f 219/9/105 90/7/60 218/7/1718
f 219/9/61 127/10/1719 220/10/1720
f 220/10/1721 88/9/1722 219/9/1723
f 217/8/111 127/10/1724 129/8/1725
f 220/10/114 130/8/72 128/10/1726
f 222/11/1727 27/12/75 31/11/1728
f 221/12/1729 32/11/78 28/12/1730
f 222/11/1731 29/13/1732 223/13/1731
f 223/13/1733 32/11/1734 222/11/1733
f 223/13/84 25/14/86 224/14/1735
f 224/14/87 30/13/1736 223/13/1737
f 221/12/90 25/14/1738 27/12/1739
f 224/14/1740 28/12/95 26/14/1741
f 226/15/96 139/16/98 99/15/1742
f 225/16/1743 100/15/1744 140/16/1745
f 226/15/102 97/17/104 227/17/1746
f 227/17/1747 100/15/1748 226/15/1749
f 227/17/61 137/18/63 228/18/1750
f 228/18/64 98/17/66 227/17/1751
f 225/16/67 137/18/1752 139/16/1725
f 228/18/1753 140/16/116 138/18/1754
f 230/19/1755 39/20/1756 43/19/1757
f 229/20/120 44/19/1758 40/20/1759
f 230/19/1760 41/21/1760 231/21/1760
f 231/21/1761 44/19/1762 230/19/1761
f 231/21/1763 37/22/1764 232/22/1765
f 232/22/1766 42/21/1767 231/21/1768
f 232/22/135 39/20/1222 229/20/1769
f 229/20/138 38/22/1770 232/22/1771
f 234/23/1772 79/24/1773 3/23/1774
f 233/24/144 4/23/146 80/24/1775
f 234/23/1776 1/25/1777 235/25/1778
f 235/25/150 4/23/152 234/23/1779
f 235/25/799 77/26/1780 236/26/1781
f 236/26/156 2/25/158 235/25/1782
f 236/26/1783 79/24/161 233/24/1784
f 233/24/162 78/26/1785 236/26/1786
f 237/27/1787 11/28/167 238/28/1788
f 238/28/1789 8/27/386 237/27/1790
f 239/29/1791 11/28/1792 9/29/1793
f 238/28/1794 10/29/1795 12/28/1796
f 240/30/393 9/29/1797 5/30/1798
f 239/29/395 6/30/1799 10/29/1800
f 237/27/1801 5/30/184 7/27/1802
f 240/30/1803 8/27/1803 6/30/1804
f 245/35/1820 103/36/1821 246/36/1822
f 246/36/213 144/35/215 245/35/1823
f 247/37/1824 103/36/1825 101/37/1826
f 246/36/219 102/37/221 104/36/1827
f 248/38/1828 101/37/224 141/38/1829
f 247/37/1830 142/38/1831 102/37/1832
f 248/38/1833 143/35/1834 245/35/1835
f 245/35/231 142/38/1836 248/38/1837
f 249/39/1838 59/40/1839 250/40/1840
f 250/40/237 56/39/238 249/39/1841
f 250/40/1842 57/41/1843 251/41/1844
f 251/41/242 60/40/1845 250/40/1846
f 252/42/1847 57/41/1848 51/42/1849
f 251/41/1850 52/42/1851 58/41/1852
f 249/39/1853 51/42/1854 55/39/1855
f 252/42/1856 56/39/1857 52/42/1858
f 253/43/1859 83/44/1860 254/44/1861
f 254/44/260 106/43/262 253/43/1862
f 255/45/263 83/44/1863 81/45/1864
f 255/45/1865 84/44/1866 254/44/1867
f 256/46/1868 81/45/1869 115/46/1870
f 255/45/272 116/46/1871 82/45/1872
f 253/43/275 115/46/1873 105/43/1874
f 256/46/1875 106/43/1876 116/46/1877
f 262/27/304 3/51/306 7/27/1893
f 261/51/307 8/27/309 4/51/1894
f 262/27/1895 5/30/1896 263/30/1895
f 263/30/1733 8/27/1897 262/27/1733
f 263/30/311 1/52/313 264/52/1898
f 264/52/314 6/30/316 263/30/1899
f 261/51/1900 1/52/1534 3/51/1901
f 264/52/320 4/51/1902 2/52/1903
f 265/53/1904 113/54/1905 266/54/1906
f 266/54/213 124/53/1907 265/53/1908
f 267/55/1824 113/54/1909 111/55/1826
f 266/54/1910 112/55/221 114/54/1827
f 268/56/1828 111/55/224 121/56/1911
f 267/55/1830 122/56/1912 112/55/1913
f 268/56/1914 123/53/1915 265/53/1916
f 265/53/333 122/56/1917 268/56/1837
f 277/11/1787 35/63/1953 278/63/1788
f 278/63/1954 32/11/386 277/11/1955
f 279/64/171 35/63/173 33/64/1793
f 278/63/1956 34/64/392 36/63/1957
f 280/13/393 33/64/179 29/13/1958
f 279/64/395 30/13/1799 34/64/1959
f 277/11/1960 29/13/1961 31/11/1960
f 280/13/1803 32/11/1803 30/13/1962
f 282/65/1963 7/66/402 3/65/1964
f 282/65/403 8/66/1965 281/66/1966
f 283/67/1967 3/65/1968 79/67/1969
f 283/67/409 4/65/1970 282/65/1971
f 283/67/1972 95/68/1973 284/68/1974
f 283/67/415 96/68/417 80/67/1975
f 284/68/418 97/69/420 285/69/1976
f 284/68/1977 98/69/527 96/68/1978
f 286/70/1979 97/69/1980 99/70/1981
f 285/69/1982 100/70/473 98/69/1983
f 287/71/1013 99/70/432 101/71/1984
f 287/71/433 100/70/1985 286/70/1986
f 288/72/1987 101/71/1988 103/72/1989
f 288/72/439 102/71/441 287/71/1990
f 288/72/1991 23/73/1021 289/73/1992
f 288/72/445 24/73/1993 104/72/1994
f 289/73/1995 19/74/1996 290/74/1997
f 289/73/451 20/74/453 24/73/1998
f 291/75/1999 19/74/2000 15/75/2001
f 291/75/457 20/74/2002 290/74/457
f 292/76/2003 15/75/461 11/76/2004
f 291/75/462 12/76/1028 16/75/2005
f 292/76/464 7/66/2006 281/66/2007
f 292/76/467 8/66/2008 12/76/2009
f 294/77/2010 87/78/2011 89/77/1981
f 293/78/1982 90/77/473 88/78/2012
f 295/79/2013 89/77/432 91/79/2014
f 295/79/2015 90/77/479 294/77/2016
f 296/80/2017 91/79/2018 93/80/2019
f 296/80/483 92/79/485 295/79/2020
f 296/80/2021 47/81/2022 297/81/2023
f 296/80/2024 48/81/491 94/80/2025
f 297/81/2026 43/82/2027 298/82/2028
f 297/81/495 44/82/497 48/81/2029
f 299/83/498 43/82/2030 39/83/2031
f 299/83/2032 44/82/2033 298/82/2034
f 300/84/2003 39/83/2035 35/84/2004
f 299/83/462 36/84/463 40/83/2036
f 300/84/2037 31/85/2006 301/85/2007
f 300/84/467 32/85/2008 36/84/2009
f 302/86/506 31/85/2038 27/86/2039
f 302/86/2040 32/85/2041 301/85/2042
f 303/87/2043 27/86/2044 75/87/2045
f 303/87/2046 28/86/516 302/86/2047
f 303/87/2048 85/88/2049 304/88/2050
f 303/87/520 86/88/417 76/87/2051
f 304/88/2052 87/78/2053 293/78/2054
f 304/88/526 88/78/527 86/88/2055
f 309/93/2073 129/94/2074 310/94/2075
f 309/93/2076 130/94/557 132/93/2077
f 310/94/558 127/95/2078 311/95/2079
f 311/95/561 130/94/563 310/94/2080
f 312/96/2081 127/95/2082 125/96/2083
f 312/96/2084 128/95/569 311/95/1278
f 313/97/2085 125/96/2086 73/97/2087
f 313/97/573 126/96/2088 312/96/2089
f 313/97/2090 25/98/2091 314/98/2090
f 313/97/2092 26/98/2093 74/97/2094
f 314/98/2095 29/99/583 315/99/2096
f 314/98/2097 30/99/586 26/98/2098
f 316/100/2099 29/99/2100 33/100/2101
f 316/100/2102 30/99/2103 315/99/2104
f 316/100/593 37/101/595 317/101/2105
f 317/101/2106 34/100/598 316/100/2107
f 317/101/2108 41/102/2109 318/102/2110
f 317/101/2111 42/102/2112 38/101/2113
f 319/103/2114 41/102/2115 45/103/2116
f 319/103/608 42/102/610 318/102/2117
f 320/104/2118 45/103/2119 133/104/2120
f 320/104/2121 46/103/2122 319/103/2123
f 320/104/2124 131/93/2125 309/93/2126
f 320/104/2127 132/93/622 134/104/2128
f 325/105/2146 75/106/2147 326/106/1861
f 326/106/650 86/105/2148 325/105/2149
f 327/107/653 75/106/2150 73/107/2151
f 326/106/656 74/107/2152 76/106/2153
f 328/108/2154 73/107/2155 125/108/2156
f 327/107/662 126/108/2157 74/107/2158
f 328/108/2159 85/105/2160 325/105/2159
f 325/105/2161 126/108/2162 328/108/2161
f 329/40/2163 63/109/1165 330/109/2164
f 330/109/674 60/40/1167 329/40/2165
f 331/110/677 63/109/2166 61/110/2167
f 330/109/680 62/110/2168 64/109/2169
f 332/41/2170 61/110/685 57/41/2171
f 331/110/2172 58/41/2173 62/110/2174
f 329/40/689 57/41/691 59/40/2175
f 332/41/2176 60/40/2177 58/41/2178
f 342/119/741 133/120/2209 93/119/2210
f 341/120/2211 94/119/2212 134/120/2213
f 343/6/2214 93/119/2215 91/6/2216
f 342/119/750 92/6/2217 94/119/2218
f 344/5/2219 91/6/755 131/5/2220
f 343/6/756 132/5/2221 92/6/2222
f 344/5/2223 133/120/2224 341/120/2225
f 341/120/2226 132/5/2227 344/5/2228
f 345/56/765 111/55/767 346/55/2229
f 346/55/2230 122/56/770 345/56/2231
f 347/121/2232 111/55/2233 109/121/2234
f 346/55/774 110/121/2235 112/55/2236
f 347/121/777 119/122/1705 348/122/1706
f 348/122/2237 110/121/2238 347/121/2239
f 348/122/781 121/56/783 345/56/2240
f 345/56/2241 120/122/2242 348/122/2243
f 350/123/2244 83/124/789 49/123/2245
f 349/124/790 50/123/2246 84/124/2247
f 351/125/2248 49/123/2249 53/125/2250
f 350/123/796 54/125/2251 50/123/2252
f 351/125/799 81/126/2253 352/126/2254
f 352/126/156 54/125/2255 351/125/2256
f 349/124/2257 81/126/2258 83/124/2259
f 352/126/2260 84/124/809 82/126/2261
f 353/19/810 47/127/812 354/127/2262
f 354/127/813 44/19/815 353/19/2263
f 354/127/2264 45/128/2265 355/128/2266
f 355/128/2267 48/127/2268 354/127/2269
f 356/21/822 45/128/824 41/21/2270
f 355/128/2271 42/21/827 46/128/2272
f 353/19/2273 41/21/2273 43/19/2274
f 356/21/2275 44/19/2276 42/21/2277
f 361/63/671 39/20/673 362/20/2295
f 362/20/674 36/63/2296 361/63/2297
f 363/22/677 39/20/2166 37/22/2167
f 362/20/680 38/22/682 40/20/2169
f 364/64/861 37/22/2298 33/64/2299
f 363/22/864 34/64/2300 38/22/2301
f 364/64/867 35/63/2302 361/63/2303
f 361/63/1176 34/64/2304 364/64/2305
f 365/133/2306 113/134/875 366/134/2307
f 366/134/876 72/133/2308 365/133/2309
f 367/135/879 113/134/2310 123/135/2311
f 366/134/2312 124/135/2313 114/134/2314
f 368/136/1005 123/135/2315 69/136/2316
f 367/135/888 70/136/890 124/135/2317
f 365/133/2318 69/136/2319 71/133/2320
f 368/136/894 72/133/2321 70/136/2322
f 370/17/897 137/18/899 97/17/2323
f 369/18/2324 98/17/2325 138/18/2326
f 370/17/2327 95/137/2328 371/137/2329
f 371/137/906 98/17/2330 370/17/2331
f 372/138/2332 95/137/2332 135/138/2333
f 371/137/2334 136/138/912 96/137/2334
f 369/18/913 135/138/2335 137/18/2336
f 372/138/1495 138/18/918 136/138/2337
f 373/139/2338 23/140/921 374/140/2339
f 374/140/922 20/139/2340 373/139/2341
f 375/141/925 23/140/927 21/141/2342
f 375/141/928 24/140/2343 374/140/2344
f 376/142/2345 21/141/2346 17/142/2347
f 375/141/934 18/142/2348 22/141/2349
f 373/139/1510 17/142/2350 19/139/2351
f 376/142/1513 20/139/2352 18/142/2353
f 377/38/765 101/37/767 378/37/2229
f 378/37/2230 142/38/946 377/38/2231
f 379/15/771 101/37/2233 99/15/2234
f 378/37/774 100/15/776 102/37/2236
f 379/15/37 139/16/1705 380/16/1706
f 380/16/2354 100/15/2238 379/15/2355
f 380/16/781 141/38/950 377/38/2240
f 377/38/2241 140/16/2242 380/16/2243
f 381/137/2356 79/143/2357 382/143/2358
f 382/143/956 96/137/958 381/137/2359
f 383/144/2360 79/143/961 77/144/2361
f 382/143/2362 78/144/2363 80/143/2364
f 384/138/2365 77/144/2366 135/138/2367
f 383/144/968 136/138/2368 78/144/2369
f 384/138/2370 95/137/2371 381/137/2370
f 381/137/2372 136/138/670 384/138/2372
f 386/139/2373 15/145/975 19/139/2374
f 385/145/2375 20/139/2376 16/145/2377
f 386/139/979 17/142/981 387/142/2378
f 387/142/982 20/139/2379 386/139/2380
f 387/142/2381 13/146/1219 388/146/2382
f 388/146/2383 18/142/990 387/142/2384
f 388/146/991 15/145/1222 385/145/1769
f 385/145/138 14/146/994 388/146/1771
f 389/147/2385 103/148/2386 390/148/2387
f 390/148/2388 24/147/999 389/147/2389
f 391/149/2390 103/148/1001 143/149/2391
f 390/148/1002 144/149/2392 104/148/2393
f 392/150/1005 143/149/2394 21/150/2395
f 391/149/888 22/150/2396 144/149/2397
f 389/147/1009 21/150/2398 23/147/2399
f 392/150/2400 24/147/1012 22/150/2401
f 394/151/1013 109/152/2402 111/151/1984
f 394/151/2403 110/152/435 393/152/1986
f 395/153/1987 111/151/1988 113/153/1989
f 395/153/1017 112/151/441 394/151/1990
f 395/153/2404 71/154/2405 396/154/1992
f 395/153/445 72/154/1023 114/153/2406
f 396/154/448 67/155/1996 397/155/1997
f 396/154/2407 68/155/453 72/154/2408
f 398/156/2409 67/155/2410 63/156/2411
f 398/156/457 68/155/2412 397/155/457
f 399/157/2003 63/156/2035 59/157/2413
f 398/156/462 60/157/463 64/156/2414
f 399/157/2415 55/158/2416 400/158/2415
f 399/157/2417 56/158/2418 60/157/2419
f 401/159/2420 55/158/1036 49/159/2421
f 401/159/2422 56/158/2423 400/158/2424
f 402/160/2425 49/159/1042 83/160/2426
f 402/160/2427 50/159/2428 401/159/2429
f 402/160/2430 105/161/2431 403/161/2432
f 402/160/2433 106/161/1051 84/160/2434
f 403/161/2435 107/162/525 404/162/2435
f 403/161/1054 108/162/2436 106/161/2437
f 393/152/2438 107/162/1980 109/152/1981
f 404/162/1982 110/152/473 108/162/2012
f 409/165/2451 139/166/2452 410/166/2453
f 409/165/2454 140/166/1088 142/165/2455
f 410/166/2456 137/167/2457 411/167/2079
f 411/167/561 140/166/563 410/166/2080
f 412/168/564 137/167/2458 135/168/2459
f 412/168/2460 138/167/569 411/167/1278
f 413/169/2461 135/168/2462 77/169/2463
f 413/169/1100 136/168/2464 412/168/2465
f 413/169/2466 1/170/2467 414/170/2466
f 413/169/1106 2/170/2468 78/169/2469
f 414/170/2095 5/171/583 415/171/2096
f 414/170/1109 6/171/1111 2/170/2470
f 416/172/1112 5/171/589 9/172/2471
f 416/172/1114 6/171/2103 415/171/2104
f 416/172/2472 13/173/2473 417/173/2105
f 417/173/596 10/172/598 416/172/2474
f 417/173/2475 17/174/2476 418/174/2477
f 417/173/1122 18/174/2478 14/173/2479
f 419/175/1125 17/174/2480 21/175/2481
f 419/175/2482 18/174/1130 418/174/2483
f 420/176/2484 21/175/2485 143/176/2486
f 420/176/1134 22/175/1136 419/175/2487
f 420/176/2488 141/165/2489 409/165/2490
f 420/176/1140 142/165/2491 144/176/2492
f 421/177/2493 93/178/1145 422/178/2493
f 422/178/1146 48/177/2494 421/177/1146
f 422/178/2495 133/179/2496 423/179/2495
f 423/179/2497 94/178/2498 422/178/2497
f 424/180/2499 133/179/2500 45/180/2501
f 423/179/2502 46/180/1158 134/179/2503
f 424/180/2504 47/177/2505 421/177/2506
f 421/177/2507 46/180/2508 424/180/2507
f 425/28/2163 15/145/1165 426/145/2509
f 426/145/674 12/28/2296 425/28/2165
f 427/146/2510 15/145/2511 13/146/2167
f 426/145/2512 14/146/682 16/145/2513
f 428/29/2514 13/146/2515 9/29/2516
f 427/146/864 10/29/2517 14/146/2518
f 428/29/867 11/28/2519 425/28/2303
f 425/28/870 10/29/872 428/29/2520
f 429/181/175 107/182/2521 430/182/1794
f 430/182/2522 118/181/2523 429/181/2524
f 430/182/1185 105/43/2525 431/43/2526
f 431/43/2527 108/182/908 430/182/2528
f 432/46/2529 105/43/2530 115/46/2531
f 431/43/1853 116/46/2532 106/43/2533
f 429/181/913 115/46/1195 117/181/2534
f 432/46/2535 118/181/1198 116/46/2536
f 434/121/96 119/122/51 109/121/2537
f 433/122/1743 110/121/1715 120/122/1745
f 434/121/1201 107/182/104 435/182/2538
f 435/182/1202 110/121/2539 434/121/2540
f 436/181/1720 107/182/2541 117/181/2542
f 435/182/1206 118/181/1208 108/182/2543
f 433/122/2544 117/181/2545 119/122/2546
f 436/181/2547 120/122/1214 118/181/2548
f 438/183/2373 63/109/2549 67/183/2374
f 437/109/2550 68/183/2551 64/109/2552
f 438/183/979 65/184/981 439/184/2553
f 439/184/2554 68/183/2379 438/183/2380
f 439/184/2381 61/110/2555 440/110/2382
f 440/110/2556 66/184/990 439/184/2557
f 440/110/991 63/109/1222 437/109/2558
f 437/109/2559 62/110/1770 440/110/1771
f 446/185/2580 75/186/1247 27/185/2581
f 445/186/2582 28/185/2583 76/186/2584
f 447/187/2585 27/185/2586 25/187/2587
f 446/185/2588 26/187/2589 28/185/2590
f 447/187/2591 73/188/2592 448/188/2591
f 448/188/1257 26/187/1259 447/187/1257
f 448/188/2593 75/186/2594 445/186/2593
f 448/188/1263 76/186/2595 74/188/2596
f 449/189/1083 119/190/2452 450/190/2597
f 449/189/2454 120/190/1088 122/189/2598
f 450/190/2599 117/191/2600 451/191/2601
f 451/191/2602 120/190/1272 450/190/2603
f 452/192/2604 117/191/1275 115/192/2605
f 452/192/1276 118/191/1278 451/191/2606
f 453/193/2607 115/192/570 81/193/2608
f 453/193/1281 116/192/1283 452/192/1281
f 453/193/2466 53/194/2609 454/194/2466
f 453/193/2610 54/194/1287 82/193/2611
f 454/194/1288 51/195/1290 455/195/1288
f 454/194/1291 52/195/1292 54/194/2612
f 456/196/2613 51/195/2614 57/196/2615
f 456/196/2616 52/195/2617 455/195/2618
f 456/196/1299 61/197/1301 457/197/2619
f 457/197/2620 58/196/2621 456/196/2622
f 457/197/2475 65/198/2476 458/198/2477
f 457/197/1122 66/198/2478 62/197/2479
f 459/199/1305 65/198/2623 69/199/2624
f 459/199/2482 66/198/1130 458/198/2483
f 460/200/2484 69/199/2625 123/200/2626
f 460/200/1134 70/199/1311 459/199/2627
f 460/200/2488 121/189/2628 449/189/2490
f 460/200/1140 122/189/2629 124/200/2630
f 490/9/897 127/10/2738 87/9/2323
f 489/10/2739 88/9/2740 128/10/2741
f 490/9/2742 85/105/1488 491/105/2329
f 491/105/2743 88/9/2330 490/9/2331
f 492/108/2332 85/105/2744 125/108/2333
f 491/105/2334 126/108/2745 86/105/2746
f 489/10/913 125/108/1494 127/10/2747
f 492/108/1495 128/10/918 126/108/2748
f 493/183/919 71/227/1497 494/227/2339
f 494/227/922 68/183/924 493/183/2341
f 495/228/1500 71/227/927 69/228/2749
f 494/227/1501 70/228/1503 72/227/2750
f 496/184/931 69/228/2751 65/184/2347
f 495/228/2752 66/184/2348 70/228/2753
f 493/183/1510 65/184/2350 67/183/2351
f 496/184/1513 68/183/2352 66/184/2754
f 498/39/1514 49/229/1516 55/39/2755
f 497/229/2756 56/39/1519 50/229/2757
f 499/42/2758 55/39/2759 51/42/2760
f 498/39/2761 52/42/2762 56/39/2763
f 499/42/1526 53/230/2764 500/230/2765
f 500/230/1529 52/42/1531 499/42/2766
f 497/229/2767 53/230/319 49/229/2768
f 497/229/1535 54/230/2769 500/230/2770
usemtl Meshpart2Mtl.001
f 210/1/1 209/2/2 159/2/3
f 209/2/4 210/1/5 164/1/6
f 210/1/7 163/1/8 161/3/9
f 211/3/10 162/3/11 164/1/12
f 211/3/13 161/3/14 157/4/15
f 212/4/16 158/4/17 162/3/18
f 209/2/19 212/4/20 157/4/21
f 212/4/22 209/2/23 160/2/24
f 242/31/186 241/32/187 207/32/188
f 241/32/189 242/31/190 184/31/191
f 242/31/192 183/31/193 181/33/194
f 243/33/195 182/33/196 184/31/197
f 243/33/198 181/33/199 197/34/200
f 244/34/201 198/34/202 182/33/203
f 244/34/204 197/34/205 207/32/206
f 244/34/207 241/32/208 208/32/209
f 257/47/281 151/47/282 155/48/283
f 258/48/284 156/48/285 152/47/286
f 259/49/287 258/48/288 155/48/289
f 258/48/290 259/49/290 154/49/291
f 260/50/292 259/49/293 153/49/294
f 259/49/295 260/50/296 148/50/297
f 257/47/298 260/50/299 147/50/300
f 260/50/301 257/47/302 152/47/303
f 270/57/336 269/58/337 171/58/338
f 269/58/339 270/57/340 170/57/341
f 270/57/342 169/57/343 173/59/344
f 271/59/345 174/59/346 170/57/347
f 272/60/348 271/59/349 173/59/350
f 271/59/351 272/60/352 176/60/353
f 269/58/354 272/60/355 175/60/356
f 272/60/357 269/58/358 172/58/359
f 273/61/360 205/61/361 207/32/362
f 274/32/363 208/32/364 206/61/365
f 275/34/366 274/32/367 207/32/368
f 274/32/369 275/34/370 198/34/371
f 276/62/372 275/34/373 197/34/374
f 275/34/375 276/62/376 196/62/377
f 273/61/378 276/62/379 195/62/380
f 276/62/381 273/61/382 206/61/383
f 305/89/528 185/89/529 187/90/530
f 305/89/531 306/90/532 188/90/533
f 306/90/534 187/90/535 181/91/536
f 306/90/537 307/91/538 182/91/539
f 307/91/540 181/91/541 183/92/542
f 307/91/543 308/92/544 184/92/545
f 305/89/546 308/92/547 183/92/548
f 305/89/549 186/89/550 184/92/551
f 321/48/623 155/48/624 159/2/625
f 322/2/626 160/2/627 156/48/628
f 323/4/629 322/2/630 159/2/631
f 322/2/632 323/4/633 158/4/634
f 324/49/635 323/4/636 157/4/637
f 323/4/638 324/49/639 154/49/640
f 321/48/641 324/49/642 153/49/643
f 324/49/644 321/48/645 156/48/646
f 334/111/695 333/112/696 179/112/697
f 333/112/698 334/111/699 146/111/700
f 335/113/701 334/111/702 145/111/703
f 334/111/704 335/113/705 150/113/706
f 335/113/707 149/113/708 177/114/709
f 336/114/710 178/114/711 150/113/712
f 336/114/713 177/114/714 179/112/715
f 336/114/716 333/112/717 180/112/718
f 338/115/719 337/116/720 201/116/721
f 337/116/722 338/115/723 204/115/724
f 339/117/725 338/115/725 203/115/726
f 338/115/727 339/117/727 194/117/728
f 339/117/729 193/117/730 191/118/731
f 340/118/732 192/118/733 194/117/734
f 337/116/735 340/118/736 191/118/737
f 340/118/738 337/116/739 202/116/740
f 357/129/831 175/129/832 199/130/833
f 357/129/834 358/130/835 200/130/836
f 359/131/837 358/130/838 199/130/839
f 358/130/840 359/131/841 186/131/842
f 359/131/843 185/131/844 171/132/845
f 360/132/846 172/132/847 186/131/848
f 360/132/849 171/132/850 175/129/851
f 357/129/852 176/129/853 172/132/854
f 406/58/1060 405/57/1060 169/57/1061
f 406/58/1062 172/58/1063 170/57/1064
f 406/58/1065 171/58/1066 165/163/1067
f 406/58/1068 407/163/1069 166/163/1070
f 408/164/1071 407/163/1072 165/163/1073
f 408/164/1074 168/164/1075 166/163/1076
f 405/57/1077 408/164/1078 167/164/1079
f 405/57/1080 170/57/1081 168/164/1082
f 442/61/1223 441/115/1224 203/115/1225
f 441/115/1226 442/61/1227 206/61/1228
f 443/62/1229 442/61/1230 205/61/1231
f 442/61/1232 443/62/1233 196/62/1234
f 443/62/1235 195/62/1236 193/117/1237
f 444/117/1238 194/117/1239 196/62/1240
f 441/115/1241 444/117/1242 193/117/1243
f 444/117/1244 441/115/1244 204/115/1245
f 462/201/1316 461/202/1317 147/202/1318
f 462/201/1319 154/201/1320 148/202/1321
f 462/201/1322 153/201/1323 157/203/1324
f 463/203/1325 158/203/1326 154/201/1327
f 463/203/1328 157/203/1329 161/204/1330
f 463/203/1331 464/204/1332 162/204/1333
f 464/204/1334 161/204/1335 165/205/1336
f 464/204/1337 465/205/1338 166/205/1339
f 466/132/1340 465/205/1341 165/205/1342
f 466/132/1343 172/132/1344 166/205/1345
f 467/131/1346 466/132/1347 171/132/1348
f 467/131/1349 186/131/1350 172/132/1351
f 467/131/1352 185/131/1353 183/206/1354
f 467/131/1355 468/206/1356 184/206/1357
f 468/206/1358 183/206/1359 207/207/1360
f 469/207/1361 208/207/1362 184/206/1363
f 469/207/1364 207/207/1365 205/208/1366
f 469/207/1367 470/208/1368 206/208/1369
f 470/208/1370 205/208/1371 203/209/1372
f 471/209/1373 204/209/1374 206/208/1375
f 472/210/1376 471/209/1377 203/209/1378
f 472/210/1379 202/210/1380 204/209/1381
f 473/211/1382 472/210/1383 201/210/1384
f 473/211/1385 178/211/1386 202/210/1387
f 473/211/1388 177/211/1389 149/212/1390
f 473/211/1391 474/212/1392 150/212/1393
f 474/212/1394 149/212/1395 147/202/1396
f 474/212/1397 461/202/1398 148/202/1399
f 476/213/1400 475/214/1401 159/214/1402
f 476/213/1403 156/213/1404 160/214/1405
f 476/213/1406 155/213/1407 151/215/1408
f 476/213/1409 477/215/1410 152/215/1411
f 478/216/1412 477/215/1413 151/215/1414
f 478/216/1415 146/216/1416 152/215/1417
f 479/217/1418 478/216/1419 145/216/1420
f 479/217/1421 180/217/1422 146/216/1423
f 479/217/1424 179/217/1425 191/218/1426
f 479/217/1427 480/218/1428 192/218/1429
f 480/218/1430 191/218/1431 193/219/1432
f 480/218/1433 481/219/1434 194/219/1435
f 482/220/1436 481/219/1437 193/219/1438
f 481/219/1439 482/220/1440 196/220/1441
f 483/221/1442 482/220/1443 195/220/1444
f 483/221/1445 198/221/1446 196/220/1447
f 483/221/1448 197/221/1449 181/222/1450
f 483/221/1451 484/222/1452 182/222/1453
f 484/222/1454 181/222/1455 187/223/1456
f 485/223/1457 188/223/1458 182/222/1459
f 485/223/1460 187/223/1461 169/224/1462
f 485/223/1463 486/224/1464 170/224/1465
f 486/224/1466 169/224/1467 167/225/1468
f 486/224/1469 487/225/1470 168/225/1471
f 488/226/1472 487/225/1473 167/225/1474
f 488/226/1475 164/226/1476 168/225/1477
f 475/214/1478 488/226/1479 163/226/1480
f 475/214/1481 160/214/1482 164/226/1483
f 501/118/1538 191/118/1539 179/231/1540
f 502/231/1541 180/231/1542 192/118/1543
f 502/231/1544 179/231/1545 177/232/1546
f 503/232/1547 178/232/1548 180/231/1549
f 504/116/1550 503/232/1551 177/232/1552
f 503/232/1553 504/116/1554 202/116/1555
f 504/116/1556 201/116/1557 191/118/1558
f 501/118/1559 192/118/1560 202/116/1561
f 506/233/1562 505/234/1563 199/234/1564
f 505/234/1565 506/233/1566 190/233/1567
f 507/235/1568 506/233/1569 189/233/1570
f 506/233/1571 507/235/1572 188/235/1573
f 507/235/1574 187/235/1575 185/236/1576
f 508/236/1577 186/236/1578 188/235/1579
f 508/236/1580 185/236/1581 199/234/1582
f 505/234/1583 200/234/1584 186/236/1585
f 510/164/1586 509/1/1587 163/1/1588
f 509/1/1589 510/164/1590 168/164/1591
f 511/163/1592 510/164/1593 167/164/1594
f 510/164/1595 511/163/1596 166/163/1597
f 511/163/1598 165/163/1599 161/3/1600
f 512/3/1601 162/3/1602 166/163/1603
f 512/3/1604 161/3/1605 163/1/1606
f 509/1/1607 164/1/1608 162/3/1609
f 514/47/1610 513/237/1611 145/237/1612
f 513/237/1613 514/47/1614 152/47/1615
f 515/50/1616 514/47/1617 151/47/1618
f 514/47/1619 515/50/1620 148/50/1621
f 515/50/1622 147/50/1623 149/238/1624
f 516/238/1625 150/238/1626 148/50/1627
f 513/237/1628 516/238/1629 149/238/1630
f 516/238/1631 513/237/1632 146/237/1633
f 518/224/1634 517/239/1635 173/239/1636
f 517/239/1637 518/224/1638 170/224/1639
f 519/223/1640 518/224/1641 169/224/1642
f 518/224/1643 519/223/1644 188/223/1645
f 519/223/1646 187/223/1647 189/240/1648
f 520/240/1649 190/240/1650 188/223/1651
f 517/239/1652 520/240/1653 189/240/1654
f 517/239/1655 174/239/1656 190/240/1657
f 522/241/1658 521/242/1659 173/242/1660
f 521/242/1661 522/241/1662 190/241/1663
f 523/243/1664 522/241/1665 189/241/1666
f 522/241/1667 523/243/1668 200/243/1669
f 523/243/1670 199/243/1671 175/244/1672
f 524/244/1673 176/244/1674 200/243/1675
f 524/244/1676 175/244/1677 173/242/1678
f 521/242/1679 174/242/1680 176/244/1681
f 210/1/1 159/2/1682 163/1/1683
f 209/2/4 164/1/1684 160/2/1685
f 210/1/1686 161/3/9 211/3/1686
f 211/3/1687 164/1/12 210/1/1687
f 211/3/13 157/4/15 212/4/1688
f 212/4/1689 162/3/1690 211/3/1691
f 209/2/1692 157/4/1693 159/2/1694
f 212/4/1695 160/2/24 158/4/1696
f 242/31/186 207/32/188 183/31/1805
f 241/32/189 184/31/1806 208/32/1807
f 242/31/192 181/33/1808 243/33/1809
f 243/33/195 184/31/1810 242/31/1811
f 243/33/198 197/34/200 244/34/1812
f 244/34/1813 182/33/1814 243/33/1815
f 244/34/1816 207/32/1817 241/32/1818
f 244/34/207 208/32/209 198/34/1819
f 257/47/281 155/48/283 258/48/1878
f 258/48/284 152/47/1879 257/47/1880
f 259/49/1881 155/48/289 153/49/1882
f 258/48/1883 154/49/291 156/48/1884
f 260/50/1885 153/49/294 147/50/1886
f 259/49/295 148/50/1887 154/49/1888
f 257/47/1889 147/50/300 151/47/1890
f 260/50/1891 152/47/303 148/50/1892
f 270/57/1918 171/58/1919 169/57/1920
f 269/58/339 170/57/1921 172/58/1922
f 270/57/1923 173/59/1924 271/59/1925
f 271/59/345 170/57/347 270/57/1926
f 272/60/348 173/59/1927 175/60/1928
f 271/59/1929 176/60/1930 174/59/1931
f 269/58/1932 175/60/1933 171/58/1934
f 272/60/357 172/58/359 176/60/1935
f 273/61/360 207/32/362 274/32/1936
f 274/32/1937 206/61/1938 273/61/1939
f 275/34/1940 207/32/1941 197/34/1942
f 274/32/1943 198/34/371 208/32/1944
f 276/62/1945 197/34/1946 195/62/1947
f 275/34/375 196/62/377 198/34/1948
f 273/61/1949 195/62/380 205/61/1950
f 276/62/1951 206/61/383 196/62/1952
f 305/89/2056 187/90/530 306/90/2057
f 305/89/2058 188/90/2059 186/89/2060
f 306/90/2061 181/91/536 307/91/2062
f 306/90/537 182/91/2063 188/90/2064
f 307/91/540 183/92/2065 308/92/2066
f 307/91/543 184/92/2067 182/91/2068
f 305/89/2069 183/92/548 185/89/2070
f 305/89/549 184/92/2071 308/92/2072
f 321/48/2129 159/2/625 322/2/2130
f 322/2/2131 156/48/628 321/48/2132
f 323/4/2133 159/2/631 157/4/2134
f 322/2/2135 158/4/634 160/2/2136
f 324/49/2137 157/4/637 153/49/2138
f 323/4/2139 154/49/2140 158/4/2141
f 321/48/2142 153/49/643 155/48/2143
f 324/49/2144 156/48/646 154/49/2145
f 334/111/695 179/112/2179 145/111/2180
f 333/112/2181 146/111/2182 180/112/2183
f 335/113/701 145/111/703 149/113/2184
f 334/111/704 150/113/706 146/111/2185
f 335/113/2186 177/114/2187 336/114/2188
f 336/114/710 150/113/2189 335/113/2190
f 336/114/713 179/112/715 333/112/2191
f 336/114/2192 180/112/718 178/114/2193
f 338/115/719 201/116/721 203/115/2194
f 337/116/722 204/115/724 202/116/2195
f 339/117/2196 203/115/726 193/117/2197
f 338/115/2198 194/117/2199 204/115/2200
f 339/117/2201 191/118/731 340/118/2202
f 340/118/2203 194/117/734 339/117/2204
f 337/116/2205 191/118/737 201/116/2206
f 340/118/738 202/116/2207 192/118/2208
f 357/129/2278 199/130/2279 358/130/2280
f 357/129/2281 200/130/2282 176/129/2283
f 359/131/2284 199/130/839 185/131/2285
f 358/130/840 186/131/842 200/130/2286
f 359/131/843 171/132/2287 360/132/2288
f 360/132/2289 186/131/848 359/131/2290
f 360/132/2291 175/129/2292 357/129/2293
f 357/129/852 172/132/854 360/132/2294
f 406/58/2439 169/57/1061 171/58/2440
f 406/58/2441 170/57/2442 405/57/2441
f 406/58/1065 165/163/1067 407/163/2443
f 406/58/1068 166/163/2444 172/58/2445
f 408/164/2446 165/163/1073 167/164/2447
f 408/164/1074 166/163/1076 407/163/2448
f 405/57/1077 167/164/1079 169/57/2449
f 405/57/1080 168/164/1082 408/164/2450
f 442/61/2560 203/115/1225 205/61/2561
f 441/115/2562 206/61/2563 204/115/2564
f 443/62/2565 205/61/2566 195/62/2567
f 442/61/2568 196/62/2569 206/61/2570
f 443/62/2571 193/117/2572 444/117/2573
f 444/117/2574 196/62/1240 443/62/2575
f 441/115/2576 193/117/1243 203/115/2577
f 444/117/2578 204/115/1245 194/117/2579
f 462/201/2631 147/202/2632 153/201/2633
f 462/201/1319 148/202/1321 461/202/2634
f 462/201/2635 157/203/2636 463/203/2637
f 463/203/1325 154/201/1327 462/201/2638
f 463/203/1328 161/204/2639 464/204/2640
f 463/203/1331 162/204/1333 158/203/2641
f 464/204/1334 165/205/2642 465/205/2643
f 464/204/2644 166/205/1339 162/204/2645
f 466/132/2646 165/205/2647 171/132/2648
f 466/132/1343 166/205/2649 465/205/2650
f 467/131/2651 171/132/1348 185/131/2652
f 467/131/2653 172/132/1351 466/132/2654
f 467/131/2655 183/206/2656 468/206/2657
f 467/131/1355 184/206/2658 186/131/2659
f 468/206/2660 207/207/2661 469/207/2662
f 469/207/2663 184/206/2664 468/206/2665
f 469/207/1364 205/208/1366 470/208/2666
f 469/207/1367 206/208/1369 208/207/2667
f 470/208/1370 203/209/1372 471/209/2668
f 471/209/2669 206/208/1375 470/208/2670
f 472/210/1376 203/209/1378 201/210/2671
f 472/210/1379 204/209/1381 471/209/2672
f 473/211/2673 201/210/2674 177/211/2675
f 473/211/1385 202/210/1387 472/210/2676
f 473/211/2677 149/212/1390 474/212/2678
f 473/211/1391 150/212/2679 178/211/2680
f 474/212/1394 147/202/2681 461/202/2682
f 474/212/1397 148/202/2683 150/212/2684
f 476/213/2685 159/214/1402 155/213/2686
f 476/213/1403 160/214/1405 475/214/2687
f 476/213/1406 151/215/1408 477/215/2688
f 476/213/1409 152/215/1411 156/213/2689
f 478/216/1412 151/215/1414 145/216/2690
f 478/216/1415 152/215/1417 477/215/2691
f 479/217/2692 145/216/1420 179/217/2693
f 479/217/1421 146/216/2694 478/216/2695
f 479/217/2696 191/218/2697 480/218/2698
f 479/217/2699 192/218/2700 180/217/2701
f 480/218/1430 193/219/1432 481/219/2702
f 480/218/1433 194/219/1435 192/218/2703
f 482/220/1436 193/219/1438 195/220/2704
f 481/219/1439 196/220/1441 194/219/2705
f 483/221/1442 195/220/2706 197/221/2707
f 483/221/1445 196/220/1447 482/220/2708
f 483/221/2709 181/222/2710 484/222/2711
f 483/221/2712 182/222/2713 198/221/2714
f 484/222/2715 187/223/2716 485/223/2717
f 485/223/2718 182/222/2719 484/222/2720
f 485/223/2721 169/224/1462 486/224/2722
f 485/223/2723 170/224/2724 188/223/2725
f 486/224/2726 167/225/2727 487/225/2728
f 486/224/2729 168/225/1471 170/224/2730
f 488/226/2731 167/225/2732 163/226/2733
f 488/226/2734 168/225/1477 487/225/2735
f 475/214/1478 163/226/1480 159/214/2736
f 475/214/1481 164/226/1483 488/226/2737
f 501/118/2771 179/231/2772 502/231/2773
f 502/231/1541 192/118/2774 501/118/2775
f 502/231/2776 177/232/2777 503/232/2778
f 503/232/2779 180/231/1549 502/231/2780
f 504/116/2781 177/232/2782 201/116/2783
f 503/232/2784 202/116/1555 178/232/2785
f 504/116/1556 191/118/2786 501/118/2787
f 501/118/1559 202/116/1561 504/116/2788
f 506/233/1562 199/234/2789 189/233/2790
f 505/234/2791 190/233/1567 200/234/2792
f 507/235/2793 189/233/2794 187/235/2795
f 506/233/1571 188/235/1573 190/233/2796
f 507/235/1574 185/236/1576 508/236/2797
f 508/236/2798 188/235/1579 507/235/2799
f 508/236/1580 199/234/1582 505/234/2800
f 505/234/1583 186/236/1585 508/236/2801
f 510/164/1586 163/1/2802 167/164/2803
f 509/1/1589 168/164/2804 164/1/2805
f 511/163/1592 167/164/1594 165/163/2806
f 510/164/1595 166/163/1597 168/164/2807
f 511/163/2808 161/3/1600 512/3/2809
f 512/3/2810 166/163/1603 511/163/2811
f 512/3/1604 163/1/1606 509/1/1604
f 509/1/1607 162/3/1609 512/3/1607
f 514/47/1610 145/237/2812 151/47/2813
f 513/237/2814 152/47/1615 146/237/2815
f 515/50/2816 151/47/2817 147/50/2818
f 514/47/1619 148/50/1621 152/47/2819
f 515/50/2820 149/238/2821 516/238/2822
f 516/238/1625 148/50/2823 515/50/2824
f 513/237/2825 149/238/1630 145/237/2826
f 516/238/2827 146/237/2828 150/238/2829
f 518/224/2830 173/239/2831 169/224/2832
f 517/239/1637 170/224/1639 174/239/2833
f 519/223/1640 169/224/2834 187/223/2835
f 518/224/1643 188/223/1645 170/224/2836
f 519/223/2837 189/240/2838 520/240/2839
f 520/240/1649 188/223/1651 519/223/2840
f 517/239/2841 189/240/2842 173/239/2843
f 517/239/2844 190/240/2845 520/240/2846
f 522/241/2847 173/242/2848 189/241/2849
f 521/242/2850 190/241/2851 174/242/2852
f 523/243/2853 189/241/2854 199/243/2855
f 522/241/1667 200/243/1669 190/241/2856
f 523/243/2857 175/244/2858 524/244/2859
f 524/244/2860 200/243/1675 523/243/2861
f 524/244/1676 173/242/2862 521/242/2863
f 521/242/2864 176/244/2865 524/244/2866
