# Blender 5.1.2
# www.blender.org
mtllib gourd.mtl
o exo_gaurd_(1)
v -0.071558 -1.061749 -0.007687
v -0.025252 -1.073048 -0.108742
v -0.067108 -1.073048 -0.007687
v -0.028397 -1.061749 -0.111888
v -0.028397 -1.061749 0.096514
v -0.071558 -1.061749 -0.007687
v -0.025252 -1.073048 0.093367
v -0.067108 -1.073048 -0.007687
v 0.223168 -1.061749 -0.007687
v 0.075803 -1.061749 -0.155049
v 0.075803 -1.061749 0.139675
v 0.180003 -1.061749 -0.111888
v 0.180003 -1.061749 0.096514
v -0.071558 -1.061749 -0.007687
v -0.028397 -1.061749 0.096514
v -0.028397 -1.061749 -0.111888
v 0.075803 -1.061749 -0.155049
v 0.176858 -1.073048 -0.108742
v 0.075803 -1.073048 -0.150599
v 0.180003 -1.061749 -0.111888
v -0.025252 -1.073048 -0.108742
v 0.075803 -1.061749 -0.155049
v 0.075803 -1.073048 -0.150599
v -0.028397 -1.061749 -0.111888
v 0.176858 -1.073048 0.093367
v 0.223168 -1.061749 -0.007687
v 0.180003 -1.061749 0.096514
v 0.218718 -1.073048 -0.007687
v 0.176858 -1.073048 -0.108742
v 0.223168 -1.061749 -0.007687
v 0.218718 -1.073048 -0.007687
v 0.180003 -1.061749 -0.111888
v -0.025252 -1.073048 0.093367
v 0.075803 -1.061749 0.139675
v -0.028397 -1.061749 0.096514
v 0.075803 -1.073048 0.135225
v 0.075803 -1.073048 0.135225
v 0.176858 -1.073048 0.093367
v 0.075803 -1.061749 0.139675
v 0.180003 -1.061749 0.096514
v 0.035418 -0.217452 0.070627
v 0.142273 -0.336979 0.079920
v 0.076848 -0.248990 0.171493
v 0.006773 -0.100858 0.128778
v -0.000647 -0.081768 -0.007687
v 0.053858 -0.125203 0.235433
v 0.077978 0.007402 0.258120
v 0.027938 0.025612 0.150085
v 0.144738 0.124482 0.235433
v 0.093018 0.136102 0.128778
v 0.013268 0.030952 -0.007687
v 0.075063 0.126247 -0.007687
v 0.241298 -0.341229 0.119703
v 0.236013 -0.335573 0.114387
v 0.236368 -0.334604 0.120387
v 0.257808 -0.275689 0.228961
v 0.115108 -0.295299 -0.000788
v 0.116018 -0.290800 -0.007687
v 0.115108 -0.295299 -0.014587
v 0.035433 -0.194751 -0.007687
v 0.035418 -0.217452 -0.086002
v 0.257808 -0.275689 -0.244336
v 0.241298 -0.341229 -0.135078
v 0.236013 -0.335573 -0.129761
v 0.236368 -0.334604 -0.135761
v 0.142273 -0.336979 -0.095294
v 0.076848 -0.248990 -0.186867
v 0.006773 -0.100858 -0.144152
v 0.053858 -0.125203 -0.250808
v 0.077978 0.007402 -0.273495
v 0.027938 0.025612 -0.165460
v 0.144738 0.124482 -0.250808
v 0.093018 0.136102 -0.144152
v 0.144738 0.124482 0.235433
v 0.093018 0.136102 0.128778
v 0.241918 0.204532 0.171493
v 0.075063 0.126247 -0.007687
v 0.189908 0.207007 0.070627
v 0.348593 0.229882 0.079920
v 0.331413 0.155502 0.221214
v 0.397703 0.108667 0.228961
v 0.175328 0.189607 -0.007687
v 0.414218 0.174207 0.119703
v 0.300993 0.215417 -0.000788
v 0.419148 0.167582 0.120387
v 0.298798 0.211387 -0.007687
v 0.419503 0.168552 0.114387
v 0.427183 0.169487 0.119703
v 0.373553 0.204332 0.047728
v 0.477698 0.166427 0.047728
v 0.478593 0.101932 0.221214
v 0.513243 0.169957 0.079920
v 0.578668 0.081967 0.171493
v 0.540408 0.128277 -0.000788
v 0.539498 0.123777 -0.007687
v 0.578668 0.081967 -0.186867
v 0.144738 0.124482 -0.250808
v 0.093018 0.136102 -0.144152
v 0.241918 0.204532 -0.186867
v 0.189908 0.207007 -0.086002
v 0.348593 0.229882 -0.095294
v 0.300993 0.215417 -0.014587
v 0.331413 0.155502 -0.236588
v 0.304788 0.210302 -0.007687
v 0.373553 0.204332 -0.063102
v 0.424818 0.183167 -0.007687
v 0.477698 0.166427 -0.063102
v 0.534213 0.126797 -0.007687
v 0.540408 0.128277 -0.014587
v 0.513243 0.169957 -0.095294
v 0.419503 0.168552 -0.129761
v 0.427183 0.169487 -0.135078
v 0.478593 0.101932 -0.236588
v 0.397703 0.108667 -0.244336
v 0.419148 0.167582 -0.135761
v 0.414218 0.174207 -0.135078
v 0.413598 -0.371556 -0.186867
v 0.510778 -0.291507 -0.250808
v 0.577533 -0.174422 -0.273495
v 0.601653 -0.041818 -0.250808
v 0.476013 -0.137472 -0.326750
v 0.412868 -0.248664 -0.303383
v 0.324103 -0.322526 -0.236588
v 0.578668 0.081967 -0.186867
v 0.499113 -0.011708 -0.303383
v 0.327758 -0.083513 -0.342359
v 0.289903 -0.187518 -0.316883
v 0.257808 -0.275689 -0.244336
v 0.176923 -0.268955 -0.236588
v 0.076848 -0.248990 -0.186867
v 0.156398 -0.155316 -0.303383
v 0.053858 -0.125203 -0.250808
v 0.179498 -0.029548 -0.326750
v 0.077978 0.007402 -0.273495
v 0.144738 0.124482 -0.250808
v 0.242643 0.081642 -0.303383
v 0.241918 0.204532 -0.186867
v 0.365613 0.020497 -0.316883
v 0.331413 0.155502 -0.236588
v 0.478593 0.101932 -0.236588
v 0.397703 0.108667 -0.244336
v 0.397703 0.108667 0.228961
v 0.414218 0.174207 0.119703
v 0.419148 0.167582 0.120387
v 0.419503 0.168552 0.114387
v 0.513243 0.169957 0.079920
v 0.580453 -0.293269 -0.007687
v 0.562498 -0.303123 -0.144152
v 0.562498 -0.303123 0.128778
v 0.642248 -0.197975 -0.007687
v 0.627578 -0.192637 0.150085
v 0.510778 -0.291507 0.235433
v 0.578668 0.081967 0.171493
v 0.601653 -0.041818 0.235433
v 0.577533 -0.174422 0.258120
v 0.648743 -0.066168 0.128778
v 0.620098 0.050427 0.070627
v 0.656163 -0.085258 -0.007687
v 0.540408 0.128277 -0.000788
v 0.620083 0.027727 -0.007687
v 0.627578 -0.192637 -0.165460
v 0.539498 0.123777 -0.007687
v 0.620098 0.050427 -0.086002
v 0.648743 -0.066168 -0.144152
v 0.510778 -0.291507 -0.250808
v 0.577533 -0.174422 -0.273495
v 0.601653 -0.041818 -0.250808
v 0.578668 0.081967 -0.186867
v 0.540408 0.128277 -0.014587
v 0.513243 0.169957 -0.095294
v 0.419503 0.168552 -0.129761
v 0.397703 0.108667 -0.244336
v 0.419148 0.167582 -0.135761
v 0.414218 0.174207 -0.135078
v 0.142273 -0.336979 0.079920
v 0.076848 -0.248990 0.171493
v 0.176923 -0.268955 0.221214
v 0.480188 -0.356628 -0.007687
v 0.354523 -0.382439 -0.014587
v 0.465608 -0.374029 -0.086002
v 0.356718 -0.378408 -0.007687
v 0.350728 -0.377325 -0.007687
v 0.354523 -0.382439 -0.000788
v 0.281963 -0.371356 -0.063102
v 0.281963 -0.371356 0.047728
v 0.465608 -0.374029 0.070627
v 0.306923 -0.396905 0.079920
v 0.580453 -0.293269 -0.007687
v 0.306923 -0.396905 -0.095294
v 0.562498 -0.303123 -0.144152
v 0.562498 -0.303123 0.128778
v 0.413598 -0.371556 -0.186867
v 0.413598 -0.371556 0.171493
v 0.510778 -0.291507 0.235433
v 0.324103 -0.322526 0.221214
v 0.241298 -0.341229 0.119703
v 0.236013 -0.335573 0.114387
v 0.236368 -0.334604 0.120387
v 0.257808 -0.275689 0.228961
v 0.177818 -0.333451 0.047728
v 0.228333 -0.336509 0.119703
v 0.230693 -0.350189 -0.007687
v 0.115108 -0.295299 -0.000788
v 0.177818 -0.333451 -0.063102
v 0.121303 -0.293821 -0.007687
v 0.116018 -0.290800 -0.007687
v 0.115108 -0.295299 -0.014587
v 0.510778 -0.291507 -0.250808
v 0.324103 -0.322526 -0.236588
v 0.257808 -0.275689 -0.244336
v 0.241298 -0.341229 -0.135078
v 0.236013 -0.335573 -0.129761
v 0.236368 -0.334604 -0.135761
v 0.228333 -0.336509 -0.135078
v 0.176923 -0.268955 -0.236588
v 0.142273 -0.336979 -0.095294
v 0.076848 -0.248990 -0.186867
v 0.076848 -0.248990 0.171493
v 0.176923 -0.268955 0.221214
v 0.156398 -0.155316 0.288008
v 0.289903 -0.187518 0.301509
v 0.053858 -0.125203 0.235433
v 0.327758 -0.083513 0.326985
v 0.412868 -0.248664 0.288008
v 0.179498 -0.029548 0.311376
v 0.077978 0.007402 0.258120
v 0.144738 0.124482 0.235433
v 0.242643 0.081642 0.288008
v 0.241918 0.204532 0.171493
v 0.331413 0.155502 0.221214
v 0.365613 0.020497 0.301509
v 0.397703 0.108667 0.228961
v 0.478593 0.101932 0.221214
v 0.413598 -0.371556 0.171493
v 0.510778 -0.291507 0.235433
v 0.324103 -0.322526 0.221214
v 0.257808 -0.275689 0.228961
v 0.499113 -0.011708 0.288008
v 0.578668 0.081967 0.171493
v 0.476013 -0.137472 0.311376
v 0.601653 -0.041818 0.235433
v 0.577533 -0.174422 0.258120
v 0.293718 0.246207 0.100691
v 0.221863 0.179862 0.025068
v 0.283008 0.169427 0.106980
v 0.244258 0.254652 0.034434
v 0.244258 0.254652 0.034434
v 0.256498 0.266717 -0.046880
v 0.221863 0.179862 0.025068
v 0.236993 0.194782 -0.075460
v 0.345513 0.355227 0.022873
v 0.379028 0.345017 0.067699
v 0.353548 0.359057 -0.033319
v 0.390963 0.413102 0.019828
v 0.386748 0.410397 0.052797
v 0.407068 0.408622 0.078720
v 0.400668 0.498047 0.046006
v 0.397548 0.509437 0.067073
v 0.412578 0.518992 0.083606
v 0.409183 0.559927 0.020392
v 0.407608 0.568597 0.031492
v 0.416903 0.575987 0.040127
v 0.402968 0.579312 -0.026984
v 0.401758 0.592688 -0.029602
v 0.413513 0.604672 -0.032512
v 0.412038 0.547908 -0.067740
v 0.411213 0.550877 -0.078529
v 0.418428 0.553587 -0.086561
v 0.393348 0.495347 -0.075745
v 0.408063 0.484517 -0.094964
v 0.391348 0.488787 -0.086832
v 0.411443 0.470172 -0.045311
v 0.410513 0.460122 -0.043266
v 0.417898 0.452692 -0.041715
v 0.414578 0.476602 -0.017410
v 0.413798 0.469502 -0.011794
v 0.424998 0.506362 -0.007935
v 0.419493 0.464277 -0.007198
v 0.444553 0.571958 0.034374
v 0.416903 0.575987 0.040127
v 0.432643 0.577452 0.041314
v 0.434598 0.606913 -0.033336
v 0.413513 0.604672 -0.032512
v 0.450213 0.597428 -0.031119
v 0.418428 0.553587 -0.086561
v 0.430118 0.554032 -0.087924
v 0.345513 0.355227 0.022873
v 0.293718 0.246207 0.100691
v 0.379028 0.345017 0.067699
v 0.244258 0.254652 0.034434
v 0.256498 0.266717 -0.046880
v 0.353548 0.359057 -0.033319
v 0.416903 0.575987 0.040127
v 0.401758 0.592688 -0.029602
v 0.413513 0.604672 -0.032512
v 0.398423 0.354262 -0.067960
v 0.453848 0.343647 -0.060759
v 0.417568 0.415027 -0.000408
v 0.434608 0.475757 -0.046674
v 0.421403 0.477347 -0.046972
v 0.422368 0.481827 -0.021271
v 0.432923 0.480612 -0.020507
v 0.256498 0.266717 -0.046880
v 0.353548 0.359057 -0.033319
v 0.323258 0.275342 -0.095619
v 0.398423 0.354262 -0.067960
v 0.417568 0.415027 -0.000408
v 0.390963 0.413102 0.019828
v 0.421403 0.477347 -0.046972
v 0.411443 0.470172 -0.045311
v 0.422368 0.481827 -0.021271
v 0.414578 0.476602 -0.017410
v 0.470388 0.413252 0.029997
v 0.444278 0.493307 0.035412
v 0.459363 0.502532 0.051990
v 0.434598 0.606913 -0.033336
v 0.450213 0.597428 -0.031119
v 0.418428 0.553587 -0.086561
v 0.430118 0.554032 -0.087924
v 0.439213 0.551847 -0.081845
v 0.435618 0.483822 -0.096299
v 0.408063 0.484517 -0.094964
v 0.457093 0.487087 -0.090299
v 0.319533 0.205442 -0.135715
v 0.256498 0.266717 -0.046880
v 0.323258 0.275342 -0.095619
v 0.236993 0.194782 -0.075460
v 0.411213 0.550877 -0.078529
v 0.408063 0.484517 -0.094964
v 0.391348 0.488787 -0.086832
v 0.323258 0.275342 -0.095619
v 0.398423 0.354262 -0.067960
v 0.405443 0.275467 -0.083232
v 0.453848 0.343647 -0.060759
v 0.417568 0.415027 -0.000408
v 0.450328 0.415037 0.003948
v 0.420123 0.491492 0.032943
v 0.444278 0.493307 0.035412
v 0.421288 0.554663 0.012538
v 0.437233 0.556083 0.013940
v 0.422368 0.481827 -0.021271
v 0.432923 0.480612 -0.020507
v 0.424998 0.506362 -0.007935
v 0.353548 0.359057 -0.033319
v 0.323258 0.275342 -0.095619
v 0.398423 0.354262 -0.067960
v 0.417568 0.415027 -0.000408
v 0.390963 0.413102 0.019828
v 0.420123 0.491492 0.032943
v 0.400668 0.498047 0.046006
v 0.421288 0.554663 0.012538
v 0.409183 0.559927 0.020392
v 0.422368 0.481827 -0.021271
v 0.414578 0.476602 -0.017410
v 0.424998 0.506362 -0.007935
v 0.421133 0.205597 -0.120402
v 0.319533 0.205442 -0.135715
v 0.405443 0.275467 -0.083232
v 0.323258 0.275342 -0.095619
v 0.479328 0.329612 0.040258
v 0.454898 0.267022 -0.016976
v 0.487363 0.333437 -0.015933
v 0.442663 0.254957 0.064338
v 0.405443 0.275467 -0.083232
v 0.453848 0.343647 -0.060759
v 0.450328 0.415037 0.003948
v 0.470388 0.413252 0.029997
v 0.466088 0.410677 0.062714
v 0.444278 0.493307 0.035412
v 0.459363 0.502532 0.051990
v 0.456348 0.513982 0.072946
v 0.437233 0.556083 0.013940
v 0.446498 0.563297 0.023454
v 0.444553 0.571958 0.034374
v 0.452598 0.584047 -0.028285
v 0.443263 0.572197 -0.026456
v 0.450213 0.597428 -0.031119
v 0.434033 0.546732 -0.061833
v 0.441238 0.548798 -0.071462
v 0.439213 0.551847 -0.081845
v 0.445073 0.499592 -0.069860
v 0.461648 0.493152 -0.079732
v 0.457093 0.487087 -0.090299
v 0.434608 0.475757 -0.046674
v 0.441878 0.466872 -0.044754
v 0.439923 0.457242 -0.042728
v 0.432923 0.480612 -0.020507
v 0.438453 0.474412 -0.015797
v 0.424998 0.506362 -0.007935
v 0.437033 0.467632 -0.010165
v 0.424998 0.506362 -0.007935
v 0.467148 0.180242 0.062038
v 0.454898 0.267022 -0.016976
v 0.442663 0.254957 0.064338
v 0.482278 0.195157 -0.038490
v 0.482278 0.195157 -0.038490
v 0.405443 0.275467 -0.083232
v 0.454898 0.267022 -0.016976
v 0.421133 0.205597 -0.120402
v 0.435618 0.483822 -0.096299
v 0.408063 0.484517 -0.094964
v 0.457093 0.487087 -0.090299
v 0.417898 0.452692 -0.041715
v 0.439923 0.457242 -0.042728
v 0.430268 0.451477 -0.041417
v 0.419493 0.464277 -0.007198
v 0.437033 0.467632 -0.010165
v 0.429328 0.463457 -0.006376
v 0.408063 0.484517 -0.094964
v 0.391348 0.488787 -0.086832
v 0.410513 0.460122 -0.043266
v 0.417898 0.452692 -0.041715
v 0.421288 0.554663 0.012538
v 0.437233 0.556083 0.013940
v 0.443263 0.572197 -0.026456
v 0.416618 0.569212 -0.026132
v 0.421618 0.546372 -0.060258
v 0.434033 0.546732 -0.061833
v 0.421288 0.554663 0.012538
v 0.409183 0.559927 0.020392
v 0.402968 0.579312 -0.026984
v 0.416618 0.569212 -0.026132
v 0.421618 0.546372 -0.060258
v 0.412038 0.547908 -0.067740
v 0.293718 0.246207 0.100691
v 0.384608 0.169582 0.122294
v 0.375898 0.246332 0.113077
v 0.283008 0.169427 0.106980
v 0.384608 0.169582 0.122294
v 0.442663 0.254957 0.064338
v 0.375898 0.246332 0.113077
v 0.467148 0.180242 0.062038
v 0.441238 0.548798 -0.071462
v 0.445073 0.499592 -0.069860
v 0.461648 0.493152 -0.079732
v 0.434608 0.475757 -0.046674
v 0.441878 0.466872 -0.044754
v 0.439818 0.408757 0.082856
v 0.434453 0.334407 0.074900
v 0.466088 0.410677 0.062714
v 0.479328 0.329612 0.040258
v 0.442663 0.254957 0.064338
v 0.456348 0.513982 0.072946
v 0.375898 0.246332 0.113077
v 0.379028 0.345017 0.067699
v 0.293718 0.246207 0.100691
v 0.407068 0.408622 0.078720
v 0.412578 0.518992 0.083606
v 0.437043 0.520907 0.086029
v 0.444553 0.571958 0.034374
v 0.416903 0.575987 0.040127
v 0.432643 0.577452 0.041314
v 0.419493 0.464277 -0.007198
v 0.437033 0.467632 -0.010165
v 0.429328 0.463457 -0.006376
v 0.424998 0.506362 -0.007935
v 0.424998 0.506362 -0.007935
v 0.413798 0.469502 -0.011794
v 0.419493 0.464277 -0.007198
v 0.424998 0.506362 -0.007935
v 0.421618 0.546372 -0.060258
v 0.434033 0.546732 -0.061833
v 0.415728 0.500772 -0.068209
v 0.445073 0.499592 -0.069860
v 0.434608 0.475757 -0.046674
v 0.421403 0.477347 -0.046972
v 0.421618 0.546372 -0.060258
v 0.412038 0.547908 -0.067740
v 0.415728 0.500772 -0.068209
v 0.393348 0.495347 -0.075745
v 0.421403 0.477347 -0.046972
v 0.411443 0.470172 -0.045311
v -0.374168 -0.119907 0.023529
v -0.374168 -0.119907 -0.038904
v -0.440965 -0.287963 -0.038904
v -0.440965 -0.287963 0.023529
v -0.454069 -0.421870 0.023529
v -0.454069 -0.421870 -0.038904
v -0.404213 -0.583787 -0.038904
v -0.404213 -0.583787 0.023529
v -0.326628 -0.681622 0.023529
v -0.326628 -0.681622 -0.038904
v -0.108717 -0.830117 0.023529
v -0.108717 -0.830117 -0.038904
v -0.003462 -0.951618 -0.038904
v -0.003462 -0.951618 0.023529
v 0.021148 -1.074035 0.023529
v 0.021148 -1.074035 -0.038904
v -0.241900 -0.614431 -0.038904
v -0.241900 -0.614431 0.023529
v -0.128263 -0.666098 0.023529
v -0.128263 -0.666098 -0.038904
v -0.035927 -0.750150 -0.038904
v -0.035927 -0.750150 0.023529
v 0.017738 0.022247 0.023529
v -0.079737 0.022247 0.023529
v 0.017738 0.022247 -0.038904
v -0.079737 0.022247 -0.038904
v -0.264368 -0.029208 -0.038904
v -0.264368 -0.029208 0.023529
v -0.374168 -0.119907 0.023529
v -0.374168 -0.119907 -0.038904
v 0.017738 -0.085888 -0.038904
v -0.079737 -0.085888 -0.038904
v -0.079737 -0.031823 -0.070120
v -0.191511 -0.109113 -0.038904
v 0.017738 -0.031823 -0.070120
v -0.079737 0.022247 -0.038904
v 0.017738 0.022247 -0.038904
v -0.227939 -0.069163 -0.070120
v -0.301312 -0.199815 -0.038904
v -0.264368 -0.029208 -0.038904
v -0.337740 -0.159861 -0.070120
v -0.374168 -0.119907 -0.038904
v -0.440965 -0.287963 -0.038904
v -0.387611 -0.296724 -0.070120
v -0.334258 -0.305484 -0.038904
v -0.454069 -0.421870 -0.038904
v -0.400716 -0.430630 -0.070120
v -0.347362 -0.439391 -0.038904
v -0.404213 -0.583787 -0.038904
v -0.361849 -0.550191 -0.070120
v -0.319485 -0.516596 -0.038904
v -0.284264 -0.648027 -0.070120
v -0.326628 -0.681622 -0.038904
v -0.241900 -0.614431 -0.038904
v -0.201057 -0.746065 -0.038904
v -0.164661 -0.706081 -0.070120
v -0.128263 -0.666098 -0.038904
v -0.072322 -0.790133 -0.070120
v -0.108717 -0.830117 -0.038904
v -0.035927 -0.750150 -0.038904
v -0.003462 -0.951618 -0.038904
v 0.049548 -0.940963 -0.070120
v 0.102553 -0.930309 -0.038904
v 0.074153 -1.063380 -0.070120
v 0.021148 -1.074035 -0.038904
v 0.127163 -1.052725 -0.038904
v -0.301312 -0.199815 -0.038904
v -0.301312 -0.199815 0.023529
v -0.334258 -0.305484 0.023529
v -0.334258 -0.305484 -0.038904
v -0.347362 -0.439391 -0.038904
v -0.347362 -0.439391 0.023529
v -0.319485 -0.516596 0.023529
v -0.319485 -0.516596 -0.038904
v -0.241900 -0.614431 -0.038904
v -0.241900 -0.614431 0.023529
v -0.035927 -0.750150 -0.038904
v -0.035927 -0.750150 0.023529
v 0.102553 -0.930309 0.023529
v 0.102553 -0.930309 -0.038904
v 0.127163 -1.052725 -0.038904
v 0.127163 -1.052725 0.023529
v 0.017738 -0.085888 0.023529
v -0.079737 -0.085888 0.023529
v -0.079737 -0.085888 -0.038904
v 0.017738 -0.085888 -0.038904
v -0.191511 -0.109113 0.023529
v -0.191511 -0.109113 -0.038904
v -0.301312 -0.199815 -0.038904
v -0.301312 -0.199815 0.023529
v -0.326628 -0.681622 0.023529
v -0.326628 -0.681622 -0.038904
v -0.201057 -0.746065 -0.038904
v -0.201057 -0.746065 0.023529
v -0.108717 -0.830117 0.023529
v -0.108717 -0.830117 -0.038904
v 0.017738 -0.085888 0.023529
v -0.079737 -0.085888 0.023529
v 0.017738 -0.031823 0.054745
v -0.079737 -0.031823 0.054745
v -0.191511 -0.109113 0.023529
v -0.227939 -0.069163 0.054745
v -0.301312 -0.199815 0.023529
v -0.337740 -0.159861 0.054745
v -0.387611 -0.296724 0.054745
v -0.334258 -0.305484 0.023529
v -0.400716 -0.430630 0.054745
v -0.347362 -0.439391 0.023529
v -0.361849 -0.550191 0.054745
v -0.319485 -0.516596 0.023529
v -0.284264 -0.648027 0.054745
v -0.241900 -0.614431 0.023529
v -0.164661 -0.706082 0.054745
v -0.128263 -0.666098 0.023529
v -0.072322 -0.790133 0.054745
v -0.035927 -0.750150 0.023529
v 0.049548 -0.940964 0.054745
v 0.102553 -0.930309 0.023529
v 0.074153 -1.063380 0.054745
v 0.127163 -1.052725 0.023529
v 0.017738 0.022247 0.023529
v -0.079737 0.022247 0.023529
v -0.079737 -0.031823 0.054745
v 0.017738 -0.031823 0.054745
v -0.227939 -0.069163 0.054745
v -0.264368 -0.029208 0.023529
v -0.337740 -0.159861 0.054745
v -0.374168 -0.119907 0.023529
v -0.440965 -0.287963 0.023529
v -0.387611 -0.296724 0.054745
v -0.454069 -0.421870 0.023529
v -0.400716 -0.430630 0.054745
v -0.404213 -0.583787 0.023529
v -0.361849 -0.550191 0.054745
v -0.284264 -0.648027 0.054745
v -0.326628 -0.681622 0.023529
v -0.201057 -0.746065 0.023529
v -0.164661 -0.706082 0.054745
v -0.072322 -0.790133 0.054745
v -0.108717 -0.830117 0.023529
v -0.003462 -0.951618 0.023529
v 0.049548 -0.940964 0.054745
v 0.021148 -1.074035 0.023529
v 0.074153 -1.063380 0.054745
v -0.020297 -0.288782 -0.007687
v -0.022627 -0.315217 -0.099235
v 0.022408 -0.356164 -0.217144
v -0.032762 -0.171690 -0.007687
v -0.026512 -0.193149 -0.156609
v 0.022363 -0.224095 -0.273001
v 0.061193 -0.082233 -0.297759
v 0.008523 -0.057673 -0.179862
v -0.006912 -0.050473 -0.007687
v -0.022627 -0.315217 0.083861
v -0.020297 -0.288782 -0.007687
v 0.022408 -0.356164 0.201769
v -0.032762 -0.171690 -0.007687
v -0.026512 -0.193149 0.141235
v 0.022363 -0.224095 0.257627
v 0.061193 -0.082233 0.282385
v 0.008523 -0.057673 0.164488
v -0.006912 -0.050473 -0.007687
v 0.098008 0.172687 -0.007687
v 0.106463 0.195972 -0.093152
v 0.018838 0.070287 -0.007687
v 0.160723 0.212847 -0.203224
v 0.033573 0.087097 -0.156609
v -0.008962 -0.050498 -0.007687
v 0.090948 0.094487 -0.273001
v 0.008073 -0.050498 -0.179862
v 0.066188 -0.050498 -0.297759
v 0.098008 0.172687 -0.007687
v 0.106463 0.195972 0.077777
v 0.018838 0.070287 -0.007687
v 0.160723 0.212847 0.187850
v 0.033573 0.087097 0.141235
v -0.008962 -0.050498 -0.007687
v 0.090948 0.094487 0.257627
v 0.008073 -0.050498 0.164488
v 0.066188 -0.050498 0.282385
v 0.581468 0.139257 -0.007687
v 0.574998 0.160722 -0.091734
v 0.650488 0.051762 -0.007687
v 0.531918 0.175182 -0.183344
v 0.639258 0.063792 -0.147099
v 0.675678 -0.061038 -0.007687
v 0.591833 0.073507 -0.243261
v 0.614028 -0.061528 -0.265454
v 0.574998 0.160722 0.076360
v 0.650488 0.051762 -0.007687
v 0.639258 0.063792 0.131724
v 0.675678 -0.061038 -0.007687
v 0.581468 0.139257 -0.007687
v 0.531918 0.175182 0.167970
v 0.591833 0.073507 0.227887
v 0.614028 -0.061528 0.250080
v 0.598813 -0.332872 -0.166602
v 0.614193 -0.336018 -0.007687
v 0.630103 -0.206912 -0.145258
v 0.558423 -0.310240 -0.264617
v 0.483703 -0.418335 -0.242582
v 0.527498 -0.432130 -0.145919
v 0.545488 -0.423785 -0.007687
v 0.545488 -0.423785 -0.007687
v 0.527498 -0.432130 0.130545
v 0.614193 -0.336018 -0.007687
v 0.483703 -0.418335 0.227208
v 0.598813 -0.332872 0.151227
v 0.630103 -0.206912 0.129883
v 0.558423 -0.310240 0.249243
v 0.614513 0.172687 -0.007687
v 0.495278 0.246057 -0.015217
v 0.496023 0.241102 -0.007687
v 0.606058 0.195972 -0.093152
v 0.451863 0.278657 -0.103292
v 0.551798 0.212847 -0.203224
v 0.606058 0.195972 0.077776
v 0.614513 0.172687 -0.007687
v 0.551798 0.212847 0.187850
v 0.451863 0.278657 0.087917
v 0.495278 0.246057 -0.000158
v 0.496023 0.241102 -0.007687
v 0.363788 0.246057 0.131333
v 0.356258 0.172687 0.250565
v 0.441723 0.195972 0.242109
v 0.356258 0.241102 0.132078
v 0.451863 0.278657 0.087917
v 0.551798 0.212847 0.187850
v 0.551798 0.212847 -0.203224
v 0.441723 0.195972 -0.257483
v 0.451863 0.278657 -0.103292
v 0.356258 0.172687 -0.265939
v 0.363788 0.246057 -0.146707
v 0.356258 0.241102 -0.147452
v 0.270798 0.195972 -0.257483
v 0.356258 0.172687 -0.265939
v 0.160723 0.212847 -0.203224
v 0.260658 0.278657 -0.103292
v 0.348728 0.246057 -0.146707
v 0.356258 0.241102 -0.147452
v 0.160723 0.212847 0.187850
v 0.270798 0.195972 0.242109
v 0.260658 0.278657 0.087917
v 0.356258 0.172687 0.250565
v 0.348728 0.246057 0.131333
v 0.356258 0.241102 0.132078
v 0.216493 0.241102 -0.007687
v 0.223043 0.242227 -0.007687
v 0.217238 0.246057 -0.015217
v 0.217238 0.246057 -0.000158
v 0.295788 0.261777 -0.068161
v 0.260658 0.278657 -0.103292
v 0.295788 0.261777 0.052786
v 0.260658 0.278657 0.087917
v 0.348728 0.246057 -0.146707
v 0.348728 0.246057 0.131333
v 0.356258 0.242227 -0.140905
v 0.356258 0.241102 -0.147452
v 0.363788 0.246057 -0.146707
v 0.416733 0.261777 -0.068161
v 0.451863 0.278657 -0.103292
v 0.356258 0.259202 -0.007687
v 0.495278 0.246057 -0.015217
v 0.416733 0.261777 0.052786
v 0.489478 0.242227 -0.007687
v 0.496023 0.241102 -0.007687
v 0.495278 0.246057 -0.000158
v 0.451863 0.278657 0.087917
v 0.363788 0.246057 0.131333
v 0.356258 0.242227 0.125531
v 0.356258 0.241102 0.132078
v 0.217238 0.246057 -0.015217
v 0.098008 0.172687 -0.007687
v 0.216493 0.241102 -0.007687
v 0.106463 0.195972 -0.093152
v 0.260658 0.278657 -0.103292
v 0.160723 0.212847 -0.203224
v 0.098008 0.172687 -0.007687
v 0.217238 0.246057 -0.000158
v 0.216493 0.241102 -0.007687
v 0.106463 0.195972 0.077777
v 0.260658 0.278657 0.087917
v 0.160723 0.212847 0.187850
v 0.517208 -0.143058 -0.330376
v 0.325908 -0.198810 -0.326331
v 0.502628 -0.147469 -0.285913
v 0.558423 -0.310240 -0.264617
v 0.324088 -0.204822 -0.372910
v 0.586983 -0.327412 -0.297759
v 0.184018 -0.127966 -0.311862
v 0.674693 -0.216496 -0.156609
v 0.168048 -0.132058 -0.355876
v 0.630103 -0.206912 -0.145258
v 0.095208 -0.085618 -0.265501
v 0.614193 -0.336018 -0.007687
v 0.061193 -0.082233 -0.297759
v 0.008523 -0.057673 -0.179862
v 0.674693 -0.216496 0.141235
v 0.052833 -0.066793 -0.167117
v 0.630103 -0.206912 0.129883
v -0.006912 -0.050473 -0.007687
v 0.558423 -0.310240 0.249243
v 0.038898 -0.060973 -0.007687
v 0.586983 -0.327412 0.282385
v 0.052833 -0.066793 0.151743
v 0.517208 -0.143058 0.315001
v 0.008523 -0.057673 0.164488
v 0.502628 -0.147469 0.270538
v 0.095208 -0.085618 0.250127
v 0.325908 -0.198810 0.310957
v 0.061193 -0.082233 0.282385
v 0.324088 -0.204822 0.357536
v 0.168048 -0.132058 0.340502
v 0.184018 -0.127966 0.296488
v 0.234718 0.197782 -0.007687
v 0.229998 0.202517 -0.027480
v 0.225188 0.195277 -0.007687
v 0.229998 0.202517 0.012106
v 0.336468 0.202517 -0.133949
v 0.336468 0.202517 0.118574
v 0.356258 0.195277 -0.138761
v 0.356258 0.197782 -0.129228
v 0.376053 0.202517 -0.133949
v 0.482523 0.202517 -0.027480
v 0.487333 0.195277 -0.007687
v 0.477798 0.197782 -0.007687
v 0.482523 0.202517 0.012106
v 0.376053 0.202517 0.118574
v 0.356258 0.195277 0.123386
v 0.356258 0.197782 0.113853
v 0.215728 -0.437203 -0.007687
v 0.019193 -0.293789 -0.098301
v 0.023053 -0.270613 -0.007687
v 0.055753 -0.328800 -0.198486
v 0.215728 -0.437203 -0.007687
v 0.023053 -0.270613 -0.007687
v 0.019193 -0.293789 0.082927
v 0.055753 -0.328800 0.183112
v 0.401598 -0.490070 0.183112
v 0.317683 -0.432977 0.231045
v 0.245123 -0.374167 0.237342
v 0.215728 -0.437203 -0.007687
v 0.401598 -0.490070 -0.198486
v 0.317678 -0.432977 -0.246419
v 0.245123 -0.374167 -0.252717
v 0.215728 -0.437203 -0.007687
v 0.215728 -0.437203 -0.007687
v 0.245123 -0.374167 -0.252717
v 0.153433 -0.356387 -0.246419
v 0.055753 -0.328800 -0.198486
v 0.153433 -0.356387 0.231045
v 0.245123 -0.374167 0.237342
v 0.215728 -0.437203 -0.007687
v 0.055753 -0.328800 0.183112
v 0.483703 -0.418335 -0.242582
v 0.527498 -0.432130 -0.145919
v 0.545488 -0.423785 -0.007687
v 0.401598 -0.490070 -0.198486
v 0.451923 -0.495575 -0.098301
v 0.467193 -0.477722 -0.007687
v 0.215728 -0.437203 -0.007687
v 0.215728 -0.437203 -0.007687
v 0.451923 -0.495575 0.082927
v 0.467193 -0.477722 -0.007687
v 0.545488 -0.423785 -0.007687
v 0.401598 -0.490070 0.183112
v 0.527498 -0.432130 0.130545
v 0.483703 -0.418335 0.227208
v 0.136908 -0.389610 -0.275267
v 0.230423 -0.405694 -0.284323
v 0.273043 -0.314290 -0.345109
v 0.022408 -0.356164 -0.217144
v 0.130973 -0.266585 -0.330376
v 0.324088 -0.204822 -0.372910
v 0.022363 -0.224095 -0.273001
v 0.168048 -0.132058 -0.355876
v 0.061193 -0.082233 -0.297759
v 0.480133 -0.277586 -0.355876
v 0.324088 -0.204822 -0.372910
v 0.517208 -0.143058 -0.330376
v 0.586983 -0.327412 -0.297759
v 0.503273 -0.448349 -0.273001
v 0.400908 -0.392460 -0.330376
v 0.273043 -0.314290 -0.345109
v 0.402073 -0.533205 -0.217144
v 0.302853 -0.466990 -0.275267
v 0.230423 -0.405694 -0.284323
v 0.356258 -0.050498 -0.372910
v 0.356258 0.070287 -0.345109
v 0.505183 0.087097 -0.330376
v 0.621573 0.094487 -0.273001
v 0.646333 -0.050498 -0.297759
v 0.551798 0.212847 -0.203224
v 0.441723 0.195972 -0.257483
v 0.356258 0.172687 -0.265939
v 0.270798 0.195972 -0.257483
v 0.356258 0.070287 -0.345109
v 0.207338 0.087097 -0.330376
v 0.356258 -0.050498 -0.372910
v 0.184083 -0.050498 -0.355876
v 0.356258 0.172687 -0.265939
v 0.090948 0.094487 -0.273001
v 0.066188 -0.050498 -0.297759
v 0.160723 0.212847 -0.203224
v 0.505183 0.087097 -0.330376
v 0.614028 -0.061528 -0.265454
v 0.646333 -0.050498 -0.297759
v 0.614193 -0.336018 -0.007687
v 0.655093 -0.359172 -0.007687
v 0.674693 -0.216496 0.141235
v 0.196828 -0.060953 0.296488
v 0.217448 0.067267 0.273605
v 0.357768 -0.060573 0.311653
v 0.356448 0.051942 0.286464
v 0.120643 0.073387 0.227931
v 0.098448 -0.061803 0.250127
v 0.180603 0.175182 0.167970
v 0.272213 0.160722 0.211050
v 0.356258 0.139257 0.217522
v 0.356258 0.139257 0.217522
v 0.440308 0.160722 0.211050
v 0.356448 0.051942 0.286464
v 0.531918 0.175182 0.167970
v 0.495673 0.063792 0.275310
v 0.357768 -0.060573 0.311653
v 0.591833 0.073507 0.227887
v 0.614028 -0.061528 0.250080
v 0.468138 -0.271937 0.295411
v 0.325908 -0.198810 0.310957
v 0.502628 -0.147469 0.270538
v 0.558423 -0.310240 0.249243
v 0.483703 -0.418335 0.227208
v 0.398638 -0.372040 0.272730
v 0.279768 -0.299876 0.285507
v 0.401598 -0.490070 0.183112
v 0.317683 -0.432977 0.231045
v 0.245123 -0.374167 0.237342
v 0.153433 -0.356387 0.231045
v 0.279768 -0.299876 0.285507
v 0.245123 -0.374167 0.237342
v 0.055753 -0.328800 0.183112
v 0.148078 -0.255201 0.272730
v 0.325908 -0.198810 0.310957
v 0.057933 -0.219794 0.227208
v 0.184018 -0.127966 0.296488
v 0.095208 -0.085618 0.250127
v 0.639658 -0.351973 -0.179862
v 0.674693 -0.216496 -0.156609
v 0.655093 -0.359172 -0.007687
v 0.586983 -0.327412 -0.297759
v 0.503273 -0.448349 -0.273001
v 0.558398 -0.465898 -0.156609
v 0.578853 -0.456891 -0.007687
v 0.578853 -0.456891 -0.007687
v 0.558398 -0.465898 0.141235
v 0.655093 -0.359172 -0.007687
v 0.503273 -0.448349 0.257627
v 0.639658 -0.351973 0.164488
v 0.674693 -0.216496 0.141235
v 0.586983 -0.327412 0.282385
v 0.614513 0.172687 -0.007687
v 0.606058 0.195972 -0.093152
v 0.693683 0.070287 -0.007687
v 0.551798 0.212847 -0.203224
v 0.678948 0.087097 -0.156609
v 0.721483 -0.050498 -0.007687
v 0.621573 0.094487 -0.273001
v 0.646333 -0.050498 -0.297759
v 0.606058 0.195972 0.077776
v 0.678948 0.087097 0.141235
v 0.693683 0.070287 -0.007687
v 0.721483 -0.050498 -0.007687
v 0.614513 0.172687 -0.007687
v 0.621573 0.094487 0.257627
v 0.646333 -0.050498 0.282385
v 0.551798 0.212847 0.187850
v 0.614028 -0.061528 -0.265454
v 0.646333 -0.050498 -0.297759
v 0.678948 0.087097 -0.156609
v 0.678948 0.087097 0.141235
v 0.614028 -0.061528 0.250080
v 0.646333 -0.050498 0.282385
v 0.517208 -0.143058 -0.330376
v 0.502628 -0.147469 -0.285913
v 0.558423 -0.310240 -0.264617
v 0.586983 -0.327412 -0.297759
v 0.558423 -0.310240 0.249243
v 0.586983 -0.327412 0.282385
v 0.517208 -0.143058 0.315001
v 0.502628 -0.147469 0.270538
v 0.137523 0.160722 -0.091734
v 0.131048 0.139257 -0.007687
v 0.062183 0.052117 -0.007687
v 0.180603 0.175182 -0.183344
v 0.074968 0.067267 -0.146501
v 0.036993 -0.060338 -0.007687
v 0.120643 0.073387 -0.243305
v 0.052083 -0.060953 -0.167117
v 0.098448 -0.061803 -0.265501
v 0.131048 0.139257 -0.007687
v 0.137523 0.160722 0.076360
v 0.062183 0.052117 -0.007687
v 0.180603 0.175182 0.167970
v 0.074968 0.067267 0.131127
v 0.036993 -0.060338 -0.007687
v 0.120643 0.073387 0.227931
v 0.052083 -0.060953 0.151743
v 0.098448 -0.061803 0.250127
v 0.019193 -0.293789 -0.098301
v 0.023053 -0.270613 -0.007687
v 0.055753 -0.328800 -0.198486
v 0.014043 -0.175966 -0.007687
v 0.019213 -0.195111 -0.145919
v 0.057928 -0.219794 -0.242582
v 0.095208 -0.085618 -0.265501
v 0.052833 -0.066793 -0.167117
v 0.038898 -0.060973 -0.007687
v 0.023053 -0.270613 -0.007687
v 0.019193 -0.293789 0.082927
v 0.055753 -0.328800 0.183112
v 0.014043 -0.175966 -0.007687
v 0.019213 -0.195111 0.130545
v 0.057933 -0.219794 0.227208
v 0.095208 -0.085618 0.250127
v 0.052833 -0.066793 0.151743
v 0.038898 -0.060973 -0.007687
v 0.503273 -0.448349 -0.273001
v 0.558398 -0.465898 -0.156609
v 0.578853 -0.456891 -0.007687
v 0.402073 -0.533205 -0.217144
v 0.462388 -0.541385 -0.099235
v 0.481138 -0.522606 -0.007687
v 0.195863 -0.479801 -0.007687
v 0.195863 -0.479801 -0.007687
v 0.481138 -0.522606 -0.007687
v 0.462388 -0.541385 0.083861
v 0.578853 -0.456891 -0.007687
v 0.402073 -0.533205 0.201769
v 0.558398 -0.465898 0.141235
v 0.503273 -0.448349 0.257627
v 0.195863 -0.479801 -0.007687
v 0.136908 -0.389610 -0.275267
v 0.230423 -0.405694 -0.284323
v 0.022408 -0.356164 -0.217144
v 0.136908 -0.389610 0.259892
v 0.230423 -0.405694 0.268949
v 0.195863 -0.479801 -0.007687
v 0.022408 -0.356164 0.201769
v 0.402073 -0.533205 0.201769
v 0.302853 -0.466990 0.259892
v 0.230423 -0.405694 0.268949
v 0.195863 -0.479801 -0.007687
v 0.402073 -0.533205 -0.217144
v 0.302853 -0.466990 -0.275267
v 0.230423 -0.405694 -0.284323
v 0.195863 -0.479801 -0.007687
v 0.195863 -0.479801 -0.007687
v -0.020297 -0.288782 -0.007687
v -0.022627 -0.315217 -0.099235
v 0.022408 -0.356164 -0.217144
v 0.195863 -0.479801 -0.007687
v -0.022627 -0.315217 0.083861
v -0.020297 -0.288782 -0.007687
v 0.022408 -0.356164 0.201769
v 0.098448 -0.061803 -0.265501
v 0.184083 -0.050498 -0.355876
v 0.196828 -0.060953 -0.311862
v 0.356258 -0.050498 -0.372910
v 0.066188 -0.050498 -0.297759
v 0.357768 -0.060573 -0.327027
v 0.008073 -0.050498 -0.179862
v 0.505183 0.087097 -0.330376
v 0.052083 -0.060953 -0.167117
v 0.495668 0.063792 -0.290684
v -0.008962 -0.050498 -0.007687
v 0.614028 -0.061528 -0.265454
v 0.036993 -0.060338 -0.007687
v 0.052083 -0.060953 0.151743
v 0.678948 0.087097 -0.156609
v 0.008073 -0.050498 0.164488
v 0.639258 0.063792 -0.147099
v 0.098448 -0.061803 0.250127
v 0.675678 -0.061038 -0.007687
v 0.066188 -0.050498 0.282385
v 0.721483 -0.050498 -0.007687
v 0.184083 -0.050498 0.340502
v 0.678948 0.087097 0.141235
v 0.196828 -0.060953 0.296488
v 0.639258 0.063792 0.131724
v 0.356258 -0.050498 0.357536
v 0.614028 -0.061528 0.250080
v 0.357768 -0.060573 0.311653
v 0.505183 0.087097 0.315001
v 0.495673 0.063792 0.275310
v 0.137523 0.160722 -0.091734
v 0.229998 0.202517 -0.027480
v 0.131048 0.139257 -0.007687
v 0.234718 0.197782 -0.007687
v 0.263433 0.231822 -0.100513
v 0.180603 0.175182 -0.183344
v 0.131048 0.139257 -0.007687
v 0.229998 0.202517 0.012106
v 0.137523 0.160722 0.076360
v 0.234718 0.197782 -0.007687
v 0.263433 0.231822 0.085138
v 0.180603 0.175182 0.167970
v 0.229998 0.202517 -0.027480
v 0.225188 0.195277 -0.007687
v 0.229998 0.202517 0.012106
v 0.292063 0.215072 -0.071885
v 0.263433 0.231822 -0.100513
v 0.292063 0.215072 0.056510
v 0.263433 0.231822 0.085138
v 0.336468 0.202517 -0.133949
v 0.336468 0.202517 0.118574
v 0.356258 0.195277 -0.138761
v 0.376053 0.202517 -0.133949
v 0.420458 0.215072 -0.071885
v 0.449088 0.231822 -0.100513
v 0.356258 0.212202 -0.007687
v 0.482523 0.202517 -0.027480
v 0.420458 0.215072 0.056510
v 0.487333 0.195277 -0.007687
v 0.482523 0.202517 0.012106
v 0.449088 0.231822 0.085138
v 0.376053 0.202517 0.118574
v 0.356258 0.195277 0.123386
v 0.272213 0.160722 -0.226424
v 0.356258 0.139257 -0.232897
v 0.336468 0.202517 -0.133949
v 0.356258 0.197782 -0.129228
v 0.263433 0.231822 -0.100513
v 0.180603 0.175182 -0.183344
v 0.180603 0.175182 0.167970
v 0.272213 0.160722 0.211050
v 0.263433 0.231822 0.085138
v 0.356258 0.139257 0.217522
v 0.336468 0.202517 0.118574
v 0.356258 0.197782 0.113853
v 0.356258 0.139257 0.217522
v 0.376053 0.202517 0.118574
v 0.440308 0.160722 0.211050
v 0.356258 0.197782 0.113853
v 0.449088 0.231822 0.085138
v 0.531918 0.175182 0.167970
v 0.531918 0.175182 -0.183344
v 0.440308 0.160722 -0.226424
v 0.449088 0.231822 -0.100513
v 0.356258 0.139257 -0.232897
v 0.376053 0.202517 -0.133949
v 0.356258 0.197782 -0.129228
v 0.581468 0.139257 -0.007687
v 0.482523 0.202517 -0.027480
v 0.574998 0.160722 -0.091734
v 0.477798 0.197782 -0.007687
v 0.449088 0.231822 -0.100513
v 0.531918 0.175182 -0.183344
v 0.574998 0.160722 0.076360
v 0.581468 0.139257 -0.007687
v 0.482523 0.202517 0.012106
v 0.477798 0.197782 -0.007687
v 0.449088 0.231822 0.085138
v 0.531918 0.175182 0.167970
v 0.273043 -0.314290 0.329735
v 0.136908 -0.389610 0.259892
v 0.230423 -0.405694 0.268949
v 0.022408 -0.356164 0.201769
v 0.130973 -0.266585 0.315001
v 0.324088 -0.204822 0.357536
v 0.022363 -0.224095 0.257627
v 0.168048 -0.132058 0.340502
v 0.061193 -0.082233 0.282385
v 0.480133 -0.277586 0.340502
v 0.517208 -0.143058 0.315001
v 0.324088 -0.204822 0.357536
v 0.586983 -0.327412 0.282385
v 0.503273 -0.448349 0.257627
v 0.400908 -0.392460 0.315001
v 0.273043 -0.314290 0.329735
v 0.402073 -0.533205 0.201769
v 0.302853 -0.466990 0.259892
v 0.230423 -0.405694 0.268949
v 0.356258 0.172687 0.250565
v 0.441723 0.195972 0.242109
v 0.356258 0.070287 0.329735
v 0.551798 0.212847 0.187850
v 0.505183 0.087097 0.315001
v 0.356258 -0.050498 0.357536
v 0.621573 0.094487 0.257627
v 0.646333 -0.050498 0.282385
v 0.207338 0.087097 0.315001
v 0.356258 -0.050498 0.357536
v 0.356258 0.070287 0.329735
v 0.184083 -0.050498 0.340502
v 0.090948 0.094487 0.257627
v 0.066188 -0.050498 0.282385
v 0.160723 0.212847 0.187850
v 0.270798 0.195972 0.242109
v 0.356258 0.172687 0.250565
v 0.614028 -0.061528 0.250080
v 0.646333 -0.050498 0.282385
v 0.505183 0.087097 0.315001
v 0.674693 -0.216496 -0.156609
v 0.614193 -0.336018 -0.007687
v 0.655093 -0.359172 -0.007687
v 0.272213 0.160722 -0.226424
v 0.356448 0.051942 -0.301838
v 0.356258 0.139257 -0.232897
v 0.180603 0.175182 -0.183344
v 0.217448 0.067267 -0.288980
v 0.357768 -0.060573 -0.327027
v 0.120643 0.073387 -0.243305
v 0.196828 -0.060953 -0.311862
v 0.098448 -0.061803 -0.265501
v 0.357768 -0.060573 -0.327027
v 0.495668 0.063792 -0.290684
v 0.356448 0.051942 -0.301838
v 0.591833 0.073507 -0.243261
v 0.614028 -0.061528 -0.265454
v 0.531918 0.175182 -0.183344
v 0.440308 0.160722 -0.226424
v 0.356258 0.139257 -0.232897
v 0.468133 -0.271937 -0.310786
v 0.502628 -0.147469 -0.285913
v 0.325908 -0.198810 -0.326331
v 0.558423 -0.310240 -0.264617
v 0.483703 -0.418335 -0.242582
v 0.398638 -0.372040 -0.288104
v 0.279768 -0.299876 -0.300881
v 0.401598 -0.490070 -0.198486
v 0.317678 -0.432977 -0.246419
v 0.245123 -0.374167 -0.252717
v 0.245123 -0.374167 -0.252717
v 0.153433 -0.356387 -0.246419
v 0.279768 -0.299876 -0.300881
v 0.055753 -0.328800 -0.198486
v 0.148078 -0.255201 -0.288104
v 0.325908 -0.198810 -0.326331
v 0.057928 -0.219794 -0.242582
v 0.184018 -0.127966 -0.311862
v 0.095208 -0.085618 -0.265501
v -0.023377 0.180997 -0.005694
v 0.017043 0.108042 -0.274619
v -0.046797 0.123342 -0.006790
v -0.028967 0.046672 -0.227751
v 0.049233 0.159532 -0.283863
v -0.065687 0.052317 -0.009426
v 0.091723 0.231112 -0.271716
v -0.064592 0.004287 -0.175488
v 0.022798 0.256302 -0.006370
v -0.070237 0.036352 -0.009997
v -0.085272 -0.012878 -0.105511
v -0.074402 0.023387 -0.010407
v 0.133633 0.301917 -0.228786
v 0.087418 0.321952 -0.009740
v 0.163603 0.295147 0.190736
v 0.022798 0.256302 -0.006370
v 0.126913 0.222317 0.233054
v -0.023377 0.180997 -0.005694
v 0.085123 0.148522 0.245016
v -0.046797 0.123342 -0.006790
v 0.051358 0.095912 0.236197
v -0.000917 0.035287 0.192864
v -0.065687 0.052317 -0.009426
v -0.043322 -0.004923 0.144718
v -0.070237 0.036352 -0.009997
v -0.073027 -0.018333 0.079639
v -0.074402 0.023387 -0.010407
v -0.538240 -0.468754 -0.083769
v -0.610597 -0.545348 0.042673
v -0.571263 -0.504855 -0.103761
v -0.632004 -0.580250 -0.000396
v -0.596027 -0.549664 -0.120703
v -0.643837 -0.618526 -0.049250
v -0.614110 -0.597896 -0.135276
v -0.647010 -0.673360 -0.132546
v -0.641958 -0.685801 -0.160949
v -0.122352 -0.093158 0.174314
v 0.035448 0.131882 0.235398
v -0.121407 -0.063218 0.119754
v 0.001023 0.134177 0.152394
v 0.047993 0.108222 0.290673
v -0.111197 -0.030008 0.054944
v 0.054483 0.055807 0.356152
v -0.033232 0.121202 0.085645
v -0.109417 -0.137915 0.249367
v -0.109177 -0.022408 0.040307
v -0.070052 0.078702 0.036076
v -0.107952 -0.016068 0.028313
v 0.049673 -0.021448 0.407354
v -0.076157 -0.186195 0.320501
v 0.048903 -0.110998 0.447489
v -0.025482 -0.235856 0.384184
v 0.064273 -0.267043 0.485306
v 0.066173 -0.319258 0.485930
v -0.622140 -0.667827 -0.177280
v -0.614110 -0.597896 -0.135276
v -0.556445 -0.600102 -0.208059
v -0.641958 -0.685801 -0.160949
v -0.512713 -0.557096 -0.219193
v -0.596027 -0.549664 -0.120703
v -0.571263 -0.504855 -0.103761
v -0.042437 0.117337 -0.108819
v -0.098427 -0.026068 -0.057194
v -0.068262 0.074537 -0.055918
v -0.096242 -0.020078 -0.045155
v -0.101612 -0.033223 -0.071845
v -0.019022 0.131077 -0.179504
v -0.116992 -0.064568 -0.136565
v 0.003423 0.129677 -0.267707
v -0.122397 -0.093263 -0.191533
v 0.010148 0.106727 -0.326134
v -0.115837 -0.137075 -0.267959
v 0.012543 0.054947 -0.394313
v 0.008238 -0.021423 -0.445206
v -0.088762 -0.184729 -0.342076
v 0.010808 -0.109513 -0.484022
v -0.043557 -0.233214 -0.410599
v 0.033893 -0.261910 -0.521617
v 0.039658 -0.313311 -0.521812
v -0.025482 -0.235856 0.384184
v -0.039567 -0.371469 0.313053
v 0.039473 -0.340587 0.447103
v 0.066173 -0.319258 0.485930
v -0.076157 -0.186195 0.320501
v -0.073082 -0.379110 0.223100
v -0.109417 -0.137915 0.249367
v -0.093727 -0.373923 0.133722
v -0.107497 -0.341011 0.055860
v -0.122352 -0.093158 0.174314
v -0.114493 -0.301376 0.007222
v -0.121407 -0.063218 0.119754
v -0.122118 -0.222044 -0.036752
v -0.111197 -0.030008 0.054944
v -0.126852 -0.149773 -0.058846
v -0.109177 -0.022408 0.040307
v -0.124182 -0.077913 -0.047594
v -0.107952 -0.016068 0.028313
v -0.097562 -0.085403 0.033640
v -0.098427 -0.026068 -0.057194
v -0.093087 -0.159155 0.046280
v -0.096242 -0.020078 -0.045155
v -0.101612 -0.033223 -0.071845
v -0.085327 -0.231799 0.024840
v -0.116992 -0.064568 -0.136565
v -0.076547 -0.310279 -0.018103
v -0.122397 -0.093263 -0.191533
v -0.072267 -0.348063 -0.066336
v -0.066162 -0.378161 -0.144654
v -0.115837 -0.137075 -0.267959
v -0.057572 -0.380964 -0.237017
v -0.088762 -0.184729 -0.342076
v -0.038012 -0.371162 -0.332683
v -0.043557 -0.233214 -0.410599
v 0.019878 -0.335902 -0.479047
v 0.039658 -0.313311 -0.521812
v -0.373735 -0.280566 0.346900
v -0.346561 -0.222297 0.292283
v -0.438124 -0.233085 0.296424
v -0.347935 -0.286208 0.359406
v -0.343836 -0.192195 0.250810
v -0.469069 -0.197910 0.257350
v -0.339627 -0.168618 0.203669
v -0.489359 -0.167868 0.211345
v -0.490820 -0.146182 0.161063
v -0.334415 -0.153311 0.152493
v -0.481485 -0.135848 0.123440
v -0.330436 -0.147084 0.114160
v -0.450754 -0.130898 0.076743
v -0.325814 -0.143713 0.067042
v -0.418750 -0.132712 0.043559
v -0.324792 -0.143264 0.056193
v -0.378726 -0.141113 0.028449
v -0.323961 -0.142911 0.047249
v 0.133633 0.301917 -0.228786
v 0.087418 0.321952 -0.009740
v 0.182813 0.365357 -0.172333
v 0.166313 0.375222 -0.014975
v 0.276993 0.441637 -0.065898
v 0.303503 0.457742 -0.023846
v 0.303503 0.457742 -0.023846
v 0.166313 0.375222 -0.014975
v 0.283478 0.439812 0.020344
v 0.205388 0.359877 0.132966
v 0.087418 0.321952 -0.009740
v 0.163603 0.295147 0.190736
v 0.022798 0.256302 -0.006370
v -0.547970 -0.493585 0.083229
v -0.509062 -0.449983 -0.067198
v -0.577794 -0.514597 0.070682
v -0.504478 -0.466774 0.078493
v -0.538240 -0.468754 -0.083769
v -0.469154 -0.433975 -0.045052
v -0.610597 -0.545348 0.042673
v -0.469277 -0.449056 0.063904
v -0.459528 -0.431034 -0.039725
v -0.446586 -0.435160 0.029798
v -0.451506 -0.428745 -0.035281
v -0.182486 -0.221163 0.138697
v -0.330436 -0.147084 0.114160
v -0.334415 -0.153311 0.152493
v -0.185273 -0.214958 0.103590
v -0.192720 -0.228331 0.187764
v -0.208192 -0.201245 0.061998
v -0.339627 -0.168618 0.203669
v -0.325814 -0.143713 0.067042
v -0.220565 -0.236934 0.236376
v -0.234749 -0.188684 0.033173
v -0.343836 -0.192195 0.250810
v -0.324792 -0.143264 0.056193
v -0.272480 -0.173929 0.022615
v -0.323961 -0.142911 0.047249
v -0.256237 -0.254010 0.280834
v -0.346561 -0.222297 0.292283
v -0.322203 -0.284956 0.342544
v -0.347935 -0.286208 0.359406
v -0.512713 -0.557096 -0.219193
v -0.571263 -0.504855 -0.103761
v -0.467849 -0.519740 -0.221161
v -0.538240 -0.468754 -0.083769
v -0.429688 -0.488430 -0.206702
v -0.509062 -0.449983 -0.067198
v -0.406045 -0.469516 -0.186640
v -0.388653 -0.447326 -0.145249
v -0.469154 -0.433975 -0.045052
v -0.381407 -0.433676 -0.106427
v -0.459528 -0.431034 -0.039725
v -0.395057 -0.425978 -0.067491
v -0.451506 -0.428745 -0.035281
v -0.299384 -0.670584 0.137805
v -0.386297 -0.724175 0.121493
v -0.302272 -0.651185 0.109187
v -0.393314 -0.707162 0.093337
v -0.303162 -0.640867 0.087045
v -0.391811 -0.692485 0.073411
v -0.377971 -0.668465 0.050841
v -0.303180 -0.631948 0.059576
v -0.361706 -0.648406 0.036096
v -0.303211 -0.629825 0.053407
v -0.338144 -0.632836 0.031675
v -0.303283 -0.627924 0.048406
v -0.302272 -0.651185 0.109187
v -0.195413 -0.649779 0.080787
v -0.303162 -0.640867 0.087045
v -0.216242 -0.633407 0.057456
v -0.189991 -0.662773 0.100374
v -0.303180 -0.631948 0.059576
v -0.192295 -0.681412 0.127555
v -0.238580 -0.621761 0.041345
v -0.299384 -0.670584 0.137805
v -0.303211 -0.629825 0.053407
v -0.266947 -0.617453 0.034760
v -0.303283 -0.627924 0.048406
v -0.206589 -0.701595 0.154327
v 0.177988 -0.921822 -0.146697
v 0.234068 -0.965491 -0.069167
v 0.152068 -0.898003 -0.118047
v 0.219843 -0.952287 -0.025178
v 0.123858 -0.881491 -0.089645
v 0.194713 -0.941790 0.007161
v 0.101743 -0.876351 -0.069589
v 0.169968 -0.936341 0.023719
v 0.129453 -0.925699 0.031253
v 0.073288 -0.875944 -0.045531
v 0.095793 -0.915145 0.029603
v 0.066568 -0.876418 -0.040011
v 0.069663 -0.898403 0.011997
v 0.060993 -0.876867 -0.035449
v 0.009443 -0.887470 -0.164643
v 0.123858 -0.881491 -0.089645
v 0.028618 -0.890730 -0.187834
v 0.061703 -0.901806 -0.211211
v 0.101743 -0.876351 -0.069589
v 0.152068 -0.898003 -0.118047
v -0.002737 -0.885490 -0.123857
v 0.103343 -0.920848 -0.223687
v 0.073288 -0.875944 -0.045531
v 0.177988 -0.921822 -0.146697
v -0.004887 -0.884632 -0.088493
v 0.147783 -0.944173 -0.230227
v 0.066568 -0.876418 -0.040011
v 0.011458 -0.880748 -0.056282
v 0.060993 -0.876867 -0.035449
v 0.200298 -0.954093 -0.174909
v 0.213618 -1.002920 -0.231019
v 0.233013 -1.020275 -0.224699
v 0.200298 -0.954093 -0.174909
v 0.237528 -1.017654 -0.198951
v 0.240858 -0.982472 -0.117838
v 0.177988 -0.921822 -0.146697
v 0.234068 -0.965491 -0.069167
v 0.200298 -0.954093 -0.174909
v 0.213618 -1.002920 -0.231019
v 0.233013 -1.020275 -0.224699
v -0.373735 -0.280566 0.346900
v -0.346561 -0.222297 0.292283
v -0.438124 -0.233085 0.296424
v -0.256237 -0.254010 0.280834
v -0.346561 -0.222297 0.292283
v -0.322203 -0.284956 0.342544
v -0.287791 -0.728166 0.181617
v -0.342968 -0.751596 0.174260
v -0.294749 -0.776972 0.204480
v -0.276435 -0.782539 0.211282
v -0.294370 -0.696787 0.162278
v -0.367785 -0.737427 0.149487
v -0.299384 -0.670584 0.137805
v -0.386297 -0.724175 0.121493
v -0.299384 -0.670584 0.137805
v -0.206589 -0.701595 0.154327
v -0.294370 -0.696787 0.162278
v -0.225706 -0.725236 0.178015
v -0.287791 -0.728166 0.181617
v -0.261630 -0.769489 0.205653
v -0.276435 -0.782539 0.211282
v 0.001388 -1.301103 -0.082105
v -0.025167 -1.083921 -0.108661
v -0.066993 -1.083921 -0.007687
v -0.029437 -1.301103 -0.007687
v 0.001388 -1.301103 0.066730
v -0.025167 -1.083921 0.093287
v 0.177538 -1.018264 -0.109420
v 0.177538 -1.061770 -0.109420
v 0.219673 -1.018264 -0.007687
v 0.219673 -1.061770 -0.007687
v 0.177538 -1.018264 0.094045
v 0.177538 -1.061770 0.094045
v -0.051362 -1.083921 -0.134852
v -0.051362 -1.018264 -0.134852
v -0.104033 -1.083921 -0.007687
v -0.104033 -1.018264 -0.007687
v -0.051362 -1.083921 0.119478
v -0.051362 -1.018264 0.119478
v 0.255643 -1.018264 -0.007687
v 0.177538 -1.018264 0.094045
v 0.202968 -1.018264 0.119478
v 0.075803 -1.018264 0.172152
v 0.219673 -1.018264 -0.007687
v 0.075803 -1.018264 0.136184
v 0.177538 -1.018264 -0.109420
v -0.025927 -1.018264 0.094045
v 0.202968 -1.018264 -0.134852
v -0.051362 -1.018264 0.119478
v 0.075803 -1.018264 -0.187526
v -0.104033 -1.018264 -0.007687
v 0.075803 -1.018264 -0.151558
v -0.068068 -1.018264 -0.007687
v -0.025927 -1.018264 -0.109420
v -0.051362 -1.018264 -0.134852
v 0.075803 -1.301103 -0.112930
v 0.075803 -1.083921 -0.150485
v 0.150223 -1.301103 -0.082105
v 0.001388 -1.301103 -0.082105
v 0.176778 -1.083921 -0.108661
v -0.025167 -1.083921 -0.108661
v -0.025927 -1.061770 0.094045
v -0.025927 -1.018264 0.094045
v 0.075803 -1.061770 0.136184
v 0.177538 -1.018264 0.094045
v 0.075803 -1.018264 0.136184
v 0.177538 -1.061770 0.094045
v 0.075803 -1.018264 -0.187526
v 0.202968 -1.018264 -0.134852
v 0.075803 -1.083921 -0.187526
v 0.202968 -1.083921 -0.134852
v -0.051362 -1.083921 -0.134852
v -0.051362 -1.018264 -0.134852
v 0.150223 -1.301103 -0.082105
v 0.176778 -1.083921 -0.108661
v 0.218603 -1.083921 -0.007687
v 0.181048 -1.301103 -0.007687
v 0.150223 -1.301103 0.066730
v 0.176778 -1.083921 0.093287
v -0.025927 -1.061770 -0.109420
v -0.025927 -1.018264 -0.109420
v -0.068068 -1.061770 -0.007687
v -0.068068 -1.018264 -0.007687
v -0.025927 -1.061770 0.094045
v -0.025927 -1.018264 0.094045
v 0.202968 -1.018264 -0.134852
v 0.202968 -1.083921 -0.134852
v 0.255643 -1.018264 -0.007687
v 0.255643 -1.083921 -0.007687
v 0.202968 -1.018264 0.119478
v 0.202968 -1.083921 0.119478
v 0.150223 -1.301103 0.066730
v 0.150223 -1.301103 -0.082105
v 0.181048 -1.301103 -0.007687
v 0.001388 -1.301103 0.066730
v 0.075803 -1.301103 0.097555
v 0.001388 -1.301103 -0.082105
v 0.075803 -1.301103 -0.112930
v -0.029437 -1.301103 -0.007687
v -0.025167 -1.083921 0.093287
v 0.075803 -1.083921 0.172152
v -0.051362 -1.083921 0.119478
v 0.075803 -1.083921 0.135111
v -0.066993 -1.083921 -0.007687
v 0.176778 -1.083921 0.093287
v -0.104033 -1.083921 -0.007687
v 0.202968 -1.083921 0.119478
v -0.051362 -1.083921 -0.134852
v 0.255643 -1.083921 -0.007687
v -0.025167 -1.083921 -0.108661
v 0.218603 -1.083921 -0.007687
v 0.075803 -1.083921 -0.187526
v 0.176778 -1.083921 -0.108661
v 0.075803 -1.083921 -0.150485
v 0.202968 -1.083921 -0.134852
v 0.150223 -1.301103 0.066730
v 0.001388 -1.301103 0.066730
v 0.176778 -1.083921 0.093287
v -0.025167 -1.083921 0.093287
v 0.075803 -1.083921 0.135111
v 0.075803 -1.301103 0.097555
v -0.025927 -1.061770 -0.109420
v 0.075803 -1.018264 -0.151558
v -0.025927 -1.018264 -0.109420
v 0.075803 -1.061770 -0.151558
v 0.177538 -1.018264 -0.109420
v 0.177538 -1.061770 -0.109420
v 0.202968 -1.018264 0.119478
v 0.202968 -1.083921 0.119478
v -0.051362 -1.083921 0.119478
v 0.075803 -1.018264 0.172152
v -0.051362 -1.018264 0.119478
v 0.075803 -1.083921 0.172152
vn -0.8679 -0.3393 -0.3629
vn -0.8679 -0.3392 -0.3629
vn -0.8679 -0.3393 0.3629
vn -0.8679 -0.3392 0.3629
vn -0.0000 1.0000 -0.0000
vn 0.3629 -0.3393 -0.8679
vn -0.3629 -0.3393 -0.8679
vn 0.8679 -0.3393 0.3629
vn 0.8679 -0.3392 0.3629
vn 0.8679 -0.3393 -0.3629
vn -0.3629 -0.3393 0.8679
vn 0.3629 -0.3393 0.8679
vn -0.8759 -0.4814 0.0315
vn -0.3951 -0.9165 0.0632
vn -0.6706 -0.6074 0.4259
vn -0.9723 -0.0948 0.2135
vn -0.9989 -0.0473 -0.0000
vn -0.7488 -0.2049 0.6303
vn -0.6618 0.2442 0.7088
vn -0.9031 0.3299 0.2749
vn -0.4415 0.6384 0.6305
vn -0.6831 0.6988 0.2120
vn -0.9405 0.3398 -0.0000
vn -0.7342 0.6789 -0.0000
vn -0.3394 -0.9395 0.0472
vn -0.5614 -0.7827 0.2688
vn -0.3153 -0.8669 0.3861
vn -0.2443 -0.6698 0.7012
vn -0.5734 -0.7772 -0.2591
vn -0.6790 -0.7341 -0.0000
vn -0.9052 -0.4250 -0.0000
vn -0.8759 -0.4814 -0.0315
vn -0.5733 -0.7773 0.2591
vn -0.2443 -0.6697 -0.7013
vn -0.5614 -0.7827 -0.2688
vn -0.3152 -0.8669 -0.3862
vn -0.3394 -0.9394 -0.0474
vn -0.3951 -0.9165 -0.0632
vn -0.6706 -0.6074 -0.4259
vn -0.9723 -0.0948 -0.2135
vn -0.7488 -0.2049 -0.6303
vn -0.6618 0.2442 -0.7088
vn -0.9031 0.3299 -0.2749
vn -0.4415 0.6384 -0.6305
vn -0.6831 0.6988 -0.2120
vn -0.1258 0.8966 0.4246
vn -0.6831 0.6989 0.2120
vn -0.4414 0.6385 0.6305
vn -0.3630 0.9313 0.0316
vn -0.7341 0.6791 -0.0000
vn 0.2846 0.9566 0.0632
vn 0.2280 0.7155 0.6604
vn -0.4185 0.9082 -0.0000
vn 0.5613 0.7827 0.2688
vn 0.2443 0.6698 0.7012
vn 0.0632 0.9634 -0.2606
vn -0.0472 0.9989 -0.0000
vn 0.3394 0.9394 0.0474
vn 0.2442 0.6698 0.7012
vn 0.0709 0.9609 0.2678
vn 0.3152 0.8669 0.3862
vn 0.4172 0.9054 -0.0787
vn 0.2676 0.9603 -0.0787
vn 0.2838 0.6937 0.6620
vn 0.3950 0.9165 0.0632
vn 0.6704 0.6075 0.4260
vn 0.5731 0.7774 -0.2591
vn -0.6831 0.6989 -0.2120
vn -0.1259 0.8966 -0.4247
vn -0.4414 0.6384 -0.6305
vn -0.3630 0.9313 -0.0316
vn 0.2846 0.9566 -0.0632
vn 0.0632 0.9634 0.2606
vn 0.2280 0.7155 -0.6604
vn 0.2996 0.9541 -0.0000
vn 0.4172 0.9054 0.0787
vn 0.3399 0.9405 -0.0000
vn 0.2676 0.9603 0.0787
vn 0.3863 0.9224 -0.0000
vn 0.6788 0.7343 -0.0000
vn 0.5732 0.7774 0.2592
vn 0.3950 0.9165 -0.0632
vn 0.3393 0.9395 -0.0474
vn 0.0709 0.9609 -0.2678
vn 0.2837 0.6937 -0.6620
vn 0.6704 0.6075 -0.4260
vn 0.2442 0.6698 -0.7012
vn 0.3152 0.8669 -0.3861
vn 0.5613 0.7827 -0.2688
vn 0.2443 0.6698 -0.7012
vn 0.4413 -0.6384 -0.6306
vn 0.2600 -0.0945 -0.9610
vn 0.6616 -0.2442 -0.7090
vn 0.7487 0.2049 -0.6305
vn 0.1258 -0.8965 -0.4247
vn 0.0550 -0.4715 -0.8801
vn -0.2280 -0.7154 -0.6605
vn 0.3461 0.3225 -0.8810
vn 0.6705 0.6074 -0.4260
vn -0.0000 -0.0000 -1.0000
vn -0.1340 -0.3626 -0.9223
vn -0.2838 -0.6936 -0.6621
vn -0.3461 -0.3225 -0.8810
vn -0.6705 -0.6074 -0.4260
vn -0.7487 -0.2049 -0.6305
vn -0.2599 0.0946 -0.9610
vn -0.6616 0.2442 -0.7090
vn -0.4412 0.6384 -0.6307
vn -0.0550 0.4715 -0.8801
vn -0.1258 0.8965 -0.4247
vn 0.1340 0.3626 -0.9223
vn 0.2280 0.7154 -0.6605
vn 0.2838 0.6936 -0.6621
vn 0.2443 0.6697 -0.7013
vn 0.2442 0.6698 0.7013
vn 0.3152 0.8669 0.3861
vn 0.5615 0.7826 0.2688
vn 0.9405 -0.3399 -0.0000
vn 0.7342 -0.6789 -0.0000
vn 0.6832 -0.6988 -0.2120
vn 0.6832 -0.6988 0.2120
vn 0.9031 -0.3298 0.2749
vn 0.4415 -0.6384 0.6305
vn 0.6617 -0.2442 0.7089
vn 0.9723 0.0949 0.2134
vn 0.7487 0.2049 0.6305
vn 0.6706 0.6074 0.4259
vn 0.8759 0.4814 0.0315
vn 0.3951 0.9165 0.0632
vn 0.9989 0.0473 -0.0000
vn 0.5733 0.7773 -0.2591
vn 0.9052 0.4250 -0.0000
vn 0.9031 -0.3298 -0.2749
vn 0.6790 0.7341 -0.0000
vn 0.8759 0.4814 -0.0316
vn 0.9723 0.0949 -0.2134
vn 0.4415 -0.6384 -0.6305
vn 0.6617 -0.2442 -0.7089
vn 0.7487 0.2049 -0.6304
vn 0.6706 0.6074 -0.4259
vn 0.5733 0.7773 0.2591
vn 0.3951 0.9165 -0.0632
vn 0.5614 0.7827 -0.2688
vn 0.3394 0.9395 -0.0473
vn 0.3152 0.8669 -0.3862
vn -0.3950 -0.9165 0.0632
vn -0.2838 -0.6936 0.6621
vn -0.6704 -0.6075 0.4260
vn 0.4185 -0.9082 -0.0000
vn -0.0632 -0.9634 0.2606
vn 0.3630 -0.9312 -0.0316
vn 0.0472 -0.9989 -0.0000
vn -0.2996 -0.9541 -0.0000
vn -0.0632 -0.9634 -0.2606
vn -0.4171 -0.9055 0.0787
vn -0.4171 -0.9055 -0.0787
vn 0.3630 -0.9313 0.0316
vn -0.2825 -0.9572 0.0627
vn 0.7341 -0.6791 -0.0000
vn -0.2825 -0.9572 -0.0627
vn 0.6831 -0.6989 -0.2120
vn 0.6829 -0.6990 0.2120
vn 0.1259 -0.8966 -0.4246
vn 0.1258 -0.8966 0.4246
vn 0.4414 -0.6385 0.6305
vn -0.2280 -0.7155 0.6604
vn -0.5613 -0.7827 0.2688
vn -0.3394 -0.9394 0.0474
vn -0.2676 -0.9603 -0.0787
vn -0.3152 -0.8669 0.3862
vn -0.0709 -0.9609 0.2678
vn -0.2442 -0.6700 0.7011
vn -0.3398 -0.9405 -0.0000
vn -0.5731 -0.7774 -0.2591
vn -0.2676 -0.9603 0.0788
vn -0.3863 -0.9224 -0.0000
vn -0.6788 -0.7343 -0.0000
vn -0.5732 -0.7774 0.2592
vn 0.4414 -0.6385 -0.6305
vn -0.2280 -0.7155 -0.6604
vn -0.5613 -0.7827 -0.2688
vn -0.2443 -0.6698 -0.7012
vn -0.3393 -0.9395 -0.0474
vn -0.0709 -0.9609 -0.2678
vn -0.2442 -0.6700 -0.7011
vn -0.2837 -0.6937 -0.6620
vn -0.3950 -0.9165 -0.0632
vn -0.6703 -0.6076 -0.4260
vn -0.3461 -0.3225 0.8810
vn -0.6705 -0.6074 0.4260
vn -0.1340 -0.3626 0.9223
vn -0.7487 -0.2049 0.6305
vn -0.0000 -0.0000 1.0000
vn 0.0550 -0.4715 0.8801
vn -0.2600 0.0945 0.9610
vn -0.6617 0.2442 0.7089
vn -0.4414 0.6383 0.6307
vn -0.0550 0.4715 0.8801
vn -0.1258 0.8965 0.4247
vn 0.2280 0.7154 0.6605
vn 0.1340 0.3626 0.9223
vn 0.2443 0.6697 0.7013
vn 0.2838 0.6936 0.6621
vn 0.1258 -0.8965 0.4247
vn 0.4414 -0.6384 0.6306
vn -0.2280 -0.7154 0.6605
vn -0.2442 -0.6697 0.7013
vn 0.3461 0.3225 0.8810
vn 0.6705 0.6074 0.4260
vn 0.2600 -0.0945 0.9610
vn 0.6616 -0.2442 0.7090
vn -0.7004 0.4013 0.5902
vn -0.9160 0.2369 0.3238
vn -0.7795 0.1575 0.6063
vn -0.8205 0.5049 0.2682
vn -0.8204 0.5049 0.2682
vn -0.8113 0.5827 -0.0473
vn -0.9160 0.2369 0.3237
vn -0.9491 0.2980 -0.1019
vn -0.7544 0.6127 0.2357
vn -0.9012 0.4190 -0.1107
vn -0.7411 0.6702 -0.0394
vn -0.6453 0.5034 0.5745
vn -0.9081 0.2922 0.3001
vn -0.7653 0.1262 0.6312
vn -0.9790 0.1184 -0.1658
vn -0.9550 0.1263 0.2683
vn -0.7903 0.3082 0.5295
vn -0.9954 -0.0158 -0.0948
vn -0.9129 0.3148 0.2597
vn -0.7261 0.5839 0.3630
vn -0.9874 -0.1580 -0.0079
vn -0.8619 0.4981 -0.0949
vn -0.9938 0.1104 0.0158
vn -0.7613 0.6436 -0.0785
vn -0.8548 0.2353 -0.4626
vn -0.6440 0.4005 -0.6518
vn -0.9622 0.1973 0.1876
vn -0.5901 -0.5510 -0.5901
vn -0.9326 -0.1739 -0.3162
vn -0.9611 0.0158 0.2757
vn -0.7696 -0.6361 -0.0550
vn -0.9625 0.2209 0.1578
vn -0.6786 -0.7338 0.0316
vn -0.8718 -0.1021 0.4791
vn -0.8205 0.1972 0.5365
vn -0.7555 -0.5116 0.4092
vn 0.5601 0.6629 0.4969
vn 0.1338 0.9840 -0.1180
vn 0.1816 0.8290 0.5289
vn -0.1105 0.8208 0.5604
vn -0.1184 0.9868 -0.1105
vn 0.5677 0.8122 -0.1341
vn -0.0946 0.4889 -0.8672
vn 0.1733 0.4963 -0.8507
vn -0.7542 0.6129 0.2357
vn -0.7003 0.4015 0.5902
vn -0.6453 0.5037 0.5744
vn -0.8112 0.5828 -0.0473
vn -0.7260 0.5841 0.3630
vn -0.1661 0.6093 -0.7754
vn 0.1725 0.4469 -0.8778
vn -0.1333 0.6352 -0.7607
vn -0.2755 0.8187 -0.5038
vn 0.1178 0.9735 0.1962
vn -0.2128 0.9221 0.3231
vn 0.1364 0.9057 -0.4015
vn -0.5363 0.5128 -0.6704
vn -0.4247 0.7000 -0.5742
vn -0.2600 0.5118 -0.8188
vn -0.4247 0.7000 -0.5741
vn -0.1662 0.6093 -0.7753
vn -0.1334 0.6352 -0.7607
vn -0.4557 0.5973 -0.6600
vn -0.5583 0.8020 0.2123
vn -0.6238 0.7423 -0.2448
vn 0.9629 0.0711 -0.2604
vn 0.9381 0.2602 -0.2286
vn 0.7475 0.1574 -0.6453
vn 0.5677 0.8122 -0.1340
vn 0.1733 0.4962 -0.8507
vn 0.1338 0.9840 -0.1179
vn 0.4329 0.3778 -0.8185
vn 0.1654 -0.5830 -0.7955
vn -0.0946 0.4888 -0.8672
vn -0.0710 -0.5052 -0.8601
vn 0.4025 -0.4500 -0.7972
vn -0.2364 0.4964 -0.8353
vn -0.5364 0.5127 -0.6704
vn -0.2599 0.5118 -0.8189
vn -0.5671 0.4327 -0.7008
vn -0.9326 -0.1739 -0.3161
vn -0.8548 0.2352 -0.4626
vn -0.5901 -0.5509 -0.5901
vn -0.2598 0.5118 -0.8189
vn -0.1333 0.6353 -0.7607
vn 0.1415 0.3458 -0.9276
vn 0.1724 0.4467 -0.8779
vn -0.1659 0.6092 -0.7755
vn 0.1418 0.5671 -0.8114
vn -0.2593 0.1178 -0.9586
vn 0.1103 0.0394 -0.9931
vn -0.2529 -0.7112 -0.6559
vn 0.1176 -0.7762 -0.6194
vn 0.1339 0.9059 -0.4017
vn -0.2216 0.4830 -0.8471
vn -0.1337 0.6352 -0.7607
vn -0.4558 0.5971 -0.6601
vn -0.2593 0.1179 -0.9586
vn -0.1662 0.6092 -0.7754
vn -0.5968 -0.0471 -0.8010
vn -0.6003 -0.6715 -0.4344
vn -0.2217 0.4829 -0.8471
vn 0.1257 0.4871 -0.8642
vn 0.1415 0.3459 -0.9275
vn 0.9724 -0.2055 0.1107
vn 0.9695 -0.0158 -0.2444
vn 0.9576 -0.0863 -0.2747
vn 0.9870 0.0316 0.1579
vn 0.8013 0.0390 -0.5970
vn 0.8045 0.1103 -0.5836
vn 0.7379 0.3690 -0.5652
vn 0.9381 0.2601 -0.2286
vn 0.9856 0.1026 0.1342
vn 0.7476 0.1574 -0.6453
vn 0.9629 0.0710 -0.2603
vn 0.9827 0.1808 0.0393
vn 0.7476 0.1570 -0.6453
vn 0.8022 -0.3854 -0.4561
vn 0.9829 -0.1415 -0.1179
vn 0.9802 0.1647 0.1098
vn 0.9922 -0.1182 -0.0394
vn 0.7512 -0.6562 0.0711
vn 0.9947 0.0948 -0.0395
vn 0.7570 -0.3233 0.5678
vn 0.9947 -0.0552 0.0869
vn 0.9437 0.1573 -0.2909
vn 0.6129 0.2357 0.7542
vn 0.9479 0.2212 0.2291
vn 0.9714 -0.2369 -0.0161
vn 0.9841 -0.0393 0.1732
vn 0.9623 -0.2366 0.1341
vn 0.8129 0.5209 -0.2604
vn 0.7026 0.5921 0.3947
vn 0.9286 0.3147 0.1967
vn 0.9223 0.3863 -0.0079
vn 0.9735 -0.0628 0.2198
vn 0.9355 0.2987 0.1887
vn 0.9696 -0.0158 -0.2442
vn 0.9869 0.0316 0.1579
vn 0.9148 0.3864 -0.1180
vn 0.9147 0.3864 -0.1183
vn 0.8013 0.0393 -0.5970
vn 0.9696 -0.0158 -0.2443
vn 0.7476 0.4330 -0.5037
vn 0.1654 -0.5829 -0.7955
vn -0.0866 -0.9925 -0.0866
vn -0.0710 -0.5051 -0.8602
vn 0.4025 -0.4499 -0.7972
vn 0.4396 -0.8870 -0.1413
vn 0.1414 -0.9895 -0.0314
vn -0.1183 -0.6942 0.7100
vn 0.5572 -0.4238 0.7141
vn 0.2042 -0.7698 0.6048
vn -0.5902 -0.5508 -0.5902
vn -0.7696 -0.6362 -0.0550
vn -0.9327 -0.1736 -0.3162
vn -0.6786 -0.7338 0.0314
vn 0.1179 -0.9905 0.0708
vn -0.2836 -0.9535 0.1024
vn -0.2051 -0.5681 0.7970
vn 0.0945 -0.5987 0.7954
vn -0.6003 -0.6716 -0.4344
vn -0.5683 -0.8209 0.0553
vn -0.2838 -0.9534 0.1024
vn -0.2052 -0.5681 0.7969
vn -0.5300 -0.5063 0.6803
vn -0.1258 0.2517 0.9596
vn 0.2197 0.1412 0.9653
vn 0.1964 0.2043 0.9590
vn -0.1495 0.1023 0.9835
vn 0.2198 0.1413 0.9653
vn 0.5882 0.0393 0.8078
vn 0.1965 0.2044 0.9590
vn 0.5687 0.1658 0.8057
vn 0.9480 0.2210 0.2291
vn 0.9947 -0.0553 0.0868
vn 0.6128 0.2357 0.7543
vn 0.7025 0.5921 0.3948
vn 0.2603 -0.0789 0.9623
vn 0.2991 0.0629 0.9521
vn 0.5960 -0.0706 0.7999
vn 0.5994 -0.0789 0.7966
vn 0.5882 0.0392 0.8078
vn 0.6162 0.1817 0.7663
vn -0.1257 0.1414 0.9819
vn -0.1259 0.2518 0.9595
vn -0.1257 -0.0707 0.9895
vn -0.1258 0.3066 0.9435
vn 0.2606 0.3869 0.8845
vn 0.5602 0.6627 0.4970
vn -0.1105 0.8207 0.5606
vn 0.1816 0.8289 0.5291
vn 0.2042 -0.7697 0.6048
vn 0.1654 0.0551 0.9847
vn 0.1656 0.0551 0.9846
vn -0.7555 -0.5118 0.4091
vn -0.8205 0.1972 0.5366
vn -0.1960 0.2746 0.9414
vn 0.0945 -0.5986 0.7955
vn 0.0787 0.3620 0.9288
vn 0.1178 0.9735 0.1961
vn -0.1963 0.2746 0.9413
vn -0.2051 -0.5682 0.7969
vn -0.4014 0.3778 0.8343
vn -0.9659 0.2591 -0.0000
vn -0.6530 0.5586 0.5114
vn -0.7637 0.6456 0.0002
vn -0.8286 0.2052 0.5208
vn -0.8501 -0.0866 0.5195
vn -0.9969 -0.0785 -0.0000
vn -0.8864 -0.4628 -0.0000
vn -0.7303 -0.4711 0.4947
vn -0.4968 -0.7885 0.3627
vn -0.6014 -0.7990 -0.0000
vn -0.8589 -0.5122 -0.0000
vn -0.6607 -0.6135 0.4326
vn -0.7071 -0.7071 -0.0000
vn -0.8008 -0.3376 0.4946
vn -0.9605 -0.1968 0.1968
vn -0.9806 -0.1962 -0.0000
vn 0.5349 0.7708 0.3460
vn 0.4796 0.8098 0.3379
vn 0.5655 0.8248 -0.0000
vn 0.4970 0.8677 -0.0000
vn 0.7226 0.6912 -0.0000
vn 0.6462 0.6226 0.4413
vn -0.0000 0.9985 0.0550
vn -0.0791 0.9802 0.1818
vn -0.0550 0.9985 -0.0000
vn -0.3768 0.9263 -0.0000
vn -0.3616 0.8490 0.3852
vn -0.7636 0.6457 -0.0000
vn -0.0000 -0.4970 -0.8677
vn 0.1026 -0.5129 -0.8523
vn -0.0710 0.0867 -0.9937
vn 0.2990 -0.4014 -0.8657
vn -0.0000 0.3301 -0.9440
vn -0.0078 0.5033 -0.8641
vn -0.0000 0.4970 -0.8678
vn -0.0946 -0.0630 -0.9935
vn 0.4896 -0.1816 -0.8528
vn -0.1497 0.5040 -0.8506
vn -0.0786 -0.1101 -0.9908
vn -0.3233 0.3785 -0.8673
vn -0.4959 0.1338 -0.8580
vn -0.0000 -0.0157 -0.9999
vn 0.4985 -0.0870 -0.8625
vn -0.5026 -0.0314 -0.8639
vn -0.0000 -0.0393 -0.9992
vn 0.5037 0.1023 -0.8578
vn -0.3938 -0.3071 -0.8664
vn -0.0474 0.0868 -0.9951
vn 0.5014 0.1802 -0.8462
vn -0.0788 0.0867 -0.9931
vn -0.2443 -0.4649 -0.8510
vn 0.3775 0.3303 -0.8651
vn -0.3303 -0.3775 -0.8651
vn 0.0550 -0.0393 -0.9977
vn 0.2285 0.4728 -0.8510
vn 0.0472 -0.0157 -0.9988
vn -0.4017 -0.3387 -0.8508
vn 0.3383 0.3697 -0.8654
vn -0.4811 -0.1262 -0.8675
vn 0.0394 -0.1102 -0.9931
vn 0.4173 0.2992 -0.8581
vn -0.4071 -0.0818 -0.9097
vn -0.4888 -0.0946 -0.8672
vn 0.4888 0.0946 -0.8672
vn 0.7595 -0.4273 0.4905
vn 0.8405 -0.1571 0.5185
vn 0.7778 -0.6285 -0.0000
vn 0.9771 -0.2127 -0.0000
vn 0.9947 0.1026 -0.0000
vn 0.8472 0.1490 0.5099
vn 0.7860 0.4088 0.4637
vn 0.8764 0.4816 -0.0000
vn 0.5655 0.8247 -0.0000
vn 0.5349 0.7708 0.3461
vn 0.7649 0.4100 0.4968
vn 0.7227 0.6912 -0.0000
vn 0.8815 0.4722 -0.0000
vn 0.9806 0.1961 -0.0000
vn 0.7231 0.1414 0.6761
vn -0.0000 -0.9806 0.1958
vn 0.0869 -0.9714 0.2210
vn -0.0000 -1.0000 -0.0000
vn 0.3948 -0.8370 0.3790
vn 0.3163 -0.9487 -0.0000
vn 0.7777 -0.6286 -0.0000
vn 0.7595 -0.4272 0.4905
vn -0.5272 -0.8497 -0.0000
vn -0.4967 -0.7885 0.3627
vn -0.6012 -0.7991 -0.0000
vn -0.5352 -0.7556 0.3777
vn -0.0000 -0.4970 0.8678
vn 0.0868 -0.9714 0.2210
vn -0.0000 -0.9806 0.1960
vn 0.0079 -0.5029 0.8643
vn 0.1337 -0.5110 0.8491
vn 0.3233 -0.3784 0.8673
vn 0.4964 -0.1261 0.8589
vn 0.5026 0.0314 0.8639
vn 0.8472 0.1491 0.5099
vn 0.3938 0.3071 0.8664
vn 0.7860 0.4087 0.4638
vn 0.2360 0.4719 0.8495
vn 0.3233 0.3785 0.8673
vn 0.4794 0.8100 0.3379
vn 0.4104 0.3236 0.8526
vn 0.4811 0.1262 0.8675
vn 0.7649 0.4101 0.4968
vn 0.4888 0.0946 0.8673
vn 0.7231 0.1415 0.6761
vn -0.0000 0.9985 0.0551
vn -0.0790 0.9802 0.1818
vn -0.1104 0.5125 0.8516
vn -0.0000 0.4970 0.8678
vn -0.2990 0.4014 0.8657
vn -0.3616 0.8491 0.3852
vn -0.4821 0.1976 0.8535
vn -0.8286 0.2052 0.5209
vn -0.4948 0.0942 0.8639
vn -0.5099 -0.0941 0.8551
vn -0.7303 -0.4712 0.4947
vn -0.5021 -0.1726 0.8474
vn -0.3775 -0.3303 0.8651
vn -0.5353 -0.7555 0.3778
vn -0.2443 -0.4649 0.8510
vn -0.3383 -0.3698 0.8653
vn -0.8009 -0.3376 0.4946
vn -0.4088 -0.3143 0.8568
vn -0.4888 -0.0946 0.8673
vn -0.9944 0.0947 -0.0473
vn -0.8896 -0.4564 -0.0158
vn -0.9164 -0.3870 0.1027
vn -0.9730 0.0392 -0.2275
vn -0.8635 -0.4709 -0.1806
vn -0.9223 0.0079 -0.3863
vn -0.8899 0.1652 -0.4252
vn -0.9434 0.1965 -0.2673
vn -0.9714 0.2211 -0.0869
vn -0.8896 -0.4565 0.0157
vn -0.9944 0.0947 0.0474
vn -0.9164 -0.3870 -0.1027
vn -0.8635 -0.4708 0.1806
vn -0.9730 0.0392 0.2275
vn -0.9223 0.0079 0.3863
vn -0.8899 0.1652 0.4252
vn -0.9434 0.1965 0.2673
vn -0.9714 0.2211 0.0869
vn -0.6621 0.7487 -0.0315
vn -0.9217 0.3860 -0.0394
vn -0.6995 0.7073 0.1022
vn -0.8803 0.4244 -0.2122
vn -0.6305 0.7566 -0.1734
vn -0.9750 0.2045 -0.0865
vn -0.8262 0.4249 -0.3699
vn -0.9378 0.2207 -0.2680
vn -0.8754 0.2287 -0.4259
vn -0.9217 0.3860 0.0394
vn -0.6621 0.7488 0.0315
vn -0.6995 0.7073 -0.1022
vn -0.8803 0.4244 0.2122
vn -0.6305 0.7566 0.1734
vn -0.9750 0.2045 0.0865
vn -0.8262 0.4249 0.3698
vn -0.9378 0.2207 0.2680
vn -0.8754 0.2287 0.4259
vn -0.6667 -0.7450 0.0236
vn -0.9193 -0.3929 0.0236
vn -0.6954 -0.7112 -0.1027
vn -0.8535 -0.4821 0.1976
vn -0.6453 -0.7476 0.1574
vn -0.9735 -0.2198 0.0628
vn -0.8362 -0.4181 0.3550
vn -0.8832 -0.2129 0.4179
vn -0.6667 -0.7450 -0.0236
vn -0.9193 -0.3929 -0.0235
vn -0.8535 -0.4821 -0.1976
vn -0.9735 -0.2198 -0.0628
vn -0.6954 -0.7112 0.1027
vn -0.6454 -0.7474 -0.1574
vn -0.8362 -0.4181 -0.3550
vn -0.8832 -0.2129 -0.4179
vn -0.8726 0.4088 0.2673
vn -0.8679 0.4891 0.0865
vn -0.9534 0.1970 0.2285
vn -0.7976 0.4343 0.4186
vn -0.6159 0.6949 0.3712
vn -0.6697 0.7091 0.2206
vn -0.7144 0.6986 0.0393
vn -0.6697 0.7091 -0.2206
vn -0.8679 0.4892 -0.0868
vn -0.7144 0.6986 -0.0393
vn -0.8726 0.4088 -0.2673
vn -0.6160 0.6949 -0.3711
vn -0.9534 0.1970 -0.2285
vn -0.7950 0.4329 -0.4250
vn 0.6994 0.7074 0.1022
vn 0.4944 0.8632 0.1021
vn 0.5025 0.8401 0.2044
vn 0.6620 0.7488 -0.0315
vn 0.4722 0.8814 -0.0157
vn 0.6304 0.7566 -0.1734
vn 0.4722 0.8814 0.0157
vn 0.6304 0.7566 0.1734
vn 0.6620 0.7488 0.0315
vn 0.4944 0.8632 -0.1021
vn 0.6995 0.7073 -0.1022
vn 0.5025 0.8401 -0.2044
vn -0.1023 0.8632 0.4944
vn -0.1022 0.7074 0.6994
vn 0.0315 0.7489 0.6619
vn -0.2045 0.8401 0.5025
vn 0.0157 0.8814 0.4722
vn 0.1734 0.7566 0.6305
vn 0.0315 0.7488 -0.6621
vn 0.0157 0.8814 -0.4722
vn 0.1734 0.7566 -0.6305
vn -0.1022 0.8632 -0.4944
vn -0.1022 0.7074 -0.6994
vn -0.2044 0.8401 -0.5025
vn -0.0157 0.8814 -0.4722
vn -0.0315 0.7489 -0.6619
vn -0.1734 0.7566 -0.6305
vn 0.1022 0.8632 -0.4944
vn 0.1022 0.7074 -0.6994
vn 0.2044 0.8401 -0.5025
vn -0.1734 0.7566 0.6305
vn -0.0315 0.7488 0.6621
vn -0.0157 0.8814 0.4722
vn 0.1022 0.8632 0.4944
vn 0.1022 0.7074 0.6994
vn 0.2044 0.8401 0.5025
vn -0.1657 0.9862 -0.0000
vn 0.0158 0.9081 0.4185
vn 0.0158 0.9081 -0.4185
vn 0.0788 0.9938 0.0788
vn 0.2287 0.9463 0.2287
vn 0.0789 0.9938 -0.0789
vn 0.2287 0.9463 -0.2287
vn 0.4185 0.9081 0.0158
vn 0.4185 0.9081 -0.0158
vn -0.0000 0.9989 -0.0472
vn -0.0000 0.9862 -0.1657
vn -0.4185 0.9081 0.0158
vn -0.0788 0.9938 0.0788
vn -0.2287 0.9463 0.2287
vn -0.0158 0.9081 0.4185
vn -0.0789 0.9938 -0.0789
vn 0.0472 0.9989 -0.0000
vn 0.1657 0.9862 -0.0000
vn -0.0158 0.9081 -0.4185
vn -0.2287 0.9463 -0.2287
vn -0.4185 0.9081 -0.0158
vn -0.0000 0.9989 0.0472
vn -0.0000 0.9862 0.1657
vn -0.4944 0.8632 0.1020
vn -0.6994 0.7074 0.1022
vn -0.5025 0.8401 0.2043
vn -0.6619 0.7489 -0.0315
vn -0.4722 0.8814 -0.0157
vn -0.6303 0.7567 -0.1734
vn -0.6994 0.7074 -0.1022
vn -0.4944 0.8632 -0.1021
vn -0.5025 0.8401 -0.2044
vn -0.6619 0.7489 0.0315
vn -0.4722 0.8814 0.0157
vn -0.6303 0.7567 0.1734
vn 0.3774 0.8956 0.2357
vn 0.0551 0.9905 -0.1258
vn 0.3772 0.8956 0.2357
vn 0.0947 0.9864 -0.1342
vn 0.3640 0.9101 -0.1979
vn 0.5437 0.8272 -0.1418
vn 0.1808 0.9824 0.0471
vn 0.5436 0.8273 -0.1416
vn 0.3640 0.9101 -0.1978
vn 0.2672 0.9508 -0.1571
vn 0.4566 0.8897 -0.0000
vn 0.2671 0.9508 -0.1572
vn 0.2123 0.9752 -0.0629
vn 0.1808 0.9824 -0.0471
vn 0.4566 0.8897 0.0001
vn 0.2128 0.9771 -0.0000
vn 0.5437 0.8272 0.1418
vn 0.5436 0.8273 0.1418
vn 0.2123 0.9752 0.0629
vn 0.2672 0.9508 0.1571
vn 0.0551 0.9905 0.1258
vn 0.3774 0.8956 -0.2357
vn 0.3773 0.8956 -0.2357
vn 0.2671 0.9508 0.1572
vn 0.0947 0.9864 0.1342
vn 0.3640 0.9101 0.1978
vn 0.3641 0.9101 0.1979
vn -0.2518 0.9678 -0.0000
vn -0.1660 -0.8928 -0.4187
vn -0.9659 -0.2591 -0.0002
vn -0.1660 -0.8928 0.4187
vn -0.4187 -0.8928 -0.1659
vn -0.0000 0.9678 -0.2518
vn -0.0000 -0.2591 -0.9658
vn 0.4188 -0.8928 -0.1659
vn 0.1659 -0.8928 -0.4188
vn 0.2518 0.9678 -0.0000
vn 0.9659 -0.2591 0.0002
vn 0.1659 -0.8928 0.4188
vn 0.4187 -0.8928 0.1659
vn -0.0000 0.9678 0.2518
vn -0.0000 -0.2591 0.9658
vn -0.4188 -0.8928 0.1659
vn 0.6219 0.7715 -0.1339
vn 0.8974 0.4409 0.0157
vn 0.9163 0.3871 -0.1027
vn 0.8698 0.4623 0.1723
vn 0.6220 0.7715 0.1338
vn 0.9155 0.3868 0.1105
vn 0.8974 0.4409 -0.0157
vn 0.8698 0.4623 -0.1724
vn 0.3151 0.7167 -0.6222
vn 0.1810 0.7868 -0.5901
vn 0.5263 0.8170 -0.2357
vn 0.4089 0.6213 -0.6684
vn 0.1809 0.7868 0.5901
vn 0.3150 0.7167 0.6222
vn 0.5263 0.8170 0.2357
vn 0.4090 0.6212 0.6685
vn 0.2908 0.9273 0.2358
vn 0.2131 0.7103 0.6709
vn 0.3468 0.7015 0.6226
vn 0.4897 0.6398 0.5923
vn 0.2908 0.9273 -0.2358
vn 0.3468 0.7015 -0.6226
vn 0.2131 0.7103 -0.6709
vn 0.4897 0.6398 -0.5924
vn -0.6159 0.6950 0.3711
vn -0.2053 0.9632 0.1735
vn -0.7143 0.6987 0.0392
vn -0.2369 0.9714 0.0158
vn -0.2909 0.9513 -0.1022
vn 0.1883 0.9730 -0.1334
vn 0.1883 0.9730 0.1334
vn -0.2369 0.9714 -0.0158
vn -0.2906 0.9505 0.1100
vn -0.7143 0.6987 -0.0392
vn -0.2053 0.9632 -0.1735
vn -0.6159 0.6950 -0.3711
vn -0.3534 -0.7069 -0.6127
vn -0.1895 -0.2843 -0.9398
vn -0.2131 -0.7103 -0.6709
vn -0.3629 -0.2445 -0.8992
vn -0.4954 -0.6448 -0.5820
vn -0.1651 -0.1494 -0.9749
vn -0.5106 -0.1807 -0.8406
vn -0.3386 -0.0866 -0.9369
vn -0.4815 -0.0237 -0.8761
vn 0.2519 -0.1181 -0.9605
vn 0.0470 -0.1102 -0.9928
vn 0.3077 0.0947 -0.9468
vn 0.3690 -0.2512 -0.8949
vn 0.1890 -0.5041 -0.8427
vn 0.0474 -0.4340 -0.8997
vn -0.1025 -0.3311 -0.9380
vn -0.1731 -0.7945 -0.5821
vn -0.3148 -0.7240 -0.6138
vn -0.4088 -0.6212 -0.6686
vn 0.0712 0.2214 -0.9726
vn 0.0314 0.3928 -0.9191
vn 0.2049 0.4966 -0.8434
vn 0.3698 0.4249 -0.8262
vn 0.4172 0.2204 -0.8817
vn -0.1022 0.7073 -0.6995
vn -0.0316 0.7487 -0.6621
vn -0.0394 0.3860 -0.9217
vn -0.2122 0.4244 -0.8803
vn -0.0865 0.2045 -0.9750
vn -0.2680 0.2207 -0.9378
vn 0.1022 0.7073 -0.6995
vn -0.3698 0.4249 -0.8262
vn -0.4259 0.2287 -0.8754
vn 0.1337 -0.8491 -0.5110
vn 0.0711 -0.9949 -0.0711
vn 0.4568 0.8896 -0.0000
vn 0.1808 0.9824 -0.0470
vn 0.2591 -0.2120 -0.9423
vn 0.2054 -0.4186 -0.8846
vn 0.0787 -0.2045 -0.9757
vn 0.0315 -0.3861 -0.9219
vn 0.3550 -0.4181 -0.8362
vn 0.4107 -0.2211 -0.8846
vn 0.1574 -0.7475 -0.6453
vn 0.0235 -0.7450 -0.6666
vn -0.1027 -0.7112 -0.6954
vn -0.0235 -0.7450 -0.6667
vn -0.0236 -0.3929 -0.9193
vn 0.1022 -0.7151 -0.6915
vn -0.1976 -0.4821 -0.8535
vn -0.1574 -0.7476 -0.6453
vn -0.0628 -0.2198 -0.9735
vn -0.3550 -0.4181 -0.8362
vn -0.4180 -0.2129 -0.8831
vn -0.2445 0.1183 -0.9624
vn -0.0475 0.1026 -0.9936
vn -0.3003 -0.1028 -0.9483
vn -0.3616 0.2280 -0.9040
vn -0.1816 0.4896 -0.8528
vn -0.0472 0.4246 -0.9042
vn 0.1023 0.3146 -0.9437
vn 0.1809 0.7868 -0.5901
vn 0.3150 0.7167 -0.6222
vn 0.4088 0.6212 -0.6686
vn 0.3468 0.7014 -0.6227
vn 0.1810 0.2754 -0.9441
vn 0.3541 0.2360 -0.9049
vn 0.4897 0.6397 -0.5924
vn 0.1575 0.1496 -0.9761
vn 0.4903 0.1740 -0.8540
vn 0.3316 0.0868 -0.9394
vn 0.4658 0.0316 -0.8843
vn 0.8669 -0.4098 -0.2837
vn 0.9476 -0.2053 -0.2448
vn 0.8672 -0.4888 -0.0946
vn 0.7836 -0.4432 -0.4353
vn 0.5990 -0.7014 -0.3862
vn 0.6560 -0.7191 -0.2292
vn 0.7103 -0.7023 -0.0474
vn 0.8672 -0.4888 0.0946
vn 0.6561 -0.7190 0.2292
vn 0.7103 -0.7023 0.0474
vn 0.8669 -0.4098 0.2837
vn 0.5990 -0.7014 0.3862
vn 0.9484 -0.2038 0.2431
vn 0.7809 -0.4417 0.4417
vn 0.9191 0.3928 -0.0314
vn 0.6621 0.7488 -0.0315
vn 0.6995 0.7073 0.1022
vn 0.8434 0.4966 -0.2049
vn 0.6305 0.7566 -0.1734
vn 0.9726 0.2215 -0.0712
vn 0.8262 0.4249 -0.3698
vn 0.8817 0.2204 -0.4172
vn 0.6621 0.7488 0.0315
vn 0.8434 0.4966 0.2049
vn 0.9191 0.3928 0.0314
vn 0.9726 0.2214 0.0712
vn 0.8262 0.4249 0.3698
vn 0.8817 0.2204 0.4172
vn 0.6305 0.7566 0.1734
vn 0.5052 -0.8525 -0.1342
vn 0.0710 -0.9949 -0.0711
vn 0.5052 -0.8525 0.1342
vn 0.0710 -0.9949 0.0711
vn 0.0711 -0.9949 0.0711
vn 0.5436 0.8273 -0.1418
vn 0.3771 0.8957 0.2357
vn 0.3771 0.8958 0.2353
vn 0.5435 0.8273 -0.1420
vn 0.3771 0.8958 -0.2353
vn 0.3771 0.8957 -0.2357
vn 0.9219 -0.3861 0.0315
vn 0.6666 -0.7450 0.0235
vn 0.6916 -0.7150 -0.1022
vn 0.8846 -0.4186 0.2054
vn 0.6453 -0.7475 0.1574
vn 0.9757 -0.2044 0.0790
vn 0.8362 -0.4181 0.3550
vn 0.9423 -0.2120 0.2591
vn 0.8846 -0.2211 0.4107
vn 0.6666 -0.7450 -0.0235
vn 0.9219 -0.3861 -0.0315
vn 0.6916 -0.7150 0.1022
vn 0.8846 -0.4186 -0.2054
vn 0.6453 -0.7475 -0.1574
vn 0.9757 -0.2046 -0.0787
vn 0.8362 -0.4181 -0.3550
vn 0.9423 -0.2120 -0.2591
vn 0.8846 -0.2211 -0.4107
vn 0.8975 0.4408 0.0157
vn 0.9940 -0.1025 0.0394
vn 0.9164 0.3870 -0.1027
vn 0.8698 0.4623 0.1724
vn 0.9740 -0.0550 0.2199
vn 0.9286 -0.0315 0.3698
vn 0.8961 -0.1729 0.4089
vn 0.9438 -0.2045 0.2595
vn 0.9703 -0.2287 0.0789
vn 0.8975 0.4408 -0.0158
vn 0.9156 0.3866 0.1105
vn 0.9940 -0.1025 -0.0394
vn 0.9740 -0.0550 -0.2199
vn 0.9286 -0.0315 -0.3698
vn 0.8961 -0.1729 -0.4088
vn 0.9438 -0.2045 -0.2596
vn 0.9703 -0.2287 -0.0789
vn 0.5990 -0.7015 -0.3862
vn 0.6559 -0.7192 -0.2292
vn 0.1884 -0.9654 -0.1805
vn 0.7102 -0.7024 -0.0473
vn 0.2202 -0.9753 -0.0157
vn 0.2909 -0.9513 0.1022
vn -0.1811 -0.9763 0.1181
vn -0.1811 -0.9763 -0.1181
vn 0.2909 -0.9513 -0.1022
vn 0.2202 -0.9753 0.0157
vn 0.7102 -0.7024 0.0473
vn 0.1884 -0.9654 0.1805
vn 0.6559 -0.7192 0.2292
vn 0.5990 -0.7015 0.3862
vn -0.2995 -0.9223 -0.2444
vn -0.3534 -0.7070 -0.6126
vn -0.2131 -0.7103 -0.6708
vn -0.4954 -0.6449 -0.5819
vn -0.2996 -0.9223 0.2443
vn -0.2131 -0.7103 0.6708
vn -0.3535 -0.7069 0.6126
vn -0.4955 -0.6449 0.5819
vn -0.3148 -0.7240 0.6138
vn -0.5139 -0.8221 0.2451
vn -0.1731 -0.7945 0.5821
vn -0.4090 -0.6212 0.6684
vn -0.1730 -0.7945 -0.5821
vn -0.5139 -0.8221 -0.2451
vn -0.4090 -0.6213 -0.6684
vn -0.6280 -0.7693 0.1178
vn -0.9163 -0.3871 0.1027
vn -0.8895 -0.4566 -0.0157
vn -0.8634 -0.4710 -0.1806
vn -0.6280 -0.7693 -0.1177
vn -0.8895 -0.4566 0.0157
vn -0.9163 -0.3871 -0.1027
vn -0.8635 -0.4710 0.1804
vn -0.1573 -0.9749 -0.1573
vn -0.0628 -0.9735 -0.2198
vn 0.3616 -0.9040 -0.2279
vn -0.1572 -0.9750 -0.1572
vn 0.3616 -0.9040 -0.2280
vn -0.2198 -0.9735 -0.0628
vn 0.1104 -0.8516 -0.5125
vn -0.2203 -0.9754 -0.0000
vn 0.0712 -0.9949 -0.0711
vn -0.2198 -0.9735 0.0628
vn 0.0709 -0.9949 -0.0711
vn 0.5125 -0.8516 -0.1104
vn -0.1573 -0.9749 0.1573
vn 0.2757 -0.9612 -0.0000
vn -0.0628 -0.9735 0.2198
vn 0.5125 -0.8516 0.1104
vn 0.3616 -0.9040 0.2279
vn 0.0711 -0.9949 0.0712
vn 0.3616 -0.9040 0.2280
vn 0.1337 -0.8491 0.5110
vn 0.1104 -0.8516 0.5125
vn 0.6665 -0.7451 0.0235
vn 0.4955 -0.8594 -0.1260
vn 0.6915 -0.7151 -0.1022
vn 0.4966 -0.8434 -0.2051
vn 0.4876 -0.8731 -0.0000
vn 0.6451 -0.7477 0.1574
vn 0.6915 -0.7151 0.1022
vn 0.4964 -0.8589 0.1261
vn 0.6665 -0.7451 -0.0235
vn 0.4966 -0.8434 0.2051
vn 0.6451 -0.7477 -0.1574
vn -0.1021 -0.9895 -0.1021
vn -0.9659 -0.2591 0.0002
vn -0.1659 -0.8928 -0.4187
vn -0.2601 -0.9299 -0.2601
vn -0.1021 -0.9895 0.1021
vn -0.1659 -0.8928 0.4187
vn -0.2601 -0.9299 0.2601
vn -0.4188 -0.8928 -0.1659
vn -0.0000 -0.2591 -0.9659
vn 0.1021 -0.9895 -0.1021
vn 0.4187 -0.8928 -0.1659
vn 0.2601 -0.9299 -0.2601
vn 0.1021 -0.9895 0.1021
vn 0.9659 -0.2591 -0.0002
vn 0.1659 -0.8929 0.4187
vn 0.2601 -0.9299 0.2601
vn 0.4188 -0.8928 0.1659
vn -0.0000 -0.2591 0.9659
vn -0.1261 -0.8589 0.4964
vn -0.1022 -0.7151 0.6915
vn -0.2050 -0.8434 0.4966
vn 0.0235 -0.7451 0.6665
vn -0.0000 -0.8731 0.4876
vn 0.1582 -0.7514 0.6406
vn 0.1574 -0.7476 -0.6452
vn -0.0000 -0.8731 -0.4876
vn 0.0235 -0.7451 -0.6665
vn -0.1260 -0.8594 -0.4955
vn -0.2050 -0.8434 -0.4966
vn 0.1261 -0.8589 -0.4964
vn -0.0235 -0.7451 -0.6665
vn 0.2050 -0.8434 -0.4966
vn -0.1574 -0.7476 -0.6452
vn -0.0235 -0.7451 0.6665
vn -0.1574 -0.7477 0.6451
vn 0.1260 -0.8594 0.4955
vn 0.1028 -0.7112 0.6954
vn 0.2050 -0.8434 0.4966
vn -0.6954 -0.7112 -0.1028
vn -0.4964 -0.8589 -0.1261
vn -0.6665 -0.7451 0.0235
vn -0.4966 -0.8434 -0.2050
vn -0.4876 -0.8731 -0.0000
vn -0.6451 -0.7477 0.1574
vn -0.6954 -0.7112 0.1028
vn -0.6665 -0.7451 -0.0235
vn -0.4955 -0.8594 0.1260
vn -0.4966 -0.8434 0.2050
vn -0.6451 -0.7477 -0.1574
vn -0.1895 -0.2843 0.9398
vn -0.3535 -0.7068 0.6127
vn -0.2131 -0.7103 0.6709
vn -0.3628 -0.2445 0.8992
vn -0.4955 -0.6448 0.5820
vn -0.1651 -0.1494 0.9749
vn -0.5106 -0.1807 0.8406
vn -0.3386 -0.0866 0.9369
vn -0.4815 -0.0237 0.8761
vn 0.2520 -0.1181 0.9605
vn 0.3077 0.0947 0.9468
vn 0.0470 -0.1102 0.9928
vn 0.3690 -0.2512 0.8949
vn 0.1890 -0.5041 0.8427
vn 0.0474 -0.4340 0.8997
vn -0.1025 -0.3311 0.9380
vn -0.4089 -0.6211 0.6686
vn 0.0314 0.3928 0.9191
vn 0.0315 0.7488 0.6621
vn -0.1022 0.7073 0.6995
vn 0.2049 0.4966 0.8434
vn 0.0712 0.2214 0.9726
vn 0.3698 0.4249 0.8262
vn 0.4172 0.2204 0.8817
vn -0.2122 0.4244 0.8803
vn -0.0865 0.2045 0.9750
vn -0.0394 0.3860 0.9217
vn -0.2680 0.2207 0.9378
vn -0.3698 0.4249 0.8262
vn -0.4259 0.2287 0.8754
vn 0.1022 0.7073 0.6995
vn 0.0711 -0.9949 0.0710
vn 0.1807 0.9824 0.0469
vn 0.4569 0.8895 -0.0001
vn 0.4566 0.8897 -0.0004
vn 0.0235 -0.7450 0.6667
vn 0.0315 -0.3861 0.9219
vn 0.2054 -0.4186 0.8846
vn 0.1582 -0.7513 0.6407
vn 0.0787 -0.2045 0.9757
vn 0.3550 -0.4181 0.8362
vn 0.2592 -0.2120 0.9423
vn 0.4107 -0.2211 0.8846
vn -0.0628 -0.2198 0.9735
vn -0.1976 -0.4821 0.8535
vn -0.0236 -0.3929 0.9193
vn -0.3550 -0.4181 0.8362
vn -0.4179 -0.2129 0.8832
vn -0.1574 -0.7474 0.6454
vn -0.0236 -0.7450 0.6666
vn 0.1027 -0.7112 0.6954
vn -0.2445 0.1183 0.9624
vn -0.3003 -0.1028 0.9483
vn -0.0475 0.1026 0.9936
vn -0.3548 0.2286 0.9066
vn -0.1809 0.4956 0.8495
vn -0.0472 0.4246 0.9042
vn 0.1023 0.3146 0.9437
vn 0.4089 0.6212 0.6685
vn 0.1810 0.2754 0.9441
vn 0.3468 0.7014 0.6227
vn 0.2131 0.7102 0.6710
vn 0.3541 0.2360 0.9049
vn 0.4897 0.6397 0.5924
vn 0.1574 0.1496 0.9761
vn 0.4903 0.1740 0.8540
vn 0.3316 0.0868 0.9394
vn 0.4658 0.0316 0.8843
vn -0.8408 0.4793 -0.2515
vn -0.8891 0.4013 -0.2203
vn -0.8875 0.4005 -0.2278
vn -0.8916 0.4182 -0.1736
vn -0.8493 0.4640 -0.2517
vn -0.8857 0.4310 -0.1724
vn -0.7890 0.5602 -0.2525
vn -0.8743 0.4726 -0.1103
vn -0.7634 0.5981 -0.2440
vn -0.8719 0.4711 -0.1335
vn -0.8744 0.4725 -0.1103
vn -0.6948 0.6869 -0.2132
vn -0.6621 0.7251 -0.1892
vn -0.6675 0.6596 0.3455
vn -0.7076 0.5974 0.3774
vn -0.7572 0.5206 0.3944
vn -0.7886 0.4652 0.4022
vn -0.8190 0.4174 0.3938
vn -0.8394 0.3843 0.3844
vn -0.8587 0.3624 0.3624
vn -0.8519 0.4181 0.3155
vn -0.8651 0.3775 0.3303
vn -0.8507 0.4569 0.2600
vn -0.8431 0.4569 0.2836
vn -0.8524 0.4578 0.2526
vn -0.8196 0.5675 -0.0788
vn -0.5995 0.7965 0.0788
vn -0.7266 0.6871 -0.0000
vn -0.8790 0.4474 -0.1648
vn -0.8379 0.5375 -0.0949
vn -0.8914 0.3866 -0.2366
vn -0.8858 0.4270 -0.1819
vn -0.8924 0.3791 -0.2448
vn -0.7975 0.4422 0.4105
vn -0.8350 0.4806 0.2679
vn -0.8187 0.4802 0.3149
vn -0.8436 0.4652 0.2681
vn -0.8119 0.4808 0.3311
vn -0.8423 0.4723 0.2597
vn -0.7976 0.4343 0.4185
vn -0.8669 0.3861 0.3153
vn -0.7804 0.3469 0.5203
vn -0.8696 0.3794 0.3160
vn -0.8851 0.3556 0.3003
vn -0.8852 0.3556 0.3001
vn -0.7760 0.3371 0.5330
vn -0.7558 0.2047 0.6220
vn -0.7533 0.1962 0.6278
vn -0.7399 0.0708 0.6690
vn -0.7403 0.0630 0.6694
vn -0.7234 0.4168 -0.5504
vn -0.7039 0.4350 -0.5615
vn -0.6853 0.4569 -0.5671
vn -0.6134 0.5505 -0.5662
vn -0.6282 0.5261 -0.5732
vn -0.5100 0.6747 -0.5335
vn -0.9286 0.3148 -0.1967
vn -0.9286 0.3148 -0.1964
vn -0.9421 0.2826 -0.1806
vn -0.9421 0.2826 -0.1805
vn -0.9016 0.4112 -0.1344
vn -0.9021 0.4079 -0.1412
vn -0.8831 0.4258 -0.1971
vn -0.8937 0.4233 -0.1490
vn -0.8730 0.3854 -0.2989
vn -0.8641 0.2828 -0.4163
vn -0.8736 0.3777 -0.3069
vn -0.8621 0.2665 -0.4310
vn -0.8434 0.1340 -0.5202
vn -0.8416 0.1180 -0.5270
vn -0.8247 -0.0000 -0.5655
vn -0.8222 -0.0079 -0.5692
vn -0.8784 -0.1882 0.4393
vn -0.8735 -0.1889 0.4486
vn -0.8171 -0.1728 0.5500
vn -0.9455 -0.1733 0.2758
vn -0.9266 -0.1806 0.3298
vn -0.9849 -0.1182 0.1261
vn -0.9553 -0.1658 0.2447
vn -0.9877 -0.1106 0.1106
vn -0.9977 -0.0628 0.0236
vn -0.9982 -0.0550 0.0236
vn -0.9999 0.0079 -0.0079
vn -0.9998 0.0157 -0.0079
vn -0.9938 0.0158 0.1104
vn -0.9927 0.0236 0.1182
vn -0.9899 0.0472 0.1335
vn -0.9899 0.0471 0.1336
vn -0.9995 -0.0315 -0.0079
vn -0.9995 -0.0314 -0.0078
vn -0.9980 -0.0629 0.0078
vn -0.9995 -0.0314 -0.0079
vn -0.9979 -0.0628 0.0157
vn -0.9901 -0.0629 0.1257
vn -0.9896 -0.0707 0.1256
vn -0.9874 -0.1264 0.0948
vn -0.9871 -0.1342 0.0869
vn -0.9819 -0.1885 0.0157
vn -0.9656 -0.2355 -0.1099
vn -0.9806 -0.1961 -0.0000
vn -0.9522 -0.2518 -0.1731
vn -0.9594 -0.2438 -0.1416
vn -0.9129 -0.2597 -0.3148
vn -0.9152 -0.2604 -0.3077
vn -0.8673 -0.2444 -0.4337
vn -0.0315 0.7633 0.6453
vn -0.0788 0.7010 0.7088
vn 0.0078 0.8554 0.5179
vn -0.0705 0.7132 0.6974
vn -0.0157 0.7952 0.6062
vn 0.0393 0.9283 0.3698
vn 0.0157 0.8895 0.4566
vn 0.0551 0.9526 0.2992
vn 0.0628 0.9659 0.2513
vn 0.0790 0.9802 0.1818
vn 0.0867 0.9849 0.1497
vn 0.1022 0.9903 0.0943
vn 0.1024 0.9922 0.0709
vn 0.1104 0.9939 -0.0000
vn 0.1104 0.9934 -0.0315
vn 0.1102 0.9838 -0.1417
vn 0.1102 0.9838 -0.1416
vn -0.6621 0.7252 -0.1892
vn -0.5908 0.7956 -0.1339
vn -0.5747 0.8109 -0.1102
vn -0.5439 0.8355 -0.0788
vn -0.5438 0.8355 -0.0788
vn -0.5183 0.8324 0.1963
vn -0.5339 0.8165 0.2198
vn -0.5720 0.7758 0.2664
vn -0.6118 0.7294 0.3059
vn -0.7075 0.5975 0.3774
vn -0.5760 0.8128 0.0868
vn -0.4820 0.8692 0.1106
vn -0.7029 0.7109 0.0237
vn -0.4661 0.8768 0.1185
vn -0.5994 0.7966 0.0789
vn -0.4022 0.9068 0.1262
vn -0.3927 0.9110 0.1257
vn -0.3698 0.9206 0.1259
vn -0.3698 0.9205 0.1259
vn 0.4019 0.8825 0.2443
vn 0.4326 0.8966 0.0944
vn 0.4182 0.8916 0.1736
vn 0.4233 0.8937 0.1489
vn 0.3774 0.8491 0.3695
vn 0.4332 0.8979 0.0788
vn 0.4013 0.8735 0.2756
vn 0.4408 0.8973 0.0236
vn 0.3475 0.7741 0.5292
vn 0.4409 0.8976 -0.0000
vn 0.3711 0.8290 0.4185
vn 0.4393 0.8942 -0.0863
vn 0.4337 0.8910 -0.1341
vn 0.4337 0.8910 -0.1340
vn 0.3384 0.6848 0.6454
vn 0.3378 0.7463 0.5735
vn 0.3386 0.6614 0.6693
vn -0.5127 0.6704 -0.5363
vn -0.3684 0.8152 -0.4468
vn -0.3930 0.7940 -0.4638
vn -0.2685 0.8922 -0.3632
vn -0.2825 0.8788 -0.3845
vn -0.2214 0.9251 -0.3084
vn -0.2128 0.9301 -0.2995
vn -0.1897 0.9487 -0.2530
vn -0.1890 0.9448 -0.2677
vn -0.1811 0.9527 -0.2441
vn -0.5107 0.7386 0.4400
vn -0.4729 0.5990 0.6462
vn -0.5100 0.6747 0.5335
vn -0.5115 0.6846 0.5193
vn -0.4790 0.7852 0.3926
vn -0.5125 0.7411 0.4337
vn -0.4729 0.7881 0.3941
vn -0.4173 0.7716 0.4801
vn -0.4100 0.7649 0.4968
vn -0.3853 0.7785 0.4954
vn -0.3771 0.7778 0.5028
vn 0.1259 0.8500 0.5116
vn 0.0869 0.8926 0.4424
vn 0.0944 0.8889 0.4483
vn 0.0314 0.8726 0.4874
vn 0.0550 0.8962 0.4402
vn 0.1258 0.7861 0.6052
vn -0.0157 0.8553 0.5179
vn 0.1261 0.7723 0.6226
vn -0.0235 0.8552 0.5178
vn -0.0236 0.8552 0.5178
vn 0.1106 0.6949 0.7106
vn 0.5522 0.8283 0.0946
vn 0.7086 0.6928 -0.1338
vn 0.6535 0.7559 -0.0394
vn 0.6237 0.7817 -0.0000
vn 0.4178 0.8751 0.2443
vn 0.5041 0.8506 0.1496
vn 0.3556 0.8851 0.3003
vn 0.3853 0.8808 0.2752
vn 0.2982 0.8868 0.3531
vn 0.2910 0.8888 0.3540
vn 0.2588 0.8862 0.3843
vn 0.2688 0.8853 0.3794
vn 0.3075 0.8829 0.3548
vn 0.3074 0.8830 0.3548
vn 0.0079 0.9930 -0.1182
vn 0.0708 0.9837 -0.1653
vn 0.1338 0.9680 -0.2125
vn 0.2907 0.9037 -0.3143
vn -0.0000 0.9939 -0.1104
vn 0.2277 0.9341 -0.2748
vn -0.0706 0.9960 -0.0549
vn 0.4157 0.8314 -0.3687
vn -0.0627 0.9961 -0.0628
vn 0.3770 0.8561 -0.3535
vn -0.0869 0.9954 -0.0395
vn 0.4969 0.7730 -0.3944
vn -0.0553 0.9953 -0.0790
vn 0.5644 0.7133 -0.4155
vn 0.6155 0.6629 -0.4262
vn 0.7890 0.5602 -0.2525
vn 0.7319 0.6611 -0.1653
vn 0.7784 0.5818 -0.2359
vn 0.6156 0.6629 -0.4262
vn -0.0705 0.7131 0.6975
vn 0.3385 0.6614 0.6693
vn -0.3695 0.4953 0.7862
vn -0.2828 0.4477 0.8483
vn -0.2746 0.4394 0.8553
vn -0.4641 0.5899 0.6608
vn -0.3846 0.5102 0.7692
vn -0.5100 0.6747 0.5336
vn -0.4729 0.5990 0.6463
vn 0.1105 0.6948 0.7106
vn 0.0868 0.6470 0.7575
vn 0.0631 0.5912 0.8040
vn 0.0079 0.5214 0.8533
vn -0.0000 0.5029 0.8643
vn -0.0000 0.5029 0.8644
vn -0.6963 -0.1741 -0.6963
vn -0.9849 -0.1733 -0.0000
vn -0.6963 -0.1741 0.6963
vn -1.0000 -0.0000 -0.0000
vn -0.7071 -0.0000 0.7071
vn -0.7071 -0.0000 -0.7071
vn -0.0000 -0.1734 -0.9849
vn -0.0000 -0.1733 -0.9849
vn 0.6963 -0.1741 -0.6963
vn 0.7071 -0.0000 -0.7071
vn 0.9849 -0.1733 -0.0000
vn 0.9849 -0.1732 -0.0000
vn 0.6963 -0.1741 0.6963
vn 0.7071 -0.0000 0.7071
vn 1.0000 -0.0000 -0.0000
vn -0.0000 -0.1733 0.9849
vt 48.000000 -14.998600
vt 47.974701 -15.001400
vt 48.000000 -15.001400
vt 47.973900 -14.998600
vt 48.026100 -14.998600
vt 48.025299 -15.001400
vt 48.036800 -15.000000
vt 48.000000 -14.963200
vt 48.000000 -15.036800
vt 48.026100 -14.973900
vt 48.026100 -15.026100
vt 47.963200 -15.000000
vt 47.973900 -15.026100
vt 47.973900 -14.973900
vt 0.723688 0.162603
vt 0.726011 0.132721
vt 0.748904 0.154719
vt 0.738225 0.191752
vt 0.704109 0.196525
vt 0.764889 0.185665
vt 0.770561 0.218816
vt 0.743552 0.223370
vt 0.764889 0.248087
vt 0.738225 0.250991
vt 0.704109 0.224704
vt 0.704109 0.248528
vt 0.734627 0.133073
vt 0.735957 0.131659
vt 0.736127 0.133315
vt 0.763271 0.148044
vt 0.705834 0.143141
vt 0.704109 0.144266
vt 0.704109 0.168278
vt 0.684530 0.162603
vt 0.702384 0.143141
vt 0.644947 0.148044
vt 0.672261 0.131659
vt 0.672091 0.133315
vt 0.673590 0.133073
vt 0.682207 0.132721
vt 0.659314 0.154719
vt 0.669993 0.191752
vt 0.643329 0.185665
vt 0.637657 0.218816
vt 0.664666 0.223370
vt 0.643329 0.248087
vt 0.669993 0.250991
vt 0.682649 0.151293
vt 0.645424 0.161972
vt 0.658354 0.135308
vt 0.669646 0.176509
vt 0.640935 0.196088
vt 0.709318 0.174186
vt 0.705022 0.138863
vt 0.666001 0.196088
vt 0.725724 0.164241
vt 0.721596 0.136926
vt 0.697418 0.194363
vt 0.696869 0.196088
vt 0.727045 0.165570
vt 0.728966 0.164241
vt 0.726957 0.164070
vt 0.715558 0.182234
vt 0.741594 0.182234
vt 0.741818 0.138863
vt 0.750480 0.174186
vt 0.766836 0.151293
vt 0.757272 0.194363
vt 0.645424 0.230204
vt 0.682649 0.240883
vt 0.658354 0.256868
vt 0.669646 0.215667
vt 0.709318 0.217990
vt 0.697418 0.197813
vt 0.705022 0.253313
vt 0.698367 0.196088
vt 0.715558 0.209942
vt 0.728375 0.196088
vt 0.741594 0.209942
vt 0.755723 0.196088
vt 0.757044 0.196088
vt 0.757272 0.197813
vt 0.750480 0.217990
vt 0.727045 0.226607
vt 0.728966 0.227936
vt 0.741818 0.253313
vt 0.766836 0.240883
vt 0.721596 0.255250
vt 0.726957 0.228106
vt 0.725724 0.227936
vt 0.658354 0.144089
vt 0.667045 0.182598
vt 0.641665 0.173360
vt 0.635635 0.206511
vt 0.682649 0.124077
vt 0.682831 0.154800
vt 0.705022 0.136334
vt 0.661270 0.214039
vt 0.641382 0.237458
vt 0.704109 0.196088
vt 0.713573 0.170087
vt 0.721596 0.148044
vt 0.741818 0.149727
vt 0.746948 0.178137
vt 0.766836 0.154719
vt 0.772583 0.185665
vt 0.741173 0.209578
vt 0.766553 0.218816
vt 0.749864 0.248087
vt 0.725387 0.237376
vt 0.725569 0.268099
vt 0.694645 0.222090
vt 0.703196 0.255842
vt 0.666400 0.242449
vt 0.686622 0.244133
vt 0.644947 0.244133
vt 0.672091 0.258861
vt 0.672261 0.260518
vt 0.673590 0.259104
vt 0.704109 0.167472
vt 0.704109 0.143649
vt 0.738225 0.141185
vt 0.669993 0.141185
vt 0.664666 0.168807
vt 0.643329 0.144089
vt 0.637657 0.173360
vt 0.669993 0.200424
vt 0.643329 0.206511
vt 0.659314 0.237458
vt 0.684530 0.229573
vt 0.682207 0.259455
vt 0.704109 0.195652
vt 0.702384 0.249035
vt 0.704109 0.223898
vt 0.743552 0.168807
vt 0.704109 0.247910
vt 0.723688 0.229573
vt 0.738225 0.200424
vt 0.764889 0.144089
vt 0.770561 0.173360
vt 0.764889 0.206511
vt 0.748904 0.237458
vt 0.705834 0.249035
vt 0.726011 0.259455
vt 0.735957 0.260518
vt 0.734627 0.259104
vt 0.736127 0.258861
vt 0.763271 0.244133
vt 0.666002 0.196088
vt 0.661270 0.178137
vt 0.641382 0.154719
vt 0.666400 0.149727
vt 0.694645 0.170087
vt 0.635635 0.185665
vt 0.725387 0.154800
vt 0.667045 0.209578
vt 0.641665 0.218816
vt 0.658354 0.248087
vt 0.682831 0.237376
vt 0.682649 0.268099
vt 0.705022 0.255842
vt 0.713573 0.222090
vt 0.721596 0.244133
vt 0.741818 0.242449
vt 0.725569 0.124077
vt 0.749864 0.144089
vt 0.703196 0.136334
vt 0.686622 0.148044
vt 0.746948 0.214039
vt 0.766836 0.237458
vt 0.741173 0.182598
vt 0.772583 0.206511
vt 0.766553 0.173360
vt 0.026850 -33.035500
vt 0.007945 -33.052101
vt 0.028423 -33.054699
vt 0.010286 -33.033401
vt -0.010042 -33.030399
vt -0.017187 -33.048302
vt 0.007396 -33.008202
vt 0.006635 -32.993801
vt -0.006652 -33.007301
vt 0.018602 -33.010799
vt 0.014877 -32.994400
vt 0.021358 -32.994900
vt 0.013179 -32.972500
vt 0.018446 -32.969700
vt 0.022579 -32.967300
vt 0.006776 -32.957100
vt 0.009551 -32.954899
vt 0.011709 -32.952999
vt -0.005068 -32.952202
vt -0.005723 -32.948898
vt -0.015257 -32.960098
vt -0.006450 -32.945900
vt -0.017955 -32.959301
vt -0.019963 -32.958599
vt -0.017259 -32.973202
vt -0.022063 -32.975899
vt -0.020030 -32.974800
vt -0.009650 -32.979500
vt -0.009139 -32.981998
vt -0.002675 -32.977901
vt -0.008751 -32.983898
vt -0.001271 -32.979698
vt -0.000306 -32.970501
vt -0.000122 -32.980999
vt 0.022485 -33.010300
vt 0.019996 -32.993301
vt 0.019508 -33.012001
vt 0.015573 -33.011700
vt 0.014725 -32.993500
vt 0.023900 -32.993900
vt 0.015954 -32.980000
vt 0.018876 -32.979698
vt -0.002275 -33.007401
vt -0.015224 -33.026901
vt 0.006103 -33.018600
vt -0.027589 -33.010300
vt -0.024529 -32.990002
vt -0.000266 -32.993301
vt 0.011786 -32.994301
vt 0.015739 -33.001598
vt 0.024809 -32.986500
vt 0.010952 -32.984699
vt 0.016938 -32.996399
vt 0.019999 -32.990002
vt 0.016697 -32.989899
vt 0.019578 -32.996601
vt -0.007838 -32.977798
vt 0.009087 -33.006599
vt 0.014208 -32.990299
vt 0.014991 -32.997299
vt -0.026187 -32.971401
vt -0.028943 -32.993698
vt -0.022416 -32.973701
vt -0.023900 -32.947701
vt -0.018876 -32.958500
vt -0.019996 -32.945301
vt -0.021150 -32.959099
vt -0.020251 -32.976101
vt -0.015954 -32.958599
vt -0.013363 -32.975899
vt -0.025620 -32.975300
vt 0.008770 -33.045700
vt 0.024529 -33.030399
vt 0.007838 -33.028198
vt 0.029405 -33.048302
vt -0.009183 -32.974800
vt -0.014151 -32.959301
vt -0.010952 -33.008499
vt -0.012707 -33.028198
vt -0.024809 -33.011101
vt -0.015739 -32.993301
vt -0.023928 -32.993301
vt -0.016377 -32.974201
vt -0.016668 -32.958401
vt -0.020655 -32.958000
vt -0.019578 -32.976898
vt -0.016938 -32.976601
vt -0.017597 -32.970501
vt 0.000266 -33.007301
vt -0.009087 -32.993801
vt -0.011513 -32.972500
vt -0.013643 -32.957100
vt -0.014991 -32.977901
vt -0.016630 -33.045601
vt -0.011742 -33.014599
vt 0.002566 -33.030300
vt 0.002306 -33.013699
vt -0.017762 -33.033298
vt 0.019130 -33.028198
vt 0.013512 -33.011101
vt -0.002665 -32.993301
vt -0.009177 -32.993698
vt -0.017356 -32.994400
vt -0.010531 -32.973701
vt -0.014675 -32.971401
vt -0.019914 -32.968498
vt -0.005163 -32.958000
vt -0.007541 -32.956200
vt -0.010271 -32.954102
vt 0.005394 -32.951000
vt 0.004936 -32.953999
vt 0.006102 -32.947701
vt 0.013781 -32.960400
vt 0.016188 -32.959801
vt 0.018784 -32.959099
vt 0.015787 -32.972099
vt 0.018255 -32.973801
vt 0.020897 -32.975300
vt 0.009511 -32.980301
vt 0.009004 -32.982700
vt 0.003449 -32.976898
vt 0.009991 -32.978100
vt 0.002272 -32.978401
vt 0.000306 -32.970501
vt 0.000864 -32.980099
vt -0.017187 -33.051998
vt 0.007945 -33.048302
vt 0.028423 -33.045601
vt -0.020251 -32.977600
vt -0.015822 -32.991199
vt -0.013363 -32.977901
vt -0.025620 -32.979099
vt -0.021328 -32.991001
vt -0.018913 -32.991299
vt -0.016220 -32.999901
vt -0.020605 -32.999100
vt -0.018679 -33.000099
vt -0.013976 -32.990898
vt -0.009183 -32.980000
vt -0.016668 -33.004799
vt -0.022163 -32.995098
vt -0.020655 -33.005199
vt -0.015501 -32.995098
vt -0.016752 -32.986599
vt -0.019855 -32.986198
vt -0.013643 -33.006802
vt -0.012089 -32.994900
vt -0.014356 -32.984699
vt -0.015224 -33.035500
vt 0.007499 -33.054600
vt 0.005321 -33.035500
vt -0.017901 -33.054699
vt 0.022013 -33.033298
vt 0.028134 -33.051998
vt 0.026759 -32.973801
vt 0.021656 -32.959801
vt 0.022615 -32.972099
vt 0.019999 -32.978100
vt 0.021816 -32.980301
vt 0.021301 -32.994900
vt 0.019960 -33.013401
vt 0.027869 -32.994400
vt 0.031179 -33.014599
vt 0.025434 -32.968498
vt 0.006103 -33.010799
vt 0.013113 -32.994900
vt 0.014491 -32.967300
vt 0.020608 -32.966801
vt 0.022485 -32.954102
vt 0.015573 -32.952999
vt 0.019508 -32.952702
vt 0.016220 -32.980999
vt 0.018679 -32.981201
vt 0.017597 -32.970501
vt 0.020605 -32.980099
vt 0.014796 -32.979698
vt 0.015279 -32.971901
vt 0.019855 -32.960400
vt 0.016752 -32.960400
vt 0.016697 -32.977699
vt 0.014356 -32.960098
vt 0.009684 -32.973202
vt 0.014208 -32.979500
vt 3.992200 -32.940498
vt 4.007800 -32.898499
vt 3.992200 -32.898499
vt 4.007800 -32.940498
vt 4.007800 -32.973999
vt 3.992200 -32.973999
vt 3.992200 -33.014500
vt 4.007800 -33.014500
vt 4.007800 -33.038898
vt 3.992200 -33.038898
vt 3.992200 -33.106400
vt 4.007800 -33.076099
vt 3.992200 -33.076099
vt 4.007800 -33.106400
vt 4.007800 -33.137001
vt 3.992200 -33.137001
vt 3.980390 -33.007801
vt 4.008800 -33.007801
vt 3.980390 -32.992199
vt 4.008800 -32.992199
vt 4.031880 -32.992199
vt 4.031880 -33.007801
vt 4.045300 -33.007801
vt 4.045300 -32.992199
vt 4.020930 -33.007801
vt 4.020930 -32.992199
vt 3.974770 -32.992199
vt 3.974770 -33.007801
vt 3.947320 -33.007801
vt 3.947320 -32.992199
vt 3.954700 -32.889999
vt 3.979070 -32.889999
vt 3.979070 -32.876499
vt 4.007010 -32.895802
vt 3.954700 -32.876499
vt 3.979070 -32.862999
vt 3.954700 -32.862999
vt 4.016120 -32.885799
vt 4.034460 -32.918499
vt 4.025230 -32.875801
vt 4.043570 -32.908501
vt 4.052680 -32.898499
vt 4.069380 -32.940498
vt 4.056040 -32.942699
vt 4.042700 -32.944901
vt 4.072650 -32.973999
vt 4.059320 -32.976200
vt 4.045980 -32.978401
vt 4.060190 -33.014500
vt 4.049600 -33.006100
vt 4.039010 -32.997700
vt 4.030200 -33.030499
vt 4.040790 -33.038898
vt 4.019610 -33.022099
vt 4.009400 -33.055000
vt 4.000300 -33.044998
vt 3.991200 -33.035000
vt 3.977220 -33.066101
vt 3.986320 -33.076099
vt 3.968120 -33.056099
vt 3.960000 -33.106400
vt 3.946750 -33.103802
vt 3.933500 -33.101101
vt 3.940600 -33.134399
vt 3.953850 -33.137001
vt 3.927350 -33.131699
vt 3.992200 -32.918499
vt 3.992200 -32.944901
vt 4.007800 -32.918499
vt 4.007800 -32.944901
vt 4.007800 -32.978401
vt 3.992200 -32.978401
vt 3.992200 -32.997700
vt 4.007800 -32.997700
vt 4.007800 -33.022099
vt 3.992200 -33.022099
vt 3.992200 -33.056099
vt 3.992200 -33.101101
vt 4.007800 -33.056099
vt 4.007800 -33.101101
vt 4.007800 -33.131699
vt 3.992200 -33.131699
vt 3.954700 -33.007801
vt 3.979070 -33.007801
vt 3.979070 -32.992199
vt 3.954700 -32.992199
vt 4.007010 -33.007801
vt 4.007010 -32.992199
vt 4.034460 -32.992199
vt 4.034460 -33.007801
vt 4.009400 -32.992199
vt 4.040790 -33.007801
vt 4.040790 -32.992199
vt 4.009400 -33.007801
vt 3.986320 -33.007801
vt 3.986320 -32.992199
vt 4.045300 -32.876499
vt 4.020930 -32.889999
vt 4.045300 -32.889999
vt 4.020930 -32.876499
vt 3.992990 -32.895802
vt 3.983880 -32.885799
vt 3.965540 -32.918499
vt 3.956430 -32.908501
vt 3.943960 -32.942699
vt 3.957300 -32.944901
vt 3.940680 -32.976200
vt 3.954020 -32.978401
vt 3.950400 -33.006100
vt 3.960990 -32.997700
vt 3.969800 -33.030499
vt 3.980390 -33.022099
vt 3.999700 -33.044998
vt 4.008800 -33.035000
vt 4.022780 -33.066101
vt 4.031880 -33.056099
vt 4.053250 -33.103802
vt 4.066500 -33.101101
vt 4.059400 -33.134399
vt 4.072650 -33.131699
vt 4.045300 -32.862999
vt 4.020930 -32.862999
vt 3.974770 -32.875801
vt 3.947320 -32.898499
vt 3.930620 -32.940498
vt 3.927350 -32.973999
vt 3.939810 -33.014500
vt 3.959210 -33.038898
vt 3.990600 -33.055000
vt 4.013680 -33.076099
vt 4.040000 -33.106400
vt 4.046150 -33.137001
vt 28.000000 0.989918
vt 27.977100 0.954037
vt 28.000000 0.960645
vt 27.962799 0.984554
vt 27.947599 0.943800
vt 27.933701 0.976817
vt 27.927500 1.012280
vt 27.957001 1.018420
vt 28.000000 1.020220
vt 28.022900 0.954037
vt 28.052401 0.943800
vt 28.037201 0.984554
vt 28.066299 0.976817
vt 28.072500 1.012280
vt 28.042999 1.018420
vt 27.978600 1.081830
vt 28.000000 1.050410
vt 28.000000 1.076010
vt 27.962799 1.054610
vt 27.951099 1.086050
vt 27.933701 1.056460
vt 27.957001 1.020220
vt 27.927500 1.020220
vt 28.021400 1.081830
vt 28.037201 1.054610
vt 28.048901 1.086050
vt 28.066299 1.056460
vt 28.042999 1.020220
vt 28.072500 1.020220
vt 27.979000 1.073020
vt 28.000000 1.045780
vt 28.000000 1.067660
vt 27.965099 1.048790
vt 27.956100 1.076640
vt 28.000000 1.017580
vt 27.941099 1.051220
vt 27.935600 1.017460
vt 28.021000 1.073020
vt 28.034901 1.048790
vt 28.043900 1.076640
vt 28.058901 1.051220
vt 28.064400 1.017460
vt 27.960300 0.949623
vt 28.000000 0.948836
vt 27.965599 0.981113
vt 27.935801 0.955281
vt 27.941299 0.928257
vt 27.965401 0.924808
vt 28.000000 0.926895
vt 28.034599 0.924808
vt 28.039700 0.949623
vt 28.058701 0.928257
vt 28.034401 0.981113
vt 28.064199 0.955281
vt 28.067499 1.000000
vt 28.037701 1.001880
vt 28.037901 1.000000
vt 28.065399 1.021370
vt 28.026899 1.023900
vt 28.051901 1.048880
vt 28.026899 0.976099
vt 28.051901 0.951116
vt 28.065399 0.978634
vt 28.037701 0.998118
vt 28.004900 0.965245
vt 28.003000 0.935437
vt 28.024300 0.937551
vt 28.003000 0.965059
vt 28.024300 1.062450
vt 28.004900 1.034750
vt 28.003000 1.064560
vt 28.003000 1.034940
vt 27.979099 1.023900
vt 27.981600 1.062450
vt 27.954100 1.048880
vt 28.001101 1.034750
vt 27.954100 0.951116
vt 27.981600 0.937551
vt 27.979099 0.976099
vt 28.001101 0.965245
vt 27.968000 1.000000
vt 27.969700 1.000000
vt 27.968201 1.001880
vt 27.968201 0.998118
vt 27.987900 1.015120
vt 27.987900 0.984882
vt 28.003000 1.033300
vt 28.018101 1.015120
vt 28.003000 1.000000
vt 28.018101 0.984882
vt 28.036301 1.000000
vt 28.003000 0.966696
vt 27.938400 1.000000
vt 27.940500 1.021370
vt 27.940500 0.978634
vt 28.043200 1.080670
vt 27.995399 1.079660
vt 28.039600 1.069560
vt 27.994900 1.091310
vt 27.959900 1.076040
vt 28.053499 1.064230
vt 28.082600 1.037230
vt 28.060699 1.072520
vt 27.955900 1.087050
vt 28.071400 1.034390
vt 27.937700 1.064450
vt 27.929199 1.072520
vt 27.916000 1.043040
vt 27.927099 1.039860
vt 28.082600 0.962770
vt 28.071400 0.965607
vt 27.912201 1.000000
vt 28.053499 0.935767
vt 27.923599 1.000000
vt 28.060699 0.927482
vt 27.927099 0.960142
vt 27.916000 0.956956
vt 27.937700 0.935547
vt 27.995399 0.920339
vt 28.043200 0.919328
vt 28.039600 0.930444
vt 27.929199 0.927482
vt 27.994900 0.908694
vt 27.955900 0.912953
vt 27.959900 0.923956
vt 27.972601 1.000000
vt 27.971399 1.004950
vt 27.970200 1.000000
vt 27.971399 0.995052
vt 27.997999 1.031570
vt 28.003000 1.030390
vt 28.003000 1.032770
vt 28.007900 1.031570
vt 28.034500 1.004950
vt 28.033400 1.000000
vt 28.035700 1.000000
vt 28.034500 0.995052
vt 28.007900 0.968435
vt 28.003000 0.969615
vt 28.003000 0.967232
vt 27.997999 0.968435
vt 27.967800 1.000000
vt 27.918699 1.022650
vt 27.919701 1.000000
vt 27.927799 1.047700
vt 27.918699 0.977347
vt 27.927799 0.952300
vt 27.993299 0.940317
vt 28.014299 0.952300
vt 27.975201 0.938743
vt 28.014299 1.047700
vt 27.993299 1.059680
vt 27.975201 1.061260
vt 27.952299 1.059680
vt 27.952299 0.940317
vt 28.034800 1.058720
vt 28.045799 1.034560
vt 28.050301 1.000000
vt 28.026899 1.022650
vt 28.030701 1.000000
vt 28.026899 0.977347
vt 28.045799 0.965442
vt 28.034800 0.941276
vt 28.051901 0.935438
vt 28.017799 0.954268
vt 28.028500 0.931417
vt 28.053301 0.966194
vt 28.080500 0.943800
vt 28.005100 0.981635
vt 28.080500 0.976817
vt 28.044100 0.999826
vt 28.070801 1.012280
vt 27.966101 0.963444
vt 27.956800 0.997076
vt 27.939301 0.950988
vt 27.960300 0.920753
vt 27.985901 0.934726
vt 27.985600 0.899539
vt 28.010401 0.916093
vt 27.997000 1.020220
vt 27.997000 1.050410
vt 27.959801 1.054610
vt 27.930700 1.056460
vt 27.924500 1.020220
vt 27.948099 1.086050
vt 27.975700 1.081830
vt 27.997000 1.076010
vt 28.018400 1.081830
vt 28.034300 1.054610
vt 28.040100 1.020220
vt 28.063400 1.056460
vt 28.069500 1.020220
vt 28.045900 1.086050
vt 27.932600 1.017460
vt 27.932501 0.948836
vt 27.917400 0.978717
vt 27.922300 0.943048
vt 28.036900 1.017600
vt 28.031700 1.049660
vt 27.996599 1.017700
vt 27.997000 1.045830
vt 28.055901 1.051190
vt 28.061501 1.017390
vt 28.040899 1.076640
vt 28.018000 1.073020
vt 27.997000 1.067660
vt 27.976000 1.073020
vt 27.962200 1.048790
vt 27.953100 1.076640
vt 27.938101 1.051220
vt 27.969101 0.964857
vt 28.004601 0.983138
vt 27.960400 0.995974
vt 27.946501 0.955281
vt 27.965200 0.928257
vt 27.986401 0.939831
vt 28.016100 0.957872
vt 27.985701 0.910323
vt 28.006701 0.924597
vt 28.024799 0.939299
vt 28.047701 0.943744
vt 28.049101 0.969040
vt 28.072201 0.950641
vt 28.071600 0.977892
vt 28.040100 1.000850
vt 28.062300 1.011440
vt 28.042999 0.944847
vt 28.037201 0.978717
vt 28.000000 0.943048
vt 28.072500 0.950988
vt 28.066299 0.920753
vt 28.037201 0.916366
vt 28.000000 0.918618
vt 27.962799 0.916366
vt 27.957001 0.944847
vt 27.933701 0.920753
vt 27.962799 0.978717
vt 27.927500 0.950988
vt 28.080700 0.997076
vt 28.069599 0.995974
vt 27.919300 0.997076
vt 27.930401 0.995974
vt 28.000000 1.045870
vt 28.034700 1.049660
vt 28.000000 1.017760
vt 28.058901 1.051190
vt 28.039900 1.017600
vt 28.064501 1.017390
vt 27.965300 1.049660
vt 27.941099 1.051190
vt 27.960100 1.017600
vt 27.935499 1.017390
vt 28.022699 0.959393
vt 28.000000 0.988849
vt 28.000000 0.965187
vt 28.047701 0.950641
vt 28.034599 0.984063
vt 28.058701 0.977892
vt 28.064501 1.011440
vt 28.039900 1.016140
vt 28.000000 1.017600
vt 27.977301 0.959393
vt 27.952299 0.950641
vt 27.965401 0.984063
vt 27.941299 0.977892
vt 27.935499 1.011440
vt 27.960100 1.016140
vt 27.960300 1.066330
vt 27.946501 1.037230
vt 27.985600 1.052360
vt 27.941401 1.000000
vt 27.970501 1.022890
vt 27.965799 1.000000
vt 28.037100 1.000000
vt 27.970501 0.977113
vt 27.985600 0.947636
vt 27.946501 0.962770
vt 27.960300 0.933671
vt 28.051901 1.066890
vt 28.028500 1.069160
vt 28.080500 1.052360
vt 28.028500 0.930841
vt 28.051901 0.933105
vt 28.080500 0.947636
vt 28.010401 0.933105
vt 28.010401 1.066890
vt 28.091200 1.000000
vt 28.091700 1.022890
vt 28.091700 0.977113
vt 28.061501 1.064450
vt 28.040100 1.087050
vt 28.036900 1.076040
vt 27.997000 1.091310
vt 28.069500 1.072520
vt 27.996599 1.079830
vt 28.084101 1.043040
vt 27.959801 1.080670
vt 28.073099 1.039860
vt 27.962200 1.070750
vt 28.088301 1.000000
vt 27.932600 1.064440
vt 28.076799 1.000000
vt 28.073099 0.960142
vt 28.084101 0.956956
vt 27.916401 1.037230
vt 27.926300 1.034850
vt 28.061501 0.935547
vt 27.917200 1.000000
vt 28.069500 0.927482
vt 27.905701 1.000000
vt 28.040100 0.912953
vt 27.916401 0.962770
vt 28.036900 0.923956
vt 27.926300 0.965147
vt 27.997000 0.908694
vt 27.932600 0.935558
vt 27.996599 0.920165
vt 27.959801 0.919328
vt 27.962200 0.929251
vt 28.051701 1.021010
vt 28.028601 1.004950
vt 28.053301 1.000000
vt 28.027399 1.000000
vt 28.020201 1.023210
vt 28.040899 1.043910
vt 28.028601 0.995052
vt 28.051701 0.978988
vt 28.020201 0.976794
vt 28.040899 0.956086
vt 28.013100 1.016050
vt 28.029800 1.000000
vt 28.013100 0.983951
vt 28.002001 1.031570
vt 28.002001 0.968435
vt 27.997000 1.032770
vt 27.981001 1.016050
vt 27.992100 1.031570
vt 27.973801 1.023210
vt 27.997000 1.000000
vt 27.965500 1.004950
vt 27.981001 0.983951
vt 27.964300 1.000000
vt 27.965500 0.995052
vt 27.973801 0.976794
vt 27.992100 0.968435
vt 27.997000 0.967232
vt 27.997000 1.056300
vt 27.997000 1.030390
vt 28.018000 1.054680
vt 28.018000 0.945316
vt 27.997000 0.943698
vt 27.997000 0.969615
vt 27.976000 0.945316
vt 27.953100 0.956086
vt 27.976000 1.054680
vt 27.953100 1.043910
vt 27.940701 1.000000
vt 27.942301 1.021010
vt 27.966600 1.000000
vt 27.942301 0.978988
vt 27.982201 0.954268
vt 27.948099 0.935438
vt 27.971500 0.931417
vt 27.946699 0.966194
vt 27.919500 0.943800
vt 27.994900 0.981635
vt 27.919500 0.976817
vt 27.955900 0.999826
vt 27.929199 1.012280
vt 28.033899 0.963444
vt 28.043200 0.997076
vt 28.060699 0.950988
vt 28.039700 0.920753
vt 28.014099 0.934726
vt 28.014400 0.899539
vt 27.989599 0.916093
vt 28.003000 1.050410
vt 28.024300 1.081830
vt 28.003000 1.076010
vt 28.040199 1.054610
vt 28.051901 1.086050
vt 28.003000 1.020220
vt 28.069300 1.056460
vt 28.075500 1.020220
vt 27.965700 1.054610
vt 27.959900 1.020220
vt 27.936600 1.056460
vt 27.930500 1.020220
vt 27.954100 1.086050
vt 27.981600 1.081830
vt 28.067400 1.017460
vt 28.082600 0.978717
vt 28.067499 0.948836
vt 28.077700 0.943048
vt 27.982000 1.073020
vt 28.003000 1.045830
vt 28.003000 1.067660
vt 27.968300 1.049660
vt 27.959101 1.076640
vt 28.003401 1.017700
vt 27.944099 1.051190
vt 27.963100 1.017600
vt 27.938499 1.017390
vt 28.037800 1.048790
vt 28.061899 1.051220
vt 28.046900 1.076640
vt 28.024000 1.073020
vt 28.030899 0.964857
vt 28.039600 0.995974
vt 27.995399 0.983138
vt 28.053499 0.955281
vt 28.034800 0.928257
vt 28.013599 0.939831
vt 27.983900 0.957872
vt 28.014299 0.910323
vt 27.993299 0.924597
vt 27.975201 0.939299
vt 27.952299 0.943744
vt 27.950899 0.969040
vt 27.927799 0.950641
vt 27.928400 0.977892
vt 27.959900 1.000850
vt 27.937700 1.011440
vt 18.003099 -18.884399
vt 17.935801 -18.902700
vt 18.002800 -18.898800
vt 17.947500 -18.917999
vt 17.933500 -18.889799
vt 18.002100 -18.916599
vt 17.936600 -18.871901
vt 17.960600 -18.928600
vt 18.002899 -18.865601
vt 18.002001 -18.920601
vt 17.978100 -18.932899
vt 18.001900 -18.923800
vt 17.947300 -18.854200
vt 18.002100 -18.849199
vt 18.052200 -18.855900
vt 18.062700 -18.874100
vt 18.065701 -18.892599
vt 18.063499 -18.905701
vt 18.052700 -18.920900
vt 18.040701 -18.930901
vt 18.024401 -18.934299
vt 18.015200 -19.066000
vt 17.983500 -19.046900
vt 17.978500 -19.055901
vt 18.004400 -19.074699
vt 17.974300 -19.067101
vt 17.992201 -19.084299
vt 17.970699 -19.079201
vt 17.971300 -19.098000
vt 17.964199 -19.101101
vt 18.048100 -18.952999
vt 18.063299 -18.896700
vt 18.034401 -18.945499
vt 18.042601 -18.896099
vt 18.077200 -18.902599
vt 18.018200 -18.937201
vt 18.093500 -18.915701
vt 18.025900 -18.899401
vt 18.066799 -18.964199
vt 18.014601 -18.935301
vt 18.013500 -18.910000
vt 18.011600 -18.933701
vt 18.106300 -18.934999
vt 18.084600 -18.976200
vt 18.116400 -18.957399
vt 18.100500 -18.988600
vt 18.125799 -18.996401
vt 18.125999 -19.009501
vt 17.960199 -19.096600
vt 17.952499 -19.079700
vt 17.949699 -19.069000
vt 17.977301 -18.900299
vt 17.990200 -18.936199
vt 17.990499 -18.910999
vt 17.993200 -18.934700
vt 17.986500 -18.938000
vt 17.959600 -18.896900
vt 17.970301 -18.945801
vt 17.937599 -18.897301
vt 17.956600 -18.952999
vt 17.923000 -18.903000
vt 17.937500 -18.964001
vt 17.905899 -18.915899
vt 17.893200 -18.934999
vt 17.919001 -18.975901
vt 17.883499 -18.957100
vt 17.901800 -18.988001
vt 17.874100 -18.995199
vt 17.874001 -19.007999
vt 18.082701 -19.022600
vt 18.116301 -19.014799
vt 18.060301 -19.024500
vt 18.037901 -19.023199
vt 18.018400 -19.014900
vt 18.006300 -19.004999
vt 17.995300 -18.985201
vt 17.989799 -18.967100
vt 17.992599 -18.949200
vt 18.012899 -18.951000
vt 18.016100 -18.969500
vt 18.010700 -18.987600
vt 18.000000 -19.007299
vt 17.987900 -19.016701
vt 17.968300 -19.024200
vt 17.945200 -19.024900
vt 17.921301 -19.022499
vt 17.884701 -19.013700
vt 17.956301 -19.077600
vt 17.949499 -19.091200
vt 17.955999 -19.094299
vt 17.957001 -19.067200
vt 17.933399 -19.078600
vt 17.925699 -19.068800
vt 17.958000 -19.055401
vt 17.920601 -19.057301
vt 17.920200 -19.044800
vt 17.959299 -19.042601
vt 17.922600 -19.035299
vt 17.960300 -19.033001
vt 17.930300 -19.023701
vt 17.961500 -19.021200
vt 17.938299 -19.015400
vt 17.961700 -19.018499
vt 17.948299 -19.011600
vt 17.961901 -19.016300
vt 18.076300 -18.947300
vt 18.064800 -19.002100
vt 18.088600 -18.961399
vt 18.084499 -19.000700
vt 18.112200 -18.988001
vt 18.118799 -18.998501
vt 18.113800 -19.009600
vt 18.094299 -19.037701
vt 18.083799 -19.052200
vt 18.048599 -19.002899
vt 17.905899 -19.025299
vt 17.915701 -18.987700
vt 17.898500 -19.022200
vt 17.916800 -19.024099
vt 17.908400 -18.983500
vt 17.925600 -18.993200
vt 17.890301 -19.015200
vt 17.925600 -19.020500
vt 17.928101 -18.994600
vt 17.931299 -19.011900
vt 17.930099 -18.995701
vt 17.997299 -19.039200
vt 17.996599 -19.030399
vt 17.994801 -19.051399
vt 17.990900 -19.020000
vt 17.987801 -19.063601
vt 17.984301 -19.012800
vt 17.974800 -19.010099
vt 17.978901 -19.074699
vt 17.962400 -19.090099
vt 17.914801 -18.949699
vt 17.900101 -18.978500
vt 17.926001 -18.949200
vt 17.935499 -18.952801
vt 17.941401 -18.957800
vt 17.945801 -18.968201
vt 17.947599 -18.977900
vt 17.944201 -18.987600
vt 17.967400 -19.031799
vt 17.946400 -19.034901
vt 17.968100 -19.038900
vt 17.944599 -19.027800
vt 17.967100 -19.026199
vt 17.945000 -19.022800
vt 17.948400 -19.017200
vt 17.967100 -19.019400
vt 17.952499 -19.013500
vt 17.967100 -19.017799
vt 17.958401 -19.012400
vt 17.967100 -19.016600
vt 17.994101 -19.024700
vt 17.988899 -19.018801
vt 17.995399 -19.029600
vt 17.994900 -19.036400
vt 17.983299 -19.014799
vt 17.976200 -19.013201
vt 17.991301 -19.043100
vt 18.080999 -18.975000
vt 18.101500 -18.987200
vt 18.087400 -18.967800
vt 18.097900 -18.998199
vt 18.073900 -18.982100
vt 18.091600 -19.006300
vt 18.068399 -18.987101
vt 18.085400 -19.010401
vt 18.075300 -19.012300
vt 18.061300 -18.993099
vt 18.066900 -19.011900
vt 18.059601 -18.994499
vt 18.060400 -19.007500
vt 18.058201 -18.995600
vt 18.045300 -18.963301
vt 18.050100 -18.957500
vt 18.058399 -18.951700
vt 18.042299 -18.973499
vt 18.068800 -18.948601
vt 18.041700 -18.982401
vt 18.079901 -18.946899
vt 18.045799 -18.990400
vt 18.093000 -18.960800
vt 18.096300 -18.946699
vt 18.051701 -19.184799
vt 18.039200 -19.168200
vt 18.045300 -19.184099
vt 18.025000 -19.175301
vt 18.032200 -19.160101
vt 18.012800 -19.171101
vt 18.053301 -19.180401
vt 17.949499 -18.999800
vt 17.956301 -18.985300
vt 17.933399 -18.988001
vt 17.962400 -19.000900
vt 17.978901 -18.993200
vt 17.971001 -19.111700
vt 17.957199 -19.117599
vt 17.969299 -19.123899
vt 17.973801 -19.125299
vt 17.969299 -19.103901
vt 17.951000 -19.114000
vt 17.968100 -19.097300
vt 17.946400 -19.110701
vt 17.991301 -19.105101
vt 17.986500 -19.111000
vt 17.977501 -19.122101
vt 7.974760 -48.981098
vt 7.981400 -49.035400
vt 8.000000 -48.981098
vt 8.000000 -49.035400
vt 8.018600 -49.035400
vt 8.025240 -48.981098
vt 8.000000 -48.964600
vt 7.974570 -48.964600
vt 7.974570 -48.975498
vt 8.000000 -48.975498
vt 8.025430 -48.964600
vt 8.025430 -48.975498
vt 7.968210 -48.964600
vt 7.968210 -48.981098
vt 8.031790 -48.981098
vt 8.031790 -48.964600
vt 8.044960 -49.000000
vt 8.025430 -49.025398
vt 8.031790 -49.031799
vt 8.000000 -49.044998
vt 8.035970 -49.000000
vt 8.000000 -49.035999
vt 8.025430 -48.974602
vt 7.974570 -49.025398
vt 8.031790 -48.968201
vt 7.968210 -49.031799
vt 8.000000 -48.955002
vt 7.955040 -49.000000
vt 8.000000 -48.964001
vt 7.964030 -49.000000
vt 7.974570 -48.974602
vt 7.968210 -48.968201
vt 7.981400 -49.018600
vt 7.981400 -48.981400
vt 7.973690 -49.000000
vt 8.018600 -49.018600
vt 8.000000 -49.026299
vt 8.018600 -48.981400
vt 8.000000 -48.973701
vt 8.026310 -49.000000
vt 8.025240 -49.025200
vt 8.000000 -49.035702
vt 8.035700 -49.000000
vt 7.974760 -49.025200
vt 8.025240 -48.974800
vt 7.964300 -49.000000
vt 7.974760 -48.974800
vt 8.000000 -48.964298
s 1
usemtl Meshpart1Mtl
f 1/1/1 2/2/1 3/3/1
f 2/2/1 1/1/1 4/4/2
f 5/5/3 6/1/4 7/6/3
f 7/6/3 6/1/4 8/3/3
f 9/7/5 10/8/5 11/9/5
f 10/8/5 9/7/5 12/10/5
f 9/7/5 11/9/5 13/11/5
f 10/8/5 14/12/5 11/9/5
f 11/9/5 14/12/5 15/13/5
f 14/12/5 10/8/5 16/14/5
f 17/1/6 18/2/6 19/3/6
f 18/2/6 17/1/6 20/4/6
f 21/6/7 22/1/7 23/3/7
f 22/1/7 21/6/7 24/5/7
f 25/2/8 26/1/9 27/4/8
f 26/1/9 25/2/8 28/3/8
f 29/6/10 30/1/10 31/3/10
f 30/1/10 29/6/10 32/5/10
f 33/2/11 34/1/11 35/4/11
f 34/1/11 33/2/11 36/3/11
f 37/3/12 38/6/12 39/1/12
f 40/5/12 39/1/12 38/6/12
usemtl Meshpart2Mtl
f 41/15/13 42/16/14 43/17/15
f 43/17/15 44/18/16 41/15/13
f 44/18/16 45/19/17 41/15/13
f 44/18/16 43/17/15 46/20/18
f 47/21/19 44/18/16 46/20/18
f 44/18/16 47/21/19 48/22/20
f 48/22/20 45/19/17 44/18/16
f 49/23/21 48/22/20 47/21/19
f 48/22/20 49/23/21 50/24/22
f 45/19/17 48/22/20 51/25/23
f 50/24/22 51/25/23 48/22/20
f 51/25/23 50/24/22 52/26/24
f 54/27/25 53/28/26 55/29/27
f 53/28/26 56/30/28 55/29/27
f 42/16/14 41/15/13 57/31/29
f 41/15/13 58/32/30 57/31/29
f 58/32/30 41/15/13 60/33/31
f 58/32/30 61/34/32 59/35/33
f 60/33/31 61/34/32 58/32/30
f 41/15/13 45/19/17 60/33/31
f 45/19/17 61/34/32 60/33/31
f 62/36/34 63/37/35 65/38/36
f 64/39/37 65/38/36 63/37/35
f 61/34/32 66/40/38 59/35/33
f 66/40/38 61/34/32 67/41/39
f 68/42/40 67/41/39 61/34/32
f 61/34/32 45/19/17 68/42/40
f 67/41/39 68/42/40 69/43/41
f 70/44/42 69/43/41 68/42/40
f 45/19/17 71/45/43 68/42/40
f 68/42/40 71/45/43 70/44/42
f 51/25/23 71/45/43 45/19/17
f 72/46/44 70/44/42 71/45/43
f 51/25/23 73/47/45 71/45/43
f 71/45/43 73/47/45 72/46/44
f 73/47/45 51/25/23 52/26/24
f 76/48/46 75/49/47 74/50/48
f 75/49/47 76/48/46 78/51/49
f 78/51/49 77/52/50 75/49/47
f 79/53/51 78/51/49 76/48/46
f 79/53/51 76/48/46 80/54/52
f 77/52/50 78/51/49 82/55/53
f 79/53/51 80/54/52 83/56/54
f 83/56/54 80/54/52 81/57/55
f 78/51/49 79/53/51 84/58/56
f 84/58/56 82/55/53 78/51/49
f 82/55/53 84/58/56 86/59/57
f 87/60/58 79/53/51 83/56/54
f 81/57/59 88/61/60 85/62/61
f 88/61/60 87/60/58 85/62/61
f 89/63/62 84/58/56 79/53/51
f 79/53/51 87/60/58 89/63/62
f 88/61/60 90/64/63 87/60/58
f 90/64/63 89/63/62 87/60/58
f 88/61/60 81/57/59 91/65/64
f 91/65/64 92/66/65 88/61/60
f 90/64/63 88/61/60 92/66/65
f 92/66/65 91/65/64 93/67/66
f 92/66/65 94/68/67 90/64/63
f 98/69/68 99/70/69 97/71/70
f 98/69/68 77/52/50 100/72/71
f 99/70/69 98/69/68 100/72/71
f 100/72/71 77/52/50 82/55/53
f 100/72/71 101/73/72 99/70/69
f 100/72/71 82/55/53 102/74/73
f 101/73/72 100/72/71 102/74/73
f 102/74/73 82/55/53 86/59/57
f 101/73/72 103/75/74 99/70/69
f 86/59/57 104/76/75 102/74/73
f 84/58/56 104/76/75 86/59/57
f 84/58/56 89/63/62 104/76/75
f 105/77/76 102/74/73 104/76/75
f 89/63/62 105/77/76 104/76/75
f 102/74/73 105/77/76 101/73/72
f 105/77/76 89/63/62 106/78/77
f 89/63/62 90/64/63 106/78/77
f 107/79/78 105/77/76 106/78/77
f 108/80/79 106/78/77 90/64/63
f 106/78/77 108/80/79 107/79/78
f 108/80/79 90/64/63 94/68/67
f 95/81/80 108/80/79 94/68/67
f 109/82/81 108/80/79 95/81/80
f 109/82/81 107/79/78 108/80/79
f 107/79/78 109/82/81 110/83/82
f 105/77/76 107/79/78 111/84/83
f 111/84/83 101/73/72 105/77/76
f 107/79/78 110/83/82 112/85/84
f 111/84/83 107/79/78 112/85/84
f 113/86/85 110/83/82 96/87/86
f 113/86/85 112/85/84 110/83/82
f 114/88/87 112/85/84 113/86/85
f 115/89/88 111/84/83 112/85/84
f 112/85/84 114/88/87 115/89/88
f 116/90/89 114/88/90 103/75/74
f 101/73/72 111/84/83 116/90/89
f 103/75/74 101/73/72 116/90/89
f 118/91/91 121/92/92 119/93/93
f 121/92/92 120/94/94 119/93/93
f 117/95/95 122/96/96 118/91/91
f 121/92/92 118/91/91 122/96/96
f 122/96/96 117/95/95 123/97/97
f 120/94/94 121/92/92 125/98/98
f 125/98/98 124/99/99 120/94/94
f 122/96/96 126/100/100 121/92/92
f 126/100/100 125/98/98 121/92/92
f 123/97/97 127/101/101 122/96/96
f 126/100/100 122/96/96 127/101/101
f 127/101/101 123/97/97 128/102/34
f 129/103/102 127/101/101 128/102/34
f 129/103/102 131/104/103 127/101/101
f 130/105/104 131/104/103 129/103/102
f 131/104/103 126/100/100 127/101/101
f 131/104/103 130/105/104 132/106/105
f 133/107/106 126/100/100 131/104/103
f 132/106/105 133/107/106 131/104/103
f 133/107/106 132/106/105 134/108/107
f 135/109/108 133/107/106 134/108/107
f 133/107/106 135/109/108 136/110/109
f 136/110/109 126/100/100 133/107/106
f 137/111/110 136/110/109 135/109/108
f 126/100/100 136/110/109 138/112/111
f 136/110/109 137/111/110 139/113/112
f 139/113/112 138/112/111 136/110/109
f 138/112/111 125/98/98 126/100/100
f 124/99/99 125/98/98 140/114/113
f 125/98/98 138/112/111 140/114/113
f 138/112/111 141/115/114 140/114/113
f 138/112/111 139/113/112 141/115/114
f 142/116/115 144/117/116 143/118/117
f 144/117/116 145/119/58 143/118/117
f 150/120/118 147/121/119 148/122/120
f 150/120/118 149/123/121 147/121/119
f 149/123/121 150/120/118 151/124/122
f 151/124/122 152/125/123 149/123/121
f 152/125/123 151/124/122 155/126/124
f 155/126/124 156/127/125 154/128/126
f 153/129/127 154/128/126 156/127/125
f 156/127/125 155/126/124 151/124/122
f 157/130/128 153/129/127 156/127/125
f 146/131/129 153/129/127 157/130/128
f 151/124/122 158/132/130 156/127/125
f 157/130/128 156/127/125 158/132/130
f 158/132/130 151/124/122 150/120/118
f 159/133/131 146/131/129 157/130/128
f 157/130/128 158/132/130 160/134/132
f 158/132/130 150/120/118 161/135/133
f 150/120/118 148/122/120 161/135/133
f 157/130/128 162/136/134 159/133/131
f 162/136/134 157/130/128 160/134/132
f 158/132/130 163/137/135 160/134/132
f 162/136/134 160/134/132 163/137/135
f 158/132/130 161/135/133 164/138/136
f 163/137/135 158/132/130 164/138/136
f 148/122/120 165/139/137 161/135/133
f 166/140/138 164/138/136 161/135/133
f 161/135/133 165/139/137 166/140/138
f 164/138/136 166/140/138 167/141/139
f 168/142/140 164/138/136 167/141/139
f 164/138/136 168/142/140 163/137/135
f 163/137/135 169/143/141 162/136/134
f 163/137/135 170/144/142 169/143/141
f 170/144/142 163/137/135 168/142/140
f 174/145/143 171/146/144 173/147/145
f 172/148/114 174/145/143 173/147/145
f 175/66/146 177/65/147 176/67/148
f 178/149/149 179/74/150 180/72/151
f 179/74/150 178/149/149 181/59/152
f 182/76/153 179/74/150 181/59/152
f 178/149/149 183/58/154 181/59/152
f 182/76/153 181/59/152 183/58/154
f 182/76/153 184/77/155 179/74/150
f 183/58/154 185/63/156 182/76/153
f 185/63/156 184/77/155 182/76/153
f 183/58/154 178/149/149 186/51/157
f 185/63/156 183/58/154 187/53/158
f 186/51/157 187/53/158 183/58/154
f 188/52/159 186/51/157 178/149/149
f 180/72/151 188/52/159 178/149/149
f 180/72/151 179/74/150 189/73/160
f 189/73/160 179/74/150 184/77/155
f 188/52/159 180/72/151 190/69/161
f 186/51/157 188/52/159 191/49/162
f 192/70/163 180/72/151 189/73/160
f 190/69/161 180/72/151 192/70/163
f 191/49/162 193/48/164 186/51/157
f 187/53/158 186/51/157 193/48/164
f 193/48/164 191/49/162 194/50/165
f 187/53/158 193/48/164 195/54/166
f 187/53/158 195/54/166 196/56/167
f 197/60/168 187/53/158 196/56/167
f 187/53/158 197/60/168 185/63/156
f 196/56/167 195/54/166 199/57/28
f 200/64/169 185/63/156 197/60/168
f 197/60/168 198/62/170 201/61/171
f 199/57/172 201/61/171 198/62/170
f 201/61/171 200/64/169 197/60/168
f 201/61/171 199/57/172 177/65/147
f 177/65/147 175/66/146 201/61/171
f 200/64/169 201/61/171 175/66/146
f 185/63/156 200/64/169 202/78/173
f 184/77/155 185/63/156 202/78/173
f 203/68/174 200/64/169 175/66/146
f 204/79/175 184/77/155 202/78/173
f 205/80/176 202/78/173 200/64/169
f 200/64/169 203/68/174 205/80/176
f 202/78/173 205/80/176 204/79/175
f 205/80/176 203/68/174 206/81/177
f 205/80/176 206/81/177 207/82/178
f 207/82/178 204/79/175 205/80/176
f 208/71/179 190/69/161 192/70/163
f 189/73/160 209/75/180 192/70/163
f 209/75/180 189/73/160 211/90/181
f 211/90/181 210/88/182 209/75/180
f 211/90/181 189/73/160 212/84/183
f 189/73/160 184/77/155 212/84/183
f 184/77/155 204/79/175 212/84/183
f 212/84/183 214/85/184 213/89/36
f 210/88/185 213/89/36 214/85/184
f 212/84/183 204/79/175 214/85/184
f 214/85/184 215/86/186 210/88/185
f 214/85/184 204/79/175 216/83/187
f 216/83/187 215/86/186 214/85/184
f 204/79/175 207/82/178 216/83/187
f 215/86/186 216/83/187 217/87/188
f 220/150/189 218/151/190 219/152/147
f 219/152/147 221/153/191 220/150/189
f 218/151/190 220/150/189 222/154/192
f 223/100/193 220/150/189 221/153/191
f 224/155/194 223/100/193 221/153/191
f 225/156/195 222/154/192 220/150/189
f 220/150/189 223/100/193 225/156/195
f 222/154/192 225/156/195 226/157/196
f 227/158/197 226/157/196 225/156/195
f 225/156/195 228/159/198 227/158/197
f 223/100/193 228/159/198 225/156/195
f 228/159/198 229/160/199 227/158/197
f 228/159/198 230/161/200 229/160/199
f 231/162/201 230/161/200 228/159/198
f 228/159/198 223/100/193 231/162/201
f 230/161/200 231/162/201 232/163/202
f 231/162/201 233/164/203 232/163/202
f 234/165/204 235/166/205 224/155/194
f 234/165/204 224/155/194 236/167/206
f 224/155/194 221/153/191 236/167/206
f 236/167/206 221/153/191 237/168/207
f 221/153/191 219/152/147 237/168/207
f 233/164/203 231/162/201 238/169/208
f 223/100/193 238/169/208 231/162/201
f 238/169/208 239/170/209 233/164/203
f 238/169/208 223/100/193 240/171/210
f 240/171/210 223/100/193 224/155/194
f 235/166/205 240/171/210 224/155/194
f 240/171/210 241/172/126 238/169/208
f 239/170/209 238/169/208 241/172/126
f 235/166/205 242/173/211 240/171/210
f 241/172/126 240/171/210 242/173/211
usemtl Meshpart3Mtl
f 243/174/212 244/175/213 245/176/214
f 244/175/213 243/174/212 246/177/215
f 247/177/216 248/178/217 249/175/218
f 249/175/218 248/178/217 250/179/219
f 251/180/220 254/181/221 253/182/222
f 252/183/223 255/184/224 251/180/220
f 254/181/221 251/180/220 255/184/224
f 255/184/224 252/183/223 256/185/225
f 255/184/224 257/186/226 254/181/221
f 256/185/225 258/187/227 255/184/224
f 257/186/226 255/184/224 258/187/227
f 258/187/227 256/185/225 259/188/228
f 258/187/227 260/189/229 257/186/226
f 259/188/228 261/190/230 258/187/227
f 260/189/229 258/187/227 261/190/230
f 261/190/230 259/188/228 262/191/231
f 261/190/230 263/192/232 260/189/229
f 262/191/231 264/193/233 261/190/230
f 263/192/232 261/190/230 264/193/233
f 264/193/233 266/194/234 263/192/232
f 265/195/235 267/196/236 264/193/233
f 266/194/234 264/193/233 267/196/236
f 267/196/236 265/195/235 268/197/237
f 267/196/236 269/198/238 266/194/234
f 268/197/237 270/199/239 267/196/236
f 269/198/238 267/196/236 271/200/240
f 271/200/240 272/201/241 269/198/238
f 272/201/241 271/200/240 273/202/242
f 273/202/242 275/203/243 272/201/241
f 274/204/244 276/205/245 273/202/242
f 275/203/243 273/202/242 276/205/245
f 275/203/243 276/205/245 277/206/246
f 276/205/245 274/204/244 278/207/247
f 279/208/248 282/209/249 281/210/250
f 281/210/250 282/209/249 280/211/251
f 280/211/251 282/209/249 283/212/252
f 282/209/249 279/208/248 284/213/253
f 282/209/249 285/214/254 283/212/252
f 285/214/254 282/209/249 286/215/255
f 287/216/256 288/217/257 289/218/258
f 288/217/257 287/216/256 290/219/216
f 287/216/256 291/220/259 290/219/216
f 291/220/259 287/216/256 292/221/222
f 294/222/233 293/211/260 295/212/235
f 298/223/261 297/224/262 296/225/263
f 301/226/264 299/227/265 300/228/266
f 302/229/267 299/227/265 301/226/264
f 303/220/268 304/221/269 305/230/270
f 304/221/271 307/223/272 306/225/273
f 307/223/272 304/221/271 308/231/274
f 310/232/275 311/226/264 309/228/266
f 311/226/264 310/232/275 312/233/276
f 315/234/277 313/235/278 314/236/279
f 317/237/280 319/238/281 316/239/282
f 319/238/281 317/237/280 320/240/283
f 321/241/284 318/242/285 319/238/281
f 320/240/283 321/241/284 319/238/281
f 322/243/286 318/242/285 321/241/284
f 321/241/284 320/240/283 323/244/287
f 324/245/288 325/246/289 326/247/290
f 325/246/289 324/245/288 327/248/291
f 330/249/292 328/250/293 329/243/294
f 331/247/295 332/251/296 333/252/297
f 333/252/297 332/251/296 334/253/298
f 334/253/262 335/254/299 336/255/300
f 335/254/299 337/256/301 336/255/300
f 336/255/300 337/256/301 338/236/302
f 337/256/301 339/257/303 338/236/302
f 338/236/302 339/257/303 340/258/304
f 342/259/305 341/260/264 343/261/306
f 345/247/270 344/262/271 346/251/307
f 348/263/308 349/256/309 347/254/310
f 349/256/309 348/263/308 350/264/311
f 350/264/311 351/257/303 349/256/309
f 351/257/303 350/264/311 352/265/312
f 353/260/264 354/266/276 355/261/313
f 356/267/314 357/245/288 358/252/315
f 357/245/288 359/247/295 358/252/315
f 360/268/316 361/269/317 362/270/318
f 361/269/317 360/268/316 363/271/319
f 364/272/320 362/270/318 361/269/317
f 362/270/318 364/272/320 365/273/321
f 365/273/321 366/274/322 362/270/318
f 362/270/318 367/275/323 360/268/316
f 367/275/323 362/270/318 366/274/322
f 368/276/324 360/268/316 367/275/323
f 366/274/322 369/277/325 367/275/323
f 367/275/323 370/278/326 368/276/324
f 371/279/327 368/276/324 370/278/326
f 370/278/326 369/277/328 372/280/329
f 371/279/327 370/278/326 373/281/330
f 373/281/330 370/278/326 372/280/329
f 374/282/331 371/279/327 373/281/330
f 372/280/329 375/283/332 373/281/330
f 375/283/332 374/282/331 373/281/330
f 375/283/332 372/280/329 376/284/333
f 374/282/331 375/283/332 377/285/334
f 376/284/333 378/286/335 375/283/332
f 375/283/332 379/287/336 377/285/334
f 379/287/336 375/283/332 378/286/335
f 380/288/337 377/285/334 379/287/336
f 381/289/338 379/287/336 378/286/335
f 382/290/339 380/288/337 379/287/336
f 380/288/337 382/290/339 383/291/340
f 385/292/341 383/291/340 382/290/339
f 386/293/342 383/291/340 385/292/341
f 387/294/343 385/292/341 384/295/344
f 388/296/345 386/293/342 385/292/341
f 388/296/345 385/292/341 387/294/343
f 388/296/345 387/294/343 389/297/346
f 386/293/342 388/296/345 390/298/347
f 390/298/347 388/296/345 391/297/346
f 392/299/348 393/269/349 394/271/350
f 393/269/349 392/299/348 395/300/351
f 396/300/352 397/272/353 398/269/354
f 397/272/353 396/300/352 399/301/355
f 400/302/356 403/303/357 401/304/358
f 400/302/356 402/305/359 404/306/360
f 403/303/357 400/302/356 405/307/361
f 405/307/361 400/302/356 404/306/360
f 405/307/361 406/308/362 403/303/357
f 405/307/361 404/306/360 407/309/363
f 406/308/362 405/307/361 408/310/364
f 408/310/364 405/307/361 407/309/363
f 409/304/365 411/311/366 410/312/367
f 411/311/366 409/304/365 412/303/368
f 413/313/303 415/314/369 414/315/304
f 415/314/369 413/313/303 416/316/370
f 416/316/370 417/317/371 415/314/369
f 415/314/369 417/317/371 418/318/372
f 420/319/373 421/320/374 419/313/303
f 419/313/303 421/320/374 422/316/375
f 421/320/374 423/317/376 422/316/375
f 423/317/376 421/320/374 424/321/377
f 425/322/378 426/323/379 427/324/380
f 426/323/379 425/322/378 428/325/381
f 429/323/382 430/326/383 431/324/384
f 430/326/383 429/323/382 432/327/385
f 435/328/386 433/329/387 434/330/388
f 434/330/388 436/331/389 435/328/386
f 437/332/341 435/328/386 436/331/389
f 438/333/390 439/334/391 440/335/392
f 439/334/391 441/336/393 440/335/392
f 439/334/391 442/326/394 441/336/393
f 438/333/390 440/335/392 443/337/395
f 442/326/394 439/334/391 444/324/384
f 445/338/396 444/324/384 439/334/391
f 444/324/384 445/338/396 446/322/397
f 439/334/391 447/339/398 445/338/396
f 447/339/398 439/334/391 438/333/390
f 438/333/390 448/340/399 447/339/398
f 449/341/400 438/333/390 443/337/395
f 448/340/399 438/333/390 449/341/400
f 449/341/400 443/337/395 450/342/401
f 449/341/400 451/343/402 448/340/399
f 452/344/403 449/341/400 450/342/401
f 451/343/402 449/341/400 452/344/403
f 453/345/362 455/346/404 456/347/405
f 455/346/364 454/348/363 457/347/406
f 458/349/245 459/345/407 460/347/408
f 463/350/409 462/351/410 461/352/371
f 462/351/410 463/350/409 464/330/411
f 463/350/409 465/331/412 464/330/411
f 465/331/412 463/350/409 466/353/266
f 468/354/377 469/350/413 467/352/414
f 469/350/413 468/354/377 470/355/415
f 470/355/415 471/353/266 469/350/413
f 471/353/266 470/355/415 472/356/275
usemtl Meshpart4Mtl
f 475/357/416 473/358/417 474/359/418
f 473/358/417 475/357/416 476/360/419
f 477/361/420 476/360/419 475/357/416
f 477/361/420 475/357/416 478/362/421
f 479/363/422 477/361/420 478/362/421
f 477/361/420 479/363/422 480/364/423
f 480/364/423 479/363/422 481/365/424
f 481/365/424 479/363/422 482/366/425
f 485/367/426 483/368/427 484/369/428
f 483/368/427 485/367/426 486/370/429
f 487/371/430 486/370/429 485/367/426
f 487/371/430 485/367/426 488/372/431
f 490/373/432 491/374/433 489/375/434
f 492/376/435 489/375/434 491/374/433
f 491/374/433 493/377/436 492/376/435
f 491/374/433 494/378/437 493/377/436
f 495/379/438 497/380/5 496/381/439
f 496/381/439 497/380/5 498/382/440
f 499/383/441 496/381/439 498/382/440
f 496/381/439 499/383/441 500/384/442
f 499/383/441 501/385/417 500/384/442
f 501/385/417 499/383/441 502/386/443
f 503/387/444 504/388/445 505/389/446
f 504/388/445 506/390/447 505/389/446
f 503/387/444 505/389/446 507/391/448
f 507/391/448 505/389/446 508/392/449
f 507/391/448 508/392/449 509/393/450
f 506/390/447 510/394/451 505/389/446
f 505/389/446 510/394/451 508/392/449
f 511/395/452 510/394/451 506/390/447
f 510/394/451 512/396/453 508/392/449
f 513/397/454 512/396/453 510/394/451
f 510/394/451 511/395/452 513/397/454
f 512/396/453 513/397/454 514/398/455
f 513/397/454 515/399/456 514/398/455
f 511/395/452 516/400/457 513/397/454
f 515/399/456 513/397/454 516/400/457
f 516/400/457 511/395/452 517/401/458
f 518/402/459 515/399/456 516/400/457
f 519/403/460 516/400/457 517/401/458
f 516/400/457 519/403/460 518/402/459
f 517/401/458 520/404/461 519/403/460
f 519/403/460 521/405/462 518/402/459
f 520/404/461 522/406/463 519/403/460
f 521/405/462 519/403/460 522/406/463
f 522/406/463 520/404/461 523/407/464
f 524/408/465 521/405/462 522/406/463
f 523/407/464 524/408/465 522/406/463
f 521/405/462 524/408/465 525/409/466
f 523/407/464 526/410/467 524/408/465
f 524/408/465 527/411/468 525/409/466
f 526/410/467 528/412/469 524/408/465
f 527/411/468 524/408/465 528/412/469
f 528/412/469 526/410/467 529/413/470
f 530/414/471 527/411/468 528/412/469
f 529/413/470 530/414/471 528/412/469
f 527/411/468 530/414/471 531/415/472
f 530/414/471 529/413/470 532/416/473
f 530/414/471 533/417/474 531/415/472
f 532/416/473 534/418/475 530/414/471
f 533/417/474 530/414/471 534/418/475
f 534/418/475 532/416/473 535/419/476
f 536/420/477 533/417/474 534/418/475
f 536/420/477 534/418/475 535/419/476
f 533/417/474 536/420/477 537/421/478
f 535/419/476 538/422/479 536/420/477
f 540/423/480 541/424/481 539/425/482
f 541/424/481 542/426/483 539/425/482
f 541/424/481 543/427/484 542/426/483
f 541/424/481 544/428/485 543/427/484
f 544/428/485 545/429/486 543/427/484
f 545/429/486 546/430/487 543/427/484
f 545/429/486 547/431/488 546/430/487
f 545/429/486 548/432/489 547/431/488
f 550/433/437 551/434/490 549/435/491
f 552/436/492 549/435/491 551/434/490
f 551/434/490 553/437/493 552/436/492
f 551/434/490 554/438/494 553/437/493
f 555/439/495 556/440/496 557/441/152
f 555/439/495 557/441/152 558/442/497
f 556/440/496 559/443/498 557/441/152
f 560/444/499 557/441/152 559/443/498
f 559/443/498 561/445/500 560/444/499
f 559/443/498 562/446/501 561/445/500
f 565/447/502 563/448/503 564/449/504
f 563/448/503 565/447/502 566/450/505
f 566/450/505 565/447/502 567/451/427
f 567/451/427 565/447/502 568/452/428
f 571/453/506 570/454/507 569/455/508
f 571/453/506 572/456/509 570/454/507
f 572/456/509 573/457/498 570/454/507
f 573/457/498 572/456/509 574/458/510
f 575/459/501 573/457/498 574/458/510
f 575/459/501 574/458/510 576/460/511
f 577/461/512 575/459/501 576/460/511
f 575/459/501 577/461/512 578/462/481
f 579/463/513 578/462/481 577/461/512
f 578/462/481 579/463/513 580/464/514
f 579/463/513 581/465/515 580/464/514
f 581/465/515 582/466/516 580/464/514
f 583/467/517 582/466/516 581/465/515
f 582/466/516 583/467/517 584/468/489
f 583/467/517 585/469/518 584/468/489
f 586/470/519 584/468/489 585/469/518
f 587/471/520 586/470/519 585/469/518
f 586/470/519 587/471/520 588/472/437
f 589/473/521 588/472/437 587/471/520
f 590/474/522 588/472/437 589/473/521
f 591/475/523 590/474/522 589/473/521
f 590/474/522 591/475/523 592/476/524
f 593/477/525 594/478/526 595/456/527
f 593/477/525 595/456/527 596/453/528
f 594/478/526 597/458/529 595/456/527
f 597/458/529 594/478/526 598/479/530
f 599/460/531 597/458/529 598/479/530
f 599/460/531 598/479/530 600/480/417
f 601/481/532 599/460/531 600/480/417
f 599/460/531 601/481/532 602/461/533
f 603/482/420 602/461/533 601/481/532
f 602/461/533 603/482/420 604/463/534
f 603/482/420 605/483/535 604/463/534
f 605/483/535 606/465/536 604/463/534
f 605/483/535 607/467/537 606/465/536
f 605/483/535 608/484/503 607/467/537
f 608/484/503 609/485/538 607/467/537
f 610/469/539 607/467/537 609/485/538
f 611/471/540 610/469/539 609/485/538
f 609/485/538 612/486/427 611/471/540
f 613/487/541 611/471/540 612/486/427
f 614/473/542 611/471/540 613/487/541
f 615/488/430 614/473/542 613/487/541
f 614/473/542 615/488/430 616/475/543
usemtl Meshpart5Mtl
f 620/489/544 618/490/545 617/491/546
f 621/492/547 619/493/548 618/490/545
f 618/490/545 620/489/544 621/492/547
f 619/493/548 621/492/547 622/494/549
f 623/495/550 622/494/549 621/492/547
f 621/492/547 624/496/551 623/495/550
f 620/489/544 624/496/551 621/492/547
f 625/497/552 624/496/551 620/489/544
f 626/498/553 629/489/554 627/491/555
f 628/499/556 630/500/557 626/498/553
f 630/500/557 629/489/554 626/498/553
f 630/500/557 628/499/556 631/501/558
f 632/502/559 630/500/557 631/501/558
f 630/500/557 632/502/559 633/503/560
f 633/503/560 629/489/554 630/500/557
f 629/489/554 633/503/560 634/497/561
f 636/504/562 637/505/563 635/506/564
f 639/507/565 637/505/563 636/504/562
f 638/508/566 639/507/565 636/504/562
f 639/507/565 640/497/567 637/505/563
f 639/507/565 638/508/566 641/509/568
f 640/497/567 639/507/565 642/510/569
f 642/510/569 639/507/565 641/509/568
f 642/510/569 641/509/568 643/511/570
f 646/505/571 645/512/572 644/506/573
f 645/512/572 646/505/571 648/513/574
f 648/513/574 647/514/575 645/512/572
f 649/497/576 648/513/574 646/505/571
f 647/514/575 648/513/574 650/515/577
f 648/513/574 649/497/576 651/516/578
f 651/516/578 650/515/577 648/513/574
f 650/515/577 651/516/578 652/517/579
f 654/518/580 655/519/581 653/520/582
f 655/519/581 654/518/580 657/521/583
f 656/522/584 657/521/583 654/518/580
f 658/523/585 655/519/581 657/521/583
f 657/521/583 656/522/584 659/524/586
f 660/525/587 657/521/583 659/524/586
f 661/526/588 662/519/589 663/527/590
f 663/527/590 662/519/589 664/523/591
f 662/519/589 661/526/588 665/520/592
f 661/526/588 663/527/590 666/528/593
f 667/529/594 666/528/593 663/527/590
f 667/529/594 663/527/590 668/530/595
f 669/531/596 670/532/597 671/533/598
f 671/533/598 672/534/599 669/531/596
f 669/531/596 672/534/599 673/535/600
f 674/536/601 670/532/597 669/531/596
f 674/536/601 669/531/596 673/535/600
f 670/532/597 674/536/601 675/537/602
f 677/538/603 678/532/604 676/537/605
f 678/532/604 677/538/603 680/539/606
f 679/540/607 680/539/606 677/538/603
f 678/532/604 680/539/606 681/541/608
f 680/539/606 679/540/607 682/542/609
f 681/541/608 680/539/606 682/542/609
f 683/543/610 684/544/611 685/545/612
f 684/544/611 683/543/610 686/546/613
f 686/546/613 687/547/614 684/544/611
f 687/547/614 686/546/613 688/548/615
f 692/549/616 691/550/617 689/551/618
f 693/552/619 692/549/616 689/551/618
f 693/552/619 689/551/618 690/543/620
f 693/552/619 690/543/620 694/545/621
f 695/553/622 696/554/623 697/555/624
f 696/554/623 695/553/622 698/556/625
f 697/555/624 699/549/626 695/553/622
f 699/549/626 697/555/624 700/550/627
f 702/557/628 703/547/629 701/548/630
f 702/557/628 705/558/631 703/547/629
f 704/559/632 705/558/631 702/557/628
f 705/558/631 704/559/632 706/560/633
f 710/561/634 707/562/635 709/563/636
f 707/562/635 710/561/634 711/564/637
f 711/564/637 708/559/638 707/562/635
f 708/559/638 711/564/637 712/560/639
f 713/565/640 714/566/641 715/567/642
f 715/567/642 714/566/641 717/568/643
f 717/568/643 714/566/641 716/554/644
f 716/554/644 718/556/645 717/568/643
f 719/569/646 720/570/57 721/571/647
f 722/572/648 720/570/57 719/569/646
f 723/573/649 721/571/647 720/570/57
f 721/571/647 723/573/649 724/561/650
f 722/572/648 725/574/651 720/570/57
f 725/574/651 723/573/649 720/570/57
f 725/574/651 722/572/648 726/567/652
f 723/573/649 727/564/653 724/561/650
f 726/567/652 728/568/654 725/574/651
f 727/564/653 723/573/649 729/575/655
f 727/564/653 729/575/655 730/560/656
f 730/560/656 729/575/655 731/558/657
f 729/575/655 732/576/658 731/558/657
f 723/573/649 732/576/658 729/575/655
f 731/558/657 732/576/658 733/547/659
f 723/573/649 725/574/651 734/577/5
f 732/576/658 723/573/649 734/577/5
f 732/576/658 735/544/660 733/547/659
f 725/574/651 736/578/661 734/577/5
f 736/578/661 732/576/658 734/577/5
f 735/544/660 732/576/658 737/579/662
f 732/576/658 736/578/661 737/579/662
f 735/544/660 737/579/662 738/545/663
f 738/545/663 737/579/662 739/552/664
f 737/579/662 736/578/661 739/552/664
f 740/549/665 739/552/664 736/578/661
f 736/578/661 741/553/666 740/549/665
f 736/578/661 725/574/651 742/580/667
f 741/553/666 736/578/661 742/580/667
f 742/580/667 725/574/651 728/568/654
f 741/553/666 742/580/667 743/556/668
f 743/556/668 742/580/667 728/568/654
f 744/571/669 745/581/670 746/569/671
f 747/582/672 745/581/670 744/571/669
f 748/561/673 747/582/672 744/571/669
f 747/582/672 748/561/673 749/563/674
f 750/581/675 751/572/676 752/569/677
f 751/572/676 750/581/675 753/583/678
f 753/583/678 754/567/679 751/572/676
f 754/567/679 753/583/678 755/565/680
f 756/584/681 757/585/682 758/586/683
f 757/585/682 756/584/681 760/587/684
f 762/588/685 757/585/682 760/587/684
f 759/589/686 763/590/687 761/591/688
f 760/587/684 764/592/689 762/588/685
f 763/590/687 759/589/686 765/593/687
f 766/594/690 762/588/685 764/592/689
f 767/543/691 763/590/687 765/593/687
f 764/592/689 768/595/692 766/594/690
f 769/596/693 766/594/690 768/595/692
f 766/594/690 769/596/693 771/597/693
f 770/598/694 767/543/695 772/599/694
f 773/600/696 771/597/693 769/596/693
f 774/601/697 770/598/694 772/599/694
f 771/597/693 773/600/696 775/602/696
f 770/598/694 774/601/697 776/603/698
f 773/600/696 777/604/699 775/602/696
f 777/604/699 773/600/696 779/605/699
f 779/605/699 781/606/700 777/604/699
f 782/607/701 778/608/702 780/609/703
f 779/605/699 783/610/704 781/606/700
f 778/608/702 782/607/701 784/611/705
f 785/612/706 781/606/700 783/610/704
f 786/613/707 784/611/705 782/607/701
f 781/606/700 785/612/706 786/613/707
f 784/611/705 786/613/707 785/612/706
f 787/614/708 788/615/709 789/616/710
f 790/617/711 787/614/708 789/616/710
f 791/618/712 794/619/713 793/620/714
f 794/619/713 795/621/715 793/620/714
f 796/622/716 798/623/717 797/624/718
f 798/623/717 799/625/719 797/624/718
f 800/626/720 802/627/721 801/628/722
f 802/627/721 792/629/723 801/628/722
f 803/630/724 804/631/725 805/632/726
f 806/633/727 804/631/725 803/630/724
f 807/630/728 808/632/729 809/634/730
f 809/634/730 810/635/731 807/630/728
f 812/636/732 811/637/733 814/630/734
f 814/630/734 813/638/735 812/636/732
f 815/639/736 816/640/737 818/630/738
f 818/630/738 816/640/737 817/641/739
f 819/630/740 820/641/741 821/642/742
f 821/642/742 822/633/743 819/630/740
f 825/630/744 823/643/745 824/638/746
f 826/635/747 823/643/745 825/630/744
f 827/644/748 830/639/749 828/645/601
f 829/646/750 828/645/601 831/647/751
f 828/645/601 830/639/749 831/647/751
f 829/646/750 831/647/751 832/648/752
f 831/647/751 830/639/749 833/630/753
f 833/630/753 832/648/752 831/647/751
f 834/630/754 835/649/755 836/648/756
f 835/649/755 837/646/757 836/648/756
f 838/637/758 835/649/755 834/630/754
f 837/646/757 835/649/755 839/650/603
f 838/637/758 839/650/603 835/649/755
f 839/650/603 838/637/758 840/651/759
f 841/652/760 843/653/761 842/654/762
f 845/655/763 843/653/761 841/652/760
f 844/656/764 845/655/763 841/652/760
f 845/655/763 846/657/765 843/653/761
f 845/655/763 844/656/764 847/658/766
f 848/659/767 846/657/765 845/655/763
f 847/658/766 848/659/767 845/655/763
f 847/658/766 849/660/768 848/659/767
f 850/661/769 851/657/770 852/662/771
f 852/662/771 853/663/772 850/661/769
f 854/664/773 850/661/769 853/663/772
f 855/665/774 851/657/770 850/661/769
f 850/661/769 854/664/773 855/665/774
f 851/657/770 855/665/774 856/653/775
f 857/666/776 855/665/774 854/664/773
f 858/667/777 856/653/775 855/665/774
f 855/665/774 857/666/776 858/667/777
f 856/653/775 858/667/777 859/654/778
f 860/668/779 861/669/780 862/670/781
f 863/671/782 864/672/783 862/670/781
f 863/671/782 862/670/781 865/673/630
f 862/670/781 861/669/780 866/674/628
f 865/673/630 862/670/781 866/674/628
f 861/669/780 867/675/784 866/674/628
f 868/676/785 869/669/786 870/677/787
f 871/668/788 870/677/787 869/669/786
f 870/677/787 871/668/788 872/678/789
f 869/669/786 868/676/785 873/675/790
f 872/678/789 874/679/791 870/677/787
f 874/679/791 872/678/789 875/680/792
f 876/681/636 870/677/787 874/679/791
f 870/677/787 876/681/636 868/676/785
f 877/670/793 879/672/794 878/682/794
f 880/683/795 882/684/796 881/685/795
f 883/686/797 884/687/798 885/688/799
f 885/688/799 884/687/798 886/689/800
f 887/690/801 884/687/798 883/686/797
f 888/691/802 887/690/801 883/686/797
f 887/690/801 889/692/803 884/687/798
f 890/693/804 886/689/800 884/687/798
f 889/692/803 890/693/804 884/687/798
f 886/689/800 890/693/804 891/694/805
f 893/695/806 894/689/807 892/694/808
f 894/689/807 893/695/806 896/696/809
f 895/697/810 896/696/809 893/695/806
f 897/688/811 894/689/807 896/696/809
f 896/696/809 895/697/810 898/698/812
f 899/682/813 896/696/809 898/698/812
f 900/699/814 901/700/815 902/701/816
f 902/701/816 903/702/817 900/699/814
f 900/699/814 903/702/817 904/703/818
f 905/704/819 901/700/815 900/699/814
f 905/704/819 900/699/814 904/703/818
f 901/700/815 905/704/819 906/705/820
f 905/704/819 904/703/818 907/706/821
f 906/705/820 905/704/819 908/707/822
f 908/707/822 905/704/819 907/706/821
f 906/705/820 908/707/822 909/708/823
f 910/709/824 911/705/825 912/708/746
f 911/705/825 910/709/824 914/710/826
f 913/711/827 914/710/826 910/709/824
f 914/710/826 915/700/828 911/705/825
f 914/710/826 913/711/827 916/712/829
f 915/700/828 914/710/826 917/713/830
f 916/712/829 917/713/830 914/710/826
f 917/713/830 916/712/829 918/714/831
f 919/715/832 920/716/833 921/717/834
f 920/716/833 919/715/832 922/718/835
f 919/715/832 923/719/836 922/718/835
f 921/717/834 924/720/837 919/715/832
f 924/720/837 923/719/836 919/715/832
f 921/717/834 925/721/838 924/720/837
f 928/717/839 927/722/840 926/721/841
f 927/722/840 928/717/839 930/723/842
f 930/723/842 929/724/843 927/722/840
f 928/717/839 931/725/844 930/723/842
f 929/724/843 930/723/842 932/726/845
f 931/725/844 932/726/845 930/723/842
f 935/505/846 934/512/847 933/506/848
f 934/512/847 935/505/846 937/513/849
f 937/513/849 936/514/850 934/512/847
f 938/497/851 937/513/849 935/505/846
f 936/514/850 937/513/849 939/515/852
f 940/517/853 939/515/852 937/513/849
f 941/504/854 942/507/855 943/505/856
f 942/507/855 944/497/857 943/505/856
f 941/504/854 943/505/856 945/506/620
f 946/509/858 947/511/859 942/507/855
f 948/508/860 946/509/858 942/507/855
f 941/504/854 948/508/860 942/507/855
f 951/513/861 949/530/862 950/517/862
f 952/507/863 954/511/864 953/525/865
f 957/542/866 955/727/867 956/728/868
f 955/727/867 957/542/866 958/718/869
f 959/534/698 961/729/870 960/726/698
f 961/729/870 959/534/698 962/730/871
f 965/731/872 963/526/873 964/520/874
f 965/731/872 967/732/875 963/526/873
f 967/732/875 966/528/876 963/526/873
f 965/731/872 968/733/877 967/732/875
f 967/732/875 969/734/878 966/528/876
f 968/733/877 970/735/879 967/732/875
f 970/735/879 969/734/878 967/732/875
f 969/734/878 970/735/879 971/736/880
f 973/518/881 974/731/882 972/520/883
f 974/731/882 973/518/881 976/737/884
f 975/522/885 976/737/884 973/518/881
f 976/737/884 977/733/886 974/731/882
f 976/737/884 975/522/885 978/738/887
f 977/733/886 976/737/884 979/739/888
f 978/738/887 979/739/888 976/737/884
f 979/739/888 978/738/887 980/740/889
f 981/741/890 984/742/891 982/743/892
f 983/744/893 985/745/894 981/741/890
f 984/742/891 981/741/890 985/745/894
f 985/745/894 983/744/893 986/746/895
f 987/747/896 985/745/894 986/746/895
f 985/745/894 987/747/896 988/748/897
f 984/742/891 985/745/894 988/748/897
f 989/749/898 984/742/891 988/748/897
f 991/750/899 990/743/900 993/742/901
f 992/751/731 991/750/899 994/752/902
f 991/750/899 993/742/901 994/752/902
f 992/751/731 994/752/902 995/753/903
f 994/752/902 996/754/904 995/753/903
f 996/754/904 994/752/902 997/755/905
f 993/742/901 997/755/905 994/752/902
f 997/755/905 993/742/901 998/749/906
f 999/756/907 1000/757/908 1002/758/909
f 1001/759/910 1003/760/911 1000/757/908
f 1000/757/908 1003/760/911 1002/758/909
f 1003/760/911 1001/759/910 1004/761/912
f 1003/760/911 1005/762/913 1002/758/909
f 1005/762/913 1003/760/911 1004/761/912
f 1006/762/914 1007/761/915 1008/763/916
f 1009/759/917 1008/763/916 1007/761/915
f 1010/764/918 1006/762/914 1008/763/916
f 1008/763/916 1009/759/917 1011/765/919
f 1011/765/919 1010/764/918 1008/763/916
f 1010/764/918 1011/765/919 1012/766/920
f 1013/762/921 1014/767/922 1015/768/923
f 1014/767/922 1013/762/921 1016/769/924
f 1019/762/925 1018/770/926 1017/771/927
f 1020/772/928 1019/762/925 1017/771/927
f 1022/773/929 1024/762/930 1021/764/931
f 1024/762/930 1022/773/929 1023/770/932
f 1025/758/933 1028/762/934 1026/774/777
f 1028/762/934 1027/768/935 1026/774/777
f 1029/762/936 1030/775/937 1031/776/938
f 1032/769/939 1029/762/936 1031/776/938
f 1033/762/940 1034/777/941 1035/775/942
f 1034/777/941 1033/762/940 1036/772/943
f 1037/778/944 1038/779/945 1039/780/945
f 1040/781/946 1039/780/945 1038/779/945
f 1038/779/945 1037/778/944 1041/782/947
f 1039/780/945 1040/781/946 1042/783/948
f 1043/784/949 1041/782/947 1037/778/944
f 1044/785/793 1042/783/948 1040/781/946
f 1043/784/949 1037/778/944 1045/786/949
f 1042/783/948 1044/785/793 1046/787/950
f 1047/788/951 1043/784/949 1045/786/949
f 1048/789/952 1046/787/950 1044/785/793
f 1045/786/949 1049/790/951 1047/788/951
f 1050/791/953 1047/788/951 1049/790/951
f 1047/788/951 1050/791/953 1052/792/953
f 1048/789/954 1051/793/861 1053/794/955
f 1054/795/956 1052/792/953 1050/791/953
f 1051/793/861 1055/796/957 1053/794/955
f 1052/792/953 1054/795/956 1056/797/956
f 1055/796/957 1051/793/861 1057/798/957
f 1054/795/956 1058/799/958 1056/797/956
f 1059/800/863 1055/796/957 1057/798/957
f 1058/799/958 1054/795/956 1060/801/958
f 1055/796/957 1059/800/863 1061/802/959
f 1060/801/958 1062/803/960 1058/799/958
f 1059/800/863 1063/804/961 1061/802/959
f 1062/803/960 1060/801/958 1064/805/962
f 1065/806/963 1062/803/960 1064/805/962
f 1065/806/963 1064/805/962 1066/807/964
f 1063/804/865 1065/806/963 1066/807/964
f 1067/808/965 1068/809/966 1069/810/967
f 1070/811/968 1069/810/967 1068/809/966
f 1067/808/965 1071/812/969 1068/809/966
f 1067/808/965 1072/813/970 1071/812/969
f 1073/810/971 1074/814/972 1075/815/973
f 1074/814/972 1073/810/971 1076/811/974
f 1077/816/969 1075/815/973 1074/814/972
f 1075/815/973 1077/816/969 1078/817/975
f 1082/818/976 1080/819/977 1079/809/978
f 1079/809/978 1083/812/979 1082/818/976
f 1084/820/980 1081/814/981 1080/819/977
f 1082/818/976 1084/820/980 1080/819/977
f 1081/814/981 1084/820/980 1085/816/982
f 1086/821/983 1082/818/976 1083/812/979
f 1087/822/723 1085/816/982 1084/820/980
f 1082/818/976 1086/821/983 1088/823/984
f 1090/824/985 1088/823/984 1089/825/986
f 1090/824/985 1082/818/976 1088/823/984
f 1090/824/985 1089/825/986 1091/826/987
f 1084/820/980 1082/818/976 1092/827/497
f 1082/818/976 1090/824/985 1092/827/497
f 1093/828/716 1090/824/985 1091/826/987
f 1094/829/988 1084/820/980 1092/827/497
f 1090/824/985 1094/829/988 1092/827/497
f 1090/824/985 1093/828/716 1095/830/989
f 1094/829/988 1090/824/985 1095/830/989
f 1094/829/988 1095/830/989 1096/831/990
f 1094/829/988 1096/831/990 1097/832/991
f 1098/833/992 1094/829/988 1097/832/991
f 1084/820/980 1094/829/988 1099/834/993
f 1094/829/988 1098/833/992 1099/834/993
f 1084/820/980 1099/834/993 1087/822/723
f 1102/821/994 1101/835/995 1103/836/996
f 1101/835/995 1102/821/994 1100/837/997
f 1104/812/998 1100/837/997 1102/821/994
f 1100/837/997 1104/812/998 1105/813/999
f 1106/817/1000 1108/816/1001 1107/838/1002
f 1108/816/1001 1110/822/1003 1107/838/1002
f 1110/822/1003 1109/839/805 1107/838/1002
f 1109/839/805 1110/822/1003 1111/840/1004
f 1112/839/808 1113/833/1005 1114/841/1006
f 1113/833/1005 1112/839/808 1115/840/1007
f 1116/832/1001 1114/841/1006 1113/833/1005
f 1114/841/1006 1116/832/1001 1117/842/1008
f 1120/826/998 1119/843/1009 1118/844/1010
f 1119/843/1009 1120/826/998 1122/825/1011
f 1121/835/1012 1119/843/1009 1122/825/1011
f 1123/836/1013 1121/835/1012 1122/825/1011
f 1124/845/1014 1125/828/1015 1126/846/1016
f 1125/828/1015 1124/845/1014 1127/847/1017
f 1128/826/1018 1126/846/1016 1125/828/1015
f 1126/846/1016 1128/826/1018 1129/844/1019
f 1131/845/1020 1130/848/1021 1132/831/1022
f 1131/845/1020 1132/831/1022 1133/847/1023
f 1132/831/1022 1130/848/1021 1134/832/1018
f 1134/832/1018 1130/848/1021 1135/842/1024
f 1136/849/1025 1137/850/1026 1138/851/1027
f 1137/850/1026 1136/849/1025 1140/852/1028
f 1140/852/1028 1139/853/1029 1137/850/1026
f 1141/854/1030 1140/852/1028 1136/849/1025
f 1139/853/1029 1140/852/1028 1142/855/1031
f 1140/852/1028 1141/854/1030 1143/856/1032
f 1143/856/1032 1142/855/1031 1140/852/1028
f 1142/855/1031 1143/856/1032 1144/857/1033
f 1145/858/1034 1146/859/1035 1147/854/1036
f 1146/859/1035 1145/858/1034 1148/860/1037
f 1149/861/1038 1148/860/1037 1145/858/1034
f 1145/858/1034 1147/854/1036 1150/862/1039
f 1149/861/1038 1145/858/1034 1150/862/1039
f 1150/862/1039 1147/854/1036 1151/849/1040
f 1152/863/931 1149/861/1038 1150/862/1039
f 1150/862/1039 1151/849/1040 1153/864/929
f 1152/863/931 1150/862/1039 1153/864/929
f 1153/864/929 1151/849/1040 1154/851/1041
f 1157/865/1042 1156/866/1043 1155/867/1044
f 1156/866/1043 1157/865/1042 1159/868/1045
f 1159/868/1045 1158/869/627 1156/866/1043
f 1160/870/1046 1159/868/1045 1157/865/1042
f 1158/869/627 1159/868/1045 1161/871/1047
f 1162/872/1048 1161/871/1047 1159/868/1045
f 1163/873/1049 1164/870/1050 1165/865/1051
f 1164/870/1050 1163/873/1049 1166/874/1052
f 1163/873/1049 1167/875/1053 1166/874/1052
f 1167/875/1053 1168/876/1054 1166/874/1052
f 1169/877/640 1167/875/1053 1163/873/1049
f 1165/865/1051 1170/878/641 1163/873/1049
f 1163/873/1049 1170/878/641 1169/877/640
f 1170/878/641 1165/865/1051 1171/867/1055
f 1174/868/963 1172/879/1056 1173/872/1056
f 1175/880/1057 1176/881/1058 1177/882/1059
f 1178/883/1060 1179/884/1061 1180/885/995
f 1179/884/1061 1178/883/1060 1182/886/1062
f 1181/887/1063 1182/886/1062 1178/883/1060
f 1182/886/1062 1183/888/1064 1179/884/1061
f 1182/886/1062 1181/887/1063 1184/889/1065
f 1183/888/1064 1182/886/1062 1185/890/1066
f 1184/889/1065 1185/890/1066 1182/886/1062
f 1185/890/1066 1184/889/1065 1186/891/1067
f 1187/888/1068 1188/892/1069 1189/884/1070
f 1190/893/1071 1188/892/1069 1191/879/1072
f 1192/894/1073 1188/892/1069 1190/893/1071
f 1189/884/1070 1188/892/1069 1193/895/1074
f 1188/892/1069 1192/894/1073 1193/895/1074
f 1193/895/1074 1194/885/1075 1189/884/1070
f 1195/896/1076 1196/897/1077 1197/898/1078
f 1196/897/1077 1195/896/1076 1198/899/1079
f 1195/896/1076 1199/900/1080 1198/899/1079
f 1197/898/1078 1200/901/1081 1195/896/1076
f 1199/900/1080 1195/896/1076 1200/901/1081
f 1200/901/1081 1197/898/1078 1201/902/1082
f 1200/901/1081 1202/903/736 1199/900/1080
f 1201/902/1082 1203/904/737 1200/901/1081
f 1202/903/736 1200/901/1081 1203/904/737
f 1203/904/737 1201/902/1082 1204/905/1083
f 1207/902/1084 1206/906/1085 1205/905/1086
f 1207/902/1084 1209/907/1087 1206/906/1085
f 1209/907/1087 1208/908/1088 1206/906/1085
f 1210/898/1089 1209/907/1087 1207/902/1084
f 1211/909/1090 1208/908/1088 1209/907/1087
f 1209/907/1087 1210/898/1089 1212/910/1091
f 1209/907/1087 1212/910/1091 1211/909/1090
f 1213/911/1092 1211/909/1090 1212/910/1091
usemtl Meshpart6Mtl
f 1214/912/1093 1215/913/1094 1216/914/1095
f 1217/915/1096 1216/914/1095 1215/913/1094
f 1215/913/1094 1214/912/1093 1218/916/1097
f 1216/914/1095 1217/915/1096 1219/917/1098
f 1214/912/1093 1220/918/1099 1218/916/1097
f 1221/919/1100 1219/917/1098 1217/915/1096
f 1222/920/1101 1220/918/1099 1214/912/1093
f 1219/917/1098 1221/919/1100 1223/921/1102
f 1224/922/1100 1223/921/1102 1221/919/1100
f 1223/921/1102 1224/922/1100 1225/923/1103
f 1220/918/1099 1222/920/1101 1226/924/1104
f 1226/924/1104 1222/920/1101 1227/925/1105
f 1228/926/1106 1229/920/1107 1230/927/1108
f 1231/912/1109 1230/927/1108 1229/920/1107
f 1230/927/1108 1231/912/1109 1232/928/1110
f 1233/914/1111 1232/928/1110 1231/912/1109
f 1232/928/1110 1233/914/1111 1234/929/1112
f 1234/929/1112 1233/914/1111 1235/930/1113
f 1235/930/1113 1233/914/1111 1236/917/1114
f 1235/930/1113 1236/917/1114 1237/931/1115
f 1237/931/1115 1236/917/1114 1238/921/1116
f 1237/931/1115 1238/921/1116 1239/932/1117
f 1239/932/1117 1238/921/1116 1240/923/1117
f 1242/933/1118 1241/934/1119 1243/935/1120
f 1243/935/1120 1244/936/1121 1242/933/1118
f 1244/936/1121 1243/935/1120 1245/937/1122
f 1245/937/1122 1246/938/1123 1244/936/1121
f 1246/938/1123 1245/937/1122 1247/939/1124
f 1247/939/1124 1248/940/1125 1246/938/1123
f 1247/939/1124 1249/941/1125 1248/940/1125
f 1250/942/1126 1251/943/1127 1252/944/1128
f 1253/945/1129 1252/944/1128 1251/943/1127
f 1251/943/1127 1250/942/1126 1254/946/1130
f 1252/944/1128 1253/945/1129 1255/947/1131
f 1250/942/1126 1256/948/1132 1254/946/1130
f 1257/949/1133 1255/947/1131 1253/945/1129
f 1258/950/1134 1256/948/1132 1250/942/1126
f 1255/947/1131 1257/949/1133 1259/951/1135
f 1260/952/1136 1259/951/1135 1257/949/1133
f 1259/951/1135 1260/952/1136 1261/953/1137
f 1256/948/1132 1258/950/1134 1262/954/1138
f 1263/955/1139 1262/954/1138 1258/950/1134
f 1262/954/1138 1263/955/1139 1264/956/1140
f 1265/957/1141 1264/956/1140 1263/955/1139
f 1264/956/1140 1265/957/1141 1266/958/1142
f 1265/957/1141 1267/959/1142 1266/958/1142
f 1268/960/1143 1269/939/1144 1270/961/1145
f 1271/941/1143 1269/939/1144 1268/960/1143
f 1269/939/1144 1272/962/1146 1270/961/1145
f 1273/937/1147 1272/962/1146 1269/939/1144
f 1274/935/1148 1272/962/1146 1273/937/1147
f 1275/963/1149 1276/964/1150 1277/965/1151
f 1277/965/1151 1276/964/1150 1278/966/1152
f 1275/963/1149 1279/967/1153 1276/964/1150
f 1280/968/1154 1279/967/1153 1275/963/1149
f 1280/968/1154 1281/969/1155 1279/967/1153
f 1282/970/1156 1281/969/1155 1280/968/1154
f 1282/970/1156 1283/971/1157 1281/969/1155
f 1284/972/565 1283/971/1157 1282/970/1156
f 1284/972/565 1285/973/1158 1283/971/1157
f 1285/973/1158 1284/972/565 1286/974/1159
f 1287/975/1160 1285/973/1158 1286/974/1159
f 1285/973/1158 1287/975/1160 1288/976/1161
f 1289/977/1162 1288/976/1161 1287/975/1160
f 1288/976/1161 1289/977/1162 1290/978/1163
f 1289/977/1162 1291/979/1164 1290/978/1163
f 1292/980/1164 1290/978/1163 1291/979/1164
f 1293/957/1165 1294/981/1166 1295/982/1167
f 1295/982/1167 1296/959/1167 1293/957/1165
f 1297/955/1168 1294/981/1166 1293/957/1165
f 1294/981/1166 1297/955/1168 1298/983/1169
f 1299/950/1170 1298/983/1169 1297/955/1168
f 1298/983/1169 1299/950/1170 1300/984/1171
f 1299/950/1170 1301/985/1172 1300/984/1171
f 1301/985/1172 1299/950/1170 1302/942/1173
f 1301/985/1172 1302/942/1173 1303/986/1174
f 1303/986/1174 1302/942/1173 1304/944/1175
f 1303/986/1174 1304/944/1175 1305/987/1176
f 1305/987/1176 1304/944/1175 1306/947/1177
f 1305/987/1176 1306/947/1177 1307/988/1178
f 1307/988/1178 1306/947/1177 1308/951/1179
f 1307/988/1178 1308/951/1179 1309/989/1180
f 1309/989/1180 1308/951/1179 1310/953/1179
f 1311/990/1181 1312/964/1182 1313/991/1183
f 1312/964/1182 1311/990/1181 1314/966/1184
f 1315/967/1185 1313/991/1183 1312/964/1182
f 1313/991/1183 1315/967/1185 1316/992/1186
f 1317/969/1187 1316/992/1186 1315/967/1185
f 1316/992/1186 1317/969/1187 1318/993/1188
f 1319/971/1189 1318/993/1188 1317/969/1187
f 1318/993/1188 1319/971/1189 1320/994/1190
f 1319/971/1189 1321/995/1191 1320/994/1190
f 1321/995/1191 1319/971/1189 1322/973/1192
f 1321/995/1191 1322/973/1192 1323/996/1193
f 1323/996/1193 1322/973/1192 1324/976/1194
f 1323/996/1193 1324/976/1194 1325/997/1195
f 1325/997/1195 1324/976/1194 1326/978/1196
f 1325/997/1195 1326/978/1196 1327/998/1197
f 1327/998/1197 1326/978/1196 1328/980/1197
f 1330/999/1198 1329/1000/1199 1332/1001/1199
f 1333/1002/1200 1331/1003/1201 1330/999/1198
f 1331/1003/1201 1333/1002/1200 1334/1004/1202
f 1335/1005/1203 1334/1004/1202 1333/1002/1200
f 1334/1004/1202 1335/1005/1203 1336/1006/1204
f 1335/1005/1203 1337/1007/1205 1336/1006/1204
f 1337/1007/1205 1335/1005/1203 1338/1008/1206
f 1338/1008/1206 1339/1009/1207 1337/1007/1205
f 1339/1009/1207 1338/1008/1206 1340/1010/1208
f 1339/1009/1207 1340/1010/1208 1341/1011/1209
f 1341/1011/1209 1340/1010/1208 1342/1012/1210
f 1341/1011/1209 1342/1012/1210 1343/1013/1211
f 1344/1014/1212 1343/1013/1211 1342/1012/1210
f 1343/1013/1211 1344/1014/1212 1345/1015/1213
f 1346/1016/1214 1345/1015/1213 1344/1014/1212
f 1347/1017/1104 1348/1018/1215 1349/1019/1216
f 1349/1019/1216 1348/1018/1215 1350/1020/1217
f 1349/1019/1216 1350/1020/1217 1351/1021/1218
f 1351/1021/1218 1350/1020/1217 1352/1022/1219
f 1353/1022/1220 1354/1020/1221 1355/1023/1220
f 1356/1024/1222 1355/1023/1220 1354/1020/1221
f 1357/1018/1223 1356/1024/1222 1354/1020/1221
f 1356/1024/1222 1357/1018/1223 1358/1025/1106
f 1359/1026/1224 1358/1025/1106 1357/1018/1223
f 1360/1027/1225 1361/1028/1226 1362/1029/1227
f 1363/1030/1228 1361/1028/1226 1360/1027/1225
f 1362/1029/1227 1361/1028/1226 1364/1031/1229
f 1361/1028/1226 1363/1030/1228 1365/1032/1230
f 1364/1031/1229 1366/1033/1118 1362/1029/1227
f 1367/1034/1231 1365/1032/1230 1363/1030/1228
f 1365/1032/1230 1367/1034/1231 1368/1035/1232
f 1369/1036/1233 1368/1035/1232 1367/1034/1231
f 1368/1035/1232 1369/1036/1233 1370/1037/1233
f 1371/1038/1234 1372/1010/1235 1373/1008/1236
f 1372/1010/1235 1371/1038/1234 1374/1039/1237
f 1373/1008/1236 1375/1040/1238 1371/1038/1234
f 1376/1041/1239 1372/1010/1235 1374/1039/1237
f 1375/1040/1238 1373/1008/1236 1377/1005/1240
f 1372/1010/1235 1376/1041/1239 1378/1012/1241
f 1377/1005/1240 1379/1042/1242 1375/1040/1238
f 1380/1043/1243 1378/1012/1241 1376/1041/1239
f 1379/1042/1242 1377/1005/1240 1381/1002/1244
f 1378/1012/1241 1380/1043/1243 1382/1014/1245
f 1383/1044/1246 1382/1014/1245 1380/1043/1243
f 1382/1014/1245 1383/1044/1246 1384/1016/1247
f 1381/1002/1244 1385/1045/1248 1379/1042/1242
f 1385/1045/1248 1381/1002/1244 1386/999/1249
f 1386/999/1249 1388/1001/1250 1387/1046/1250
f 1389/1047/1146 1390/1048/1148 1391/1049/1251
f 1392/1031/1252 1391/1049/1251 1390/1048/1148
f 1391/1049/1251 1392/1031/1252 1393/1050/1253
f 1394/1028/1254 1393/1050/1253 1392/1031/1252
f 1393/1050/1253 1394/1028/1254 1395/1051/1255
f 1395/1051/1255 1394/1028/1254 1396/1052/1256
f 1396/1052/1256 1394/1028/1254 1397/1032/1257
f 1396/1052/1256 1397/1032/1257 1398/1053/1258
f 1399/1035/1259 1398/1053/1258 1397/1032/1257
f 1398/1053/1258 1399/1035/1259 1400/1054/1260
f 1400/1054/1260 1399/1035/1259 1401/1037/1260
f 1404/1055/1261 1403/1056/1262 1402/1057/1263
f 1403/1056/1262 1404/1055/1261 1405/1058/1264
f 1406/1059/1265 1405/1058/1264 1404/1055/1261
f 1405/1058/1264 1406/1059/1265 1407/1060/1266
f 1407/1060/1266 1406/1059/1265 1408/1061/1267
f 1408/1061/1267 1406/1059/1265 1409/1062/1268
f 1408/1061/1267 1409/1062/1268 1410/1063/1269
f 1411/1064/1270 1410/1063/1269 1409/1062/1268
f 1410/1063/1269 1411/1064/1270 1412/1065/1271
f 1411/1064/1270 1413/1066/1271 1412/1065/1271
f 1414/1055/1272 1415/1067/1273 1416/1059/1274
f 1417/1068/1275 1416/1059/1274 1415/1067/1273
f 1415/1067/1273 1414/1055/1272 1418/1069/1272
f 1416/1059/1274 1417/1068/1275 1419/1062/1276
f 1414/1055/1272 1420/1070/1277 1418/1069/1272
f 1421/1071/1278 1419/1062/1276 1417/1068/1275
f 1420/1070/1277 1414/1055/1272 1422/1057/1279
f 1419/1062/1276 1421/1071/1278 1423/1064/1200
f 1424/1072/1280 1423/1064/1200 1421/1071/1278
f 1423/1064/1200 1424/1072/1280 1425/1066/1281
f 1422/1057/1279 1426/1073/1282 1420/1070/1277
f 1429/1074/1283 1428/1075/1284 1427/1076/1285
f 1428/1075/1284 1429/1074/1283 1430/1077/1286
f 1431/1078/1287 1430/1077/1286 1429/1074/1283
f 1430/1077/1286 1431/1078/1287 1432/1079/1288
f 1433/1080/1289 1432/1079/1288 1431/1078/1287
f 1432/1079/1288 1433/1080/1289 1434/1081/1290
f 1433/1080/1289 1435/1082/1291 1434/1081/1290
f 1435/1082/1291 1433/1080/1289 1436/1083/1292
f 1435/1082/1291 1436/1083/1292 1437/1084/1293
f 1438/1085/1294 1437/1084/1293 1436/1083/1292
f 1437/1084/1293 1438/1085/1294 1439/1086/1295
f 1438/1085/1294 1440/1087/1296 1439/1086/1295
f 1441/1088/1297 1442/1078/1298 1443/1089/1299
f 1442/1078/1298 1444/1090/1300 1443/1089/1299
f 1442/1078/1298 1441/1088/1297 1445/1080/1301
f 1444/1090/1300 1442/1078/1298 1446/1074/1302
f 1447/1091/1303 1445/1080/1301 1441/1088/1297
f 1446/1074/1302 1448/1092/1304 1444/1090/1300
f 1445/1080/1301 1447/1091/1303 1449/1083/1305
f 1448/1092/1304 1446/1074/1302 1450/1076/1306
f 1451/1093/1307 1449/1083/1305 1447/1091/1303
f 1450/1076/1306 1452/1094/1308 1448/1092/1304
f 1449/1083/1305 1451/1093/1307 1453/1085/1307
f 1454/1095/1309 1453/1085/1307 1451/1093/1307
f 1453/1085/1307 1454/1095/1309 1455/1087/1309
f 1452/1094/1308 1450/1076/1306 1456/1096/1310
f 1456/1096/1310 1457/1097/1311 1452/1094/1308
f 1458/1098/1312 1459/1099/1313 1460/1100/1312
f 1461/1101/1314 1460/1100/1312 1459/1099/1313
f 1462/1102/1285 1461/1101/1314 1459/1099/1313
f 1461/1101/1314 1462/1102/1285 1463/1103/1284
f 1464/1099/1310 1466/1098/1315 1465/1104/1315
f 1467/1105/1199 1468/1106/1198 1469/1107/1316
f 1472/1108/1317 1470/1109/1248 1471/1106/1249
f 1473/1110/1318 1474/1111/1319 1475/1112/1320
f 1475/1112/1320 1476/1113/1320 1473/1110/1318
f 1477/1114/1321 1474/1111/1319 1473/1110/1318
f 1474/1111/1319 1477/1114/1321 1478/1115/1322
f 1479/1116/1323 1478/1115/1322 1477/1114/1321
f 1478/1115/1322 1479/1116/1323 1480/1117/1324
f 1482/1118/1325 1481/1116/1279 1483/1114/1326
f 1482/1118/1325 1483/1114/1326 1484/1119/1327
f 1485/1110/1328 1484/1119/1327 1483/1114/1326
f 1484/1119/1327 1485/1110/1328 1486/1120/1329
f 1485/1110/1328 1487/1113/1330 1486/1120/1329
usemtl Meshpart7Mtl
f 1489/1121/1331 1488/1122/1331 1490/1123/1332
f 1491/1124/1332 1490/1123/1332 1488/1122/1331
f 1492/1125/1333 1490/1123/1332 1491/1124/1332
f 1490/1123/1332 1492/1125/1333 1493/1126/1333
f 1496/1127/1334 1494/1128/1335 1495/1129/1335
f 1495/1129/1335 1497/1130/1334 1496/1127/1334
f 1498/1131/1336 1496/1127/1334 1497/1130/1334
f 1497/1130/1334 1499/1132/1336 1498/1131/1336
f 1502/1123/1334 1501/1133/1336 1500/1134/1336
f 1501/1133/1336 1502/1123/1334 1503/1127/1334
f 1504/1135/1335 1503/1127/1334 1502/1123/1334
f 1503/1127/1334 1504/1135/1335 1505/1136/1335
f 1506/1137/5 1507/1138/5 1508/1139/5
f 1507/1138/5 1509/1140/5 1508/1139/5
f 1507/1138/5 1506/1137/5 1510/1141/5
f 1509/1140/5 1507/1138/5 1511/1142/5
f 1506/1137/5 1512/1143/5 1510/1141/5
f 1513/1144/5 1509/1140/5 1511/1142/5
f 1506/1137/5 1514/1145/5 1512/1143/5
f 1509/1140/5 1513/1144/5 1515/1146/5
f 1516/1147/5 1512/1143/5 1514/1145/5
f 1517/1148/5 1515/1146/5 1513/1144/5
f 1512/1143/5 1516/1147/5 1518/1149/5
f 1517/1148/5 1513/1144/5 1519/1150/5
f 1520/1151/5 1518/1149/5 1516/1147/5
f 1520/1151/5 1517/1148/5 1519/1150/5
f 1516/1147/5 1521/1152/5 1520/1151/5
f 1517/1148/5 1520/1151/5 1521/1152/5
f 1522/1124/1337 1523/1123/1338 1524/1122/1339
f 1525/1125/1331 1523/1123/1338 1522/1124/1337
f 1523/1123/1338 1526/1121/1339 1524/1122/1339
f 1523/1123/1338 1525/1125/1331 1527/1126/1331
f 1530/1130/100 1528/1132/1340 1529/1131/1340
f 1530/1130/100 1529/1131/1340 1532/1127/100
f 1533/1129/1336 1530/1130/100 1532/1127/100
f 1533/1129/1336 1532/1127/100 1531/1128/1336
f 1534/1127/100 1535/1133/1340 1536/1123/100
f 1537/1134/1340 1536/1123/100 1535/1133/1340
f 1536/1123/100 1538/1135/1336 1534/1127/100
f 1539/1136/1336 1534/1127/100 1538/1135/1336
f 1542/1123/1341 1540/1125/1339 1541/1126/1339
f 1540/1125/1339 1542/1123/1341 1543/1124/1342
f 1542/1123/1341 1544/1122/1343 1543/1124/1342
f 1544/1122/1343 1542/1123/1341 1545/1121/1343
f 1547/1131/1344 1548/1130/1345 1546/1132/1344
f 1548/1130/1345 1547/1131/1344 1549/1127/1345
f 1549/1127/1345 1550/1129/1340 1548/1130/1345
f 1550/1129/1340 1549/1127/1345 1551/1128/1340
f 1554/1127/1345 1553/1135/1340 1552/1136/1340
f 1555/1123/1345 1553/1135/1340 1554/1127/1345
f 1556/1133/1344 1555/1123/1345 1554/1127/1345
f 1557/1134/1344 1555/1123/1345 1556/1133/1344
f 1558/1153/497 1559/1154/497 1560/1155/497
f 1559/1154/497 1558/1153/497 1561/1156/497
f 1561/1156/497 1558/1153/497 1562/1157/497
f 1563/1158/497 1559/1154/497 1561/1156/497
f 1559/1154/497 1563/1158/497 1564/1159/497
f 1563/1158/497 1561/1156/497 1565/1160/497
f 1566/1161/497 1567/1140/497 1568/1139/497
f 1567/1140/497 1566/1161/497 1569/1162/497
f 1568/1139/497 1570/1163/497 1566/1161/497
f 1571/1164/497 1567/1140/497 1569/1162/497
f 1568/1139/497 1572/1137/497 1570/1163/497
f 1567/1140/497 1571/1164/497 1573/1146/497
f 1574/1145/497 1570/1163/497 1572/1137/497
f 1575/1148/497 1573/1146/497 1571/1164/497
f 1570/1163/497 1574/1145/497 1576/1165/497
f 1575/1148/497 1571/1164/497 1577/1166/497
f 1578/1147/497 1576/1165/497 1574/1145/497
f 1579/1167/497 1575/1148/497 1577/1166/497
f 1576/1165/497 1578/1147/497 1580/1168/497
f 1579/1167/497 1580/1168/497 1578/1147/497
f 1575/1148/497 1579/1167/497 1581/1152/497
f 1578/1147/497 1581/1152/497 1579/1167/497
f 1586/1123/1346 1582/1125/1343 1584/1126/1343
f 1585/1121/1333 1583/1122/1333 1586/1123/1346
f 1582/1125/1343 1586/1123/1346 1587/1124/1346
f 1586/1123/1346 1583/1122/1333 1587/1124/1346
f 1588/1129/1344 1589/1127/193 1590/1128/1344
f 1589/1127/193 1588/1129/1344 1591/1130/193
f 1592/1131/1335 1589/1127/193 1591/1130/193
f 1592/1131/1335 1591/1130/193 1593/1132/1335
f 1597/1127/193 1595/1135/1344 1594/1136/1344
f 1595/1135/1344 1597/1127/193 1599/1123/193
f 1599/1123/193 1598/1133/1335 1596/1134/1335
f 1598/1133/1335 1599/1123/193 1597/1127/193
