# Blender 5.1.2
# www.blender.org
mtllib gunblade.mtl
o RenderMesh_109492916953075
v 0.658558 0.543545 0.151044
v 0.674360 0.543545 0.151044
v 0.666459 0.546818 0.151044
v 0.674360 0.527743 0.151044
v 0.677633 0.535644 0.151044
v 0.658558 0.527743 0.151044
v 0.655285 0.535644 0.151044
v 0.653027 0.504060 0.151044
v 0.679891 0.504060 0.151044
v 0.655285 0.535644 0.151044
v 0.658558 0.527743 0.156640
v 0.658558 0.527743 0.151044
v 0.653850 0.507584 0.156640
v 0.653027 0.504060 0.151044
v 0.653027 0.504060 0.156640
v 0.655285 0.535644 0.156640
v 0.658558 0.543545 0.151044
v 0.658558 0.543545 0.156640
v 0.665754 0.546526 0.156640
v 0.666459 0.546818 0.151044
v 0.666459 0.546818 0.156640
v 0.666459 0.546818 0.151044
v 0.667164 0.546526 0.156640
v 0.666459 0.546818 0.156640
v 0.674360 0.543545 0.151044
v 0.674360 0.543545 0.156640
v 0.677633 0.535644 0.151044
v 0.677633 0.535644 0.156640
v 0.674360 0.527743 0.151044
v 0.674360 0.527743 0.156640
v 0.679068 0.507584 0.156640
v 0.679891 0.504060 0.151044
v 0.679891 0.504060 0.156640
v 0.653027 0.504060 0.151044
v 0.679891 0.504060 0.156640
v 0.679891 0.504060 0.151044
v 0.653027 0.504060 0.156640
vn 0.0004 0.0003 1.0000
vn 0.0005 0.0003 1.0000
vn -0.0000 -0.0000 1.0000
vn 1.0000 -0.0000 -0.0000
vn 0.9960 0.0893 -0.0000
vn 0.9738 -0.2274 -0.0000
vn 0.5982 -0.8014 -0.0000
vn 0.5982 -0.8013 -0.0000
vn 0.3827 -0.9239 -0.0000
vn 0.3824 -0.9240 -0.0000
vn -0.3827 -0.9239 -0.0000
vn -0.3824 -0.9240 -0.0000
vn -0.5983 -0.8013 -0.0000
vn -0.5982 -0.8013 -0.0000
vn -1.0000 -0.0000 -0.0000
vn -0.9960 0.0893 -0.0000
vn -0.9738 -0.2274 -0.0000
vn -0.0000 1.0000 -0.0000
vn 0.0005 1.0000 -0.0000
vt 0.000000 0.000000
s 1
f 1/1/1 2/1/1 3/1/2
f 1/1/1 4/1/3 2/1/1
f 2/1/1 4/1/3 5/1/1
f 1/1/1 6/1/1 4/1/3
f 6/1/1 1/1/1 7/1/1
f 8/1/1 4/1/3 6/1/1
f 8/1/1 9/1/1 4/1/3
f 10/1/4 11/1/5 12/1/5
f 13/1/6 12/1/5 11/1/5
f 12/1/5 13/1/6 14/1/6
f 14/1/6 13/1/6 15/1/6
f 11/1/5 10/1/4 16/1/4
f 17/1/7 16/1/4 10/1/4
f 16/1/4 17/1/7 18/1/8
f 17/1/7 19/1/9 18/1/8
f 19/1/9 17/1/7 20/1/9
f 20/1/9 21/1/10 19/1/9
f 22/1/11 23/1/11 24/1/12
f 23/1/11 22/1/11 25/1/13
f 25/1/13 26/1/14 23/1/11
f 27/1/15 26/1/14 25/1/13
f 26/1/14 27/1/15 28/1/15
f 29/1/16 28/1/15 27/1/15
f 28/1/15 29/1/16 30/1/16
f 29/1/16 31/1/17 30/1/16
f 31/1/17 29/1/16 32/1/17
f 32/1/17 33/1/17 31/1/17
f 34/1/18 35/1/18 36/1/19
f 35/1/18 34/1/18 37/1/19
o RenderMesh_115500166288120
v -3.326808 0.633671 0.031921
v -3.326808 0.601883 0.045087
v -3.326808 0.601883 0.062241
v -3.326808 0.570094 0.031921
v -3.326808 0.645801 0.044049
v -3.326808 0.557965 0.044049
v -3.326808 0.646838 0.000131
v -3.326808 0.539774 0.000131
v -3.326808 0.663992 0.000131
v -3.326808 0.556927 0.000131
v -3.326808 0.645801 -0.043786
v -3.326808 0.570094 -0.031656
v -3.326808 0.633671 -0.031656
v -3.326808 0.557965 -0.043786
v -3.326808 0.601883 -0.061976
v -3.326808 0.601883 -0.044824
v -3.326808 0.601883 0.062241
v -3.312223 0.656963 0.055213
v -3.326808 0.645801 0.044049
v -3.312223 0.601883 0.078029
v -3.312223 0.679779 0.000131
v -3.312223 0.546802 0.055213
v -3.326808 0.663992 0.000131
v -3.326808 0.557965 0.044049
v -3.326808 0.645801 -0.043786
v -3.312223 0.523986 0.000131
v -3.312223 0.656963 -0.054949
v -3.326808 0.539774 0.000131
v -3.326808 0.601883 -0.061976
v -3.326808 0.557965 -0.043786
v -3.312223 0.601883 -0.077765
v -3.312223 0.546802 -0.054949
v -3.234107 0.633671 0.031921
v -3.326808 0.601883 0.045087
v -3.326808 0.633671 0.031921
v -3.234107 0.646838 0.000131
v -3.234107 0.601883 0.045087
v -3.326808 0.570094 0.031921
v -3.326808 0.646838 0.000131
v -3.234107 0.570094 0.031921
v -3.326808 0.556927 0.000131
v -3.234107 0.556927 0.000131
v -3.326808 0.570094 -0.031656
v -3.234107 0.633671 -0.031656
v -3.326808 0.633671 -0.031656
v -3.234107 0.601883 -0.044824
v -3.326808 0.601883 -0.044824
v -3.234107 0.570094 -0.031656
v -3.186808 0.546802 0.055213
v -3.186808 0.523986 0.000131
v -3.161608 0.508407 0.000131
v -3.186808 0.546802 -0.054949
v -3.161608 0.535786 0.066229
v -3.161608 0.535786 -0.065966
v -3.161608 0.601883 0.093608
v -3.161608 0.601883 -0.093344
v -3.186808 0.601883 0.078029
v -3.186808 0.601883 -0.077765
v -3.186808 0.656963 0.055213
v -3.186808 0.656963 -0.054949
v -3.161608 0.667980 0.066229
v -3.161608 0.667980 -0.065966
v -3.161608 0.695358 0.000131
v -3.186808 0.679779 0.000131
v -3.151579 0.194118 0.041022
v -3.151579 0.547670 -0.039209
v -3.151579 0.194118 -0.039209
v -3.151579 0.547670 0.041022
v 1.731886 -0.389921 -0.144904
v 1.434793 -0.389921 0.144904
v 1.434793 -0.389921 -0.144904
v 1.396661 -0.358245 0.144904
v 1.396660 -0.358245 -0.144904
v 1.731886 -0.389921 0.144904
v 1.797906 -0.290891 0.144904
v 1.797906 -0.290891 -0.144904
v 1.797906 0.115153 -0.144904
v 1.797906 0.115153 0.144904
v 1.797906 0.219686 -0.144904
v 1.797906 0.219686 0.144904
v 1.797906 0.324218 -0.144904
v 1.797906 0.324218 0.144904
v 1.797906 0.428751 -0.144904
v 1.797906 0.428751 0.144904
v 1.291000 0.546891 -0.100000
v 1.291000 0.546891 0.100001
v 1.291000 0.372220 0.100001
v 1.291000 0.372220 -0.100000
v 1.291000 0.572220 0.074671
v 1.291000 0.572220 -0.074671
v 1.716975 -0.356067 -0.177446
v 1.434793 -0.389921 -0.144904
v 1.434793 -0.357067 -0.177446
v 1.396660 -0.327562 -0.177446
v 1.396660 -0.358245 -0.144904
v 1.731886 -0.389921 -0.144904
v 1.797906 -0.290891 -0.144904
v 1.775991 -0.265270 -0.177446
v 1.797906 0.115153 -0.144904
v 1.774350 0.115153 -0.177446
v 1.797906 0.219686 -0.144904
v 1.773265 0.219686 -0.177446
v 1.797906 0.324218 -0.144904
v 1.772646 0.324218 -0.177446
v 1.772445 0.398268 -0.177446
v 1.797906 0.428751 -0.144904
v 1.434793 -0.389921 0.144904
v 1.731886 -0.389921 0.144904
v 1.716975 -0.356067 0.177444
v 1.797906 -0.290891 0.144904
v 1.434793 -0.357067 0.177444
v 1.396661 -0.358245 0.144904
v 1.396661 -0.327562 0.177446
v 1.775991 -0.265270 0.177444
v 1.797906 0.115153 0.144904
v 1.774351 0.115153 0.177444
v 1.773265 0.219686 0.177444
v 1.797906 0.219686 0.144904
v 1.772646 0.324218 0.177444
v 1.797906 0.324218 0.144904
v 1.772445 0.398268 0.177444
v 1.797906 0.428751 0.144904
v -1.975390 0.656963 -0.054949
v -1.946977 0.696137 0.000131
v -1.946977 0.668531 -0.066517
v -1.946977 0.601883 -0.094122
v -1.975390 0.679779 0.000131
v -1.975390 0.601883 -0.077765
v -1.975390 0.656963 0.055213
v -1.975390 0.546802 -0.054949
v -1.946977 0.668531 0.066781
v -1.946977 0.535235 -0.066517
v -1.946977 0.601883 0.094386
v -1.946977 0.507628 0.000131
v -1.975390 0.601883 0.078029
v -1.975390 0.523986 0.000131
v -1.975390 0.546802 0.055213
v -1.946977 0.535235 0.066781
v 0.781000 0.169728 -0.083246
v 0.781000 0.414504 -0.083246
v 0.781000 0.414504 0.083247
v 0.781000 0.169728 0.083247
v 0.781000 0.029729 -0.083246
v 0.781000 0.029729 0.083247
v 0.781000 0.169728 0.083247
v 0.765525 0.399029 0.098723
v 0.765525 0.169728 0.098723
v 0.781000 0.414504 0.083247
v 0.765525 0.045204 0.098723
v 0.781000 0.029729 0.083247
v 0.781000 0.169728 -0.083246
v 0.765525 0.399029 -0.098722
v 0.781000 0.414504 -0.083246
v 0.765525 0.169728 -0.098722
v 0.765525 0.045204 -0.098722
v 0.781000 0.029729 -0.083246
v 0.372866 0.797649 0.143458
v 0.422800 0.818333 0.113414
v 0.372866 0.797649 0.113414
v 0.422800 0.818333 0.143458
v 0.352183 0.747717 0.143458
v 0.472734 0.797649 0.113414
v 0.352183 0.747717 0.113414
v 0.472734 0.797649 0.143458
v 0.372866 0.697782 0.143458
v 0.493418 0.747717 0.113414
v 0.372866 0.697782 0.113414
v 0.493418 0.747717 0.143458
v 0.422800 0.677097 0.143458
v 0.472734 0.697782 0.113414
v 0.422800 0.677097 0.113414
v 0.472734 0.697782 0.143458
v 0.422336 0.829419 0.021650
v 0.422336 0.846042 -0.000000
v 0.422336 0.834832 0.027063
v 0.422336 0.838388 -0.000000
v 0.422336 0.807769 0.030618
v 0.422336 0.829419 -0.021650
v 0.422336 0.807769 0.038273
v 0.422336 0.834832 -0.027062
v 0.422336 0.780706 0.027063
v 0.422336 0.807769 -0.030618
v 0.422336 0.786120 0.021650
v 0.422336 0.807769 -0.038273
v 0.422336 0.775101 0.013532
v 0.422336 0.780706 -0.027062
v 0.422336 0.786120 -0.021650
v 0.422336 0.775101 -0.013532
v 0.422336 0.777150 -0.000000
v 0.422336 0.739021 0.013532
v 0.422336 0.739021 -0.013532
v -1.212554 0.656963 -0.054949
v -1.182554 0.601883 -0.087734
v -1.212554 0.601883 -0.077765
v -1.212554 0.546802 -0.054949
v -1.182554 0.664014 -0.061999
v -1.182554 0.539752 -0.061999
v -1.182554 0.689749 0.000131
v -1.182554 0.514016 0.000131
v -1.212554 0.679779 0.000131
v -1.212554 0.523986 0.000131
v -1.212554 0.656963 0.055213
v -1.212554 0.546802 0.055213
v -1.182554 0.664014 0.062262
v -1.182554 0.539752 0.062262
v -1.182554 0.601883 0.087999
v -1.212554 0.601883 0.078029
v -1.156507 0.502220 -0.112000
v -1.156507 0.502220 0.112001
v -1.176507 0.617470 -0.112000
v -1.176507 0.617470 0.112001
v 0.473493 0.732220 -0.112000
v 0.473493 0.732220 0.112001
v 0.733493 0.562220 -0.112000
v 0.733493 0.562220 0.112001
v 0.703356 0.364065 0.123306
v 1.587047 0.362189 0.123500
v 0.703356 0.364065 -0.123305
v 1.587047 0.362189 -0.123499
v 0.498267 0.157054 -0.123429
v 1.588922 0.203116 0.123306
v 0.498267 0.157054 0.123430
v 1.588922 0.203116 -0.123305
v 0.639578 -0.047374 0.123312
v 1.484387 0.098580 0.123306
v 0.639578 -0.047374 -0.123311
v 1.484387 0.098580 -0.123305
v 0.730235 -0.055358 -0.123311
v 0.884275 0.098850 0.123938
v 0.730235 -0.055358 0.123312
v 0.884275 0.098850 -0.123937
v -1.116507 0.672721 -0.112000
v -1.116507 0.672721 0.112001
v -1.056507 0.732220 -0.112000
v -1.056507 0.732220 0.112001
v -2.839713 0.402732 -0.039209
v -2.787735 0.428828 -0.039209
v -2.787735 0.428828 0.041022
v -2.839713 0.402732 0.041022
v -2.839713 0.281091 0.041022
v -2.839713 0.281091 -0.039209
v -2.735757 0.402732 0.041022
v -2.735757 0.402732 -0.039209
v -2.735757 0.259090 -0.039209
v -2.735757 0.259090 0.041022
v -1.176507 0.617470 -0.112000
v -1.176507 0.617470 0.112001
v -1.116507 0.672721 -0.112000
v -1.116507 0.672721 0.112001
v -0.959726 0.791609 -0.009160
v -0.952275 0.824294 0.001709
v -0.952275 0.824294 -0.001709
v -0.959726 0.791609 0.009160
v -0.975276 0.731402 -0.025392
v -0.975276 0.792046 -0.015277
v -0.975276 0.792046 -0.025392
v -0.975276 0.831126 -0.027148
v -0.975276 0.827665 -0.036653
v -0.975276 0.792046 0.015277
v -0.975276 0.731402 0.025392
v -0.975276 0.792046 0.025392
v -0.975276 0.831126 0.027149
v -0.975276 0.827665 0.036654
v 0.781000 0.029729 0.083247
v 0.221000 0.029729 0.083247
v 0.781000 0.029729 -0.083246
v 0.221000 0.029729 -0.083246
v -0.779000 0.289728 -0.083246
v -0.719000 0.189728 -0.083246
v -0.719000 0.189728 0.083247
v -0.779000 0.289728 0.083247
v -1.385023 0.198809 -0.054000
v -0.665776 0.198809 -0.054000
v -0.665776 0.198809 0.054001
v -1.385023 0.198809 0.054001
v -1.564709 0.380508 0.054001
v -1.564709 0.380508 -0.054000
v 0.765525 0.045204 -0.098722
v 0.221000 0.029729 -0.083246
v 0.227410 0.045204 -0.098722
v 0.781000 0.029729 -0.083246
v 0.221000 0.029729 0.083247
v 0.781000 0.029729 0.083247
v 0.765525 0.045204 0.098723
v 0.227410 0.045204 0.098723
v -0.710718 0.205204 0.098723
v -0.760401 0.289728 0.098723
v -0.779000 0.289728 0.083247
v -0.719000 0.189728 0.083247
v -0.779000 0.289728 -0.083246
v -0.710718 0.205204 -0.098722
v -0.719000 0.189728 -0.083246
v -0.760401 0.289728 -0.098722
v -0.948857 0.824294 -0.001709
v -0.952275 0.824294 -0.001709
v -0.952275 0.824294 0.001709
v -0.948857 0.824294 0.001709
v -0.930544 0.827665 -0.036653
v -0.975276 0.827665 -0.036653
v -0.975276 0.831126 -0.027148
v -0.930544 0.831126 -0.027148
v -0.930544 0.831126 0.027149
v -0.975276 0.831126 0.027149
v -0.975276 0.827665 0.036654
v -0.930544 0.827665 0.036654
v -0.665776 0.198809 0.054001
v -1.375915 0.216115 0.072000
v -1.385023 0.198809 0.054001
v -0.665776 0.216141 0.072000
v -1.564709 0.380508 0.054001
v -1.550912 0.393036 0.072000
v -1.375915 0.216115 -0.071999
v -0.665776 0.216141 -0.071999
v -0.665776 0.198809 -0.054000
v -1.385023 0.198809 -0.054000
v -1.564709 0.380508 -0.054000
v -1.550912 0.393036 -0.071999
v 0.407026 0.834832 0.027063
v 0.422336 0.846042 -0.000000
v 0.407026 0.846042 -0.000000
v 0.422336 0.834832 -0.027062
v 0.422336 0.834832 0.027063
v 0.407026 0.834832 -0.027062
v 0.407026 0.807769 0.038273
v 0.422336 0.807769 -0.038273
v 0.422336 0.807769 0.038273
v 0.407026 0.807769 -0.038273
v 0.407026 0.780706 0.027063
v 0.422336 0.780706 -0.027062
v 0.422336 0.780706 0.027063
v 0.407026 0.780706 -0.027062
v 0.407026 0.775101 0.013532
v 0.422336 0.775101 -0.013532
v 0.422336 0.775101 0.013532
v 0.407026 0.739021 0.013532
v 0.422336 0.739021 0.013532
v 0.407026 0.775101 -0.013532
v 0.422336 0.739021 -0.013532
v 0.407026 0.739021 -0.013532
v -0.930544 0.792046 -0.015277
v -0.975276 0.792046 -0.015277
v -0.975276 0.792046 0.015277
v -0.930544 0.792046 0.015277
v -0.719000 0.189728 -0.083246
v 0.061000 0.189728 -0.083246
v 0.061000 0.189728 0.083247
v -0.719000 0.189728 0.083247
v -3.151579 0.194118 -0.039209
v -3.047623 0.194118 -0.039209
v -3.047623 0.194118 0.041022
v -3.151579 0.194118 0.041022
v 0.372720 0.771683 -0.105747
v 0.414681 0.789064 -0.032937
v 0.414681 0.789064 -0.105747
v 0.456642 0.771683 -0.105747
v 0.372919 0.771764 -0.029027
v 0.456444 0.771764 -0.029027
v 0.355339 0.729721 -0.105747
v 0.474023 0.729721 -0.105747
v 0.364277 0.751298 -0.020549
v 0.465086 0.751298 -0.020549
v 0.360751 0.742785 -0.000000
v 0.468612 0.742785 -0.000000
v 0.355339 0.729721 0.105747
v 0.474023 0.729721 0.105747
v 0.364277 0.751298 0.020549
v 0.465086 0.751298 0.020549
v 0.372919 0.771764 0.029027
v 0.456444 0.771764 0.029027
v 0.372720 0.771683 0.105747
v 0.456642 0.771683 0.105747
v 0.414681 0.789064 0.032938
v 0.414681 0.789064 0.105747
v -0.992800 0.772275 -0.105747
v -0.950839 0.789655 -0.032937
v -0.950839 0.789655 -0.105747
v -0.908877 0.772275 -0.105747
v -0.992601 0.772355 -0.029027
v -0.909076 0.772355 -0.029027
v -1.010180 0.730311 -0.105747
v -0.891496 0.730311 -0.105747
v -1.001243 0.751888 -0.020549
v -0.900433 0.751888 -0.020549
v -1.004769 0.743376 -0.000000
v -0.896908 0.743376 -0.000000
v -1.010180 0.730311 0.105747
v -0.891496 0.730311 0.105747
v -1.001243 0.751888 0.020549
v -0.900433 0.751888 0.020549
v -0.992601 0.772355 0.029027
v -0.909076 0.772355 0.029027
v -0.992800 0.772275 0.105747
v -0.908877 0.772275 0.105747
v -0.950839 0.789655 0.032938
v -0.950839 0.789655 0.105747
v 0.456444 0.771764 0.029027
v 0.372919 0.771764 0.029027
v 0.414681 0.789064 0.032938
v 0.364277 0.751298 0.020549
v 0.465086 0.751298 0.020549
v 0.360751 0.742785 -0.000000
v 0.468612 0.742785 -0.000000
v 0.465086 0.751298 -0.020549
v 0.364277 0.751298 -0.020549
v 0.456444 0.771764 -0.029027
v 0.372919 0.771764 -0.029027
v 0.414681 0.789064 -0.032937
v -0.909076 0.772355 0.029027
v -0.992601 0.772355 0.029027
v -0.950839 0.789655 0.032938
v -1.001243 0.751888 0.020549
v -0.900433 0.751888 0.020549
v -0.896908 0.743376 -0.000000
v -1.004769 0.743376 -0.000000
v -1.001243 0.751888 -0.020549
v -0.900433 0.751888 -0.020549
v -0.909076 0.772355 -0.029027
v -0.992601 0.772355 -0.029027
v -0.950839 0.789655 -0.032937
v 0.061000 0.189728 0.083247
v -0.710718 0.205204 0.098723
v -0.719000 0.189728 0.083247
v 0.067410 0.205204 0.098723
v -0.710718 0.205204 -0.098722
v 0.067410 0.205204 -0.098722
v 0.061000 0.189728 -0.083246
v -0.719000 0.189728 -0.083246
v 0.473493 0.732220 -0.112000
v 0.273493 0.732220 -0.112000
v 0.273493 0.732220 0.112001
v 0.473493 0.732220 0.112001
v -0.856507 0.732220 -0.112000
v -1.056507 0.732220 -0.112000
v -1.056507 0.732220 0.112001
v -0.856507 0.732220 0.112001
v 0.955588 -0.315510 -0.090000
v 1.571000 -0.315510 -0.090000
v 1.571000 -0.315510 0.090001
v 0.955588 -0.315510 0.090001
v 0.656111 -0.012679 0.090001
v 0.656111 -0.012679 -0.090000
v 1.571000 -0.315510 0.090001
v 0.970768 -0.286667 0.120000
v 0.955588 -0.315510 0.090001
v 1.571000 -0.286622 0.120000
v 0.656111 -0.012679 0.090001
v 0.679106 0.008202 0.120000
v 0.970768 -0.286667 -0.119999
v 1.571000 -0.286622 -0.119999
v 1.571000 -0.315510 -0.090000
v 0.955588 -0.315510 -0.090000
v 0.656111 -0.012679 -0.090000
v 0.679106 0.008202 -0.119999
v -2.735757 0.259090 -0.039209
v -2.631802 0.259090 -0.039209
v -2.631802 0.259090 0.041022
v -2.735757 0.259090 0.041022
v -2.943668 0.281091 -0.039209
v -2.839713 0.281091 -0.039209
v -2.839713 0.281091 0.041022
v -2.943668 0.281091 0.041022
v -0.699000 0.414504 0.083247
v -0.779000 0.289728 0.083247
v -0.760401 0.289728 0.098723
v -0.690718 0.399029 0.098723
v -0.699000 0.414504 -0.083246
v -0.760401 0.289728 -0.098722
v -0.779000 0.289728 -0.083246
v -0.690718 0.399029 -0.098722
v -0.699000 0.414504 -0.083246
v -0.779000 0.289728 -0.083246
v -0.779000 0.289728 0.083247
v -0.699000 0.414504 0.083247
v 1.434793 -0.357067 0.177444
v 1.583106 -0.136807 0.177444
v 1.434793 -0.135537 0.177444
v 1.396661 -0.327562 0.177446
v 1.396661 -0.135072 0.177446
v 1.716975 -0.356067 0.177444
v 1.775991 -0.265270 0.177444
v 1.614730 -0.058831 0.177444
v 1.774351 0.115153 0.177444
v 1.616753 0.115153 0.177444
v 1.773265 0.219686 0.177444
v 1.524730 0.219686 0.177444
v 1.525558 0.324218 0.177444
v 1.772646 0.324218 0.177444
v 1.635131 0.398268 0.177444
v 1.772445 0.398268 0.177444
v 1.583105 -0.136807 -0.177446
v 1.434793 -0.357067 -0.177446
v 1.434793 -0.135537 -0.177446
v 1.396660 -0.327562 -0.177446
v 1.396660 -0.135072 -0.177446
v 1.716975 -0.356067 -0.177446
v 1.775991 -0.265270 -0.177446
v 1.614729 -0.058831 -0.177446
v 1.774350 0.115153 -0.177446
v 1.616752 0.115153 -0.177446
v 1.773265 0.219686 -0.177446
v 1.524729 0.219686 -0.177446
v 1.525558 0.324218 -0.177446
v 1.772646 0.324218 -0.177446
v 1.635131 0.398268 -0.177446
v 1.772445 0.398268 -0.177446
v 0.482163 0.747717 -0.152369
v 0.422800 0.807079 -0.152369
v 0.464776 0.789692 -0.152369
v 0.363437 0.747717 -0.152369
v 0.380824 0.789692 -0.152369
v 0.380824 0.705740 -0.152369
v 0.464776 0.705740 -0.152369
v 0.422800 0.688352 -0.152369
v 0.422800 0.807079 0.152371
v 0.482163 0.747717 0.152371
v 0.464776 0.789692 0.152371
v 0.363437 0.747717 0.152371
v 0.380824 0.789692 0.152371
v 0.380824 0.705740 0.152371
v 0.464776 0.705740 0.152371
v 0.422800 0.688352 0.152371
v -0.916922 0.706338 -0.152369
v -1.000873 0.790290 -0.152369
v -0.916922 0.790290 -0.152369
v -0.958897 0.807677 -0.152369
v -0.899534 0.748314 -0.152369
v -1.000873 0.706338 -0.152369
v -1.018261 0.748314 -0.152369
v -0.958897 0.688950 -0.152369
v -0.916922 0.790290 0.152371
v -0.958897 0.807677 0.152371
v -1.000873 0.790290 0.152371
v -0.916922 0.706338 0.152371
v -0.899534 0.748314 0.152371
v -1.000873 0.706338 0.152371
v -1.018261 0.748314 0.152371
v -0.958897 0.688950 0.152371
v 0.380824 0.789692 -0.152369
v 0.422800 0.818333 -0.143458
v 0.422800 0.807079 -0.152369
v 0.464776 0.789692 -0.152369
v 0.372866 0.797649 -0.143458
v 0.472734 0.797649 -0.143458
v 0.363437 0.747717 -0.152369
v 0.482163 0.747717 -0.152369
v 0.352183 0.747717 -0.143458
v 0.493418 0.747717 -0.143458
v 0.380824 0.705740 -0.152369
v 0.464776 0.705740 -0.152369
v 0.372866 0.697782 -0.143458
v 0.472734 0.697782 -0.143458
v 0.422800 0.688352 -0.152369
v 0.422800 0.677097 -0.143458
v 0.422800 0.818333 0.143458
v 0.380824 0.789692 0.152371
v 0.422800 0.807079 0.152371
v 0.464776 0.789692 0.152371
v 0.372866 0.797649 0.143458
v 0.472734 0.797649 0.143458
v 0.363437 0.747717 0.152371
v 0.482163 0.747717 0.152371
v 0.352183 0.747717 0.143458
v 0.493418 0.747717 0.143458
v 0.380824 0.705740 0.152371
v 0.464776 0.705740 0.152371
v 0.372866 0.697782 0.143458
v 0.472734 0.697782 0.143458
v 0.422800 0.688352 0.152371
v 0.422800 0.677097 0.143458
v -1.000873 0.790290 -0.152369
v -0.958897 0.818931 -0.143458
v -0.958897 0.807677 -0.152369
v -1.008831 0.798248 -0.143458
v -0.908964 0.798248 -0.143458
v -1.018261 0.748314 -0.152369
v -0.916922 0.790290 -0.152369
v -1.029515 0.748314 -0.143458
v -0.899534 0.748314 -0.152369
v -1.008831 0.698380 -0.143458
v -0.888280 0.748314 -0.143458
v -1.000873 0.706338 -0.152369
v -0.908964 0.698380 -0.143458
v -0.958897 0.688950 -0.152369
v -0.916922 0.706338 -0.152369
v -0.958897 0.677696 -0.143458
v -0.958897 0.818931 0.143458
v -1.000873 0.790290 0.152371
v -0.958897 0.807677 0.152371
v -1.008831 0.798248 0.143458
v -0.908964 0.798248 0.143458
v -1.018261 0.748314 0.152371
v -0.916922 0.790290 0.152371
v -1.029515 0.748314 0.143458
v -0.899534 0.748314 0.152371
v -1.008831 0.698380 0.143458
v -0.888280 0.748314 0.143458
v -1.000873 0.706338 0.152371
v -0.908964 0.698380 0.143458
v -0.958897 0.688950 0.152371
v -0.916922 0.706338 0.152371
v -0.958897 0.677696 0.143458
v 0.874966 0.121323 -0.140400
v 1.566180 0.341323 -0.140400
v 1.474967 0.121323 -0.140400
v 1.566180 0.212536 -0.140400
v 0.712776 0.341323 -0.140400
v 0.526059 0.154605 -0.140400
v 0.652062 -0.025794 -0.140400
v 0.721715 -0.031929 -0.140400
v 0.526059 0.154605 0.140400
v 0.874966 0.121323 0.140400
v 0.712776 0.341323 0.140400
v 0.652062 -0.025794 0.140400
v 0.721715 -0.031929 0.140400
v 1.566180 0.341323 0.140400
v 1.474967 0.121323 0.140400
v 1.566180 0.212536 0.140400
v 1.588922 0.203116 0.123306
v 1.566180 0.341323 0.140400
v 1.566180 0.212536 0.140400
v 1.474967 0.121323 0.140400
v 1.587047 0.362189 0.123500
v 1.484387 0.098580 0.123306
v 0.703356 0.364065 0.123306
v 0.884275 0.098850 0.123938
v 0.712776 0.341323 0.140400
v 0.874966 0.121323 0.140400
v 0.526059 0.154605 0.140400
v 0.721715 -0.031929 0.140400
v 0.498267 0.157054 0.123430
v 0.730235 -0.055358 0.123312
v 0.639578 -0.047374 0.123312
v 0.652062 -0.025794 0.140400
v 1.566180 0.341323 -0.140400
v 1.588922 0.203116 -0.123305
v 1.566180 0.212536 -0.140400
v 1.474967 0.121323 -0.140400
v 1.587047 0.362189 -0.123499
v 1.484387 0.098580 -0.123305
v 0.703356 0.364065 -0.123305
v 0.884275 0.098850 -0.123937
v 0.712776 0.341323 -0.140400
v 0.874966 0.121323 -0.140400
v 0.526059 0.154605 -0.140400
v 0.721715 -0.031929 -0.140400
v 0.498267 0.157054 -0.123429
v 0.730235 -0.055358 -0.123311
v 0.639578 -0.047374 -0.123311
v 0.652062 -0.025794 -0.140400
v -0.572262 0.415306 -0.129999
v -1.430730 0.415306 -0.129999
v -0.657179 0.520262 -0.129999
v -1.820470 0.520262 -0.129999
v -1.820364 0.391965 -0.129999
v -1.537607 0.315306 -0.129999
v -1.753580 0.315306 -0.129999
v -0.604455 0.470544 -0.129999
v -0.567872 0.424387 -0.129999
v -0.591581 0.566653 -0.129999
v -0.552029 0.545560 -0.129999
v -0.169000 0.545560 -0.129999
v 0.204029 0.545560 -0.129999
v 0.712043 0.566653 -0.129999
v 0.464294 0.415306 -0.129999
v 0.256455 0.470544 -0.129999
v 0.224262 0.415306 -0.129999
v 0.219872 0.424387 -0.129999
v 0.689059 0.375307 -0.129999
v 0.544294 0.345306 -0.129999
v 0.659059 0.345306 -0.129999
v 0.872089 0.456653 -0.129999
v 1.153972 0.456653 -0.129999
v 1.577659 0.375307 -0.129999
v 1.284734 0.566653 -0.129999
v 1.432713 0.566653 -0.129999
v 1.577659 0.448884 -0.129999
v 1.284734 0.566653 0.130001
v 1.577659 0.375307 0.130001
v 1.432713 0.566653 0.130001
v 1.577659 0.448884 0.130001
v 1.153972 0.456653 0.130001
v 0.689059 0.375307 0.130001
v 0.872089 0.456653 0.130001
v 0.712043 0.566653 0.130001
v 0.544294 0.345306 0.130001
v 0.659059 0.345306 0.130001
v 0.464294 0.415306 0.130001
v 0.204029 0.545560 0.130001
v 0.256455 0.470544 0.130001
v 0.224262 0.415306 0.130001
v 0.219872 0.424387 0.130001
v -0.591581 0.566653 0.130001
v -0.169000 0.545560 0.130001
v -0.552029 0.545560 0.130001
v -0.604455 0.470544 0.130001
v -0.657179 0.520262 0.130001
v -0.572262 0.415306 0.130001
v -0.567872 0.424387 0.130001
v -1.430730 0.415306 0.130001
v -1.820470 0.520262 0.130001
v -1.820364 0.391965 0.130001
v -1.537607 0.315306 0.130001
v -1.753580 0.315306 0.130001
v 1.571000 -0.286622 -0.119999
v 1.040330 -0.154499 -0.119999
v 1.571000 -0.154539 -0.119999
v 0.970768 -0.286667 -0.119999
v 0.679106 0.008202 -0.119999
v 0.792179 0.110879 -0.119999
v 1.571000 -0.154539 0.120000
v 1.040330 -0.154499 0.120000
v 1.571000 -0.286622 0.120000
v 0.970768 -0.286667 0.120000
v 0.679106 0.008202 0.120000
v 0.792179 0.110879 0.120000
v -0.599000 0.589994 -0.106659
v 0.721000 0.589994 -0.106659
v 0.712043 0.566653 -0.129999
v 0.878358 0.479994 -0.106659
v -0.591581 0.566653 -0.129999
v 0.872089 0.456653 -0.129999
v -0.664599 0.543603 -0.106659
v 1.144358 0.479994 -0.106659
v -0.657179 0.520262 -0.129999
v 1.153972 0.456653 -0.129999
v -1.820470 0.520262 -0.129999
v 1.284734 0.566653 -0.129999
v -1.846456 0.543603 -0.106659
v 1.271000 0.589994 -0.106659
v -1.846456 0.391965 -0.106659
v 1.441000 0.589994 -0.106659
v -1.820364 0.391965 -0.129999
v 1.432713 0.566653 -0.129999
v -1.759579 0.291966 -0.106659
v 1.577659 0.448884 -0.129999
v -1.753580 0.315306 -0.129999
v 1.601000 0.459993 -0.106659
v -1.537607 0.315306 -0.129999
v 1.577659 0.375307 -0.129999
v -1.528390 0.291966 -0.106659
v 1.601000 0.351966 -0.106659
v -1.421513 0.391965 -0.106659
v 0.695524 0.351966 -0.106659
v -1.430730 0.415306 -0.129999
v 0.689059 0.375307 -0.129999
v -0.572262 0.415306 -0.129999
v 0.659059 0.345306 -0.129999
v -0.557620 0.391965 -0.106659
v 0.665524 0.321966 -0.106659
v -0.567872 0.424387 -0.129999
v 0.544294 0.345306 -0.129999
v -0.540485 0.427411 -0.106659
v 0.535524 0.321966 -0.106659
v -0.576000 0.472220 -0.106659
v 0.455524 0.391965 -0.106659
v -0.604455 0.470544 -0.129999
v 0.464294 0.415306 -0.129999
v -0.552029 0.545560 -0.129999
v 0.224262 0.415306 -0.129999
v -0.539000 0.522220 -0.106659
v 0.209620 0.391965 -0.106659
v -0.169000 0.545560 -0.129999
v 0.219872 0.424387 -0.129999
v -0.169000 0.522220 -0.106659
v 0.192485 0.427411 -0.106659
v 0.191000 0.522220 -0.106659
v 0.228000 0.472220 -0.106659
v 0.204029 0.545560 -0.129999
v 0.256455 0.470544 -0.129999
v -0.599000 0.589994 0.106660
v 0.712043 0.566653 0.130001
v 0.721000 0.589994 0.106660
v 0.878358 0.479994 0.106660
v -0.591581 0.566653 0.130001
v 0.872089 0.456653 0.130001
v -0.664599 0.543603 0.106660
v 1.144358 0.479994 0.106660
v -0.657179 0.520262 0.130001
v 1.153972 0.456653 0.130001
v -1.820470 0.520262 0.130001
v 1.284734 0.566653 0.130001
v -1.846456 0.543603 0.106660
v 1.271000 0.589994 0.106660
v -1.846456 0.391965 0.106660
v 1.441000 0.589994 0.106660
v -1.820364 0.391965 0.130001
v 1.432713 0.566653 0.130001
v -1.759579 0.291966 0.106660
v 1.577659 0.448884 0.130001
v -1.753580 0.315306 0.130001
v 1.601000 0.459993 0.106660
v -1.537607 0.315306 0.130001
v 1.577659 0.375307 0.130001
v -1.528390 0.291966 0.106660
v 1.601000 0.351966 0.106660
v -1.421513 0.391965 0.106660
v 0.695524 0.351966 0.106660
v -1.430730 0.415306 0.130001
v 0.689059 0.375307 0.130001
v -0.572262 0.415306 0.130001
v 0.659059 0.345306 0.130001
v -0.557620 0.391965 0.106660
v 0.665524 0.321966 0.106660
v -0.567872 0.424387 0.130001
v 0.544294 0.345306 0.130001
v -0.540485 0.427411 0.106660
v 0.535524 0.321966 0.106660
v -0.576000 0.472220 0.106660
v 0.455524 0.391965 0.106660
v -0.604455 0.470544 0.130001
v 0.464294 0.415306 0.130001
v -0.552029 0.545560 0.130001
v 0.224262 0.415306 0.130001
v -0.539000 0.522220 0.106660
v 0.209620 0.391965 0.106660
v -0.169000 0.545560 0.130001
v 0.219872 0.424387 0.130001
v -0.169000 0.522220 0.106660
v 0.192485 0.427411 0.106660
v 0.191000 0.522220 0.106660
v 0.228000 0.472220 0.106660
v 0.204029 0.545560 0.130001
v 0.256455 0.470544 0.130001
v 0.711000 0.372220 -0.100000
v 1.291000 0.372220 -0.100000
v 1.291000 0.372220 0.100001
v 0.711000 0.372220 0.100001
v 0.473493 0.732220 0.112001
v 0.213493 0.562220 0.112001
v 0.733493 0.562220 0.112001
v 0.273493 0.732220 0.112001
v 0.213493 0.672721 0.112001
v 0.273493 0.732220 -0.112000
v 0.213493 0.562220 -0.112000
v 0.213493 0.672721 -0.112000
v 0.473493 0.732220 -0.112000
v 0.733493 0.562220 -0.112000
v -3.206808 0.679779 0.000131
v -3.186808 0.656963 0.055213
v -3.186808 0.679779 0.000131
v -3.206808 0.656963 0.055213
v -3.186808 0.601883 0.078029
v -3.206808 0.656963 -0.054949
v -3.186808 0.656963 -0.054949
v -3.312223 0.679779 0.000131
v -3.312223 0.656963 -0.054949
v -3.312223 0.656963 0.055213
v -3.312223 0.601883 -0.077765
v -3.206808 0.601883 0.078029
v -3.186808 0.546802 0.055213
v -3.312223 0.601883 0.078029
v -3.206808 0.546802 0.055213
v -3.186808 0.523986 0.000131
v -3.312223 0.546802 0.055213
v -3.206808 0.523986 0.000131
v -3.186808 0.546802 -0.054949
v -3.312223 0.523986 0.000131
v -3.206808 0.546802 -0.054949
v -3.186808 0.601883 -0.077765
v -3.312223 0.546802 -0.054949
v -3.206808 0.601883 -0.077765
v 0.317445 0.601883 -0.087734
v -1.182554 0.539752 -0.061999
v -1.182554 0.601883 -0.087734
v 0.317445 0.539752 -0.061999
v 0.317445 0.664014 -0.061999
v -1.182554 0.514016 0.000131
v -1.182554 0.664014 -0.061999
v 0.317445 0.514016 0.000131
v 0.317445 0.689749 0.000131
v -1.182554 0.539752 0.062262
v -1.182554 0.689749 0.000131
v 0.317445 0.539752 0.062262
v 0.317445 0.664014 0.062262
v -1.182554 0.601883 0.087999
v -1.182554 0.664014 0.062262
v 0.317445 0.601883 0.087999
v 0.711000 0.546891 0.100001
v 1.291000 0.572220 0.074671
v 0.711000 0.572220 0.074671
v 1.291000 0.546891 0.100001
v 1.291000 0.546891 -0.100000
v 0.711000 0.546891 -0.100000
v 0.711000 0.572220 -0.074671
v 1.291000 0.572220 -0.074671
v -1.116507 0.672721 -0.112000
v -1.156507 0.502220 -0.112000
v -1.176507 0.617470 -0.112000
v -0.856507 0.732220 -0.112000
v -1.056507 0.732220 -0.112000
v -0.597686 0.502220 -0.112000
v -0.579500 0.568857 -0.112000
v -1.156507 0.502220 0.112001
v -0.856507 0.732220 0.112001
v -1.116507 0.672721 0.112001
v -1.176507 0.617470 0.112001
v -1.056507 0.732220 0.112001
v -0.597686 0.502220 0.112001
v -0.579500 0.568857 0.112001
v -2.622008 0.535786 0.066229
v -3.161608 0.535786 0.066229
v -2.622008 0.508407 0.000131
v -3.161608 0.508407 0.000131
v -3.161608 0.601883 0.093608
v -2.622008 0.535786 -0.065966
v -2.622008 0.601883 0.093608
v -3.161608 0.535786 -0.065966
v -3.161608 0.667980 0.066229
v -2.622008 0.601883 -0.093344
v -2.622008 0.667980 0.066229
v -3.161608 0.601883 -0.093344
v -3.161608 0.695358 0.000131
v -2.622008 0.667980 -0.065966
v -2.622008 0.695358 0.000131
v -3.161608 0.667980 -0.065966
v -1.753972 0.656963 -0.054949
v -1.212554 0.679779 0.000131
v -1.212554 0.656963 -0.054949
v -1.753972 0.679779 0.000131
v -1.753972 0.601883 -0.077765
v -1.212554 0.656963 0.055213
v -1.212554 0.601883 -0.077765
v -1.753972 0.656963 0.055213
v -1.753972 0.546802 -0.054949
v -1.212554 0.601883 0.078029
v -1.212554 0.546802 -0.054949
v -1.753972 0.601883 0.078029
v -1.753972 0.523986 0.000131
v -1.212554 0.546802 0.055213
v -1.212554 0.523986 0.000131
v -1.753972 0.546802 0.055213
v 1.291000 0.546891 -0.100000
v 0.711000 0.372220 -0.100000
v 0.711000 0.546891 -0.100000
v 1.291000 0.372220 -0.100000
v 1.291000 0.546891 0.100001
v 0.711000 0.546891 0.100001
v 1.291000 0.372220 0.100001
v 0.711000 0.372220 0.100001
v -0.710718 0.205204 -0.098722
v -0.690718 0.399029 -0.098722
v -0.577351 0.399029 -0.098722
v -0.760401 0.289728 -0.098722
v -0.492032 0.277675 -0.098722
v 0.067410 0.205204 -0.098722
v 0.161950 0.277675 -0.098722
v 0.227410 0.045204 -0.098722
v 0.481000 0.399029 -0.098722
v 0.247269 0.399029 -0.098722
v 0.765525 0.169728 -0.098722
v 0.765525 0.045204 -0.098722
v 0.765525 0.399029 -0.098722
v -0.710718 0.205204 0.098723
v -0.690718 0.399029 0.098723
v -0.760401 0.289728 0.098723
v -0.577351 0.399029 0.098723
v -0.492032 0.277675 0.098723
v 0.067410 0.205204 0.098723
v 0.161950 0.277675 0.098723
v 0.227410 0.045204 0.098723
v 0.481000 0.399029 0.098723
v 0.247269 0.399029 0.098723
v 0.765525 0.169728 0.098723
v 0.765525 0.045204 0.098723
v 0.765525 0.399029 0.098723
v 1.291000 0.572220 -0.074671
v 0.711000 0.572220 -0.074671
v 0.711000 0.572220 0.074671
v 1.291000 0.572220 0.074671
v -0.952275 0.824294 0.001709
v -0.959726 0.791609 0.009160
v -0.941406 0.791609 0.009160
v -0.948857 0.824294 0.001709
v -0.959726 0.791609 -0.009160
v -0.948857 0.824294 -0.001709
v -0.941406 0.791609 -0.009160
v -0.952275 0.824294 -0.001709
v -0.930544 0.831126 0.027149
v -0.975276 0.792046 0.015277
v -0.975276 0.831126 0.027149
v -0.930544 0.792046 0.015277
v -0.930544 0.831126 -0.027148
v -0.975276 0.792046 -0.015277
v -0.930544 0.792046 -0.015277
v -0.975276 0.831126 -0.027148
v -0.665776 0.216141 -0.071999
v -1.334178 0.295415 -0.071999
v -0.665776 0.295392 -0.071999
v -1.375915 0.216115 -0.071999
v -1.550912 0.393036 -0.071999
v -1.483068 0.454642 -0.071999
v -0.665776 0.295392 0.072000
v -1.334178 0.295415 0.072000
v -0.665776 0.216141 0.072000
v -1.375915 0.216115 0.072000
v -1.550912 0.393036 0.072000
v -1.483068 0.454642 0.072000
v -1.782385 0.535235 -0.066517
v -1.946977 0.535235 -0.066517
v -1.782385 0.601883 -0.094122
v -1.946977 0.601883 -0.094122
v -1.946977 0.507628 0.000131
v -1.782385 0.668531 -0.066517
v -1.782385 0.507628 0.000131
v -1.946977 0.668531 -0.066517
v -1.946977 0.535235 0.066781
v -1.782385 0.696137 0.000131
v -1.782385 0.535235 0.066781
v -1.946977 0.696137 0.000131
v -1.946977 0.601883 0.094386
v -1.782385 0.668531 0.066781
v -1.782385 0.601883 0.094386
v -1.946977 0.668531 0.066781
v 1.055588 -0.125509 0.090001
v 1.571000 -0.154539 0.120000
v 1.571000 -0.125509 0.090001
v 1.040330 -0.154499 0.120000
v 0.792179 0.110879 0.120000
v 0.815064 0.131661 0.090001
v 1.571000 -0.154539 -0.119999
v 1.040330 -0.154499 -0.119999
v 1.055588 -0.125509 -0.090000
v 1.571000 -0.125509 -0.090000
v 0.792179 0.110879 -0.119999
v 0.815064 0.131661 -0.090000
v -2.735757 0.402732 0.041022
v -2.631802 0.259090 0.041022
v -2.631802 0.547670 0.041022
v -2.735757 0.259090 0.041022
v -2.787735 0.428828 0.041022
v -2.995646 0.428828 0.041022
v -3.151579 0.547670 0.041022
v -2.943668 0.402732 0.041022
v -3.047623 0.402732 0.041022
v -3.151579 0.194118 0.041022
v -3.047623 0.194118 0.041022
v -2.839713 0.402732 0.041022
v -2.839713 0.281091 0.041022
v -2.943668 0.281091 0.041022
v -2.735757 0.402732 -0.039209
v -2.631802 0.259090 -0.039209
v -2.735757 0.259090 -0.039209
v -2.631802 0.547670 -0.039209
v -2.787735 0.428828 -0.039209
v -2.995646 0.428828 -0.039209
v -3.151579 0.547670 -0.039209
v -2.839713 0.402732 -0.039209
v -3.047623 0.402732 -0.039209
v -3.151579 0.194118 -0.039209
v -3.047623 0.194118 -0.039209
v -2.943668 0.402732 -0.039209
v -2.943668 0.281091 -0.039209
v -2.839713 0.281091 -0.039209
v -0.569500 0.414504 -0.083246
v -0.690718 0.399029 -0.098722
v -0.699000 0.414504 -0.083246
v -0.577351 0.399029 -0.098722
v -0.690718 0.399029 0.098723
v -0.577351 0.399029 0.098723
v -0.569500 0.414504 0.083247
v -0.699000 0.414504 0.083247
v 0.247269 0.399029 0.098723
v 0.481000 0.399029 0.098723
v 0.481000 0.414504 0.083247
v 0.239418 0.414504 0.083247
v 0.765525 0.399029 0.098723
v 0.781000 0.414504 0.083247
v 0.481000 0.414504 -0.083246
v 0.247269 0.399029 -0.098722
v 0.239418 0.414504 -0.083246
v 0.481000 0.399029 -0.098722
v 0.765525 0.399029 -0.098722
v 0.781000 0.414504 -0.083246
v 0.422336 0.807769 -0.030618
v 0.407026 0.829419 -0.021650
v 0.407026 0.807769 -0.030618
v 0.422336 0.829419 -0.021650
v 0.422336 0.786120 -0.021650
v 0.407026 0.838388 -0.000000
v 0.407026 0.786120 -0.021650
v 0.422336 0.838388 -0.000000
v 0.422336 0.777150 -0.000000
v 0.407026 0.829419 0.021650
v 0.407026 0.777150 -0.000000
v 0.422336 0.829419 0.021650
v 0.422336 0.786120 0.021650
v 0.407026 0.807769 0.030618
v 0.407026 0.786120 0.021650
v 0.422336 0.807769 0.030618
v -0.975276 0.731402 0.025392
v -0.930544 0.731402 0.025392
v -0.975276 0.792046 0.025392
v -0.930544 0.792046 0.025392
v -0.975276 0.827665 0.036654
v -0.930544 0.827665 0.036654
v -0.930544 0.792046 -0.025392
v -0.975276 0.731402 -0.025392
v -0.975276 0.792046 -0.025392
v -0.930544 0.731402 -0.025392
v -0.930544 0.827665 -0.036653
v -0.975276 0.827665 -0.036653
v -1.156507 0.502220 -0.112000
v -0.597686 0.502220 -0.112000
v -0.597686 0.502220 0.112001
v -1.156507 0.502220 0.112001
v -0.856507 0.732220 0.112001
v -0.579500 0.568857 -0.112000
v -0.856507 0.732220 -0.112000
v -0.579500 0.568857 0.112001
v 0.878358 0.479994 -0.106659
v 0.721000 0.589994 -0.106659
v 0.878358 0.479994 0.106660
v 0.721000 0.589994 0.106660
v 1.144358 0.479994 0.106660
v -0.599000 0.589994 0.106660
v 1.144358 0.479994 -0.106659
v -0.599000 0.589994 -0.106659
v 1.271000 0.589994 0.106660
v -0.664599 0.543603 -0.106659
v 1.271000 0.589994 -0.106659
v -0.664599 0.543603 0.106660
v 1.441000 0.589994 0.106660
v -1.846456 0.543603 0.106660
v 1.441000 0.589994 -0.106659
v -1.846456 0.543603 -0.106659
v 1.601000 0.459993 0.106660
v -1.846456 0.391965 -0.106659
v 1.601000 0.459993 -0.106659
v -1.846456 0.391965 0.106660
v 1.601000 0.351966 0.106660
v -1.759579 0.291966 -0.106659
v 1.601000 0.351966 -0.106659
v -1.759579 0.291966 0.106660
v 0.695524 0.351966 0.106660
v -1.528390 0.291966 -0.106659
v 0.695524 0.351966 -0.106659
v -1.528390 0.291966 0.106660
v 0.665524 0.321966 0.106660
v -1.421513 0.391965 -0.106659
v 0.665524 0.321966 -0.106659
v -1.421513 0.391965 0.106660
v 0.535524 0.321966 0.106660
v -0.557620 0.391965 0.106660
v 0.535524 0.321966 -0.106659
v -0.557620 0.391965 -0.106659
v 0.455524 0.391965 0.106660
v -0.540485 0.427411 -0.106659
v 0.455524 0.391965 -0.106659
v -0.540485 0.427411 0.106660
v 0.209620 0.391965 0.106660
v -0.576000 0.472220 -0.106659
v 0.209620 0.391965 -0.106659
v -0.576000 0.472220 0.106660
v 0.192485 0.427411 0.106660
v -0.539000 0.522220 -0.106659
v 0.192485 0.427411 -0.106659
v -0.539000 0.522220 0.106660
v 0.228000 0.472220 0.106660
v -0.169000 0.522220 0.106660
v 0.228000 0.472220 -0.106659
v -0.169000 0.522220 -0.106659
v 0.191000 0.522220 0.106660
v 0.191000 0.522220 -0.106659
v 0.061000 0.189728 0.083247
v 0.227410 0.045204 0.098723
v 0.067410 0.205204 0.098723
v 0.221000 0.029729 0.083247
v 0.227410 0.045204 -0.098722
v 0.061000 0.189728 -0.083246
v 0.067410 0.205204 -0.098722
v 0.221000 0.029729 -0.083246
v -1.975390 0.546802 -0.054949
v -2.596809 0.546802 -0.054949
v -1.975390 0.601883 -0.077765
v -2.596809 0.601883 -0.077765
v -2.596809 0.523986 0.000131
v -1.975390 0.656963 -0.054949
v -1.975390 0.523986 0.000131
v -2.596809 0.656963 -0.054949
v -2.596809 0.546802 0.055213
v -1.975390 0.679779 0.000131
v -1.975390 0.546802 0.055213
v -2.596809 0.679779 0.000131
v -2.596809 0.601883 0.078029
v -1.975390 0.656963 0.055213
v -1.975390 0.601883 0.078029
v -2.596809 0.656963 0.055213
v 1.571000 -0.125509 -0.090000
v 1.055588 -0.125509 -0.090000
v 1.055588 -0.125509 0.090001
v 1.571000 -0.125509 0.090001
v 0.815064 0.131661 -0.090000
v 0.815064 0.131661 0.090001
v -0.577351 0.399029 -0.098722
v -0.484181 0.293150 -0.083246
v -0.492032 0.277675 -0.098722
v -0.569500 0.414504 -0.083246
v -0.484181 0.293150 0.083247
v -0.569500 0.414504 0.083247
v -0.577351 0.399029 0.098723
v -0.492032 0.277675 0.098723
v -0.699000 0.414504 -0.083246
v -0.699000 0.414504 0.083247
v -0.569500 0.414504 -0.083246
v -0.569500 0.414504 0.083247
v 0.781000 0.414504 -0.083246
v 0.481000 0.414504 -0.083246
v 0.481000 0.414504 0.083247
v 0.781000 0.414504 0.083247
v 0.239418 0.414504 -0.083246
v 0.239418 0.414504 0.083247
v 0.213493 0.562220 -0.112000
v 0.733493 0.562220 -0.112000
v 0.733493 0.562220 0.112001
v 0.213493 0.562220 0.112001
v 0.161950 0.277675 -0.098722
v -0.492032 0.277675 -0.098722
v -0.484181 0.293150 -0.083246
v 0.154099 0.293150 -0.083246
v -0.484181 0.293150 0.083247
v 0.161950 0.277675 0.098723
v 0.154099 0.293150 0.083247
v -0.492032 0.277675 0.098723
v 0.464776 0.705740 -0.104502
v 0.363437 0.747717 -0.104502
v 0.380824 0.705740 -0.104502
v 0.422800 0.688352 -0.104502
v 0.482163 0.747717 -0.104502
v 0.422800 0.807079 -0.104502
v 0.464776 0.789692 -0.104502
v 0.380824 0.789692 -0.104502
v 0.482163 0.747717 0.104503
v 0.422800 0.807079 0.104503
v 0.464776 0.789692 0.104503
v 0.363437 0.747717 0.104503
v 0.380824 0.789692 0.104503
v 0.380824 0.705740 0.104503
v 0.464776 0.705740 0.104503
v 0.422800 0.688352 0.104503
v -1.000873 0.706338 -0.104502
v -1.000873 0.790290 -0.104502
v -1.018261 0.748314 -0.104502
v -0.916922 0.706338 -0.104502
v -0.958897 0.688950 -0.104502
v -0.916922 0.790290 -0.104502
v -0.958897 0.807677 -0.104502
v -0.899534 0.748314 -0.104502
v -0.916922 0.790290 0.104503
v -0.916922 0.706338 0.104503
v -1.000873 0.706338 0.104503
v -0.958897 0.688950 0.104503
v -0.899534 0.748314 0.104503
v -1.000873 0.790290 0.104503
v -0.958897 0.807677 0.104503
v -1.018261 0.748314 0.104503
v 0.380824 0.789692 -0.104502
v 0.422800 0.807079 -0.104502
v 0.422800 0.818333 -0.113413
v 0.464776 0.789692 -0.104502
v 0.372866 0.797649 -0.113413
v 0.472734 0.797649 -0.113413
v 0.363437 0.747717 -0.104502
v 0.482163 0.747717 -0.104502
v 0.352183 0.747717 -0.113413
v 0.493418 0.747717 -0.113413
v 0.380824 0.705740 -0.104502
v 0.464776 0.705740 -0.104502
v 0.372866 0.697782 -0.113413
v 0.472734 0.697782 -0.113413
v 0.422800 0.688352 -0.104502
v 0.422800 0.677097 -0.113413
v 0.422800 0.818333 0.113414
v 0.380824 0.789692 0.104503
v 0.372866 0.797649 0.113414
v 0.363437 0.747717 0.104503
v 0.422800 0.807079 0.104503
v 0.352183 0.747717 0.113414
v 0.464776 0.789692 0.104503
v 0.380824 0.705740 0.104503
v 0.472734 0.797649 0.113414
v 0.372866 0.697782 0.113414
v 0.482163 0.747717 0.104503
v 0.422800 0.688352 0.104503
v 0.493418 0.747717 0.113414
v 0.422800 0.677097 0.113414
v 0.464776 0.705740 0.104503
v 0.472734 0.697782 0.113414
v -1.000873 0.790290 -0.104502
v -0.958897 0.807677 -0.104502
v -0.958897 0.818931 -0.113413
v -1.008831 0.798248 -0.113413
v -0.908964 0.798248 -0.113413
v -1.018261 0.748314 -0.104502
v -0.916922 0.790290 -0.104502
v -1.029515 0.748314 -0.113413
v -0.899534 0.748314 -0.104502
v -1.008831 0.698380 -0.113413
v -0.888280 0.748314 -0.113413
v -1.000873 0.706338 -0.104502
v -0.908964 0.698380 -0.113413
v -0.958897 0.688950 -0.104502
v -0.916922 0.706338 -0.104502
v -0.958897 0.677696 -0.113413
v -0.958897 0.818931 0.113414
v -1.000873 0.790290 0.104503
v -1.008831 0.798248 0.113414
v -0.958897 0.807677 0.104503
v -1.018261 0.748314 0.104503
v -0.908964 0.798248 0.113414
v -1.029515 0.748314 0.113414
v -0.916922 0.790290 0.104503
v -1.008831 0.698380 0.113414
v -0.899534 0.748314 0.104503
v -1.000873 0.706338 0.104503
v -0.888280 0.748314 0.113414
v -0.958897 0.688950 0.104503
v -0.908964 0.698380 0.113414
v -0.958897 0.677696 0.113414
v -0.916922 0.706338 0.104503
v 0.061000 0.189728 -0.083246
v 0.221000 0.029729 -0.083246
v 0.221000 0.029729 0.083247
v 0.061000 0.189728 0.083247
v -0.665776 0.295392 -0.071999
v -1.334178 0.295415 -0.071999
v -1.325023 0.312810 -0.054000
v -0.665776 0.312810 -0.054000
v -1.483068 0.454642 -0.071999
v -1.469337 0.467111 -0.054000
v -1.325023 0.312810 0.054001
v -0.665776 0.295392 0.072000
v -0.665776 0.312810 0.054001
v -1.334178 0.295415 0.072000
v -1.483068 0.454642 0.072000
v -1.469337 0.467111 0.054001
v -0.484181 0.293150 -0.083246
v -0.569500 0.414504 -0.083246
v -0.484181 0.293150 0.083247
v -0.569500 0.414504 0.083247
v -0.579500 0.568857 -0.112000
v -0.597686 0.502220 0.112001
v -0.597686 0.502220 -0.112000
v -0.579500 0.568857 0.112001
v -0.484181 0.293150 -0.083246
v 0.154099 0.293150 0.083247
v 0.154099 0.293150 -0.083246
v -0.484181 0.293150 0.083247
v 0.372866 0.797649 -0.143458
v 0.422800 0.818333 -0.113413
v 0.422800 0.818333 -0.143458
v 0.472734 0.797649 -0.113413
v 0.372866 0.797649 -0.113413
v 0.472734 0.797649 -0.143458
v 0.352183 0.747717 -0.143458
v 0.493418 0.747717 -0.113413
v 0.352183 0.747717 -0.113413
v 0.493418 0.747717 -0.143458
v 0.372866 0.697782 -0.143458
v 0.472734 0.697782 -0.113413
v 0.372866 0.697782 -0.113413
v 0.472734 0.697782 -0.143458
v 0.422800 0.677097 -0.143458
v 0.422800 0.677097 -0.113413
v -1.008831 0.798248 -0.143458
v -0.958897 0.818931 -0.113413
v -0.958897 0.818931 -0.143458
v -0.908964 0.798248 -0.113413
v -1.008831 0.798248 -0.113413
v -0.908964 0.798248 -0.143458
v -1.029515 0.748314 -0.143458
v -0.888280 0.748314 -0.113413
v -1.029515 0.748314 -0.113413
v -0.888280 0.748314 -0.143458
v -1.008831 0.698380 -0.143458
v -0.908964 0.698380 -0.113413
v -1.008831 0.698380 -0.113413
v -0.908964 0.698380 -0.143458
v -0.958897 0.677696 -0.143458
v -0.958897 0.677696 -0.113413
v -1.008831 0.798248 0.113414
v -1.008831 0.798248 0.143458
v -0.958897 0.818931 0.113414
v -0.958897 0.818931 0.143458
v -1.029515 0.748314 0.143458
v -0.908964 0.798248 0.113414
v -1.029515 0.748314 0.113414
v -0.908964 0.798248 0.143458
v -1.008831 0.698380 0.143458
v -0.888280 0.748314 0.113414
v -1.008831 0.698380 0.113414
v -0.888280 0.748314 0.143458
v -0.958897 0.677696 0.143458
v -0.908964 0.698380 0.113414
v -0.958897 0.677696 0.113414
v -0.908964 0.698380 0.143458
v -0.665776 0.312810 -0.054000
v -1.325023 0.312810 -0.054000
v -1.325023 0.312810 0.054001
v -0.665776 0.312810 0.054001
v -1.469337 0.467111 -0.054000
v -1.469337 0.467111 0.054001
v -0.959726 0.791609 -0.009160
v -0.941406 0.791609 -0.009160
v -0.941406 0.791609 0.009160
v -0.959726 0.791609 0.009160
v 0.213493 0.672721 -0.112000
v 0.213493 0.672721 0.112001
v 0.273493 0.732220 -0.112000
v 0.273493 0.732220 0.112001
v 0.154099 0.293150 -0.083246
v 0.247269 0.399029 -0.098722
v 0.161950 0.277675 -0.098722
v 0.239418 0.414504 -0.083246
v 0.154099 0.293150 0.083247
v 0.247269 0.399029 0.098723
v 0.239418 0.414504 0.083247
v 0.161950 0.277675 0.098723
v -0.948857 0.824294 -0.001709
v -0.941406 0.791609 0.009160
v -0.941406 0.791609 -0.009160
v -0.948857 0.824294 0.001709
v -0.930544 0.831126 -0.027148
v -0.930544 0.792046 -0.015277
v -0.930544 0.792046 -0.025392
v -0.930544 0.827665 -0.036653
v -0.930544 0.731402 -0.025392
v -0.930544 0.731402 0.025392
v -0.930544 0.792046 0.015277
v -0.930544 0.792046 0.025392
v -0.930544 0.831126 0.027149
v -0.930544 0.827665 0.036654
v 0.154099 0.293150 -0.083246
v 0.239418 0.414504 0.083247
v 0.239418 0.414504 -0.083246
v 0.154099 0.293150 0.083247
v 0.213493 0.562220 -0.112000
v 0.213493 0.562220 0.112001
v 0.213493 0.672721 -0.112000
v 0.213493 0.672721 0.112001
v 0.407026 0.775101 -0.013532
v 0.407026 0.786120 -0.021650
v 0.407026 0.780706 -0.027062
v 0.407026 0.807769 -0.030618
v 0.407026 0.807769 -0.038273
v 0.407026 0.834832 -0.027062
v 0.407026 0.829419 -0.021650
v 0.407026 0.846042 -0.000000
v 0.407026 0.838388 -0.000000
v 0.407026 0.829419 0.021650
v 0.407026 0.834832 0.027063
v 0.407026 0.807769 0.030618
v 0.407026 0.807769 0.038273
v 0.407026 0.780706 0.027063
v 0.407026 0.786120 0.021650
v 0.407026 0.775101 0.013532
v 0.407026 0.777150 -0.000000
v 0.407026 0.739021 0.013532
v 0.407026 0.739021 -0.013532
v 1.434793 -0.135537 0.177444
v 1.583106 -0.136807 0.177444
v 1.566834 -0.099863 0.144904
v 1.614730 -0.058831 0.177444
v 1.434793 -0.099863 0.144904
v 1.396661 -0.135072 0.177446
v 1.396661 -0.099863 0.144904
v 1.583340 -0.033842 0.144904
v 1.616753 0.115153 0.177444
v 1.583340 0.115153 0.144904
v 1.524730 0.219686 0.177444
v 1.484309 0.219686 0.144904
v 1.484309 0.324218 0.144904
v 1.525558 0.324218 0.177444
v 1.632855 0.428752 0.144904
v 1.635131 0.398268 0.177444
v 1.772445 0.398268 0.177444
v 1.797906 0.428751 0.144904
v 1.566834 -0.099863 -0.144904
v 1.434793 -0.135537 -0.177446
v 1.434793 -0.099863 -0.144904
v 1.396660 -0.135072 -0.177446
v 1.396660 -0.099863 -0.144904
v 1.583105 -0.136807 -0.177446
v 1.614729 -0.058831 -0.177446
v 1.583339 -0.033842 -0.144904
v 1.616752 0.115153 -0.177446
v 1.583339 0.115153 -0.144904
v 1.524729 0.219686 -0.177446
v 1.484308 0.219686 -0.144904
v 1.484308 0.324218 -0.144904
v 1.525558 0.324218 -0.177446
v 1.632855 0.428752 -0.144904
v 1.635131 0.398268 -0.177446
v 1.772445 0.398268 -0.177446
v 1.797906 0.428751 -0.144904
v 1.368772 -0.317983 0.122419
v 1.368772 -0.317983 -0.122419
v 1.396660 -0.358245 -0.144904
v 1.396661 -0.358245 0.144904
v 0.711000 0.546891 -0.100000
v 0.711000 0.546891 0.100001
v 0.711000 0.572220 -0.074671
v 0.711000 0.572220 0.074671
v 0.711000 0.372220 -0.100000
v 0.711000 0.372220 0.100001
v 1.396661 -0.327562 0.177446
v 1.368772 -0.317983 0.122419
v 1.396661 -0.358245 0.144904
v 1.368772 -0.296939 0.144347
v 1.396661 -0.135072 0.177446
v 1.368772 -0.296939 0.144347
v 1.396661 -0.327562 0.177446
v 1.368772 -0.146404 0.144347
v 1.396660 -0.327562 -0.177446
v 1.368772 -0.317983 -0.122419
v 1.368772 -0.296939 -0.144349
v 1.396660 -0.358245 -0.144904
v 1.396660 -0.135072 -0.177446
v 1.368772 -0.146404 -0.144349
v -1.782385 0.601883 -0.094122
v -1.753972 0.546802 -0.054949
v -1.782385 0.535235 -0.066517
v -1.782385 0.507628 0.000131
v -1.753972 0.601883 -0.077765
v -1.753972 0.523986 0.000131
v -1.753972 0.656963 -0.054949
v -1.753972 0.546802 0.055213
v -1.782385 0.668531 -0.066517
v -1.782385 0.535235 0.066781
v -1.782385 0.696137 0.000131
v -1.782385 0.601883 0.094386
v -1.753972 0.679779 0.000131
v -1.753972 0.601883 0.078029
v -1.753972 0.656963 0.055213
v -1.782385 0.668531 0.066781
v -3.047623 0.402732 0.041022
v -3.047623 0.194118 0.041022
v -3.047623 0.402732 -0.039209
v -3.047623 0.194118 -0.039209
v -2.995646 0.428828 0.041022
v -2.995646 0.428828 -0.039209
v -2.943668 0.402732 0.041022
v -2.943668 0.402732 -0.039209
v -2.943668 0.281091 -0.039209
v -2.943668 0.281091 0.041022
v 1.396661 -0.099863 0.144904
v 1.368772 -0.146404 0.144347
v 1.396661 -0.135072 0.177446
v 1.368772 -0.122465 0.121975
v 1.368772 -0.122465 -0.121976
v 1.396660 -0.099863 -0.144904
v 1.368772 -0.146404 -0.144349
v 1.396660 -0.135072 -0.177446
v 1.368772 -0.122465 -0.121976
v 1.396661 -0.099863 0.144904
v 1.396660 -0.099863 -0.144904
v 1.368772 -0.122465 0.121975
v 1.566834 -0.099863 0.144904
v 1.566834 -0.099863 -0.144904
v 1.434793 -0.099863 -0.144904
v 1.583340 -0.033842 0.144904
v 1.434793 -0.099863 0.144904
v 1.396661 -0.099863 0.144904
v 1.396660 -0.099863 -0.144904
v 1.583339 -0.033842 -0.144904
v 1.583340 0.115153 0.144904
v 1.583339 0.115153 -0.144904
v 1.484309 0.219686 0.144904
v 1.484308 0.219686 -0.144904
v 1.484309 0.324218 0.144904
v 1.484308 0.324218 -0.144904
v 1.632855 0.428752 -0.144904
v 1.632855 0.428752 0.144904
v 1.797906 0.428751 0.144904
v 1.797906 0.428751 -0.144904
v 1.368772 -0.146404 -0.144349
v 1.368772 -0.317983 -0.122419
v 1.368772 -0.122465 -0.121976
v 1.368772 -0.296939 -0.144349
v 1.368772 -0.317983 0.122419
v 1.368772 -0.122465 0.121975
v 1.368772 -0.146404 0.144347
v 1.368772 -0.296939 0.144347
v -2.622008 0.508407 0.000131
v -2.596809 0.546802 0.055213
v -2.622008 0.535786 0.066229
v -2.622008 0.601883 0.093608
v -2.596809 0.523986 0.000131
v -2.596809 0.601883 0.078029
v -2.596809 0.546802 -0.054949
v -2.596809 0.656963 0.055213
v -2.622008 0.535786 -0.065966
v -2.622008 0.667980 0.066229
v -2.622008 0.601883 -0.093344
v -2.622008 0.695358 0.000131
v -2.596809 0.601883 -0.077765
v -2.596809 0.679779 0.000131
v -2.596809 0.656963 -0.054949
v -2.622008 0.667980 -0.065966
v -2.631802 0.259090 -0.039209
v -2.631802 0.547670 -0.039209
v -2.631802 0.547670 0.041022
v -2.631802 0.259090 0.041022
vn -1.0000 0.0005 0.0005
vn -0.7344 0.0005 0.6787
vn -0.7342 0.4597 0.4997
vn -0.7344 0.4852 0.4745
vn -0.7344 0.6787 0.0006
vn -0.7342 -0.4597 0.4997
vn -0.7344 0.6787 0.0005
vn -0.7344 -0.4852 0.4745
vn -0.7344 0.4852 -0.4745
vn -0.7344 -0.6787 0.0005
vn -0.7342 0.4597 -0.4997
vn -0.7344 -0.6787 0.0004
vn -0.7344 0.0007 -0.6787
vn -0.7344 -0.4852 -0.4745
vn -0.7344 0.0004 -0.6787
vn -0.7342 -0.4597 -0.4997
vn -0.6024 -0.5516 -0.5770
vn 0.0005 0.0005 -1.0000
vn 0.0005 -0.6913 -0.7226
vn -0.6392 -0.7691 0.0005
vn -0.5616 0.0005 -0.8274
vn 0.0005 0.6913 -0.7226
vn 0.0005 -1.0000 0.0005
vn -0.6024 0.5516 -0.5770
vn 0.0005 1.0000 0.0005
vn -0.6392 0.7691 0.0005
vn 0.0005 0.6913 0.7226
vn -0.6024 -0.5516 0.5770
vn 0.0005 -0.6913 0.7226
vn -0.5616 0.0005 0.8274
vn 0.0005 0.0005 1.0000
vn -0.6024 0.5516 0.5770
vn -0.5261 -0.6013 0.6013
vn -0.5258 -0.8506 -0.0000
vn -0.5261 -0.6013 -0.6013
vn -0.5251 -0.5789 0.6238
vn -0.5251 -0.5789 -0.6238
vn -0.5260 0.0003 0.8505
vn -0.5261 0.0004 -0.8504
vn -0.5258 -0.0000 0.8506
vn -0.5258 -0.0000 -0.8506
vn -0.5263 0.6013 0.6013
vn -0.5259 0.6014 -0.6014
vn -0.5251 0.5789 0.6238
vn -0.5251 0.5789 -0.6238
vn -0.5258 0.8506 -0.0000
vn -0.5260 0.8505 0.0003
vn 0.4716 -0.8818 0.0002
vn -0.3396 -0.9406 0.0003
vn -0.6393 -0.7690 0.0008
vn 0.4716 -0.8818 0.0003
vn 0.9571 -0.2897 0.0003
vn 0.9571 -0.2897 0.0005
vn 1.0000 0.0005 0.0005
vn 0.3268 -0.5751 -0.7500
vn -0.2126 -0.6885 -0.6934
vn -0.2838 -0.6785 -0.6776
vn -0.4976 -0.6206 -0.6060
vn 0.3042 -0.5865 -0.7506
vn 0.6977 -0.2553 -0.6694
vn 0.7508 -0.1617 -0.6404
vn 0.8117 0.0024 -0.5841
vn 0.8117 0.0024 -0.5840
vn 0.7987 0.0032 -0.6017
vn 0.7989 0.0034 -0.6015
vn 0.7908 0.0015 -0.6121
vn 0.7887 0.0005 -0.6148
vn 0.7886 0.0005 -0.6149
vn -0.2126 -0.6885 0.6934
vn 0.3042 -0.5865 0.7507
vn 0.3269 -0.5751 0.7500
vn 0.6977 -0.2555 0.6693
vn -0.2838 -0.6785 0.6775
vn -0.4976 -0.6207 0.6060
vn -0.4976 -0.6206 0.6060
vn 0.7508 -0.1617 0.6404
vn 0.8117 0.0024 0.5841
vn 0.8117 0.0025 0.5840
vn 0.7985 0.0034 0.6020
vn 0.7989 0.0034 0.6015
vn 0.7908 0.0016 0.6121
vn 0.7908 0.0014 0.6121
vn 0.7887 0.0005 0.6148
vn 0.7886 0.0005 0.6149
vn -0.4987 0.6120 -0.6138
vn -0.4986 0.8668 0.0005
vn -0.4990 0.5899 -0.6349
vn -0.4986 0.0005 -0.8668
vn -0.4987 0.0004 -0.8668
vn -0.4986 0.6120 0.6139
vn -0.4986 -0.6120 -0.6139
vn -0.4990 0.5899 0.6349
vn -0.4990 -0.5899 -0.6349
vn -0.4986 0.0005 0.8668
vn -0.4986 -0.8668 0.0005
vn -0.4986 0.0006 0.8669
vn -0.4987 -0.8668 0.0004
vn -0.4986 -0.6119 0.6139
vn -0.4990 -0.5899 0.6349
vn 0.7071 -0.0000 0.7071
vn 0.7071 0.0005 0.7071
vn 0.7071 0.0006 0.7071
vn 0.7071 0.0005 -0.7071
vn 0.7071 -0.0000 -0.7071
vn -0.7071 0.7071 -0.0000
vn 0.7071 0.7071 -0.0000
vn -0.7071 -0.7071 -0.0000
vn 0.7071 -0.7071 -0.0000
vn 1.0000 0.0002 0.0002
vn -0.3152 0.6642 -0.6779
vn -0.3151 0.0004 -0.9491
vn -0.3150 0.0005 -0.9491
vn -0.3152 -0.6642 -0.6779
vn -0.3151 0.6492 -0.6922
vn -0.3151 -0.6492 -0.6922
vn -0.3151 0.9491 0.0004
vn -0.3151 -0.9490 0.0004
vn -0.3152 0.9490 0.0003
vn -0.3151 -0.9491 0.0004
vn -0.3152 0.6642 0.6778
vn -0.3152 -0.6642 0.6778
vn -0.3151 0.6493 0.6922
vn -0.3151 -0.6492 0.6922
vn -0.3149 0.0007 0.9491
vn -0.3150 0.0005 0.9491
vn -0.9852 -0.1713 0.0004
vn -0.9852 -0.1713 0.0003
vn 0.5472 0.8370 -0.0000
vn 0.5475 0.8368 0.0004
vn -0.3837 0.9235 0.0002
vn 0.7035 0.7107 -0.0000
vn -0.3839 0.9234 -0.0000
vn 0.7032 0.7110 0.0004
vn -0.9962 0.0876 0.0003
vn 0.9262 -0.3771 -0.0000
vn -0.9962 0.0874 0.0005
vn 0.9263 -0.3769 0.0005
vn -0.5028 -0.8644 0.0005
vn 0.3823 -0.9240 -0.0000
vn 0.3825 -0.9240 0.0003
vn 0.3424 -0.9395 -0.0000
vn 0.3825 -0.9239 -0.0000
vn 0.3426 -0.9395 0.0005
vn 0.3826 -0.9239 0.0003
vn -0.7042 0.7100 0.0003
vn -0.7042 0.7100 0.0005
vn 0.8511 -0.5249 0.0005
vn 0.8511 -0.5250 0.0005
vn -0.8511 -0.5250 0.0003
vn -0.8511 -0.5249 0.0005
vn -0.6776 0.7354 0.0004
vn -0.6777 0.7353 0.0005
vn -0.6777 0.7354 0.0004
vn -0.9750 0.2224 0.0005
vn -0.9750 0.2223 0.0003
vn -0.9750 0.2223 -0.0000
vn -0.8575 -0.5145 -0.0000
vn -0.3854 -0.9228 0.0003
vn -0.3853 -0.9228 -0.0000
vn -0.7110 -0.7032 0.0005
vn 0.0005 -0.7071 -0.7071
vn 0.0006 -0.7071 -0.7071
vn -0.0000 -0.7071 -0.7071
vn 0.0007 -0.7071 -0.7071
vn 0.0005 -0.7071 0.7071
vn 0.0007 -0.7071 0.7071
vn 0.0006 -0.7071 0.7071
vn -0.6072 -0.3610 0.7078
vn -0.6072 -0.3610 -0.7078
vn 0.0004 0.9395 -0.3424
vn 0.0003 0.9396 -0.3423
vn 0.0004 0.9395 0.3424
vn 0.0006 0.9395 0.3425
vn 0.0004 0.9396 0.3424
vn 0.0003 -0.7206 0.6934
vn -0.2496 -0.6315 0.7341
vn -0.2692 -0.6225 0.7348
vn 0.0005 -0.7207 0.6933
vn -0.4941 -0.4887 0.7190
vn -0.4939 -0.4888 0.7192
vn -0.2496 -0.6315 -0.7341
vn 0.0005 -0.7207 -0.6933
vn 0.0003 -0.7206 -0.6934
vn -0.2692 -0.6225 -0.7348
vn -0.4938 -0.4888 -0.7192
vn -0.4939 -0.4888 -0.7192
vn 0.0005 -0.5175 0.8557
vn 0.0005 -0.5175 -0.8557
vn -0.0000 -0.5175 0.8557
vn -0.0000 -0.5175 -0.8557
vn -0.7072 0.7070 0.0007
vn 0.7072 0.7070 0.0006
vn -0.7488 0.6628 0.0005
vn 0.7488 0.6628 0.0005
vn -0.9231 0.3846 0.0005
vn 0.9231 0.3846 0.0005
vn -0.9231 0.3846 0.0004
vn 0.9231 0.3846 0.0004
vn 0.9231 0.3845 0.0005
vn -0.9230 0.3848 0.0006
vn 0.9230 0.3848 0.0006
vn -0.7071 0.7071 0.0004
vn 0.7071 0.7071 0.0004
vn -0.7073 0.7069 0.0007
vn 0.7074 0.7068 0.0009
vn -0.9231 0.3845 0.0006
vn -0.9231 0.3845 0.0005
vn -0.7071 0.7071 0.0003
vn 0.7071 0.7071 0.0003
vn 0.0005 0.3552 -0.9348
vn 0.0003 0.2204 -0.9754
vn 0.0005 0.7410 -0.6716
vn 0.0005 0.7409 -0.6716
vn 0.0005 0.7409 0.6716
vn 0.0005 0.7410 0.6716
vn 0.0004 0.3552 0.9348
vn 0.0003 0.3553 0.9347
vn 0.0005 0.2203 0.9754
vn 0.0004 0.3552 -0.9348
vn 0.0003 0.3553 -0.9347
vn 0.0004 0.3554 0.9347
vn 0.0003 0.3554 0.9347
vn 0.0004 0.2202 0.9754
vn -0.0000 -0.7071 0.7071
vn 0.0003 -0.7071 0.7071
vn 0.0003 -0.7071 -0.7071
vn -0.7110 -0.7032 -0.0000
vn 0.0004 -0.7206 0.6933
vn -0.2693 -0.6225 0.7348
vn -0.4938 -0.4888 0.7192
vn -0.4941 -0.4888 0.7190
vn 0.0004 -0.7206 -0.6933
vn -0.2693 -0.6225 -0.7348
vn -0.4937 -0.4888 -0.7193
vn -0.4941 -0.4888 -0.7190
vn -0.5953 0.3805 0.7077
vn -0.5954 0.3805 0.7077
vn -0.5954 0.3805 0.7076
vn -0.5954 0.3805 -0.7076
vn -0.5953 0.3805 -0.7077
vn -0.5954 0.3805 -0.7077
vn -0.8418 0.5397 -0.0000
vn -0.4390 0.4390 -0.7840
vn 0.0003 0.6208 -0.7840
vn 0.0005 0.6208 -0.7840
vn 0.4390 0.4390 -0.7840
vn -0.6208 -0.0000 -0.7840
vn 0.6207 -0.0000 -0.7840
vn -0.4389 -0.4389 -0.7840
vn 0.4389 -0.4389 -0.7840
vn 0.0005 -0.6208 -0.7840
vn 0.0005 0.6208 0.7840
vn -0.4390 0.4390 0.7839
vn 0.0005 0.6208 0.7839
vn 0.4390 0.4390 0.7839
vn -0.6209 -0.0000 0.7839
vn 0.6208 -0.0000 0.7839
vn -0.4390 -0.4390 0.7839
vn 0.4390 -0.4390 0.7839
vn 0.0005 -0.6208 0.7840
vn -0.4389 0.4389 -0.7840
vn -0.0000 0.6208 -0.7840
vn 0.4389 0.4389 -0.7840
vn -0.6208 0.0005 -0.7840
vn 0.6208 -0.0000 -0.7840
vn 0.6208 0.0005 -0.7840
vn -0.0000 -0.6208 -0.7840
vn -0.0000 0.6209 0.7839
vn -0.6208 0.0005 0.7840
vn 0.6208 0.0005 0.7840
vn 0.6209 -0.0000 0.7839
vn -0.0000 -0.6209 0.7839
vn 0.0002 0.0002 -1.0000
vn 0.0002 0.0002 1.0000
vn 0.5338 -0.2183 0.8170
vn 0.3416 0.3425 0.8752
vn 0.5339 -0.2174 0.8172
vn 0.2184 -0.5242 0.8231
vn 0.3426 0.3416 0.8752
vn -0.2222 0.5378 0.8133
vn 0.2164 -0.5232 0.8243
vn 0.2164 -0.5233 0.8242
vn -0.5084 0.0444 0.8600
vn 0.1910 -0.5289 0.8269
vn 0.1900 -0.5291 0.8270
vn -0.2867 -0.4919 0.8221
vn -0.2876 -0.4918 0.8219
vn 0.3416 0.3426 -0.8752
vn 0.5337 -0.2183 -0.8170
vn 0.5338 -0.2174 -0.8172
vn 0.2184 -0.5242 -0.8231
vn 0.3426 0.3416 -0.8752
vn -0.2222 0.5378 -0.8133
vn 0.2164 -0.5233 -0.8242
vn -0.5084 0.0444 -0.8600
vn 0.1910 -0.5290 -0.8269
vn 0.1900 -0.5291 -0.8270
vn -0.2867 -0.4919 -0.8221
vn -0.2876 -0.4917 -0.8219
vn -0.2090 0.6575 -0.7239
vn 0.2115 0.6561 -0.7245
vn 0.2008 0.6592 -0.7247
vn 0.2086 0.6570 -0.7244
vn 0.2018 0.6591 -0.7245
vn -0.2251 0.6305 -0.7428
vn -0.2321 0.6278 -0.7430
vn -0.3774 0.4096 -0.8305
vn -0.2116 0.6358 -0.7423
vn -0.3972 0.3882 -0.8316
vn -0.2478 0.6202 -0.7443
vn -0.6521 -0.2104 -0.7283
vn 0.2295 0.6463 -0.7278
vn -0.6374 -0.2906 -0.7136
vn -0.2750 -0.6443 -0.7136
vn 0.6051 0.2880 -0.7422
vn -0.3191 -0.6289 -0.7090
vn 0.2495 -0.6337 -0.7323
vn 0.4080 -0.4080 -0.8167
vn 0.2497 -0.6336 -0.7323
vn 0.4082 -0.4082 -0.8165
vn 0.2498 -0.6335 -0.7323
vn 0.2837 -0.6373 -0.7164
vn 0.2563 -0.6474 -0.7177
vn 0.3435 -0.5475 -0.7630
vn 0.2838 -0.6373 -0.7164
vn 0.2565 -0.6474 -0.7177
vn 0.6425 0.0709 -0.7630
vn -0.2409 -0.6393 -0.7303
vn -0.2408 -0.6394 -0.7302
vn 0.6257 0.0083 -0.7800
vn -0.2406 -0.6395 -0.7302
vn 0.6250 0.0220 -0.7803
vn -0.2404 -0.6397 -0.7301
vn 0.3093 -0.5897 -0.7460
vn -0.3435 -0.5475 -0.7630
vn 0.3004 -0.5945 -0.7459
vn -0.6425 0.0709 -0.7630
vn -0.3004 -0.5945 -0.7459
vn -0.6257 0.0083 -0.7800
vn -0.3092 -0.5897 -0.7461
vn -0.6249 0.0220 -0.7804
vn -0.2090 0.6575 0.7239
vn 0.2008 0.6592 0.7247
vn 0.2115 0.6560 0.7245
vn 0.2086 0.6570 0.7244
vn 0.2018 0.6591 0.7245
vn -0.2251 0.6305 0.7428
vn -0.2320 0.6278 0.7430
vn -0.3774 0.4096 0.8305
vn -0.2116 0.6358 0.7423
vn -0.3972 0.3882 0.8316
vn -0.2478 0.6202 0.7443
vn -0.6521 -0.2104 0.7283
vn 0.2291 0.6466 0.7276
vn -0.6374 -0.2906 0.7136
vn 0.2295 0.6463 0.7278
vn -0.2750 -0.6443 0.7136
vn 0.6051 0.2880 0.7422
vn -0.3191 -0.6289 0.7090
vn 0.2501 -0.6335 0.7322
vn 0.4080 -0.4080 0.8168
vn 0.2497 -0.6336 0.7323
vn 0.4082 -0.4082 0.8165
vn 0.2838 -0.6373 0.7164
vn 0.2565 -0.6474 0.7177
vn 0.3435 -0.5476 0.7630
vn 0.2564 -0.6474 0.7177
vn 0.6425 0.0709 0.7630
vn -0.2407 -0.6394 0.7302
vn -0.2408 -0.6394 0.7302
vn 0.6257 0.0083 0.7800
vn 0.6250 0.0220 0.7803
vn -0.2407 -0.6395 0.7302
vn 0.3093 -0.5897 0.7461
vn -0.3435 -0.5476 0.7630
vn 0.3004 -0.5945 0.7459
vn -0.6425 0.0709 0.7630
vn -0.3004 -0.5945 0.7459
vn -0.6257 0.0083 0.7800
vn -0.3093 -0.5897 0.7461
vn -0.6250 0.0220 0.7803
vn 0.0002 1.0000 0.0002
vn 0.0005 0.6913 0.7225
vn 0.0005 0.6913 -0.7225
vn 0.0005 -0.6913 0.7225
vn 0.0002 -1.0000 0.0002
vn 0.0007 0.7071 0.7071
vn 0.0005 0.7071 -0.7071
vn 0.0006 0.7071 -0.7071
vn 0.0007 0.7071 -0.7071
vn 0.0005 -0.6913 -0.7225
vn 0.0006 0.2224 0.9750
vn 0.0003 0.2223 0.9750
vn -0.0000 0.2223 0.9750
vn 0.0005 0.2224 -0.9750
vn 0.0003 0.2223 -0.9750
vn -0.0000 0.2907 -0.9568
vn -0.0000 0.2906 0.9568
vn 0.0005 0.2906 0.9568
vn 0.0005 0.6914 0.7225
vn 0.2583 0.6257 0.7361
vn -0.0000 0.7186 0.6954
vn 0.0005 0.7187 0.6953
vn 0.2760 0.6167 0.7373
vn 0.5086 0.4757 0.7176
vn 0.5087 0.4757 0.7176
vn -0.0000 0.7186 -0.6954
vn 0.2760 0.6167 -0.7372
vn 0.2582 0.6257 -0.7361
vn 0.0005 0.7187 -0.6953
vn 0.5086 0.4757 -0.7176
vn 0.5087 0.4757 -0.7176
vn 0.0005 0.7071 0.7071
vn 0.0006 0.7071 0.7071
vn -0.0000 0.7071 0.7071
vn -0.0000 0.7071 -0.7071
vn 0.0005 -0.1510 0.9885
vn 0.0005 -0.3015 0.9535
vn 0.0005 -0.1510 -0.9885
vn 0.0005 -0.3015 -0.9535
vn 0.5078 0.8615 0.0005
vn 0.5077 0.8615 0.0004
vn 0.5077 0.8615 0.0006
vn 0.3004 0.9538 0.0003
vn 0.3004 0.9538 0.0005
vn -0.3504 0.9366 0.0005
vn -0.3033 0.9529 0.0006
vn -0.3502 0.9367 0.0003
vn -0.3034 0.9529 0.0006
vn -0.3503 0.9366 0.0004
vn -0.3031 0.9530 0.0003
vn 0.3346 0.9424 0.0005
vn -0.7071 0.7071 0.0005
vn 0.3346 0.9424 -0.0000
vn 0.9029 0.4298 -0.0000
vn -0.9366 -0.3503 0.0004
vn 0.9030 0.4296 0.0002
vn -0.9367 -0.3502 0.0003
vn -0.4148 -0.9099 -0.0000
vn 0.3827 -0.9239 -0.0000
vn 0.3671 -0.9302 0.0006
vn 0.3670 -0.9302 0.0005
vn 0.3671 -0.9302 0.0004
vn -0.3513 -0.9363 0.0004
vn 0.5310 -0.8474 0.0005
vn 0.5309 -0.8474 0.0005
vn -0.3511 -0.9363 0.0005
vn 0.9939 0.1100 0.0007
vn 0.9940 0.1097 -0.0000
vn -0.5309 -0.8474 0.0005
vn 0.9999 0.0163 0.0002
vn -0.5311 -0.8473 0.0004
vn 0.9999 0.0162 0.0004
vn -0.9940 0.1097 -0.0000
vn 0.4501 -0.8930 0.0006
vn 0.4501 -0.8930 0.0007
vn -0.9999 0.0163 0.0002
vn -0.9999 0.0160 0.0006
vn -0.4502 -0.8930 0.0003
vn -0.4501 -0.8930 0.0006
vn -0.5000 -0.5000 0.7071
vn -0.5000 -0.5000 -0.7071
vn 0.3983 0.9173 0.0004
vn 0.3982 0.9173 0.0003
vn 0.7303 0.6831 -0.0000
vn 0.7302 0.6832 0.0003
vn 0.5809 0.4088 -0.7038
vn 0.5809 0.4089 -0.7038
vn 0.5810 0.4088 -0.7038
vn 0.5810 0.4088 0.7037
vn 0.5809 0.4088 0.7038
vn 0.5809 0.4089 0.7038
vn 0.5810 0.4088 0.7038
vn 0.0003 0.7071 -0.7071
vn -0.4390 0.4390 0.7840
vn 0.4390 0.4390 0.7840
vn -0.6208 -0.0000 0.7840
vn 0.6207 -0.0000 0.7840
vn -0.4389 -0.4389 0.7840
vn 0.4389 -0.4389 0.7840
vn -0.4390 -0.4389 0.7840
vn -0.4390 -0.4389 -0.7840
vn -0.4389 0.4389 0.7840
vn -0.0000 0.6208 0.7840
vn 0.4389 0.4389 0.7840
vn 0.6208 0.0004 0.7840
vn -0.0000 -0.6208 0.7840
vn 0.0004 -0.6208 -0.7840
vn -0.7071 -0.7071 0.0006
vn -0.7071 -0.7071 0.0005
vn -0.7071 -0.7071 0.0003
vn 0.0003 0.7187 -0.6953
vn 0.2760 0.6172 -0.7368
vn 0.2583 0.6257 -0.7361
vn 0.0006 0.7188 -0.6952
vn 0.2584 0.6257 0.7361
vn 0.0003 0.7187 0.6953
vn 0.0006 0.7188 0.6952
vn 0.2760 0.6172 0.7368
vn 0.8181 0.5750 0.0003
vn 0.8182 0.5750 0.0004
vn 0.9647 -0.2633 0.0005
vn 0.9647 -0.2633 -0.0000
vn 0.3983 0.9173 0.0005
vn 0.7302 0.6832 0.0004
vn -0.7041 0.7101 -0.0000
vn -0.5809 0.4088 -0.7038
vn -0.5810 0.4088 -0.7038
vn -0.5813 0.4087 -0.7036
vn -0.5810 0.4088 0.7037
vn -0.5809 0.4088 0.7038
vn -0.5809 0.4088 0.7039
vn -0.5810 0.4088 0.7038
vn 0.9750 0.2224 0.0006
vn 0.9750 0.2224 0.0005
vn 0.9750 0.2223 -0.0000
vn -0.8181 0.5751 -0.0000
vn -0.8182 0.5749 0.0006
vn -0.8182 0.5750 0.0004
vn -1.0000 0.0002 0.0002
vn 0.0035 0.6721 0.7405
vn -0.3269 0.5126 0.7940
vn -0.3923 0.4695 0.7910
vn -0.6897 0.1413 0.7102
vn 0.0034 0.6721 0.7405
vn 0.0044 0.6766 0.7364
vn 0.0044 0.6767 0.7363
vn -0.6979 0.0894 0.7106
vn -0.6736 -0.2193 0.7058
vn -0.6523 -0.2995 0.6963
vn -0.6140 -0.2994 0.7303
vn -0.6229 -0.2086 0.7539
vn -0.5955 0.2526 0.7626
vn -0.5582 0.4029 0.7253
vn -0.2067 0.7149 0.6680
vn -0.2487 0.7079 0.6611
vn 0.0005 0.7297 0.6838
vn -0.3923 0.4695 -0.7910
vn 0.0034 0.6721 -0.7405
vn 0.0044 0.6766 -0.7364
vn 0.0044 0.6767 -0.7363
vn -0.3269 0.5126 -0.7940
vn -0.6897 0.1412 -0.7102
vn -0.6979 0.0894 -0.7106
vn -0.6736 -0.2193 -0.7058
vn -0.6523 -0.2995 -0.6963
vn -0.6140 -0.2995 -0.7303
vn -0.6230 -0.2086 -0.7539
vn -0.5955 0.2526 -0.7626
vn -0.5582 0.4029 -0.7253
vn -0.2067 0.7149 -0.6680
vn -0.2487 0.7079 -0.6611
vn 0.0005 0.7297 -0.6838
vn -0.8222 -0.5692 0.0006
vn -0.8222 -0.5692 0.0005
vn -0.8222 -0.5693 0.0003
vn -0.8220 -0.5694 -0.0000
vn -0.8490 -0.3833 0.3636
vn -0.8490 -0.3833 0.3637
vn -0.7646 0.0006 0.6445
vn -0.7646 0.0007 0.6445
vn -0.7647 0.0003 0.6444
vn -0.8369 -0.2252 -0.4988
vn -0.8493 -0.3826 -0.3638
vn -0.8258 -0.1733 -0.5367
vn -0.8493 -0.3824 -0.3639
vn -0.7647 0.0005 -0.6444
vn -0.7647 -0.0000 -0.6444
vn 0.4986 0.0005 -0.8668
vn 0.4987 -0.6120 -0.6138
vn 0.4990 -0.5899 -0.6349
vn 0.4990 -0.8666 0.0003
vn 0.4986 0.0006 -0.8668
vn 0.4986 0.6119 -0.6139
vn 0.4986 -0.6119 0.6139
vn 0.4990 0.5899 -0.6349
vn 0.4990 -0.5899 0.6349
vn 0.4986 0.8668 0.0005
vn 0.4987 0.0004 0.8668
vn 0.4986 0.8668 0.0006
vn 0.4986 0.0006 0.8668
vn 0.4986 0.6120 0.6139
vn 0.4990 0.5899 0.6348
vn 0.8511 -0.5250 -0.0000
vn -0.7546 0.4465 0.4808
vn -0.7547 0.4462 0.4809
vn -0.7547 0.4460 0.4812
vn -0.7547 0.4460 -0.4811
vn -0.7547 0.4460 -0.4812
vn -0.7547 0.4461 -0.4811
vn -0.6296 0.7769 -0.0000
vn -0.6295 0.7770 0.0005
vn -0.6153 0.7883 0.0005
vn -0.6154 0.7882 -0.0000
vn -0.9924 0.1227 0.0005
vn -0.9290 -0.3702 -0.0000
vn -0.8876 0.4607 0.0005
vn -0.8876 0.4607 -0.0000
vn -0.3016 0.9534 0.0004
vn 0.5259 -0.8506 -0.0000
vn 0.5259 -0.6015 0.6014
vn 0.5251 -0.5789 0.6238
vn 0.5261 0.0004 0.8504
vn 0.5260 -0.8505 0.0003
vn 0.5260 0.0003 0.8505
vn 0.5259 -0.6014 -0.6014
vn 0.5259 0.6014 0.6014
vn 0.5251 -0.5789 -0.6238
vn 0.5251 0.5789 0.6238
vn 0.5261 0.0004 -0.8504
vn 0.5260 0.8505 0.0003
vn 0.5261 0.8504 0.0004
vn 0.5263 0.6012 -0.6012
vn 0.5251 0.5789 -0.6238
vt 0.000000 0.000000
s 1
f 38/2/20 39/2/20 40/2/20
f 41/2/20 40/2/20 39/2/20
f 40/2/20 42/2/20 38/2/20
f 40/2/20 41/2/20 43/2/20
f 42/2/20 44/2/20 38/2/20
f 45/2/20 43/2/20 41/2/20
f 44/2/20 42/2/20 46/2/20
f 45/2/20 41/2/20 47/2/20
f 48/2/20 44/2/20 46/2/20
f 49/2/20 45/2/20 47/2/20
f 44/2/20 48/2/20 50/2/20
f 45/2/20 49/2/20 51/2/20
f 52/2/20 50/2/20 48/2/20
f 49/2/20 52/2/20 51/2/20
f 50/2/20 52/2/20 53/2/20
f 52/2/20 49/2/20 53/2/20
f 54/2/21 55/2/22 56/2/23
f 55/2/22 54/2/21 57/2/21
f 58/2/24 56/2/23 55/2/22
f 54/2/21 59/2/25 57/2/21
f 56/2/23 58/2/24 60/2/26
f 59/2/25 54/2/21 61/2/27
f 58/2/24 62/2/28 60/2/26
f 63/2/29 59/2/25 61/2/27
f 58/2/24 64/2/30 62/2/28
f 63/2/29 61/2/27 65/2/31
f 66/2/32 62/2/28 64/2/30
f 67/2/33 63/2/29 65/2/31
f 64/2/30 68/2/34 66/2/32
f 63/2/29 67/2/33 69/2/35
f 69/2/35 66/2/32 68/2/34
f 66/2/32 69/2/35 67/2/33
f 70/2/36 71/2/37 72/2/38
f 72/2/38 73/2/39 70/2/36
f 71/2/37 70/2/36 74/2/40
f 73/2/39 74/2/40 70/2/36
f 74/2/40 75/2/41 71/2/37
f 73/2/39 72/2/38 76/2/42
f 75/2/41 74/2/40 77/2/43
f 75/2/41 77/2/43 78/2/44
f 74/2/40 79/2/45 77/2/43
f 79/2/45 78/2/44 77/2/43
f 73/2/39 79/2/45 74/2/40
f 78/2/44 79/2/45 80/2/46
f 76/2/42 81/2/47 73/2/39
f 81/2/47 76/2/42 82/2/48
f 83/2/49 73/2/39 81/2/47
f 82/2/48 83/2/49 81/2/47
f 79/2/45 73/2/39 83/2/49
f 83/2/49 82/2/48 84/2/50
f 85/2/51 80/2/46 79/2/45
f 79/2/45 83/2/49 85/2/51
f 85/2/51 84/2/50 80/2/46
f 84/2/50 85/2/51 83/2/49
f 86/2/52 87/2/53 88/2/53
f 89/2/54 88/2/53 87/2/53
f 88/2/53 90/2/55 86/2/52
f 88/2/53 89/2/54 91/2/56
f 92/2/57 86/2/52 90/2/55
f 93/2/58 91/2/56 89/2/54
f 86/2/52 92/2/57 94/2/59
f 89/2/54 95/2/60 93/2/58
f 96/2/61 94/2/59 92/2/57
f 97/2/62 93/2/58 95/2/60
f 92/2/57 98/2/63 96/2/61
f 93/2/58 97/2/62 99/2/64
f 100/2/65 96/2/61 98/2/63
f 97/2/62 100/2/65 99/2/64
f 96/2/61 100/2/65 101/2/66
f 100/2/65 97/2/62 101/2/66
f 102/2/20 103/2/20 104/2/20
f 103/2/20 102/2/20 105/2/20
f 106/2/67 107/2/68 108/2/68
f 109/2/69 108/2/68 107/2/68
f 108/2/68 109/2/69 110/2/69
f 107/2/68 106/2/67 111/2/70
f 106/2/67 112/2/71 111/2/70
f 112/2/71 106/2/67 113/2/72
f 114/2/73 112/2/71 113/2/72
f 112/2/71 114/2/73 115/2/73
f 116/2/73 115/2/73 114/2/73
f 115/2/73 116/2/73 117/2/73
f 118/2/73 117/2/73 116/2/73
f 117/2/73 118/2/73 119/2/73
f 120/2/73 119/2/73 118/2/73
f 119/2/73 120/2/73 121/2/73
f 122/2/73 123/2/73 124/2/73
f 122/2/73 124/2/73 125/2/73
f 123/2/73 122/2/73 126/2/73
f 126/2/73 122/2/73 127/2/73
f 128/2/74 129/2/75 130/2/76
f 131/2/77 130/2/76 129/2/75
f 131/2/77 129/2/75 132/2/77
f 129/2/75 128/2/74 133/2/78
f 128/2/74 134/2/79 133/2/78
f 134/2/79 128/2/74 135/2/80
f 135/2/80 136/2/81 134/2/79
f 135/2/80 137/2/82 136/2/81
f 137/2/82 138/2/83 136/2/81
f 137/2/82 139/2/84 138/2/83
f 139/2/84 140/2/85 138/2/83
f 140/2/85 139/2/84 141/2/85
f 142/2/86 140/2/85 141/2/85
f 140/2/85 142/2/86 143/2/87
f 144/2/88 145/2/89 146/2/90
f 147/2/91 146/2/90 145/2/89
f 144/2/88 146/2/90 148/2/92
f 149/2/93 144/2/88 148/2/92
f 149/2/93 148/2/92 150/2/94
f 146/2/90 147/2/91 151/2/95
f 152/2/96 151/2/95 147/2/91
f 151/2/95 152/2/96 153/2/97
f 152/2/96 154/2/98 153/2/97
f 152/2/96 155/2/99 154/2/98
f 155/2/99 156/2/100 154/2/98
f 155/2/99 157/2/101 156/2/100
f 157/2/101 158/2/102 156/2/100
f 157/2/101 159/2/103 158/2/102
f 160/2/104 161/2/105 162/2/106
f 163/2/107 160/2/104 162/2/106
f 161/2/105 160/2/104 164/2/105
f 160/2/104 163/2/107 165/2/108
f 166/2/109 161/2/105 164/2/105
f 167/2/110 165/2/108 163/2/107
f 161/2/105 166/2/109 168/2/111
f 163/2/107 169/2/112 167/2/110
f 170/2/113 168/2/111 166/2/109
f 171/2/114 167/2/110 169/2/112
f 166/2/109 172/2/115 170/2/113
f 167/2/110 171/2/114 173/2/116
f 174/2/117 170/2/113 172/2/115
f 174/2/117 173/2/116 171/2/114
f 170/2/113 174/2/117 175/2/118
f 171/2/114 175/2/118 174/2/117
f 176/2/73 177/2/73 178/2/73
f 176/2/73 178/2/73 179/2/73
f 180/2/73 176/2/73 179/2/73
f 180/2/73 179/2/73 181/2/73
f 182/2/119 183/2/120 184/2/120
f 182/2/119 185/2/121 183/2/120
f 186/2/121 182/2/119 184/2/120
f 182/2/119 186/2/121 187/2/121
f 188/2/122 189/2/122 190/2/123
f 189/2/122 188/2/122 191/2/122
f 192/2/122 191/2/122 188/2/122
f 188/2/122 193/2/123 192/2/122
f 194/2/124 195/2/44 196/2/124
f 195/2/44 194/2/124 197/2/44
f 196/2/124 198/2/20 194/2/124
f 197/2/44 199/2/125 195/2/44
f 200/2/20 198/2/20 196/2/124
f 199/2/125 197/2/44 201/2/125
f 200/2/20 202/2/126 198/2/20
f 201/2/125 203/2/73 199/2/125
f 202/2/126 200/2/20 204/2/126
f 203/2/73 201/2/125 205/2/73
f 204/2/126 206/2/42 202/2/126
f 205/2/73 207/2/127 203/2/73
f 206/2/42 204/2/126 208/2/42
f 207/2/127 205/2/73 209/2/127
f 208/2/42 209/2/127 206/2/42
f 209/2/127 208/2/42 207/2/127
f 210/2/73 211/2/73 212/2/73
f 211/2/73 210/2/73 213/2/73
f 214/2/73 210/2/73 212/2/73
f 215/2/73 211/2/73 213/2/73
f 212/2/73 216/2/73 214/2/73
f 211/2/73 215/2/73 217/2/73
f 218/2/73 214/2/73 216/2/73
f 219/2/73 217/2/73 215/2/73
f 214/2/73 218/2/73 220/2/73
f 217/2/73 219/2/73 221/2/73
f 222/2/73 220/2/73 218/2/73
f 223/2/73 221/2/73 219/2/73
f 223/2/73 219/2/73 224/2/73
f 225/2/73 223/2/73 224/2/73
f 220/2/73 222/2/73 226/2/128
f 224/2/73 226/2/128 225/2/73
f 227/2/73 226/2/128 222/2/73
f 226/2/128 228/2/73 225/2/73
f 228/2/73 226/2/128 227/2/73
f 229/2/129 230/2/130 231/2/131
f 230/2/130 232/2/132 231/2/131
f 230/2/130 229/2/129 233/2/133
f 232/2/132 230/2/130 234/2/134
f 235/2/135 233/2/133 229/2/129
f 236/2/136 232/2/132 234/2/134
f 229/2/129 237/2/137 235/2/135
f 232/2/132 236/2/136 238/2/138
f 239/2/139 235/2/135 237/2/137
f 236/2/136 240/2/140 238/2/138
f 235/2/135 239/2/139 241/2/141
f 240/2/140 236/2/136 242/2/142
f 239/2/139 243/2/143 241/2/141
f 243/2/143 240/2/140 242/2/142
f 243/2/143 239/2/139 244/2/144
f 240/2/140 243/2/143 244/2/144
f 245/2/145 246/2/146 247/2/146
f 247/2/146 246/2/146 248/2/145
f 249/2/147 250/2/147 251/2/147
f 251/2/147 250/2/147 252/2/148
f 253/2/149 254/2/150 255/2/151
f 256/2/152 255/2/151 254/2/150
f 257/2/153 253/2/149 255/2/151
f 256/2/152 254/2/150 258/2/154
f 253/2/149 257/2/153 259/2/155
f 260/2/156 256/2/152 258/2/154
f 257/2/153 261/2/157 259/2/155
f 260/2/156 258/2/154 262/2/158
f 261/2/157 257/2/153 263/2/157
f 262/2/158 264/2/159 260/2/156
f 265/2/160 261/2/157 263/2/157
f 262/2/158 266/2/161 264/2/159
f 261/2/157 265/2/160 267/2/162
f 268/2/163 264/2/159 266/2/161
f 265/2/160 268/2/163 267/2/162
f 268/2/163 266/2/161 267/2/162
f 269/2/164 270/2/164 271/2/164
f 271/2/164 270/2/164 272/2/165
f 273/2/166 274/2/42 275/2/42
f 273/2/166 275/2/42 276/2/167
f 273/2/166 276/2/167 277/2/73
f 278/2/73 273/2/166 277/2/73
f 274/2/42 279/2/168 275/2/42
f 274/2/42 280/2/169 279/2/168
f 281/2/20 279/2/168 280/2/169
f 279/2/168 281/2/20 282/2/20
f 283/2/170 284/2/171 285/2/172
f 285/2/172 284/2/171 286/2/170
f 287/2/173 288/2/174 289/2/173
f 288/2/174 287/2/173 290/2/175
f 291/2/20 292/2/20 293/2/20
f 294/2/20 293/2/20 292/2/20
f 293/2/20 294/2/20 295/2/20
f 291/2/20 296/2/20 292/2/20
f 297/2/20 296/2/20 291/2/20
f 296/2/20 297/2/20 298/2/20
f 299/2/20 296/2/20 298/2/20
f 299/2/20 298/2/20 300/2/20
f 301/2/42 302/2/42 303/2/42
f 304/2/42 303/2/42 302/2/42
f 305/2/176 306/2/176 307/2/176
f 305/2/176 307/2/176 308/2/176
f 309/2/177 310/2/42 311/2/42
f 309/2/177 311/2/42 312/2/178
f 309/2/177 312/2/178 313/2/179
f 314/2/179 309/2/177 313/2/179
f 315/2/180 316/2/181 317/2/182
f 316/2/181 315/2/180 318/2/183
f 319/2/184 320/2/185 321/2/184
f 319/2/184 321/2/184 322/2/186
f 323/2/187 324/2/187 325/2/187
f 323/2/187 325/2/187 326/2/187
f 327/2/188 328/2/188 329/2/188
f 328/2/188 327/2/188 330/2/188
f 331/2/44 332/2/44 333/2/44
f 331/2/44 333/2/44 334/2/44
f 335/2/189 336/2/189 337/2/189
f 335/2/189 337/2/189 338/2/190
f 339/2/191 340/2/192 341/2/193
f 339/2/191 341/2/193 342/2/191
f 343/2/194 344/2/195 345/2/196
f 344/2/195 343/2/194 346/2/197
f 347/2/198 345/2/196 344/2/195
f 344/2/195 348/2/199 347/2/198
f 349/2/200 350/2/201 351/2/202
f 351/2/202 352/2/203 349/2/200
f 353/2/204 349/2/200 352/2/203
f 349/2/200 353/2/204 354/2/205
f 355/2/46 356/2/44 357/2/44
f 358/2/41 357/2/44 356/2/44
f 356/2/44 355/2/46 359/2/46
f 357/2/44 358/2/41 360/2/41
f 361/2/50 359/2/46 355/2/46
f 358/2/41 362/2/37 360/2/41
f 363/2/50 359/2/46 361/2/50
f 360/2/41 362/2/37 364/2/37
f 365/2/48 363/2/50 361/2/50
f 362/2/37 366/2/38 364/2/37
f 367/2/48 363/2/50 365/2/48
f 364/2/37 366/2/38 368/2/38
f 369/2/206 367/2/48 365/2/48
f 368/2/38 366/2/38 370/2/207
f 369/2/206 371/2/208 367/2/48
f 372/2/50 371/2/208 369/2/206
f 373/2/50 371/2/208 372/2/50
f 368/2/38 370/2/207 374/2/209
f 370/2/207 375/2/37 374/2/209
f 374/2/209 375/2/37 376/2/37
f 377/2/44 378/2/44 379/2/44
f 377/2/44 379/2/44 380/2/44
f 381/2/42 382/2/42 383/2/42
f 381/2/42 383/2/42 384/2/42
f 385/2/42 386/2/42 387/2/42
f 385/2/42 387/2/42 388/2/42
f 389/2/210 390/2/44 391/2/44
f 392/2/211 391/2/44 390/2/44
f 390/2/44 389/2/210 393/2/212
f 394/2/213 392/2/211 390/2/44
f 395/2/214 393/2/212 389/2/210
f 396/2/215 392/2/211 394/2/213
f 393/2/212 395/2/214 397/2/216
f 396/2/215 394/2/213 398/2/217
f 395/2/214 399/2/214 397/2/216
f 400/2/218 396/2/215 398/2/217
f 395/2/214 401/2/214 399/2/214
f 402/2/215 396/2/215 400/2/218
f 399/2/214 401/2/214 403/2/219
f 402/2/215 400/2/218 404/2/220
f 401/2/214 405/2/212 403/2/219
f 406/2/213 402/2/215 404/2/220
f 405/2/212 401/2/214 407/2/221
f 406/2/213 408/2/222 402/2/215
f 405/2/212 407/2/221 409/2/44
f 409/2/44 408/2/222 406/2/213
f 409/2/44 407/2/221 410/2/44
f 408/2/222 409/2/44 410/2/44
f 411/2/223 412/2/44 413/2/44
f 414/2/224 413/2/44 412/2/44
f 412/2/44 411/2/223 415/2/212
f 416/2/213 414/2/224 412/2/44
f 417/2/225 415/2/212 411/2/223
f 418/2/215 414/2/224 416/2/213
f 415/2/212 417/2/225 419/2/216
f 418/2/215 416/2/213 420/2/215
f 417/2/225 421/2/214 419/2/216
f 422/2/215 418/2/215 420/2/215
f 417/2/225 423/2/216 421/2/214
f 424/2/215 418/2/215 422/2/215
f 421/2/214 423/2/216 425/2/226
f 424/2/215 422/2/215 426/2/218
f 423/2/216 427/2/212 425/2/226
f 428/2/213 424/2/215 426/2/218
f 427/2/212 423/2/216 429/2/227
f 428/2/213 430/2/228 424/2/215
f 427/2/212 429/2/227 431/2/44
f 431/2/44 430/2/228 428/2/213
f 431/2/44 429/2/227 432/2/44
f 430/2/228 431/2/44 432/2/44
f 433/2/229 434/2/229 435/2/230
f 433/2/229 436/2/231 434/2/229
f 437/2/232 436/2/231 433/2/229
f 437/2/232 438/2/44 436/2/231
f 438/2/44 437/2/232 439/2/44
f 440/2/233 438/2/44 439/2/44
f 438/2/44 440/2/233 441/2/234
f 442/2/235 441/2/234 440/2/233
f 441/2/234 442/2/235 443/2/236
f 444/2/237 443/2/236 442/2/235
f 445/2/238 446/2/239 447/2/230
f 445/2/238 448/2/232 446/2/239
f 449/2/232 448/2/232 445/2/238
f 450/2/44 448/2/232 449/2/232
f 450/2/44 451/2/44 448/2/232
f 451/2/44 450/2/44 452/2/233
f 453/2/233 452/2/233 450/2/44
f 454/2/240 452/2/233 453/2/233
f 452/2/233 454/2/240 455/2/241
f 456/2/242 455/2/241 454/2/240
f 457/2/184 458/2/243 459/2/184
f 458/2/243 457/2/184 460/2/244
f 461/2/182 462/2/245 463/2/180
f 463/2/180 464/2/180 461/2/182
f 465/2/44 466/2/44 467/2/44
f 465/2/44 467/2/44 468/2/44
f 469/2/44 470/2/44 471/2/44
f 469/2/44 471/2/44 472/2/44
f 473/2/177 474/2/42 475/2/42
f 473/2/177 475/2/42 476/2/178
f 473/2/177 476/2/178 477/2/246
f 478/2/179 473/2/177 477/2/246
f 479/2/247 480/2/195 481/2/248
f 480/2/195 479/2/247 482/2/197
f 483/2/249 481/2/248 480/2/195
f 480/2/195 484/2/250 483/2/249
f 485/2/200 486/2/201 487/2/251
f 487/2/251 488/2/252 485/2/200
f 489/2/253 485/2/200 488/2/252
f 485/2/200 489/2/253 490/2/254
f 491/2/42 492/2/42 493/2/42
f 491/2/42 493/2/42 494/2/42
f 495/2/42 496/2/42 497/2/42
f 495/2/42 497/2/42 498/2/42
f 499/2/255 500/2/256 501/2/257
f 499/2/255 501/2/257 502/2/256
f 503/2/258 504/2/259 505/2/260
f 504/2/259 503/2/258 506/2/260
f 507/2/261 508/2/261 509/2/261
f 507/2/261 509/2/261 510/2/261
f 511/2/50 512/2/50 513/2/50
f 513/2/50 514/2/50 511/2/50
f 514/2/50 513/2/50 515/2/50
f 512/2/50 511/2/50 516/2/50
f 512/2/50 516/2/50 517/2/50
f 517/2/50 518/2/50 512/2/50
f 517/2/50 519/2/50 518/2/50
f 518/2/50 519/2/50 520/2/50
f 519/2/50 521/2/50 520/2/50
f 520/2/50 521/2/50 522/2/50
f 521/2/50 523/2/50 522/2/50
f 523/2/50 521/2/50 524/2/50
f 524/2/50 525/2/50 523/2/50
f 525/2/50 524/2/50 526/2/50
f 527/2/37 528/2/37 529/2/37
f 529/2/37 528/2/37 530/2/37
f 529/2/37 530/2/37 531/2/37
f 528/2/37 527/2/37 532/2/37
f 527/2/37 533/2/37 532/2/37
f 533/2/37 527/2/37 534/2/37
f 534/2/37 535/2/37 533/2/37
f 535/2/37 534/2/37 536/2/37
f 536/2/37 537/2/37 535/2/37
f 537/2/37 536/2/37 538/2/37
f 539/2/37 537/2/37 538/2/37
f 539/2/37 540/2/37 537/2/37
f 540/2/37 539/2/37 541/2/37
f 541/2/37 542/2/37 540/2/37
f 543/2/37 544/2/37 545/2/37
f 543/2/37 546/2/37 544/2/37
f 544/2/37 546/2/37 547/2/37
f 546/2/37 543/2/37 548/2/37
f 548/2/37 543/2/37 549/2/37
f 548/2/37 549/2/37 550/2/37
f 551/2/50 552/2/50 553/2/50
f 551/2/50 554/2/50 552/2/50
f 554/2/50 551/2/50 555/2/50
f 552/2/50 554/2/50 556/2/50
f 556/2/50 557/2/50 552/2/50
f 557/2/50 556/2/50 558/2/50
f 559/2/37 560/2/37 561/2/37
f 561/2/37 560/2/37 562/2/37
f 559/2/37 561/2/37 563/2/37
f 559/2/37 564/2/37 560/2/37
f 560/2/37 564/2/37 565/2/37
f 564/2/37 559/2/37 566/2/37
f 567/2/50 568/2/50 569/2/50
f 570/2/50 567/2/50 569/2/50
f 567/2/50 570/2/50 571/2/50
f 570/2/50 569/2/50 572/2/50
f 572/2/50 569/2/50 573/2/50
f 570/2/50 572/2/50 574/2/50
f 575/2/262 576/2/263 577/2/264
f 576/2/263 578/2/265 577/2/264
f 576/2/263 575/2/262 579/2/262
f 578/2/265 576/2/263 580/2/265
f 581/2/266 579/2/262 575/2/262
f 580/2/265 582/2/267 578/2/265
f 579/2/262 581/2/266 583/2/266
f 580/2/265 584/2/267 582/2/267
f 585/2/268 583/2/266 581/2/266
f 584/2/267 586/2/269 582/2/267
f 583/2/266 585/2/268 587/2/268
f 584/2/267 588/2/269 586/2/269
f 589/2/270 587/2/268 585/2/268
f 588/2/269 589/2/270 586/2/269
f 587/2/268 589/2/270 590/2/270
f 589/2/270 588/2/269 590/2/270
f 591/2/271 592/2/272 593/2/273
f 594/2/274 591/2/271 593/2/273
f 592/2/272 591/2/271 595/2/272
f 591/2/271 594/2/274 596/2/274
f 595/2/272 597/2/275 592/2/272
f 598/2/276 596/2/274 594/2/274
f 595/2/272 599/2/275 597/2/275
f 596/2/274 598/2/276 600/2/276
f 601/2/277 597/2/275 599/2/275
f 602/2/278 600/2/276 598/2/276
f 601/2/277 599/2/275 603/2/277
f 600/2/276 602/2/278 604/2/278
f 603/2/277 605/2/279 601/2/277
f 605/2/279 604/2/278 602/2/278
f 603/2/277 606/2/279 605/2/279
f 604/2/278 605/2/279 606/2/279
f 607/2/280 608/2/281 609/2/281
f 608/2/281 607/2/280 610/2/280
f 611/2/282 609/2/281 608/2/281
f 612/2/283 610/2/280 607/2/280
f 609/2/281 611/2/282 613/2/282
f 610/2/280 612/2/283 614/2/283
f 611/2/282 615/2/284 613/2/282
f 612/2/283 616/2/268 614/2/283
f 611/2/282 617/2/285 615/2/284
f 616/2/268 612/2/283 618/2/268
f 619/2/269 615/2/284 617/2/285
f 620/2/286 616/2/268 618/2/268
f 615/2/284 619/2/269 621/2/269
f 619/2/269 620/2/286 621/2/269
f 616/2/268 620/2/286 622/2/286
f 620/2/286 619/2/269 622/2/286
f 623/2/287 624/2/272 625/2/287
f 624/2/272 623/2/287 626/2/272
f 627/2/274 623/2/287 625/2/287
f 626/2/272 628/2/288 624/2/272
f 625/2/287 629/2/274 627/2/274
f 626/2/272 630/2/288 628/2/288
f 631/2/289 627/2/274 629/2/274
f 632/2/277 628/2/288 630/2/288
f 627/2/274 631/2/289 633/2/290
f 628/2/288 632/2/277 634/2/277
f 631/2/289 635/2/278 633/2/290
f 632/2/277 636/2/279 634/2/277
f 635/2/278 631/2/289 637/2/278
f 636/2/279 635/2/278 637/2/278
f 632/2/277 638/2/291 636/2/279
f 635/2/278 636/2/279 638/2/291
f 639/2/292 640/2/37 641/2/37
f 641/2/37 640/2/37 642/2/37
f 640/2/37 639/2/292 643/2/37
f 639/2/292 644/2/37 643/2/37
f 639/2/292 645/2/37 644/2/37
f 645/2/37 639/2/292 646/2/37
f 647/2/50 648/2/293 649/2/50
f 648/2/293 647/2/50 650/2/50
f 648/2/293 650/2/50 651/2/50
f 648/2/293 652/2/50 649/2/50
f 648/2/293 653/2/50 652/2/50
f 652/2/50 653/2/50 654/2/50
f 655/2/294 656/2/295 657/2/296
f 658/2/297 655/2/294 657/2/296
f 655/2/294 659/2/298 656/2/295
f 655/2/294 658/2/297 660/2/297
f 661/2/299 656/2/295 659/2/298
f 662/2/300 660/2/297 658/2/297
f 656/2/295 661/2/299 663/2/299
f 658/2/297 664/2/301 662/2/300
f 661/2/299 665/2/302 663/2/299
f 666/2/303 662/2/300 664/2/301
f 661/2/299 667/2/302 665/2/302
f 662/2/300 666/2/303 668/2/304
f 669/2/305 665/2/302 667/2/302
f 669/2/305 668/2/304 666/2/303
f 665/2/302 669/2/305 670/2/306
f 669/2/305 666/2/303 670/2/306
f 671/2/307 672/2/308 673/2/309
f 672/2/308 674/2/310 673/2/309
f 672/2/308 671/2/307 675/2/311
f 672/2/308 676/2/310 674/2/310
f 677/2/312 675/2/311 671/2/307
f 678/2/313 674/2/310 676/2/310
f 677/2/312 671/2/307 679/2/312
f 674/2/310 678/2/313 680/2/313
f 681/2/314 677/2/312 679/2/312
f 682/2/315 680/2/313 678/2/313
f 677/2/312 681/2/314 683/2/314
f 678/2/313 684/2/316 682/2/315
f 685/2/317 683/2/314 681/2/314
f 685/2/317 682/2/315 684/2/316
f 685/2/317 681/2/314 686/2/318
f 682/2/315 685/2/317 686/2/318
f 687/2/37 688/2/37 689/2/37
f 690/2/37 689/2/37 688/2/37
f 690/2/37 688/2/37 691/2/37
f 691/2/37 688/2/37 692/2/37
f 691/2/37 692/2/37 693/2/37
f 694/2/37 687/2/37 689/2/37
f 687/2/37 694/2/37 695/2/37
f 696/2/292 694/2/37 689/2/37
f 694/2/37 696/2/292 697/2/37
f 696/2/292 698/2/37 697/2/37
f 696/2/292 699/2/37 698/2/37
f 699/2/37 696/2/292 700/2/37
f 701/2/292 699/2/37 700/2/37
f 699/2/37 701/2/292 702/2/37
f 701/2/292 703/2/37 702/2/37
f 702/2/37 703/2/37 704/2/37
f 705/2/292 701/2/292 700/2/37
f 701/2/292 705/2/292 706/2/37
f 706/2/37 705/2/292 707/2/37
f 700/2/37 708/2/37 705/2/292
f 709/2/37 705/2/292 708/2/37
f 705/2/292 709/2/37 710/2/37
f 711/2/37 710/2/37 709/2/37
f 710/2/37 711/2/37 712/2/37
f 710/2/37 712/2/37 713/2/37
f 714/2/50 715/2/50 716/2/50
f 716/2/50 715/2/50 717/2/50
f 715/2/50 714/2/50 718/2/50
f 718/2/50 719/2/293 715/2/50
f 719/2/293 718/2/50 720/2/50
f 721/2/50 719/2/293 720/2/50
f 719/2/293 722/2/50 723/2/50
f 724/2/293 722/2/50 719/2/293
f 719/2/293 721/2/50 724/2/293
f 725/2/50 724/2/293 721/2/50
f 724/2/293 725/2/50 726/2/50
f 726/2/50 727/2/50 724/2/293
f 727/2/50 726/2/50 728/2/50
f 729/2/293 725/2/50 721/2/50
f 725/2/50 729/2/293 730/2/50
f 731/2/50 730/2/50 729/2/293
f 732/2/50 731/2/50 729/2/293
f 732/2/50 729/2/293 733/2/50
f 733/2/50 734/2/50 732/2/50
f 735/2/50 732/2/50 734/2/50
f 734/2/50 733/2/50 736/2/50
f 733/2/50 737/2/50 736/2/50
f 736/2/50 737/2/50 738/2/50
f 738/2/50 739/2/50 736/2/50
f 739/2/50 738/2/50 740/2/50
f 741/2/37 742/2/37 743/2/37
f 742/2/37 741/2/37 744/2/37
f 744/2/37 745/2/37 742/2/37
f 742/2/37 745/2/37 746/2/37
f 747/2/50 748/2/50 749/2/50
f 750/2/50 749/2/50 748/2/50
f 748/2/50 751/2/50 750/2/50
f 751/2/50 748/2/50 752/2/50
f 753/2/319 754/2/320 755/2/321
f 756/2/322 755/2/321 754/2/320
f 753/2/319 755/2/321 757/2/319
f 755/2/321 756/2/322 758/2/323
f 757/2/319 759/2/319 753/2/319
f 760/2/324 758/2/323 756/2/322
f 759/2/319 757/2/319 761/2/319
f 758/2/323 760/2/324 762/2/325
f 763/2/326 759/2/319 761/2/319
f 764/2/327 762/2/325 760/2/324
f 759/2/319 763/2/326 765/2/328
f 760/2/324 766/2/329 764/2/327
f 767/2/330 765/2/328 763/2/326
f 768/2/331 764/2/327 766/2/329
f 767/2/330 763/2/326 769/2/332
f 764/2/327 768/2/331 770/2/331
f 771/2/333 767/2/330 769/2/332
f 768/2/331 772/2/334 770/2/331
f 771/2/333 769/2/332 773/2/335
f 772/2/334 768/2/331 774/2/334
f 775/2/336 771/2/333 773/2/335
f 776/2/337 772/2/334 774/2/334
f 771/2/333 775/2/336 777/2/338
f 774/2/334 778/2/339 776/2/337
f 775/2/336 779/2/340 777/2/338
f 780/2/341 776/2/337 778/2/339
f 779/2/340 775/2/336 781/2/338
f 776/2/337 780/2/341 782/2/342
f 783/2/343 779/2/340 781/2/338
f 784/2/344 782/2/342 780/2/341
f 779/2/340 783/2/343 785/2/343
f 780/2/341 786/2/345 784/2/344
f 787/2/346 785/2/343 783/2/343
f 788/2/347 784/2/344 786/2/345
f 785/2/343 787/2/346 789/2/346
f 788/2/347 786/2/345 790/2/348
f 791/2/349 789/2/346 787/2/346
f 792/2/350 788/2/347 790/2/348
f 787/2/346 793/2/351 791/2/349
f 788/2/347 792/2/350 794/2/352
f 795/2/353 791/2/349 793/2/351
f 796/2/354 794/2/352 792/2/350
f 791/2/349 795/2/353 797/2/355
f 796/2/354 792/2/350 798/2/354
f 799/2/245 797/2/355 795/2/353
f 798/2/354 800/2/356 796/2/354
f 797/2/355 799/2/245 801/2/180
f 798/2/354 802/2/356 800/2/356
f 799/2/245 803/2/357 801/2/180
f 804/2/358 800/2/356 802/2/356
f 799/2/245 805/2/359 803/2/357
f 805/2/359 804/2/358 803/2/357
f 800/2/356 804/2/358 806/2/360
f 805/2/359 806/2/360 804/2/358
f 807/2/361 808/2/362 809/2/363
f 810/2/364 809/2/363 808/2/362
f 808/2/362 807/2/361 811/2/361
f 808/2/362 812/2/365 810/2/364
f 813/2/361 811/2/361 807/2/361
f 812/2/365 814/2/366 810/2/364
f 811/2/361 813/2/361 815/2/361
f 812/2/365 816/2/367 814/2/366
f 817/2/368 815/2/361 813/2/361
f 818/2/369 814/2/366 816/2/367
f 813/2/361 819/2/370 817/2/368
f 814/2/366 818/2/369 820/2/371
f 821/2/372 817/2/368 819/2/370
f 818/2/369 822/2/373 820/2/371
f 817/2/368 821/2/372 823/2/374
f 818/2/369 824/2/375 822/2/373
f 825/2/376 823/2/374 821/2/372
f 826/2/377 822/2/373 824/2/375
f 823/2/374 825/2/376 827/2/378
f 822/2/373 826/2/377 828/2/377
f 825/2/376 829/2/379 827/2/378
f 830/2/380 828/2/377 826/2/377
f 825/2/376 831/2/381 829/2/379
f 828/2/377 830/2/380 832/2/382
f 833/2/381 829/2/379 831/2/381
f 834/2/383 832/2/382 830/2/380
f 829/2/379 833/2/381 835/2/379
f 834/2/383 830/2/380 836/2/384
f 833/2/381 837/2/385 835/2/379
f 838/2/383 834/2/383 836/2/384
f 833/2/381 839/2/385 837/2/385
f 834/2/383 838/2/383 840/2/386
f 839/2/385 841/2/387 837/2/385
f 842/2/388 840/2/386 838/2/383
f 841/2/387 839/2/385 843/2/387
f 840/2/386 842/2/388 844/2/389
f 845/2/390 841/2/387 843/2/387
f 846/2/388 844/2/389 842/2/388
f 841/2/387 845/2/390 847/2/391
f 842/2/388 848/2/392 846/2/388
f 849/2/393 847/2/391 845/2/390
f 850/2/394 846/2/388 848/2/392
f 849/2/393 845/2/390 851/2/395
f 846/2/388 850/2/394 852/2/394
f 853/2/184 849/2/393 851/2/395
f 854/2/396 852/2/394 850/2/394
f 851/2/395 855/2/243 853/2/184
f 852/2/394 854/2/396 856/2/396
f 857/2/397 853/2/184 855/2/243
f 858/2/398 856/2/396 854/2/396
f 853/2/184 857/2/397 859/2/399
f 858/2/398 859/2/399 857/2/397
f 859/2/399 858/2/398 860/2/400
f 858/2/398 854/2/396 860/2/400
f 861/2/42 862/2/42 863/2/42
f 861/2/42 863/2/42 864/2/42
f 865/2/50 866/2/50 867/2/50
f 868/2/50 866/2/50 865/2/50
f 866/2/50 868/2/50 869/2/50
f 870/2/37 871/2/37 872/2/37
f 873/2/37 871/2/37 870/2/37
f 874/2/37 871/2/37 873/2/37
f 875/2/401 876/2/402 877/2/44
f 876/2/402 875/2/401 878/2/46
f 879/2/50 876/2/402 878/2/46
f 877/2/44 880/2/403 875/2/401
f 880/2/403 877/2/44 881/2/41
f 882/2/44 878/2/46 875/2/401
f 875/2/401 883/2/41 882/2/44
f 883/2/41 875/2/401 880/2/403
f 878/2/46 882/2/44 884/2/402
f 883/2/41 880/2/403 885/2/37
f 878/2/46 886/2/293 879/2/50
f 878/2/46 884/2/402 886/2/293
f 887/2/48 879/2/50 886/2/293
f 888/2/50 886/2/293 884/2/402
f 886/2/293 889/2/404 887/2/48
f 886/2/293 888/2/50 889/2/404
f 890/2/42 887/2/48 889/2/404
f 891/2/48 889/2/404 888/2/50
f 889/2/404 892/2/405 890/2/42
f 889/2/404 891/2/48 892/2/405
f 893/2/38 890/2/42 892/2/405
f 894/2/42 892/2/405 891/2/48
f 892/2/405 895/2/38 893/2/38
f 892/2/405 894/2/42 895/2/38
f 896/2/37 893/2/38 895/2/38
f 897/2/38 895/2/38 894/2/42
f 895/2/38 898/2/292 896/2/37
f 895/2/38 897/2/38 898/2/292
f 881/2/41 896/2/37 898/2/292
f 885/2/37 898/2/292 897/2/38
f 898/2/292 880/2/403 881/2/41
f 898/2/292 885/2/37 880/2/403
f 899/2/37 900/2/38 901/2/37
f 900/2/38 899/2/37 902/2/38
f 901/2/37 903/2/41 899/2/37
f 902/2/38 904/2/42 900/2/38
f 903/2/41 901/2/37 905/2/41
f 904/2/42 902/2/38 906/2/42
f 903/2/41 905/2/41 907/2/44
f 906/2/42 908/2/48 904/2/42
f 909/2/44 907/2/44 905/2/41
f 908/2/48 906/2/42 910/2/48
f 907/2/44 909/2/44 911/2/46
f 910/2/48 912/2/50 908/2/48
f 913/2/46 911/2/46 909/2/44
f 912/2/50 910/2/48 914/2/50
f 913/2/46 914/2/50 911/2/46
f 914/2/50 913/2/46 912/2/50
f 915/2/406 916/2/406 917/2/406
f 916/2/406 915/2/406 918/2/406
f 919/2/407 920/2/408 921/2/409
f 919/2/407 921/2/409 922/2/408
f 923/2/37 924/2/37 925/2/37
f 923/2/37 926/2/37 924/2/37
f 926/2/37 923/2/37 927/2/37
f 926/2/37 928/2/37 924/2/37
f 928/2/37 926/2/37 929/2/37
f 930/2/50 931/2/50 932/2/50
f 930/2/50 932/2/50 933/2/50
f 931/2/50 934/2/50 932/2/50
f 931/2/50 930/2/50 935/2/50
f 931/2/50 935/2/50 936/2/50
f 937/2/48 938/2/48 939/2/42
f 940/2/42 939/2/42 938/2/48
f 938/2/48 937/2/48 941/2/50
f 939/2/42 940/2/42 942/2/38
f 943/2/50 941/2/50 937/2/48
f 944/2/38 942/2/38 940/2/42
f 941/2/50 943/2/50 945/2/46
f 942/2/38 944/2/38 946/2/37
f 947/2/46 945/2/46 943/2/50
f 948/2/37 946/2/37 944/2/38
f 947/2/46 949/2/44 945/2/46
f 946/2/37 948/2/37 950/2/41
f 949/2/44 947/2/46 951/2/44
f 952/2/41 950/2/41 948/2/37
f 951/2/44 952/2/41 949/2/44
f 952/2/41 951/2/44 950/2/41
f 953/2/41 954/2/44 955/2/41
f 954/2/44 953/2/41 956/2/44
f 953/2/41 955/2/41 957/2/37
f 956/2/44 958/2/46 954/2/44
f 959/2/37 957/2/37 955/2/41
f 958/2/46 956/2/44 960/2/46
f 957/2/37 959/2/37 961/2/410
f 958/2/46 960/2/46 962/2/50
f 963/2/410 961/2/410 959/2/37
f 964/2/50 962/2/50 960/2/46
f 961/2/410 963/2/410 965/2/42
f 962/2/50 964/2/50 966/2/48
f 967/2/42 965/2/42 963/2/410
f 968/2/48 966/2/48 964/2/50
f 965/2/42 967/2/42 968/2/48
f 966/2/48 968/2/48 967/2/42
f 969/2/37 970/2/37 971/2/37
f 970/2/37 969/2/37 972/2/37
f 973/2/50 974/2/50 975/2/50
f 976/2/50 975/2/50 974/2/50
f 977/2/37 978/2/37 979/2/37
f 978/2/37 977/2/37 980/2/37
f 977/2/37 979/2/37 981/2/37
f 982/2/37 977/2/37 981/2/37
f 981/2/37 983/2/37 982/2/37
f 984/2/37 982/2/37 983/2/37
f 983/2/37 985/2/37 984/2/37
f 985/2/37 983/2/37 986/2/37
f 985/2/37 987/2/37 984/2/37
f 984/2/37 987/2/37 988/2/37
f 987/2/37 985/2/37 989/2/37
f 990/2/50 991/2/50 992/2/50
f 991/2/50 990/2/50 993/2/50
f 993/2/50 990/2/50 994/2/50
f 990/2/50 995/2/50 994/2/50
f 996/2/50 994/2/50 995/2/50
f 995/2/50 997/2/50 996/2/50
f 998/2/50 996/2/50 997/2/50
f 996/2/50 998/2/50 999/2/50
f 998/2/50 997/2/50 1000/2/50
f 1000/2/50 997/2/50 1001/2/50
f 998/2/50 1000/2/50 1002/2/50
f 1003/2/44 1004/2/44 1005/2/44
f 1003/2/44 1005/2/44 1006/2/44
f 1007/2/411 1008/2/412 1009/2/412
f 1009/2/412 1010/2/413 1007/2/411
f 1011/2/414 1012/2/414 1013/2/414
f 1012/2/414 1011/2/414 1014/2/415
f 1015/2/416 1016/2/416 1017/2/416
f 1016/2/416 1015/2/416 1018/2/416
f 1019/2/417 1020/2/417 1021/2/417
f 1020/2/417 1019/2/417 1022/2/418
f 1023/2/37 1024/2/37 1025/2/37
f 1024/2/37 1023/2/37 1026/2/37
f 1026/2/37 1027/2/37 1024/2/37
f 1024/2/37 1027/2/37 1028/2/37
f 1029/2/50 1030/2/50 1031/2/50
f 1032/2/50 1031/2/50 1030/2/50
f 1030/2/50 1033/2/50 1032/2/50
f 1033/2/50 1030/2/50 1034/2/50
f 1035/2/38 1036/2/38 1037/2/37
f 1038/2/37 1037/2/37 1036/2/38
f 1036/2/38 1035/2/38 1039/2/42
f 1037/2/37 1038/2/37 1040/2/41
f 1041/2/42 1039/2/42 1035/2/38
f 1042/2/41 1040/2/41 1038/2/37
f 1039/2/42 1041/2/42 1043/2/48
f 1042/2/41 1044/2/44 1040/2/41
f 1045/2/48 1043/2/48 1041/2/42
f 1044/2/44 1042/2/41 1046/2/44
f 1043/2/48 1045/2/48 1047/2/50
f 1046/2/44 1048/2/46 1044/2/44
f 1049/2/50 1047/2/50 1045/2/48
f 1048/2/46 1046/2/44 1050/2/419
f 1047/2/50 1049/2/50 1050/2/419
f 1048/2/46 1050/2/419 1049/2/50
f 1051/2/420 1052/2/421 1053/2/422
f 1052/2/421 1051/2/420 1054/2/423
f 1055/2/424 1054/2/423 1051/2/420
f 1051/2/420 1056/2/425 1055/2/424
f 1057/2/426 1058/2/427 1059/2/428
f 1057/2/426 1059/2/428 1060/2/429
f 1061/2/430 1059/2/428 1058/2/427
f 1059/2/428 1061/2/430 1062/2/431
f 1063/2/50 1064/2/50 1065/2/50
f 1064/2/50 1063/2/50 1066/2/50
f 1067/2/50 1063/2/50 1065/2/50
f 1065/2/50 1068/2/50 1067/2/50
f 1068/2/50 1065/2/50 1069/2/50
f 1067/2/50 1068/2/50 1070/2/50
f 1068/2/50 1069/2/50 1071/2/50
f 1069/2/50 1072/2/50 1071/2/50
f 1073/2/50 1071/2/50 1072/2/50
f 1067/2/50 1070/2/50 1074/2/50
f 1070/2/50 1075/2/50 1074/2/50
f 1075/2/50 1070/2/50 1076/2/50
f 1077/2/37 1078/2/37 1079/2/37
f 1078/2/37 1077/2/37 1080/2/37
f 1080/2/37 1077/2/37 1081/2/37
f 1081/2/37 1082/2/292 1080/2/37
f 1080/2/37 1082/2/292 1083/2/37
f 1082/2/292 1081/2/37 1084/2/37
f 1083/2/37 1082/2/292 1085/2/37
f 1086/2/37 1083/2/37 1085/2/37
f 1085/2/37 1087/2/37 1086/2/37
f 1082/2/292 1084/2/37 1088/2/37
f 1084/2/37 1089/2/37 1088/2/37
f 1089/2/37 1084/2/37 1090/2/37
f 1091/2/407 1092/2/407 1093/2/409
f 1092/2/407 1091/2/407 1094/2/408
f 1095/2/432 1096/2/433 1097/2/432
f 1095/2/432 1097/2/432 1098/2/434
f 1099/2/434 1100/2/434 1101/2/434
f 1101/2/434 1102/2/433 1099/2/434
f 1103/2/432 1101/2/434 1100/2/434
f 1101/2/434 1103/2/432 1104/2/432
f 1105/2/407 1106/2/435 1107/2/408
f 1106/2/435 1105/2/407 1108/2/435
f 1105/2/407 1109/2/407 1108/2/435
f 1105/2/407 1110/2/407 1109/2/407
f 1111/2/50 1112/2/48 1113/2/50
f 1112/2/48 1111/2/50 1114/2/48
f 1113/2/50 1115/2/46 1111/2/50
f 1114/2/48 1116/2/42 1112/2/48
f 1115/2/46 1113/2/50 1117/2/46
f 1116/2/42 1114/2/48 1118/2/42
f 1115/2/46 1117/2/46 1119/2/44
f 1118/2/42 1120/2/38 1116/2/42
f 1117/2/46 1121/2/44 1119/2/44
f 1120/2/38 1118/2/42 1122/2/38
f 1119/2/44 1121/2/44 1123/2/41
f 1122/2/38 1124/2/37 1120/2/38
f 1121/2/44 1125/2/41 1123/2/41
f 1124/2/37 1122/2/38 1126/2/37
f 1125/2/41 1126/2/37 1123/2/41
f 1126/2/37 1125/2/41 1124/2/37
f 1127/2/50 1128/2/50 1129/2/436
f 1128/2/50 1130/2/436 1129/2/436
f 1129/2/436 1130/2/436 1131/2/437
f 1130/2/436 1132/2/437 1131/2/437
f 1133/2/438 1134/2/37 1135/2/438
f 1134/2/37 1133/2/438 1136/2/37
f 1135/2/438 1137/2/439 1133/2/438
f 1137/2/439 1135/2/438 1138/2/439
f 1139/2/42 1140/2/42 1141/2/42
f 1139/2/42 1141/2/42 1142/2/42
f 1143/2/440 1144/2/440 1145/2/441
f 1144/2/440 1143/2/440 1146/2/442
f 1147/2/443 1148/2/443 1149/2/443
f 1148/2/443 1150/2/444 1149/2/443
f 1147/2/443 1149/2/443 1151/2/445
f 1148/2/443 1152/2/446 1150/2/444
f 1153/2/447 1147/2/443 1151/2/445
f 1152/2/446 1148/2/443 1154/2/448
f 1153/2/447 1151/2/445 1155/2/449
f 1156/2/450 1152/2/446 1154/2/448
f 1157/2/447 1153/2/447 1155/2/449
f 1152/2/446 1156/2/450 1158/2/448
f 1157/2/447 1155/2/449 1159/2/451
f 1156/2/450 1160/2/452 1158/2/448
f 1161/2/453 1157/2/447 1159/2/451
f 1156/2/450 1162/2/452 1160/2/452
f 1161/2/453 1159/2/451 1163/2/454
f 1162/2/452 1164/2/455 1160/2/452
f 1165/2/456 1161/2/453 1163/2/454
f 1164/2/455 1166/2/457 1160/2/452
f 1165/2/456 1163/2/454 1167/2/127
f 1168/2/458 1166/2/457 1164/2/455
f 1167/2/127 1169/2/127 1165/2/456
f 1166/2/457 1168/2/458 1170/2/458
f 1167/2/127 1171/2/459 1169/2/127
f 1168/2/458 1172/2/460 1170/2/458
f 1173/2/459 1169/2/127 1171/2/459
f 1172/2/460 1174/2/460 1170/2/458
f 1173/2/459 1171/2/459 1175/2/459
f 1174/2/460 1172/2/460 1176/2/461
f 1175/2/459 1177/2/459 1173/2/459
f 1176/2/461 1178/2/462 1174/2/460
f 1177/2/459 1175/2/459 1179/2/463
f 1176/2/461 1180/2/464 1178/2/462
f 1181/2/463 1177/2/459 1179/2/463
f 1176/2/461 1182/2/465 1180/2/464
f 1181/2/463 1179/2/463 1183/2/466
f 1180/2/464 1182/2/465 1184/2/467
f 1183/2/466 1185/2/463 1181/2/463
f 1184/2/467 1186/2/468 1180/2/464
f 1185/2/463 1183/2/466 1187/2/469
f 1186/2/468 1184/2/467 1188/2/470
f 1189/2/471 1185/2/463 1187/2/469
f 1188/2/470 1190/2/472 1186/2/468
f 1191/2/473 1189/2/471 1187/2/469
f 1190/2/472 1188/2/470 1192/2/474
f 1189/2/471 1191/2/473 1193/2/473
f 1192/2/474 1194/2/475 1190/2/472
f 1193/2/473 1191/2/473 1195/2/476
f 1192/2/474 1196/2/42 1194/2/475
f 1195/2/476 1197/2/477 1193/2/473
f 1192/2/474 1198/2/42 1196/2/42
f 1199/2/478 1197/2/477 1195/2/476
f 1198/2/42 1199/2/478 1196/2/42
f 1197/2/477 1199/2/478 1200/2/479
f 1199/2/478 1198/2/42 1200/2/479
f 1201/2/480 1202/2/480 1203/2/480
f 1202/2/480 1201/2/480 1204/2/480
f 1205/2/481 1206/2/481 1207/2/481
f 1206/2/481 1205/2/481 1208/2/481
f 1209/2/38 1210/2/38 1211/2/37
f 1212/2/37 1211/2/37 1210/2/38
f 1210/2/38 1209/2/38 1213/2/42
f 1211/2/37 1212/2/37 1214/2/41
f 1215/2/42 1213/2/42 1209/2/38
f 1216/2/41 1214/2/41 1212/2/37
f 1213/2/42 1215/2/42 1217/2/48
f 1216/2/41 1218/2/44 1214/2/41
f 1219/2/48 1217/2/48 1215/2/42
f 1218/2/44 1216/2/41 1220/2/44
f 1217/2/48 1219/2/48 1221/2/50
f 1220/2/44 1222/2/46 1218/2/44
f 1223/2/50 1221/2/50 1219/2/48
f 1222/2/46 1220/2/44 1224/2/46
f 1221/2/50 1223/2/50 1224/2/46
f 1222/2/46 1224/2/46 1223/2/50
f 1225/2/44 1226/2/482 1227/2/483
f 1225/2/44 1227/2/483 1228/2/44
f 1229/2/484 1227/2/483 1226/2/482
f 1227/2/483 1229/2/484 1230/2/485
f 1231/2/486 1232/2/487 1233/2/487
f 1232/2/487 1231/2/486 1234/2/488
f 1235/2/489 1236/2/490 1237/2/491
f 1237/2/491 1238/2/492 1235/2/489
f 1239/2/44 1240/2/44 1241/2/44
f 1241/2/44 1240/2/44 1242/2/44
f 1243/2/44 1244/2/44 1245/2/44
f 1243/2/44 1245/2/44 1246/2/44
f 1247/2/44 1245/2/44 1244/2/44
f 1245/2/44 1247/2/44 1248/2/44
f 1249/2/42 1250/2/42 1251/2/42
f 1249/2/42 1251/2/42 1252/2/42
f 1253/2/493 1254/2/407 1255/2/407
f 1253/2/493 1255/2/407 1256/2/407
f 1257/2/432 1258/2/434 1259/2/434
f 1258/2/434 1257/2/432 1260/2/432
f 1261/2/50 1262/2/50 1263/2/50
f 1261/2/50 1263/2/50 1264/2/50
f 1265/2/50 1262/2/50 1261/2/50
f 1262/2/50 1265/2/50 1266/2/50
f 1266/2/50 1265/2/50 1267/2/50
f 1262/2/50 1266/2/50 1268/2/50
f 1269/2/37 1270/2/37 1271/2/37
f 1269/2/37 1272/2/37 1270/2/37
f 1270/2/37 1272/2/37 1273/2/37
f 1272/2/37 1269/2/37 1274/2/37
f 1274/2/37 1269/2/37 1275/2/37
f 1275/2/37 1276/2/37 1274/2/37
f 1277/2/50 1278/2/50 1279/2/50
f 1278/2/50 1277/2/50 1280/2/50
f 1280/2/50 1277/2/50 1281/2/50
f 1282/2/50 1278/2/50 1280/2/50
f 1278/2/50 1282/2/50 1283/2/50
f 1282/2/50 1280/2/50 1284/2/50
f 1285/2/37 1286/2/37 1287/2/37
f 1286/2/37 1288/2/37 1287/2/37
f 1286/2/37 1285/2/37 1289/2/37
f 1290/2/37 1285/2/37 1287/2/37
f 1285/2/37 1290/2/37 1291/2/37
f 1290/2/37 1287/2/37 1292/2/37
f 1293/2/494 1294/2/271 1295/2/271
f 1296/2/495 1295/2/271 1294/2/271
f 1295/2/271 1297/2/494 1293/2/494
f 1295/2/271 1296/2/495 1298/2/495
f 1297/2/494 1299/2/496 1293/2/494
f 1300/2/497 1298/2/495 1296/2/495
f 1299/2/496 1297/2/494 1301/2/496
f 1298/2/495 1300/2/497 1302/2/289
f 1301/2/496 1303/2/498 1299/2/496
f 1304/2/499 1302/2/289 1300/2/497
f 1301/2/496 1305/2/500 1303/2/498
f 1302/2/289 1304/2/499 1306/2/499
f 1307/2/279 1303/2/498 1305/2/500
f 1307/2/279 1306/2/499 1304/2/499
f 1305/2/500 1308/2/279 1307/2/279
f 1306/2/499 1307/2/279 1308/2/279
f 1309/2/264 1310/2/262 1311/2/262
f 1312/2/266 1311/2/262 1310/2/262
f 1310/2/262 1309/2/264 1313/2/281
f 1311/2/262 1312/2/266 1314/2/266
f 1309/2/264 1315/2/265 1313/2/281
f 1316/2/268 1314/2/266 1312/2/266
f 1309/2/264 1317/2/265 1315/2/265
f 1314/2/266 1316/2/268 1318/2/501
f 1317/2/265 1319/2/267 1315/2/265
f 1320/2/270 1318/2/501 1316/2/268
f 1319/2/267 1317/2/265 1321/2/267
f 1318/2/501 1320/2/270 1322/2/270
f 1321/2/267 1323/2/269 1319/2/267
f 1324/2/269 1322/2/270 1320/2/270
f 1321/2/267 1324/2/269 1323/2/269
f 1320/2/270 1323/2/269 1324/2/269
f 1325/2/502 1326/2/503 1327/2/503
f 1327/2/503 1328/2/502 1325/2/502
f 1326/2/503 1329/2/504 1327/2/503
f 1328/2/502 1330/2/288 1325/2/502
f 1329/2/504 1326/2/503 1331/2/504
f 1330/2/288 1328/2/502 1332/2/496
f 1333/2/289 1329/2/504 1331/2/504
f 1334/2/498 1330/2/288 1332/2/496
f 1329/2/504 1333/2/289 1335/2/505
f 1330/2/288 1334/2/498 1336/2/498
f 1337/2/499 1335/2/505 1333/2/289
f 1338/2/506 1336/2/498 1334/2/498
f 1337/2/499 1333/2/289 1339/2/499
f 1338/2/506 1337/2/499 1339/2/499
f 1337/2/499 1338/2/506 1340/2/506
f 1334/2/498 1340/2/506 1338/2/506
f 1341/2/281 1342/2/280 1343/2/280
f 1342/2/280 1341/2/281 1344/2/281
f 1345/2/283 1343/2/280 1342/2/280
f 1346/2/282 1344/2/281 1341/2/281
f 1343/2/280 1345/2/283 1347/2/283
f 1344/2/281 1346/2/282 1348/2/282
f 1349/2/268 1347/2/283 1345/2/283
f 1346/2/282 1350/2/285 1348/2/282
f 1349/2/268 1345/2/283 1351/2/268
f 1350/2/285 1346/2/282 1352/2/284
f 1353/2/270 1349/2/268 1351/2/268
f 1354/2/269 1350/2/285 1352/2/284
f 1349/2/268 1353/2/270 1355/2/507
f 1354/2/269 1355/2/507 1353/2/270
f 1350/2/285 1354/2/269 1356/2/269
f 1353/2/270 1356/2/269 1354/2/269
f 1357/2/126 1358/2/508 1359/2/509
f 1357/2/126 1359/2/509 1360/2/510
f 1361/2/511 1362/2/512 1363/2/513
f 1361/2/511 1363/2/513 1364/2/514
f 1365/2/430 1363/2/513 1362/2/512
f 1363/2/513 1365/2/430 1366/2/431
f 1367/2/515 1368/2/516 1369/2/517
f 1368/2/516 1367/2/515 1370/2/518
f 1371/2/424 1370/2/518 1367/2/515
f 1367/2/515 1372/2/425 1371/2/424
f 1373/2/519 1374/2/520 1375/2/520
f 1374/2/520 1376/2/519 1375/2/520
f 1377/2/521 1378/2/521 1379/2/522
f 1378/2/521 1377/2/521 1380/2/521
f 1381/2/44 1382/2/44 1383/2/44
f 1382/2/44 1381/2/44 1384/2/44
f 1385/2/124 1386/2/44 1387/2/44
f 1388/2/125 1387/2/44 1386/2/44
f 1386/2/44 1385/2/124 1389/2/124
f 1387/2/44 1388/2/125 1390/2/125
f 1391/2/20 1389/2/124 1385/2/124
f 1392/2/73 1390/2/125 1388/2/125
f 1389/2/124 1391/2/20 1393/2/20
f 1390/2/125 1392/2/73 1394/2/73
f 1395/2/126 1393/2/20 1391/2/20
f 1396/2/127 1394/2/73 1392/2/73
f 1393/2/20 1395/2/126 1397/2/126
f 1394/2/73 1396/2/127 1398/2/127
f 1399/2/42 1397/2/126 1395/2/126
f 1400/2/42 1398/2/127 1396/2/127
f 1397/2/126 1399/2/42 1400/2/42
f 1398/2/127 1400/2/42 1399/2/42
f 1401/2/124 1402/2/44 1403/2/44
f 1404/2/125 1403/2/44 1402/2/44
f 1402/2/44 1401/2/124 1405/2/124
f 1403/2/44 1404/2/125 1406/2/125
f 1407/2/20 1405/2/124 1401/2/124
f 1408/2/73 1406/2/125 1404/2/125
f 1405/2/124 1407/2/20 1409/2/20
f 1406/2/125 1408/2/73 1410/2/73
f 1411/2/126 1409/2/20 1407/2/20
f 1412/2/127 1410/2/73 1408/2/73
f 1409/2/20 1411/2/126 1413/2/126
f 1410/2/73 1412/2/127 1414/2/127
f 1415/2/42 1413/2/126 1411/2/126
f 1416/2/42 1414/2/127 1412/2/127
f 1413/2/126 1415/2/42 1416/2/42
f 1414/2/127 1416/2/42 1415/2/42
f 1417/2/124 1418/2/124 1419/2/44
f 1419/2/44 1418/2/124 1420/2/44
f 1417/2/124 1421/2/20 1418/2/124
f 1420/2/44 1422/2/125 1419/2/44
f 1421/2/20 1417/2/124 1423/2/20
f 1422/2/125 1420/2/44 1424/2/125
f 1423/2/20 1425/2/126 1421/2/20
f 1422/2/125 1424/2/125 1426/2/73
f 1427/2/126 1425/2/126 1423/2/20
f 1426/2/73 1424/2/125 1428/2/73
f 1427/2/126 1429/2/42 1425/2/126
f 1428/2/73 1430/2/127 1426/2/73
f 1429/2/42 1427/2/126 1431/2/42
f 1430/2/127 1428/2/73 1432/2/127
f 1431/2/42 1432/2/127 1429/2/42
f 1430/2/127 1432/2/127 1431/2/42
f 1433/2/44 1434/2/482 1435/2/523
f 1433/2/44 1435/2/523 1436/2/44
f 1437/2/524 1435/2/523 1434/2/482
f 1435/2/523 1437/2/524 1438/2/484
f 1439/2/42 1440/2/42 1441/2/42
f 1439/2/42 1441/2/42 1442/2/42
f 1443/2/165 1444/2/165 1445/2/525
f 1445/2/525 1444/2/165 1446/2/165
f 1447/2/526 1448/2/527 1449/2/528
f 1448/2/527 1447/2/526 1450/2/526
f 1451/2/529 1452/2/530 1453/2/531
f 1452/2/530 1451/2/529 1454/2/532
f 1455/2/533 1456/2/534 1457/2/535
f 1456/2/534 1455/2/533 1458/2/534
f 1459/2/73 1460/2/73 1461/2/73
f 1459/2/73 1461/2/73 1462/2/73
f 1460/2/73 1463/2/73 1461/2/73
f 1463/2/73 1460/2/73 1464/2/73
f 1460/2/73 1465/2/73 1464/2/73
f 1466/2/73 1464/2/73 1465/2/73
f 1467/2/73 1466/2/73 1465/2/73
f 1466/2/73 1467/2/73 1468/2/73
f 1469/2/536 1470/2/536 1471/2/537
f 1470/2/536 1469/2/536 1472/2/538
f 1473/2/20 1474/2/20 1475/2/20
f 1475/2/20 1474/2/20 1476/2/20
f 1477/2/20 1478/2/20 1479/2/20
f 1480/2/20 1479/2/20 1478/2/20
f 1479/2/20 1480/2/20 1481/2/20
f 1480/2/20 1482/2/20 1481/2/20
f 1482/2/20 1480/2/20 1483/2/20
f 1483/2/20 1484/2/20 1482/2/20
f 1484/2/20 1483/2/20 1485/2/20
f 1486/2/20 1484/2/20 1485/2/20
f 1484/2/20 1486/2/20 1487/2/20
f 1488/2/20 1487/2/20 1486/2/20
f 1487/2/20 1488/2/20 1489/2/20
f 1490/2/20 1489/2/20 1488/2/20
f 1490/2/20 1488/2/20 1491/2/20
f 1492/2/20 1490/2/20 1491/2/20
f 1491/2/20 1493/2/539 1492/2/20
f 1493/2/539 1494/2/20 1492/2/20
f 1494/2/20 1493/2/539 1495/2/20
f 1495/2/20 1493/2/539 1477/2/20
f 1478/2/20 1477/2/20 1493/2/539
f 1496/2/540 1497/2/541 1498/2/542
f 1499/2/543 1498/2/542 1497/2/541
f 1496/2/540 1498/2/542 1500/2/544
f 1496/2/540 1500/2/544 1501/2/545
f 1501/2/545 1500/2/544 1502/2/546
f 1498/2/542 1499/2/543 1503/2/547
f 1504/2/548 1503/2/547 1499/2/543
f 1503/2/547 1504/2/548 1505/2/549
f 1506/2/550 1505/2/549 1504/2/548
f 1505/2/549 1506/2/550 1507/2/551
f 1508/2/552 1507/2/551 1506/2/550
f 1506/2/550 1509/2/553 1508/2/552
f 1510/2/554 1508/2/552 1509/2/553
f 1510/2/554 1509/2/553 1511/2/555
f 1512/2/556 1510/2/554 1511/2/555
f 1510/2/554 1512/2/556 1513/2/556
f 1514/2/557 1515/2/558 1516/2/558
f 1517/2/559 1516/2/558 1515/2/558
f 1516/2/558 1517/2/559 1518/2/560
f 1515/2/558 1514/2/557 1519/2/561
f 1520/2/562 1519/2/561 1514/2/557
f 1520/2/562 1514/2/557 1521/2/563
f 1522/2/564 1520/2/562 1521/2/563
f 1522/2/564 1521/2/563 1523/2/565
f 1524/2/566 1522/2/564 1523/2/565
f 1523/2/565 1525/2/567 1524/2/566
f 1526/2/568 1524/2/566 1525/2/567
f 1524/2/566 1526/2/568 1527/2/569
f 1528/2/570 1527/2/569 1526/2/568
f 1527/2/569 1528/2/570 1529/2/571
f 1530/2/572 1529/2/571 1528/2/570
f 1530/2/572 1528/2/570 1531/2/572
f 1532/2/573 1533/2/574 1534/2/575
f 1534/2/575 1535/2/576 1532/2/573
f 1536/2/20 1537/2/20 1538/2/20
f 1538/2/20 1537/2/20 1539/2/20
f 1537/2/20 1536/2/20 1540/2/20
f 1540/2/20 1541/2/20 1537/2/20
f 1542/2/577 1543/2/578 1544/2/578
f 1543/2/578 1542/2/577 1545/2/578
f 1546/2/579 1547/2/580 1548/2/581
f 1547/2/580 1546/2/579 1549/2/579
f 1550/2/582 1551/2/583 1552/2/584
f 1551/2/583 1550/2/582 1553/2/585
f 1554/2/586 1550/2/582 1552/2/584
f 1554/2/586 1552/2/584 1555/2/587
f 1556/2/588 1557/2/589 1558/2/590
f 1559/2/591 1558/2/590 1557/2/589
f 1557/2/589 1556/2/588 1560/2/592
f 1557/2/589 1561/2/591 1559/2/591
f 1562/2/593 1560/2/592 1556/2/588
f 1563/2/594 1559/2/591 1561/2/591
f 1556/2/588 1564/2/595 1562/2/593
f 1559/2/591 1563/2/594 1565/2/596
f 1566/2/597 1562/2/593 1564/2/595
f 1567/2/598 1565/2/596 1563/2/594
f 1562/2/593 1566/2/597 1568/2/599
f 1563/2/594 1569/2/600 1567/2/598
f 1566/2/597 1570/2/601 1568/2/599
f 1570/2/601 1567/2/598 1569/2/600
f 1566/2/597 1571/2/602 1570/2/601
f 1567/2/598 1570/2/601 1571/2/602
f 1572/2/603 1573/2/73 1574/2/166
f 1575/2/73 1574/2/166 1573/2/73
f 1574/2/166 1576/2/42 1572/2/603
f 1574/2/166 1577/2/42 1576/2/42
f 1577/2/42 1578/2/169 1576/2/42
f 1577/2/42 1579/2/169 1578/2/169
f 1580/2/20 1578/2/169 1579/2/169
f 1578/2/169 1580/2/20 1581/2/20
f 1582/2/604 1583/2/605 1584/2/606
f 1583/2/605 1582/2/604 1585/2/606
f 1586/2/607 1587/2/608 1588/2/609
f 1587/2/608 1589/2/608 1588/2/609
f 1590/2/610 1591/2/611 1592/2/611
f 1591/2/611 1590/2/610 1593/2/611
f 1594/2/612 1595/2/613 1596/2/44
f 1595/2/613 1594/2/612 1597/2/614
f 1596/2/44 1598/2/44 1594/2/612
f 1596/2/44 1599/2/44 1598/2/44
f 1599/2/44 1596/2/44 1600/2/44
f 1597/2/614 1601/2/614 1595/2/613
f 1601/2/614 1597/2/614 1602/2/615
f 1602/2/615 1603/2/615 1601/2/614
f 1603/2/615 1602/2/615 1604/2/615
f 1604/2/615 1605/2/615 1603/2/615
f 1605/2/615 1604/2/615 1606/2/616
f 1606/2/616 1607/2/617 1605/2/615
f 1606/2/616 1608/2/618 1607/2/617
f 1608/2/618 1606/2/616 1609/2/618
f 1610/2/44 1608/2/618 1609/2/618
f 1608/2/618 1610/2/44 1611/2/44
f 1612/2/20 1613/2/20 1614/2/20
f 1613/2/20 1612/2/20 1615/2/20
f 1614/2/20 1613/2/20 1616/2/20
f 1614/2/20 1616/2/20 1617/2/20
f 1617/2/20 1616/2/20 1618/2/20
f 1618/2/20 1616/2/20 1619/2/20
f 1620/2/619 1621/2/620 1622/2/621
f 1623/2/622 1622/2/621 1621/2/620
f 1621/2/620 1620/2/619 1624/2/623
f 1621/2/620 1625/2/624 1623/2/622
f 1626/2/625 1624/2/623 1620/2/619
f 1627/2/626 1623/2/622 1625/2/624
f 1620/2/619 1628/2/627 1626/2/625
f 1623/2/622 1627/2/626 1629/2/628
f 1630/2/629 1626/2/625 1628/2/627
f 1631/2/630 1629/2/628 1627/2/626
f 1626/2/625 1630/2/629 1632/2/629
f 1631/2/630 1627/2/626 1633/2/631
f 1634/2/632 1632/2/629 1630/2/629
f 1634/2/632 1631/2/630 1633/2/631
f 1630/2/629 1635/2/633 1634/2/632
f 1631/2/630 1634/2/632 1635/2/633
f 1636/2/73 1637/2/73 1638/2/73
f 1636/2/73 1638/2/73 1639/2/73
o RenderMesh_71037111270649
v 0.664206 0.532657 0.231979
v 0.661516 0.536609 0.228423
v 0.661516 0.532225 0.229766
v 0.667893 0.527711 0.232417
v 0.670583 0.532225 0.229766
v 0.667893 0.532657 0.231979
v 0.670583 0.527711 0.230166
v 0.670583 0.523196 0.229766
v 0.664206 0.527711 0.232417
v 0.661516 0.527711 0.230166
v 0.661516 0.523196 0.229766
v 0.667893 0.522764 0.231979
v 0.670583 0.518812 0.228423
v 0.664206 0.522764 0.231979
v 0.661516 0.518812 0.228423
v 0.667893 0.517916 0.230493
v 0.670583 0.513778 0.225545
v 0.664206 0.517916 0.230493
v 0.661516 0.513778 0.225545
v 0.667893 0.512488 0.227389
v 0.667893 0.508353 0.223897
v 0.670583 0.509920 0.222287
v 0.664206 0.512488 0.227389
v 0.670583 0.506223 0.218143
v 0.664206 0.508353 0.223897
v 0.661516 0.509920 0.222287
v 0.661516 0.506223 0.218143
v 0.667893 0.504396 0.219463
v 0.664206 0.504396 0.219463
v 0.667893 0.501488 0.214420
v 0.670583 0.503501 0.213423
v 0.664206 0.501488 0.214420
v 0.661516 0.503571 0.213545
v 0.667893 0.499926 0.208822
v 0.670583 0.502216 0.208822
v 0.664206 0.499926 0.208822
v 0.661516 0.502136 0.208399
v 0.667893 0.499306 0.203002
v 0.670583 0.501581 0.202876
v 0.670583 0.502244 0.197569
v 0.664206 0.499306 0.203002
v 0.661516 0.501562 0.203022
v 0.661516 0.502244 0.197569
v 0.667893 0.500040 0.197127
v 0.670583 0.503607 0.192671
v 0.664206 0.500040 0.197127
v 0.661516 0.503607 0.192671
v 0.667893 0.501521 0.191806
v 0.670583 0.506171 0.188140
v 0.664206 0.501521 0.191806
v 0.661516 0.506171 0.188140
v 0.667893 0.504312 0.186873
v 0.670583 0.509440 0.184110
v 0.664206 0.504312 0.186873
v 0.661516 0.509440 0.184110
v 0.667893 0.507819 0.182550
v 0.670583 0.513410 0.180629
v 0.664206 0.507819 0.182550
v 0.661516 0.513410 0.180629
v 0.667893 0.512181 0.178725
v 0.667893 0.518970 0.175639
v 0.670583 0.521212 0.177083
v 0.664206 0.512181 0.178725
v 0.664206 0.518970 0.175639
v 0.661516 0.521212 0.177083
v 0.667893 0.547602 0.182550
v 0.664206 0.543241 0.178725
v 0.664206 0.547602 0.182550
v 0.661516 0.541970 0.180593
v 0.661516 0.545981 0.184110
v 0.664206 0.537238 0.175639
v 0.661516 0.534996 0.177008
v 0.661516 0.534996 0.124322
v 0.664206 0.537238 0.124061
v 0.664206 0.551109 0.186873
v 0.661516 0.549250 0.188140
v 0.667893 0.537238 0.175639
v 0.667893 0.537238 0.124061
v 0.670583 0.534996 0.124322
v 0.670583 0.534996 0.177008
v 0.670583 0.541970 0.180593
v 0.667893 0.543241 0.178725
v 0.670583 0.545981 0.184110
v 0.667893 0.551109 0.186873
v 0.670583 0.549250 0.188140
v 0.667893 0.553901 0.191806
v 0.670583 0.551815 0.192671
v 0.664206 0.553901 0.191806
v 0.661516 0.551815 0.192671
v 0.667893 0.555382 0.197127
v 0.670583 0.553182 0.197584
v 0.664206 0.555382 0.197127
v 0.661516 0.553177 0.197569
v 0.661516 0.553800 0.202550
v 0.667893 0.556116 0.203002
v 0.670583 0.553859 0.203002
v 0.670583 0.553282 0.208412
v 0.664206 0.556116 0.203002
v 0.661516 0.553127 0.208822
v 0.667893 0.555495 0.208822
v 0.670583 0.551850 0.213545
v 0.664206 0.555495 0.208822
v 0.664206 0.553933 0.214420
v 0.661516 0.551554 0.214420
v 0.667893 0.553933 0.214420
v 0.661516 0.549765 0.217509
v 0.670583 0.549199 0.218143
v 0.664206 0.551025 0.219463
v 0.667893 0.551025 0.219463
v 0.661516 0.545501 0.222287
v 0.667893 0.547068 0.223897
v 0.670583 0.545501 0.222287
v 0.670583 0.541643 0.225545
v 0.664206 0.547068 0.223897
v 0.661516 0.541643 0.225545
v 0.667893 0.542934 0.227389
v 0.664206 0.542934 0.227389
v 0.664206 0.537505 0.230493
v 0.667893 0.537505 0.230493
v 0.670583 0.536609 0.228423
v 0.667893 0.510538 0.164682
v 0.664206 0.518970 0.166047
v 0.664206 0.510538 0.164682
v 0.661516 0.511314 0.162537
v 0.661516 0.521212 0.164139
v 0.661516 0.508934 0.161131
v 0.667893 0.518970 0.166047
v 0.670583 0.511314 0.162537
v 0.670583 0.521212 0.164139
v 0.670583 0.508934 0.161131
v 0.667893 0.507458 0.162863
v 0.664206 0.507458 0.162863
v 0.667893 0.505394 0.160378
v 0.670583 0.507344 0.159218
v 0.664206 0.505394 0.160378
v 0.661516 0.507344 0.159218
v 0.667893 0.504694 0.158629
v 0.670583 0.506936 0.158197
v 0.664206 0.504694 0.158629
v 0.661516 0.506936 0.158197
v 0.667893 0.504694 0.155375
v 0.670583 0.506936 0.155768
v 0.664206 0.504694 0.155375
v 0.661516 0.506936 0.155768
v 0.670583 0.507644 0.153808
v 0.661516 0.507644 0.153808
v 0.667893 0.505744 0.152470
v 0.664206 0.505744 0.152470
v 0.664206 0.508368 0.150301
v 0.667893 0.508368 0.150301
v 0.670583 0.509486 0.152286
v 0.661516 0.509486 0.152286
v 0.667893 0.512287 0.148936
v 0.670583 0.512839 0.151118
v 0.664206 0.512287 0.148936
v 0.661516 0.512839 0.151118
v 0.667893 0.518970 0.147855
v 0.670583 0.521212 0.149763
v 0.664206 0.518970 0.147855
v 0.661516 0.521212 0.149763
v 0.664206 0.518970 0.147855
v 0.664206 0.518970 0.137533
v 0.667893 0.518970 0.137533
v 0.661516 0.521212 0.149763
v 0.661516 0.521212 0.135464
v 0.667893 0.518970 0.147855
v 0.670583 0.521212 0.149763
v 0.670583 0.521212 0.135464
v 0.667893 0.518970 0.166047
v 0.664206 0.518970 0.175639
v 0.664206 0.518970 0.166047
v 0.661516 0.521212 0.177083
v 0.661516 0.521212 0.164139
v 0.667893 0.518970 0.175639
v 0.670583 0.521212 0.177083
v 0.670583 0.521212 0.164139
v 0.661516 0.545981 0.184110
v 0.661516 0.537870 0.188905
v 0.661516 0.540543 0.191098
v 0.661516 0.541970 0.180593
v 0.661516 0.549250 0.188140
v 0.661516 0.534822 0.187275
v 0.661516 0.542736 0.193770
v 0.661516 0.551815 0.192671
v 0.661516 0.544365 0.196819
v 0.661516 0.553177 0.197569
v 0.661516 0.545369 0.200127
v 0.661516 0.553800 0.202550
v 0.661516 0.545708 0.203567
v 0.661516 0.553127 0.208822
v 0.661516 0.545369 0.207007
v 0.661516 0.544818 0.208822
v 0.661516 0.551554 0.214420
v 0.661516 0.544365 0.210315
v 0.661516 0.542736 0.213364
v 0.661516 0.541870 0.214420
v 0.661516 0.549765 0.217509
v 0.661516 0.545501 0.222287
v 0.661516 0.540543 0.216036
v 0.661516 0.537870 0.218229
v 0.661516 0.541643 0.225545
v 0.661516 0.534822 0.219859
v 0.661516 0.536609 0.228423
v 0.661516 0.531514 0.220863
v 0.661516 0.532225 0.229766
v 0.661516 0.528073 0.221201
v 0.661516 0.527711 0.230166
v 0.661516 0.524633 0.220863
v 0.661516 0.523196 0.229766
v 0.661516 0.518812 0.228423
v 0.661516 0.521325 0.219859
v 0.661516 0.513778 0.225545
v 0.661516 0.518276 0.218229
v 0.661516 0.509920 0.222287
v 0.661516 0.515604 0.216036
v 0.661516 0.506223 0.218143
v 0.661516 0.513411 0.213364
v 0.661516 0.511781 0.210315
v 0.661516 0.503571 0.213545
v 0.661516 0.510778 0.207007
v 0.661516 0.502136 0.208399
v 0.661516 0.510439 0.203567
v 0.661516 0.501562 0.203022
v 0.661516 0.510778 0.200127
v 0.661516 0.502244 0.197569
v 0.661516 0.511781 0.196819
v 0.661516 0.503607 0.192671
v 0.661516 0.513411 0.193770
v 0.661516 0.506171 0.188140
v 0.661516 0.515604 0.191098
v 0.661516 0.509440 0.184110
v 0.661516 0.518276 0.188905
v 0.661516 0.513410 0.180629
v 0.661516 0.521325 0.187275
v 0.661516 0.521212 0.177083
v 0.661516 0.524633 0.186271
v 0.661516 0.528073 0.185933
v 0.661516 0.534996 0.177008
v 0.661516 0.531514 0.186271
v 0.661516 0.521212 0.164139
v 0.661516 0.521212 0.149763
v 0.661516 0.512839 0.151118
v 0.661516 0.511314 0.162537
v 0.661516 0.534996 0.124322
v 0.661516 0.508934 0.161131
v 0.661516 0.521212 0.135464
v 0.661516 0.509486 0.152286
v 0.661516 0.506936 0.155768
v 0.661516 0.507644 0.153808
v 0.661516 0.507344 0.159218
v 0.661516 0.506936 0.158197
v 0.661516 0.520391 0.121894
v 0.661516 0.516207 0.135062
v 0.661516 0.533339 0.121894
v 0.661516 0.534708 0.123103
v 0.661516 0.534220 0.122447
v 0.661516 0.510585 0.123337
v 0.661516 0.512473 0.134406
v 0.661516 0.510083 0.133639
v 0.661516 0.508870 0.124472
v 0.661516 0.507072 0.127766
v 0.661516 0.507359 0.126619
v 0.661516 0.507072 0.129740
v 0.661516 0.507605 0.131288
v 0.661516 0.508665 0.132694
v 0.670583 0.534996 0.124322
v 0.670583 0.520391 0.121894
v 0.670583 0.533339 0.121894
v 0.670583 0.534708 0.123103
v 0.670583 0.534220 0.122447
v 0.670583 0.521212 0.135464
v 0.670583 0.516207 0.135062
v 0.670583 0.521212 0.149763
v 0.670583 0.510585 0.123337
v 0.670583 0.512473 0.134406
v 0.670583 0.510083 0.133639
v 0.670583 0.534996 0.177008
v 0.670583 0.508870 0.124472
v 0.670583 0.507072 0.127766
v 0.670583 0.507359 0.126619
v 0.670583 0.507072 0.129740
v 0.670583 0.507605 0.131288
v 0.670583 0.508665 0.132694
v 0.670583 0.521212 0.164139
v 0.670583 0.512839 0.151118
v 0.670583 0.511314 0.162537
v 0.670583 0.508934 0.161131
v 0.670583 0.509486 0.152286
v 0.670583 0.506936 0.155768
v 0.670583 0.507644 0.153808
v 0.670583 0.507344 0.159218
v 0.670583 0.506936 0.158197
v 0.670583 0.521212 0.177083
v 0.670583 0.528073 0.185933
v 0.670583 0.524633 0.186271
v 0.670583 0.531514 0.186271
v 0.670583 0.521325 0.187275
v 0.670583 0.534822 0.187275
v 0.670583 0.513410 0.180629
v 0.670583 0.541970 0.180593
v 0.670583 0.518276 0.188905
v 0.670583 0.537870 0.188905
v 0.670583 0.509440 0.184110
v 0.670583 0.545981 0.184110
v 0.670583 0.515604 0.191098
v 0.670583 0.540543 0.191098
v 0.670583 0.506171 0.188140
v 0.670583 0.549250 0.188140
v 0.670583 0.513411 0.193770
v 0.670583 0.542736 0.193770
v 0.670583 0.503607 0.192671
v 0.670583 0.551815 0.192671
v 0.670583 0.511781 0.196819
v 0.670583 0.544365 0.196819
v 0.670583 0.502244 0.197569
v 0.670583 0.553182 0.197584
v 0.670583 0.510778 0.200127
v 0.670583 0.545369 0.200127
v 0.670583 0.501581 0.202876
v 0.670583 0.553859 0.203002
v 0.670583 0.510439 0.203567
v 0.670583 0.545652 0.203002
v 0.670583 0.502216 0.208822
v 0.670583 0.545708 0.203567
v 0.670583 0.510778 0.207007
v 0.670583 0.553282 0.208412
v 0.670583 0.511328 0.208822
v 0.670583 0.545369 0.207007
v 0.670583 0.503501 0.213423
v 0.670583 0.544365 0.210315
v 0.670583 0.511781 0.210315
v 0.670583 0.551850 0.213545
v 0.670583 0.506223 0.218143
v 0.670583 0.542736 0.213364
v 0.670583 0.513411 0.213364
v 0.670583 0.549199 0.218143
v 0.670583 0.515604 0.216036
v 0.670583 0.540543 0.216036
v 0.670583 0.509920 0.222287
v 0.670583 0.545501 0.222287
v 0.670583 0.518276 0.218229
v 0.670583 0.537870 0.218229
v 0.670583 0.513778 0.225545
v 0.670583 0.541643 0.225545
v 0.670583 0.521325 0.219859
v 0.670583 0.534822 0.219859
v 0.670583 0.518812 0.228423
v 0.670583 0.536609 0.228423
v 0.670583 0.524633 0.220863
v 0.670583 0.531514 0.220863
v 0.670583 0.523196 0.229766
v 0.670583 0.532225 0.229766
v 0.670583 0.527711 0.230166
v 0.670583 0.528073 0.221201
v 0.686850 0.487046 0.129993
v 0.700444 0.504039 0.129993
v 0.686850 0.487046 0.148160
v 0.646067 0.487046 0.129993
v 0.700444 0.504039 0.148160
v 0.646067 0.487046 0.148160
v 0.700444 0.550769 0.129993
v 0.632473 0.504039 0.148160
v 0.700444 0.550769 0.148160
v 0.632473 0.504039 0.129993
v 0.693647 0.559266 0.148160
v 0.632473 0.550769 0.148160
v 0.693647 0.559266 0.129993
v 0.632473 0.550769 0.129993
v 0.639270 0.559266 0.148160
v 0.639270 0.559266 0.129993
v 0.664206 0.522187 0.189356
v 0.667893 0.522187 0.189356
v 0.664206 0.525072 0.188481
v 0.661516 0.524633 0.186271
v 0.661516 0.521325 0.187275
v 0.661516 0.528073 0.185933
v 0.664206 0.519528 0.190778
v 0.661516 0.518276 0.188905
v 0.667893 0.519528 0.190778
v 0.664206 0.517197 0.192690
v 0.670583 0.521325 0.187275
v 0.661516 0.515604 0.191098
v 0.670583 0.518276 0.188905
v 0.670583 0.524633 0.186271
v 0.667893 0.517197 0.192690
v 0.670583 0.515604 0.191098
v 0.667893 0.525072 0.188481
v 0.670583 0.528073 0.185933
v 0.667893 0.515284 0.195021
v 0.670583 0.513411 0.193770
v 0.670583 0.511781 0.196819
v 0.664206 0.515284 0.195021
v 0.661516 0.513411 0.193770
v 0.661516 0.511781 0.196819
v 0.667893 0.513862 0.197681
v 0.670583 0.510778 0.200127
v 0.664206 0.513862 0.197681
v 0.661516 0.510778 0.200127
v 0.667893 0.512987 0.200566
v 0.670583 0.510439 0.203567
v 0.664206 0.512987 0.200566
v 0.661516 0.510439 0.203567
v 0.667893 0.512692 0.203567
v 0.664206 0.512692 0.203567
v 0.667893 0.512987 0.206568
v 0.670583 0.510778 0.207007
v 0.664206 0.512987 0.206568
v 0.661516 0.510778 0.207007
v 0.667893 0.513671 0.208822
v 0.670583 0.511328 0.208822
v 0.664206 0.513862 0.209453
v 0.661516 0.511781 0.210315
v 0.667893 0.513862 0.209453
v 0.670583 0.511781 0.210315
v 0.667893 0.515284 0.212113
v 0.670583 0.513411 0.213364
v 0.670583 0.515604 0.216036
v 0.664206 0.515284 0.212113
v 0.661516 0.513411 0.213364
v 0.661516 0.515604 0.216036
v 0.667893 0.517197 0.214443
v 0.670583 0.518276 0.218229
v 0.664206 0.517197 0.214443
v 0.661516 0.518276 0.218229
v 0.664206 0.519528 0.216356
v 0.661516 0.521325 0.219859
v 0.667893 0.519528 0.216356
v 0.670583 0.521325 0.219859
v 0.664206 0.522187 0.217778
v 0.661516 0.524633 0.220863
v 0.667893 0.522187 0.217778
v 0.670583 0.524633 0.220863
v 0.664206 0.525072 0.218653
v 0.661516 0.528073 0.221201
v 0.667893 0.525072 0.218653
v 0.670583 0.528073 0.221201
v 0.664206 0.528073 0.218949
v 0.667893 0.528073 0.218949
v 0.664206 0.531074 0.218653
v 0.661516 0.531514 0.220863
v 0.667893 0.531074 0.218653
v 0.670583 0.531514 0.220863
v 0.664206 0.533960 0.217778
v 0.661516 0.534822 0.219859
v 0.667893 0.533960 0.217778
v 0.670583 0.534822 0.219859
v 0.664206 0.536619 0.216356
v 0.661516 0.537870 0.218229
v 0.667893 0.536619 0.216356
v 0.661516 0.540543 0.216036
v 0.670583 0.537870 0.218229
v 0.670583 0.540543 0.216036
v 0.664206 0.538950 0.214443
v 0.664206 0.538969 0.214420
v 0.667893 0.538950 0.214443
v 0.661516 0.541870 0.214420
v 0.667893 0.540863 0.212113
v 0.670583 0.542736 0.213364
v 0.664206 0.540863 0.212113
v 0.661516 0.542736 0.213364
v 0.670583 0.544365 0.210315
v 0.661516 0.544365 0.210315
v 0.664206 0.542284 0.209453
v 0.661516 0.544818 0.208822
v 0.667893 0.542284 0.209453
v 0.670583 0.545369 0.207007
v 0.664206 0.542476 0.208822
v 0.661516 0.545369 0.207007
v 0.667893 0.543159 0.206568
v 0.670583 0.545708 0.203567
v 0.664206 0.543159 0.206568
v 0.661516 0.545708 0.203567
v 0.667893 0.543455 0.203567
v 0.670583 0.545652 0.203002
v 0.664206 0.543455 0.203567
v 0.667893 0.543399 0.203002
v 0.664206 0.543159 0.200566
v 0.661516 0.545369 0.200127
v 0.667893 0.543159 0.200566
v 0.670583 0.545369 0.200127
v 0.664206 0.542284 0.197681
v 0.661516 0.544365 0.196819
v 0.667893 0.542284 0.197681
v 0.670583 0.544365 0.196819
v 0.664206 0.540863 0.195021
v 0.661516 0.542736 0.193770
v 0.661516 0.540543 0.191098
v 0.667893 0.540863 0.195021
v 0.670583 0.542736 0.193770
v 0.670583 0.540543 0.191098
v 0.664206 0.538950 0.192690
v 0.661516 0.537870 0.188905
v 0.667893 0.538950 0.192690
v 0.670583 0.537870 0.188905
v 0.667893 0.536619 0.190778
v 0.670583 0.534822 0.187275
v 0.664206 0.536619 0.190778
v 0.661516 0.534822 0.187275
v 0.667893 0.533960 0.189356
v 0.670583 0.531514 0.186271
v 0.664206 0.533960 0.189356
v 0.661516 0.531514 0.186271
v 0.667893 0.531074 0.188481
v 0.664206 0.531074 0.188481
v 0.667893 0.528073 0.188185
v 0.664206 0.528073 0.188185
v 0.689115 0.553601 0.156657
v 0.667163 0.546521 0.156657
v 0.694779 0.546521 0.156657
v 0.674360 0.543540 0.156657
v 0.666458 0.546813 0.156657
v 0.677632 0.535639 0.156657
v 0.643801 0.553601 0.156657
v 0.665753 0.546521 0.156657
v 0.638137 0.546521 0.156657
v 0.658557 0.543540 0.156657
v 0.655284 0.535639 0.156657
v 0.694779 0.507579 0.156657
v 0.674360 0.527738 0.156657
v 0.679067 0.507579 0.156657
v 0.679890 0.504055 0.156657
v 0.683451 0.493419 0.156657
v 0.653026 0.504055 0.156657
v 0.649465 0.493419 0.156657
v 0.638137 0.507579 0.156657
v 0.658557 0.527738 0.156657
v 0.653849 0.507579 0.156657
v 0.689115 0.553601 0.156657
v 0.700444 0.550769 0.148160
v 0.693647 0.559266 0.148160
v 0.639270 0.559266 0.148160
v 0.694779 0.546521 0.156657
v 0.643801 0.553601 0.156657
v 0.700444 0.504039 0.148160
v 0.632473 0.550769 0.148160
v 0.694779 0.507579 0.156657
v 0.638137 0.546521 0.156657
v 0.683451 0.493419 0.156657
v 0.632473 0.504039 0.148160
v 0.686850 0.487046 0.148160
v 0.638137 0.507579 0.156657
v 0.646067 0.487046 0.148160
v 0.649465 0.493419 0.156657
vn -0.3347 0.1806 0.9249
vn -0.6425 0.3043 0.7032
vn -0.6424 0.1468 0.7522
vn 0.3354 -0.0000 0.9421
vn 0.6424 0.1469 0.7522
vn 0.3347 0.1806 0.9249
vn 0.6418 -0.0000 0.7669
vn 0.6424 -0.1469 0.7522
vn -0.3354 -0.0000 0.9421
vn -0.6418 -0.0000 0.7669
vn -0.6424 -0.1468 0.7522
vn 0.3347 -0.1806 0.9249
vn 0.6425 -0.3043 0.7032
vn -0.3347 -0.1806 0.9249
vn -0.6425 -0.3043 0.7032
vn 0.3345 -0.3739 0.8651
vn 0.6417 -0.4396 0.6285
vn -0.3346 -0.3738 0.8651
vn -0.6419 -0.4396 0.6283
vn 0.3352 -0.5400 0.7720
vn 0.3362 -0.6568 0.6750
vn 0.6414 -0.5351 0.5498
vn -0.3356 -0.5401 0.7718
vn 0.6422 -0.6213 0.4490
vn -0.3365 -0.6570 0.6747
vn -0.6410 -0.5353 0.5500
vn -0.6422 -0.6213 0.4490
vn 0.3347 -0.7637 0.5520
vn -0.3347 -0.7637 0.5520
vn 0.3321 -0.8692 0.3663
vn 0.6404 -0.7092 0.2950
vn -0.3338 -0.8691 0.3650
vn -0.6432 -0.7060 0.2965
vn 0.3358 -0.9256 0.1747
vn 0.6409 -0.7529 0.1496
vn -0.3357 -0.9251 0.1775
vn -0.6416 -0.7534 0.1442
vn 0.3359 -0.9419 -0.0074
vn 0.6455 -0.7637 -0.0093
vn 0.6412 -0.7524 -0.1508
vn -0.3342 -0.9425 -0.0085
vn -0.6428 -0.7660 -0.0072
vn -0.6416 -0.7521 -0.1508
vn 0.3361 -0.9235 -0.1851
vn 0.6432 -0.7072 -0.2934
vn -0.3360 -0.9235 -0.1851
vn -0.6430 -0.7074 -0.2934
vn 0.3335 -0.8710 -0.3607
vn 0.6415 -0.6339 -0.4320
vn -0.3335 -0.8711 -0.3606
vn -0.6415 -0.6339 -0.4320
vn 0.3356 -0.7784 -0.5305
vn 0.6415 -0.5527 -0.5319
vn -0.3356 -0.7784 -0.5305
vn -0.6415 -0.5527 -0.5319
vn 0.3355 -0.6788 -0.6532
vn 0.6445 -0.4149 -0.6422
vn -0.3355 -0.6788 -0.6532
vn -0.6443 -0.4148 -0.6425
vn 0.3328 -0.5118 -0.7920
vn 0.3779 -0.3831 -0.8429
vn 0.6403 -0.3178 -0.6993
vn -0.3331 -0.5114 -0.7922
vn -0.3779 -0.3831 -0.8429
vn -0.6403 -0.3178 -0.6993
vn 0.3355 0.6788 -0.6532
vn -0.3340 0.5302 -0.7793
vn -0.3355 0.6788 -0.6532
vn -0.6430 0.4310 -0.6330
vn -0.6415 0.5527 -0.5319
vn -0.4295 0.7710 -0.4702
vn -0.6983 0.6111 -0.3727
vn -0.6402 0.7682 -0.0000
vn -0.3327 0.9430 -0.0003
vn -0.3356 0.7784 -0.5306
vn -0.6415 0.6339 -0.4321
vn 0.4297 0.7708 -0.4704
vn 0.3318 0.9433 -0.0003
vn 0.6402 0.7682 -0.0000
vn 0.6987 0.6107 -0.3727
vn 0.6431 0.4307 -0.6331
vn 0.3340 0.5302 -0.7793
vn 0.6415 0.5527 -0.5319
vn 0.3356 0.7784 -0.5306
vn 0.6415 0.6339 -0.4321
vn 0.3339 0.8707 -0.3612
vn 0.6430 0.7074 -0.2935
vn -0.3339 0.8707 -0.3612
vn -0.6430 0.7074 -0.2935
vn 0.3360 0.9235 -0.1852
vn 0.6411 0.7525 -0.1507
vn -0.3361 0.9234 -0.1851
vn -0.6414 0.7522 -0.1508
vn -0.6510 0.7589 -0.0146
vn 0.3342 0.9425 -0.0083
vn 0.6425 0.7663 -0.0072
vn 0.6414 0.7535 0.1443
vn -0.3397 0.9405 -0.0051
vn -0.6540 0.7419 0.1481
vn 0.3355 0.9253 0.1765
vn 0.6432 0.7060 0.2965
vn -0.3434 0.9228 0.1745
vn -0.3288 0.8735 0.3589
vn -0.6289 0.7098 0.3174
vn 0.3338 0.8691 0.3650
vn -0.6243 0.6405 0.4472
vn 0.6421 0.6213 0.4490
vn -0.3271 0.7624 0.5584
vn 0.3347 0.7637 0.5520
vn -0.6410 0.5352 0.5501
vn 0.3362 0.6568 0.6750
vn 0.6410 0.5353 0.5501
vn 0.6416 0.4402 0.6281
vn -0.3362 0.6568 0.6750
vn -0.6416 0.4401 0.6282
vn 0.3359 0.5398 0.7718
vn -0.3359 0.5399 0.7718
vn -0.3343 0.3743 0.8649
vn 0.3344 0.3743 0.8649
vn 0.6425 0.3043 0.7032
vn 0.3320 -0.3208 0.8871
vn -0.3866 -0.1474 0.9104
vn -0.3317 -0.3212 0.8870
vn -0.6466 -0.2597 0.7172
vn -0.6402 -0.1227 0.7584
vn -0.6458 -0.4951 0.5813
vn 0.3866 -0.1474 0.9104
vn 0.6468 -0.2594 0.7172
vn 0.6402 -0.1227 0.7584
vn 0.6458 -0.4951 0.5813
vn 0.3324 -0.6116 0.7180
vn -0.3326 -0.6115 0.7180
vn 0.3328 -0.8103 0.4824
vn 0.6446 -0.6572 0.3907
vn -0.3328 -0.8103 0.4824
vn -0.6445 -0.6572 0.3907
vn 0.3319 -0.9263 0.1785
vn 0.6470 -0.7487 0.1444
vn -0.3319 -0.9263 0.1785
vn -0.6471 -0.7487 0.1440
vn 0.3323 -0.9290 -0.1627
vn 0.6462 -0.7518 -0.1312
vn -0.3323 -0.9290 -0.1627
vn -0.6462 -0.7518 -0.1312
vn 0.6538 -0.6187 -0.4356
vn -0.6538 -0.6187 -0.4356
vn 0.3310 -0.7716 -0.5432
vn -0.3307 -0.7715 -0.5436
vn -0.3322 -0.4629 -0.8218
vn 0.3325 -0.4627 -0.8218
vn 0.6463 -0.3744 -0.6649
vn -0.6463 -0.3749 -0.6646
vn 0.3354 -0.2310 -0.9133
vn 0.6417 -0.1881 -0.7435
vn -0.3354 -0.2310 -0.9133
vn -0.6417 -0.1881 -0.7435
vn 0.3866 -0.1473 -0.9104
vn 0.6402 -0.1227 -0.7584
vn -0.3866 -0.1473 -0.9104
vn -0.6402 -0.1227 -0.7584
vn -0.3866 -0.9222 -0.0000
vn -0.3893 -0.9211 -0.0000
vn 0.3894 -0.9211 -0.0000
vn -0.6402 -0.7682 -0.0000
vn 0.3866 -0.9222 -0.0000
vn 0.6402 -0.7682 -0.0000
vn -0.3779 -0.9259 -0.0000
vn -0.6402 -0.7682 -0.0005
vn 0.3776 -0.9260 -0.0004
vn 0.6401 -0.7683 -0.0005
vn -1.0000 -0.0000 -0.0000
vn -1.0000 0.0003 -0.0002
vn -1.0000 0.0002 -0.0000
vn -1.0000 -0.0001 -0.0000
vn -1.0000 0.0001 -0.0001
vn 1.0000 -0.0000 -0.0000
vn 1.0000 0.0002 -0.0000
vn 1.0000 0.0002 -0.0001
vn 1.0000 0.0001 -0.0000
vn 0.4332 -0.9013 -0.0000
vn 0.9436 -0.3310 -0.0000
vn 0.4332 -0.9013 -0.0005
vn -0.4333 -0.9013 -0.0005
vn -0.4332 -0.9013 -0.0000
vn 0.9436 0.3310 -0.0000
vn -0.9436 -0.3310 -0.0000
vn 0.9438 0.3306 -0.0005
vn 0.4332 0.9013 -0.0000
vn -0.9436 0.3310 -0.0000
vn -0.4332 0.9013 -0.0000
vn -0.3486 0.3588 0.8659
vn 0.3486 0.3588 0.8659
vn -0.3484 0.1831 0.9193
vn -0.6421 0.1495 0.7519
vn -0.6420 0.2935 0.7083
vn -0.6422 0.0003 0.7665
vn -0.3486 0.5207 0.7793
vn -0.6420 0.4259 0.6375
vn 0.3486 0.5207 0.7793
vn -0.3486 0.6627 0.6628
vn 0.6423 0.2935 0.7081
vn -0.6423 0.5418 0.5420
vn 0.6420 0.4259 0.6375
vn 0.6421 0.1495 0.7519
vn 0.3486 0.6627 0.6628
vn 0.6423 0.5419 0.5420
vn 0.3484 0.1831 0.9193
vn 0.6423 0.0004 0.7665
vn 0.3486 0.7793 0.5207
vn 0.6422 0.6374 0.4258
vn 0.6420 0.7084 0.2934
vn -0.3486 0.7793 0.5208
vn -0.6422 0.6374 0.4258
vn -0.6420 0.7084 0.2934
vn 0.3484 0.8661 0.3584
vn 0.6420 0.7520 0.1496
vn -0.3484 0.8662 0.3583
vn -0.6420 0.7520 0.1496
vn 0.3485 0.9194 0.1823
vn 0.6422 0.7665 -0.0002
vn -0.3486 0.9193 0.1828
vn -0.6424 0.7664 -0.0003
vn 0.3484 0.9373 -0.0003
vn -0.3483 0.9374 -0.0004
vn 0.3486 0.9193 -0.1828
vn 0.6423 0.7517 -0.1498
vn -0.3486 0.9193 -0.1828
vn -0.6425 0.7515 -0.1499
vn 0.3404 0.8999 -0.2727
vn 0.6402 0.7351 -0.2229
vn -0.3486 0.8659 -0.3587
vn -0.6420 0.7084 -0.2934
vn 0.3486 0.8660 -0.3585
vn 0.6421 0.7084 -0.2931
vn 0.3486 0.7793 -0.5208
vn 0.6420 0.6375 -0.4260
vn 0.6420 0.5421 -0.5421
vn -0.3486 0.7793 -0.5208
vn -0.6423 0.6371 -0.4262
vn -0.6423 0.5416 -0.5424
vn 0.3486 0.6627 -0.6628
vn 0.6421 0.4260 -0.6374
vn -0.3486 0.6627 -0.6628
vn -0.6421 0.4259 -0.6374
vn -0.3486 0.5208 -0.7793
vn -0.6420 0.2935 -0.7083
vn 0.3484 0.5211 -0.7791
vn 0.6420 0.2935 -0.7083
vn -0.3486 0.3588 -0.8659
vn -0.6423 0.1497 -0.7517
vn 0.3486 0.3588 -0.8659
vn 0.6421 0.1495 -0.7519
vn -0.3486 0.1829 -0.9193
vn -0.6425 0.0004 -0.7663
vn 0.3482 0.1830 -0.9194
vn 0.6425 0.0004 -0.7663
vn -0.3485 -0.0000 -0.9373
vn 0.3485 -0.0000 -0.9373
vn -0.3483 -0.1831 -0.9193
vn -0.6423 -0.1500 -0.7517
vn 0.3483 -0.1832 -0.9193
vn 0.6423 -0.1493 -0.7518
vn -0.3486 -0.3587 -0.8659
vn -0.6420 -0.2935 -0.7083
vn 0.3483 -0.3591 -0.8659
vn 0.6420 -0.2935 -0.7083
vn -0.3486 -0.5208 -0.7793
vn -0.6425 -0.4255 -0.6373
vn 0.3486 -0.5208 -0.7793
vn -0.6420 -0.5420 -0.5422
vn 0.6426 -0.4254 -0.6373
vn 0.6420 -0.5421 -0.5422
vn -0.3483 -0.6629 -0.6627
vn -0.3406 -0.7269 -0.5964
vn 0.3486 -0.6627 -0.6628
vn -0.6402 -0.5938 -0.4873
vn 0.3483 -0.7792 -0.5210
vn 0.6420 -0.6376 -0.4259
vn -0.3486 -0.7793 -0.5207
vn -0.6421 -0.6373 -0.4261
vn 0.6424 -0.7080 -0.2934
vn -0.6424 -0.7080 -0.2934
vn -0.3485 -0.8659 -0.3589
vn -0.6401 -0.7352 -0.2232
vn 0.3486 -0.8660 -0.3586
vn 0.6421 -0.7519 -0.1496
vn -0.3404 -0.8997 -0.2732
vn -0.6421 -0.7519 -0.1496
vn 0.3486 -0.9193 -0.1829
vn 0.6421 -0.7666 0.0001
vn -0.3486 -0.9193 -0.1828
vn -0.6421 -0.7666 -0.0000
vn 0.3487 -0.9372 0.0002
vn 0.6403 -0.7644 0.0755
vn -0.3486 -0.9373 -0.0000
vn 0.3404 -0.9357 0.0924
vn -0.3485 -0.9194 0.1826
vn -0.6421 -0.7519 0.1496
vn 0.3485 -0.9194 0.1825
vn 0.6421 -0.7519 0.1495
vn -0.3484 -0.8662 0.3584
vn -0.6423 -0.7079 0.2937
vn 0.3486 -0.8660 0.3586
vn 0.6423 -0.7080 0.2937
vn -0.3486 -0.7794 0.5206
vn -0.6423 -0.6375 0.4255
vn -0.6423 -0.5419 0.5419
vn 0.3486 -0.7794 0.5206
vn 0.6423 -0.6375 0.4255
vn 0.6419 -0.5421 0.5422
vn -0.3486 -0.6627 0.6628
vn -0.6421 -0.4257 0.6375
vn 0.3482 -0.6628 0.6629
vn 0.6420 -0.4260 0.6375
vn 0.3483 -0.5204 0.7796
vn 0.6423 -0.2936 0.7079
vn -0.3485 -0.5207 0.7793
vn -0.6423 -0.2937 0.7079
vn 0.3486 -0.3587 0.8659
vn 0.6421 -0.1495 0.7519
vn -0.3486 -0.3587 0.8659
vn -0.6421 -0.1495 0.7519
vn 0.3486 -0.1828 0.9193
vn -0.3486 -0.1828 0.9193
vn 0.3485 -0.0000 0.9373
vn -0.3485 -0.0000 0.9373
vn 0.0004 0.0003 1.0000
vn -0.0000 -0.0000 1.0000
vn 0.2968 0.7140 0.6341
vn 0.7266 0.2832 0.6260
vn 0.3541 0.6799 0.6422
vn -0.3541 0.6799 0.6421
vn 0.7560 0.2229 0.6155
vn -0.2965 0.7141 0.6342
vn 0.7408 -0.2801 0.6106
vn -0.7266 0.2833 0.6260
vn 0.7598 -0.2370 0.6055
vn -0.7560 0.2229 0.6154
vn 0.3229 -0.6903 0.6475
vn -0.7408 -0.2801 0.6105
vn 0.3347 -0.6846 0.6476
vn -0.7598 -0.2370 0.6054
vn -0.3346 -0.6847 0.6475
vn -0.3233 -0.6905 0.6471
vt 0.000000 0.000000
s 1
f 1640/3/634 1641/3/635 1642/3/636
f 1643/3/637 1644/3/638 1645/3/639
f 1640/3/634 1643/3/637 1645/3/639
f 1644/3/638 1643/3/637 1646/3/640
f 1647/3/641 1646/3/640 1643/3/637
f 1642/3/636 1648/3/642 1640/3/634
f 1643/3/637 1640/3/634 1648/3/642
f 1648/3/642 1642/3/636 1649/3/643
f 1650/3/644 1648/3/642 1649/3/643
f 1643/3/637 1651/3/645 1647/3/641
f 1651/3/645 1643/3/637 1648/3/642
f 1652/3/646 1647/3/641 1651/3/645
f 1648/3/642 1650/3/644 1653/3/647
f 1653/3/647 1651/3/645 1648/3/642
f 1654/3/648 1653/3/647 1650/3/644
f 1655/3/649 1652/3/646 1651/3/645
f 1655/3/649 1651/3/645 1653/3/647
f 1656/3/650 1652/3/646 1655/3/649
f 1653/3/647 1654/3/648 1657/3/651
f 1657/3/651 1655/3/649 1653/3/647
f 1658/3/652 1657/3/651 1654/3/648
f 1659/3/653 1656/3/650 1655/3/649
f 1659/3/653 1655/3/649 1657/3/651
f 1660/3/654 1656/3/650 1659/3/653
f 1656/3/650 1660/3/654 1661/3/655
f 1662/3/656 1659/3/653 1657/3/651
f 1657/3/651 1658/3/652 1662/3/656
f 1660/3/654 1659/3/653 1662/3/656
f 1660/3/654 1663/3/657 1661/3/655
f 1658/3/652 1664/3/658 1662/3/656
f 1664/3/658 1660/3/654 1662/3/656
f 1664/3/658 1658/3/652 1665/3/659
f 1666/3/660 1664/3/658 1665/3/659
f 1667/3/661 1660/3/654 1664/3/658
f 1660/3/654 1667/3/661 1663/3/657
f 1664/3/658 1666/3/660 1668/3/662
f 1668/3/662 1667/3/661 1664/3/658
f 1669/3/663 1663/3/657 1667/3/661
f 1669/3/663 1667/3/661 1668/3/662
f 1663/3/657 1669/3/663 1670/3/664
f 1671/3/665 1668/3/662 1666/3/660
f 1671/3/665 1669/3/663 1668/3/662
f 1672/3/666 1671/3/665 1666/3/660
f 1673/3/667 1670/3/664 1669/3/663
f 1673/3/667 1669/3/663 1671/3/665
f 1670/3/664 1673/3/667 1674/3/668
f 1675/3/669 1671/3/665 1672/3/666
f 1675/3/669 1673/3/667 1671/3/665
f 1676/3/670 1675/3/669 1672/3/666
f 1677/3/671 1674/3/668 1673/3/667
f 1677/3/671 1673/3/667 1675/3/669
f 1674/3/668 1677/3/671 1678/3/672
f 1679/3/673 1678/3/672 1677/3/671
f 1680/3/674 1675/3/669 1676/3/670
f 1680/3/674 1677/3/671 1675/3/669
f 1676/3/670 1681/3/675 1680/3/674
f 1682/3/676 1680/3/674 1681/3/675
f 1677/3/671 1683/3/677 1679/3/673
f 1683/3/677 1677/3/671 1680/3/674
f 1684/3/678 1679/3/673 1683/3/677
f 1680/3/674 1682/3/676 1685/3/679
f 1685/3/679 1683/3/677 1680/3/674
f 1686/3/680 1685/3/679 1682/3/676
f 1687/3/681 1684/3/678 1683/3/677
f 1687/3/681 1683/3/677 1685/3/679
f 1688/3/682 1684/3/678 1687/3/681
f 1685/3/679 1686/3/680 1689/3/683
f 1689/3/683 1687/3/681 1685/3/679
f 1690/3/684 1689/3/683 1686/3/680
f 1691/3/685 1688/3/682 1687/3/681
f 1691/3/685 1687/3/681 1689/3/683
f 1691/3/685 1692/3/686 1688/3/682
f 1689/3/683 1690/3/684 1693/3/687
f 1693/3/687 1691/3/685 1689/3/683
f 1694/3/688 1693/3/687 1690/3/684
f 1692/3/686 1691/3/685 1695/3/689
f 1695/3/689 1691/3/685 1693/3/687
f 1695/3/689 1696/3/690 1692/3/686
f 1693/3/687 1694/3/688 1697/3/691
f 1697/3/691 1695/3/689 1693/3/687
f 1698/3/692 1697/3/691 1694/3/688
f 1696/3/690 1695/3/689 1699/3/693
f 1699/3/693 1695/3/689 1697/3/691
f 1700/3/694 1696/3/690 1699/3/693
f 1696/3/690 1700/3/694 1701/3/695
f 1702/3/696 1699/3/693 1697/3/691
f 1700/3/694 1699/3/693 1702/3/696
f 1697/3/691 1698/3/692 1702/3/696
f 1702/3/696 1703/3/697 1700/3/694
f 1703/3/697 1702/3/696 1698/3/692
f 1698/3/692 1704/3/698 1703/3/697
f 1705/3/699 1706/3/700 1707/3/701
f 1708/3/702 1707/3/701 1706/3/700
f 1707/3/701 1708/3/702 1709/3/703
f 1710/3/704 1708/3/702 1706/3/700
f 1708/3/702 1710/3/704 1711/3/705
f 1712/3/706 1711/3/705 1710/3/704
f 1712/3/706 1710/3/704 1713/3/707
f 1709/3/703 1714/3/708 1707/3/701
f 1714/3/708 1709/3/703 1715/3/709
f 1716/3/710 1713/3/707 1710/3/704
f 1713/3/707 1716/3/710 1717/3/711
f 1716/3/710 1718/3/712 1717/3/711
f 1718/3/712 1716/3/710 1719/3/713
f 1720/3/714 1719/3/713 1716/3/710
f 1710/3/704 1721/3/715 1716/3/710
f 1720/3/714 1716/3/710 1721/3/715
f 1721/3/715 1710/3/704 1706/3/700
f 1706/3/700 1705/3/699 1721/3/715
f 1705/3/699 1720/3/714 1721/3/715
f 1720/3/714 1705/3/699 1722/3/716
f 1723/3/717 1722/3/716 1705/3/699
f 1705/3/699 1707/3/701 1723/3/717
f 1707/3/701 1714/3/708 1723/3/717
f 1722/3/716 1723/3/717 1724/3/718
f 1725/3/719 1724/3/718 1723/3/717
f 1723/3/717 1714/3/708 1725/3/719
f 1724/3/718 1725/3/719 1726/3/720
f 1714/3/708 1727/3/721 1725/3/719
f 1714/3/708 1715/3/709 1727/3/721
f 1715/3/709 1728/3/722 1727/3/721
f 1729/3/723 1726/3/720 1725/3/719
f 1725/3/719 1727/3/721 1729/3/723
f 1726/3/720 1729/3/723 1730/3/724
f 1727/3/721 1728/3/722 1731/3/725
f 1727/3/721 1731/3/725 1729/3/723
f 1728/3/722 1732/3/726 1731/3/725
f 1733/3/727 1731/3/725 1732/3/726
f 1734/3/728 1730/3/724 1729/3/723
f 1729/3/723 1731/3/725 1734/3/728
f 1730/3/724 1734/3/728 1735/3/729
f 1736/3/730 1735/3/729 1734/3/728
f 1731/3/725 1733/3/727 1737/3/731
f 1731/3/725 1737/3/731 1734/3/728
f 1738/3/732 1737/3/731 1733/3/727
f 1734/3/728 1739/3/733 1736/3/730
f 1734/3/728 1737/3/731 1739/3/733
f 1736/3/730 1739/3/733 1740/3/734
f 1737/3/731 1738/3/732 1741/3/735
f 1737/3/731 1741/3/735 1739/3/733
f 1742/3/736 1741/3/735 1738/3/732
f 1738/3/732 1743/3/737 1742/3/736
f 1739/3/733 1741/3/735 1744/3/738
f 1739/3/733 1744/3/738 1740/3/734
f 1741/3/735 1742/3/736 1744/3/738
f 1745/3/739 1742/3/736 1743/3/737
f 1740/3/734 1744/3/738 1746/3/740
f 1742/3/736 1745/3/739 1747/3/741
f 1744/3/738 1742/3/736 1748/3/742
f 1744/3/738 1748/3/742 1746/3/740
f 1742/3/736 1747/3/741 1748/3/742
f 1749/3/743 1747/3/741 1745/3/739
f 1750/3/744 1746/3/740 1748/3/742
f 1748/3/742 1747/3/741 1750/3/744
f 1746/3/740 1750/3/744 1751/3/745
f 1750/3/744 1752/3/746 1751/3/745
f 1747/3/741 1749/3/743 1753/3/747
f 1747/3/741 1753/3/747 1750/3/744
f 1754/3/748 1753/3/747 1749/3/743
f 1752/3/746 1750/3/744 1755/3/749
f 1753/3/747 1755/3/749 1750/3/744
f 1753/3/747 1754/3/748 1756/3/750
f 1755/3/749 1753/3/747 1756/3/750
f 1757/3/751 1756/3/750 1754/3/748
f 1758/3/752 1752/3/746 1755/3/749
f 1756/3/750 1758/3/752 1755/3/749
f 1758/3/752 1756/3/750 1757/3/751
f 1752/3/746 1758/3/752 1759/3/753
f 1757/3/751 1754/3/748 1641/3/635
f 1645/3/639 1759/3/753 1758/3/752
f 1757/3/751 1645/3/639 1758/3/752
f 1759/3/753 1645/3/639 1644/3/638
f 1641/3/635 1640/3/634 1757/3/751
f 1645/3/639 1757/3/751 1640/3/634
f 1760/3/754 1761/3/755 1762/3/756
f 1763/3/757 1761/3/755 1764/3/758
f 1761/3/755 1763/3/757 1762/3/756
f 1765/3/759 1762/3/756 1763/3/757
f 1761/3/755 1760/3/754 1766/3/760
f 1767/3/761 1766/3/760 1760/3/754
f 1767/3/761 1768/3/762 1766/3/760
f 1760/3/754 1769/3/763 1767/3/761
f 1762/3/756 1770/3/764 1760/3/754
f 1769/3/763 1760/3/754 1770/3/764
f 1762/3/756 1765/3/759 1771/3/765
f 1770/3/764 1762/3/756 1771/3/765
f 1772/3/766 1769/3/763 1770/3/764
f 1771/3/765 1772/3/766 1770/3/764
f 1769/3/763 1772/3/766 1773/3/767
f 1774/3/768 1771/3/765 1765/3/759
f 1772/3/766 1771/3/765 1774/3/768
f 1774/3/768 1765/3/759 1775/3/769
f 1776/3/770 1773/3/767 1772/3/766
f 1774/3/768 1776/3/770 1772/3/766
f 1773/3/767 1776/3/770 1777/3/771
f 1775/3/769 1778/3/772 1774/3/768
f 1776/3/770 1774/3/768 1778/3/772
f 1778/3/772 1775/3/769 1779/3/773
f 1780/3/774 1777/3/771 1776/3/770
f 1778/3/772 1780/3/774 1776/3/770
f 1777/3/771 1780/3/774 1781/3/775
f 1779/3/773 1782/3/776 1778/3/772
f 1780/3/774 1778/3/772 1782/3/776
f 1782/3/776 1779/3/773 1783/3/777
f 1780/3/774 1784/3/778 1781/3/775
f 1785/3/779 1782/3/776 1783/3/777
f 1784/3/778 1780/3/774 1786/3/780
f 1782/3/776 1786/3/780 1780/3/774
f 1782/3/776 1785/3/779 1787/3/781
f 1786/3/780 1782/3/776 1787/3/781
f 1785/3/779 1788/3/782 1787/3/781
f 1789/3/783 1784/3/778 1786/3/780
f 1787/3/781 1789/3/783 1786/3/780
f 1789/3/783 1787/3/781 1788/3/782
f 1784/3/778 1789/3/783 1790/3/784
f 1785/3/779 1791/3/785 1788/3/782
f 1792/3/786 1790/3/784 1789/3/783
f 1788/3/782 1792/3/786 1789/3/783
f 1790/3/784 1792/3/786 1793/3/787
f 1794/3/788 1788/3/782 1791/3/785
f 1792/3/786 1788/3/782 1794/3/788
f 1794/3/788 1791/3/785 1795/3/789
f 1796/3/790 1793/3/787 1792/3/786
f 1793/3/787 1796/3/790 1797/3/791
f 1796/3/790 1792/3/786 1798/3/792
f 1798/3/792 1792/3/786 1794/3/788
f 1795/3/789 1798/3/792 1794/3/788
f 1795/3/789 1799/3/793 1798/3/792
f 1800/3/794 1801/3/795 1802/3/796
f 1803/3/797 1801/3/795 1800/3/794
f 1803/3/797 1804/3/797 1801/3/795
f 1802/3/796 1805/3/798 1800/3/794
f 1802/3/796 1806/3/799 1805/3/798
f 1806/3/799 1802/3/796 1807/3/799
f 1808/3/798 1809/3/800 1810/3/794
f 1811/3/797 1810/3/794 1809/3/800
f 1810/3/794 1811/3/797 1812/3/801
f 1809/3/800 1808/3/798 1813/3/802
f 1808/3/798 1814/3/799 1813/3/802
f 1814/3/799 1808/3/798 1815/3/803
f 1816/3/804 1817/3/804 1818/3/804
f 1817/3/804 1816/3/804 1819/3/804
f 1816/3/804 1818/3/804 1820/3/804
f 1819/3/804 1821/3/804 1817/3/804
f 1822/3/804 1820/3/804 1818/3/804
f 1820/3/804 1822/3/804 1823/3/804
f 1824/3/804 1823/3/804 1822/3/804
f 1823/3/804 1824/3/804 1825/3/804
f 1826/3/804 1825/3/804 1824/3/804
f 1825/3/804 1826/3/804 1827/3/804
f 1828/3/804 1827/3/804 1826/3/804
f 1828/3/804 1829/3/804 1827/3/804
f 1829/3/804 1828/3/804 1830/3/804
f 1831/3/804 1829/3/804 1830/3/804
f 1831/3/804 1832/3/804 1829/3/804
f 1832/3/804 1831/3/804 1833/3/804
f 1832/3/804 1833/3/804 1834/3/804
f 1835/3/804 1832/3/804 1834/3/804
f 1832/3/804 1835/3/804 1836/3/804
f 1835/3/804 1837/3/804 1836/3/804
f 1837/3/804 1835/3/804 1838/3/804
f 1839/3/804 1837/3/804 1838/3/804
f 1837/3/804 1839/3/804 1840/3/804
f 1841/3/804 1840/3/804 1839/3/804
f 1840/3/804 1841/3/804 1842/3/804
f 1843/3/804 1842/3/804 1841/3/804
f 1842/3/804 1843/3/804 1844/3/804
f 1845/3/804 1844/3/804 1843/3/804
f 1844/3/804 1845/3/804 1846/3/804
f 1847/3/804 1846/3/804 1845/3/804
f 1846/3/804 1847/3/804 1848/3/804
f 1848/3/804 1847/3/804 1849/3/804
f 1849/3/804 1847/3/804 1850/3/804
f 1850/3/804 1851/3/804 1849/3/804
f 1851/3/804 1850/3/804 1852/3/804
f 1851/3/804 1852/3/804 1853/3/804
f 1854/3/804 1853/3/804 1852/3/804
f 1853/3/804 1854/3/804 1855/3/804
f 1856/3/804 1855/3/804 1854/3/804
f 1857/3/804 1855/3/804 1856/3/804
f 1855/3/804 1857/3/804 1858/3/804
f 1859/3/804 1858/3/804 1857/3/804
f 1858/3/804 1859/3/804 1860/3/804
f 1861/3/804 1860/3/804 1859/3/804
f 1860/3/804 1861/3/804 1862/3/804
f 1863/3/804 1862/3/804 1861/3/804
f 1862/3/804 1863/3/804 1864/3/804
f 1865/3/804 1864/3/804 1863/3/804
f 1864/3/804 1865/3/804 1866/3/804
f 1867/3/804 1866/3/804 1865/3/804
f 1867/3/804 1868/3/804 1866/3/804
f 1869/3/804 1868/3/804 1867/3/804
f 1868/3/804 1869/3/804 1870/3/804
f 1871/3/804 1870/3/804 1869/3/804
f 1871/3/804 1872/3/804 1870/3/804
f 1873/3/804 1872/3/804 1871/3/804
f 1872/3/804 1873/3/804 1874/3/804
f 1875/3/804 1874/3/804 1873/3/804
f 1876/3/804 1874/3/804 1875/3/804
f 1874/3/804 1876/3/804 1877/3/804
f 1878/3/804 1877/3/804 1876/3/804
f 1821/3/804 1877/3/804 1878/3/804
f 1877/3/804 1821/3/804 1819/3/804
f 1874/3/804 1877/3/804 1879/3/804
f 1877/3/804 1880/3/804 1879/3/804
f 1881/3/804 1879/3/804 1880/3/804
f 1879/3/804 1881/3/804 1882/3/804
f 1877/3/804 1883/3/804 1880/3/804
f 1882/3/804 1881/3/804 1884/3/804
f 1880/3/804 1883/3/804 1885/3/804
f 1884/3/804 1881/3/804 1886/3/804
f 1886/3/804 1887/3/804 1884/3/804
f 1887/3/804 1886/3/804 1888/3/805
f 1887/3/804 1889/3/804 1884/3/804
f 1889/3/804 1887/3/804 1890/3/806
f 1891/3/804 1885/3/804 1883/3/804
f 1885/3/804 1891/3/804 1892/3/804
f 1891/3/804 1883/3/804 1893/3/804
f 1893/3/804 1883/3/804 1894/3/807
f 1893/3/804 1894/3/807 1895/3/806
f 1896/3/804 1892/3/804 1891/3/804
f 1892/3/804 1896/3/804 1897/3/804
f 1896/3/804 1898/3/804 1897/3/804
f 1898/3/804 1896/3/804 1899/3/804
f 1900/3/804 1898/3/804 1899/3/804
f 1900/3/804 1899/3/804 1901/3/808
f 1902/3/804 1898/3/804 1900/3/804
f 1903/3/804 1898/3/804 1902/3/804
f 1898/3/804 1903/3/804 1904/3/804
f 1905/3/809 1906/3/809 1907/3/809
f 1905/3/809 1907/3/809 1908/3/809
f 1908/3/809 1907/3/809 1909/3/810
f 1906/3/809 1905/3/809 1910/3/809
f 1911/3/809 1906/3/809 1910/3/809
f 1910/3/809 1905/3/809 1912/3/809
f 1906/3/809 1911/3/809 1913/3/809
f 1914/3/809 1913/3/809 1911/3/809
f 1915/3/809 1913/3/809 1914/3/809
f 1905/3/809 1916/3/809 1912/3/809
f 1913/3/809 1915/3/809 1917/3/809
f 1918/3/809 1917/3/809 1915/3/809
f 1917/3/809 1918/3/809 1919/3/811
f 1915/3/809 1920/3/809 1918/3/809
f 1920/3/809 1915/3/809 1921/3/809
f 1921/3/809 1915/3/809 1922/3/812
f 1912/3/809 1916/3/809 1923/3/809
f 1923/3/809 1924/3/809 1912/3/809
f 1925/3/809 1924/3/809 1923/3/809
f 1926/3/809 1924/3/809 1925/3/809
f 1924/3/809 1926/3/809 1927/3/809
f 1926/3/809 1928/3/809 1927/3/809
f 1927/3/809 1928/3/809 1929/3/812
f 1928/3/809 1926/3/809 1930/3/809
f 1928/3/809 1930/3/809 1931/3/809
f 1932/3/809 1923/3/809 1916/3/809
f 1916/3/809 1933/3/809 1932/3/809
f 1934/3/809 1932/3/809 1933/3/809
f 1933/3/809 1916/3/809 1935/3/809
f 1936/3/809 1932/3/809 1934/3/809
f 1916/3/809 1937/3/809 1935/3/809
f 1932/3/809 1936/3/809 1938/3/809
f 1937/3/809 1916/3/809 1939/3/809
f 1940/3/809 1938/3/809 1936/3/809
f 1939/3/809 1941/3/809 1937/3/809
f 1938/3/809 1940/3/809 1942/3/809
f 1943/3/809 1941/3/809 1939/3/809
f 1942/3/809 1940/3/809 1944/3/809
f 1941/3/809 1943/3/809 1945/3/809
f 1944/3/809 1946/3/809 1942/3/809
f 1947/3/809 1945/3/809 1943/3/809
f 1946/3/809 1944/3/809 1948/3/809
f 1945/3/809 1947/3/809 1949/3/809
f 1946/3/809 1948/3/809 1950/3/809
f 1951/3/809 1949/3/809 1947/3/809
f 1952/3/809 1950/3/809 1948/3/809
f 1949/3/809 1951/3/809 1953/3/809
f 1950/3/809 1952/3/809 1954/3/809
f 1955/3/809 1953/3/809 1951/3/809
f 1956/3/809 1954/3/809 1952/3/809
f 1953/3/809 1955/3/809 1957/3/809
f 1954/3/809 1956/3/809 1958/3/809
f 1959/3/809 1957/3/809 1955/3/809
f 1960/3/809 1958/3/809 1956/3/809
f 1957/3/809 1959/3/809 1961/3/809
f 1958/3/809 1960/3/809 1962/3/809
f 1959/3/809 1963/3/809 1961/3/809
f 1962/3/809 1960/3/809 1964/3/809
f 1965/3/809 1963/3/809 1959/3/809
f 1962/3/809 1964/3/809 1966/3/809
f 1963/3/809 1965/3/809 1967/3/809
f 1966/3/809 1968/3/809 1962/3/809
f 1965/3/809 1969/3/809 1967/3/809
f 1968/3/809 1966/3/809 1970/3/809
f 1969/3/809 1965/3/809 1971/3/809
f 1968/3/809 1970/3/809 1972/3/809
f 1971/3/809 1973/3/809 1969/3/809
f 1974/3/809 1972/3/809 1970/3/809
f 1975/3/809 1973/3/809 1971/3/809
f 1976/3/809 1972/3/809 1974/3/809
f 1973/3/809 1975/3/809 1977/3/809
f 1972/3/809 1976/3/809 1978/3/809
f 1979/3/809 1977/3/809 1975/3/809
f 1980/3/809 1978/3/809 1976/3/809
f 1979/3/809 1981/3/809 1977/3/809
f 1978/3/809 1980/3/809 1982/3/809
f 1981/3/809 1979/3/809 1983/3/809
f 1984/3/809 1982/3/809 1980/3/809
f 1983/3/809 1985/3/809 1981/3/809
f 1982/3/809 1984/3/809 1986/3/809
f 1987/3/809 1985/3/809 1983/3/809
f 1988/3/809 1986/3/809 1984/3/809
f 1985/3/809 1987/3/809 1989/3/809
f 1986/3/809 1988/3/809 1990/3/809
f 1991/3/809 1989/3/809 1987/3/809
f 1990/3/809 1988/3/809 1992/3/809
f 1989/3/809 1991/3/809 1993/3/809
f 1993/3/809 1992/3/809 1988/3/809
f 1992/3/809 1993/3/809 1991/3/809
f 1994/3/813 1995/3/814 1996/3/815
f 1997/3/816 1994/3/813 1996/3/815
f 1995/3/814 1998/3/814 1996/3/815
f 1997/3/816 1996/3/815 1999/3/817
f 1995/3/814 2000/3/818 1998/3/814
f 2001/3/819 1997/3/816 1999/3/817
f 2002/3/820 1998/3/814 2000/3/818
f 1997/3/816 2001/3/819 2003/3/819
f 2000/3/818 2004/3/821 2002/3/820
f 2005/3/822 2003/3/819 2001/3/819
f 2004/3/821 2000/3/818 2006/3/821
f 2003/3/819 2005/3/822 2007/3/822
f 2006/3/821 2008/3/823 2004/3/821
f 2007/3/822 2005/3/822 2009/3/823
f 2006/3/821 2009/3/823 2008/3/823
f 2009/3/823 2005/3/822 2008/3/823
f 2010/3/824 2011/3/825 2012/3/826
f 2013/3/827 2010/3/824 2012/3/826
f 2010/3/824 2013/3/827 2014/3/828
f 2012/3/826 2015/3/829 2013/3/827
f 2014/3/828 2016/3/830 2010/3/824
f 2016/3/830 2014/3/828 2017/3/831
f 2016/3/830 2018/3/832 2010/3/824
f 2018/3/832 2011/3/825 2010/3/824
f 2017/3/831 2019/3/833 2016/3/830
f 2018/3/832 2020/3/834 2011/3/825
f 2019/3/833 2017/3/831 2021/3/835
f 2020/3/834 2018/3/832 2022/3/836
f 2023/3/837 2011/3/825 2020/3/834
f 2016/3/830 2024/3/838 2018/3/832
f 2024/3/838 2022/3/836 2018/3/832
f 2024/3/838 2016/3/830 2019/3/833
f 2022/3/836 2024/3/838 2025/3/839
f 2011/3/825 2023/3/837 2026/3/840
f 2011/3/825 2026/3/840 2012/3/826
f 2027/3/841 2026/3/840 2023/3/837
f 2028/3/842 2025/3/839 2024/3/838
f 2024/3/838 2019/3/833 2028/3/842
f 2025/3/839 2028/3/842 2029/3/843
f 2029/3/843 2028/3/842 2030/3/844
f 2019/3/833 2031/3/845 2028/3/842
f 2021/3/835 2031/3/845 2019/3/833
f 2031/3/845 2021/3/835 2032/3/846
f 2033/3/847 2031/3/845 2032/3/846
f 2028/3/842 2034/3/848 2030/3/844
f 2028/3/842 2031/3/845 2034/3/848
f 2034/3/848 2035/3/849 2030/3/844
f 2031/3/845 2033/3/847 2036/3/850
f 2031/3/845 2036/3/850 2034/3/848
f 2037/3/851 2036/3/850 2033/3/847
f 2035/3/849 2034/3/848 2038/3/852
f 2034/3/848 2036/3/850 2038/3/852
f 2035/3/849 2038/3/852 2039/3/853
f 2036/3/850 2037/3/851 2040/3/854
f 2036/3/850 2040/3/854 2038/3/852
f 2041/3/855 2040/3/854 2037/3/851
f 2038/3/852 2042/3/856 2039/3/853
f 2038/3/852 2040/3/854 2042/3/856
f 2040/3/854 2041/3/855 2043/3/857
f 2040/3/854 2043/3/857 2042/3/856
f 2044/3/858 2039/3/853 2042/3/856
f 2043/3/857 2044/3/858 2042/3/856
f 2039/3/853 2044/3/858 2045/3/859
f 2043/3/857 2041/3/855 2046/3/860
f 2044/3/858 2043/3/857 2046/3/860
f 2041/3/855 2047/3/861 2046/3/860
f 2048/3/862 2045/3/859 2044/3/858
f 2044/3/858 2046/3/860 2048/3/862
f 2045/3/859 2048/3/862 2049/3/863
f 2046/3/860 2047/3/861 2050/3/864
f 2050/3/864 2048/3/862 2046/3/860
f 2047/3/861 2051/3/865 2050/3/864
f 2052/3/866 2049/3/863 2048/3/862
f 2048/3/862 2050/3/864 2052/3/866
f 2049/3/863 2052/3/866 2053/3/867
f 2054/3/868 2053/3/867 2052/3/866
f 2052/3/866 2050/3/864 2054/3/868
f 2053/3/867 2054/3/868 2055/3/869
f 2056/3/870 2055/3/869 2054/3/868
f 2050/3/864 2051/3/865 2057/3/871
f 2050/3/864 2057/3/871 2054/3/868
f 2051/3/865 2058/3/872 2057/3/871
f 2059/3/873 2057/3/871 2058/3/872
f 2056/3/870 2054/3/868 2060/3/874
f 2054/3/868 2057/3/871 2060/3/874
f 2061/3/875 2056/3/870 2060/3/874
f 2057/3/871 2059/3/873 2062/3/876
f 2057/3/871 2062/3/876 2060/3/874
f 2063/3/877 2062/3/876 2059/3/873
f 2062/3/876 2063/3/877 2064/3/878
f 2064/3/878 2060/3/874 2062/3/876
f 2065/3/879 2064/3/878 2063/3/877
f 2061/3/875 2060/3/874 2066/3/880
f 2060/3/874 2064/3/878 2066/3/880
f 2067/3/881 2061/3/875 2066/3/880
f 2064/3/878 2065/3/879 2068/3/882
f 2068/3/882 2066/3/880 2064/3/878
f 2069/3/883 2068/3/882 2065/3/879
f 2067/3/881 2066/3/880 2070/3/884
f 2070/3/884 2066/3/880 2068/3/882
f 2071/3/885 2067/3/881 2070/3/884
f 2068/3/882 2069/3/883 2072/3/886
f 2072/3/886 2070/3/884 2068/3/882
f 2073/3/887 2072/3/886 2069/3/883
f 2074/3/888 2071/3/885 2070/3/884
f 2070/3/884 2072/3/886 2074/3/888
f 2075/3/889 2071/3/885 2074/3/888
f 2072/3/886 2073/3/887 2076/3/890
f 2076/3/890 2074/3/888 2072/3/886
f 2077/3/891 2075/3/889 2074/3/888
f 2077/3/891 2074/3/888 2076/3/890
f 2073/3/887 2078/3/892 2076/3/890
f 2078/3/892 2077/3/891 2076/3/890
f 2078/3/892 2073/3/887 2079/3/893
f 2080/3/894 2075/3/889 2077/3/891
f 2080/3/894 2077/3/891 2078/3/892
f 2075/3/889 2080/3/894 2081/3/895
f 2079/3/893 2082/3/896 2078/3/892
f 2082/3/896 2080/3/894 2078/3/892
f 2082/3/896 2079/3/893 2083/3/897
f 2084/3/898 2081/3/895 2080/3/894
f 2080/3/894 2082/3/896 2084/3/898
f 2081/3/895 2084/3/898 2085/3/899
f 2086/3/900 2082/3/896 2083/3/897
f 2086/3/900 2084/3/898 2082/3/896
f 2087/3/901 2086/3/900 2083/3/897
f 2088/3/902 2085/3/899 2084/3/898
f 2088/3/902 2084/3/898 2086/3/900
f 2089/3/903 2086/3/900 2087/3/901
f 2085/3/899 2088/3/902 2090/3/904
f 2088/3/902 2091/3/905 2090/3/904
f 2086/3/900 2089/3/903 2092/3/906
f 2092/3/906 2088/3/902 2086/3/900
f 2089/3/903 2093/3/907 2092/3/906
f 2088/3/902 2092/3/906 2094/3/908
f 2091/3/905 2088/3/902 2094/3/908
f 2093/3/907 2094/3/908 2092/3/906
f 2095/3/909 2093/3/907 2089/3/903
f 2096/3/910 2091/3/905 2094/3/908
f 2093/3/907 2096/3/910 2094/3/908
f 2091/3/905 2096/3/910 2097/3/911
f 2098/3/912 2093/3/907 2095/3/909
f 2096/3/910 2093/3/907 2098/3/912
f 2095/3/909 2099/3/913 2098/3/912
f 2100/3/914 2097/3/911 2096/3/910
f 2101/3/915 2098/3/912 2099/3/913
f 2098/3/912 2101/3/915 2102/3/916
f 2102/3/916 2096/3/910 2098/3/912
f 2103/3/917 2102/3/916 2101/3/915
f 2104/3/918 2100/3/914 2096/3/910
f 2102/3/916 2104/3/918 2096/3/910
f 2105/3/919 2100/3/914 2104/3/918
f 2102/3/916 2103/3/917 2106/3/920
f 2106/3/920 2104/3/918 2102/3/916
f 2107/3/921 2106/3/920 2103/3/917
f 2108/3/922 2105/3/919 2104/3/918
f 2106/3/920 2108/3/922 2104/3/918
f 2109/3/923 2105/3/919 2108/3/922
f 2106/3/920 2107/3/921 2110/3/924
f 2108/3/922 2106/3/920 2110/3/924
f 2111/3/925 2110/3/924 2107/3/921
f 2112/3/926 2109/3/923 2108/3/922
f 2109/3/923 2112/3/926 2113/3/927
f 2114/3/928 2108/3/922 2110/3/924
f 2110/3/924 2111/3/925 2114/3/928
f 2112/3/926 2108/3/922 2114/3/928
f 2115/3/929 2113/3/927 2112/3/926
f 2114/3/928 2115/3/929 2112/3/926
f 2116/3/930 2114/3/928 2111/3/925
f 2115/3/929 2114/3/928 2116/3/930
f 2117/3/931 2116/3/930 2111/3/925
f 2118/3/932 2113/3/927 2115/3/929
f 2115/3/929 2116/3/930 2118/3/932
f 2113/3/927 2118/3/932 2119/3/933
f 2117/3/931 2120/3/934 2116/3/930
f 2120/3/934 2118/3/932 2116/3/930
f 2120/3/934 2117/3/931 2121/3/935
f 2122/3/936 2119/3/933 2118/3/932
f 2120/3/934 2122/3/936 2118/3/932
f 2119/3/933 2122/3/936 2123/3/937
f 2124/3/938 2120/3/934 2121/3/935
f 2124/3/938 2122/3/936 2120/3/934
f 2125/3/939 2124/3/938 2121/3/935
f 2126/3/940 2124/3/938 2125/3/939
f 2127/3/941 2123/3/937 2122/3/936
f 2124/3/938 2127/3/941 2122/3/936
f 2123/3/937 2127/3/941 2128/3/942
f 2127/3/941 2129/3/943 2128/3/942
f 2124/3/938 2126/3/940 2130/3/944
f 2130/3/944 2127/3/941 2124/3/938
f 2131/3/945 2130/3/944 2126/3/940
f 2129/3/943 2127/3/941 2132/3/946
f 2130/3/944 2132/3/946 2127/3/941
f 2132/3/946 2133/3/947 2129/3/943
f 2133/3/947 2132/3/946 2134/3/948
f 2134/3/948 2132/3/946 2130/3/944
f 2135/3/949 2133/3/947 2134/3/948
f 2130/3/944 2131/3/945 2136/3/950
f 2136/3/950 2134/3/948 2130/3/944
f 2137/3/951 2136/3/950 2131/3/945
f 2138/3/952 2135/3/949 2134/3/948
f 2138/3/952 2134/3/948 2136/3/950
f 2139/3/953 2135/3/949 2138/3/952
f 2136/3/950 2137/3/951 2140/3/954
f 2140/3/954 2138/3/952 2136/3/950
f 2141/3/955 2140/3/954 2137/3/951
f 2142/3/956 2139/3/953 2138/3/952
f 2142/3/956 2138/3/952 2140/3/954
f 2027/3/841 2139/3/953 2142/3/956
f 2140/3/954 2141/3/955 2143/3/957
f 2143/3/957 2142/3/956 2140/3/954
f 2015/3/829 2143/3/957 2141/3/955
f 2144/3/958 2027/3/841 2142/3/956
f 2144/3/958 2142/3/956 2143/3/957
f 2026/3/840 2027/3/841 2144/3/958
f 2143/3/957 2015/3/829 2145/3/959
f 2145/3/959 2144/3/958 2143/3/957
f 2026/3/840 2144/3/958 2145/3/959
f 2015/3/829 2012/3/826 2145/3/959
f 2012/3/826 2026/3/840 2145/3/959
f 2146/3/960 2147/3/960 2148/3/960
f 2148/3/960 2147/3/960 2149/3/960
f 2147/3/960 2146/3/960 2150/3/960
f 2151/3/960 2148/3/960 2149/3/960
f 2146/3/960 2152/3/960 2150/3/960
f 2152/3/960 2153/3/960 2150/3/960
f 2153/3/960 2152/3/960 2154/3/960
f 2153/3/960 2154/3/960 2155/3/960
f 2154/3/960 2156/3/960 2155/3/960
f 2157/3/961 2148/3/960 2151/3/960
f 2158/3/960 2157/3/961 2151/3/960
f 2157/3/961 2158/3/960 2159/3/960
f 2160/3/960 2157/3/961 2159/3/960
f 2157/3/961 2160/3/960 2161/3/960
f 2162/3/960 2161/3/960 2160/3/960
f 2161/3/960 2162/3/960 2163/3/960
f 2164/3/961 2156/3/960 2154/3/960
f 2162/3/960 2164/3/961 2163/3/960
f 2164/3/961 2165/3/960 2156/3/960
f 2166/3/960 2164/3/961 2162/3/960
f 2165/3/960 2164/3/961 2166/3/960
f 2167/3/962 2168/3/963 2169/3/964
f 2170/3/965 2167/3/962 2169/3/964
f 2168/3/963 2167/3/962 2171/3/966
f 2167/3/962 2170/3/965 2172/3/967
f 2171/3/966 2173/3/968 2168/3/963
f 2174/3/969 2172/3/967 2170/3/965
f 2173/3/968 2171/3/966 2175/3/970
f 2172/3/967 2174/3/969 2176/3/971
f 2177/3/972 2173/3/968 2175/3/970
f 2174/3/969 2178/3/973 2176/3/971
f 2173/3/968 2177/3/972 2179/3/974
f 2176/3/971 2178/3/973 2180/3/975
f 2177/3/972 2181/3/976 2179/3/974
f 2178/3/973 2182/3/977 2180/3/975
f 2181/3/976 2177/3/972 2182/3/977
f 2182/3/977 2178/3/973 2181/3/976
