# Blender 5.1.2
# www.blender.org
mtllib hands 2 left.mtl
o RenderMesh_12307734932
v -2.000000 -0.446993 -0.446993
v -2.000000 0.446993 0.446993
v -2.000000 0.446993 -0.446993
v -2.000000 -0.446993 0.446993
v 2.000000 0.446993 -0.446993
v 2.000000 -0.446993 0.446993
v 2.000000 -0.446993 -0.446993
v 2.000000 0.446993 0.446993
v 1.946993 -0.446993 0.500000
v 1.946993 -0.500000 0.446993
v 2.000000 -0.446993 0.446993
v 2.000000 -0.446993 -0.446993
v 1.946993 -0.500000 -0.446993
v 1.946993 -0.446993 -0.500000
v 1.946993 0.446993 0.500000
v 2.000000 0.446993 0.446993
v 1.946993 0.500000 0.446993
v 1.946993 0.500000 -0.446993
v 2.000000 0.446993 -0.446993
v 1.946993 0.446993 -0.500000
v -1.946993 -0.446993 0.500000
v -2.000000 -0.446993 0.446993
v -1.946993 -0.500000 0.446993
v -1.946993 -0.500000 -0.446993
v -2.000000 -0.446993 -0.446993
v -1.946993 -0.446993 -0.500000
v -1.946993 0.446993 0.500000
v -1.946993 0.500000 0.446993
v -2.000000 0.446993 0.446993
v -2.000000 0.446993 -0.446993
v -1.946993 0.500000 -0.446993
v -1.946993 0.446993 -0.500000
v 2.000000 -0.446993 0.446993
v 2.000000 0.446993 0.446993
v 1.946993 0.446993 0.500000
v 1.946993 -0.446993 0.500000
v 2.000000 0.446993 -0.446993
v 1.946993 -0.446993 -0.500000
v 1.946993 0.446993 -0.500000
v 2.000000 -0.446993 -0.446993
v -2.000000 0.446993 0.446993
v -2.000000 -0.446993 0.446993
v -1.946993 -0.446993 0.500000
v -1.946993 0.446993 0.500000
v -2.000000 -0.446993 -0.446993
v -2.000000 0.446993 -0.446993
v -1.946993 0.446993 -0.500000
v -1.946993 -0.446993 -0.500000
v 1.946993 0.500000 0.446993
v -1.946993 0.500000 0.446993
v -1.946993 0.446993 0.500000
v 1.946993 0.446993 0.500000
v 1.946993 0.446993 -0.500000
v -1.946993 0.446993 -0.500000
v -1.946993 0.500000 -0.446993
v 1.946993 0.500000 -0.446993
v -1.946993 -0.500000 0.446993
v 1.946993 -0.500000 0.446993
v 1.946993 -0.446993 0.500000
v -1.946993 -0.446993 0.500000
v -1.946993 -0.446993 -0.500000
v 1.946993 -0.446993 -0.500000
v 1.946993 -0.500000 -0.446993
v -1.946993 -0.500000 -0.446993
v 1.946993 -0.500000 -0.446993
v -1.946993 -0.500000 0.446993
v -1.946993 -0.500000 -0.446993
v 1.946993 -0.500000 0.446993
v -1.946993 0.446993 -0.500000
v 1.946993 0.446993 -0.500000
v 1.946993 -0.446993 -0.500000
v -1.946993 -0.446993 -0.500000
v -1.946993 0.500000 -0.446993
v 1.946993 0.500000 0.446993
v 1.946993 0.500000 -0.446993
v -1.946993 0.500000 0.446993
v -1.946993 -0.446993 0.500000
v 1.946993 -0.446993 0.500000
v 1.946993 0.446993 0.500000
v -1.946993 0.446993 0.500000
vn -0.8756 -0.3416 -0.3416
vn -0.8756 0.3416 0.3416
vn -0.8756 0.3416 -0.3416
vn -0.8756 -0.3416 0.3416
vn 0.8756 0.3416 -0.3416
vn 0.8756 -0.3416 0.3416
vn 0.8756 -0.3416 -0.3416
vn 0.8756 0.3416 0.3416
vn 0.3416 -0.3416 0.8756
vn 0.3416 -0.8756 0.3416
vn 0.3416 -0.8756 -0.3416
vn 0.3416 -0.3416 -0.8756
vn 0.3416 0.3416 0.8756
vn 0.3416 0.8756 0.3416
vn 0.3416 0.8756 -0.3416
vn 0.3416 0.3416 -0.8756
vn -0.3416 -0.3416 0.8756
vn -0.3416 -0.8756 0.3416
vn -0.3416 -0.8756 -0.3416
vn -0.3416 -0.3416 -0.8756
vn -0.3416 0.3416 0.8756
vn -0.3416 0.8756 0.3416
vn -0.3416 0.8756 -0.3416
vn -0.3416 0.3416 -0.8756
vt 0.528205 0.019678
vt 0.634188 0.130590
vt 0.528205 0.130590
vt 0.634188 0.019678
vt 0.634188 0.481216
vt 0.528205 0.370304
vt 0.634188 0.370304
vt 0.528205 0.481216
vt 0.634188 0.363148
vt 0.634188 0.137746
vt 0.972650 0.363148
vt 0.972650 0.137746
vt 0.747009 0.137746
vt 0.747009 0.363148
vt 0.859829 0.137746
vt 0.859829 0.363148
vt 0.753846 0.137746
vt 0.753846 0.363148
vt 0.866667 0.363148
vt 0.866667 0.137746
vt 0.528205 0.137746
vt 0.528205 0.363148
vt 0.641026 0.363148
vt 0.641026 0.137746
s 1
usemtl Material.002
f 1/1/1 2/2/2 3/3/3
f 2/2/2 1/1/1 4/4/4
f 5/5/5 6/6/6 7/7/7
f 6/6/6 5/5/5 8/8/8
f 9/6/9 10/6/10 11/6/6
f 10/6/10 12/7/7 11/6/6
f 12/7/7 10/6/10 13/7/11
f 13/7/11 14/7/12 12/7/7
f 15/8/13 16/8/8 17/8/14
f 18/5/15 17/8/14 16/8/8
f 16/8/8 19/5/5 18/5/15
f 20/5/16 18/5/15 19/5/5
f 21/4/17 22/4/4 23/4/18
f 24/1/19 23/4/18 22/4/4
f 22/4/4 25/1/1 24/1/19
f 26/1/20 24/1/19 25/1/1
f 27/2/21 28/2/22 29/2/2
f 30/3/3 29/2/2 28/2/22
f 28/2/22 31/3/23 30/3/3
f 32/3/24 30/3/3 31/3/23
f 33/6/6 34/8/8 35/8/13
f 33/6/6 35/8/13 36/6/9
f 37/5/5 38/7/12 39/5/16
f 38/7/12 37/5/5 40/7/7
f 41/2/2 42/4/4 43/4/17
f 41/2/2 43/4/17 44/2/21
f 45/1/1 46/3/3 47/3/24
f 47/3/24 48/1/20 45/1/1
f 49/9/14 50/10/22 51/10/21
f 49/9/14 51/10/21 52/9/13
f 53/11/16 54/12/24 55/12/23
f 53/11/16 55/12/23 56/11/15
f 57/13/18 58/14/10 59/14/9
f 57/13/18 59/14/9 60/13/17
f 61/15/20 62/16/12 63/16/11
f 61/15/20 63/16/11 64/15/19
f 65/16/11 66/17/18 67/15/19
f 66/17/18 65/16/11 68/18/10
f 69/12/24 70/11/16 71/19/12
f 69/12/24 71/19/12 72/20/20
f 73/21/23 74/9/14 75/22/15
f 74/9/14 73/21/23 76/10/22
f 77/13/17 78/14/9 79/23/13
f 77/13/17 79/23/13 80/24/21
o hands_3
v 2.115227 -0.348021 -0.674411
v 2.048126 -0.483851 -0.655311
v 2.028727 -0.472011 -0.704810
v 2.091627 -0.331161 -0.712909
v 1.998726 -0.529781 -0.706409
v 2.005026 -0.553961 -0.663810
v 1.974527 -0.576101 -0.664008
v 1.968927 -0.554741 -0.704009
v 1.951126 0.526150 0.533692
v 1.977127 0.511679 0.528290
v 1.995827 0.582249 0.470891
v 2.025526 0.561399 0.461289
v 2.018127 0.275389 -0.626010
v 2.121126 -0.008661 -0.716209
v 2.085026 0.009859 -0.730808
v 1.982727 0.298569 -0.639510
v 2.033026 0.259679 -0.598209
v 2.162527 -0.128161 -0.830009
v 2.141327 -0.017311 -0.687309
v 2.196827 -0.150591 -0.815810
v 2.225426 -0.172791 -0.766311
v 2.200426 -0.193821 -0.823909
v 2.230026 -0.215191 -0.773010
v 1.995527 0.600089 -0.437209
v 1.941427 0.609059 -0.319511
v 1.969526 0.588039 -0.308410
v 1.922527 0.701369 -0.004909
v 2.025526 0.561399 -0.471210
v 1.995827 0.582249 -0.480808
v 2.024326 0.579569 -0.427108
v 2.043926 0.533829 -0.438010
v 2.043127 0.550859 -0.393211
v 1.998926 0.496699 -0.534511
v 1.977127 0.513509 -0.552711
v 1.985426 0.558989 -0.274410
v 1.949328 0.674819 -0.004909
v 1.965027 0.627559 -0.004909
v 1.985327 0.558989 0.264489
v 1.969527 0.588039 0.298489
v 1.941427 0.609060 0.309590
v 2.043127 0.550859 0.383290
v 1.995528 0.600089 0.427392
v 2.024327 0.579570 0.417191
v 2.043926 0.533829 0.428090
v 2.025526 0.561399 0.461289
v 1.995827 0.582249 0.470891
v 1.998926 0.494869 0.516392
v 1.977127 0.511679 0.528290
v 2.018128 0.338459 0.600491
v 2.033026 0.322739 0.579091
v 1.982727 0.361639 0.613991
v 1.951126 0.526150 0.533692
v 2.121126 -0.008661 0.609391
v 2.141327 -0.017311 0.580491
v 2.225426 -0.172481 0.666592
v 2.085026 0.009859 0.623891
v 2.162527 -0.140371 0.709389
v 2.196827 -0.156501 0.695191
v 2.200426 -0.187601 0.703290
v 2.230026 -0.202981 0.673291
v 2.115227 -0.348021 0.667592
v 2.091627 -0.331161 0.706090
v 2.028727 -0.472011 0.694890
v 2.048126 -0.483851 0.645390
v 1.998726 -0.529781 0.696492
v 2.005026 -0.553961 0.653889
v 1.974528 -0.576101 0.654092
v 1.968928 -0.554741 0.694093
v 0.125427 0.529049 -0.016108
v 0.234127 0.533369 -0.109210
v 0.230026 0.506829 -0.111011
v 0.083927 0.507019 0.001092
v 0.112827 0.534559 0.001092
v 0.240526 0.583869 -0.057708
v 0.235027 0.566769 -0.077708
v 0.243427 0.552619 -0.086009
v 0.701826 0.031419 -0.533408
v 0.662727 0.031309 -0.260810
v 0.653027 0.059379 -0.265609
v 0.694826 0.005879 -0.483607
v 0.663826 0.006709 -0.235007
v 0.380627 -0.040011 -0.008708
v 0.357527 -0.008521 -0.008708
v 0.380528 -0.039460 0.010289
v 0.584827 0.183129 -0.195010
v 0.596426 0.186149 -0.404609
v 0.390427 0.372119 -0.185210
v 0.389126 0.351579 -0.089007
v 0.371227 0.168050 -0.008609
v 0.357426 -0.007981 0.010289
v 0.645527 0.072669 0.259393
v 0.327526 0.320759 -0.008510
v 0.208626 0.447139 -0.033309
v 0.224226 0.412169 -0.008510
v 0.655028 0.044589 0.256192
v 0.371227 0.168029 0.010392
v 0.327526 0.320749 0.010491
v 0.224226 0.412159 0.010491
v 0.121826 0.477149 -0.008410
v 0.121826 0.477139 0.010591
v 0.208626 0.447099 0.035390
v 0.389126 0.351479 0.090890
v 0.584828 0.182899 0.196691
v 0.390427 0.371869 0.187192
v 0.596426 0.185619 0.406190
v 0.603728 0.197789 0.415391
v 0.706827 0.064709 0.581491
v 0.717327 0.073419 0.595189
v 0.720026 0.063869 0.601689
v 0.711928 0.054089 0.594792
v 0.701826 0.031450 0.542092
v 0.694027 0.005879 0.491693
v 0.657326 0.013809 0.229791
v 1.211426 -0.031060 0.676892
v 1.008127 0.033629 0.609590
v 1.004128 0.005679 0.589292
v 0.752327 0.062439 0.614289
v 1.201027 -0.056451 0.653890
v 1.479727 -0.103781 0.702092
v 0.747627 0.031479 0.599191
v 0.720026 0.063869 0.601689
v 0.711928 0.054089 0.594792
v 0.701826 0.031450 0.542092
v 0.769026 0.001569 0.530892
v 0.694027 0.005879 0.491693
v 1.006827 -0.022011 0.569390
v 1.181027 -0.076671 0.627191
v 1.487828 -0.145200 0.616589
v 1.495426 -0.133781 0.681889
v 1.560726 -0.131031 0.619290
v 1.549826 -0.092961 0.712991
v 1.568226 -0.123040 0.691991
v 1.004026 0.006399 -0.588008
v 1.203827 -0.029701 -0.675609
v 1.201027 -0.055801 -0.652610
v 1.005926 0.034389 -0.608607
v 1.479227 -0.102471 -0.700809
v 0.751526 0.061269 -0.602508
v 1.495426 -0.133141 -0.679809
v 1.549227 -0.091571 -0.711707
v 1.568127 -0.122391 -0.690009
v 1.560627 -0.130321 -0.618011
v 1.487827 -0.144521 -0.615310
v 1.180927 -0.076111 -0.625808
v 1.006826 -0.021441 -0.568408
v 0.770126 0.001569 -0.519908
v 0.738426 0.031259 -0.583407
v 0.718727 0.063449 -0.591910
v 0.710827 0.053789 -0.585307
v 0.701826 0.031419 -0.533408
v 0.694826 0.005879 -0.483607
v 0.124228 0.527959 0.017991
v 0.235027 0.566779 0.079892
v 0.240526 0.583789 0.059991
v 0.243427 0.552520 0.088189
v 0.230127 0.506749 0.113191
v 0.234127 0.533169 0.111489
v 0.431227 0.497659 0.263391
v 0.232727 0.484649 0.093991
v 0.436327 0.523740 0.260591
v 0.433127 0.426849 0.213590
v 0.715327 0.464769 0.459691
v 0.721127 0.490319 0.453790
v 0.867426 0.460709 0.626092
v 0.863426 0.434479 0.631692
v 0.673027 0.324640 0.422990
v 0.841927 0.226979 0.551892
v 0.398827 0.384259 0.195889
v 0.218527 0.468129 0.099191
v 0.209128 0.455049 0.086789
v 0.102026 0.484899 0.010591
v 0.086327 0.497819 0.001092
v 0.102026 0.484919 -0.008410
v 0.218527 0.468249 -0.097110
v 0.209128 0.455149 -0.084708
v 0.399027 0.384819 -0.193809
v 0.603626 0.198279 -0.413711
v 0.433127 0.427099 -0.211509
v 0.673027 0.325129 -0.421107
v 0.715326 0.465289 -0.457709
v 0.705627 0.063929 -0.573409
v 0.715527 0.073119 -0.586310
v 0.718727 0.063449 -0.591910
v 0.710827 0.053789 -0.585307
v 0.863426 0.435209 -0.629710
v 0.841726 0.227689 -0.550010
v 0.867327 0.461429 -0.624110
v 0.721027 0.490839 -0.451709
v 0.436327 0.524049 -0.258510
v 0.431227 0.497949 -0.261310
v 0.232727 0.484749 -0.091910
v 1.073826 0.392489 0.554791
v 0.891028 0.454019 0.632092
v 0.887026 0.428119 0.638192
v 0.867426 0.460709 0.626092
v 0.863426 0.434479 0.631692
v 0.841927 0.226979 0.551892
v 1.071327 0.367999 0.565289
v 1.274126 0.363769 0.594891
v 0.862427 0.215109 0.560990
v 1.271927 0.338379 0.603791
v 1.667927 0.313669 0.770490
v 1.671128 0.287449 0.781689
v 1.616427 0.062629 0.744191
v 0.673027 0.324640 0.422990
v 0.603728 0.197789 0.415391
v 0.717327 0.073419 0.595189
v 0.752327 0.062439 0.614289
v 0.720026 0.063869 0.601689
v 1.008127 0.033629 0.609590
v 1.028628 0.118629 0.590489
v 1.230726 0.054509 0.657792
v 1.211426 -0.031060 0.676892
v 1.479727 -0.103781 0.702092
v 1.592827 -0.032711 0.727391
v 1.549826 -0.092961 0.712991
v 1.611927 -0.062611 0.703992
v 1.568226 -0.123040 0.691991
v 0.886927 0.428869 -0.636211
v 1.073826 0.393149 -0.552810
v 1.070827 0.368699 -0.563308
v 0.891027 0.454739 -0.630111
v 1.274126 0.364429 -0.593108
v 0.863426 0.435209 -0.629710
v 0.867327 0.461429 -0.624110
v 0.841726 0.227689 -0.550010
v 0.673027 0.325129 -0.421107
v 0.603626 0.198279 -0.413711
v 0.715527 0.073119 -0.586310
v 0.861326 0.213899 -0.559310
v 0.751526 0.061269 -0.602508
v 0.718727 0.063449 -0.591910
v 1.013327 0.088459 -0.588908
v 1.005926 0.034389 -0.608607
v 1.190027 0.055189 -0.656310
v 1.203827 -0.029701 -0.675609
v 1.479227 -0.102471 -0.700809
v 1.616926 0.063569 -0.744308
v 1.592426 -0.031801 -0.726508
v 1.549227 -0.091571 -0.711707
v 1.611927 -0.061951 -0.702411
v 1.568127 -0.122391 -0.690009
v 1.270027 0.339499 -0.602008
v 1.671127 0.288369 -0.780009
v 1.667627 0.314579 -0.768710
v 0.398827 0.384259 0.195889
v 0.433127 0.426849 0.213590
v 0.232727 0.484649 0.093991
v 0.218527 0.468129 0.099191
v 0.083927 0.507019 0.001092
v 0.230127 0.506749 0.113191
v 0.232727 0.484749 -0.091910
v 0.433127 0.427099 -0.211509
v 0.399027 0.384819 -0.193809
v 0.218527 0.468249 -0.097110
v 0.083927 0.507019 0.001092
v 0.230026 0.506829 -0.111011
v 1.322327 -0.026511 0.538991
v 1.414726 0.097169 0.574090
v 1.112927 0.155129 0.491090
v 1.066227 0.019599 0.479691
v 1.291126 -0.048151 0.527089
v 1.054426 -0.018770 0.491792
v 1.063526 -0.055351 0.483590
v 1.253626 -0.069591 0.503991
v 1.534727 -0.249551 0.565289
v 1.549227 -0.147001 0.609891
v 1.540127 -0.219351 0.586892
v 1.939327 -0.517491 0.705792
v 1.933327 -0.548671 0.686292
v 2.001427 -0.454031 0.711789
v 1.959526 -0.518831 0.709592
v 1.968928 -0.554741 0.694093
v 1.998726 -0.529781 0.696492
v 1.976427 -0.503340 0.712392
v 2.028727 -0.472011 0.694890
v 2.091627 -0.331161 0.706090
v 2.064127 -0.311630 0.718190
v 1.638228 -0.010481 0.597993
v 2.168526 -0.173081 0.716592
v 2.200426 -0.187601 0.703290
v 2.196827 -0.156501 0.695191
v 2.162527 -0.140371 0.709389
v 1.680527 0.110959 0.671990
v 1.682528 0.152930 0.668092
v 1.426327 0.221819 0.639390
v 1.427227 0.264230 0.633092
v 1.109127 0.268269 0.540692
v 1.117827 0.307349 0.533990
v 1.938726 -0.569541 -0.657108
v 1.526226 -0.281331 -0.531608
v 1.534727 -0.249551 -0.575111
v 1.253626 -0.069591 -0.513908
v 1.201227 -0.092221 -0.468108
v 1.063526 -0.055351 -0.493510
v 1.933327 -0.548661 -0.696208
v 1.974527 -0.576101 -0.664008
v 1.968927 -0.554741 -0.704009
v 1.938727 -0.569541 0.647191
v 1.534727 -0.249551 0.565289
v 1.526226 -0.281331 0.521691
v 1.253626 -0.069591 0.503991
v 1.201227 -0.092221 0.458192
v 1.063526 -0.055351 0.483590
v 1.933327 -0.548671 0.686292
v 1.974528 -0.576101 0.654092
v 1.968928 -0.554741 0.694093
v 0.452927 -0.053941 0.010190
v 0.380528 -0.039460 0.010289
v 0.380627 -0.040011 -0.008708
v 0.655028 0.044589 0.256192
v 0.657326 0.013809 0.229791
v 0.453127 -0.054321 -0.008807
v 0.662727 0.031309 -0.260810
v 0.663826 0.006709 -0.235007
v 1.631327 0.460749 0.510091
v 1.444327 0.506609 0.449090
v 1.421427 0.348199 0.549691
v 1.652527 0.257359 0.603192
v 1.982727 0.361639 0.613991
v 2.085026 0.009859 0.623891
v 2.018128 0.338459 0.600491
v 2.121126 -0.008661 0.609391
v 1.062027 0.801169 0.174191
v 1.235527 0.791629 0.183392
v 1.225927 0.850229 0.001290
v 1.065928 0.784220 0.333592
v 1.026426 0.855089 0.001290
v 1.455326 0.923979 0.001290
v 0.936827 0.843279 0.206590
v 1.062027 0.801369 -0.171710
v 1.244828 0.773229 0.346490
v 1.235527 0.791839 -0.180907
v 0.936728 0.843519 -0.204009
v 1.065928 0.784599 -0.331107
v 0.875826 0.925359 0.001290
v 0.911226 0.842499 -0.203609
v 0.921026 0.827859 -0.403411
v 1.067127 0.766699 -0.351211
v 0.920427 0.809599 -0.423110
v 1.244827 0.773629 -0.344108
v 1.248026 0.755869 -0.364711
v 1.483027 0.825749 -0.425708
v 1.487026 0.808139 -0.446510
v 1.447426 0.850599 -0.224010
v 1.511827 0.807639 -0.416610
v 1.479326 0.838340 -0.219508
v 1.486626 0.909449 0.001290
v 1.479326 0.838089 0.221890
v 1.447426 0.850339 0.226491
v 1.516627 0.812819 0.419392
v 1.485926 0.825869 0.429089
v 1.522827 0.799320 0.434891
v 1.491726 0.808639 0.450589
v 1.248026 0.755440 0.367089
v 1.067127 0.766289 0.353593
v 0.921127 0.827399 0.405892
v 0.920428 0.809109 0.425591
v 0.911226 0.842259 0.206090
v 0.896027 0.826410 0.405290
v 0.895626 0.808219 0.424992
v 0.728926 0.741899 0.328389
v 0.727526 0.759089 0.307191
v 0.444527 0.629070 0.171891
v 0.447727 0.645389 0.150990
v 0.235027 0.566779 0.079892
v 0.240526 0.583789 0.059991
v 0.850126 0.923279 0.001290
v 0.748827 0.770509 0.155789
v 0.490027 0.654149 0.081792
v 0.255926 0.587099 0.033589
v 0.112827 0.534559 0.001092
v 0.256827 0.603189 0.001092
v 0.708626 0.815929 0.001290
v 0.445627 0.679859 0.001191
v 0.255926 0.587139 -0.031310
v 0.240526 0.583869 -0.057708
v 0.490027 0.654249 -0.079509
v 0.447626 0.645559 -0.148707
v 0.235027 0.566769 -0.077708
v 0.444428 0.629289 -0.169608
v 0.748726 0.770689 -0.153308
v 0.727427 0.759439 -0.304809
v 0.728926 0.742279 -0.326011
v 0.895927 0.826879 -0.402808
v 0.895527 0.808709 -0.422507
v 1.276026 0.558759 0.416890
v 1.076227 0.579589 0.394090
v 1.073826 0.392489 0.554791
v 1.274126 0.363769 0.594891
v 1.586127 0.526520 0.545392
v 1.667927 0.313669 0.770490
v 0.891028 0.454019 0.632092
v 0.927826 0.630659 0.450791
v 0.904827 0.634749 0.449990
v 0.867426 0.460709 0.626092
v 0.721127 0.490319 0.453790
v 0.737526 0.614209 0.350289
v 0.436327 0.523740 0.260591
v 0.463526 0.579679 0.194489
v 0.234127 0.533169 0.111489
v 0.243427 0.552520 0.088189
v 0.124228 0.527959 0.017991
v 1.073826 0.393149 -0.552810
v 1.076227 0.580039 -0.405410
v 1.276026 0.559239 -0.429111
v 1.274126 0.364429 -0.593108
v 1.586027 0.527149 -0.543307
v 1.667627 0.314579 -0.768710
v 0.891027 0.454739 -0.630111
v 0.927826 0.631179 -0.448608
v 0.904926 0.635199 -0.447810
v 0.867327 0.461429 -0.624110
v 0.721027 0.490839 -0.451709
v 0.737526 0.614619 -0.348109
v 0.436327 0.524049 -0.258510
v 0.463526 0.579899 -0.192309
v 0.234127 0.533369 -0.109210
v 0.243427 0.552619 -0.086009
v 0.125427 0.529049 -0.016108
v 1.691027 0.306119 0.745492
v 1.614327 0.514329 0.525689
v 1.586127 0.526520 0.545392
v 1.658827 0.302830 0.674790
v 1.667927 0.313669 0.770490
v 1.659426 0.236429 0.683492
v 1.671128 0.287449 0.781689
v 1.694327 0.266690 0.760491
v 1.644327 0.072129 0.722489
v 1.616427 0.062629 0.744191
v 1.592827 -0.032711 0.727391
v 1.602127 -0.067621 0.630490
v 1.611927 -0.062611 0.703992
v 1.568226 -0.123040 0.691991
v 1.560726 -0.131031 0.619290
v 1.276026 0.559239 -0.429111
v 1.076227 0.580039 -0.405410
v 1.248026 0.755869 -0.364711
v 1.487026 0.808139 -0.446510
v 1.586027 0.527149 -0.543307
v 1.067127 0.766699 -0.351211
v 0.927826 0.631179 -0.448608
v 0.920427 0.809599 -0.423110
v 0.904926 0.635199 -0.447810
v 0.895527 0.808709 -0.422507
v 0.728926 0.742279 -0.326011
v 0.737526 0.614619 -0.348109
v 0.444428 0.629289 -0.169608
v 0.463526 0.579899 -0.192309
v 0.243427 0.552619 -0.086009
v 0.235027 0.566769 -0.077708
v 1.067127 0.766289 0.353593
v 1.076227 0.579589 0.394090
v 1.248026 0.755440 0.367089
v 1.276026 0.558759 0.416890
v 1.491726 0.808639 0.450589
v 1.586127 0.526520 0.545392
v 0.927826 0.630659 0.450791
v 0.920428 0.809109 0.425591
v 0.904827 0.634749 0.449990
v 0.895626 0.808219 0.424992
v 0.728926 0.741899 0.328389
v 0.737526 0.614209 0.350289
v 0.444527 0.629070 0.171891
v 0.463526 0.579679 0.194489
v 0.243427 0.552520 0.088189
v 0.235027 0.566779 0.079892
v 1.502426 0.735639 -0.348510
v 1.684628 0.714509 -0.356010
v 1.680527 0.695689 -0.380809
v 1.995527 0.600089 -0.437209
v 1.941427 0.609059 -0.319511
v 1.995827 0.582249 -0.480808
v 1.662127 0.714709 -0.262710
v 1.922527 0.701369 -0.004909
v 1.492327 0.718309 -0.373611
v 1.272827 0.665709 -0.261211
v 1.262926 0.647669 -0.286307
v 1.939726 0.527979 -0.558109
v 1.648527 0.604869 -0.412208
v 1.977127 0.513509 -0.552711
v 2.025526 0.561399 -0.471210
v 1.510227 0.722299 -0.236408
v 1.278526 0.659299 -0.203208
v 1.648626 0.788459 -0.004909
v 1.471827 0.785609 -0.004909
v 1.444326 0.506609 -0.459010
v 1.648527 0.604869 -0.412208
v 1.631327 0.460749 -0.520007
v 1.492327 0.718309 -0.373611
v 1.680527 0.695689 -0.380809
v 1.467426 0.634979 -0.398410
v 1.262926 0.647669 -0.286307
v 1.246027 0.575459 -0.305011
v 1.156427 0.528489 -0.396011
v 1.153326 0.372159 -0.483310
v 1.939726 0.527979 -0.558109
v 1.421427 0.348199 -0.559608
v 1.117826 0.307349 -0.543910
v 1.982727 0.298569 -0.639510
v 1.977127 0.513509 -0.552711
v 2.018127 0.275389 -0.626010
v 1.652527 0.257359 -0.613109
v 2.085026 0.009859 -0.730808
v 1.427227 0.264229 -0.642909
v 1.109127 0.268269 -0.550510
v 1.682528 0.152929 -0.678008
v 2.162527 -0.128161 -0.830009
v 1.426327 0.221819 -0.649310
v 1.112926 0.155129 -0.500911
v 1.680527 0.110959 -0.681911
v 2.168526 -0.173621 -0.837310
v 2.196827 -0.150591 -0.815810
v 1.414726 0.097169 -0.584010
v 2.200426 -0.193821 -0.823909
v 1.638227 -0.010481 -0.607909
v 2.091627 -0.331161 -0.712909
v 2.230026 -0.215191 -0.773010
v 2.115227 -0.348021 -0.674411
v 2.064127 -0.311631 -0.725009
v 2.001427 -0.454031 -0.721709
v 1.549227 -0.147001 -0.619807
v 1.322327 -0.026511 -0.548907
v 1.066227 0.019599 -0.489608
v 2.028727 -0.472011 -0.704810
v 1.291126 -0.048151 -0.537009
v 1.054426 -0.018771 -0.501708
v 1.253626 -0.069591 -0.513908
v 1.063526 -0.055351 -0.493510
v 1.534727 -0.249551 -0.575111
v 1.540127 -0.219351 -0.596809
v 1.939327 -0.517491 -0.715610
v 1.933327 -0.548661 -0.696208
v 1.976427 -0.503341 -0.722308
v 1.998726 -0.529781 -0.706409
v 1.959526 -0.518831 -0.719508
v 1.968927 -0.554741 -0.704009
v 1.522827 0.799320 0.434891
v 1.491726 0.808639 0.450589
v 1.538327 0.752349 0.392892
v 1.516627 0.812819 0.419392
v 1.603327 0.503059 0.478890
v 1.532927 0.766549 0.373791
v 1.479326 0.838089 0.221890
v 1.507326 0.788069 0.197392
v 1.512327 0.851839 0.001191
v 1.486626 0.909449 0.001290
v 1.479326 0.838340 -0.219508
v 1.507326 0.779819 -0.195010
v 1.532927 0.730199 -0.361308
v 1.511827 0.807639 -0.416610
v 1.518127 0.791089 -0.434108
v 1.483027 0.825749 -0.425708
v 1.487026 0.808139 -0.446510
v 1.538326 0.704809 -0.380508
v 1.586027 0.527149 -0.543307
v 1.614626 0.515259 -0.525008
v 1.603226 0.503619 -0.476909
v 1.658726 0.305159 -0.673110
v 1.691126 0.307589 -0.744308
v 1.667627 0.314579 -0.768710
v 1.659426 0.238789 -0.681808
v 1.671127 0.288369 -0.780009
v 1.693727 0.267599 -0.757510
v 1.644426 0.072699 -0.722209
v 1.616926 0.063569 -0.744308
v 1.592426 -0.031801 -0.726508
v 1.602026 -0.066881 -0.629108
v 1.611927 -0.061951 -0.702411
v 1.568127 -0.122391 -0.690009
v 1.560627 -0.130321 -0.618011
v 1.271826 0.710799 -0.004909
v 1.278526 0.659309 0.193291
v 1.510227 0.722299 0.226491
v 1.272827 0.665709 0.251290
v 1.662127 0.714710 0.252789
v 1.941427 0.609060 0.309590
v 1.502426 0.735639 0.338589
v 1.492327 0.718309 0.363690
v 1.262926 0.647670 0.276391
v 1.680527 0.695689 0.370892
v 1.684628 0.714509 0.346089
v 1.995528 0.600089 0.427392
v 1.995827 0.582249 0.470891
v 1.951126 0.526150 0.533692
v 1.648527 0.630100 0.384591
v 1.631327 0.460749 0.510091
v 1.982727 0.361639 0.613991
v 1.444327 0.506609 0.449090
v 1.467427 0.660199 0.370789
v 1.246027 0.600689 0.277490
v 1.156428 0.528489 0.386090
v 1.153326 0.372159 0.473390
v 1.421427 0.348199 0.549691
v 1.117827 0.307349 0.533990
v 1.427227 0.264230 0.633092
v 1.652527 0.257359 0.603192
v 1.682528 0.152930 0.668092
v 2.085026 0.009859 0.623891
v 2.162527 -0.140371 0.709389
v 0.389126 0.351479 0.090890
v 0.209128 0.455049 0.086789
v 0.208626 0.447099 0.035390
v 0.390427 0.371869 0.187192
v 0.121826 0.477139 0.010591
v 0.224226 0.412159 0.010491
v 0.102026 0.484899 0.010591
v 0.102026 0.484919 -0.008410
v 0.086327 0.497819 0.001092
v 0.121826 0.477149 -0.008410
v 0.209128 0.455149 -0.084708
v 0.208626 0.447139 -0.033309
v 0.224226 0.412169 -0.008510
v 0.389126 0.351579 -0.089007
v 0.390427 0.372119 -0.185210
v 1.648527 0.630100 0.384591
v 1.680527 0.695689 0.370892
v 1.492327 0.718309 0.363690
v 1.467427 0.660199 0.370789
v 1.262926 0.647670 0.276391
v 1.246027 0.600689 0.277490
vn 0.5979 -0.5899 -0.5428
vn 0.7776 -0.4163 -0.4713
vn 0.6552 -0.3473 -0.6709
vn 0.3944 -0.5836 -0.7098
vn 0.6548 -0.4497 -0.6075
vn 0.7148 -0.5499 -0.4320
vn 0.1498 -0.8594 -0.4888
vn 0.1344 -0.7428 -0.6559
vn -0.1257 0.5265 0.8408
vn 0.6069 0.4020 0.6857
vn 0.0315 0.6703 0.7414
vn 0.7507 0.3951 0.5295
vn 0.6770 0.3936 -0.6219
vn 0.7223 0.5339 -0.4397
vn 0.1099 0.5183 -0.8481
vn -0.0789 0.3552 -0.9315
vn 0.8419 0.3776 -0.3855
vn 0.0079 0.3863 -0.9224
vn 0.8105 0.5036 -0.2991
vn 0.7376 0.5257 -0.4237
vn 0.8243 0.4710 -0.3140
vn 0.3238 -0.5765 -0.7502
vn 0.4867 -0.6594 -0.5731
vn 0.3459 0.9275 -0.1415
vn 0.3705 0.9222 -0.1103
vn 0.7416 0.6706 0.0158
vn 0.3468 0.9379 -0.0000
vn 0.7477 0.4328 -0.5036
vn 0.0314 0.7068 -0.7068
vn 0.6850 0.7243 0.0787
vn 0.8957 0.3064 -0.3221
vn 0.7165 0.6692 0.1968
vn 0.8408 0.2358 -0.4872
vn 0.5754 0.3783 -0.7251
vn 0.8974 0.4409 0.0158
vn 0.8084 0.5886 -0.0000
vn 0.9290 0.3700 -0.0000
vn 0.8973 0.4408 -0.0236
vn 0.7416 0.6706 -0.0158
vn 0.3705 0.9222 0.1103
vn 0.7165 0.6692 -0.1968
vn 0.3463 0.9286 0.1338
vn 0.6850 0.7243 -0.0787
vn 0.8854 0.3083 0.3478
vn 0.7507 0.3951 0.5294
vn 0.7955 0.2835 0.5356
vn 0.6068 0.4020 0.6857
vn 0.6056 0.2517 0.7549
vn 0.8327 0.2907 0.4713
vn -0.0632 0.2605 0.9634
vn 0.7023 0.4182 0.5760
vn 0.7976 0.4344 0.4185
vn 0.7376 0.5257 0.4238
vn 0.2047 0.4251 0.8817
vn 0.2136 0.4114 0.8861
vn 0.6700 0.5518 0.4966
vn 0.5254 -0.2901 0.7998
vn 0.6205 -0.3848 0.6833
vn 0.6766 -0.4406 0.5900
vn 0.5203 -0.3469 0.7804
vn 0.6534 -0.3542 0.6691
vn 0.7750 -0.4227 0.4697
vn 0.6548 -0.4497 0.6074
vn 0.7148 -0.5499 0.4320
vn 0.1498 -0.8594 0.4888
vn 0.1344 -0.7428 0.6559
vn -0.5730 0.4867 -0.6594
vn -0.4646 0.6142 -0.6379
vn -0.5981 -0.2675 -0.7555
vn -0.9999 0.0078 -0.0079
vn -0.5601 0.8283 0.0158
vn -0.3693 0.9115 -0.1808
vn -0.4876 0.5111 -0.7078
vn -0.4186 0.5845 -0.6951
vn -0.8722 -0.4243 -0.2436
vn -0.7801 -0.4098 -0.4727
vn -0.8431 -0.3073 -0.4412
vn -0.9434 -0.2672 -0.1965
vn -0.3868 -0.7816 -0.4894
vn -0.4895 -0.5842 -0.6473
vn -0.6909 -0.0314 -0.7223
vn -0.4889 -0.5677 0.6623
vn -0.7958 -0.3467 -0.4964
vn -0.8360 -0.5205 -0.1736
vn -0.6943 -0.6943 -0.1894
vn -0.6878 -0.5691 -0.4506
vn -0.7014 -0.0709 -0.7092
vn -0.6909 -0.0315 0.7223
vn -0.8431 -0.3073 0.4413
vn -0.6687 -0.3698 -0.6451
vn -0.4874 -0.8018 -0.3459
vn -0.5518 -0.6701 -0.4966
vn -0.7935 -0.3849 0.4714
vn -0.7010 -0.0787 0.7088
vn -0.6668 -0.3765 0.6432
vn -0.5518 -0.6700 0.4965
vn -0.4182 -0.8995 -0.1262
vn -0.4182 -0.8995 0.1262
vn -0.4887 -0.8039 0.3390
vn -0.6878 -0.5692 0.4506
vn -0.7967 -0.3550 0.4891
vn -0.6943 -0.6943 0.1894
vn -0.8326 -0.5262 0.1728
vn -0.5678 0.3233 0.7570
vn -0.9338 -0.2824 0.2197
vn -0.4636 0.4243 0.7779
vn -0.3628 0.2130 0.9072
vn -0.8770 -0.3318 0.3476
vn -0.8808 -0.4010 0.2517
vn -0.9438 -0.2595 0.2045
vn -0.4559 -0.7232 0.5188
vn -0.2124 -0.0629 0.9752
vn -0.1177 0.0942 0.9886
vn -0.2131 -0.6708 0.7103
vn -0.0708 0.1102 0.9914
vn -0.2999 -0.7418 0.5998
vn -0.1738 -0.1027 0.9794
vn -0.1499 -0.7337 0.6627
vn -0.3629 0.2130 0.9072
vn -0.8808 -0.4010 0.2516
vn -0.1652 -0.8573 0.4876
vn -0.9438 -0.2596 0.2045
vn -0.2283 -0.7556 0.6140
vn -0.3223 -0.7703 0.5503
vn -0.1416 -0.9359 0.3224
vn -0.1339 -0.8667 0.4806
vn 0.4964 -0.8668 0.0473
vn -0.1335 -0.0471 0.9899
vn 0.5205 -0.7965 0.3076
vn -0.2294 -0.6803 -0.6961
vn -0.2040 -0.1098 -0.9728
vn -0.2906 -0.7540 -0.5891
vn -0.1413 0.0393 -0.9892
vn -0.1656 -0.1262 -0.9781
vn -0.0790 0.0475 -0.9957
vn -0.1339 -0.8667 -0.4806
vn -0.1334 -0.0706 -0.9885
vn 0.5193 -0.7946 -0.3147
vn 0.4964 -0.8668 -0.0473
vn -0.1422 -0.9325 -0.3319
vn -0.3223 -0.7703 -0.5502
vn -0.2445 -0.7494 -0.6153
vn -0.1740 -0.8540 -0.4902
vn -0.1812 -0.7483 -0.6381
vn -0.3218 0.1963 -0.9262
vn -0.8811 -0.3383 -0.3304
vn -0.8722 -0.4242 -0.2436
vn -0.9434 -0.2673 -0.1965
vn -0.5730 0.4867 0.6594
vn -0.4876 0.5112 0.7078
vn -0.3694 0.9115 0.1808
vn -0.4186 0.5845 0.6951
vn -0.5930 -0.2688 0.7590
vn -0.4646 0.6142 0.6378
vn -0.6150 -0.1577 0.7726
vn -0.5287 -0.2446 0.8128
vn -0.4262 0.6156 0.6629
vn -0.6147 -0.0316 0.7881
vn -0.6772 -0.0708 0.7324
vn -0.4815 0.6078 0.6315
vn -0.4476 0.6124 0.6517
vn -0.6768 -0.0787 0.7319
vn -0.6300 0.0866 0.7717
vn -0.5917 0.1656 0.7889
vn -0.5829 0.1654 0.7955
vn -0.5056 0.0553 0.8610
vn -0.5433 -0.7717 0.3307
vn -0.6140 -0.4959 0.6141
vn -0.9290 -0.3700 -0.0000
vn -0.6140 -0.4959 -0.6140
vn -0.5055 0.0553 -0.8610
vn -0.5433 -0.7717 -0.3307
vn -0.5829 0.1654 -0.7955
vn -0.5658 0.3143 -0.7623
vn -0.6147 -0.0316 -0.7881
vn -0.6300 0.0866 -0.7717
vn -0.6772 -0.0708 -0.7323
vn -0.9271 -0.3143 -0.2043
vn -0.4652 0.4022 -0.7886
vn -0.8811 -0.3382 -0.3304
vn -0.6768 -0.0787 -0.7319
vn -0.5895 0.1493 -0.7939
vn -0.4475 0.6124 -0.6517
vn -0.4815 0.6077 -0.6315
vn -0.4262 0.6155 -0.6629
vn -0.6157 -0.1500 -0.7736
vn -0.5287 -0.2447 -0.8128
vn 0.1960 0.6192 0.7604
vn 0.4261 0.5603 0.7103
vn 0.0552 -0.0947 0.9940
vn -0.4476 0.6124 0.6516
vn -0.5917 0.1657 0.7890
vn -0.0710 0.0711 0.9949
vn -0.1888 0.6371 0.7473
vn 0.0078 0.0472 0.9989
vn -0.2751 0.1415 0.9510
vn -0.1496 0.6376 0.7557
vn -0.2673 0.0943 0.9590
vn -0.2292 0.0474 0.9722
vn -0.6300 0.0866 0.7718
vn -0.0945 0.1496 0.9842
vn -0.2450 0.1027 0.9641
vn -0.2123 -0.0629 0.9752
vn -0.1104 -0.0316 0.9934
vn 0.9593 -0.2752 -0.0628
vn 0.5205 -0.7966 0.3075
vn 0.0474 -0.0869 -0.9951
vn 0.1812 0.5988 -0.7801
vn -0.0789 0.0789 -0.9938
vn 0.4019 0.5594 -0.7249
vn -0.1895 0.6239 -0.7582
vn -0.4475 0.6124 -0.6516
vn -0.6300 0.0867 -0.7718
vn 0.0078 0.0158 -0.9998
vn -0.1099 0.1570 -0.9815
vn -0.2519 0.1181 -0.9605
vn -0.2198 0.0628 -0.9735
vn -0.1024 -0.0552 -0.9932
vn -0.1333 -0.0706 -0.9886
vn 0.9593 -0.2752 0.0629
vn -0.2837 0.1577 -0.9458
vn -0.2593 0.1179 -0.9586
vn -0.1417 0.6298 -0.7637
vn -0.5828 0.1654 0.7956
vn -0.6147 -0.0315 0.7881
vn -0.9999 0.0079 -0.0079
vn -0.5930 -0.2689 0.7590
vn -0.5287 -0.2446 -0.8128
vn -0.6147 -0.0315 -0.7881
vn -0.5829 0.1654 -0.7956
vn -0.5981 -0.2676 -0.7555
vn -0.2517 -0.0315 0.9673
vn -0.2675 -0.2281 0.9362
vn -0.2913 -0.2283 0.9290
vn -0.2369 -0.0079 0.9715
vn -0.3298 -0.1806 0.9266
vn -0.1738 -0.1026 0.9794
vn -0.1495 -0.5430 0.8263
vn -0.3920 -0.5175 0.7606
vn -0.5353 -0.5353 0.6534
vn -0.2126 0.0393 0.9763
vn -0.3625 -0.1813 0.9142
vn -0.3459 -0.1415 0.9276
vn -0.5746 -0.5904 0.5668
vn -0.1808 0.0393 0.9827
vn -0.2752 -0.0629 0.9593
vn 0.1343 -0.7428 0.6559
vn 0.6548 -0.4497 0.6075
vn -0.2606 -0.0632 0.9634
vn 0.6533 -0.3542 0.6691
vn 0.5202 -0.3468 0.7804
vn -0.1809 -0.0079 0.9835
vn -0.2290 -0.0632 0.9714
vn -0.1814 -0.1025 0.9781
vn 0.5254 -0.2901 0.7999
vn 0.6701 0.5517 0.4966
vn 0.2136 0.4113 0.8861
vn -0.2211 -0.1501 0.9636
vn 0.2055 0.5058 0.8378
vn -0.2827 -0.2749 0.9190
vn -0.0471 0.5413 0.8395
vn -0.3164 -0.2689 0.9097
vn -0.1808 0.5582 0.8098
vn -0.5900 -0.6766 -0.4405
vn -0.5581 -0.6210 -0.5503
vn -0.5353 -0.5353 -0.6534
vn -0.3854 -0.5191 -0.7629
vn -0.3455 -0.6753 -0.6517
vn -0.1495 -0.5430 -0.8263
vn -0.5746 -0.5904 -0.5667
vn 0.1343 -0.7428 -0.6559
vn -0.5900 -0.6766 0.4406
vn -0.5581 -0.6210 0.5503
vn -0.3473 -0.6710 0.6551
vn -0.5746 -0.5904 0.5667
vn -0.2841 -0.8050 0.5208
vn -0.4889 -0.5677 0.6624
vn -0.4895 -0.5842 -0.6474
vn -0.4559 -0.7231 0.5188
vn -0.2598 -0.8423 -0.4723
vn -0.7801 -0.4098 -0.4728
vn -0.3868 -0.7815 -0.4895
vn -0.1106 0.4029 0.9085
vn -0.1492 0.5575 0.8166
vn -0.0945 0.5666 0.8185
vn -0.0000 0.3468 0.9379
vn -0.0632 0.2606 0.9634
vn 0.6055 0.2516 0.7550
vn 0.7023 0.4182 0.5761
vn 0.1813 0.9618 0.2050
vn -0.1575 0.9608 0.2284
vn -0.1733 0.9849 -0.0000
vn 0.2053 0.9632 0.1737
vn 0.2370 0.9715 -0.0000
vn -0.2202 0.9755 0.0006
vn 0.3138 0.9337 0.1726
vn 0.1816 0.9634 -0.1974
vn -0.1757 0.9628 0.2054
vn -0.1575 0.9608 -0.2284
vn 0.3138 0.9337 -0.1726
vn 0.2056 0.9645 -0.1661
vn 0.3067 0.9518 0.0005
vn -0.3932 0.8964 -0.2045
vn 0.2911 0.9363 -0.1967
vn 0.1811 0.3228 -0.9290
vn 0.3692 0.2750 -0.8877
vn -0.1737 0.9632 -0.2053
vn -0.2443 0.2995 -0.9223
vn -0.1814 0.9545 -0.2367
vn -0.2827 0.2749 -0.9190
vn -0.2049 0.9536 -0.2207
vn 0.8121 0.5835 -0.0000
vn 0.8021 0.5897 -0.0943
vn 0.7491 0.6624 -0.0000
vn 0.7423 0.6634 0.0948
vn -0.2049 0.9536 0.2207
vn 0.6912 0.7226 0.0079
vn -0.1887 0.9513 0.2437
vn 0.8343 0.4014 0.3778
vn -0.2918 0.2523 0.9226
vn -0.2605 0.2527 0.9318
vn 0.1971 0.2839 0.9384
vn 0.2906 0.9348 0.2043
vn 0.3952 0.2450 0.8853
vn -0.3931 0.8965 0.2045
vn -0.3856 0.9129 0.1338
vn -0.4821 0.1976 0.8536
vn -0.5429 0.2203 0.8104
vn -0.4323 0.8959 0.1022
vn -0.5198 0.3308 0.7876
vn -0.4004 0.9107 0.1021
vn -0.3693 0.9115 0.1807
vn -0.5063 0.8624 -0.0000
vn -0.4495 0.8675 0.2129
vn -0.4092 0.8892 0.2046
vn -0.3148 0.9286 0.1967
vn -0.5600 0.8283 0.0158
vn -0.3768 0.9263 -0.0000
vn -0.5215 0.8533 -0.0000
vn -0.4472 0.8944 -0.0000
vn -0.3152 0.9300 -0.1891
vn -0.3693 0.9116 -0.1807
vn -0.4092 0.8892 -0.2046
vn -0.4004 0.9106 -0.1021
vn -0.4876 0.5112 -0.7078
vn -0.5198 0.3308 -0.7876
vn -0.4495 0.8675 -0.2129
vn -0.4323 0.8959 -0.1022
vn -0.5429 0.2203 -0.8104
vn -0.3856 0.9129 -0.1338
vn -0.4821 0.1976 -0.8536
vn -0.2203 0.4644 0.8578
vn 0.1887 0.4796 0.8569
vn 0.1960 0.6193 0.7603
vn -0.1804 0.5725 0.7998
vn 0.4326 0.4405 0.7866
vn -0.4655 0.4577 0.7575
vn -0.4475 0.6124 0.6517
vn -0.4943 0.4473 0.7454
vn -0.4261 0.6156 0.6629
vn -0.4569 0.4806 0.7485
vn -0.4646 0.6143 0.6378
vn -0.4186 0.5845 0.6950
vn 0.1735 0.4810 -0.8594
vn -0.2128 0.4652 -0.8593
vn -0.1736 0.5680 -0.8045
vn 0.4018 0.5595 -0.7249
vn 0.4014 0.4408 -0.8028
vn -0.4655 0.4577 -0.7575
vn -0.4815 0.6078 -0.6315
vn -0.4943 0.4473 -0.7454
vn -0.4262 0.6156 -0.6629
vn -0.4570 0.4806 -0.7484
vn -0.4646 0.6143 -0.6378
vn -0.4186 0.5845 -0.6950
vn 0.9272 0.3693 0.0629
vn 0.9552 0.2921 0.0474
vn -0.1804 0.5724 0.7999
vn 0.9343 -0.0471 -0.3533
vn 0.9527 -0.1575 -0.2599
vn -0.2672 0.0943 0.9590
vn 0.9724 -0.2055 0.1107
vn 0.9763 -0.2126 -0.0393
vn -0.1104 -0.0315 0.9934
vn 0.9434 -0.2673 -0.1965
vn 0.9593 -0.2752 -0.0629
vn -0.2128 0.4651 -0.8593
vn 0.1734 0.4809 -0.8594
vn -0.2828 0.2749 -0.9190
vn -0.1736 0.5679 -0.8046
vn 0.4014 0.4407 -0.8029
vn 0.3692 0.2749 -0.8878
vn -0.4656 0.4577 -0.7575
vn -0.4943 0.4472 -0.7454
vn -0.4570 0.4805 -0.7485
vn 0.1971 0.2838 0.9384
vn 0.1887 0.4796 0.8570
vn -0.2606 0.2527 0.9318
vn -0.2204 0.4643 0.8578
vn -0.1803 0.5724 0.7999
vn -0.4943 0.4472 0.7454
vn -0.4570 0.4806 0.7485
vn -0.1101 0.9908 -0.0786
vn 0.2680 0.9618 -0.0552
vn -0.0079 0.6540 -0.7564
vn 0.3459 0.9276 -0.1415
vn 0.3705 0.9223 -0.1103
vn 0.0314 0.7068 -0.7067
vn 0.2275 0.9569 -0.1804
vn -0.2206 0.5042 -0.8350
vn -0.2996 0.9539 -0.0158
vn -0.4407 0.4722 -0.7634
vn -0.1338 0.4959 -0.8580
vn -0.1183 0.4969 -0.8597
vn 0.5753 0.3784 -0.7251
vn 0.7476 0.4329 -0.5037
vn -0.1417 0.9760 -0.1653
vn -0.3000 0.9394 -0.1658
vn 0.1961 0.9806 -0.0000
vn -0.1961 0.9806 -0.0000
vn -0.1415 0.5582 -0.8176
vn -0.1336 0.4243 -0.8956
vn -0.2206 0.5041 -0.8350
vn -0.0079 0.6540 -0.7565
vn -0.2052 0.5208 -0.8286
vn -0.3066 0.6367 -0.7075
vn -0.1961 0.5884 -0.7844
vn -0.1570 0.5888 -0.7929
vn -0.0944 0.5667 -0.8185
vn -0.1808 0.5582 -0.8098
vn 0.5753 0.3783 -0.7252
vn -0.0473 0.4341 -0.8996
vn -0.0471 0.5413 -0.8395
vn -0.3164 -0.2689 -0.9097
vn 0.0471 0.5023 -0.8634
vn 0.0079 0.3862 -0.9224
vn -0.2827 -0.2749 -0.9190
vn -0.2913 -0.2283 -0.9290
vn -0.3768 -0.2669 -0.8870
vn -0.4014 -0.2991 -0.8657
vn 0.7376 0.5258 -0.4237
vn -0.2675 -0.2282 -0.9362
vn 0.3238 -0.5764 -0.7503
vn -0.3146 -0.1573 -0.9361
vn 0.3943 -0.5836 -0.7099
vn 0.4867 -0.6594 -0.5730
vn 0.5978 -0.5900 -0.5428
vn -0.3079 -0.1500 -0.9395
vn -0.1732 0.0394 -0.9841
vn -0.2126 0.0394 -0.9763
vn -0.2517 -0.0315 -0.9673
vn -0.2369 -0.0079 -0.9715
vn 0.6551 -0.3473 -0.6710
vn -0.3298 -0.1806 -0.9266
vn -0.1737 -0.1026 -0.9794
vn -0.3630 -0.1737 -0.9154
vn -0.3459 -0.1415 -0.9276
vn -0.5746 -0.5904 -0.5668
vn -0.2605 -0.0632 -0.9634
vn -0.2752 -0.0630 -0.9593
vn 0.9614 0.2522 -0.1103
vn 0.6912 0.7226 0.0078
vn 0.9700 0.1420 -0.1972
vn 0.8846 0.4581 -0.0869
vn 0.7423 0.6633 0.0947
vn 0.8989 0.4337 0.0631
vn 0.9154 0.4025 -0.0079
vn 0.7492 0.6624 -0.0000
vn 0.8021 0.5897 -0.0944
vn 0.9241 0.3791 -0.0474
vn 0.9340 0.3531 0.0549
vn 0.8485 0.4007 -0.3457
vn -0.1815 0.9545 -0.2367
vn 0.9539 0.2602 0.1498
vn 0.9540 0.2996 -0.0079
vn 0.9612 0.1654 0.2206
vn 0.9343 -0.0471 0.3533
vn 0.9228 0.3786 -0.0710
vn -0.1418 0.6298 -0.7637
vn 0.9527 -0.1575 0.2598
vn 0.9736 -0.2041 -0.1021
vn 0.9764 -0.2126 0.0393
vn -0.1025 -0.0552 -0.9932
vn 0.9434 -0.2673 0.1965
vn 0.9593 -0.2753 0.0629
vn 0.5192 -0.7946 -0.3147
vn -0.3233 0.9463 -0.0000
vn -0.3000 0.9394 0.1658
vn -0.1417 0.9760 0.1653
vn -0.2996 0.9539 0.0158
vn 0.2275 0.9569 0.1804
vn 0.3705 0.9223 0.1104
vn -0.1101 0.9908 0.0786
vn -0.2127 0.4806 0.8508
vn -0.4417 0.4417 0.7809
vn -0.0157 0.6370 0.7707
vn 0.2680 0.9618 0.0552
vn 0.3462 0.9286 0.1338
vn 0.0316 0.6704 0.7413
vn -0.1101 0.5032 0.8571
vn -0.1492 0.5575 0.8167
vn -0.1968 0.5274 0.8265
vn -0.2834 0.6377 0.7163
vn -0.2049 0.5911 0.7802
vn -0.1570 0.5888 0.7929
vn -0.0944 0.5667 0.8185
vn -0.0470 0.5414 0.8395
vn -0.4887 -0.8040 0.3389
vn -0.6943 -0.6944 0.1894
vn -0.4182 -0.8995 0.1263
vn -0.5518 -0.6700 0.4966
vn -0.6140 -0.4959 -0.6141
vn -0.4182 -0.8995 -0.1263
vn -0.4873 -0.8018 -0.3459
vn -0.5517 -0.6700 -0.4966
vn -0.6878 -0.5692 -0.4506
vn -0.6943 -0.6943 -0.1893
vn -0.2127 0.4805 0.8508
vn -0.2834 0.6376 0.7163
vt 0.566414 0.924759
vt 0.570594 0.895176
vt 0.559810 0.897756
vt 0.558032 0.928432
vt 0.559450 0.885173
vt 0.568725 0.879908
vt 0.568698 0.875086
vt 0.559984 0.879737
vt 0.540136 0.875086
vt 0.536984 0.880746
vt 0.552353 0.884825
vt 0.547812 0.891282
vt 0.759345 0.292827
vt 0.697480 0.312480
vt 0.701515 0.315653
vt 0.764394 0.295774
vt 0.755923 0.286781
vt 0.671454 0.337261
vt 0.695596 0.306186
vt 0.666571 0.334163
vt 0.661735 0.323374
vt 0.657155 0.335928
vt 0.652502 0.324840
vt 0.830061 0.251714
vt 0.832014 0.226067
vt 0.827437 0.223647
vt 0.852120 0.157565
vt 0.821634 0.259102
vt 0.826176 0.261194
vt 0.825593 0.249501
vt 0.815631 0.251870
vt 0.819340 0.242113
vt 0.807544 0.272890
vt 0.811205 0.276860
vt 0.821110 0.216241
vt 0.846338 0.157565
vt 0.836045 0.157565
vt 0.821110 0.098888
vt 0.827437 0.091482
vt 0.832014 0.089062
vt 0.819340 0.073016
vt 0.830061 0.063416
vt 0.825593 0.065628
vt 0.815631 0.063259
vt 0.821634 0.056028
vt 0.826176 0.053936
vt 0.807146 0.044019
vt 0.810807 0.041431
vt 0.773080 0.025704
vt 0.769657 0.030368
vt 0.778128 0.022757
vt 0.813958 0.040259
vt 0.697480 0.023775
vt 0.695596 0.030069
vt 0.661803 0.011318
vt 0.701515 0.020602
vt 0.668796 0.001992
vt 0.665282 0.005090
vt 0.658509 0.003325
vt 0.655160 0.009853
vt 0.623572 0.011095
vt 0.627244 0.002713
vt 0.596568 0.005149
vt 0.593988 0.015933
vt 0.583985 0.004790
vt 0.578720 0.014065
vt 0.573899 0.014038
vt 0.578549 0.005323
vt 0.125779 0.759181
vt 0.126721 0.738909
vt 0.120940 0.738518
vt 0.120980 0.762929
vt 0.126980 0.762938
vt 0.137719 0.750135
vt 0.133995 0.745769
vt 0.130913 0.743974
vt 0.017400 0.646524
vt 0.017376 0.705890
vt 0.023490 0.704847
vt 0.011837 0.657368
vt 0.012017 0.711514
vt 0.001844 0.760792
vt 0.008702 0.760791
vt 0.001962 0.764928
vt 0.050441 0.720232
vt 0.051098 0.674585
vt 0.091601 0.722351
vt 0.087128 0.743316
vt 0.047156 0.760810
vt 0.008819 0.764929
vt 0.026385 0.819189
vt 0.080415 0.760833
vt 0.107939 0.755441
vt 0.100323 0.760850
vt 0.020269 0.818482
vt 0.047153 0.764948
vt 0.080413 0.764970
vt 0.100321 0.764988
vt 0.114475 0.760860
vt 0.114473 0.764998
vt 0.107931 0.770400
vt 0.087105 0.782494
vt 0.050391 0.805526
vt 0.091547 0.803469
vt 0.050983 0.851169
vt 0.053635 0.853162
vt 0.024651 0.889337
vt 0.026547 0.892330
vt 0.024466 0.893744
vt 0.022336 0.892230
vt 0.017407 0.880748
vt 0.011836 0.869792
vt 0.013564 0.812742
vt 0.762147 0.764421
vt 0.747493 0.720128
vt 0.743081 0.719253
vt 0.748511 0.664429
vt 0.757133 0.762145
vt 0.767640 0.822843
vt 0.745233 0.663399
vt 0.745781 0.657399
vt 0.744267 0.655630
vt 0.732785 0.653426
vt 0.730356 0.668064
vt 0.721829 0.651731
vt 0.738735 0.719853
vt 0.751324 0.757785
vt 0.749013 0.824615
vt 0.763241 0.826268
vt 0.749614 0.840486
vt 0.770011 0.838120
vt 0.765453 0.842119
vt 0.802888 0.719082
vt 0.783808 0.762606
vt 0.788835 0.761980
vt 0.798412 0.719502
vt 0.778321 0.822568
vt 0.799736 0.664081
vt 0.782904 0.826105
vt 0.775949 0.837822
vt 0.780680 0.841946
vt 0.796358 0.840312
vt 0.796954 0.824443
vt 0.794671 0.757617
vt 0.807176 0.719685
vt 0.817724 0.668142
vt 0.803898 0.661236
vt 0.802052 0.656953
vt 0.803489 0.655216
vt 0.814788 0.653276
vt 0.825632 0.651731
vt 0.125541 0.766619
vt 0.133997 0.780097
vt 0.137702 0.775765
vt 0.130891 0.781897
vt 0.120923 0.787349
vt 0.126677 0.786976
vt 0.118942 0.820060
vt 0.116108 0.783168
vt 0.124622 0.819456
vt 0.103521 0.809209
vt 0.111778 0.862822
vt 0.117344 0.861518
vt 0.110896 0.899050
vt 0.105183 0.900279
vt 0.081260 0.854815
vt 0.059991 0.882887
vt 0.094245 0.805359
vt 0.112512 0.784309
vt 0.109662 0.781606
vt 0.116165 0.765000
vt 0.118977 0.762931
vt 0.116167 0.760863
vt 0.112537 0.741538
vt 0.109684 0.744238
vt 0.094367 0.720483
vt 0.053741 0.672596
vt 0.103574 0.716622
vt 0.081367 0.670982
vt 0.111894 0.663013
vt 0.024481 0.637816
vt 0.026482 0.634995
vt 0.024376 0.633788
vt 0.022272 0.635225
vt 0.105342 0.625546
vt 0.060146 0.642899
vt 0.111053 0.626780
vt 0.117458 0.664325
vt 0.124689 0.706404
vt 0.119005 0.705792
vt 0.116132 0.742683
vt 0.585151 0.741301
vt 0.598552 0.701487
vt 0.592910 0.700611
vt 0.600009 0.696341
vt 0.594296 0.695475
vt 0.549104 0.690792
vt 0.579816 0.740756
vt 0.578895 0.784922
vt 0.546519 0.695254
vt 0.573366 0.784439
vt 0.567985 0.870689
vt 0.562273 0.871392
vt 0.513311 0.859460
vt 0.570373 0.654006
vt 0.542748 0.638903
vt 0.515660 0.663660
vt 0.513269 0.671281
vt 0.513579 0.664251
vt 0.506995 0.726980
vt 0.525506 0.731458
vt 0.511542 0.775462
vt 0.492906 0.771273
vt 0.477068 0.829695
vt 0.492546 0.854319
vt 0.479424 0.844972
vt 0.486034 0.858484
vt 0.472874 0.848971
vt 0.346469 0.684549
vt 0.354247 0.725253
vt 0.359574 0.724608
vt 0.340834 0.685436
vt 0.360503 0.768872
vt 0.345087 0.679424
vt 0.339376 0.680293
vt 0.390284 0.674717
vt 0.369063 0.637960
vt 0.396688 0.622851
vt 0.423947 0.647220
vt 0.393287 0.678977
vt 0.426528 0.655055
vt 0.426053 0.647928
vt 0.420607 0.712080
vt 0.432384 0.710476
vt 0.427853 0.750574
vt 0.446341 0.753581
vt 0.462188 0.813542
vt 0.426027 0.843544
vt 0.446799 0.838197
vt 0.459817 0.828797
vt 0.453364 0.842441
vt 0.466528 0.832920
vt 0.365932 0.767986
vt 0.377069 0.855343
vt 0.371359 0.854592
vt 0.608566 0.909588
vt 0.617842 0.917064
vt 0.630429 0.873429
vt 0.626832 0.870324
vt 0.635301 0.841016
vt 0.635244 0.872846
vt 0.581122 0.907498
vt 0.593679 0.951130
vt 0.602886 0.943707
vt 0.584717 0.904394
vt 0.576273 0.875086
vt 0.576313 0.906915
vt 0.259587 0.683894
vt 0.286522 0.704018
vt 0.299145 0.638301
vt 0.269629 0.628112
vt 0.254874 0.677110
vt 0.261271 0.625546
vt 0.253305 0.627536
vt 0.250204 0.668931
vt 0.211011 0.730157
vt 0.233345 0.733305
vt 0.217588 0.731334
vt 0.152656 0.818277
vt 0.145866 0.816957
vt 0.166477 0.831791
vt 0.152363 0.822665
vt 0.144542 0.824714
vt 0.149978 0.831201
vt 0.155738 0.826362
vt 0.162561 0.837740
vt 0.193237 0.851450
vt 0.197491 0.845457
vt 0.263078 0.752699
vt 0.227666 0.868188
vt 0.224502 0.875135
vt 0.231275 0.874348
vt 0.234789 0.866878
vt 0.289527 0.761917
vt 0.298667 0.762353
vt 0.313670 0.706539
vt 0.322908 0.706736
vt 0.323787 0.637462
vt 0.332297 0.639367
vt 0.616587 0.829528
vt 0.643915 0.739695
vt 0.634427 0.741541
vt 0.647766 0.680315
vt 0.657751 0.668911
vt 0.652203 0.638920
vt 0.608064 0.828342
vt 0.615086 0.837321
vt 0.606371 0.836098
vt 0.705264 0.829528
vt 0.687424 0.741541
vt 0.677936 0.739695
vt 0.674084 0.680315
vt 0.664100 0.668911
vt 0.669647 0.638920
vt 0.713786 0.828342
vt 0.706765 0.837321
vt 0.715479 0.836098
vt 0.790132 0.904835
vt 0.805891 0.904851
vt 0.805879 0.900715
vt 0.746104 0.958405
vt 0.745602 0.952666
vt 0.790082 0.900698
vt 0.744430 0.845814
vt 0.744189 0.851438
vt 0.913804 0.891334
vt 0.923792 0.850615
vt 0.889293 0.845640
vt 0.869509 0.895967
vt 0.892218 0.967881
vt 0.815605 0.990164
vt 0.887170 0.975584
vt 0.811570 0.998008
vt 0.788611 0.547681
vt 0.786609 0.585464
vt 0.826269 0.583381
vt 0.753890 0.548530
vt 0.826266 0.539923
vt 0.826261 0.633327
vt 0.781553 0.520401
vt 0.863936 0.547678
vt 0.751066 0.587493
vt 0.865945 0.585460
vt 0.870980 0.520397
vt 0.898662 0.548523
vt 0.826254 0.507128
vt 0.870889 0.514838
vt 0.914390 0.516976
vt 0.903032 0.548782
vt 0.918684 0.516831
vt 0.901494 0.587485
vt 0.905964 0.588183
vt 0.919258 0.639376
vt 0.923792 0.640242
vt 0.875327 0.631604
vt 0.917272 0.645644
vt 0.874341 0.638560
vt 0.826264 0.640162
vt 0.778206 0.638563
vt 0.777216 0.631606
vt 0.735208 0.646684
vt 0.733082 0.639999
vt 0.731830 0.648037
vt 0.728415 0.641266
vt 0.746600 0.588191
vt 0.749526 0.548789
vt 0.738148 0.516984
vt 0.733859 0.516840
vt 0.781644 0.514842
vt 0.738271 0.511519
vt 0.733987 0.511428
vt 0.755024 0.475136
vt 0.759633 0.474816
vt 0.789100 0.413185
vt 0.793664 0.413881
vt 0.809138 0.367554
vt 0.813470 0.368759
vt 0.826254 0.501532
vt 0.792611 0.479455
vt 0.808716 0.423095
vt 0.819222 0.372116
vt 0.826298 0.340956
vt 0.826293 0.372323
vt 0.826268 0.470713
vt 0.826284 0.413437
vt 0.833369 0.372115
vt 0.839100 0.368770
vt 0.843860 0.423094
vt 0.858918 0.413875
vt 0.843466 0.367556
vt 0.863482 0.413180
vt 0.859938 0.479452
vt 0.892919 0.474810
vt 0.897533 0.475129
vt 0.914266 0.511511
vt 0.918556 0.511420
vt 0.311768 0.252850
vt 0.316723 0.209331
vt 0.281732 0.208813
vt 0.272985 0.252435
vt 0.283773 0.320384
vt 0.234743 0.338202
vt 0.264889 0.168999
vt 0.304374 0.177010
vt 0.304540 0.172006
vt 0.266200 0.163853
vt 0.303733 0.131990
vt 0.326263 0.135571
vt 0.345794 0.069966
vt 0.360193 0.075884
vt 0.378274 0.025919
vt 0.383354 0.027963
vt 0.398631 0.001992
vt 0.521210 0.208536
vt 0.489092 0.209057
vt 0.494259 0.252576
vt 0.529978 0.252156
vt 0.519144 0.320103
vt 0.568219 0.337876
vt 0.538038 0.168720
vt 0.498501 0.176736
vt 0.498344 0.171749
vt 0.536722 0.163576
vt 0.499177 0.131715
vt 0.476612 0.135298
vt 0.457098 0.069696
vt 0.442685 0.075614
vt 0.424592 0.025659
vt 0.419528 0.027695
vt 0.404321 0.001992
vt 0.097051 0.009861
vt 0.142398 0.057749
vt 0.145052 0.053450
vt 0.096335 0.025260
vt 0.098697 0.004420
vt 0.081873 0.023369
vt 0.092985 0.001992
vt 0.088465 0.006603
vt 0.046090 0.014877
vt 0.044023 0.010151
vt 0.023258 0.013822
vt 0.015655 0.034914
vt 0.016746 0.018915
vt 0.003586 0.021511
vt 0.001844 0.037349
vt 0.648521 0.567682
vt 0.643992 0.524163
vt 0.605699 0.561583
vt 0.594313 0.613642
vt 0.655512 0.635208
vt 0.603339 0.522182
vt 0.632854 0.491841
vt 0.593997 0.490231
vt 0.631978 0.486854
vt 0.594189 0.484820
vt 0.608657 0.448528
vt 0.636461 0.450404
vt 0.633267 0.386580
vt 0.644023 0.390720
vt 0.649963 0.342801
vt 0.646882 0.340956
vt 0.713412 0.522191
vt 0.672749 0.524173
vt 0.711049 0.561593
vt 0.668214 0.567692
vt 0.722635 0.614668
vt 0.661191 0.635226
vt 0.683873 0.491852
vt 0.722736 0.490242
vt 0.684764 0.486848
vt 0.722543 0.484829
vt 0.708100 0.448537
vt 0.680291 0.450413
vt 0.683527 0.386587
vt 0.672768 0.390726
vt 0.666855 0.342805
vt 0.669961 0.340956
vt 0.242834 0.576216
vt 0.203158 0.577848
vt 0.204059 0.583243
vt 0.135440 0.595534
vt 0.147229 0.569888
vt 0.135379 0.605014
vt 0.208061 0.557512
vt 0.151346 0.501385
vt 0.245043 0.581669
vt 0.292850 0.557193
vt 0.295002 0.562663
vt 0.147607 0.621852
vt 0.211033 0.590075
vt 0.139458 0.620681
vt 0.128922 0.602922
vt 0.241140 0.551785
vt 0.291610 0.544568
vt 0.211012 0.501385
vt 0.249509 0.501385
vt 0.503400 0.388003
vt 0.458935 0.366602
vt 0.462681 0.397991
vt 0.492944 0.341896
vt 0.451960 0.346822
vt 0.498370 0.360046
vt 0.542903 0.357281
vt 0.546578 0.373008
vt 0.566100 0.383238
vt 0.566775 0.417285
vt 0.395508 0.383349
vt 0.508375 0.422502
vt 0.574497 0.431401
vt 0.386134 0.433311
vt 0.387359 0.386500
vt 0.378431 0.438360
vt 0.458048 0.442286
vt 0.363851 0.496190
vt 0.507128 0.440790
vt 0.576402 0.439911
vt 0.451511 0.465031
vt 0.346986 0.526250
vt 0.507325 0.450028
vt 0.575563 0.464553
vt 0.451947 0.474171
vt 0.345676 0.536151
vt 0.339516 0.531134
vt 0.509847 0.477175
vt 0.338729 0.540549
vt 0.461165 0.500620
vt 0.362414 0.570461
vt 0.332275 0.545203
vt 0.357281 0.574133
vt 0.368407 0.566207
vt 0.382073 0.597221
vt 0.480559 0.530352
vt 0.529970 0.504111
vt 0.585752 0.494069
vt 0.376124 0.601137
vt 0.536753 0.508824
vt 0.588318 0.502427
vt 0.544933 0.513494
vt 0.586328 0.510393
vt 0.483707 0.552687
vt 0.482530 0.546110
vt 0.395587 0.611042
vt 0.396907 0.617832
vt 0.387502 0.607960
vt 0.382663 0.613720
vt 0.391199 0.611335
vt 0.389150 0.619156
vt 0.204467 0.077522
vt 0.206496 0.074107
vt 0.194236 0.086657
vt 0.207406 0.080900
vt 0.139944 0.067925
vt 0.197328 0.090822
vt 0.212910 0.123897
vt 0.202017 0.129245
vt 0.215904 0.171966
vt 0.228451 0.171956
vt 0.212964 0.220033
vt 0.200219 0.214704
vt 0.189413 0.250926
vt 0.206279 0.262964
vt 0.202674 0.266773
vt 0.210222 0.264950
vt 0.206388 0.269484
vt 0.183882 0.255096
vt 0.145189 0.290569
vt 0.142602 0.286572
vt 0.140065 0.276108
vt 0.096843 0.318827
vt 0.097372 0.334327
vt 0.098895 0.339644
vt 0.082388 0.320725
vt 0.093185 0.342118
vt 0.088663 0.337203
vt 0.046215 0.329515
vt 0.044227 0.334334
vt 0.023455 0.330464
vt 0.015816 0.309243
vt 0.016890 0.325220
vt 0.003726 0.322511
vt 0.001998 0.306833
vt 0.293070 0.501385
vt 0.291610 0.458202
vt 0.241140 0.450985
vt 0.292850 0.445578
vt 0.208061 0.445258
vt 0.147229 0.432882
vt 0.242834 0.426554
vt 0.245043 0.421101
vt 0.295002 0.440107
vt 0.204059 0.419527
vt 0.203158 0.424923
vt 0.135440 0.407236
vt 0.135379 0.397756
vt 0.145118 0.384080
vt 0.211033 0.416551
vt 0.214780 0.389219
vt 0.138232 0.366577
vt 0.255499 0.402498
vt 0.250468 0.419543
vt 0.298677 0.439882
vt 0.318199 0.416223
vt 0.318873 0.397197
vt 0.260473 0.380588
vt 0.326596 0.384011
vt 0.259227 0.362437
vt 0.210147 0.368936
vt 0.203610 0.354799
vt 0.115949 0.364422
vt 0.099084 0.345812
vt 0.641259 0.901159
vt 0.680460 0.900270
vt 0.680574 0.889065
vt 0.640980 0.922134
vt 0.699469 0.883663
vt 0.677175 0.883653
vt 0.703789 0.883665
vt 0.703790 0.879527
vt 0.707214 0.881595
vt 0.699470 0.879525
vt 0.680462 0.862903
vt 0.680575 0.874106
vt 0.677175 0.879515
vt 0.641261 0.861981
vt 0.640984 0.841016
vt 0.719299 0.933457
vt 0.733584 0.940432
vt 0.738510 0.899448
vt 0.725855 0.894022
vt 0.723125 0.849488
vt 0.712893 0.845814
s 1
usemtl Leftpauldron1Mtl
f 81/25/25 82/26/26 83/27/27
f 83/27/27 84/28/28 81/25/25
f 85/29/29 83/27/27 82/26/26
f 82/26/26 86/30/30 85/29/29
f 85/29/29 86/30/30 87/31/31
f 87/31/31 88/32/32 85/29/29
f 89/33/33 90/34/34 91/35/35
f 92/36/36 91/35/35 90/34/34
f 93/37/37 94/38/38 95/39/39
f 95/39/39 96/40/40 93/37/37
f 94/38/38 93/37/37 97/41/41
f 98/42/42 95/39/39 94/38/38
f 97/41/41 99/43/43 94/38/38
f 94/38/38 100/44/44 98/42/42
f 94/38/38 99/43/43 101/45/45
f 101/45/45 100/44/44 94/38/38
f 102/46/46 100/44/44 101/45/45
f 101/45/45 103/47/47 102/46/46
f 104/48/48 105/49/49 106/50/50
f 107/51/51 106/50/50 105/49/49
f 108/52/52 109/53/53 104/48/48
f 104/48/48 110/54/54 108/52/52
f 106/50/50 110/54/54 104/48/48
f 111/55/55 108/52/52 110/54/54
f 110/54/54 112/56/56 111/55/55
f 112/56/56 110/54/54 106/50/50
f 108/52/52 111/55/55 113/57/57
f 113/57/57 114/58/58 108/52/52
f 106/50/50 115/59/59 112/56/56
f 93/37/37 114/58/58 113/57/57
f 97/41/41 93/37/37 113/57/57
f 115/59/59 106/50/50 116/60/60
f 107/51/51 116/60/60 106/50/50
f 116/60/60 117/61/61 115/59/59
f 118/62/62 117/61/61 116/60/60
f 119/63/63 116/60/60 107/51/51
f 116/60/60 119/63/63 118/62/62
f 120/64/64 119/63/63 107/51/51
f 121/65/65 118/62/62 119/63/63
f 119/63/63 120/64/64 122/66/66
f 119/63/63 123/67/67 121/65/65
f 122/66/66 123/67/67 119/63/63
f 124/68/68 121/65/65 123/67/67
f 125/69/69 123/67/67 122/66/66
f 123/67/67 125/69/69 124/68/68
f 126/70/35 125/69/69 122/66/66
f 127/71/70 124/68/68 125/69/69
f 125/69/69 128/72/71 127/71/70
f 127/71/70 128/72/71 129/73/72
f 129/73/72 130/74/73 127/71/70
f 131/75/74 129/73/72 128/72/71
f 128/72/71 132/76/33 131/75/74
f 130/74/73 129/73/72 133/77/75
f 133/77/75 134/78/76 130/74/73
f 135/79/77 134/78/76 133/77/75
f 133/77/75 136/80/78 137/81/79
f 137/81/79 138/82/80 133/77/75
f 133/77/75 138/82/80 135/79/77
f 135/79/77 138/82/80 139/83/81
f 139/83/81 140/84/82 135/79/77
f 141/85/83 140/84/82 139/83/81
f 139/83/81 142/86/84 141/85/83
f 143/87/85 141/85/83 142/86/84
f 143/87/85 144/88/86 141/85/83
f 144/88/86 143/87/85 145/89/87
f 145/89/87 146/90/88 144/88/86
f 147/91/89 146/90/88 145/89/87
f 145/89/87 148/92/90 147/91/89
f 149/93/91 150/94/92 151/95/93
f 151/95/93 152/96/94 149/93/91
f 152/96/94 153/97/95 149/93/91
f 154/98/96 149/93/91 153/97/95
f 154/98/96 155/99/97 149/93/91
f 156/100/98 149/93/91 155/99/97
f 157/101/99 158/102/100 159/103/101
f 157/101/99 160/104/102 158/102/100
f 161/105/103 158/102/100 160/104/102
f 159/103/101 158/102/100 162/106/104
f 162/106/104 163/107/105 159/103/101
f 163/107/105 162/106/104 164/108/106
f 165/109/107 159/103/101 163/107/105
f 159/103/101 165/109/107 166/110/108
f 166/110/108 165/109/107 167/111/109
f 168/112/110 167/111/109 165/109/107
f 163/107/105 169/113/111 165/109/107
f 168/112/110 165/109/107 169/113/111
f 164/108/106 170/114/112 163/107/105
f 169/113/111 163/107/105 170/114/112
f 171/115/113 170/114/112 164/108/106
f 169/113/111 172/116/114 168/112/110
f 173/117/115 168/112/110 172/116/114
f 172/116/114 174/118/116 173/117/115
f 164/108/106 175/119/117 171/115/113
f 172/116/114 169/113/111 176/120/118
f 170/114/112 176/120/118 169/113/111
f 174/118/116 172/116/114 177/121/119
f 176/120/118 177/121/119 172/116/114
f 177/121/119 178/122/120 174/118/116
f 179/123/121 174/118/116 178/122/120
f 178/122/120 180/124/122 179/123/121
f 181/125/123 178/122/120 177/121/119
f 177/121/119 182/126/124 181/125/123
f 182/126/124 177/121/119 176/120/118
f 176/120/118 170/114/112 183/127/125
f 176/120/118 183/127/125 182/126/124
f 183/127/125 170/114/112 171/115/113
f 183/127/125 184/128/126 182/126/124
f 184/128/126 183/127/125 185/129/127
f 185/129/127 183/127/125 171/115/113
f 184/128/126 185/129/127 186/130/128
f 187/131/129 186/130/128 185/129/127
f 171/115/113 187/131/129 185/129/127
f 186/130/128 187/131/129 188/132/130
f 188/132/130 187/131/129 189/133/131
f 190/134/132 189/133/131 187/131/129
f 191/135/133 190/134/132 187/131/129
f 187/131/129 171/115/113 191/135/133
f 171/115/113 175/119/117 191/135/133
f 192/136/134 191/135/133 175/119/117
f 175/119/117 193/137/135 192/136/134
f 194/138/136 195/139/137 196/140/138
f 197/141/139 196/140/138 195/139/137
f 196/140/138 198/142/140 194/138/136
f 199/143/141 194/138/136 198/142/140
f 197/141/139 200/144/142 196/140/138
f 201/145/143 200/144/142 197/141/139
f 200/144/142 201/145/143 202/146/132
f 200/144/142 202/146/132 203/147/144
f 204/148/145 200/144/142 203/147/144
f 200/144/142 204/148/145 196/140/138
f 203/147/144 205/149/146 204/148/145
f 206/150/147 196/140/138 204/148/145
f 196/140/138 206/150/147 207/151/148
f 207/151/148 198/142/140 196/140/138
f 198/142/140 207/151/148 208/152/149
f 208/152/149 209/153/150 198/142/140
f 198/142/140 209/153/150 199/143/141
f 209/153/150 208/152/149 210/154/151
f 211/155/152 199/143/141 209/153/150
f 212/156/153 209/153/150 210/154/151
f 209/153/150 212/156/153 211/155/152
f 213/157/154 214/158/155 215/159/156
f 213/157/154 216/160/157 214/158/155
f 215/159/156 214/158/155 217/161/158
f 218/162/159 216/160/157 213/157/154
f 217/161/158 219/163/160 215/159/156
f 220/164/161 219/163/160 217/161/158
f 219/163/160 220/164/161 221/165/162
f 219/163/160 221/165/162 222/166/163
f 222/166/163 223/167/164 219/163/160
f 215/159/156 219/163/160 223/167/164
f 224/168/165 215/159/156 223/167/164
f 213/157/154 215/159/156 224/168/165
f 224/168/165 225/169/166 213/157/154
f 213/157/154 225/169/166 226/170/167
f 213/157/154 227/171/168 218/162/159
f 226/170/167 227/171/168 213/157/154
f 228/172/169 218/162/159 227/171/168
f 229/173/170 228/172/169 227/171/168
f 227/171/168 230/174/171 229/173/170
f 226/170/167 230/174/171 227/171/168
f 226/170/167 231/175/172 230/174/171
f 232/176/173 233/177/174 234/178/175
f 235/179/176 233/177/174 232/176/173
f 234/178/175 153/97/95 232/176/173
f 232/176/173 153/97/95 152/96/94
f 236/180/177 232/176/173 152/96/94
f 232/176/173 236/180/177 237/181/178
f 237/181/178 236/180/177 238/182/179
f 238/182/179 236/180/177 239/183/180
f 237/181/178 238/182/179 240/184/181
f 239/183/180 241/185/182 238/182/179
f 240/184/181 238/182/179 242/186/183
f 238/182/179 241/185/182 242/186/183
f 240/184/181 242/186/183 243/187/184
f 244/188/185 243/187/184 242/186/183
f 242/186/183 245/189/186 244/188/185
f 245/189/186 242/186/183 246/190/187
f 246/190/187 242/186/183 241/185/182
f 246/190/187 247/191/188 245/189/186
f 186/130/128 246/190/187 241/185/182
f 241/185/182 248/192/189 186/130/128
f 186/130/128 248/192/189 184/128/126
f 184/128/126 248/192/189 249/193/190
f 249/193/190 250/194/191 184/128/126
f 251/195/192 250/194/191 249/193/190
f 249/193/190 152/96/94 251/195/192
f 152/96/94 252/196/193 251/195/192
f 253/197/194 252/196/193 152/96/94
f 152/96/94 254/198/195 253/197/194
f 254/198/195 255/199/196 253/197/194
f 167/111/109 255/199/196 254/198/195
f 254/198/195 256/200/197 167/111/109
f 257/201/198 167/111/109 256/200/197
f 257/201/198 256/200/197 258/202/199
f 258/202/199 259/203/200 257/201/198
f 257/201/198 166/110/108 167/111/109
f 258/202/199 260/204/201 259/203/200
f 261/205/202 166/110/108 257/201/198
f 257/201/198 262/206/203 261/205/202
f 261/205/202 262/206/203 263/207/169
f 263/207/169 264/208/204 261/205/202
f 157/101/99 261/205/202 264/208/204
f 259/203/200 265/209/205 266/210/206
f 265/209/205 259/203/200 260/204/201
f 260/204/201 267/211/207 265/209/205
f 267/211/207 260/204/201 268/212/208
f 269/213/209 268/212/208 260/204/201
f 159/103/101 261/205/202 157/101/99
f 159/103/101 166/110/108 261/205/202
f 260/204/201 270/214/210 269/213/209
f 258/202/199 270/214/210 260/204/201
f 270/214/210 258/202/199 271/215/211
f 150/94/92 269/213/209 270/214/210
f 271/215/211 151/95/93 270/214/210
f 270/214/210 151/95/93 150/94/92
f 272/216/212 273/217/213 274/218/214
f 273/217/213 275/219/215 276/220/186
f 276/220/186 274/218/214 273/217/213
f 277/221/216 274/218/214 276/220/186
f 274/218/214 278/222/217 272/216/212
f 279/223/218 272/216/212 278/222/217
f 274/218/214 280/224/219 278/222/217
f 274/218/214 277/221/216 280/224/219
f 278/222/217 281/225/220 279/223/218
f 282/226/221 279/223/218 281/225/220
f 281/225/220 283/227/222 282/226/221
f 284/228/223 283/227/222 281/225/220
f 277/221/216 285/229/224 286/230/128
f 286/230/128 287/231/130 277/221/216
f 277/221/216 287/231/130 288/232/139
f 288/232/139 280/224/219 277/221/216
f 287/231/130 289/233/131 288/232/139
f 280/224/219 288/232/139 290/234/137
f 278/222/217 280/224/219 291/235/225
f 290/234/137 291/235/225 280/224/219
f 281/225/220 278/222/217 291/235/225
f 292/236/226 291/235/225 290/234/137
f 281/225/220 291/235/225 292/236/226
f 281/225/220 292/236/226 284/228/223
f 290/234/137 293/237/227 292/236/226
f 292/236/226 293/237/227 294/238/141
f 284/228/223 292/236/226 294/238/141
f 295/239/228 284/228/223 294/238/141
f 294/238/141 296/240/152 295/239/228
f 296/240/152 297/241/229 295/239/228
f 297/241/229 296/240/152 298/242/230
f 299/243/231 300/244/232 301/245/233
f 299/243/231 302/246/234 300/244/232
f 303/247/235 301/245/233 300/244/232
f 299/243/231 304/248/205 302/246/234
f 304/248/205 305/249/236 302/246/234
f 306/250/206 304/248/205 299/243/231
f 307/251/237 306/250/206 308/252/198
f 308/252/198 306/250/206 309/253/203
f 299/243/231 310/254/238 306/250/206
f 310/254/238 299/243/231 301/245/233
f 309/253/203 306/250/206 311/255/159
f 306/250/206 310/254/238 311/255/159
f 311/255/159 312/256/169 309/253/203
f 310/254/238 313/257/239 311/255/159
f 313/257/239 310/254/238 301/245/233
f 311/255/159 313/257/239 314/258/157
f 314/258/157 313/257/239 315/259/240
f 315/259/240 313/257/239 301/245/233
f 315/259/240 316/260/155 314/258/157
f 317/261/158 316/260/155 315/259/240
f 317/261/158 315/259/240 318/262/241
f 318/262/241 319/263/242 317/261/158
f 319/263/242 320/264/243 317/261/158
f 320/264/243 319/263/242 321/265/244
f 321/265/244 322/266/162 320/264/243
f 301/245/233 323/267/245 315/259/240
f 318/262/241 315/259/240 323/267/245
f 301/245/233 303/247/235 323/267/245
f 323/267/245 324/268/246 318/262/241
f 325/269/247 323/267/245 303/247/235
f 323/267/245 325/269/247 324/268/246
f 326/270/248 327/271/249 328/272/180
f 328/272/180 329/273/190 326/270/248
f 329/273/190 328/272/180 330/274/250
f 328/272/180 331/275/251 330/274/250
f 332/276/252 333/277/253 334/278/254
f 334/278/254 335/279/195 332/276/252
f 335/279/195 336/280/250 332/276/252
f 332/276/252 336/280/250 337/281/255
f 338/282/256 339/283/257 340/284/258
f 340/284/258 341/285/259 338/282/256
f 342/286/260 338/282/256 341/285/259
f 341/285/259 343/287/261 342/286/260
f 343/287/261 344/288/262 345/289/263
f 345/289/263 342/286/260 343/287/261
f 342/286/260 345/289/263 346/290/264
f 347/291/265 338/282/256 342/286/260
f 339/283/257 338/282/256 347/291/265
f 346/290/264 348/292/266 342/286/260
f 348/292/266 347/291/265 342/286/260
f 348/292/266 346/290/264 349/293/267
f 350/294/268 349/293/267 346/290/264
f 351/295/269 347/291/265 348/292/266
f 351/295/269 348/292/266 349/293/267
f 352/296/270 349/293/267 350/294/268
f 350/294/268 353/297/271 352/296/270
f 352/296/270 353/297/271 354/298/272
f 349/293/267 352/296/270 355/299/273
f 354/298/272 355/299/273 352/296/270
f 349/293/267 355/299/273 351/295/269
f 355/299/273 354/298/272 356/300/274
f 356/300/274 351/295/269 355/299/273
f 351/295/269 356/300/274 357/301/275
f 347/291/265 351/295/269 358/302/276
f 357/301/275 358/302/276 351/295/269
f 358/302/276 359/303/277 347/291/265
f 347/291/265 359/303/277 339/283/257
f 358/302/276 357/301/275 360/304/278
f 359/303/277 358/302/276 360/304/278
f 361/305/279 360/304/278 357/301/275
f 360/304/278 361/305/279 362/306/280
f 362/306/280 363/307/281 360/304/278
f 360/304/278 364/308/282 359/303/277
f 360/304/278 363/307/281 364/308/282
f 339/283/257 359/303/277 364/308/282
f 364/308/282 363/307/281 365/309/283
f 364/308/282 366/310/284 339/283/257
f 364/308/282 365/309/283 366/310/284
f 340/284/258 339/283/257 366/310/284
f 365/309/283 367/311/285 366/310/284
f 366/310/284 368/312/286 340/284/258
f 366/310/284 367/311/285 368/312/286
f 369/313/287 368/312/286 367/311/285
f 370/314/288 371/315/289 372/316/290
f 373/317/291 372/316/290 371/315/289
f 374/318/292 373/317/291 371/315/289
f 375/319/293 373/317/291 374/318/292
f 376/320/294 370/314/288 372/316/290
f 377/321/31 370/314/288 376/320/294
f 376/320/294 378/322/295 377/321/31
f 379/323/296 380/324/264 381/325/297
f 381/325/297 380/324/264 382/326/263
f 381/325/297 382/326/263 383/327/298
f 384/328/262 383/327/298 382/326/263
f 380/324/264 379/323/296 385/329/299
f 385/329/299 379/323/296 386/330/89
f 387/331/271 385/329/299 386/330/89
f 388/332/300 389/333/301 390/334/302
f 389/333/301 388/332/300 391/335/117
f 388/332/300 392/336/303 391/335/117
f 390/334/302 393/337/304 388/332/300
f 393/337/304 390/334/302 394/338/305
f 394/338/305 395/339/306 393/337/304
f 396/340/307 397/341/308 398/342/309
f 398/342/309 399/343/310 396/340/307
f 400/344/311 396/340/307 399/343/310
f 399/343/310 401/345/78 400/344/311
f 402/346/312 400/344/311 401/345/78
f 401/345/78 403/347/313 402/346/312
f 404/348/314 405/349/315 406/350/316
f 405/349/315 404/348/314 407/351/317
f 406/350/316 408/352/318 404/348/314
f 409/353/319 406/350/316 405/349/315
f 410/354/320 404/348/314 408/352/318
f 407/351/317 404/348/314 410/354/320
f 411/355/321 408/352/318 406/350/316
f 407/351/317 412/356/322 405/349/315
f 406/350/316 413/357/323 411/355/321
f 413/357/323 406/350/316 409/353/319
f 408/352/318 411/355/321 414/358/324
f 415/359/325 411/355/321 413/357/323
f 411/355/321 415/359/325 414/358/324
f 414/358/324 416/360/326 408/352/318
f 408/352/318 416/360/326 410/354/320
f 416/360/326 414/358/324 417/361/327
f 414/358/324 415/359/325 418/362/328
f 418/362/328 417/361/327 414/358/324
f 418/362/328 415/359/325 419/363/329
f 419/363/329 420/364/330 418/362/328
f 421/365/331 419/363/329 415/359/325
f 413/357/323 421/365/331 415/359/325
f 421/365/331 422/366/332 419/363/329
f 423/367/333 422/366/332 421/365/331
f 423/367/333 424/368/334 422/366/332
f 421/365/331 413/357/323 425/369/335
f 425/369/335 423/367/333 421/365/331
f 425/369/335 426/370/336 423/367/333
f 426/370/336 425/369/335 427/371/337
f 409/353/319 425/369/335 413/357/323
f 409/353/319 427/371/337 425/369/335
f 427/371/337 409/353/319 428/372/338
f 429/373/339 428/372/338 409/353/319
f 409/353/319 430/374/340 429/373/339
f 405/349/315 430/374/340 409/353/319
f 431/375/341 429/373/339 430/374/340
f 430/374/340 405/349/315 412/356/322
f 430/374/340 432/376/342 431/375/341
f 412/356/322 432/376/342 430/374/340
f 433/377/343 431/375/341 432/376/342
f 432/376/342 434/378/344 433/377/343
f 435/379/345 434/378/344 432/376/342
f 432/376/342 412/356/322 435/379/345
f 436/380/346 435/379/345 412/356/322
f 412/356/322 407/351/317 436/380/346
f 437/381/347 436/380/346 407/351/317
f 436/380/346 437/381/347 438/382/348
f 437/381/347 407/351/317 410/354/320
f 437/381/347 410/354/320 439/383/349
f 438/382/348 437/381/347 440/384/350
f 439/383/349 440/384/350 437/381/347
f 440/384/350 441/385/351 438/382/348
f 442/386/352 441/385/351 440/384/350
f 416/360/326 439/383/349 410/354/320
f 440/384/350 443/387/353 442/386/352
f 443/387/353 440/384/350 439/383/349
f 444/388/354 442/386/352 443/387/353
f 443/387/353 445/389/355 444/388/354
f 446/390/174 444/388/354 445/389/355
f 445/389/355 447/391/356 446/390/174
f 439/383/349 416/360/326 448/392/357
f 439/383/349 449/393/358 443/387/353
f 445/389/355 443/387/353 449/393/358
f 449/393/358 439/383/349 448/392/357
f 417/361/327 448/392/357 416/360/326
f 450/394/359 445/389/355 449/393/358
f 451/395/360 447/391/356 445/389/355
f 445/389/355 450/394/359 451/395/360
f 451/395/360 452/396/361 447/391/356
f 451/395/360 453/397/362 452/396/361
f 448/392/357 454/398/363 449/393/358
f 450/394/359 449/393/358 454/398/363
f 451/395/360 450/394/359 455/399/364
f 455/399/364 453/397/362 451/395/360
f 454/398/363 455/399/364 450/394/359
f 456/400/365 452/396/361 453/397/362
f 456/400/365 453/397/362 455/399/364
f 457/401/366 452/396/361 456/400/365
f 454/398/363 458/402/367 455/399/364
f 455/399/364 458/402/367 456/400/365
f 459/403/368 457/401/366 456/400/365
f 456/400/365 458/402/367 459/403/368
f 460/404/369 457/401/366 459/403/368
f 459/403/368 461/405/370 460/404/369
f 458/402/367 454/398/363 462/406/371
f 459/403/368 458/402/367 462/406/371
f 462/406/371 454/398/363 448/392/357
f 448/392/357 417/361/327 462/406/371
f 462/406/371 463/407/372 459/403/368
f 463/407/372 461/405/370 459/403/368
f 417/361/327 463/407/372 462/406/371
f 463/407/372 464/408/373 461/405/370
f 417/361/327 465/409/374 463/407/372
f 465/409/374 464/408/373 463/407/372
f 417/361/327 418/362/328 465/409/374
f 465/409/374 466/410/375 464/408/373
f 465/409/374 418/362/328 420/364/330
f 420/364/330 466/410/375 465/409/374
f 467/411/376 468/412/377 469/413/378
f 469/413/378 470/414/218 467/411/376
f 471/415/379 467/411/376 470/414/218
f 470/414/218 472/416/221 471/415/379
f 473/417/213 469/413/378 468/412/377
f 468/412/377 474/418/380 473/417/213
f 473/417/213 474/418/380 475/419/381
f 475/419/381 476/420/382 473/417/213
f 475/419/381 477/421/184 476/420/382
f 477/421/184 475/419/381 478/422/383
f 478/422/383 479/423/384 477/421/184
f 480/424/385 479/423/384 478/422/383
f 480/424/385 481/425/386 479/423/384
f 482/426/387 481/425/386 480/424/385
f 481/425/386 482/426/387 483/427/173
f 484/428/232 485/429/388 486/430/389
f 486/430/389 487/431/235 484/428/232
f 487/431/235 486/430/389 488/432/390
f 488/432/390 489/433/247 487/431/235
f 485/429/388 484/428/232 490/434/391
f 490/434/391 491/435/392 485/429/388
f 490/434/391 492/436/393 491/435/392
f 492/436/393 490/434/391 493/437/207
f 492/436/393 493/437/207 494/438/394
f 494/438/394 495/439/395 492/436/393
f 495/439/395 494/438/394 496/440/396
f 496/440/396 497/441/397 495/439/395
f 497/441/397 496/440/396 498/442/398
f 498/442/398 499/443/399 497/441/397
f 498/442/398 500/444/91 499/443/399
f 501/445/400 502/446/401 503/447/402
f 501/445/400 504/448/403 502/446/401
f 503/447/402 505/449/221 501/445/400
f 501/445/400 506/450/404 504/448/403
f 505/449/221 507/451/405 501/445/400
f 501/445/400 508/452/406 506/450/404
f 501/445/400 507/451/405 508/452/406
f 508/452/406 509/453/407 506/450/404
f 509/453/407 508/452/406 507/451/405
f 507/451/405 510/454/223 509/453/407
f 509/453/407 510/454/223 511/455/408
f 512/456/409 506/450/404 509/453/407
f 511/455/408 513/457/410 509/453/407
f 509/453/407 513/457/410 512/456/409
f 513/457/410 514/458/153 512/456/409
f 514/458/153 515/459/151 512/456/409
f 516/460/411 517/461/412 518/462/332
f 516/460/411 518/462/332 519/463/413
f 519/463/413 520/464/414 516/460/411
f 517/461/412 521/465/329 518/462/332
f 517/461/412 522/466/415 521/465/329
f 522/466/415 523/467/416 521/465/329
f 523/467/416 522/466/415 524/468/417
f 524/468/417 525/469/375 523/467/416
f 526/470/373 525/469/375 524/468/417
f 524/468/417 527/471/418 526/470/373
f 528/472/370 526/470/373 527/471/418
f 527/471/418 529/473/419 528/472/370
f 528/472/370 529/473/419 530/474/98
f 530/474/98 531/475/97 528/472/370
f 532/476/420 533/477/421 534/478/422
f 534/478/422 533/477/421 535/479/423
f 536/480/344 534/478/422 535/479/423
f 535/479/423 537/481/424 536/480/344
f 532/476/420 538/482/380 533/477/421
f 539/483/348 538/482/380 532/476/420
f 539/483/348 540/484/381 538/482/380
f 540/484/381 539/483/348 541/485/351
f 540/484/381 541/485/351 542/486/352
f 542/486/352 543/487/425 540/484/381
f 543/487/425 542/486/352 544/488/354
f 544/488/354 545/489/426 543/487/425
f 546/490/176 545/489/426 544/488/354
f 544/488/354 547/491/174 546/490/176
f 548/492/427 549/493/428 550/494/429
f 551/495/430 550/494/429 549/493/428
f 552/496/431 551/495/430 549/493/428
f 550/494/429 551/495/430 553/497/432
f 549/493/428 554/498/433 552/496/431
f 548/492/427 554/498/433 549/493/428
f 555/499/51 552/496/431 554/498/433
f 550/494/429 556/500/434 548/492/427
f 557/501/435 548/492/427 556/500/434
f 556/500/434 558/502/436 557/501/435
f 550/494/429 553/497/432 559/503/437
f 559/503/437 560/504/438 550/494/429
f 553/497/432 561/505/439 559/503/437
f 553/497/432 562/506/440 561/505/439
f 563/507/441 548/492/427 557/501/435
f 554/498/433 548/492/427 563/507/441
f 557/501/435 564/508/442 563/507/441
f 565/509/443 554/498/433 563/507/441
f 554/498/433 565/509/443 555/499/51
f 566/510/444 563/507/441 564/508/442
f 563/507/441 566/510/444 565/509/443
f 567/511/445 568/512/438 569/513/446
f 570/514/447 571/515/448 568/512/438
f 568/512/438 572/516/449 570/514/447
f 573/517/436 570/514/447 572/516/449
f 567/511/445 572/516/449 568/512/438
f 572/516/449 574/518/450 573/517/436
f 572/516/449 567/511/445 574/518/450
f 574/518/450 567/511/445 575/519/451
f 576/520/452 575/519/451 567/511/445
f 569/513/446 568/512/438 577/521/437
f 576/520/452 567/511/445 578/522/453
f 578/522/453 567/511/445 569/513/446
f 579/523/454 576/520/452 578/522/453
f 569/513/446 577/521/437 580/524/40
f 580/524/40 577/521/437 581/525/455
f 581/525/455 582/526/37 580/524/40
f 583/527/456 569/513/446 580/524/40
f 569/513/446 583/527/456 578/522/453
f 580/524/40 584/528/39 583/527/456
f 578/522/453 585/529/457 579/523/454
f 583/527/456 585/529/457 578/522/453
f 586/530/458 579/523/454 585/529/457
f 584/528/39 587/531/459 583/527/456
f 585/529/457 583/527/456 587/531/459
f 587/531/459 584/528/39 588/532/460
f 586/530/458 585/529/457 589/533/461
f 587/531/459 589/533/461 585/529/457
f 590/534/462 586/530/458 589/533/461
f 588/532/460 591/535/463 587/531/459
f 589/533/461 587/531/459 591/535/463
f 591/535/463 588/532/460 592/536/464
f 592/536/464 588/532/460 593/537/465
f 594/538/466 589/533/461 591/535/463
f 590/534/462 589/533/461 594/538/466
f 593/537/465 595/539/467 592/536/464
f 596/540/468 591/535/463 592/536/464
f 591/535/463 596/540/468 594/538/466
f 592/536/464 595/539/467 597/541/469
f 595/539/467 598/542/470 597/541/469
f 597/541/469 598/542/470 599/543/471
f 592/536/464 597/541/469 600/544/472
f 592/536/464 600/544/472 596/540/468
f 601/545/473 600/544/472 597/541/469
f 602/546/474 596/540/468 600/544/472
f 594/538/466 596/540/468 602/546/474
f 600/544/472 601/545/473 602/546/474
f 590/534/462 594/538/466 603/547/475
f 602/546/474 603/547/475 594/538/466
f 603/547/475 604/548/476 590/534/462
f 597/541/469 605/549/477 601/545/473
f 603/547/475 606/550/478 604/548/476
f 602/546/474 606/550/478 603/547/475
f 606/550/478 607/551/479 604/548/476
f 607/551/479 606/550/478 608/552/291
f 608/552/291 609/553/293 607/551/479
f 610/554/290 608/552/291 606/550/478
f 606/550/478 602/546/474 611/555/480
f 606/550/478 611/555/480 610/554/290
f 611/555/480 602/546/474 601/545/473
f 612/556/481 610/554/290 611/555/480
f 601/545/473 612/556/481 611/555/480
f 610/554/290 612/556/481 613/557/482
f 614/558/483 601/545/473 605/549/477
f 601/545/473 614/558/483 612/556/481
f 605/549/477 615/559/29 614/558/483
f 613/557/482 612/556/481 616/560/484
f 614/558/483 616/560/484 612/556/481
f 616/560/484 614/558/483 615/559/29
f 617/561/32 613/557/482 616/560/484
f 615/559/29 617/561/32 616/560/484
f 618/562/343 619/563/344 503/447/402
f 618/562/343 503/447/402 502/446/401
f 620/564/485 618/562/343 502/446/401
f 621/565/486 618/562/343 620/564/485
f 502/446/401 622/566/487 620/564/485
f 620/564/485 623/567/488 621/565/486
f 622/566/487 502/446/401 504/448/403
f 621/565/486 623/567/488 624/568/489
f 623/567/488 625/569/490 624/568/489
f 624/568/489 625/569/490 626/570/491
f 626/570/491 627/571/492 624/568/489
f 627/571/492 626/570/491 628/572/493
f 629/573/494 628/572/493 626/570/491
f 628/572/493 629/573/494 630/574/495
f 630/574/495 631/575/336 628/572/493
f 630/574/495 632/576/496 631/575/336
f 633/577/497 631/575/336 632/576/496
f 634/578/334 633/577/497 632/576/496
f 632/576/496 630/574/495 635/579/498
f 636/580/414 634/578/334 632/576/496
f 632/576/496 635/579/498 637/581/499
f 632/576/496 637/581/499 636/580/414
f 635/579/498 638/582/500 637/581/499
f 637/581/499 638/582/500 639/583/501
f 640/584/502 636/580/414 637/581/499
f 639/583/501 640/584/502 637/581/499
f 636/580/414 640/584/502 641/585/503
f 640/584/502 639/583/501 642/586/504
f 643/587/246 641/585/503 640/584/502
f 642/586/504 644/588/505 640/584/502
f 640/584/502 644/588/505 643/587/246
f 642/586/504 645/589/506 644/588/505
f 643/587/246 644/588/505 645/589/506
f 643/587/246 645/589/506 646/590/241
f 647/591/507 646/590/241 645/589/506
f 645/589/506 642/586/504 648/592/508
f 645/589/506 649/593/509 647/591/507
f 648/592/508 649/593/509 645/589/506
f 650/594/510 649/593/509 648/592/508
f 648/592/508 651/595/163 650/594/510
f 564/508/442 652/596/511 566/510/444
f 566/510/444 652/596/511 653/597/512
f 653/597/512 654/598/513 566/510/444
f 565/509/443 566/510/444 654/598/513
f 654/598/513 653/597/512 655/599/514
f 555/499/51 565/509/443 656/600/515
f 654/598/513 656/600/515 565/509/443
f 656/600/515 657/601/516 555/499/51
f 655/599/514 658/602/517 654/598/513
f 654/598/513 658/602/517 656/600/515
f 659/603/518 658/602/517 655/599/514
f 655/599/514 660/604/519 659/603/518
f 658/602/517 659/603/518 661/605/520
f 657/601/516 656/600/515 662/606/521
f 662/606/521 656/600/515 658/602/517
f 661/605/520 662/606/521 658/602/517
f 662/606/521 663/607/522 657/601/516
f 662/606/521 661/605/520 663/607/522
f 661/605/520 664/608/523 663/607/522
f 665/609/33 664/608/523 661/605/520
f 661/605/520 666/610/524 665/609/33
f 665/609/33 666/610/524 667/611/307
f 667/611/307 668/612/311 665/609/33
f 669/613/525 667/611/307 666/610/524
f 666/610/524 670/614/526 669/613/525
f 671/615/527 669/613/525 670/614/526
f 669/613/525 671/615/527 672/616/528
f 669/613/525 672/616/528 673/617/529
f 673/617/529 674/618/530 669/613/525
f 674/618/530 673/617/529 675/619/287
f 675/619/287 676/620/531 674/618/530
f 677/621/310 674/618/530 676/620/531
f 678/622/283 677/621/310 676/620/531
f 679/623/78 677/621/310 678/622/283
f 680/624/79 679/623/78 678/622/283
f 681/625/124 682/626/191 683/627/532
f 682/626/191 681/625/124 684/628/533
f 682/626/191 685/629/534 683/627/532
f 685/629/534 686/630/535 683/627/532
f 687/631/192 685/629/534 682/626/191
f 685/629/534 687/631/192 688/632/536
f 687/631/192 689/633/193 688/632/536
f 688/632/536 690/634/537 685/629/534
f 690/634/537 688/632/536 691/635/196
f 691/635/196 692/636/538 690/634/537
f 693/637/539 690/634/537 692/636/538
f 692/636/538 691/635/196 694/638/540
f 695/639/541 694/638/540 691/635/196
f 696/640/524 697/641/520 698/642/542
f 698/642/542 699/643/526 696/640/524
f 700/644/519 699/643/526 698/642/542
f 699/643/526 700/644/519 701/645/543
o hands_4
v -2.176428 -0.455488 -0.524641
v -2.225344 -0.420138 -0.464344
v -2.174893 -0.241571 -0.533830
v -2.225344 -0.453874 -0.433536
v -2.176497 -0.516999 -0.460002
v -2.225344 -0.453974 -0.232144
v -2.225344 -0.241975 -0.471818
v -2.176557 -0.162085 -0.531206
v -2.225344 -0.156326 -0.467777
v -2.177824 -0.109867 -0.535144
v -2.225344 -0.097646 -0.472019
v -2.225344 -0.097646 0.473747
v -2.225344 -0.038360 -0.486259
v -2.178616 -0.055833 -0.548578
v -2.225344 0.017292 -0.506764
v -2.182220 0.004464 -0.573121
v -2.225344 0.032037 -0.509287
v -2.182061 0.030623 -0.576754
v -2.176339 0.338776 -0.535448
v -2.225344 -0.453974 0.234073
v -2.225344 0.478761 -0.025297
v -2.225344 0.457853 -0.230226
v -2.225344 0.329685 -0.472928
v -2.225344 0.421594 -0.466363
v -2.225344 0.455732 -0.433236
v -2.177834 0.454621 -0.527469
v -2.179279 0.520271 -0.463230
v -2.182318 0.525018 -0.232953
v -2.197455 0.553703 -0.025397
v -2.197406 0.553805 0.027325
v -2.225344 0.478659 0.027225
v -2.182318 0.525018 0.234882
v -2.225344 0.457853 0.232154
v -2.225344 -0.038763 0.488087
v -2.177824 -0.109867 0.537172
v -2.178606 -0.055833 0.550607
v -2.225344 -0.156731 0.470010
v -2.176556 -0.162085 0.533135
v -2.225344 -0.242177 0.473847
v -2.174893 -0.241571 0.535859
v -2.225344 0.017090 0.508692
v -2.182219 0.004464 0.575050
v -2.225344 0.031532 0.511216
v -2.182041 0.030623 0.578787
v -2.176299 0.338776 0.537377
v -2.225344 0.328878 0.475057
v -2.225344 0.455632 0.435769
v -2.225344 0.420887 0.468492
v -2.177824 0.454621 0.529498
v -2.179279 0.520271 0.465159
v -2.225344 -0.420745 0.466068
v -2.176428 -0.455488 0.526569
v -2.225344 -0.453974 0.434960
v -2.176497 -0.516999 0.461926
v -1.785546 0.642482 -0.235477
v -1.744323 0.621777 -0.220428
v -1.748084 0.567136 -0.480907
v -1.734908 0.511890 -0.558577
v -1.772171 0.518151 -0.558172
v -1.788308 0.590769 -0.496866
v -1.967201 0.481286 -0.549888
v -1.809435 0.780651 -0.018731
v -1.765518 0.760348 -0.004692
v -1.979863 0.551177 -0.484845
v -1.983625 0.571984 -0.235477
v -2.179279 0.520271 -0.463230
v -2.177834 0.454621 -0.527469
v -2.182318 0.525018 -0.232953
v -2.225344 0.455732 -0.433236
v -2.225344 0.457853 -0.230226
v -2.006583 0.668136 -0.018731
v -2.197455 0.553703 -0.025397
v -2.197406 0.553805 0.027325
v -1.809435 0.780651 0.020660
v -1.765538 0.762469 0.007325
v -2.006583 0.668136 0.020660
v -1.744322 0.621777 0.222356
v -2.182318 0.525018 0.234882
v -1.785546 0.642482 0.237406
v -1.983625 0.571984 0.237406
v -1.748084 0.567136 0.482836
v -2.179279 0.520271 0.465159
v -2.225344 0.455632 0.435769
v -2.225344 0.457853 0.232154
v -1.979863 0.551177 0.486773
v -1.967201 0.481286 0.551817
v -2.177824 0.454621 0.529498
v -1.788308 0.590769 0.498794
v -1.772171 0.518151 0.560101
v -1.734908 0.511890 0.545556
v -1.750223 -0.531139 -0.239114
v -1.788160 -0.559621 -0.238105
v -1.758658 -0.530634 -0.472928
v -1.788150 -0.559621 0.240029
v -1.750223 -0.531139 0.241343
v -1.758687 -0.530532 0.475261
v -1.796753 -0.559014 0.485459
v -1.765212 -0.494980 0.534044
v -1.800782 -0.507301 0.551012
v -1.897327 -0.496899 0.544242
v -1.895456 -0.548409 0.478594
v -2.176428 -0.455488 0.526569
v -2.176497 -0.516999 0.461926
v -1.895456 -0.548409 0.240538
v -2.176378 -0.516999 0.235387
v -2.225344 -0.453974 0.434960
v -2.225344 -0.453974 0.234073
v -2.176378 -0.516999 -0.233458
v -2.225344 -0.453974 -0.232144
v -2.225344 -0.453874 -0.433536
v -2.176497 -0.516999 -0.460002
v -1.895456 -0.548409 -0.238609
v -1.895456 -0.548409 -0.476665
v -2.176428 -0.455488 -0.524641
v -1.897327 -0.496899 -0.542314
v -1.796753 -0.559014 -0.483535
v -1.800782 -0.507301 -0.549083
v -1.765212 -0.494980 -0.538881
v -1.765212 -0.494980 -0.538881
v -1.800782 -0.507301 -0.549083
v -1.786576 -0.312575 -0.546051
v -1.825255 -0.303686 -0.557463
v -1.897327 -0.496899 -0.542314
v -1.806950 -0.196625 -0.553221
v -1.890754 -0.287325 -0.551202
v -2.176428 -0.455488 -0.524641
v -2.174893 -0.241571 -0.533830
v -1.847391 -0.194707 -0.570594
v -1.908722 -0.185011 -0.561200
v -2.176557 -0.162085 -0.531206
v -1.847124 -0.139156 -0.582310
v -1.806376 -0.135016 -0.567361
v -1.908504 -0.127946 -0.571403
v -2.177824 -0.109867 -0.535144
v -1.903425 -0.066942 -0.591399
v -2.178616 -0.055833 -0.548578
v -2.182220 0.004464 -0.573121
v -1.830225 -0.081183 -0.604025
v -1.788239 -0.071285 -0.579786
v -1.890437 0.004667 -0.645335
v -1.772468 0.020625 -0.663212
v -1.732542 0.027493 -0.635237
v -1.890892 0.032442 -0.646749
v -2.182061 0.030623 -0.576754
v -1.765786 0.048805 -0.663917
v -1.945560 0.352915 -0.558877
v -2.176339 0.338776 -0.535448
v -2.177834 0.454621 -0.527469
v -1.967201 0.481286 -0.549888
v -1.778131 0.375135 -0.567565
v -1.772171 0.518151 -0.558172
v -1.734908 0.511890 -0.558577
v -1.741055 0.372812 -0.567766
v -1.727403 0.051328 -0.634628
v -1.800782 -0.507301 0.551012
v -1.765212 -0.494980 0.534044
v -1.786576 -0.312575 0.548384
v -1.825958 -0.303484 0.559392
v -1.897327 -0.496899 0.544242
v -1.806950 -0.196625 0.552021
v -1.890754 -0.287325 0.553131
v -2.176428 -0.455488 0.526569
v -2.174893 -0.241571 0.535859
v -1.847391 -0.194707 0.572522
v -1.908722 -0.185011 0.563129
v -2.176556 -0.162085 0.533135
v -1.847065 -0.139156 0.584239
v -1.806376 -0.135016 0.558887
v -1.908504 -0.127946 0.573331
v -2.177824 -0.109867 0.537172
v -1.903425 -0.066942 0.593432
v -2.178606 -0.055833 0.550607
v -1.830116 -0.081183 0.605953
v -2.182219 0.004464 0.575050
v -1.890436 0.004667 0.647364
v -1.772468 0.020625 0.665141
v -1.890892 0.032442 0.648678
v -2.182041 0.030623 0.578787
v -1.765786 0.048805 0.665846
v -1.945560 0.352915 0.560910
v -2.176299 0.338776 0.537377
v -2.177824 0.454621 0.529498
v -1.967201 0.481286 0.551817
v -1.778131 0.375135 0.569494
v -1.772171 0.518151 0.560101
v -1.734908 0.511890 0.545556
v -1.741055 0.372812 0.554849
v -1.727403 0.051328 0.636556
v -1.991338 0.459772 -0.527264
v -1.998614 0.525827 -0.460907
v -1.732710 0.538351 -0.473433
v -1.720355 0.470075 -0.536962
v -1.736393 0.558652 -0.229921
v -1.998614 0.525827 -0.229921
v -1.545649 0.576933 -0.485149
v -1.529889 0.506031 -0.545042
v -1.493506 0.499871 -0.531206
v -1.506376 0.553905 -0.469595
v -1.542947 0.627433 -0.229921
v -1.502703 0.607232 -0.215277
v -1.566291 0.762369 -0.018227
v -1.523394 0.742573 -0.004592
v -1.758806 0.652480 -0.018227
v -2.000366 0.541784 -0.018227
v -1.566291 0.762369 0.020155
v -1.523414 0.744694 0.007125
v -1.758806 0.652480 0.020155
v -2.000366 0.541784 0.020155
v -1.502703 0.607232 0.217205
v -1.998614 0.525827 0.231950
v -1.736393 0.558652 0.231950
v -1.998614 0.525827 0.462836
v -1.542947 0.627433 0.231950
v -1.506376 0.553905 0.471524
v -1.732710 0.538351 0.475361
v -1.991337 0.459772 0.529193
v -1.720355 0.470075 0.538891
v -1.545649 0.576933 0.487078
v -1.493506 0.499871 0.537881
v -1.529889 0.506031 0.546970
v -0.648185 -0.477305 0.507983
v -0.618712 -0.484477 0.524042
v -0.657283 -0.303989 0.514648
v -0.628385 -0.290960 0.532021
v -0.544898 -0.462963 0.517681
v -0.579617 -0.267629 0.526064
v -0.626494 -0.186223 0.544446
v -0.580053 -0.169659 0.535558
v -0.634552 -0.134207 0.555554
v -0.588280 -0.116332 0.545252
v -0.655916 -0.082092 0.576059
v -0.600853 -0.059770 0.564138
v -0.621078 0.005576 0.586562
v -0.715326 0.006183 0.632114
v -0.624642 0.031634 0.587775
v -0.724504 0.031634 0.632819
v -0.627256 0.338269 0.533335
v -0.760945 0.338573 0.541618
v -0.628503 0.461086 0.524851
v -0.785775 0.471691 0.532630
v -0.814405 0.451490 0.532426
v -0.789527 0.331706 0.535658
v -0.754788 0.029311 0.609590
v -0.618712 -0.484477 -0.517571
v -0.648185 -0.477305 -0.501408
v -0.657283 -0.303989 -0.508178
v -0.627850 -0.290658 -0.525446
v -0.544898 -0.462963 -0.511206
v -0.579617 -0.267629 -0.519590
v -0.626494 -0.186223 -0.537972
v -0.580053 -0.169659 -0.528983
v -0.634602 -0.134309 -0.548979
v -0.588280 -0.116332 -0.538681
v -0.655996 -0.082092 -0.569584
v -0.600853 -0.059770 -0.557667
v -0.621078 0.005576 -0.579987
v -0.715326 0.006183 -0.625539
v -0.624642 0.031634 -0.581301
v -0.724504 0.031634 -0.626348
v -0.627256 0.338269 -0.526860
v -0.760946 0.338573 -0.535043
v -0.628503 0.461086 -0.518276
v -0.785775 0.471691 -0.526155
v -0.814406 0.451490 -0.525955
v -0.789527 0.331706 -0.529083
v -0.754788 0.029311 -0.603116
v -0.811010 0.524513 0.464249
v -0.783458 0.541684 0.474652
v -0.792903 0.589659 0.227203
v -0.785775 0.471691 0.532630
v -0.814405 0.451490 0.532426
v -0.628503 0.528048 0.463240
v -0.628503 0.461086 0.524851
v -0.822128 0.565217 0.212863
v -0.628503 0.547946 0.227203
v -0.825157 0.697527 0.008639
v -0.793774 0.721868 0.021870
v -0.624177 0.640765 0.021870
v -0.793774 0.721868 -0.015399
v -0.624177 0.640765 -0.015399
v -0.825454 0.699546 -0.002773
v -0.628503 0.547946 -0.220628
v -0.792903 0.589659 -0.220628
v -0.822128 0.565217 -0.206388
v -0.628503 0.528048 -0.456769
v -0.811010 0.524513 -0.457779
v -0.783458 0.541684 -0.468081
v -0.785775 0.471691 -0.526155
v -0.628503 0.461086 -0.518276
v -0.814406 0.451490 -0.525955
v -0.474202 0.438765 0.507883
v -0.466044 0.501587 0.444558
v -0.775320 0.520271 0.456474
v -0.775320 0.454318 0.517176
v -0.930275 0.464721 0.524851
v -0.775320 0.539865 0.223871
v -0.466044 0.501587 0.223870
v -0.927978 0.533704 0.467686
v -0.955164 0.525323 0.460616
v -0.958451 0.458056 0.517881
v -0.937284 0.580973 0.223871
v -0.966084 0.556935 0.209831
v -0.969063 0.687225 0.008539
v -0.938146 0.711263 0.021669
v -0.771053 0.631270 0.021669
v -0.464084 0.516736 0.021669
v -0.938146 0.711263 -0.015094
v -0.969360 0.689246 -0.002673
v -0.771053 0.631270 -0.015094
v -0.464084 0.516736 -0.015094
v -0.466044 0.501587 -0.217400
v -0.775320 0.539865 -0.217400
v -0.466044 0.501587 -0.437983
v -0.937284 0.580973 -0.217400
v -0.966084 0.556935 -0.203260
v -0.775320 0.520271 -0.450000
v -0.474202 0.438765 -0.501408
v -0.775320 0.454318 -0.510601
v -0.955589 0.525927 -0.459092
v -0.930275 0.464721 -0.518376
v -0.927978 0.533704 -0.461111
v -0.958025 0.459672 -0.516157
v -0.775320 0.454318 0.517176
v -0.488389 0.329382 0.515862
v -0.474202 0.438765 0.507883
v -0.774083 0.333320 0.525560
v -0.527137 0.030725 0.548889
v -0.905812 0.333624 0.533639
v -0.930275 0.464721 0.524851
v -0.958451 0.458056 0.517881
v -0.933958 0.327159 0.528388
v -0.869905 0.031230 0.623530
v -0.899743 0.028907 0.611509
v -0.886923 0.005576 0.596764
v -0.860856 0.006080 0.622821
v -0.771509 0.031230 0.607467
v -0.767994 0.005476 0.606258
v -0.802318 -0.080880 0.567675
v -0.530424 0.005476 0.544851
v -0.748066 -0.058963 0.555959
v -0.537760 -0.051086 0.525760
v -0.544403 -0.102292 0.513739
v -0.735681 -0.114614 0.537172
v -0.550887 -0.152287 0.511216
v -0.781280 -0.132289 0.547375
v -0.727573 -0.167134 0.527679
v -0.561767 -0.236219 0.515862
v -0.727147 -0.263690 0.518386
v -0.587705 -0.436097 0.507883
v -0.692942 -0.456095 0.510106
v -0.773340 -0.183497 0.536467
v -0.775192 -0.286618 0.524246
v -0.765668 -0.477305 0.516367
v -0.804149 -0.190062 0.523741
v -0.813158 -0.133400 0.523741
v -0.803674 -0.299444 0.526365
v -0.794715 -0.470235 0.506469
v -1.720355 0.470075 -0.536962
v -1.978685 0.344834 -0.535648
v -1.991338 0.459772 -0.527264
v -1.699218 0.344632 -0.545750
v -1.944115 0.030825 -0.570189
v -1.535710 0.366348 -0.554234
v -1.529889 0.506031 -0.545042
v -1.493506 0.499871 -0.531206
v -1.499506 0.364025 -0.540295
v -1.523652 0.047693 -0.648363
v -1.486170 0.050117 -0.619683
v -1.645837 0.031635 -0.631499
v -1.941184 0.004162 -0.565947
v -1.530185 0.020220 -0.647558
v -1.645392 0.004566 -0.630186
v -1.658064 -0.065326 -0.577563
v -1.934640 -0.055226 -0.545951
v -1.586586 -0.079264 -0.589785
v -1.545580 -0.069568 -0.566251
v -1.491189 0.024867 -0.620288
v -1.928710 -0.109060 -0.533425
v -1.603089 -0.135824 -0.568575
v -1.663024 -0.124916 -0.557972
v -1.922928 -0.161580 -0.530701
v -1.663242 -0.180567 -0.547970
v -1.913216 -0.249852 -0.535648
v -1.645699 -0.280558 -0.538276
v -1.890080 -0.460035 -0.527264
v -1.652114 -0.485284 -0.529588
v -1.603346 -0.190162 -0.557163
v -1.581735 -0.296516 -0.544437
v -1.557836 -0.495385 -0.536153
v -1.563855 -0.191981 -0.537972
v -1.563291 -0.131784 -0.543932
v -1.543956 -0.305200 -0.540495
v -1.523097 -0.483366 -0.525650
v -1.699218 0.344632 0.547779
v -1.720355 0.470075 0.538891
v -1.978685 0.344834 0.537577
v -1.991337 0.459772 0.529193
v -1.944114 0.030825 0.572118
v -1.535710 0.366348 0.556163
v -1.529889 0.506031 0.546970
v -1.493506 0.499871 0.537881
v -1.499505 0.364025 0.546970
v -1.523651 0.047693 0.650292
v -1.486170 0.050117 0.621607
v -1.645837 0.031635 0.633528
v -1.941184 0.004162 0.567876
v -1.530185 0.020220 0.649587
v -1.491189 0.023453 0.622216
v -1.545580 -0.069568 0.568180
v -1.586477 -0.079264 0.591813
v -1.645392 0.004566 0.632114
v -1.658064 -0.065326 0.579492
v -1.934640 -0.055226 0.547879
v -1.928710 -0.109060 0.535354
v -1.603030 -0.135824 0.570603
v -1.663024 -0.124916 0.559896
v -1.922928 -0.161580 0.532630
v -1.663242 -0.180567 0.549898
v -1.913216 -0.249852 0.537577
v -1.563855 -0.191981 0.540305
v -1.563291 -0.131784 0.545860
v -1.603346 -0.190162 0.559191
v -1.645699 -0.280558 0.540204
v -1.890080 -0.460035 0.529193
v -1.652114 -0.485284 0.531516
v -1.582418 -0.296314 0.546265
v -1.543956 -0.305200 0.536668
v -1.557836 -0.495385 0.538082
v -1.523097 -0.483366 0.521518
v -0.914623 0.454318 0.517176
v -0.627702 0.329382 0.515862
v -0.613505 0.438765 0.507883
v -0.913396 0.333320 0.525560
v -0.666450 0.030725 0.548889
v -1.045115 0.333624 0.533639
v -1.069578 0.464721 0.524851
v -1.097338 0.454421 0.508892
v -1.073271 0.326957 0.517477
v -1.009208 0.031230 0.623530
v -0.910822 0.031230 0.607467
v -1.000169 0.006080 0.622821
v -0.907307 0.005476 0.606258
v -0.669727 0.005476 0.544851
v -0.941630 -0.080880 0.567675
v -0.887379 -0.058963 0.555959
v -0.677073 -0.051086 0.525760
v -0.683716 -0.102292 0.513739
v -0.874984 -0.114614 0.537172
v -0.920583 -0.132289 0.547375
v -0.690190 -0.152287 0.511216
v -0.866885 -0.167134 0.527679
v -0.912643 -0.183497 0.536467
v -0.701080 -0.236219 0.515862
v -0.866460 -0.263690 0.518386
v -0.727018 -0.436097 0.507883
v -0.914504 -0.286618 0.524246
v -0.832255 -0.456095 0.510106
v -0.904981 -0.477305 0.516367
v -0.942977 -0.299444 0.507178
v -0.934017 -0.470235 0.500509
v -0.774083 0.333320 -0.519085
v -0.775320 0.454318 -0.510601
v -0.488389 0.329382 -0.509387
v -0.474202 0.438765 -0.501408
v -0.527137 0.030725 -0.542418
v -0.905812 0.333624 -0.527164
v -0.930275 0.464721 -0.518376
v -0.958025 0.459672 -0.516157
v -0.933958 0.321705 -0.524741
v -0.899744 0.038400 -0.589684
v -0.869905 0.031230 -0.617055
v -0.771509 0.031230 -0.600996
v -0.860856 0.006080 -0.616346
v -0.767994 0.005476 -0.599683
v -0.530424 0.005476 -0.538276
v -0.835958 -0.076738 -0.538577
v -0.893962 0.008808 -0.590189
v -0.802407 -0.080880 -0.561200
v -0.748066 -0.058963 -0.549384
v -0.537760 -0.051086 -0.519185
v -0.544403 -0.102292 -0.507168
v -0.735681 -0.114614 -0.530701
v -0.550888 -0.152287 -0.504641
v -0.781320 -0.132289 -0.540900
v -0.727573 -0.167134 -0.521204
v -0.561768 -0.236219 -0.509387
v -0.804149 -0.190062 -0.517367
v -0.813158 -0.133400 -0.517266
v -0.773341 -0.183497 -0.529992
v -0.727147 -0.263690 -0.511815
v -0.587706 -0.436097 -0.501408
v -0.692943 -0.456095 -0.503631
v -0.774677 -0.286314 -0.517671
v -0.803674 -0.299444 -0.513934
v -0.765668 -0.477305 -0.509892
v -0.794715 -0.470235 -0.507268
v -0.913396 0.333320 -0.519085
v -0.914623 0.454318 -0.510601
v -0.627702 0.329382 -0.509387
v -0.613505 0.438765 -0.501408
v -0.666450 0.030725 -0.542418
v -1.045115 0.333624 -0.527164
v -1.069578 0.464721 -0.518376
v -1.097338 0.454421 -0.516157
v -1.073271 0.326957 -0.524841
v -1.009208 0.031230 -0.617055
v -1.039047 0.028907 -0.589684
v -0.910822 0.031230 -0.600996
v -1.000169 0.006080 -0.616346
v -0.907307 0.005476 -0.599683
v -0.669727 0.005476 -0.538276
v -0.941710 -0.080880 -0.561200
v -0.887379 -0.058963 -0.549384
v -0.677073 -0.051086 -0.519185
v -0.683716 -0.102292 -0.507168
v -0.874984 -0.114614 -0.530701
v -0.920633 -0.132289 -0.540900
v -0.690190 -0.152287 -0.504641
v -0.866885 -0.167134 -0.521204
v -0.912643 -0.183497 -0.529992
v -0.701080 -0.236219 -0.509387
v -0.866460 -0.263690 -0.511815
v -0.727018 -0.436097 -0.501408
v -0.913980 -0.286314 -0.517671
v -0.832255 -0.456095 -0.503631
v -0.904981 -0.477305 -0.509892
v -0.942977 -0.299444 -0.500603
v -0.934017 -0.470235 -0.494038
v -0.614564 -0.533360 0.462030
v -0.648274 -0.511443 0.452028
v -0.621177 -0.534976 0.229627
v -0.648185 -0.477305 0.507983
v -0.618712 -0.484477 0.524042
v -0.544898 -0.462963 0.517681
v -0.539106 -0.511343 0.455565
v -0.539106 -0.511343 0.230031
v -0.654778 -0.512957 0.230640
v -0.539106 -0.511343 -0.223560
v -0.621187 -0.534976 -0.223156
v -0.654768 -0.512957 -0.224366
v -0.539106 -0.511343 -0.448990
v -0.648264 -0.511343 -0.445758
v -0.614564 -0.533360 -0.455455
v -0.544898 -0.462963 -0.511206
v -0.648185 -0.477305 -0.501408
v -0.618712 -0.484477 -0.517571
v -1.471290 0.462198 -0.527873
v -1.725285 0.338976 -0.526559
v -1.737729 0.452097 -0.518376
v -1.450520 0.338876 -0.536558
v -1.691298 0.030321 -0.560595
v -1.289754 0.360186 -0.544841
v -1.284032 0.497547 -0.535853
v -1.277904 0.046884 -0.637456
v -1.398030 0.031128 -0.620893
v -1.688417 0.004162 -0.556454
v -1.284319 0.019918 -0.636651
v -1.397595 0.004464 -0.619579
v -1.410059 -0.064215 -0.567766
v -1.681982 -0.054317 -0.536762
v -1.339779 -0.077952 -0.579887
v -1.299466 -0.068356 -0.556658
v -1.245986 0.023958 -0.609885
v -1.356005 -0.133500 -0.559081
v -1.676151 -0.107241 -0.524436
v -1.414930 -0.122795 -0.548579
v -1.670469 -0.158852 -0.521813
v -1.415148 -0.177536 -0.538781
v -1.356262 -0.186930 -0.547769
v -1.660915 -0.245610 -0.526559
v -1.397892 -0.275811 -0.529183
v -1.638175 -0.452258 -0.518376
v -1.404208 -0.477103 -0.520699
v -1.335007 -0.291465 -0.535244
v -1.317425 -0.188748 -0.521104
v -1.311514 -0.487001 -0.527064
v -1.297862 -0.300051 -0.517571
v -1.277359 -0.475184 -0.510801
v -0.613505 0.438765 0.507883
v -0.605357 0.501587 0.444558
v -0.914623 0.520271 0.456474
v -0.914623 0.454318 0.517176
v -1.069578 0.464721 0.524851
v -0.914623 0.539865 0.223871
v -0.605357 0.501587 0.223871
v -1.067291 0.533704 0.467686
v -1.094902 0.507041 0.452737
v -1.097338 0.454421 0.508892
v -1.076597 0.580973 0.223871
v -1.105386 0.556935 0.209831
v -1.108376 0.687225 0.008539
v -1.077459 0.711263 0.021669
v -0.910356 0.631270 0.021669
v -0.603397 0.516736 0.021669
v -1.077459 0.711263 -0.015094
v -1.108663 0.689246 -0.002673
v -0.910356 0.631270 -0.015094
v -0.603397 0.516736 -0.015094
v -0.605357 0.501587 -0.217400
v -0.914623 0.539865 -0.217400
v -0.605357 0.501587 -0.437983
v -1.076597 0.580973 -0.217400
v -1.105386 0.556935 -0.203260
v -1.094902 0.507041 -0.446262
v -0.914623 0.520271 -0.450000
v -0.613505 0.438765 -0.501408
v -0.914623 0.454318 -0.510601
v -1.069578 0.464721 -0.518376
v -1.067291 0.533704 -0.461111
v -1.097338 0.454421 -0.516157
v -0.587705 -0.436097 0.507883
v -0.692942 -0.456095 0.510106
v -0.687230 -0.503766 0.448900
v -0.595863 -0.498920 0.444558
v -0.761579 -0.525483 0.455261
v -0.765668 -0.477305 0.516367
v -0.794715 -0.470235 0.506469
v -0.794794 -0.503868 0.445363
v -0.768093 -0.526997 0.226294
v -0.801199 -0.505383 0.227203
v -0.687230 -0.503766 0.226698
v -0.595863 -0.498920 0.223871
v -0.687230 -0.503766 -0.220228
v -0.595863 -0.498920 -0.217400
v -0.595863 -0.498920 -0.437983
v -0.768103 -0.527099 -0.219823
v -0.801199 -0.505383 -0.221033
v -0.794784 -0.503868 -0.439192
v -0.687230 -0.503766 -0.442325
v -0.587706 -0.436097 -0.501408
v -0.692943 -0.456095 -0.503631
v -0.761579 -0.525483 -0.448790
v -0.765668 -0.477305 -0.509892
v -0.794715 -0.470235 -0.507268
v -1.737729 0.452097 -0.518376
v -1.744877 0.517039 -0.453132
v -1.483448 0.529260 -0.465453
v -1.471290 0.462198 -0.527873
v -1.487061 0.549258 -0.226084
v -1.744877 0.517039 -0.226084
v -1.299535 0.567338 -0.476970
v -1.284032 0.497547 -0.535853
v -1.248263 0.491487 -0.507673
v -1.260915 0.544612 -0.461716
v -1.296872 0.616828 -0.226084
v -1.257302 0.597032 -0.211640
v -1.319820 0.749543 -0.017922
v -1.277646 0.730049 -0.004491
v -1.509108 0.641572 -0.017922
v -1.746599 0.532695 -0.017922
v -1.319820 0.749543 0.019851
v -1.277666 0.732170 0.007025
v -1.509108 0.641572 0.019851
v -1.746599 0.532695 0.019851
v -1.257302 0.597032 0.213568
v -1.744877 0.517039 0.228012
v -1.487061 0.549258 0.228012
v -1.744877 0.517039 0.455161
v -1.296872 0.616828 0.228012
v -1.260915 0.544612 0.463645
v -1.483448 0.529260 0.467382
v -1.737729 0.452097 0.520409
v -1.471290 0.462198 0.529902
v -1.299535 0.567338 0.478998
v -1.248263 0.491487 0.523841
v -1.284032 0.497547 0.537777
v -1.450520 0.338876 0.538486
v -1.471290 0.462198 0.529902
v -1.725285 0.338976 0.528588
v -1.737729 0.452097 0.520409
v -1.691298 0.030321 0.562524
v -1.289754 0.360186 0.546870
v -1.284032 0.497547 0.537777
v -1.248263 0.491487 0.523841
v -1.254164 0.357965 0.532730
v -1.277904 0.046884 0.639384
v -1.241056 0.049309 0.611205
v -1.398030 0.031128 0.622821
v -1.688417 0.004162 0.558382
v -1.284319 0.019918 0.638679
v -1.397595 0.004464 0.621507
v -1.339670 -0.077952 0.581915
v -1.410059 -0.064215 0.569794
v -1.681982 -0.054317 0.538687
v -1.355946 -0.133500 0.561010
v -1.676151 -0.107241 0.526365
v -1.414930 -0.122795 0.550507
v -1.670468 -0.158852 0.523741
v -1.415147 -0.177536 0.540709
v -1.356262 -0.186930 0.549798
v -1.660915 -0.245610 0.528588
v -1.397892 -0.275811 0.531112
v -1.638175 -0.452258 0.520409
v -1.404208 -0.477103 0.522628
v -1.335680 -0.291365 0.537072
v -1.317425 -0.188748 0.523133
v -1.311514 -0.487001 0.529093
v -1.297862 -0.300051 0.519599
v -1.277359 -0.475184 0.512730
v -1.652114 -0.485284 -0.529588
v -1.650282 -0.535481 -0.465453
v -1.882804 -0.526088 -0.460907
v -1.890080 -0.460035 -0.527264
v -1.650282 -0.535481 -0.232953
v -1.882804 -0.526088 -0.229921
v -1.553906 -0.545884 -0.472119
v -1.557836 -0.495385 -0.536153
v -1.523097 -0.483366 -0.525650
v -1.516692 -0.518109 -0.461816
v -1.545511 -0.546388 -0.232549
v -1.508455 -0.518613 -0.233458
v -1.650282 -0.535481 0.234882
v -1.882804 -0.526088 0.231950
v -1.882804 -0.526088 0.462836
v -1.545501 -0.546388 0.234477
v -1.508465 -0.518613 0.235787
v -1.516722 -0.518109 0.464149
v -1.650282 -0.535481 0.467382
v -1.553906 -0.545884 0.474147
v -1.523097 -0.483366 0.521518
v -1.557836 -0.495385 0.538082
v -1.652114 -0.485284 0.531516
v -1.890080 -0.460035 0.529193
v -0.727018 -0.436097 0.507883
v -0.832255 -0.456095 0.510106
v -0.826543 -0.503766 0.448900
v -0.735176 -0.498919 0.444558
v -0.900882 -0.525483 0.455261
v -0.904981 -0.477305 0.516367
v -0.934017 -0.470235 0.500509
v -0.934107 -0.503868 0.445363
v -0.907406 -0.526997 0.226294
v -0.940512 -0.505383 0.227203
v -0.826543 -0.503766 0.226699
v -0.735176 -0.498919 0.223871
v -0.826543 -0.503766 -0.220228
v -0.735176 -0.498919 -0.217400
v -0.735176 -0.498919 -0.437983
v -0.907416 -0.527099 -0.219823
v -0.940502 -0.505383 -0.221033
v -0.934097 -0.503868 -0.439192
v -0.826543 -0.503766 -0.442325
v -0.727018 -0.436097 -0.501408
v -0.832255 -0.456095 -0.503631
v -0.900882 -0.525483 -0.448790
v -0.904981 -0.477305 -0.509892
v -0.934017 -0.470235 -0.494038
v -1.404208 -0.477103 -0.520699
v -1.402406 -0.526492 -0.457574
v -1.631017 -0.517199 -0.453132
v -1.638175 -0.452258 -0.518376
v -1.402406 -0.526492 -0.229012
v -1.631017 -0.517199 -0.226084
v -1.307644 -0.536693 -0.464244
v -1.311514 -0.487001 -0.527064
v -1.277359 -0.475184 -0.510801
v -1.271063 -0.509422 -0.454041
v -1.299387 -0.537197 -0.228607
v -1.262965 -0.509929 -0.229517
v -1.402406 -0.526492 0.230941
v -1.631017 -0.517199 0.228012
v -1.631017 -0.517199 0.455161
v -1.299387 -0.537197 0.230536
v -1.262965 -0.509929 0.231850
v -1.271093 -0.509322 0.456374
v -1.402406 -0.526492 0.459607
v -1.307644 -0.536693 0.466168
v -1.277359 -0.475184 0.512730
v -1.311514 -0.487001 0.529093
v -1.404208 -0.477103 0.522628
v -1.638175 -0.452258 0.520409
v -1.339670 -0.077952 0.581915
v -1.355946 -0.133500 0.561010
v -1.316880 -0.129563 0.536668
v -1.314405 -0.167741 0.486473
v -1.313890 -0.112695 0.499095
v -1.317425 -0.188748 0.523133
v -1.356262 -0.186930 0.549798
v -1.296209 -0.271265 0.483140
v -1.297862 -0.300051 0.519599
v -1.277141 -0.434078 0.476875
v -1.277359 -0.475184 0.512730
v -1.271093 -0.509322 0.456374
v -1.271310 -0.465791 0.424357
v -1.262965 -0.509929 0.231850
v -1.263767 -0.466398 0.215591
v -1.262965 -0.509929 -0.229517
v -1.263757 -0.466398 -0.213358
v -1.271291 -0.465893 -0.422124
v -1.271063 -0.509422 -0.454041
v -1.277142 -0.434078 -0.474847
v -1.277359 -0.475184 -0.510801
v -1.297862 -0.300051 -0.517571
v -1.296209 -0.271265 -0.481211
v -1.317425 -0.188748 -0.521104
v -1.314405 -0.167741 -0.484544
v -1.316880 -0.129563 -0.534739
v -1.313890 -0.112695 -0.497166
v -1.356005 -0.133500 -0.559081
v -1.356262 -0.186930 -0.547769
v -1.339779 -0.077952 -0.579887
v -1.299466 -0.068356 -0.556658
v -1.297694 -0.055833 -0.517571
v -1.247976 0.029109 -0.566960
v -1.245986 0.023958 -0.609885
v -1.241056 0.049309 -0.609276
v -1.243382 0.053652 -0.566456
v -1.254164 0.357965 -0.516561
v -1.277904 0.046884 -0.637456
v -1.284319 0.019918 -0.636651
v -1.289754 0.360186 -0.544841
v -1.284032 0.497547 -0.535853
v -1.248263 0.491487 -0.507673
v -1.250085 0.464823 -0.472019
v -1.260915 0.544612 -0.461716
v -1.255569 0.340592 -0.480198
v -1.261856 0.514111 -0.429194
v -1.257302 0.597032 -0.211640
v -1.258500 0.562894 -0.196694
v -1.277409 0.686618 -0.004087
v -1.277646 0.730049 -0.004491
v -1.277429 0.688539 0.006620
v -1.277666 0.732170 0.007025
v -1.257302 0.597032 0.213568
v -1.258500 0.562894 0.198623
v -1.261856 0.514111 0.431123
v -1.260915 0.544612 0.463645
v -1.250085 0.464823 0.473947
v -1.248263 0.491487 0.523841
v -1.254164 0.357965 0.532730
v -1.255569 0.340592 0.482127
v -1.243382 0.053652 0.568380
v -1.241056 0.049309 0.611205
v -1.247976 0.033755 0.568889
v -1.245986 0.028502 0.611813
v -1.277904 0.046884 0.639384
v -1.284319 0.019918 0.638679
v -1.299466 -0.068356 0.558586
v -1.297694 -0.055833 0.519499
v -1.563291 -0.131784 0.545860
v -1.563855 -0.191981 0.540305
v -1.560776 -0.170569 0.494752
v -1.560252 -0.114716 0.507579
v -1.586477 -0.079264 0.591813
v -1.603030 -0.135824 0.570603
v -1.545580 -0.069568 0.568180
v -1.543788 -0.056742 0.528388
v -1.493209 0.028704 0.578683
v -1.491189 0.023453 0.622216
v -1.486170 0.050117 0.621607
v -1.488546 0.054561 0.578078
v -1.523651 0.047693 0.650292
v -1.530185 0.020220 0.649587
v -1.499505 0.364025 0.546970
v -1.500941 0.346450 0.490410
v -1.495367 0.472700 0.482027
v -1.493506 0.499871 0.537881
v -1.506376 0.553905 0.471524
v -1.507326 0.522897 0.438497
v -1.502703 0.607232 0.217205
v -1.503911 0.572489 0.202056
v -1.523166 0.700253 0.006720
v -1.523414 0.744694 0.007125
v -1.523394 0.742573 -0.004592
v -1.523157 0.698335 -0.004187
v -1.502703 0.607232 -0.215277
v -1.503911 0.572489 -0.200027
v -1.507326 0.522897 -0.436569
v -1.506376 0.553905 -0.469595
v -1.495367 0.472700 -0.480098
v -1.493506 0.499871 -0.531206
v -1.499506 0.364025 -0.540295
v -1.500941 0.346450 -0.488482
v -1.488546 0.054561 -0.576149
v -1.486170 0.050117 -0.619683
v -1.493209 0.030118 -0.576654
v -1.491189 0.024867 -0.620288
v -1.545580 -0.069568 -0.566251
v -1.523652 0.047693 -0.648363
v -1.530185 0.020220 -0.647558
v -0.940146 -0.430845 -0.459092
v -0.948481 -0.272074 -0.465253
v -0.942977 -0.299444 -0.500603
v -0.934017 -0.470235 -0.494038
v -0.934097 -0.503868 -0.439192
v -0.940215 -0.462054 -0.408189
v -0.940502 -0.505383 -0.221033
v -0.946175 -0.463468 -0.205279
v -0.940512 -0.505383 0.227203
v -0.946184 -0.463468 0.211549
v -0.940225 -0.462054 0.414359
v -0.934107 -0.503868 0.445363
v -0.940145 -0.430845 0.465663
v -0.934017 -0.470235 0.500509
v -0.942977 -0.299444 0.507178
v -0.948481 -0.272074 0.471824
v -0.943462 -0.190062 0.510611
v -0.914504 -0.286618 0.524246
v -0.912643 -0.183497 0.536467
v -0.948927 -0.170266 0.474957
v -0.920583 -0.132289 0.547375
v -0.952461 -0.133400 0.523741
v -0.957302 -0.117544 0.487278
v -0.941630 -0.080880 0.567675
v -0.978498 -0.064922 0.507074
v -0.975271 -0.076738 0.545051
v -1.000169 0.006080 0.622821
v -1.032433 0.022644 0.555150
v -1.033275 0.017392 0.596764
v -1.009208 0.031230 0.623530
v -1.039046 0.028907 0.596155
v -1.563291 -0.131784 -0.543932
v -1.603089 -0.135824 -0.568575
v -1.586586 -0.079264 -0.589785
v -1.560252 -0.114716 -0.505650
v -1.560776 -0.170569 -0.492824
v -1.543788 -0.056742 -0.526355
v -1.563855 -0.191981 -0.537972
v -1.542274 -0.275911 -0.489491
v -1.543956 -0.305200 -0.540495
v -1.522879 -0.441551 -0.483026
v -1.523097 -0.483366 -0.525650
v -1.516692 -0.518109 -0.461816
v -1.516919 -0.473872 -0.429398
v -1.508455 -0.518613 -0.233458
v -1.509267 -0.474377 -0.216995
v -1.509267 -0.474377 0.219224
v -1.508465 -0.518613 0.235787
v -1.516949 -0.473770 0.431628
v -1.516722 -0.518109 0.464149
v -1.522879 -0.441551 0.484955
v -1.523097 -0.483366 0.521518
v -1.543956 -0.305200 0.536668
v -1.542274 -0.275911 0.491420
v -1.045115 0.333624 0.533639
v -1.073271 0.326957 0.517477
v -1.037809 0.033351 0.554545
v -1.069628 0.310496 0.470815
v -1.092001 0.429069 0.462836
v -1.097338 0.454421 0.508892
v -1.094902 0.507041 0.452737
v -1.089734 0.477852 0.421225
v -1.105386 0.556935 0.209831
v -1.099496 0.524311 0.195286
v -1.102268 0.645512 0.008134
v -1.108376 0.687225 0.008539
v -1.102535 0.647331 -0.002268
v -1.108663 0.689246 -0.002673
v -1.105386 0.556935 -0.203260
v -1.099496 0.524311 -0.188815
v -1.089734 0.477852 -0.414754
v -1.094902 0.507041 -0.446262
v -1.092002 0.429069 -0.456264
v -1.097338 0.454421 -0.516157
v -1.073271 0.326957 -0.524841
v -1.069628 0.310496 -0.464344
v -1.037809 0.033351 -0.548074
v -1.039047 0.028907 -0.589684
v -1.032433 0.022644 -0.548579
v -1.033275 0.017392 -0.590189
v -1.009208 0.031230 -0.617055
v -1.000169 0.006080 -0.616346
v -0.975271 -0.076738 -0.538576
v -0.978498 -0.064922 -0.500503
v -0.941710 -0.080880 -0.561200
v -0.952461 -0.133400 -0.517266
v -0.957302 -0.117544 -0.480707
v -0.920633 -0.132289 -0.540900
v -0.948927 -0.170266 -0.468486
v -0.943462 -0.190062 -0.504036
v -0.912643 -0.183497 -0.529992
v -0.913980 -0.286314 -0.517671
v -0.842997 -0.065326 0.545051
v -0.802318 -0.080880 0.567675
v -0.860856 0.006080 0.622821
v -0.886923 0.005576 0.596764
v -0.813158 -0.133400 0.523741
v -0.781280 -0.132289 0.547375
v -0.893121 0.022644 0.555150
v -0.839195 -0.064922 0.507074
v -0.898496 0.033351 0.554545
v -0.817989 -0.117544 0.487278
v -0.899743 0.028907 0.611509
v -0.809614 -0.170266 0.474957
v -0.933958 0.327159 0.528388
v -0.804149 -0.190062 0.523741
v -0.930315 0.310496 0.470815
v -0.809169 -0.272074 0.471824
v -0.952689 0.429069 0.462835
v -0.803674 -0.299444 0.526365
v -0.958451 0.458056 0.517881
v -0.800842 -0.430846 0.465663
v -0.955164 0.525323 0.460616
v -0.794715 -0.470235 0.506469
v -0.950432 0.477852 0.421225
v -0.794794 -0.503868 0.445363
v -0.966084 0.556935 0.209831
v -0.800922 -0.462054 0.414359
v -0.960183 0.524311 0.195286
v -0.801199 -0.505383 0.227203
v -0.962955 0.645512 0.008134
v -0.806872 -0.463468 0.211549
v -0.969063 0.687225 0.008539
v -0.806872 -0.463468 -0.205279
v -0.963232 0.647331 -0.002268
v -0.801199 -0.505383 -0.221033
v -0.969360 0.689246 -0.002673
v -0.800902 -0.462054 -0.408189
v -0.966084 0.556935 -0.203260
v -0.794784 -0.503868 -0.439192
v -0.960183 0.524311 -0.188815
v -0.800843 -0.430846 -0.459092
v -0.950432 0.477852 -0.414754
v -0.794715 -0.470235 -0.507268
v -0.955589 0.525927 -0.459092
v -0.803674 -0.299444 -0.513934
v -0.952689 0.429069 -0.456264
v -0.809169 -0.272074 -0.465253
v -0.958025 0.459672 -0.516157
v -0.804149 -0.190062 -0.517367
v -0.933958 0.321705 -0.524741
v -0.809614 -0.170266 -0.468486
v -0.930315 0.310496 -0.464344
v -0.898496 0.033351 -0.548074
v -0.899744 0.038400 -0.589684
v -0.813158 -0.133400 -0.517266
v -0.893121 0.022644 -0.548579
v -0.817989 -0.117544 -0.480707
v -0.839195 -0.064922 -0.500503
v -0.835958 -0.076738 -0.538577
v -0.802407 -0.080880 -0.561200
v -0.781320 -0.132289 -0.540900
v -0.893962 0.008808 -0.590189
v -0.869905 0.031230 -0.617055
v -0.860856 0.006080 -0.616346
v -1.765786 0.048805 -0.663917
v -1.727403 0.051328 -0.634628
v -1.732542 0.027493 -0.635237
v -1.772468 0.020625 -0.663212
v -1.734611 0.032946 -0.590594
v -1.788239 -0.071285 -0.579786
v -1.729829 0.055773 -0.589985
v -1.786398 -0.058156 -0.539081
v -1.741055 0.372812 -0.567766
v -1.803257 -0.117442 -0.517871
v -1.742521 0.354732 -0.500198
v -1.806376 -0.135016 -0.567361
v -1.736808 0.484012 -0.491614
v -1.803792 -0.174708 -0.504641
v -1.734908 0.511890 -0.558577
v -1.806950 -0.196625 -0.553221
v -1.748084 0.567136 -0.480907
v -1.784853 -0.282576 -0.501208
v -1.749065 0.535421 -0.447071
v -1.786576 -0.312575 -0.546051
v -1.744323 0.621777 -0.220428
v -1.764984 -0.452156 -0.494642
v -1.745570 0.586224 -0.204874
v -1.765212 -0.494980 -0.538881
v -1.765271 0.715000 -0.004287
v -1.758658 -0.530634 -0.472928
v -1.765518 0.760348 -0.004692
v -1.758895 -0.485284 -0.439697
v -1.765290 0.717019 0.006821
v -1.750223 -0.531139 -0.239114
v -1.765538 0.762469 0.007325
v -1.751045 -0.485789 -0.222246
v -1.744322 0.621777 0.222356
v -1.751054 -0.485789 0.224475
v -1.745570 0.586224 0.206802
v -1.750223 -0.531139 0.241343
v -1.749065 0.535421 0.449000
v -1.758915 -0.485184 0.441930
v -1.748084 0.567136 0.482836
v -1.758687 -0.530532 0.475261
v -1.736808 0.484012 0.493543
v -1.764984 -0.452156 0.496571
v -1.734908 0.511890 0.545556
v -1.765212 -0.494980 0.534044
v -1.741055 0.372812 0.554849
v -1.786576 -0.312575 0.548384
v -1.742521 0.354732 0.502127
v -1.784853 -0.282576 0.503236
v -1.729829 0.055773 0.591914
v -1.806950 -0.196625 0.552021
v -1.727403 0.051328 0.636556
v -1.803792 -0.174708 0.506569
v -1.734611 0.033249 0.592522
v -1.806376 -0.135016 0.558887
v -1.803257 -0.117442 0.519800
v -1.732541 0.027897 0.637161
v -1.765786 0.048805 0.665846
v -1.772468 0.020625 0.665141
v -1.788239 -0.071285 0.581815
v -1.786397 -0.058156 0.541010
v -1.830116 -0.081183 0.605953
v -1.847065 -0.139156 0.584239
v -0.657283 -0.303989 0.514648
v -0.628385 -0.290960 0.532021
v -0.657768 -0.192990 0.518185
v -0.626494 -0.186223 0.544446
v -0.634552 -0.134207 0.555554
v -0.662866 -0.276113 0.478794
v -0.654412 -0.437309 0.472533
v -0.648185 -0.477305 0.507983
v -0.663322 -0.172892 0.482026
v -0.648274 -0.511443 0.452028
v -0.654491 -0.469023 0.420520
v -0.654778 -0.512957 0.230640
v -0.660540 -0.470437 0.214681
v -0.660530 -0.470437 -0.208407
v -0.654768 -0.512957 -0.224366
v -0.654481 -0.468923 -0.414245
v -0.648264 -0.511343 -0.445758
v -0.654412 -0.437309 -0.466058
v -0.648185 -0.477305 -0.501408
v -0.657283 -0.303989 -0.508178
v -0.662866 -0.276113 -0.472223
v -0.657768 -0.192990 -0.511611
v -0.627850 -0.290658 -0.525446
v -0.626494 -0.186223 -0.537972
v -0.663322 -0.172892 -0.475452
v -0.634602 -0.134309 -0.548979
v -0.666915 -0.135421 -0.525045
v -0.671816 -0.119360 -0.487977
v -0.655996 -0.082092 -0.569584
v -0.693339 -0.065933 -0.508077
v -0.690052 -0.077952 -0.546660
v -0.715326 0.006183 -0.625539
v -0.748076 0.022948 -0.556858
v -0.748927 0.017595 -0.599078
v -0.724504 0.031634 -0.626348
v -0.753531 0.033856 -0.556253
v -0.754788 0.029311 -0.603116
v -0.789527 0.331706 -0.529083
v -0.785824 0.315040 -0.471314
v -0.808535 0.435432 -0.463130
v -0.814406 0.451490 -0.525955
v -0.811010 0.524513 -0.457779
v -0.806238 0.485022 -0.421015
v -0.822128 0.565217 -0.206388
v -0.816138 0.532190 -0.191643
v -0.819227 0.657026 -0.002268
v -0.825454 0.699546 -0.002773
v -0.825157 0.697527 0.008639
v -0.818959 0.655108 0.008235
v -0.822128 0.565217 0.212863
v -0.816138 0.532190 0.198218
v -0.806238 0.485022 0.427486
v -0.811010 0.524513 0.464249
v -0.808535 0.435432 0.469705
v -0.814405 0.451490 0.532426
v -0.789527 0.331706 0.535658
v -0.785824 0.315040 0.477785
v -0.753531 0.033856 0.562828
v -0.754788 0.029311 0.609590
v -0.748927 0.017595 0.605653
v -0.724504 0.031634 0.632819
v -0.748075 0.022948 0.563333
v -0.715326 0.006183 0.632114
v -0.690052 -0.077952 0.553231
v -0.693338 -0.065933 0.514648
v -0.655916 -0.082092 0.576059
v -0.666915 -0.135421 0.531516
v -0.671816 -0.119360 0.494452
vn -0.2173 -0.2367 -0.9470
vn -1.0000 -0.0000 -0.0077
vn -0.2336 -0.0395 -0.9715
vn -0.9999 -0.0155 -0.0000
vn -0.2487 -0.9516 -0.1809
vn -0.9999 -0.0154 -0.0000
vn -0.2802 -0.0706 -0.9573
vn -1.0000 -0.0000 -0.0000
vn -0.3137 -0.1892 -0.9305
vn -1.0000 -0.0000 -0.0001
vn -0.3197 -0.3761 -0.8697
vn -1.0000 -0.0000 -0.0078
vn -0.3279 0.1490 -0.9329
vn -0.3211 0.1416 -0.9364
vn -1.0000 0.0078 -0.0000
vn -1.0000 0.0077 -0.0000
vn -0.2887 0.3145 -0.9043
vn -0.3533 0.9052 -0.2362
vn -0.4620 0.8744 -0.1483
vn -0.5515 0.8069 -0.2115
vn -0.5515 0.8069 0.2116
vn -0.4651 0.8726 0.1494
vn -1.0000 -0.0000 0.0001
vn -0.3137 -0.1892 0.9305
vn -0.3197 -0.3761 0.8697
vn -1.0000 -0.0000 0.0078
vn -0.2802 -0.0706 0.9574
vn -1.0000 -0.0000 0.0077
vn -0.2336 -0.0395 0.9715
vn -0.3279 0.1489 0.9329
vn -0.3211 0.1416 0.9364
vn -1.0000 0.0077 0.0001
vn -0.2888 0.3145 0.9043
vn -0.3533 0.9052 0.2361
vn -0.2173 -0.2367 0.9470
vn -0.2487 -0.9516 0.1808
vn -0.1603 0.9274 -0.3379
vn 0.8701 0.4652 -0.1628
vn 0.7805 0.6011 -0.1718
vn 0.8304 0.2016 -0.5194
vn -0.0563 0.3627 -0.9302
vn -0.1361 0.9342 -0.3297
vn -0.1286 0.3231 -0.9376
vn -0.2398 0.8699 -0.4310
vn 0.7499 0.6022 -0.2737
vn -0.2322 0.9258 -0.2982
vn -0.3050 0.9206 -0.2439
vn -0.2888 0.3145 -0.9043
vn -0.3924 0.8556 -0.3375
vn -0.5515 0.8069 0.2115
vn -0.2415 0.8680 0.4339
vn 0.7377 0.6143 0.2799
vn -0.3924 0.8556 0.3375
vn 0.8701 0.4652 0.1628
vn -0.4651 0.8725 0.1494
vn -0.1681 0.9262 0.3375
vn -0.3050 0.9206 0.2439
vn 0.7794 0.6003 0.1793
vn -1.0000 0.0077 -0.0001
vn -0.2321 0.9259 0.2982
vn -0.1286 0.3231 0.9376
vn -0.2888 0.3146 0.9042
vn -0.1282 0.9352 0.3301
vn -0.0080 0.3537 0.9353
vn 0.8381 0.2092 0.5038
vn 0.8803 -0.4742 -0.0155
vn 0.1206 -0.9927 -0.0000
vn 0.8472 -0.5200 -0.1087
vn 0.8803 -0.4742 0.0156
vn 0.8472 -0.5200 0.1087
vn 0.0963 -0.9828 0.1573
vn 0.7502 -0.1251 0.6493
vn 0.0562 -0.3228 0.9448
vn -0.0965 -0.2838 0.9540
vn -0.1206 -0.9774 0.1734
vn -0.2487 -0.9515 0.1809
vn -0.1126 -0.9936 -0.0000
vn -0.2735 -0.9619 -0.0000
vn -0.2487 -0.9515 -0.1809
vn -0.1206 -0.9774 -0.1734
vn -0.2174 -0.2367 -0.9470
vn -0.0965 -0.2838 -0.9540
vn 0.0883 -0.9836 -0.1574
vn 0.0401 -0.3301 -0.9431
vn 0.7390 -0.1246 -0.6620
vn 0.7390 -0.1246 -0.6621
vn 0.7958 0.0780 -0.6006
vn 0.0321 -0.0472 -0.9984
vn 0.8235 0.0310 -0.5665
vn -0.0806 -0.0474 -0.9956
vn -0.2337 -0.0395 -0.9715
vn 0.0321 -0.1336 -0.9905
vn -0.1122 -0.0864 -0.9899
vn -0.2801 -0.0706 -0.9574
vn 0.0242 -0.2684 -0.9630
vn 0.8259 -0.2490 -0.5059
vn -0.1521 -0.2119 -0.9654
vn -0.1692 -0.4185 -0.8923
vn 0.0644 -0.5053 -0.8606
vn 0.7791 -0.5299 -0.3351
vn -0.1767 -0.3858 -0.9055
vn 0.1770 -0.4652 -0.8673
vn 0.7706 -0.5218 -0.3660
vn -0.1605 0.1966 -0.9673
vn -0.3279 0.1489 -0.9329
vn -0.0241 0.2443 -0.9694
vn -0.1364 0.1730 -0.9754
vn -0.1286 0.3230 -0.9376
vn -0.0320 0.1885 -0.9816
vn -0.0563 0.3626 -0.9302
vn 0.8784 0.1086 -0.4654
vn 0.8383 0.1395 -0.5271
vn 0.7502 -0.1252 0.6493
vn 0.7925 0.0699 0.6059
vn 0.0481 -0.0471 0.9977
vn 0.8167 0.0466 0.5752
vn -0.0806 -0.0474 0.9956
vn -0.2174 -0.2367 0.9470
vn 0.0641 -0.1257 0.9900
vn -0.1122 -0.0864 0.9899
vn -0.2801 -0.0706 0.9574
vn 0.0799 -0.2821 0.9560
vn 0.8457 -0.2479 0.4726
vn -0.1521 -0.2119 0.9654
vn -0.1692 -0.4185 0.8923
vn 0.0886 -0.5136 0.8534
vn -0.1767 -0.3858 0.9055
vn 0.1770 -0.4652 0.8674
vn -0.1605 0.1966 0.9673
vn 0.0080 0.2518 0.9678
vn -0.1364 0.1730 0.9754
vn -0.1286 0.3230 0.9376
vn 0.0240 0.1961 0.9803
vn -0.0080 0.3536 0.9353
vn 0.8382 0.2092 0.5037
vn 0.8833 0.1082 0.4561
vn 0.8363 0.1547 0.5259
vn -0.0481 0.3696 -0.9279
vn -0.0803 0.9684 -0.2362
vn -0.1604 0.9432 -0.2909
vn -0.0721 0.3295 -0.9414
vn -0.2411 0.9451 -0.2205
vn -0.1761 0.9730 -0.1491
vn -0.1283 0.9352 -0.3301
vn -0.0080 0.3537 -0.9353
vn 0.8381 0.2092 -0.5037
vn 0.7783 0.5995 -0.1869
vn -0.1603 0.9274 -0.3380
vn 0.7500 0.6022 -0.2737
vn -0.3437 0.8853 -0.3133
vn -0.2877 0.9323 -0.2193
vn 0.7377 0.6143 0.2800
vn -0.3437 0.8853 0.3133
vn -0.2878 0.9323 0.2193
vn -0.1761 0.9730 0.1491
vn -0.2411 0.9451 0.2205
vn -0.0803 0.9684 0.2362
vn -0.1591 0.9434 0.2909
vn -0.0481 0.3697 0.9279
vn -0.0720 0.3295 0.9414
vn 0.8324 0.2098 0.5129
vn -0.0241 0.3536 0.9351
vn -0.7837 -0.2172 0.5819
vn -0.0401 -0.3300 0.9431
vn -0.8475 -0.0543 0.5280
vn -0.1045 -0.0473 0.9934
vn 0.1767 -0.2756 0.9449
vn 0.1440 -0.0549 0.9881
vn -0.1203 -0.1415 0.9826
vn 0.2244 -0.1257 0.9663
vn -0.0720 -0.3060 0.9493
vn 0.2813 -0.2048 0.9375
vn 0.0161 -0.4408 0.8974
vn 0.3520 -0.2509 0.9018
vn 0.3916 -0.1880 0.9007
vn -0.0642 -0.4400 0.8957
vn 0.2331 0.2284 0.9452
vn 0.0886 0.2211 0.9712
vn 0.1685 0.1888 0.9675
vn 0.0561 0.1731 0.9833
vn 0.0806 0.3317 0.9399
vn -0.0000 0.3767 0.9263
vn -0.8804 -0.0000 0.4742
vn -0.9174 -0.0465 0.3953
vn -0.8771 0.0078 0.4802
vn -0.0401 -0.3301 -0.9431
vn -0.7806 -0.2186 -0.5856
vn -0.8417 -0.0545 -0.5371
vn -0.1045 -0.0473 -0.9934
vn 0.1767 -0.2755 -0.9449
vn 0.1440 -0.0549 -0.9880
vn -0.1203 -0.1415 -0.9826
vn 0.2244 -0.1257 -0.9663
vn -0.0720 -0.3060 -0.9493
vn 0.2813 -0.2048 -0.9375
vn 0.0161 -0.4408 -0.8974
vn 0.3520 -0.2509 -0.9018
vn 0.3915 -0.1880 -0.9008
vn -0.0641 -0.4400 -0.8957
vn 0.2331 0.2284 -0.9453
vn 0.0886 0.2211 -0.9712
vn 0.1685 0.1888 -0.9675
vn 0.0562 0.1730 -0.9833
vn 0.0806 0.3317 -0.9399
vn -0.0000 0.3767 -0.9263
vn -0.8804 -0.0000 -0.4742
vn -0.9174 -0.0465 -0.3953
vn -0.8771 0.0078 -0.4802
vn -0.8923 0.4180 0.1703
vn 0.0321 0.9458 0.3232
vn 0.0725 0.9405 0.3320
vn -0.0000 0.3768 0.9263
vn 0.1608 0.9379 0.3074
vn 0.0806 0.3318 0.9399
vn -0.9566 0.2557 0.1395
vn 0.2415 0.9230 0.2997
vn -0.8791 0.4114 0.2407
vn 0.1440 0.8943 0.4236
vn 0.3283 0.8556 0.4003
vn 0.1451 0.8927 -0.4266
vn 0.3283 0.8556 -0.4003
vn -0.8699 0.4264 -0.2480
vn 0.2415 0.9230 -0.2997
vn 0.0723 0.9380 -0.3389
vn -0.9566 0.2557 -0.1395
vn 0.1608 0.9379 -0.3074
vn -0.8923 0.4180 -0.1703
vn 0.0321 0.9458 -0.3232
vn -0.0000 0.3768 -0.9263
vn -0.8804 -0.0000 -0.4743
vn 0.0482 0.3859 0.9213
vn 0.0883 0.9677 0.2361
vn 0.1129 0.9565 0.2688
vn 0.0563 0.3627 0.9302
vn 0.0161 0.3537 0.9352
vn 0.1926 0.9597 0.2046
vn 0.1607 0.9768 0.1418
vn 0.0562 0.9448 0.3229
vn -0.8819 0.4399 0.1698
vn -0.9000 0.0464 0.4333
vn 0.0885 0.9393 0.3315
vn -0.9601 0.2468 0.1312
vn -0.8791 0.4115 0.2407
vn 0.2888 0.9121 0.2909
vn 0.2490 0.9449 0.2126
vn 0.1450 0.8927 -0.4266
vn -0.8699 0.4263 -0.2480
vn 0.2888 0.9121 -0.2909
vn 0.2490 0.9449 -0.2126
vn 0.1607 0.9768 -0.1418
vn 0.1926 0.9597 -0.2045
vn 0.0883 0.9677 -0.2361
vn 0.0885 0.9393 -0.3315
vn -0.9601 0.2468 -0.1311
vn 0.1129 0.9565 -0.2688
vn 0.0482 0.3859 -0.9213
vn 0.0563 0.3627 -0.9302
vn -0.8848 0.4336 -0.1703
vn 0.0401 0.3535 -0.9346
vn 0.0562 0.9448 -0.3228
vn -0.8972 0.0385 -0.4398
vn 0.0563 0.3626 0.9303
vn 0.0965 0.1418 0.9852
vn 0.0482 0.3858 0.9213
vn 0.0961 0.1649 0.9816
vn 0.1366 0.1654 0.9767
vn 0.0161 0.1976 0.9801
vn 0.0160 0.3536 0.9352
vn -0.9000 0.0464 0.4334
vn -0.9177 -0.0388 0.3954
vn 0.0160 0.2517 0.9677
vn -0.8720 -0.0000 0.4895
vn -0.7394 -0.6156 0.2727
vn -0.1127 -0.4972 0.8603
vn 0.1280 0.1960 0.9722
vn 0.2161 -0.3531 0.9103
vn -0.0483 -0.5208 0.8523
vn 0.2011 -0.3706 0.9068
vn 0.1918 -0.4073 0.8929
vn 0.1679 -0.3996 0.9012
vn 0.1288 -0.2051 0.9702
vn 0.1602 -0.2041 0.9657
vn 0.0885 -0.0710 0.9935
vn -0.0643 -0.2918 0.9543
vn 0.1123 -0.0786 0.9906
vn 0.0401 -0.0393 0.9984
vn 0.0641 -0.0471 0.9968
vn 0.0401 -0.1808 0.9827
vn 0.0881 -0.2434 0.9659
vn 0.0241 -0.1182 0.9927
vn 0.0483 -0.3394 0.9394
vn -0.8612 -0.0697 0.5034
vn -0.8484 -0.3420 0.4041
vn -0.8315 -0.0699 0.5511
vn -0.7559 -0.2418 0.6083
vn -0.0720 0.3295 -0.9414
vn -0.0965 0.1419 -0.9852
vn -0.0481 0.3696 -0.9280
vn -0.1041 0.1648 -0.9808
vn -0.1281 0.1490 -0.9805
vn 0.0240 0.1960 -0.9803
vn 0.8381 0.2093 -0.5037
vn 0.8833 0.1082 -0.4561
vn 0.0080 0.2444 -0.9696
vn 0.8363 0.1547 -0.5260
vn -0.1284 0.1809 -0.9751
vn -0.1682 -0.3769 -0.9109
vn 0.1680 -0.4626 -0.8705
vn -0.1599 -0.3841 -0.9093
vn -0.1450 -0.4106 -0.9002
vn -0.1366 -0.4016 -0.9056
vn 0.0801 -0.5105 -0.8561
vn 0.7641 -0.5461 -0.3433
vn 0.7620 -0.5291 -0.3735
vn -0.1041 -0.2041 -0.9734
vn 0.0801 -0.2749 -0.9581
vn -0.1207 -0.2129 -0.9696
vn -0.0645 -0.0711 -0.9954
vn -0.0725 -0.0789 -0.9942
vn -0.0241 -0.0393 -0.9989
vn -0.0401 -0.0472 -0.9981
vn -0.0241 -0.2202 -0.9752
vn -0.0481 -0.2826 -0.9580
vn 0.0402 -0.1181 -0.9922
vn 0.0080 -0.0472 -0.9989
vn 0.0240 -0.3372 -0.9411
vn 0.8223 0.0620 -0.5657
vn 0.8457 -0.2479 -0.4726
vn 0.7858 0.0700 -0.6146
vn 0.7346 -0.1331 -0.6653
vn -0.1041 0.1648 0.9808
vn -0.0965 0.1418 0.9852
vn -0.0481 0.3696 0.9280
vn -0.1281 0.1490 0.9805
vn -0.0000 0.1961 0.9806
vn -0.0240 0.3535 0.9351
vn 0.8325 0.2098 0.5128
vn 0.8816 0.1090 0.4593
vn -0.0000 0.2444 0.9697
vn 0.8373 0.1471 0.5266
vn -0.1284 0.1808 0.9751
vn -0.1682 -0.3769 0.9109
vn 0.1608 -0.4571 0.8748
vn 0.7598 -0.5275 0.3801
vn 0.7620 -0.5447 0.3502
vn 0.0801 -0.5105 0.8561
vn -0.1600 -0.3841 0.9093
vn -0.1450 -0.4106 0.9002
vn -0.1366 -0.4016 0.9056
vn -0.1041 -0.2041 0.9734
vn 0.0721 -0.2750 0.9587
vn -0.1206 -0.2128 0.9696
vn -0.0645 -0.0711 0.9954
vn -0.0725 -0.0789 0.9942
vn -0.0241 -0.0393 0.9989
vn 0.8167 0.0466 0.5751
vn 0.8473 -0.2406 0.4735
vn 0.0562 -0.1180 0.9914
vn -0.0401 -0.0472 0.9981
vn -0.0241 -0.2201 0.9752
vn -0.0481 -0.2826 0.9580
vn 0.0401 -0.0472 0.9981
vn 0.7925 0.0699 0.6058
vn 0.7494 -0.1329 0.6486
vn 0.0563 0.3626 0.9302
vn -0.0725 0.1895 0.9792
vn -0.0561 0.3531 0.9339
vn -0.8951 0.0544 0.4425
vn -0.9202 -0.0467 0.3887
vn -0.0482 0.2441 0.9686
vn -0.1604 -0.5032 0.8492
vn 0.2162 -0.3531 0.9103
vn 0.2011 -0.3705 0.9068
vn -0.0481 -0.5265 0.8488
vn -0.0720 -0.3059 0.9493
vn -0.1202 -0.1415 0.9826
vn -0.8475 -0.0544 0.5280
vn -0.7837 -0.2172 0.5820
vn 0.0961 0.1649 -0.9816
vn 0.0563 0.3626 -0.9302
vn 0.0965 0.1419 -0.9852
vn 0.0482 0.3858 -0.9213
vn 0.1366 0.1654 -0.9767
vn 0.0080 0.1885 -0.9820
vn 0.0401 0.3534 -0.9346
vn -0.8973 0.0386 -0.4398
vn -0.9148 -0.0387 -0.4020
vn -0.8853 0.0001 -0.4649
vn -0.0000 0.2444 -0.9697
vn 0.1280 0.1960 -0.9722
vn -0.1366 -0.4804 -0.8664
vn 0.2161 -0.3531 -0.9103
vn 0.2011 -0.3706 -0.9068
vn -0.7621 -0.5837 -0.2802
vn -0.7688 -0.5672 -0.2953
vn -0.0322 -0.5264 -0.8496
vn 0.1918 -0.4073 -0.8929
vn 0.1679 -0.3996 -0.9012
vn 0.1288 -0.2051 -0.9702
vn 0.1602 -0.2041 -0.9657
vn 0.0885 -0.0710 -0.9935
vn -0.0400 -0.2828 -0.9584
vn 0.1124 -0.0708 -0.9911
vn 0.0401 -0.0393 -0.9984
vn -0.8553 -0.0776 -0.5123
vn -0.8554 -0.3338 -0.3959
vn -0.0000 -0.1182 -0.9930
vn 0.0641 -0.0471 -0.9968
vn 0.0401 -0.1808 -0.9827
vn 0.0881 -0.2434 -0.9659
vn -0.8383 -0.0542 -0.5426
vn 0.0482 -0.3464 -0.9369
vn -0.7408 -0.2264 -0.6324
vn -0.0080 0.1961 -0.9806
vn -0.0000 0.3700 -0.9290
vn -0.8876 0.0465 -0.4583
vn -0.9145 -0.0464 -0.4019
vn -0.0081 0.2444 -0.9697
vn -0.1604 -0.5032 -0.8491
vn -0.0481 -0.5266 -0.8488
vn -0.8418 -0.0545 -0.5371
vn 0.0402 -0.9854 0.1656
vn -0.8012 -0.5910 0.0933
vn 0.0080 -1.0000 -0.0000
vn -0.0400 -0.3301 0.9431
vn 0.2894 -0.9454 0.1498
vn 0.2809 -0.9597 -0.0000
vn -0.8394 -0.5434 0.0078
vn -0.8394 -0.5434 -0.0078
vn 0.2894 -0.9454 -0.1497
vn -0.8012 -0.5910 -0.0934
vn 0.0402 -0.9866 -0.1579
vn 0.1768 -0.2755 -0.9449
vn -0.0481 0.3695 -0.9280
vn 0.0724 0.1971 -0.9777
vn 0.0403 0.3395 -0.9397
vn 0.0401 0.2515 -0.9670
vn -0.1284 0.1808 -0.9751
vn -0.1600 -0.3841 -0.9093
vn 0.7620 -0.5447 -0.3502
vn 0.7597 -0.5275 -0.3801
vn 0.0963 -0.2911 -0.9518
vn -0.1206 -0.2128 -0.9696
vn 0.1126 -0.1262 -0.9856
vn -0.0401 -0.0471 -0.9981
vn -0.0241 -0.2201 -0.9752
vn 0.0967 -0.0395 -0.9945
vn 0.8232 0.0388 -0.5664
vn 0.0804 -0.3152 -0.9456
vn 0.7957 0.0780 -0.6006
vn 0.7581 -0.1174 -0.6415
vn -0.0561 0.3532 0.9339
vn 0.0080 0.9463 0.3233
vn -0.8979 0.4092 0.1621
vn -0.8951 0.0543 0.4425
vn 0.0563 0.9390 0.3393
vn -0.9547 0.2630 0.1392
vn -0.8699 0.4263 -0.2481
vn 0.1926 0.9597 -0.2046
vn 0.0883 0.9677 -0.2360
vn 0.0563 0.9390 -0.3393
vn -0.9537 0.2627 -0.1468
vn -0.9018 0.4033 -0.1551
vn -0.0000 0.3701 -0.9290
vn 0.0160 0.9462 -0.3233
vn 0.1765 -0.9675 0.1809
vn 0.0723 -0.9761 0.2047
vn 0.0483 -0.9863 0.1578
vn 0.0483 -0.3395 0.9394
vn -0.7560 -0.2418 0.6083
vn -0.8077 -0.5822 0.0931
vn 0.1611 -0.9869 -0.0000
vn 0.0561 -0.9984 -0.0000
vn 0.0562 -0.9984 -0.0000
vn 0.0710 -0.9762 -0.2047
vn -0.8077 -0.5822 -0.0931
vn 0.1763 -0.9661 -0.1886
vn 0.0483 -0.9863 -0.1578
vn -0.2410 0.9451 -0.2206
vn 0.0403 0.3396 -0.9397
vn 0.8536 0.2014 -0.4804
vn 0.7703 0.6072 -0.1946
vn -0.2415 0.8680 0.4340
vn -0.2877 0.9323 0.2193
vn -0.1592 0.9434 0.2909
vn -0.0482 0.3696 0.9279
vn -0.1283 0.9352 0.3301
vn -0.0720 0.3294 0.9414
vn 0.8381 0.2092 0.5037
vn 0.0081 0.2518 0.9678
vn 0.8340 0.1557 0.5294
vn 0.1847 -0.4645 0.8661
vn -0.1599 -0.3841 0.9093
vn 0.0963 -0.2911 0.9518
vn -0.1206 -0.2129 0.9696
vn 0.1126 -0.1262 0.9856
vn 0.0966 -0.0395 0.9945
vn 0.8232 0.0388 0.5664
vn 0.0804 -0.3152 0.9456
vn 0.7957 0.0780 0.6006
vn 0.7543 -0.1168 0.6460
vn -0.0481 -0.2827 -0.9580
vn -0.0721 -0.9809 -0.1805
vn -0.0483 -0.9791 -0.1974
vn -0.0641 -0.9979 -0.0000
vn -0.0404 -0.9992 -0.0000
vn 0.7347 -0.1331 -0.6653
vn 0.8472 -0.5200 -0.1086
vn -0.0642 -0.9979 -0.0000
vn -0.0483 -0.9791 0.1975
vn -0.0721 -0.9809 0.1805
vn 0.7494 -0.1328 0.6486
vn -0.0480 -0.2827 0.9580
vn -0.0241 -0.2202 0.9752
vn 0.1766 -0.9675 0.1809
vn -0.0401 -0.3301 0.9431
vn -0.8012 -0.5910 -0.0933
vn -0.0406 -0.9992 -0.0000
vn 0.0963 -0.9829 -0.1573
vn 0.7582 -0.1173 -0.6414
vn 0.8438 -0.5256 -0.1082
vn -0.0483 -0.9791 0.1974
vn 0.7544 -0.1167 0.6460
vn 0.0887 -0.5136 0.8534
vn 0.8370 -0.2631 0.4798
vn 0.9900 0.0693 0.1232
vn 0.9867 -0.1625 0.0077
vn 0.8233 0.0388 0.5663
vn 0.9770 0.1467 0.1545
vn 0.9888 0.0930 0.1163
vn 0.8472 -0.5200 0.1086
vn 0.9982 0.0385 0.0462
vn 0.9997 0.0231 0.0077
vn 0.9997 0.0231 -0.0077
vn 0.9982 0.0385 -0.0462
vn 0.9888 0.0930 -0.1163
vn 0.9770 0.1467 -0.1545
vn 0.9900 0.0693 -0.1232
vn 0.8370 -0.2631 -0.4798
vn 0.9867 -0.1625 -0.0077
vn 0.0963 -0.2910 -0.9519
vn 0.7621 -0.5447 -0.3501
vn 0.9223 -0.3786 0.0773
vn 0.9074 -0.4099 0.0928
vn 0.7598 -0.5275 -0.3801
vn 0.8387 0.1629 -0.5196
vn 0.9984 0.0154 0.0539
vn 0.8864 0.1086 -0.4499
vn 0.0401 0.2516 -0.9670
vn 0.1680 -0.4627 -0.8705
vn 0.0402 0.3396 -0.9397
vn 0.8537 0.2014 -0.4803
vn 0.9985 0.0077 0.0539
vn 0.9989 0.0077 0.0463
vn 0.9997 -0.0081 0.0235
vn 0.9988 -0.0154 0.0462
vn 0.9956 0.0077 0.0929
vn 0.9956 0.0077 -0.0929
vn 0.9988 -0.0154 -0.0462
vn 0.9997 -0.0000 -0.0231
vn 0.9989 0.0077 -0.0463
vn 0.8381 0.2093 0.5038
vn 0.9992 0.0077 -0.0386
vn 0.9988 0.0154 -0.0463
vn 0.9074 -0.4099 -0.0928
vn 0.7728 -0.5232 0.3592
vn 0.0080 0.2518 0.9677
vn 0.1848 -0.4645 0.8661
vn 0.7759 -0.5354 0.3337
vn 0.9250 -0.3720 -0.0775
vn 0.8167 0.0467 0.5751
vn 0.9905 0.0848 0.1079
vn 0.9879 -0.1549 0.0078
vn 0.0801 -0.5106 0.8561
vn 0.0721 -0.2751 0.9587
vn 0.7620 -0.5450 0.3498
vn 0.9223 -0.3786 -0.0773
vn 0.8373 0.1471 0.5265
vn 0.9987 0.0231 -0.0463
vn -0.0000 0.2445 0.9697
vn 0.1608 -0.4571 0.8747
vn 0.9995 0.0077 -0.0309
vn 0.8324 0.2099 0.5129
vn 0.9997 -0.0000 -0.0232
vn 0.9997 -0.0000 0.0231
vn 0.7783 0.5994 -0.1869
vn 0.8381 0.2093 -0.5038
vn 0.9992 0.0077 0.0385
vn 0.9988 0.0154 0.0463
vn 0.8364 0.1547 -0.5259
vn 0.7620 -0.5290 -0.3734
vn -0.9925 -0.0695 -0.1004
vn -0.9909 -0.0308 -0.1311
vn -0.8418 -0.0545 -0.5370
vn -0.7806 -0.2187 -0.5855
vn -0.8013 -0.5910 -0.0933
vn -0.9925 -0.1158 -0.0386
vn -0.8395 -0.5434 -0.0078
vn -0.9913 -0.1311 -0.0077
vn -0.8395 -0.5434 0.0078
vn -0.9913 -0.1311 0.0077
vn -0.9925 -0.1158 0.0386
vn -0.8013 -0.5910 0.0933
vn -0.9925 -0.0695 0.1004
vn -0.7837 -0.2173 0.5819
vn -0.8476 -0.0543 0.5279
vn -0.9909 -0.0308 0.1311
vn -0.8663 -0.0935 0.4908
vn -0.1046 -0.0473 0.9934
vn -0.9913 -0.0848 0.1003
vn -0.0721 -0.3060 0.9493
vn -0.8362 -0.3556 0.4175
vn -0.9606 -0.2778 0.0077
vn -0.0481 -0.5266 0.8488
vn -0.8947 -0.4423 -0.0622
vn -0.7672 -0.5737 0.2869
vn -0.1604 -0.5032 0.8491
vn -0.8694 -0.4880 -0.0775
vn -0.7622 -0.5758 0.2958
vn -0.0482 0.2441 0.9685
vn -0.8853 0.0077 0.4649
vn 0.0802 -0.5105 -0.8561
vn 0.9879 -0.1549 -0.0078
vn 0.9899 0.0924 -0.1078
vn 0.9826 0.1387 -0.1233
vn 0.7857 0.0700 -0.6146
vn 0.9914 0.0925 -0.0925
vn 0.8803 -0.4742 -0.0156
vn 0.9899 0.0924 0.1078
vn 0.9814 0.1396 0.1319
vn -0.9906 -0.1310 -0.0385
vn -0.9899 -0.1386 -0.0308
vn -0.9896 -0.1386 -0.0385
vn -0.8951 0.0543 0.4426
vn -0.9878 -0.1549 -0.0155
vn -0.9860 -0.1624 -0.0387
vn -0.9861 -0.1469 -0.0773
vn -0.9861 -0.1469 0.0773
vn -0.9537 0.2626 -0.1468
vn -0.9860 -0.1624 0.0387
vn -0.9891 -0.1462 0.0154
vn -0.9019 0.4033 -0.1551
vn -0.9899 -0.1386 0.0308
vn -0.8876 0.0466 -0.4583
vn -0.9145 -0.0464 -0.4018
vn -0.9901 -0.1387 0.0231
vn -0.9909 -0.1311 0.0308
vn -0.8694 -0.4881 0.0775
vn -0.7622 -0.5759 -0.2957
vn -0.0081 0.2445 -0.9696
vn -0.1604 -0.5032 -0.8492
vn -0.7689 -0.5750 -0.2797
vn -0.8947 -0.4423 0.0621
vn -0.8362 -0.3557 -0.4175
vn -0.9606 -0.2778 -0.0077
vn -0.9913 -0.0849 -0.1002
vn -0.8629 -0.0931 -0.4967
vn -0.1046 -0.0473 -0.9934
vn -0.7718 -0.5849 0.2496
vn -0.8745 -0.4788 -0.0772
vn -0.9013 -0.4262 -0.0775
vn -0.9899 -0.1387 -0.0308
vn -0.9605 -0.2778 -0.0154
vn -0.8720 -0.0000 0.4896
vn -0.9939 -0.0696 0.0851
vn -0.9177 -0.0388 0.3955
vn -0.9901 -0.1386 -0.0231
vn -0.9952 -0.0310 0.0929
vn -0.8315 -0.0698 0.5511
vn -0.9946 -0.0697 0.0774
vn -0.8818 0.4399 0.1698
vn -0.7559 -0.2418 0.6084
vn -0.9932 -0.1159 -0.0077
vn -0.9601 0.2469 0.1311
vn -0.9890 -0.1462 -0.0231
vn -0.8395 -0.5433 0.0078
vn -0.8699 0.4264 -0.2481
vn -0.9601 0.2469 -0.1312
vn -0.9890 -0.1462 0.0231
vn -0.9946 -0.0696 -0.0774
vn -0.9932 -0.1159 0.0077
vn -0.7408 -0.2265 -0.6325
vn -0.8848 0.4337 -0.1704
vn -0.8382 -0.0543 -0.5426
vn -0.9916 -0.1234 0.0386
vn -0.9952 -0.0310 -0.0929
vn -0.8973 0.0386 -0.4397
vn -0.9148 -0.0387 -0.4019
vn -0.9939 -0.0696 -0.0851
vn -0.8854 -0.0000 -0.4649
vn -0.8555 -0.3339 -0.3959
vn -0.8857 -0.4495 0.1162
vn -0.9626 -0.2707 -0.0077
vn -0.8925 -0.4413 0.0929
vn -0.7622 -0.5836 -0.2801
vn -0.0321 -0.5269 -0.8493
vn -0.0401 -0.2828 -0.9583
vn -0.7689 -0.5671 -0.2952
vn -0.1366 -0.4804 -0.8663
vn -0.0242 0.2443 -0.9694
vn 0.7706 -0.5217 -0.3660
vn 0.1769 -0.4652 -0.8674
vn 0.9990 0.0231 0.0386
vn 0.9250 -0.3720 0.0775
vn 0.9892 -0.1463 -0.0077
vn 0.9995 0.0077 0.0308
vn 0.8258 -0.2490 -0.5059
vn 0.9992 0.0077 0.0386
vn 0.9920 0.0772 -0.1003
vn 0.8304 0.2015 -0.5194
vn 0.7805 0.6011 -0.1717
vn 0.9817 0.1385 -0.1309
vn 0.9997 -0.0000 0.0232
vn 0.9899 0.1001 -0.1001
vn 0.7499 0.6022 -0.2738
vn 0.8803 -0.4742 0.0155
vn 0.9992 0.0077 -0.0385
vn 0.9803 0.1395 0.1395
vn 0.8167 0.0467 0.5752
vn 0.8364 0.1547 0.5259
vn 0.9905 0.0847 0.1079
vn 0.8457 -0.2479 0.4725
vn 0.7706 -0.5217 0.3660
vn 0.1770 -0.4652 0.8673
vn 0.7706 -0.5373 0.3426
vn 0.0800 -0.2822 0.9560
vn -0.8475 -0.0544 0.5279
vn -0.9909 -0.0308 0.1310
vn -0.7837 -0.2173 0.5820
vn -0.9913 -0.0849 0.1002
vn -0.8629 -0.0931 -0.4966
vn -0.9913 -0.0848 -0.1003
vn -0.8362 -0.3556 -0.4176
vn 0.0161 -0.4408 -0.8975
vn -0.7689 -0.5749 -0.2797
vn -0.8694 -0.4880 0.0775
vn -0.7622 -0.5836 -0.2802
vn 0.0886 0.2212 -0.9712
vn -0.8771 0.0077 -0.4802
vn -0.9888 -0.1461 0.0308
vn -0.9899 -0.1309 0.0539
vn -0.9922 -0.1235 0.0154
vn -0.9875 -0.1548 0.0310
vn -0.9875 -0.1549 -0.0310
vn -0.9922 -0.1235 -0.0154
vn -0.9899 -0.1309 -0.0539
vn -0.9888 -0.1462 -0.0308
vn -0.9909 -0.1311 -0.0308
vn -0.8771 0.0077 0.4802
vn -0.7571 -0.5859 0.2890
vn -0.0641 -0.4400 0.8957
vn 0.0160 -0.4408 0.8975
vn -0.8362 -0.3556 0.4176
vn -0.9606 -0.2779 0.0077
vt 0.326541 0.267780
vt 0.333406 0.279478
vt 0.368034 0.265982
vt 0.326848 0.285452
vt 0.314614 0.280309
vt 0.326845 0.324505
vt 0.367965 0.278012
vt 0.383455 0.266497
vt 0.384565 0.278807
vt 0.393588 0.265729
vt 0.395943 0.277978
vt 0.395951 0.461413
vt 0.407449 0.275219
vt 0.404061 0.263124
vt 0.418236 0.271239
vt 0.415761 0.258375
vt 0.421107 0.270755
vt 0.420828 0.257657
vt 0.480595 0.265686
vt 0.326845 0.414942
vt 0.507751 0.364634
vt 0.503703 0.324883
vt 0.478841 0.277794
vt 0.496657 0.279071
vt 0.503290 0.285497
vt 0.503061 0.267217
vt 0.515812 0.279686
vt 0.516721 0.324347
vt 0.522296 0.364616
vt 0.522302 0.374830
vt 0.507731 0.374811
vt 0.516721 0.415099
vt 0.503703 0.414563
vt 0.407379 0.464206
vt 0.393588 0.473718
vt 0.404060 0.476323
vt 0.384490 0.460699
vt 0.383455 0.472950
vt 0.367924 0.461436
vt 0.368034 0.473464
vt 0.418195 0.468195
vt 0.415761 0.481071
vt 0.421005 0.468695
vt 0.420828 0.481790
vt 0.480595 0.473761
vt 0.478686 0.461668
vt 0.503270 0.454056
vt 0.496527 0.460407
vt 0.503061 0.472230
vt 0.515812 0.459760
vt 0.333287 0.459942
vt 0.326541 0.471667
vt 0.326830 0.453897
vt 0.314614 0.459138
vt 0.298460 0.326368
vt 0.306615 0.329294
vt 0.305871 0.278773
vt 0.308478 0.263707
vt 0.301106 0.263788
vt 0.297912 0.275677
vt 0.262512 0.265391
vt 0.293731 0.368419
vt 0.302422 0.371139
vt 0.260007 0.278006
vt 0.259262 0.326368
vt 0.220547 0.282199
vt 0.220833 0.269730
vt 0.219944 0.326860
vt 0.211431 0.288010
vt 0.211431 0.327396
vt 0.254719 0.368419
vt 0.216950 0.367129
vt 0.216959 0.377343
vt 0.293731 0.376053
vt 0.302419 0.373464
vt 0.254719 0.376053
vt 0.306615 0.415178
vt 0.219944 0.417612
vt 0.298460 0.418104
vt 0.259262 0.418104
vt 0.305871 0.465699
vt 0.220547 0.462273
vt 0.211431 0.456568
vt 0.211431 0.417076
vt 0.260007 0.466466
vt 0.262512 0.479081
vt 0.220834 0.474742
vt 0.297912 0.468795
vt 0.301106 0.480684
vt 0.308478 0.477868
vt 0.205296 0.416960
vt 0.197788 0.416764
vt 0.203627 0.462316
vt 0.197790 0.324014
vt 0.205295 0.323758
vt 0.203621 0.278397
vt 0.196087 0.276412
vt 0.202329 0.267002
vt 0.195290 0.263707
vt 0.176186 0.265009
vt 0.176558 0.277744
vt 0.120958 0.268446
vt 0.120944 0.280975
vt 0.176558 0.323925
vt 0.120967 0.324927
vt 0.111279 0.286215
vt 0.111279 0.325171
vt 0.120967 0.415851
vt 0.111279 0.415608
vt 0.111279 0.454660
vt 0.120944 0.459804
vt 0.176558 0.416853
vt 0.176558 0.463034
vt 0.120959 0.472333
vt 0.176186 0.475769
vt 0.196088 0.464366
vt 0.195290 0.477071
vt 0.202329 0.475109
vt 0.666466 0.694412
vt 0.673506 0.696800
vt 0.670693 0.659029
vt 0.678348 0.657301
vt 0.692610 0.694788
vt 0.674725 0.636530
vt 0.691308 0.654133
vt 0.747837 0.686748
vt 0.747534 0.645255
vt 0.682728 0.636172
vt 0.694865 0.634279
vt 0.747864 0.629834
vt 0.682675 0.625385
vt 0.674611 0.624588
vt 0.694820 0.623222
vt 0.748114 0.619702
vt 0.693815 0.611386
vt 0.748270 0.609229
vt 0.748984 0.597528
vt 0.679331 0.614148
vt 0.671023 0.612220
vt 0.691246 0.597502
vt 0.667902 0.594391
vt 0.660001 0.593059
vt 0.691336 0.592115
vt 0.748952 0.592461
vt 0.666579 0.588938
vt 0.702154 0.529948
vt 0.747820 0.532695
vt 0.748115 0.510229
vt 0.706436 0.505047
vt 0.669022 0.525638
vt 0.667843 0.497903
vt 0.660470 0.499116
vt 0.661686 0.526093
vt 0.658984 0.588446
vt 0.831910 0.696800
vt 0.838950 0.694412
vt 0.834723 0.659029
vt 0.826928 0.657267
vt 0.812806 0.694788
vt 0.830691 0.636530
vt 0.814107 0.654133
vt 0.757578 0.686748
vt 0.757881 0.645255
vt 0.822688 0.636172
vt 0.810551 0.634279
vt 0.757552 0.629834
vt 0.822752 0.625387
vt 0.830805 0.624588
vt 0.810596 0.623222
vt 0.757302 0.619702
vt 0.811601 0.611387
vt 0.757148 0.609229
vt 0.826107 0.614152
vt 0.756432 0.597528
vt 0.814170 0.597502
vt 0.837514 0.594391
vt 0.814080 0.592115
vt 0.756467 0.592461
vt 0.838837 0.588938
vt 0.803262 0.529948
vt 0.757603 0.532694
vt 0.757302 0.510229
vt 0.798980 0.505047
vt 0.836394 0.525638
vt 0.837573 0.497903
vt 0.844946 0.499116
vt 0.843730 0.526093
vt 0.846432 0.588446
vt 0.006632 0.267148
vt 0.005192 0.280019
vt 0.057809 0.277591
vt 0.060255 0.265272
vt 0.057082 0.324819
vt 0.005192 0.324819
vt 0.094825 0.275317
vt 0.097944 0.263707
vt 0.105144 0.266382
vt 0.102598 0.278340
vt 0.095360 0.324819
vt 0.103324 0.327676
vt 0.090742 0.365884
vt 0.099229 0.368540
vt 0.052646 0.365884
vt 0.004846 0.365884
vt 0.090742 0.373338
vt 0.099226 0.370810
vt 0.052646 0.373338
vt 0.004846 0.373338
vt 0.103324 0.411546
vt 0.005192 0.414403
vt 0.057082 0.414403
vt 0.005192 0.459204
vt 0.095360 0.414403
vt 0.102598 0.460882
vt 0.057809 0.461631
vt 0.006632 0.472075
vt 0.060255 0.473950
vt 0.094825 0.463906
vt 0.105144 0.473758
vt 0.097944 0.475515
vt 0.663612 0.885007
vt 0.669444 0.886398
vt 0.661812 0.851388
vt 0.667532 0.848851
vt 0.684051 0.882222
vt 0.677181 0.844332
vt 0.667904 0.828553
vt 0.677095 0.825325
vt 0.666310 0.818464
vt 0.675468 0.814983
vt 0.662084 0.808350
vt 0.672980 0.804028
vt 0.668977 0.791342
vt 0.650327 0.791232
vt 0.668272 0.786290
vt 0.648511 0.786287
vt 0.667754 0.726814
vt 0.641299 0.726756
vt 0.667507 0.702997
vt 0.636386 0.700942
vt 0.630721 0.704862
vt 0.635645 0.728086
vt 0.642518 0.786738
vt 0.585862 0.886398
vt 0.591695 0.885007
vt 0.593494 0.851388
vt 0.587671 0.848803
vt 0.571256 0.882222
vt 0.578125 0.844332
vt 0.587402 0.828553
vt 0.578211 0.825325
vt 0.589005 0.818467
vt 0.579839 0.814983
vt 0.593239 0.808356
vt 0.582327 0.804028
vt 0.586329 0.791342
vt 0.604979 0.791232
vt 0.587035 0.786290
vt 0.606796 0.786287
vt 0.587552 0.726814
vt 0.614007 0.726756
vt 0.587799 0.702997
vt 0.618920 0.700942
vt 0.624586 0.704862
vt 0.619662 0.728086
vt 0.612789 0.786738
vt 0.192143 0.676775
vt 0.197596 0.678786
vt 0.195727 0.630789
vt 0.197136 0.690043
vt 0.191471 0.690005
vt 0.228257 0.676581
vt 0.228257 0.688525
vt 0.189945 0.628019
vt 0.228257 0.630789
vt 0.189345 0.588398
vt 0.195555 0.590973
vt 0.229115 0.590973
vt 0.195555 0.583745
vt 0.229115 0.583745
vt 0.189286 0.586197
vt 0.228257 0.543930
vt 0.195727 0.543930
vt 0.189945 0.546699
vt 0.228257 0.498138
vt 0.192143 0.497943
vt 0.197596 0.495932
vt 0.197136 0.484675
vt 0.228257 0.486193
vt 0.191471 0.484713
vt 0.523092 0.696958
vt 0.524706 0.684663
vt 0.463507 0.686981
vt 0.463507 0.698750
vt 0.432844 0.700245
vt 0.463507 0.641864
vt 0.524706 0.641864
vt 0.433297 0.689154
vt 0.427918 0.687777
vt 0.427269 0.698886
vt 0.431456 0.641864
vt 0.425758 0.639135
vt 0.425167 0.600098
vt 0.431286 0.602635
vt 0.464351 0.602635
vt 0.525094 0.602635
vt 0.431286 0.595514
vt 0.425110 0.597929
vt 0.464351 0.595514
vt 0.525094 0.595514
vt 0.524706 0.556284
vt 0.463507 0.556284
vt 0.524706 0.513486
vt 0.431456 0.556284
vt 0.425758 0.559013
vt 0.463507 0.511167
vt 0.523092 0.501190
vt 0.463507 0.499399
vt 0.427834 0.509402
vt 0.432844 0.497903
vt 0.433297 0.508994
vt 0.427352 0.498336
vt 0.301784 0.696655
vt 0.358561 0.720877
vt 0.361369 0.699661
vt 0.302027 0.720121
vt 0.350893 0.778808
vt 0.275962 0.720063
vt 0.271121 0.694630
vt 0.265546 0.695925
vt 0.270391 0.721314
vt 0.283067 0.778717
vt 0.277162 0.779162
vt 0.279699 0.783682
vt 0.284857 0.783589
vt 0.302537 0.778720
vt 0.303232 0.783698
vt 0.296440 0.800455
vt 0.350244 0.783715
vt 0.307176 0.796197
vt 0.348791 0.794686
vt 0.347477 0.804615
vt 0.309627 0.806990
vt 0.346194 0.814308
vt 0.300604 0.810420
vt 0.311230 0.817180
vt 0.344040 0.830582
vt 0.311315 0.835907
vt 0.338908 0.869357
vt 0.318084 0.873239
vt 0.302175 0.820361
vt 0.301808 0.840360
vt 0.303693 0.877353
vt 0.296078 0.821637
vt 0.294296 0.810640
vt 0.296173 0.842859
vt 0.297946 0.875983
vt 0.900219 0.501593
vt 0.951337 0.525885
vt 0.953842 0.503580
vt 0.896037 0.525910
vt 0.944497 0.586790
vt 0.863682 0.521701
vt 0.862530 0.494617
vt 0.855330 0.495801
vt 0.856518 0.522145
vt 0.861297 0.583516
vt 0.853879 0.583035
vt 0.885473 0.586618
vt 0.943918 0.591948
vt 0.862588 0.588841
vt 0.885385 0.591879
vt 0.887894 0.605438
vt 0.942622 0.603483
vt 0.873749 0.608135
vt 0.865636 0.606252
vt 0.854873 0.587942
vt 0.941450 0.613921
vt 0.877015 0.619108
vt 0.888875 0.616996
vt 0.940305 0.624111
vt 0.888919 0.627793
vt 0.938384 0.641220
vt 0.885446 0.647182
vt 0.933805 0.681986
vt 0.886716 0.686883
vt 0.877066 0.629643
vt 0.872789 0.650275
vt 0.868060 0.688849
vt 0.869251 0.629992
vt 0.869140 0.618330
vt 0.865314 0.651964
vt 0.861186 0.686516
vt 0.955850 0.724133
vt 0.951669 0.699816
vt 0.900550 0.724109
vt 0.898045 0.701803
vt 0.907390 0.785013
vt 0.988206 0.719924
vt 0.989357 0.692840
vt 0.996557 0.694024
vt 0.995370 0.720369
vt 0.990591 0.781739
vt 0.998008 0.781259
vt 0.966415 0.784842
vt 0.907970 0.790172
vt 0.989299 0.787065
vt 0.997015 0.786440
vt 0.986252 0.804475
vt 0.978160 0.806362
vt 0.966502 0.790102
vt 0.963994 0.803662
vt 0.909265 0.801706
vt 0.910438 0.812145
vt 0.974883 0.817333
vt 0.963012 0.815219
vt 0.911582 0.822334
vt 0.962969 0.826017
vt 0.913504 0.839444
vt 0.982636 0.828216
vt 0.982747 0.816554
vt 0.974821 0.827866
vt 0.966442 0.845405
vt 0.918082 0.880209
vt 0.965171 0.885107
vt 0.978962 0.848465
vt 0.986573 0.850187
vt 0.983827 0.887072
vt 0.990701 0.884739
vt 0.505535 0.706261
vt 0.562312 0.730484
vt 0.565120 0.709267
vt 0.505778 0.729727
vt 0.554644 0.788415
vt 0.479713 0.729670
vt 0.474872 0.704237
vt 0.469380 0.706227
vt 0.474142 0.730957
vt 0.486818 0.788324
vt 0.506288 0.788327
vt 0.488608 0.793196
vt 0.506983 0.793304
vt 0.553995 0.793321
vt 0.500191 0.810062
vt 0.510927 0.805803
vt 0.552542 0.804293
vt 0.551228 0.814222
vt 0.513378 0.816597
vt 0.504355 0.820027
vt 0.549945 0.823914
vt 0.514981 0.826787
vt 0.505926 0.829967
vt 0.547791 0.840188
vt 0.515066 0.845514
vt 0.542659 0.878964
vt 0.505559 0.849967
vt 0.521835 0.882846
vt 0.507444 0.886960
vt 0.499924 0.852466
vt 0.501697 0.885589
vt 0.223013 0.720121
vt 0.223256 0.696655
vt 0.166479 0.720877
vt 0.163670 0.699661
vt 0.174147 0.778808
vt 0.249078 0.720063
vt 0.253919 0.694630
vt 0.259410 0.695603
vt 0.254649 0.722370
vt 0.247877 0.777329
vt 0.241973 0.778717
vt 0.222502 0.778720
vt 0.240183 0.783589
vt 0.221807 0.783698
vt 0.174796 0.783715
vt 0.235256 0.799659
vt 0.246734 0.783059
vt 0.228616 0.800462
vt 0.217864 0.796197
vt 0.176248 0.794686
vt 0.177563 0.804615
vt 0.215412 0.806990
vt 0.178846 0.814308
vt 0.224444 0.810424
vt 0.213809 0.817180
vt 0.181000 0.830582
vt 0.228962 0.821637
vt 0.230744 0.810640
vt 0.222865 0.820361
vt 0.213724 0.835907
vt 0.186132 0.869357
vt 0.206956 0.873239
vt 0.223129 0.840312
vt 0.228867 0.842859
vt 0.221347 0.877353
vt 0.227094 0.875983
vt 0.426847 0.729727
vt 0.427090 0.706261
vt 0.370313 0.730483
vt 0.367505 0.709267
vt 0.377981 0.788415
vt 0.452912 0.729670
vt 0.457753 0.704237
vt 0.463245 0.706227
vt 0.458483 0.730957
vt 0.445807 0.788324
vt 0.451712 0.788768
vt 0.426337 0.788327
vt 0.444017 0.793196
vt 0.425642 0.793304
vt 0.378631 0.793321
vt 0.432450 0.810068
vt 0.421698 0.805803
vt 0.380083 0.804293
vt 0.381397 0.814222
vt 0.419247 0.816597
vt 0.428278 0.820030
vt 0.382680 0.823914
vt 0.417644 0.826787
vt 0.426699 0.829967
vt 0.384834 0.840188
vt 0.417559 0.845514
vt 0.389967 0.878963
vt 0.426964 0.849919
vt 0.410791 0.882846
vt 0.425182 0.886960
vt 0.432701 0.852466
vt 0.430928 0.885589
vt 0.540260 0.509933
vt 0.533589 0.511874
vt 0.538951 0.555005
vt 0.533606 0.501023
vt 0.539438 0.497903
vt 0.554044 0.499137
vt 0.555192 0.511194
vt 0.555192 0.554921
vt 0.532302 0.554820
vt 0.555192 0.642909
vt 0.538949 0.642826
vt 0.532303 0.643068
vt 0.555192 0.686636
vt 0.533591 0.686018
vt 0.540260 0.687897
vt 0.554044 0.698694
vt 0.533606 0.696808
vt 0.539438 0.699927
vt 0.839188 0.707651
vt 0.889447 0.731535
vt 0.891910 0.709605
vt 0.835076 0.731559
vt 0.882721 0.791415
vt 0.803265 0.727421
vt 0.802133 0.700792
vt 0.800920 0.788196
vt 0.824690 0.791247
vt 0.882152 0.796487
vt 0.802189 0.793432
vt 0.824603 0.796419
vt 0.827070 0.809750
vt 0.880878 0.807828
vt 0.813163 0.812401
vt 0.805186 0.810550
vt 0.794604 0.792645
vt 0.816374 0.823190
vt 0.879725 0.818091
vt 0.828034 0.821113
vt 0.878600 0.828109
vt 0.828077 0.831730
vt 0.816424 0.833548
vt 0.876711 0.844931
vt 0.824663 0.850792
vt 0.872209 0.885011
vt 0.825912 0.889826
vt 0.812219 0.853834
vt 0.808741 0.833891
vt 0.807570 0.891758
vt 0.804870 0.855494
vt 0.800811 0.889465
vt 0.415900 0.684837
vt 0.417513 0.672541
vt 0.356314 0.674860
vt 0.356314 0.686628
vt 0.325652 0.688124
vt 0.356314 0.629743
vt 0.417513 0.629743
vt 0.326105 0.677033
vt 0.320642 0.674145
vt 0.320160 0.685021
vt 0.324263 0.629743
vt 0.318566 0.627014
vt 0.317975 0.587976
vt 0.324094 0.590513
vt 0.357159 0.590513
vt 0.417901 0.590513
vt 0.324094 0.583392
vt 0.317917 0.585807
vt 0.357159 0.583392
vt 0.417901 0.583392
vt 0.417513 0.544163
vt 0.356314 0.544163
vt 0.417513 0.501364
vt 0.324263 0.544163
vt 0.318566 0.546892
vt 0.320642 0.499761
vt 0.356314 0.499046
vt 0.415900 0.489069
vt 0.356314 0.487277
vt 0.325652 0.485782
vt 0.326105 0.496873
vt 0.320160 0.486200
vt 0.652506 0.499543
vt 0.631682 0.499118
vt 0.632812 0.510999
vt 0.650893 0.511839
vt 0.618101 0.509756
vt 0.617291 0.497903
vt 0.611545 0.499815
vt 0.611528 0.511668
vt 0.616811 0.554163
vt 0.610260 0.553981
vt 0.632812 0.554081
vt 0.650893 0.554637
vt 0.632812 0.640773
vt 0.650893 0.640217
vt 0.650893 0.683015
vt 0.616809 0.640691
vt 0.610261 0.640929
vt 0.611530 0.683246
vt 0.632812 0.683856
vt 0.652506 0.695311
vt 0.631682 0.695736
vt 0.618101 0.685098
vt 0.617291 0.696951
vt 0.611545 0.696457
vt 0.085799 0.484446
vt 0.084383 0.497100
vt 0.136116 0.494714
vt 0.138521 0.482602
vt 0.135401 0.541148
vt 0.084383 0.541148
vt 0.172509 0.492478
vt 0.175576 0.481063
vt 0.182654 0.486529
vt 0.180151 0.495450
vt 0.173035 0.541148
vt 0.180865 0.543957
vt 0.168495 0.581522
vt 0.176839 0.584134
vt 0.131039 0.581522
vt 0.084043 0.581522
vt 0.168495 0.588851
vt 0.176836 0.586366
vt 0.131039 0.588851
vt 0.084043 0.588851
vt 0.180865 0.626417
vt 0.084383 0.629225
vt 0.135401 0.629225
vt 0.084383 0.673273
vt 0.173035 0.629225
vt 0.180151 0.674923
vt 0.136116 0.675659
vt 0.085799 0.685928
vt 0.138521 0.687771
vt 0.172509 0.677896
vt 0.182654 0.686607
vt 0.175576 0.689311
vt 0.747020 0.731559
vt 0.742908 0.707651
vt 0.692649 0.731535
vt 0.690186 0.709605
vt 0.699374 0.791415
vt 0.778831 0.727421
vt 0.779963 0.700792
vt 0.787042 0.701956
vt 0.785874 0.727858
vt 0.781176 0.788196
vt 0.788469 0.787724
vt 0.757406 0.791247
vt 0.699944 0.796487
vt 0.779906 0.793432
vt 0.757492 0.796419
vt 0.768954 0.812405
vt 0.755026 0.809750
vt 0.701218 0.807828
vt 0.765733 0.823192
vt 0.702370 0.818091
vt 0.754061 0.821113
vt 0.703496 0.828109
vt 0.754018 0.831730
vt 0.765671 0.833548
vt 0.705385 0.844931
vt 0.757433 0.850792
vt 0.709886 0.885011
vt 0.756183 0.889826
vt 0.769743 0.853801
vt 0.773355 0.833891
vt 0.774526 0.891758
vt 0.777226 0.855494
vt 0.781284 0.889465
vt 0.049081 0.686595
vt 0.049444 0.674159
vt 0.003431 0.673280
vt 0.001992 0.686150
vt 0.049444 0.629061
vt 0.003431 0.628479
vt 0.068516 0.675460
vt 0.067737 0.687867
vt 0.074611 0.685838
vt 0.075878 0.673458
vt 0.070176 0.628975
vt 0.077508 0.629165
vt 0.049444 0.538313
vt 0.003431 0.538895
vt 0.003431 0.494094
vt 0.070178 0.538399
vt 0.077507 0.538150
vt 0.075873 0.493853
vt 0.049444 0.493215
vt 0.068516 0.491914
vt 0.074611 0.482725
vt 0.067737 0.479507
vt 0.049081 0.480779
vt 0.001992 0.481223
vt 0.603782 0.499543
vt 0.582958 0.499118
vt 0.584089 0.510999
vt 0.602169 0.511839
vt 0.569377 0.509756
vt 0.568567 0.497903
vt 0.562821 0.500977
vt 0.562804 0.511668
vt 0.568087 0.554163
vt 0.561536 0.553981
vt 0.584089 0.554081
vt 0.602169 0.554637
vt 0.584089 0.640773
vt 0.602169 0.640217
vt 0.602169 0.683015
vt 0.568085 0.640691
vt 0.561537 0.640929
vt 0.562806 0.683246
vt 0.584089 0.683856
vt 0.603782 0.695311
vt 0.582958 0.695736
vt 0.569377 0.685098
vt 0.568567 0.696951
vt 0.562821 0.693877
vt 0.282358 0.689388
vt 0.282715 0.677161
vt 0.237476 0.676297
vt 0.236061 0.688951
vt 0.282715 0.632821
vt 0.237476 0.632249
vt 0.301466 0.678440
vt 0.300701 0.690639
vt 0.307459 0.687475
vt 0.308705 0.676472
vt 0.303099 0.632737
vt 0.310307 0.632924
vt 0.282715 0.543599
vt 0.237476 0.544172
vt 0.237476 0.500124
vt 0.303101 0.543684
vt 0.310307 0.543439
vt 0.308700 0.499886
vt 0.282715 0.499259
vt 0.301466 0.497981
vt 0.307459 0.488945
vt 0.300701 0.485782
vt 0.282358 0.487032
vt 0.236061 0.487469
vt 0.594655 0.012933
vt 0.583868 0.016981
vt 0.584634 0.021698
vt 0.577243 0.031442
vt 0.587904 0.028990
vt 0.573169 0.024335
vt 0.573512 0.019161
vt 0.557157 0.032077
vt 0.551566 0.025018
vt 0.525569 0.033307
vt 0.517595 0.026340
vt 0.510977 0.037281
vt 0.519416 0.043480
vt 0.510864 0.080834
vt 0.519310 0.083976
vt 0.510866 0.170319
vt 0.519313 0.167181
vt 0.519403 0.207673
vt 0.510964 0.213867
vt 0.525569 0.217904
vt 0.517595 0.224870
vt 0.551566 0.226193
vt 0.557157 0.219134
vt 0.573169 0.226876
vt 0.577243 0.219769
vt 0.584634 0.229513
vt 0.587904 0.222221
vt 0.583870 0.234228
vt 0.573512 0.232050
vt 0.594659 0.238274
vt 0.596510 0.233768
vt 0.598946 0.226177
vt 0.615421 0.235767
vt 0.614415 0.244081
vt 0.619336 0.243966
vt 0.620170 0.235660
vt 0.679202 0.225984
vt 0.618864 0.249431
vt 0.613628 0.249289
vt 0.679639 0.231483
vt 0.706268 0.229729
vt 0.705104 0.224263
vt 0.699919 0.217339
vt 0.715394 0.215342
vt 0.675835 0.218940
vt 0.709487 0.209044
vt 0.725575 0.166835
vt 0.718954 0.163942
vt 0.742941 0.126585
vt 0.751374 0.126658
vt 0.743318 0.124509
vt 0.751778 0.124426
vt 0.725575 0.084375
vt 0.718954 0.087269
vt 0.709487 0.042166
vt 0.715394 0.035869
vt 0.699919 0.033871
vt 0.705104 0.024185
vt 0.679202 0.022464
vt 0.675835 0.032271
vt 0.620170 0.015551
vt 0.619336 0.007245
vt 0.616312 0.015444
vt 0.615306 0.007129
vt 0.618864 0.001780
vt 0.613628 0.001922
vt 0.596510 0.017443
vt 0.598946 0.025034
vt 0.334481 0.022039
vt 0.322819 0.023117
vt 0.326963 0.031949
vt 0.337806 0.029455
vt 0.344672 0.013124
vt 0.333702 0.017241
vt 0.346560 0.017710
vt 0.349037 0.025431
vt 0.365618 0.015678
vt 0.364595 0.007221
vt 0.369776 0.007338
vt 0.370624 0.015787
vt 0.369296 0.001780
vt 0.363970 0.001925
vt 0.430666 0.021825
vt 0.427241 0.032792
vt 0.451737 0.034420
vt 0.457010 0.023575
vt 0.467477 0.036452
vt 0.461469 0.042857
vt 0.477832 0.085788
vt 0.471097 0.088731
vt 0.495878 0.126608
vt 0.504483 0.126524
vt 0.504071 0.128794
vt 0.495495 0.128719
vt 0.477832 0.169658
vt 0.471097 0.166715
vt 0.461469 0.212588
vt 0.467477 0.218994
vt 0.451737 0.221025
vt 0.457010 0.230952
vt 0.430666 0.232703
vt 0.427241 0.222653
vt 0.370624 0.239659
vt 0.369776 0.248107
vt 0.365893 0.239768
vt 0.364870 0.248224
vt 0.346560 0.237735
vt 0.369296 0.253665
vt 0.363970 0.253521
vt 0.780759 0.280630
vt 0.811558 0.279435
vt 0.806229 0.272576
vt 0.773106 0.273861
vt 0.766597 0.284492
vt 0.774707 0.290515
vt 0.766291 0.326809
vt 0.774421 0.329862
vt 0.766293 0.413757
vt 0.774424 0.410708
vt 0.774694 0.450052
vt 0.766584 0.456070
vt 0.780759 0.459992
vt 0.773106 0.466761
vt 0.806229 0.468046
vt 0.811558 0.461187
vt 0.827451 0.468710
vt 0.808729 0.471367
vt 0.828728 0.473737
vt 0.831290 0.461804
vt 0.838668 0.475854
vt 0.838449 0.471272
vt 0.841516 0.464187
vt 0.848634 0.479784
vt 0.851726 0.468031
vt 0.849429 0.475407
vt 0.865499 0.490487
vt 0.868708 0.477348
vt 0.867693 0.485427
vt 0.870371 0.490625
vt 0.869927 0.485315
vt 0.334481 0.233407
vt 0.333703 0.238203
vt 0.344677 0.242318
vt 0.337806 0.225990
vt 0.326963 0.223496
vt 0.349037 0.230014
vt 0.322819 0.232261
vt 0.306533 0.222851
vt 0.300848 0.232755
vt 0.274406 0.221600
vt 0.266295 0.229874
vt 0.259550 0.217494
vt 0.268134 0.211194
vt 0.259451 0.173201
vt 0.268042 0.170009
vt 0.268040 0.085381
vt 0.259449 0.082185
vt 0.268147 0.044193
vt 0.259564 0.037889
vt 0.274406 0.033846
vt 0.266295 0.026760
vt 0.300848 0.023812
vt 0.306533 0.032595
vt 0.929025 0.473186
vt 0.927738 0.470052
vt 0.870785 0.477244
vt 0.924539 0.460999
vt 0.947534 0.459444
vt 0.952468 0.468380
vt 0.962659 0.457503
vt 0.957009 0.451384
vt 0.972348 0.410372
vt 0.966018 0.407561
vt 0.989516 0.371263
vt 0.997619 0.371334
vt 0.989877 0.369246
vt 0.998008 0.369166
vt 0.972348 0.330250
vt 0.966018 0.333062
vt 0.957009 0.289238
vt 0.962659 0.283119
vt 0.947534 0.281179
vt 0.952468 0.269559
vt 0.927738 0.267886
vt 0.924539 0.279624
vt 0.870785 0.263378
vt 0.869927 0.255307
vt 0.868708 0.263274
vt 0.867693 0.255195
vt 0.870371 0.249997
vt 0.865499 0.250135
vt 0.849429 0.265216
vt 0.851726 0.272591
vt 0.848627 0.260834
vt 0.838449 0.269350
vt 0.841516 0.276436
vt 0.838665 0.264767
vt 0.831290 0.278818
vt 0.827451 0.271913
vt 0.828728 0.266886
vt 0.808776 0.269268
vt 0.613794 0.478831
vt 0.610781 0.483209
vt 0.627646 0.493912
vt 0.627554 0.488852
vt 0.600596 0.474697
vt 0.600815 0.479278
vt 0.630855 0.480773
vt 0.613873 0.471456
vt 0.632932 0.480669
vt 0.603663 0.467611
vt 0.632074 0.491720
vt 0.593437 0.465229
vt 0.689922 0.475589
vt 0.589599 0.474696
vt 0.686686 0.464424
vt 0.573705 0.464612
vt 0.709681 0.462869
vt 0.568377 0.475195
vt 0.715311 0.473548
vt 0.542906 0.463417
vt 0.728355 0.462439
vt 0.535253 0.471348
vt 0.719156 0.454809
vt 0.528731 0.459495
vt 0.734496 0.413797
vt 0.536841 0.453476
vt 0.728165 0.410985
vt 0.528440 0.417182
vt 0.751663 0.374687
vt 0.536571 0.414133
vt 0.759766 0.374759
vt 0.536569 0.333287
vt 0.752024 0.372671
vt 0.528438 0.330234
vt 0.760155 0.372591
vt 0.536854 0.293940
vt 0.734496 0.333675
vt 0.528744 0.287917
vt 0.728165 0.336487
vt 0.542906 0.284055
vt 0.719156 0.292663
vt 0.535253 0.274706
vt 0.728475 0.284064
vt 0.568377 0.273421
vt 0.709681 0.284603
vt 0.573705 0.282860
vt 0.715633 0.272998
vt 0.589599 0.272757
vt 0.688866 0.271324
vt 0.593437 0.282243
vt 0.686686 0.283048
vt 0.632932 0.266803
vt 0.633907 0.258732
vt 0.600596 0.272775
vt 0.630855 0.266699
vt 0.603663 0.279861
vt 0.613873 0.276016
vt 0.611576 0.268641
vt 0.610774 0.264259
vt 0.600812 0.268192
vt 0.628177 0.258620
vt 0.632518 0.253422
vt 0.627646 0.253560
vt 0.114477 0.259715
vt 0.114969 0.254024
vt 0.110356 0.254144
vt 0.109024 0.259567
vt 0.111404 0.245484
vt 0.091195 0.243402
vt 0.115838 0.245372
vt 0.093732 0.235496
vt 0.177322 0.241069
vt 0.082232 0.231375
vt 0.173815 0.227958
vt 0.078827 0.240986
vt 0.198898 0.226291
vt 0.071128 0.228821
vt 0.204299 0.239277
vt 0.066885 0.238240
vt 0.215017 0.224211
vt 0.050207 0.228160
vt 0.208864 0.217652
vt 0.044385 0.236845
vt 0.225620 0.173690
vt 0.017309 0.226879
vt 0.218724 0.170676
vt 0.009003 0.235467
vt 0.243708 0.131768
vt 0.002096 0.222675
vt 0.252490 0.131845
vt 0.010886 0.216223
vt 0.244100 0.129606
vt 0.001995 0.177318
vt 0.252912 0.129520
vt 0.010792 0.174050
vt 0.225620 0.087805
vt 0.010789 0.087389
vt 0.218724 0.090819
vt 0.001992 0.084117
vt 0.208864 0.043844
vt 0.010899 0.045212
vt 0.215017 0.037284
vt 0.002110 0.038756
vt 0.198898 0.035204
vt 0.017309 0.034616
vt 0.204299 0.025115
vt 0.009003 0.027360
vt 0.177322 0.023323
vt 0.044385 0.024576
vt 0.173815 0.033537
vt 0.050207 0.033335
vt 0.115838 0.016123
vt 0.066885 0.023865
vt 0.114969 0.007472
vt 0.071128 0.032674
vt 0.111467 0.016012
vt 0.078827 0.022525
vt 0.082232 0.030120
vt 0.110419 0.007352
vt 0.114477 0.001780
vt 0.109024 0.001928
vt 0.091195 0.018093
vt 0.093732 0.025999
vt 0.089263 0.013397
vt 0.078028 0.017612
vt 0.798917 0.223090
vt 0.801453 0.226459
vt 0.820456 0.223763
vt 0.821751 0.228865
vt 0.831841 0.231014
vt 0.804324 0.216128
vt 0.773065 0.214915
vt 0.765298 0.221785
vt 0.824352 0.216754
vt 0.758678 0.210934
vt 0.766910 0.204826
vt 0.758383 0.167988
vt 0.766635 0.164894
vt 0.766633 0.082839
vt 0.758381 0.079740
vt 0.766922 0.042903
vt 0.758692 0.036791
vt 0.773065 0.032871
vt 0.765298 0.026001
vt 0.798917 0.024696
vt 0.804324 0.031658
vt 0.820456 0.024023
vt 0.801502 0.021339
vt 0.821751 0.018921
vt 0.824352 0.031032
vt 0.831837 0.016770
vt 0.831618 0.021422
vt 0.834731 0.028614
vt 0.841948 0.012779
vt 0.845093 0.024712
vt 0.842762 0.017226
vt 0.859073 0.001920
vt 0.862329 0.015255
vt 0.861300 0.007056
vt 0.864017 0.001780
vt 0.864437 0.015361
vt 0.863567 0.006286
vt 0.922218 0.020634
vt 0.918995 0.031849
vt 0.942334 0.033427
vt 0.945443 0.021247
vt 0.959609 0.034477
vt 0.951951 0.041608
vt 0.967520 0.083233
vt 0.961095 0.086086
vt 0.985311 0.122812
vt 0.993563 0.122730
vt 0.993168 0.124932
vt 0.984944 0.124859
vt 0.967520 0.164553
vt 0.961095 0.161699
vt 0.951951 0.206178
vt 0.959609 0.213309
vt 0.942334 0.214358
vt 0.945443 0.226539
vt 0.922218 0.227151
vt 0.918995 0.215937
vt 0.864437 0.232425
vt 0.863567 0.241500
vt 0.861300 0.240730
vt 0.864017 0.246006
vt 0.862329 0.232531
vt 0.859073 0.245866
vt 0.842762 0.230560
vt 0.845093 0.223074
vt 0.841955 0.235003
vt 0.831618 0.226363
vt 0.834731 0.219172
s 1
usemtl Leftarmplate1Mtl
f 702/646/544 703/647/545 704/648/546
f 702/646/544 705/649/547 703/647/545
f 706/650/548 705/649/547 702/646/544
f 703/647/545 705/649/547 707/651/549
f 708/652/545 704/648/546 703/647/545
f 707/651/549 708/652/545 703/647/545
f 708/652/545 709/653/550 704/648/546
f 710/654/551 709/653/550 708/652/545
f 710/654/551 708/652/545 707/651/549
f 711/655/552 709/653/550 710/654/551
f 712/656/553 710/654/551 707/651/549
f 710/654/551 712/656/553 711/655/552
f 713/657/551 712/656/553 707/651/549
f 711/655/552 712/656/553 714/658/553
f 714/658/553 715/659/554 711/655/552
f 715/659/554 714/658/553 716/660/551
f 716/660/551 717/661/554 715/659/554
f 717/661/554 716/660/551 718/662/555
f 718/662/555 716/660/551 714/658/553
f 718/662/555 719/663/556 717/661/554
f 720/664/557 719/663/556 718/662/555
f 707/651/549 721/665/549 713/657/551
f 714/658/553 712/656/553 722/666/558
f 718/662/555 714/658/553 723/667/558
f 722/666/558 723/667/558 714/658/553
f 718/662/555 724/668/545 720/664/557
f 723/667/558 724/668/545 718/662/555
f 720/664/557 724/668/545 725/669/545
f 723/667/558 726/670/559 724/668/545
f 726/670/559 725/669/545 724/668/545
f 725/669/545 727/671/560 720/664/557
f 727/671/560 725/669/545 726/670/559
f 726/670/559 728/672/561 727/671/560
f 729/673/562 723/667/558 722/666/558
f 722/666/558 730/674/563 729/673/562
f 731/675/564 730/674/563 722/666/558
f 731/675/564 722/666/558 732/676/558
f 732/676/558 722/666/558 712/656/553
f 733/677/565 731/675/564 732/676/558
f 732/676/558 712/656/553 713/657/551
f 732/676/558 734/678/559 733/677/565
f 713/657/551 735/679/566 732/676/558
f 735/679/566 734/678/559 732/676/558
f 736/680/567 735/679/566 713/657/551
f 736/680/567 737/681/568 735/679/566
f 736/680/567 713/657/551 738/682/569
f 738/682/569 739/683/570 736/680/567
f 721/665/549 738/682/569 713/657/551
f 739/683/570 738/682/569 740/684/571
f 721/665/549 740/684/571 738/682/569
f 740/684/571 741/685/572 739/683/570
f 737/681/568 742/686/551 735/679/566
f 737/681/568 743/687/568 742/686/551
f 735/679/566 742/686/551 744/688/571
f 744/688/571 742/686/551 743/687/568
f 734/678/559 735/679/566 744/688/571
f 743/687/568 745/689/573 744/688/571
f 744/688/571 745/689/573 746/690/574
f 744/688/571 747/691/571 734/678/559
f 746/690/574 747/691/571 744/688/571
f 748/692/575 734/678/559 747/691/571
f 749/693/571 747/691/571 746/690/574
f 747/691/571 749/693/571 748/692/575
f 750/694/576 749/693/571 746/690/574
f 748/692/575 749/693/571 750/694/576
f 751/695/577 748/692/575 750/694/576
f 741/685/572 740/684/571 752/696/569
f 752/696/569 740/684/571 721/665/549
f 752/696/569 753/697/578 741/685/572
f 721/665/549 754/698/549 752/696/569
f 753/697/578 752/696/569 754/698/549
f 754/698/549 755/699/579 753/697/578
f 756/700/580 757/701/581 758/702/582
f 758/702/582 759/703/583 760/704/584
f 760/704/584 761/705/585 758/702/582
f 758/702/582 761/705/585 756/700/580
f 761/705/585 760/704/584 762/706/586
f 757/701/581 756/700/580 763/707/587
f 763/707/587 764/708/588 757/701/581
f 756/700/580 761/705/585 765/709/589
f 762/706/586 765/709/589 761/705/585
f 763/707/587 756/700/580 766/710/590
f 756/700/580 765/709/589 766/710/590
f 762/706/586 767/711/561 765/709/589
f 766/710/590 765/709/589 767/711/561
f 768/712/591 767/711/561 762/706/586
f 767/711/561 769/713/562 766/710/590
f 769/713/562 767/711/561 770/714/559
f 771/715/559 769/713/562 770/714/559
f 772/716/592 766/710/590 769/713/562
f 766/710/590 772/716/592 763/707/587
f 769/713/562 773/717/563 772/716/592
f 772/716/592 773/717/563 774/718/593
f 775/719/594 763/707/587 772/716/592
f 764/708/588 763/707/587 775/719/594
f 775/719/594 776/720/595 764/708/588
f 774/718/593 777/721/596 772/716/592
f 775/719/594 772/716/592 777/721/596
f 778/722/597 776/720/595 775/719/594
f 777/721/596 774/718/593 779/723/598
f 780/724/599 778/722/597 775/719/594
f 775/719/594 777/721/596 781/725/600
f 779/723/598 781/725/600 777/721/596
f 781/725/600 780/724/599 775/719/594
f 778/722/597 780/724/599 782/726/601
f 781/725/600 779/723/598 783/727/577
f 784/728/602 783/727/577 779/723/598
f 779/723/598 785/729/559 784/728/602
f 783/727/577 786/730/603 781/725/600
f 786/730/603 780/724/599 781/725/600
f 783/727/577 787/731/604 786/730/603
f 787/731/604 783/727/577 788/732/605
f 789/733/606 780/724/599 786/730/603
f 789/733/606 786/730/603 787/731/604
f 789/733/606 782/726/601 780/724/599
f 787/731/604 790/734/607 789/733/606
f 791/735/608 782/726/601 789/733/606
f 789/733/606 790/734/607 791/735/608
f 792/736/609 793/737/610 794/738/611
f 795/739/610 793/737/610 792/736/609
f 796/740/612 795/739/610 792/736/609
f 795/739/610 796/740/612 797/741/613
f 797/741/613 798/742/614 795/739/610
f 798/742/614 797/741/613 799/743/615
f 799/743/615 800/744/616 798/742/614
f 801/745/617 798/742/614 800/744/616
f 801/745/617 802/746/618 798/742/614
f 798/742/614 802/746/618 795/739/610
f 803/747/578 802/746/618 801/745/617
f 803/747/578 804/748/619 802/746/618
f 802/746/618 805/749/620 795/739/610
f 805/749/620 802/746/618 804/748/619
f 793/737/610 795/739/610 805/749/620
f 804/748/619 806/750/621 805/749/620
f 804/748/619 807/751/549 806/750/621
f 807/751/549 808/752/549 806/750/621
f 806/750/621 808/752/549 809/753/621
f 805/749/620 806/750/621 809/753/621
f 808/752/549 810/754/549 809/753/621
f 809/753/621 810/754/549 811/755/549
f 811/755/549 812/756/622 809/753/621
f 809/753/621 813/757/620 805/749/620
f 813/757/620 809/753/621 812/756/622
f 805/749/620 813/757/620 793/737/610
f 812/756/622 814/758/623 813/757/620
f 793/737/610 813/757/620 814/758/623
f 812/756/622 815/759/624 814/758/623
f 816/760/625 814/758/623 815/759/624
f 814/758/623 817/761/626 793/737/610
f 814/758/623 816/760/625 817/761/626
f 793/737/610 817/761/626 794/738/611
f 818/762/627 817/761/626 816/760/625
f 794/738/611 817/761/626 819/763/628
f 817/761/626 818/762/627 819/763/628
f 820/764/629 821/765/627 822/766/630
f 823/767/631 822/766/630 821/765/627
f 821/765/627 824/768/625 823/767/631
f 822/766/630 823/767/631 825/769/632
f 826/770/633 823/767/631 824/768/625
f 826/770/633 824/768/625 827/771/544
f 827/771/544 828/772/634 826/770/633
f 829/773/635 823/767/631 826/770/633
f 829/773/635 825/769/632 823/767/631
f 830/774/636 826/770/633 828/772/634
f 826/770/633 830/774/636 829/773/635
f 828/772/634 831/775/637 830/774/636
f 825/769/632 829/773/635 832/776/638
f 832/776/638 829/773/635 830/774/636
f 832/776/638 833/777/639 825/769/632
f 834/778/640 830/774/636 831/775/637
f 830/774/636 834/778/640 832/776/638
f 831/775/637 835/779/552 834/778/640
f 836/780/641 834/778/640 835/779/552
f 834/778/640 836/780/641 832/776/638
f 835/779/552 837/781/554 836/780/641
f 836/780/641 837/781/554 838/782/554
f 833/777/639 832/776/638 839/783/642
f 836/780/641 839/783/642 832/776/638
f 839/783/642 840/784/643 833/777/639
f 838/782/554 841/785/644 836/780/641
f 839/783/642 836/780/641 841/785/644
f 840/784/643 839/783/642 842/786/645
f 841/785/644 842/786/645 839/783/642
f 842/786/645 843/787/646 840/784/643
f 844/788/647 841/785/644 838/782/554
f 841/785/644 844/788/647 842/786/645
f 838/782/554 845/789/648 844/788/647
f 844/788/647 846/790/649 842/786/645
f 847/791/650 844/788/647 845/789/648
f 846/790/649 844/788/647 847/791/650
f 845/789/648 848/792/557 847/791/650
f 847/791/650 848/792/557 849/793/591
f 849/793/591 850/794/651 847/791/650
f 851/795/652 847/791/650 850/794/651
f 847/791/650 851/795/652 846/790/649
f 850/794/651 852/796/653 851/795/652
f 851/795/652 852/796/653 853/797/583
f 853/797/583 854/798/654 851/795/652
f 846/790/649 851/795/652 854/798/654
f 854/798/654 855/799/655 846/790/649
f 856/800/616 857/801/656 858/802/657
f 858/802/657 859/803/658 856/800/616
f 859/803/658 860/804/617 856/800/616
f 859/803/658 858/802/657 861/805/659
f 860/804/617 859/803/658 862/806/660
f 863/807/661 860/804/617 862/806/660
f 862/806/660 864/808/572 863/807/661
f 862/806/660 859/803/658 865/809/662
f 861/805/659 865/809/662 859/803/658
f 864/808/572 862/806/660 866/810/663
f 865/809/662 866/810/663 862/806/660
f 866/810/663 867/811/664 864/808/572
f 868/812/665 865/809/662 861/805/659
f 866/810/663 865/809/662 868/812/665
f 861/805/659 869/813/666 868/812/665
f 867/811/664 866/810/663 870/814/667
f 868/812/665 870/814/667 866/810/663
f 870/814/667 871/815/567 867/811/664
f 872/816/668 870/814/667 868/812/665
f 871/815/567 870/814/667 872/816/668
f 872/816/668 873/817/568 871/815/567
f 868/812/665 874/818/669 872/816/668
f 875/819/568 873/817/568 872/816/668
f 876/820/670 872/816/668 874/818/669
f 872/816/668 876/820/670 875/819/568
f 874/818/669 877/821/671 876/820/670
f 875/819/568 876/820/670 878/822/672
f 878/822/672 876/820/670 877/821/671
f 878/822/672 879/823/573 875/819/568
f 877/821/671 880/824/673 878/822/672
f 879/823/573 878/822/672 881/825/674
f 881/825/674 878/822/672 880/824/673
f 881/825/674 882/826/574 879/823/573
f 883/827/576 882/826/574 881/825/674
f 881/825/674 884/828/675 883/827/576
f 884/828/675 881/825/674 885/829/676
f 880/824/673 885/829/676 881/825/674
f 885/829/676 886/830/677 884/828/675
f 887/831/678 886/830/677 885/829/676
f 885/829/676 888/832/679 887/831/678
f 888/832/679 885/829/676 880/824/673
f 880/824/673 889/833/680 888/832/679
f 890/834/681 891/835/682 892/836/683
f 892/836/683 893/837/684 890/834/681
f 894/838/685 892/836/683 891/835/682
f 891/835/682 895/839/686 894/838/685
f 893/837/684 892/836/683 896/840/687
f 896/840/687 897/841/688 893/837/684
f 898/842/689 897/841/688 896/840/687
f 896/840/687 899/843/690 898/842/689
f 900/844/691 896/840/687 892/836/683
f 899/843/690 896/840/687 900/844/691
f 900/844/691 892/836/683 894/838/685
f 900/844/691 901/845/581 899/843/690
f 901/845/581 900/844/691 902/846/587
f 902/846/587 900/844/691 894/838/685
f 902/846/587 903/847/692 901/845/581
f 904/848/693 894/838/685 895/839/686
f 894/838/685 904/848/693 902/846/587
f 895/839/686 905/849/694 904/848/693
f 903/847/692 902/846/587 906/850/594
f 906/850/594 902/846/587 904/848/693
f 906/850/594 907/851/695 903/847/692
f 908/852/696 904/848/693 905/849/694
f 906/850/594 904/848/693 908/852/696
f 908/852/696 905/849/694 909/853/697
f 910/854/597 907/851/695 906/850/594
f 908/852/696 909/853/697 911/855/698
f 911/855/698 912/856/699 908/852/696
f 906/850/594 908/852/696 912/856/699
f 912/856/699 911/855/698 913/857/700
f 914/858/599 910/854/597 906/850/594
f 912/856/699 914/858/599 906/850/594
f 910/854/597 914/858/599 915/859/601
f 913/857/700 916/860/701 912/856/699
f 916/860/701 914/858/599 912/856/699
f 916/860/701 913/857/700 917/861/702
f 917/861/702 918/862/703 916/860/701
f 919/863/606 914/858/599 916/860/701
f 919/863/606 915/859/601 914/858/599
f 919/863/606 916/860/701 918/862/703
f 920/864/704 915/859/601 919/863/606
f 918/862/703 921/865/705 919/863/606
f 919/863/606 921/865/705 920/864/704
f 922/866/706 923/867/707 924/868/708
f 925/869/709 924/868/708 923/867/707
f 923/867/707 926/870/710 925/869/709
f 927/871/711 925/869/709 926/870/710
f 928/872/712 925/869/709 927/871/711
f 927/871/711 929/873/713 928/872/712
f 930/874/714 928/872/712 929/873/713
f 929/873/713 931/875/715 930/874/714
f 932/876/716 930/874/714 931/875/715
f 931/875/715 933/877/717 932/876/716
f 932/876/716 933/877/717 934/878/718
f 934/878/718 935/879/719 932/876/716
f 934/878/718 936/880/720 935/879/719
f 937/881/721 935/879/719 936/880/720
f 938/882/722 937/881/721 936/880/720
f 938/882/722 939/883/723 937/881/721
f 939/883/723 938/882/722 940/884/724
f 940/884/724 941/885/725 939/883/723
f 941/885/725 942/886/726 939/883/723
f 942/886/726 943/887/727 939/883/723
f 937/881/721 939/883/723 943/887/727
f 943/887/727 944/888/728 937/881/721
f 945/889/729 946/890/730 947/891/731
f 947/891/731 948/892/732 945/889/729
f 948/892/732 949/893/733 945/889/729
f 949/893/733 948/892/732 950/894/734
f 950/894/734 948/892/732 951/895/735
f 951/895/735 952/896/736 950/894/734
f 952/896/736 951/895/735 953/897/737
f 953/897/737 954/898/738 952/896/736
f 954/898/738 953/897/737 955/899/739
f 955/899/739 956/900/740 954/898/738
f 957/901/741 956/900/740 955/899/739
f 955/899/739 958/902/742 957/901/741
f 959/903/743 957/901/741 958/902/742
f 958/902/742 960/904/744 959/903/743
f 961/905/745 959/903/743 960/904/744
f 960/904/744 962/906/746 961/905/745
f 963/907/747 961/905/745 962/906/746
f 962/906/746 964/908/748 963/907/747
f 965/909/749 964/908/748 962/906/746
f 962/906/746 966/910/750 965/909/749
f 966/910/750 962/906/746 960/904/744
f 960/904/744 967/911/751 966/910/750
f 968/912/752 969/913/753 970/914/754
f 969/913/753 968/912/752 971/915/755
f 968/912/752 972/916/726 971/915/755
f 973/917/756 969/913/753 971/915/755
f 974/918/757 973/917/756 971/915/755
f 969/913/753 973/917/756 970/914/754
f 970/914/754 975/919/758 968/912/752
f 973/917/756 976/920/759 970/914/754
f 977/921/760 975/919/758 970/914/754
f 978/922/761 970/914/754 976/920/759
f 970/914/754 978/922/761 977/921/760
f 976/920/759 979/923/762 978/922/761
f 977/921/760 978/922/761 980/924/763
f 979/923/762 980/924/763 978/922/761
f 979/923/762 981/925/764 980/924/763
f 980/924/763 982/926/765 977/921/760
f 980/924/763 981/925/764 983/927/766
f 982/926/765 980/924/763 984/928/767
f 983/927/766 984/928/767 980/924/763
f 984/928/767 985/929/768 982/926/765
f 984/928/767 983/927/766 986/930/769
f 985/929/768 984/928/767 987/931/770
f 986/930/769 988/932/771 984/928/767
f 987/931/770 984/928/767 988/932/771
f 986/930/769 989/933/772 988/932/771
f 987/931/770 988/932/771 989/933/772
f 989/933/772 986/930/769 990/934/747
f 989/933/772 991/935/773 987/931/770
f 992/936/774 993/937/775 994/938/776
f 994/938/776 995/939/777 992/936/774
f 995/939/777 994/938/776 996/940/778
f 997/941/779 994/938/776 993/937/775
f 993/937/775 998/942/780 997/941/779
f 994/938/776 999/943/781 996/940/778
f 996/940/778 999/943/781 1000/944/782
f 1000/944/782 1001/945/783 996/940/778
f 999/943/781 994/938/776 1002/946/784
f 1000/944/782 999/943/781 1002/946/784
f 994/938/776 997/941/779 1002/946/784
f 1002/946/784 1003/947/785 1000/944/782
f 1004/948/786 1003/947/785 1002/946/784
f 1005/949/761 1002/946/784 997/941/779
f 1002/946/784 1005/949/761 1004/948/786
f 1006/950/787 997/941/779 998/942/780
f 997/941/779 1006/950/787 1005/949/761
f 998/942/780 1007/951/788 1006/950/787
f 1004/948/786 1005/949/761 1008/952/789
f 1008/952/789 1005/949/761 1006/950/787
f 1008/952/789 1009/953/790 1004/948/786
f 1007/951/788 1010/954/791 1006/950/787
f 1006/950/787 1010/954/791 1008/952/789
f 1007/951/788 1011/955/792 1010/954/791
f 1010/954/791 1011/955/792 1012/956/793
f 1012/956/793 1013/957/794 1010/954/791
f 1008/952/789 1010/954/791 1013/957/794
f 1013/957/794 1012/956/793 1014/958/795
f 1009/953/790 1008/952/789 1015/959/796
f 1013/957/794 1015/959/796 1008/952/789
f 1015/959/796 1016/960/797 1009/953/790
f 1014/958/795 1017/961/798 1013/957/794
f 1015/959/796 1013/957/794 1017/961/798
f 1017/961/798 1014/958/795 1018/962/799
f 1018/962/799 1019/963/800 1017/961/798
f 1016/960/797 1015/959/796 1020/964/801
f 1021/965/802 1017/961/798 1019/963/800
f 1017/961/798 1022/966/803 1015/959/796
f 1017/961/798 1021/965/802 1022/966/803
f 1020/964/801 1015/959/796 1022/966/803
f 1020/964/801 1022/966/803 1021/965/802
f 1021/965/802 1023/967/804 1020/964/801
f 1024/968/805 1025/969/806 1026/970/807
f 1025/969/806 1024/968/805 1027/971/808
f 1028/972/809 1025/969/806 1027/971/808
f 1029/973/810 1027/971/808 1024/968/805
f 1024/968/805 1030/974/811 1029/973/810
f 1029/973/810 1030/974/811 1031/975/812
f 1031/975/812 1032/976/813 1029/973/810
f 1033/977/814 1029/973/810 1032/976/813
f 1027/971/808 1029/973/810 1033/977/814
f 1032/976/813 1034/978/815 1033/977/814
f 1033/977/814 1034/978/815 1035/979/816
f 1035/979/816 1036/980/817 1033/977/814
f 1027/971/808 1033/977/814 1037/981/818
f 1033/977/814 1036/980/817 1037/981/818
f 1027/971/808 1037/981/818 1028/972/809
f 1038/982/819 1037/981/818 1036/980/817
f 1028/972/809 1037/981/818 1038/982/819
f 1038/982/819 1036/980/817 1039/983/820
f 1038/982/819 1040/984/821 1028/972/809
f 1040/984/821 1038/982/819 1041/985/822
f 1039/983/820 1041/985/822 1038/982/819
f 1041/985/822 1042/986/823 1040/984/821
f 1043/987/824 1042/986/823 1041/985/822
f 1044/988/825 1041/985/822 1039/983/820
f 1041/985/822 1044/988/825 1043/987/824
f 1045/989/826 1043/987/824 1044/988/825
f 1039/983/820 1046/990/827 1044/988/825
f 1044/988/825 1047/991/828 1045/989/826
f 1047/991/828 1044/988/825 1046/990/827
f 1048/992/829 1045/989/826 1047/991/828
f 1047/991/828 1049/993/830 1048/992/829
f 1050/994/831 1048/992/829 1049/993/830
f 1049/993/830 1051/995/832 1050/994/831
f 1049/993/830 1047/991/828 1052/996/833
f 1046/990/827 1052/996/833 1047/991/828
f 1049/993/830 1053/997/658 1051/995/832
f 1052/996/833 1053/997/658 1049/993/830
f 1054/998/834 1051/995/832 1053/997/658
f 1055/999/835 1052/996/833 1046/990/827
f 1052/996/833 1055/999/835 1053/997/658
f 1046/990/827 1056/1000/836 1055/999/835
f 1057/1001/837 1053/997/658 1055/999/835
f 1053/997/658 1057/1001/837 1054/998/834
f 1058/1002/838 1054/998/834 1057/1001/837
f 1059/1003/839 1060/1004/840 1061/1005/841
f 1060/1004/840 1059/1003/839 1062/1006/842
f 1063/1007/843 1060/1004/840 1062/1006/842
f 1064/1008/844 1062/1006/842 1059/1003/839
f 1059/1003/839 1065/1009/688 1064/1008/844
f 1064/1008/844 1065/1009/688 1066/1010/845
f 1066/1010/845 1067/1011/846 1064/1008/844
f 1068/1012/847 1064/1008/844 1067/1011/846
f 1062/1006/842 1064/1008/844 1068/1012/847
f 1067/1011/846 1069/1013/848 1068/1012/847
f 1062/1006/842 1070/1014/849 1063/1007/843
f 1068/1012/847 1070/1014/849 1062/1006/842
f 1071/1015/850 1063/1007/843 1070/1014/849
f 1070/1014/849 1068/1012/847 1072/1016/851
f 1070/1014/849 1073/1017/852 1071/1015/850
f 1073/1017/852 1070/1014/849 1072/1016/851
f 1071/1015/850 1073/1017/852 1074/1018/853
f 1074/1018/853 1075/1019/854 1071/1015/850
f 1073/1017/852 1072/1016/851 1076/1020/855
f 1076/1020/855 1074/1018/853 1073/1017/852
f 1077/1021/856 1076/1020/855 1072/1016/851
f 1072/1016/851 1078/1022/857 1077/1021/856
f 1079/1023/858 1075/1019/854 1074/1018/853
f 1074/1018/853 1076/1020/855 1080/1024/859
f 1074/1018/853 1081/1025/860 1079/1023/858
f 1081/1025/860 1074/1018/853 1080/1024/859
f 1082/1026/861 1079/1023/858 1081/1025/860
f 1081/1025/860 1083/1027/862 1082/1026/861
f 1083/1027/862 1081/1025/860 1080/1024/859
f 1084/1028/863 1082/1026/861 1083/1027/862
f 1083/1027/862 1085/1029/864 1084/1028/863
f 1086/1030/865 1084/1028/863 1085/1029/864
f 1085/1029/864 1087/1031/866 1086/1030/865
f 1085/1029/864 1083/1027/862 1088/1032/867
f 1080/1024/859 1088/1032/867 1083/1027/862
f 1085/1029/864 1089/1033/868 1087/1031/866
f 1088/1032/867 1089/1033/868 1085/1029/864
f 1090/1034/869 1087/1031/866 1089/1033/868
f 1091/1035/870 1088/1032/867 1080/1024/859
f 1088/1032/867 1091/1035/870 1089/1033/868
f 1080/1024/859 1092/1036/871 1091/1035/870
f 1093/1037/872 1089/1033/868 1091/1035/870
f 1089/1033/868 1093/1037/872 1090/1034/869
f 1094/1038/873 1090/1034/869 1093/1037/872
f 1095/1039/874 1096/1040/703 1097/1041/875
f 1096/1040/703 1098/1042/876 1097/1041/875
f 1095/1039/874 1097/1041/875 1099/1043/877
f 1096/1040/703 1095/1039/874 1100/1044/878
f 1100/1044/878 1101/1045/879 1096/1040/703
f 1102/1046/880 1101/1045/879 1100/1044/878
f 1100/1044/878 1103/1047/881 1102/1046/880
f 1103/1047/881 1100/1044/878 1104/1048/882
f 1104/1048/882 1100/1044/878 1095/1039/874
f 1104/1048/882 1105/1049/883 1103/1047/881
f 1099/1043/877 1106/1050/884 1095/1039/874
f 1095/1039/874 1106/1050/884 1104/1048/882
f 1106/1050/884 1099/1043/877 1107/1051/885
f 1108/1052/886 1104/1048/882 1106/1050/884
f 1109/1053/887 1108/1052/886 1110/1054/888
f 1111/1055/889 1110/1054/888 1108/1052/886
f 1106/1050/884 1112/1056/890 1108/1052/886
f 1111/1055/889 1108/1052/886 1112/1056/890
f 1107/1051/885 1112/1056/890 1106/1050/884
f 1112/1056/890 1113/1057/891 1111/1055/889
f 1113/1057/891 1112/1056/890 1107/1051/885
f 1107/1051/885 1114/1058/892 1113/1057/891
f 1113/1057/891 1114/1058/892 1115/1059/893
f 1116/1060/894 1111/1055/889 1113/1057/891
f 1115/1059/893 1117/1061/895 1113/1057/891
f 1113/1057/891 1117/1061/895 1116/1060/894
f 1117/1061/895 1115/1059/893 1118/1062/896
f 1118/1062/896 1119/1063/897 1117/1061/895
f 1116/1060/894 1117/1061/895 1119/1063/897
f 1119/1063/897 1118/1062/896 1120/1064/898
f 1121/1065/899 1122/1066/900 1116/1060/894
f 1119/1063/897 1123/1067/901 1116/1060/894
f 1116/1060/894 1123/1067/901 1121/1065/899
f 1120/1064/898 1124/1068/902 1119/1063/897
f 1123/1067/901 1119/1063/897 1124/1068/902
f 1124/1068/902 1120/1064/898 1125/1069/903
f 1125/1069/903 1126/1070/904 1124/1068/902
f 1124/1068/902 1127/1071/905 1123/1067/901
f 1121/1065/899 1123/1067/901 1127/1071/905
f 1126/1070/904 1127/1071/905 1124/1068/902
f 1127/1071/905 1128/1072/906 1121/1065/899
f 1127/1071/905 1126/1070/904 1129/1073/616
f 1128/1072/906 1127/1071/905 1129/1073/616
f 1129/1073/616 1130/1074/907 1128/1072/906
f 1131/1075/908 1132/1076/806 1133/1077/807
f 1132/1076/806 1131/1075/908 1134/1078/808
f 1135/1079/809 1132/1076/806 1134/1078/808
f 1136/1080/909 1134/1078/808 1131/1075/908
f 1131/1075/908 1137/1081/910 1136/1080/909
f 1136/1080/909 1137/1081/910 1138/1082/911
f 1138/1082/911 1139/1083/912 1136/1080/909
f 1134/1078/808 1136/1080/909 1140/1084/913
f 1134/1078/808 1140/1084/913 1141/1085/818
f 1134/1078/808 1141/1085/818 1135/1079/809
f 1140/1084/913 1142/1086/914 1141/1085/818
f 1135/1079/809 1141/1085/818 1143/1087/915
f 1143/1087/915 1141/1085/818 1142/1086/914
f 1143/1087/915 1144/1088/916 1135/1079/809
f 1143/1087/915 1142/1086/914 1145/1089/917
f 1144/1088/916 1143/1087/915 1146/1090/822
f 1145/1089/917 1146/1090/822 1143/1087/915
f 1146/1090/822 1147/1091/823 1144/1088/916
f 1148/1092/824 1147/1091/823 1146/1090/822
f 1149/1093/825 1146/1090/822 1145/1089/917
f 1146/1090/822 1149/1093/825 1148/1092/824
f 1145/1089/917 1150/1094/918 1149/1093/825
f 1151/1095/826 1148/1092/824 1149/1093/825
f 1152/1096/828 1149/1093/825 1150/1094/918
f 1149/1093/825 1152/1096/828 1151/1095/826
f 1150/1094/918 1153/1097/919 1152/1096/828
f 1154/1098/829 1151/1095/826 1152/1096/828
f 1155/1099/830 1152/1096/828 1153/1097/919
f 1152/1096/828 1155/1099/830 1154/1098/829
f 1156/1100/831 1154/1098/829 1155/1099/830
f 1153/1097/919 1157/1101/709 1155/1099/830
f 1155/1099/830 1158/1102/832 1156/1100/831
f 1155/1099/830 1157/1101/709 1158/1102/832
f 1159/1103/707 1158/1102/832 1157/1101/709
f 1157/1101/709 1160/1104/920 1159/1103/707
f 1161/1105/921 1159/1103/707 1160/1104/920
f 1162/1106/922 1163/1107/923 1164/1108/924
f 1163/1107/923 1165/1109/925 1164/1108/924
f 1162/1106/922 1164/1108/924 1166/1110/926
f 1163/1107/923 1162/1106/922 1167/1111/927
f 1167/1111/927 1168/1112/928 1163/1107/923
f 1169/1113/929 1168/1112/928 1167/1111/927
f 1167/1111/927 1170/1114/930 1169/1113/929
f 1171/1115/931 1170/1114/930 1167/1111/927
f 1172/1116/932 1171/1115/931 1167/1111/927
f 1172/1116/932 1167/1111/927 1162/1106/922
f 1162/1106/922 1173/1117/933 1172/1116/932
f 1166/1110/926 1173/1117/933 1162/1106/922
f 1174/1118/934 1172/1116/932 1173/1117/933
f 1175/1119/935 1173/1117/933 1166/1110/926
f 1173/1117/933 1175/1119/935 1174/1118/934
f 1166/1110/926 1176/1120/936 1175/1119/935
f 1177/1121/937 1178/1122/938 1174/1118/934
f 1174/1118/934 1179/1123/939 1177/1121/937
f 1179/1123/939 1174/1118/934 1175/1119/935
f 1180/1124/940 1175/1119/935 1176/1120/936
f 1175/1119/935 1180/1124/940 1179/1123/939
f 1176/1120/936 1181/1125/941 1180/1124/940
f 1180/1124/940 1181/1125/941 1182/1126/942
f 1179/1123/939 1180/1124/940 1183/1127/943
f 1182/1126/942 1183/1127/943 1180/1124/940
f 1183/1127/943 1182/1126/942 1184/1128/944
f 1183/1127/943 1185/1129/945 1179/1123/939
f 1184/1128/944 1186/1130/946 1183/1127/943
f 1185/1129/945 1183/1127/943 1186/1130/946
f 1186/1130/946 1184/1128/944 1187/1131/947
f 1188/1132/948 1189/1133/949 1185/1129/945
f 1186/1130/946 1190/1134/950 1185/1129/945
f 1185/1129/945 1190/1134/950 1188/1132/948
f 1187/1131/947 1191/1135/951 1186/1130/946
f 1190/1134/950 1186/1130/946 1191/1135/951
f 1191/1135/951 1187/1131/947 1192/1136/952
f 1192/1136/952 1193/1137/953 1191/1135/951
f 1191/1135/951 1194/1138/631 1190/1134/950
f 1188/1132/948 1190/1134/950 1194/1138/631
f 1193/1137/953 1194/1138/631 1191/1135/951
f 1194/1138/631 1195/1139/954 1188/1132/948
f 1194/1138/631 1193/1137/953 1196/1140/955
f 1195/1139/954 1194/1138/631 1196/1140/955
f 1196/1140/955 1197/1141/956 1195/1139/954
f 1198/1142/922 1199/1143/923 1200/1144/924
f 1199/1143/923 1201/1145/925 1200/1144/924
f 1198/1142/922 1200/1144/924 1202/1146/926
f 1199/1143/923 1198/1142/922 1203/1147/957
f 1203/1147/957 1204/1148/958 1199/1143/923
f 1205/1149/959 1204/1148/958 1203/1147/957
f 1203/1147/957 1206/1150/960 1205/1149/959
f 1206/1150/960 1203/1147/957 1207/1151/961
f 1207/1151/961 1203/1147/957 1198/1142/922
f 1207/1151/961 1208/1152/773 1206/1150/960
f 1198/1142/922 1209/1153/933 1207/1151/961
f 1202/1146/926 1209/1153/933 1198/1142/922
f 1210/1154/962 1207/1151/961 1209/1153/933
f 1211/1155/935 1209/1153/933 1202/1146/926
f 1209/1153/933 1211/1155/935 1210/1154/962
f 1202/1146/926 1212/1156/936 1211/1155/935
f 1213/1157/963 1210/1154/962 1211/1155/935
f 1214/1158/940 1211/1155/935 1212/1156/936
f 1211/1155/935 1214/1158/940 1213/1157/963
f 1212/1156/936 1215/1159/941 1214/1158/940
f 1214/1158/940 1215/1159/941 1216/1160/942
f 1213/1157/963 1214/1158/940 1217/1161/943
f 1216/1160/942 1217/1161/943 1214/1158/940
f 1217/1161/943 1218/1162/737 1213/1157/963
f 1217/1161/943 1216/1160/942 1219/1163/944
f 1218/1162/737 1217/1161/943 1220/1164/946
f 1219/1163/944 1220/1164/946 1217/1161/943
f 1220/1164/946 1221/1165/735 1218/1162/737
f 1220/1164/946 1219/1163/944 1222/1166/947
f 1221/1165/735 1220/1164/946 1223/1167/951
f 1222/1166/947 1223/1167/951 1220/1164/946
f 1223/1167/951 1222/1166/947 1224/1168/952
f 1223/1167/951 1225/1169/732 1221/1165/735
f 1224/1168/952 1226/1170/953 1223/1167/951
f 1226/1170/953 1225/1169/732 1223/1167/951
f 1225/1169/732 1226/1170/953 1227/1171/729
f 1228/1172/964 1225/1169/732 1227/1171/729
f 1227/1171/729 1229/1173/730 1228/1172/964
f 1230/1174/965 1231/1175/966 1232/1176/967
f 1233/1177/706 1231/1175/966 1230/1174/965
f 1233/1177/706 1230/1174/965 1234/1178/968
f 1235/1179/710 1234/1178/968 1230/1174/965
f 1230/1174/965 1236/1180/969 1235/1179/710
f 1232/1176/967 1236/1180/969 1230/1174/965
f 1236/1180/969 1232/1176/967 1237/1181/970
f 1231/1175/966 1238/1182/971 1232/1176/967
f 1239/1183/970 1237/1181/970 1232/1176/967
f 1240/1184/967 1232/1176/967 1238/1182/971
f 1232/1176/967 1240/1184/967 1239/1183/970
f 1238/1182/971 1241/1185/972 1240/1184/967
f 1239/1183/970 1240/1184/967 1242/1186/973
f 1240/1184/967 1241/1185/972 1243/1187/974
f 1240/1184/967 1244/1188/975 1242/1186/973
f 1243/1187/974 1244/1188/975 1240/1184/967
f 1242/1186/973 1244/1188/975 1245/1189/976
f 1244/1188/975 1243/1187/974 1246/1190/730
f 1244/1188/975 1247/1191/729 1245/1189/976
f 1246/1190/730 1247/1191/729 1244/1188/975
f 1248/1192/839 1249/1193/840 1250/1194/977
f 1249/1193/840 1248/1192/839 1251/1195/842
f 1252/1196/843 1249/1193/840 1251/1195/842
f 1253/1197/978 1251/1195/842 1248/1192/839
f 1248/1192/839 1254/1198/979 1253/1197/978
f 1251/1195/842 1253/1197/978 1255/1199/980
f 1251/1195/842 1256/1200/981 1252/1196/843
f 1255/1199/980 1256/1200/981 1251/1195/842
f 1257/1201/850 1252/1196/843 1256/1200/981
f 1256/1200/981 1255/1199/980 1258/1202/851
f 1256/1200/981 1259/1203/982 1257/1201/850
f 1259/1203/982 1256/1200/981 1258/1202/851
f 1257/1201/850 1259/1203/982 1260/1204/853
f 1260/1204/853 1261/1205/854 1257/1201/850
f 1259/1203/982 1258/1202/851 1262/1206/855
f 1262/1206/855 1260/1204/853 1259/1203/982
f 1263/1207/983 1262/1206/855 1258/1202/851
f 1258/1202/851 1264/1208/984 1263/1207/983
f 1260/1204/853 1262/1206/855 1265/1209/985
f 1266/1210/858 1261/1205/854 1260/1204/853
f 1260/1204/853 1267/1211/986 1266/1210/858
f 1267/1211/986 1260/1204/853 1265/1209/985
f 1268/1212/861 1266/1210/858 1267/1211/986
f 1269/1213/862 1267/1211/986 1265/1209/985
f 1267/1211/986 1269/1213/862 1268/1212/861
f 1265/1209/985 1270/1214/987 1269/1213/862
f 1271/1215/863 1268/1212/861 1269/1213/862
f 1269/1213/862 1272/1216/988 1271/1215/863
f 1272/1216/988 1269/1213/862 1270/1214/987
f 1273/1217/989 1271/1215/863 1272/1216/988
f 1272/1216/988 1274/1218/866 1273/1217/989
f 1270/1214/987 1275/1219/990 1272/1216/988
f 1272/1216/988 1275/1219/990 1274/1218/866
f 1270/1214/987 1276/1220/991 1275/1219/990
f 1277/1221/992 1274/1218/866 1275/1219/990
f 1278/1222/993 1275/1219/990 1276/1220/991
f 1275/1219/990 1278/1222/993 1277/1221/992
f 1279/1223/994 1277/1221/992 1278/1222/993
f 1280/1224/774 1281/1225/775 1282/1226/776
f 1282/1226/776 1283/1227/777 1280/1224/774
f 1283/1227/777 1282/1226/776 1284/1228/995
f 1285/1229/779 1282/1226/776 1281/1225/775
f 1281/1225/775 1286/1230/780 1285/1229/779
f 1282/1226/776 1287/1231/996 1284/1228/995
f 1287/1231/996 1288/1232/997 1284/1228/995
f 1288/1232/997 1289/1233/998 1284/1228/995
f 1287/1231/996 1282/1226/776 1290/1234/999
f 1288/1232/997 1287/1231/996 1290/1234/999
f 1282/1226/776 1285/1229/779 1290/1234/999
f 1290/1234/999 1291/1235/1000 1288/1232/997
f 1292/1236/786 1291/1235/1000 1290/1234/999
f 1293/1237/761 1290/1234/999 1285/1229/779
f 1290/1234/999 1293/1237/761 1292/1236/786
f 1294/1238/787 1285/1229/779 1286/1230/780
f 1285/1229/779 1294/1238/787 1293/1237/761
f 1286/1230/780 1295/1239/788 1294/1238/787
f 1292/1236/786 1293/1237/761 1296/1240/763
f 1296/1240/763 1293/1237/761 1294/1238/787
f 1296/1240/763 1297/1241/1001 1292/1236/786
f 1295/1239/788 1298/1242/791 1294/1238/787
f 1294/1238/787 1298/1242/791 1296/1240/763
f 1295/1239/788 1299/1243/792 1298/1242/791
f 1298/1242/791 1299/1243/792 1300/1244/793
f 1300/1244/793 1301/1245/1002 1298/1242/791
f 1296/1240/763 1298/1242/791 1301/1245/1002
f 1301/1245/1002 1300/1244/793 1302/1246/1003
f 1297/1241/1001 1296/1240/763 1303/1247/1004
f 1301/1245/1002 1303/1247/1004 1296/1240/763
f 1303/1247/1004 1304/1248/1005 1297/1241/1001
f 1304/1248/1005 1303/1247/1004 1305/1249/1006
f 1302/1246/1003 1306/1250/798 1301/1245/1002
f 1303/1247/1004 1301/1245/1002 1306/1250/798
f 1306/1250/798 1302/1246/1003 1307/1251/799
f 1307/1251/799 1308/1252/800 1306/1250/798
f 1309/1253/1007 1306/1250/798 1308/1252/800
f 1306/1250/798 1310/1254/1008 1303/1247/1004
f 1306/1250/798 1309/1253/1007 1310/1254/1008
f 1303/1247/1004 1310/1254/1008 1305/1249/1006
f 1310/1254/1008 1309/1253/1007 1311/1255/959
f 1305/1249/1006 1310/1254/1008 1311/1255/959
f 1312/1256/831 1313/1257/832 1314/1258/1009
f 1314/1258/1009 1315/1259/1010 1312/1256/831
f 1316/1260/1011 1314/1258/1009 1313/1257/832
f 1313/1257/832 1317/1261/1012 1316/1260/1011
f 1318/1262/1013 1316/1260/1011 1317/1261/1012
f 1318/1262/1013 1319/1263/1014 1316/1260/1011
f 1316/1260/1011 1319/1263/1014 1320/1264/967
f 1320/1264/967 1314/1258/1009 1316/1260/1011
f 1319/1263/1014 1321/1265/971 1320/1264/967
f 1315/1259/1010 1314/1258/1009 1322/1266/1015
f 1314/1258/1009 1320/1264/967 1322/1266/1015
f 1322/1266/1015 1323/1267/1016 1315/1259/1010
f 1324/1268/1015 1323/1267/1016 1322/1266/1015
f 1324/1268/1015 1322/1266/1015 1320/1264/967
f 1323/1267/1016 1324/1268/1015 1325/1269/1017
f 1326/1270/1018 1325/1269/1017 1324/1268/1015
f 1327/1271/967 1320/1264/967 1321/1265/971
f 1320/1264/967 1327/1271/967 1324/1268/1015
f 1321/1265/971 1328/1272/972 1327/1271/967
f 1327/1271/967 1328/1272/972 1329/1273/1019
f 1324/1268/1015 1330/1274/1020 1326/1270/1018
f 1324/1268/1015 1327/1271/967 1330/1274/1020
f 1326/1270/1018 1330/1274/1020 1331/1275/952
f 1330/1274/1020 1332/1276/953 1331/1275/952
f 1327/1271/967 1333/1277/1021 1330/1274/1020
f 1330/1274/1020 1333/1277/1021 1332/1276/953
f 1329/1273/1019 1333/1277/1021 1327/1271/967
f 1333/1277/1021 1334/1278/955 1332/1276/953
f 1333/1277/1021 1329/1273/1019 1335/1279/956
f 1335/1279/956 1334/1278/955 1333/1277/1021
f 1336/1280/681 1337/1281/682 1338/1282/683
f 1338/1282/683 1339/1283/839 1336/1280/681
f 1340/1284/1022 1338/1282/683 1337/1281/682
f 1337/1281/682 1341/1285/686 1340/1284/1022
f 1339/1283/839 1338/1282/683 1342/1286/687
f 1342/1286/687 1343/1287/1023 1339/1283/839
f 1344/1288/1024 1343/1287/1023 1342/1286/687
f 1342/1286/687 1345/1289/1025 1344/1288/1024
f 1346/1290/691 1342/1286/687 1338/1282/683
f 1345/1289/1025 1342/1286/687 1346/1290/691
f 1346/1290/691 1338/1282/683 1340/1284/1022
f 1346/1290/691 1347/1291/581 1345/1289/1025
f 1347/1291/581 1346/1290/691 1348/1292/587
f 1348/1292/587 1346/1290/691 1340/1284/1022
f 1348/1292/587 1349/1293/692 1347/1291/581
f 1350/1294/693 1340/1284/1022 1341/1285/686
f 1340/1284/1022 1350/1294/693 1348/1292/587
f 1341/1285/686 1351/1295/694 1350/1294/693
f 1349/1293/692 1348/1292/587 1352/1296/1026
f 1352/1296/1026 1348/1292/587 1350/1294/693
f 1352/1296/1026 1353/1297/595 1349/1293/692
f 1354/1298/696 1350/1294/693 1351/1295/694
f 1352/1296/1026 1350/1294/693 1354/1298/696
f 1354/1298/696 1351/1295/694 1355/1299/1027
f 1356/1300/597 1353/1297/595 1352/1296/1026
f 1354/1298/696 1355/1299/1027 1357/1301/698
f 1357/1301/698 1358/1302/699 1354/1298/696
f 1352/1296/1026 1354/1298/696 1358/1302/699
f 1358/1302/699 1357/1301/698 1359/1303/700
f 1360/1304/599 1356/1300/597 1352/1296/1026
f 1358/1302/699 1360/1304/599 1352/1296/1026
f 1356/1300/597 1360/1304/599 1361/1305/601
f 1359/1303/700 1362/1306/1028 1358/1302/699
f 1362/1306/1028 1360/1304/599 1358/1302/699
f 1362/1306/1028 1359/1303/700 1363/1307/1029
f 1363/1307/1029 1364/1308/703 1362/1306/1028
f 1365/1309/1030 1360/1304/599 1362/1306/1028
f 1365/1309/1030 1361/1305/601 1360/1304/599
f 1365/1309/1030 1362/1306/1028 1364/1308/703
f 1366/1310/608 1361/1305/601 1365/1309/1030
f 1364/1308/703 1367/1311/607 1365/1309/1030
f 1365/1309/1030 1367/1311/607 1366/1310/608
f 1368/1312/874 1369/1313/1031 1370/1314/875
f 1369/1313/1031 1371/1315/876 1370/1314/875
f 1368/1312/874 1370/1314/875 1372/1316/877
f 1369/1313/1031 1368/1312/874 1373/1317/676
f 1373/1317/676 1374/1318/677 1369/1313/1031
f 1375/1319/1032 1374/1318/677 1373/1317/676
f 1373/1317/676 1376/1320/679 1375/1319/1032
f 1376/1320/679 1373/1317/676 1377/1321/1033
f 1377/1321/1033 1373/1317/676 1368/1312/874
f 1377/1321/1033 1378/1322/1034 1376/1320/679
f 1372/1316/877 1379/1323/884 1368/1312/874
f 1368/1312/874 1379/1323/884 1377/1321/1033
f 1379/1323/884 1372/1316/877 1380/1324/885
f 1381/1325/1035 1377/1321/1033 1379/1323/884
f 1379/1323/884 1382/1326/1036 1381/1325/1035
f 1380/1324/885 1382/1326/1036 1379/1323/884
f 1383/1327/669 1381/1325/1035 1382/1326/1036
f 1384/1328/891 1382/1326/1036 1380/1324/885
f 1382/1326/1036 1384/1328/891 1383/1327/669
f 1380/1324/885 1385/1329/892 1384/1328/891
f 1386/1330/1037 1383/1327/669 1384/1328/891
f 1384/1328/891 1385/1329/892 1387/1331/893
f 1387/1331/893 1388/1332/1038 1384/1328/891
f 1384/1328/891 1388/1332/1038 1386/1330/1037
f 1388/1332/1038 1387/1331/893 1389/1333/896
f 1386/1330/1037 1388/1332/1038 1390/1334/897
f 1389/1333/896 1390/1334/897 1388/1332/1038
f 1390/1334/897 1391/1335/1039 1386/1330/1037
f 1390/1334/897 1389/1333/896 1392/1336/898
f 1392/1336/898 1393/1337/902 1390/1334/897
f 1391/1335/1039 1390/1334/897 1393/1337/902
f 1393/1337/902 1392/1336/898 1394/1338/903
f 1394/1338/903 1395/1339/904 1393/1337/902
f 1393/1337/902 1396/1340/1040 1391/1335/1039
f 1395/1339/904 1396/1340/1040 1393/1337/902
f 1397/1341/1041 1391/1335/1039 1396/1340/1040
f 1396/1340/1040 1395/1339/904 1398/1342/1042
f 1396/1340/1040 1399/1343/1043 1397/1341/1041
f 1399/1343/1043 1396/1340/1040 1398/1342/1042
f 1398/1342/1042 1400/1344/1044 1399/1343/1043
f 1401/1345/1045 1402/1346/1046 1403/1347/1047
f 1403/1347/1047 1404/1348/865 1401/1345/1045
f 1403/1347/1047 1402/1346/1046 1405/1349/1048
f 1405/1349/1048 1406/1350/1049 1403/1347/1047
f 1402/1346/1046 1401/1345/1045 1407/1351/626
f 1408/1352/869 1407/1351/626 1401/1345/1045
f 1407/1351/626 1408/1352/869 1409/1353/1050
f 1410/1354/1051 1407/1351/626 1409/1353/1050
f 1402/1346/1046 1407/1351/626 1411/1355/610
f 1411/1355/610 1407/1351/626 1410/1354/1051
f 1411/1355/610 1405/1349/1048 1402/1346/1046
f 1412/1356/609 1411/1355/610 1410/1354/1051
f 1406/1350/1049 1405/1349/1048 1413/1357/1052
f 1413/1357/1052 1405/1349/1048 1411/1355/610
f 1413/1357/1052 1414/1358/1049 1406/1350/1049
f 1415/1359/1053 1414/1358/1049 1413/1357/1052
f 1416/1360/610 1411/1355/610 1412/1356/609
f 1411/1355/610 1416/1360/610 1413/1357/1052
f 1417/1361/612 1416/1360/610 1412/1356/609
f 1416/1360/610 1417/1361/612 1418/1362/613
f 1419/1363/1054 1413/1357/1052 1416/1360/610
f 1413/1357/1052 1419/1363/1054 1415/1359/1053
f 1418/1362/613 1420/1364/614 1416/1360/610
f 1420/1364/614 1419/1363/1054 1416/1360/610
f 1420/1364/614 1418/1362/613 1421/1365/1055
f 1421/1365/1055 1422/1366/616 1420/1364/614
f 1423/1367/1056 1420/1364/614 1422/1366/616
f 1423/1367/1056 1419/1363/1054 1420/1364/614
f 1415/1359/1053 1419/1363/1054 1423/1367/1056
f 1423/1367/1056 1424/1368/1057 1415/1359/1053
f 1425/1369/831 1426/1370/832 1427/1371/1058
f 1427/1371/1058 1428/1372/1010 1425/1369/831
f 1429/1373/965 1427/1371/1058 1426/1370/832
f 1426/1370/832 1430/1374/1059 1429/1373/965
f 1431/1375/706 1429/1373/965 1430/1374/1059
f 1431/1375/706 1432/1376/966 1429/1373/965
f 1429/1373/965 1432/1376/966 1433/1377/967
f 1433/1377/967 1427/1371/1058 1429/1373/965
f 1432/1376/966 1434/1378/971 1433/1377/967
f 1428/1372/1010 1427/1371/1058 1435/1379/1015
f 1427/1371/1058 1433/1377/967 1435/1379/1015
f 1435/1379/1015 1436/1380/1016 1428/1372/1010
f 1437/1381/1015 1436/1380/1016 1435/1379/1015
f 1437/1381/1015 1435/1379/1015 1433/1377/967
f 1436/1380/1016 1437/1381/1015 1438/1382/1017
f 1439/1383/1018 1438/1382/1017 1437/1381/1015
f 1440/1384/967 1433/1377/967 1434/1378/971
f 1433/1377/967 1440/1384/967 1437/1381/1015
f 1434/1378/971 1441/1385/972 1440/1384/967
f 1440/1384/967 1441/1385/972 1442/1386/1060
f 1437/1381/1015 1443/1387/1020 1439/1383/1018
f 1437/1381/1015 1440/1384/967 1443/1387/1020
f 1439/1383/1018 1443/1387/1020 1444/1388/952
f 1443/1387/1020 1445/1389/953 1444/1388/952
f 1440/1384/967 1446/1390/975 1443/1387/1020
f 1443/1387/1020 1446/1390/975 1445/1389/953
f 1442/1386/1060 1446/1390/975 1440/1384/967
f 1446/1390/975 1447/1391/729 1445/1389/953
f 1446/1390/975 1442/1386/1060 1448/1392/730
f 1448/1392/730 1447/1391/729 1446/1390/975
f 1449/1393/1045 1450/1394/1046 1451/1395/1047
f 1451/1395/1047 1452/1396/865 1449/1393/1045
f 1451/1395/1047 1450/1394/1046 1453/1397/1048
f 1453/1397/1048 1454/1398/1061 1451/1395/1047
f 1450/1394/1046 1449/1393/1045 1455/1399/1062
f 1456/1400/992 1455/1399/1062 1449/1393/1045
f 1456/1400/992 1457/1401/1063 1455/1399/1062
f 1458/1402/1064 1455/1399/1062 1457/1401/1063
f 1450/1394/1046 1455/1399/1062 1459/1403/610
f 1459/1403/610 1455/1399/1062 1458/1402/1064
f 1459/1403/610 1453/1397/1048 1450/1394/1046
f 1460/1404/609 1459/1403/610 1458/1402/1064
f 1454/1398/1061 1453/1397/1048 1461/1405/1052
f 1461/1405/1052 1453/1397/1048 1459/1403/610
f 1461/1405/1052 1462/1406/1061 1454/1398/1061
f 1463/1407/1065 1462/1406/1061 1461/1405/1052
f 1464/1408/610 1459/1403/610 1460/1404/609
f 1459/1403/610 1464/1408/610 1461/1405/1052
f 1465/1409/612 1464/1408/610 1460/1404/609
f 1464/1408/610 1465/1409/612 1466/1410/613
f 1467/1411/1054 1461/1405/1052 1464/1408/610
f 1461/1405/1052 1467/1411/1054 1463/1407/1065
f 1466/1410/613 1468/1412/614 1464/1408/610
f 1468/1412/614 1467/1411/1054 1464/1408/610
f 1468/1412/614 1466/1410/613 1469/1413/1066
f 1469/1413/1066 1470/1414/1042 1468/1412/614
f 1471/1415/1056 1468/1412/614 1470/1414/1042
f 1471/1415/1056 1467/1411/1054 1468/1412/614
f 1463/1407/1065 1467/1411/1054 1471/1415/1056
f 1471/1415/1056 1472/1416/1057 1463/1407/1065
f 1473/1417/1067 1474/1418/1037 1475/1419/1068
f 1476/1420/1069 1477/1421/1070 1475/1419/1068
f 1478/1422/1071 1475/1419/1068 1474/1418/1037
f 1475/1419/1068 1478/1422/1071 1476/1420/1069
f 1474/1418/1037 1479/1423/1039 1478/1422/1071
f 1480/1424/1072 1476/1420/1069 1478/1422/1071
f 1478/1422/1071 1481/1425/1043 1480/1424/1072
f 1482/1426/1073 1480/1424/1072 1481/1425/1043
f 1481/1425/1043 1483/1427/1044 1482/1426/1073
f 1484/1428/1074 1482/1426/1073 1483/1427/1044
f 1482/1426/1073 1484/1428/1074 1485/1429/1075
f 1485/1429/1075 1484/1428/1074 1486/1430/612
f 1485/1429/1075 1486/1430/612 1487/1431/1076
f 1487/1431/1076 1486/1430/612 1488/1432/609
f 1488/1432/609 1489/1433/1077 1487/1431/1076
f 1490/1434/1078 1489/1433/1077 1488/1432/609
f 1488/1432/609 1491/1435/1064 1490/1434/1078
f 1492/1436/1079 1490/1434/1078 1491/1435/1064
f 1491/1435/1064 1493/1437/994 1492/1436/1079
f 1494/1438/630 1492/1436/1079 1493/1437/994
f 1492/1436/1079 1494/1438/630 1495/1439/1080
f 1496/1440/991 1495/1439/1080 1494/1438/630
f 1495/1439/1080 1496/1440/991 1497/1441/1081
f 1498/1442/1082 1497/1441/1081 1496/1440/991
f 1497/1441/1081 1498/1442/1082 1499/1443/1083
f 1500/1444/1084 1498/1442/1082 1496/1440/991
f 1496/1440/991 1501/1445/987 1500/1444/1084
f 1498/1442/1082 1500/1444/1084 1502/1446/855
f 1502/1446/855 1503/1447/1085 1498/1442/1082
f 1503/1447/1085 1499/1443/1083 1498/1442/1082
f 1499/1443/1083 1503/1447/1085 1504/1448/1086
f 1505/1449/1087 1504/1448/1086 1503/1447/1085
f 1503/1447/1085 1506/1450/1088 1505/1449/1087
f 1507/1451/1089 1505/1449/1087 1506/1450/1088
f 1508/1452/1090 1505/1449/1087 1507/1451/1089
f 1508/1452/1090 1507/1451/1089 1509/1453/1091
f 1509/1453/1091 1507/1451/1089 1510/1454/1092
f 1510/1454/1092 1507/1451/1089 1506/1450/1088
f 1506/1450/1088 1511/1455/1093 1510/1454/1092
f 1512/1456/978 1513/1457/1094 1514/1458/1095
f 1514/1458/1095 1509/1453/1091 1512/1456/978
f 1510/1454/1092 1512/1456/978 1509/1453/1091
f 1509/1453/1091 1514/1458/1095 1515/1459/1096
f 1515/1459/1096 1514/1458/1095 1516/1460/1025
f 1515/1459/1096 1517/1461/1097 1509/1453/1091
f 1516/1460/1025 1518/1462/1098 1515/1459/1096
f 1509/1453/1091 1517/1461/1097 1508/1452/1090
f 1519/1463/581 1518/1462/1098 1516/1460/1025
f 1518/1462/1098 1519/1463/581 1520/1464/1099
f 1521/1465/1100 1520/1464/1099 1519/1463/581
f 1519/1463/581 1522/1466/588 1521/1465/1100
f 1523/1467/1101 1521/1465/1100 1522/1466/588
f 1522/1466/588 1524/1468/695 1523/1467/1101
f 1525/1469/597 1523/1467/1101 1524/1468/695
f 1523/1467/1101 1525/1469/597 1526/1470/1102
f 1527/1471/1103 1526/1470/1102 1525/1469/597
f 1525/1469/597 1528/1472/601 1527/1471/1103
f 1529/1473/1104 1527/1471/1103 1528/1472/601
f 1528/1472/601 1530/1474/1105 1529/1473/1104
f 1529/1473/1104 1530/1474/1105 1531/1475/679
f 1531/1475/679 1532/1476/1106 1529/1473/1104
f 1533/1477/1107 1532/1476/1106 1531/1475/679
f 1531/1475/679 1534/1478/1034 1533/1477/1107
f 1535/1479/1108 1533/1477/1107 1534/1478/1034
f 1534/1478/1034 1536/1480/1109 1535/1479/1108
f 1536/1480/1109 1534/1478/1034 1537/1481/1110
f 1537/1481/1110 1538/1482/1111 1536/1480/1109
f 1539/1483/1112 1535/1479/1108 1536/1480/1109
f 1536/1480/1109 1538/1482/1111 1539/1483/1112
f 1535/1479/1108 1539/1483/1112 1540/1484/1113
f 1473/1417/1067 1539/1483/1112 1538/1482/1111
f 1477/1421/1070 1540/1484/1113 1539/1483/1112
f 1475/1419/1068 1539/1483/1112 1473/1417/1067
f 1539/1483/1112 1475/1419/1068 1477/1421/1070
f 1541/1485/900 1542/1486/1114 1543/1487/1115
f 1543/1487/1115 1544/1488/1116 1541/1485/900
f 1545/1489/1117 1546/1490/1118 1541/1485/900
f 1541/1485/900 1547/1491/1119 1545/1489/1117
f 1547/1491/1119 1541/1485/900 1544/1488/1116
f 1544/1488/1116 1548/1492/1120 1547/1491/1119
f 1549/1493/1108 1547/1491/1119 1548/1492/1120
f 1547/1491/1119 1549/1493/1108 1550/1494/887
f 1551/1495/1121 1550/1494/887 1549/1493/1108
f 1549/1493/1108 1552/1496/1122 1551/1495/1121
f 1550/1494/887 1551/1495/1121 1553/1497/1123
f 1553/1497/1123 1554/1498/1124 1550/1494/887
f 1555/1499/881 1551/1495/1121 1552/1496/1122
f 1552/1496/1122 1556/1500/1125 1555/1499/881
f 1555/1499/881 1556/1500/1125 1557/1501/1104
f 1557/1501/1104 1558/1502/1126 1555/1499/881
f 1559/1503/601 1558/1502/1126 1557/1501/1104
f 1557/1501/1104 1560/1504/1127 1559/1503/601
f 1561/1505/597 1559/1503/601 1560/1504/1127
f 1560/1504/1127 1562/1506/1102 1561/1505/597
f 1563/1507/1101 1561/1505/597 1562/1506/1102
f 1561/1505/597 1563/1507/1101 1564/1508/595
f 1565/1509/588 1564/1508/595 1563/1507/1101
f 1563/1507/1101 1566/1510/1100 1565/1509/588
f 1567/1511/581 1565/1509/588 1566/1510/1100
f 1566/1510/1100 1568/1512/1099 1567/1511/581
f 1569/1513/1128 1567/1511/581 1568/1512/1099
f 1567/1511/581 1569/1513/1128 1570/1514/1129
f 1570/1514/1129 1569/1513/1128 1571/1515/1097
f 1571/1515/1097 1572/1516/1130 1570/1514/1129
f 1573/1517/846 1572/1516/1130 1571/1515/1097
f 1571/1515/1097 1574/1518/1131 1573/1517/846
f 1573/1517/846 1574/1518/1131 1575/1519/1132
f 1575/1519/1132 1576/1520/1133 1573/1517/846
f 1575/1519/1132 1577/1521/1087 1576/1520/1133
f 1576/1520/1133 1577/1521/1087 1578/1522/1134
f 1579/1523/856 1578/1522/1134 1577/1521/1087
f 1580/1524/847 1576/1520/1133 1578/1522/1134
f 1578/1522/1134 1581/1525/1093 1580/1524/847
f 1582/1526/1135 1583/1527/1136 1584/1528/1137
f 1584/1528/1137 1585/1529/1138 1582/1526/1135
f 1582/1526/1135 1585/1529/1138 1586/1530/1139
f 1586/1530/1139 1587/1531/1140 1582/1526/1135
f 1588/1532/1141 1587/1531/1140 1586/1530/1139
f 1587/1531/1140 1588/1532/1141 1589/1533/1142
f 1590/1534/1143 1589/1533/1142 1588/1532/1141
f 1589/1533/1142 1590/1534/1143 1591/1535/1144
f 1592/1536/1145 1591/1535/1144 1590/1534/1143
f 1590/1534/1143 1593/1537/1146 1592/1536/1145
f 1594/1538/1147 1592/1536/1145 1593/1537/1146
f 1593/1537/1146 1595/1539/1148 1594/1538/1147
f 1594/1538/1147 1595/1539/1148 1596/1540/1149
f 1596/1540/1149 1597/1541/1150 1594/1538/1147
f 1598/1542/1151 1597/1541/1150 1596/1540/1149
f 1596/1540/1149 1599/1543/1152 1598/1542/1151
f 1600/1544/712 1598/1542/1151 1599/1543/1152
f 1598/1542/1151 1601/1545/1153 1597/1541/1150
f 1598/1542/1151 1600/1544/712 1602/1546/1154
f 1601/1545/1153 1598/1542/1151 1603/1547/1155
f 1602/1546/1154 1603/1547/1155 1598/1542/1151
f 1603/1547/1155 1604/1548/1156 1601/1545/1153
f 1603/1547/1155 1602/1546/1154 1605/1549/1157
f 1606/1550/1158 1604/1548/1156 1603/1547/1155
f 1605/1549/1157 1607/1551/1159 1603/1547/1155
f 1603/1547/1155 1607/1551/1159 1606/1550/1158
f 1607/1551/1159 1605/1549/1157 1608/1552/1160
f 1609/1553/1161 1606/1550/1158 1607/1551/1159
f 1608/1552/1160 1610/1554/1162 1607/1551/1159
f 1607/1551/1159 1610/1554/1162 1609/1553/1161
f 1610/1554/1162 1608/1552/1160 1611/1555/1163
f 1610/1554/1162 1612/1556/1164 1609/1553/1161
f 1611/1555/1163 1612/1556/1164 1610/1554/1162
f 1613/1557/871 1614/1558/859 1615/1559/1165
f 1615/1559/1165 1579/1523/856 1613/1557/871
f 1579/1523/856 1616/1560/1166 1613/1557/871
f 1617/1561/1167 1613/1557/871 1616/1560/1166
f 1616/1560/1166 1579/1523/856 1618/1562/1086
f 1613/1557/871 1617/1561/1167 1619/1563/870
f 1577/1521/1087 1618/1562/1086 1579/1523/856
f 1620/1564/1168 1619/1563/870 1617/1561/1167
f 1619/1563/870 1620/1564/1168 1621/1565/1169
f 1622/1566/1170 1621/1565/1169 1620/1564/1168
f 1621/1565/1169 1622/1566/1170 1623/1567/873
f 1624/1568/1051 1623/1567/873 1622/1566/1170
f 1622/1566/1170 1625/1569/1078 1624/1568/1051
f 1626/1570/1171 1624/1568/1051 1625/1569/1078
f 1625/1569/1078 1627/1571/1077 1626/1570/1171
f 1626/1570/1171 1627/1571/1077 1628/1572/1076
f 1628/1572/1076 1629/1573/612 1626/1570/1171
f 1630/1574/1075 1629/1573/612 1628/1572/1076
f 1630/1574/1075 1631/1575/1074 1629/1573/612
f 1632/1576/1172 1631/1575/1074 1630/1574/1075
f 1631/1575/1074 1632/1576/1172 1633/1577/907
f 1634/1578/657 1633/1577/907 1632/1576/1172
f 1632/1576/1172 1635/1579/1173 1634/1578/657
f 1542/1486/1114 1634/1578/657 1635/1579/1173
f 1635/1579/1173 1543/1487/1115 1542/1486/1114
f 1611/1555/1163 1636/1580/909 1637/1581/912
f 1637/1581/912 1612/1556/1164 1611/1555/1163
f 1637/1581/912 1638/1582/1174 1612/1556/1164
f 1638/1582/1174 1637/1581/912 1639/1583/1175
f 1640/1584/1176 1639/1583/1175 1637/1581/912
f 1612/1556/1164 1638/1582/1174 1609/1553/1161
f 1637/1581/912 1641/1585/1177 1640/1584/1176
f 1642/1586/997 1640/1584/1176 1641/1585/1177
f 1640/1584/1176 1642/1586/997 1643/1587/1178
f 1644/1588/1000 1643/1587/1178 1642/1586/997
f 1643/1587/1178 1644/1588/1000 1645/1589/1179
f 1646/1590/1180 1645/1589/1179 1644/1588/1000
f 1644/1588/1000 1647/1591/760 1646/1590/1180
f 1648/1592/1181 1646/1590/1180 1647/1591/760
f 1647/1591/760 1649/1593/1001 1648/1592/1181
f 1650/1594/1182 1648/1592/1181 1649/1593/1001
f 1650/1594/1182 1651/1595/1183 1648/1592/1181
f 1652/1596/1184 1651/1595/1183 1650/1594/1182
f 1650/1594/1182 1653/1597/1185 1652/1596/1184
f 1654/1598/1186 1652/1596/1184 1653/1597/1185
f 1653/1597/1185 1655/1599/1187 1654/1598/1186
f 1656/1600/1188 1654/1598/1186 1655/1599/1187
f 1654/1598/1186 1656/1600/1188 1657/1601/1189
f 1658/1602/1190 1657/1601/1189 1656/1600/1188
f 1656/1600/1188 1659/1603/749 1658/1602/1190
f 1660/1604/1191 1658/1602/1190 1659/1603/749
f 1659/1603/749 1661/1605/1192 1660/1604/1191
f 1661/1605/1192 1659/1603/749 1662/1606/1193
f 1662/1606/1193 1663/1607/1194 1661/1605/1192
f 1660/1604/1191 1661/1605/1192 1664/1608/1195
f 1664/1608/1195 1661/1605/1192 1663/1607/1194
f 1664/1608/1195 1665/1609/1196 1660/1604/1191
f 1663/1607/1194 1666/1610/963 1664/1608/1195
f 1665/1609/1196 1664/1608/1195 1667/1611/1197
f 1667/1611/1197 1664/1608/1195 1666/1610/963
f 1667/1611/1197 1668/1612/1198 1665/1609/1196
f 1666/1610/963 1669/1613/737 1667/1611/1197
f 1670/1614/1199 1668/1612/1198 1667/1611/1197
f 1671/1615/1200 1667/1611/1197 1669/1613/737
f 1667/1611/1197 1671/1615/1200 1670/1614/1199
f 1669/1613/737 1672/1616/735 1671/1615/1200
f 1671/1615/1200 1672/1616/735 1673/1617/1201
f 1583/1527/1136 1670/1614/1199 1671/1615/1200
f 1673/1617/1201 1584/1528/1137 1671/1615/1200
f 1671/1615/1200 1584/1528/1137 1583/1527/1136
f 1674/1618/1202 1675/1619/820 1676/1620/817
f 1676/1620/817 1677/1621/816 1674/1618/1202
f 1675/1619/820 1674/1618/1202 1678/1622/836
f 1678/1622/836 1679/1623/827 1675/1619/820
f 1674/1618/1202 1677/1621/816 1680/1624/1203
f 1680/1624/1203 1681/1625/1204 1674/1618/1202
f 1678/1622/836 1674/1618/1202 1681/1625/1204
f 1682/1626/1205 1680/1624/1203 1677/1621/816
f 1681/1625/1204 1683/1627/1206 1678/1622/836
f 1677/1621/816 1684/1628/1207 1682/1626/1205
f 1678/1622/836 1683/1627/1206 1685/1629/1208
f 1686/1630/1209 1682/1626/1205 1684/1628/1207
f 1687/1631/835 1678/1622/836 1685/1629/1208
f 1682/1626/1205 1686/1630/1209 1688/1632/1210
f 1687/1631/835 1685/1629/1208 1689/1633/1211
f 1690/1634/1174 1688/1632/1210 1686/1630/1209
f 1691/1635/1212 1687/1631/835 1689/1633/1211
f 1686/1630/1209 1692/1636/812 1690/1634/1174
f 1691/1635/1212 1689/1633/1211 1693/1637/1213
f 1694/1638/1214 1690/1634/1174 1692/1636/812
f 1693/1637/1213 1695/1639/1215 1691/1635/1212
f 1690/1634/1174 1694/1638/1214 1696/1640/1216
f 1697/1641/1014 1695/1639/1215 1693/1637/1213
f 1696/1640/1216 1694/1638/1214 1698/1642/1217
f 1693/1637/1213 1699/1643/1145 1697/1641/1014
f 1696/1640/1216 1698/1642/1217 1700/1644/1218
f 1701/1645/1219 1697/1641/1014 1699/1643/1145
f 1702/1646/1180 1700/1644/1218 1698/1642/1217
f 1699/1643/1145 1703/1647/1144 1701/1645/1219
f 1698/1642/1217 1704/1648/786 1702/1646/1180
f 1705/1649/1142 1701/1645/1219 1703/1647/1144
f 1706/1650/1181 1702/1646/1180 1704/1648/786
f 1701/1645/1219 1705/1649/1142 1707/1651/1141
f 1704/1648/786 1708/1652/1220 1706/1650/1181
f 1709/1653/1140 1707/1651/1141 1705/1649/1142
f 1710/1654/1221 1706/1650/1181 1708/1652/1220
f 1707/1651/1141 1709/1653/1140 1711/1655/1019
f 1710/1654/1221 1712/1656/1222 1706/1650/1181
f 1711/1655/1019 1709/1653/1140 1713/1657/1223
f 1714/1658/1224 1712/1656/1222 1710/1654/1221
f 1715/1659/1225 1711/1655/1019 1713/1657/1223
f 1710/1654/1221 1716/1660/1226 1714/1658/1224
f 1717/1661/1227 1715/1659/1225 1713/1657/1223
f 1718/1662/1228 1714/1658/1224 1716/1660/1226
f 1713/1657/1223 1719/1663/1229 1717/1661/1227
f 1716/1660/1226 1720/1664/1230 1718/1662/1228
f 1721/1665/948 1717/1661/1227 1719/1663/1229
f 1722/1666/1231 1718/1662/1228 1720/1664/1230
f 1719/1663/1229 1723/1667/1232 1721/1665/948
f 1718/1662/1228 1722/1666/1231 1724/1668/1222
f 1725/1669/1190 1724/1668/1222 1722/1666/1231
f 1722/1666/1231 1726/1670/1233 1725/1669/1190
f 1727/1671/1234 1721/1665/948 1723/1667/1232
f 1728/1672/1235 1725/1669/1190 1726/1670/1233
f 1723/1667/1232 1729/1673/1236 1727/1671/1234
f 1727/1671/1234 1729/1673/1236 1730/1674/1237
f 1731/1675/1238 1730/1674/1237 1728/1672/1235
f 1730/1674/1237 1731/1675/1238 1727/1671/1234
f 1727/1671/1234 1731/1675/1238 1732/1676/1239
f 1732/1676/1239 1733/1677/1240 1727/1671/1234
f 1728/1672/1235 1734/1678/1241 1731/1675/1238
f 1726/1670/1233 1734/1678/1241 1728/1672/1235
f 1734/1678/1241 1726/1670/1233 1735/1679/932
f 1735/1679/932 1736/1680/1242 1734/1678/1241
f 1737/1681/1243 1738/1682/655 1739/1683/1244
f 1739/1683/1244 1740/1684/1245 1737/1681/1243
f 1738/1682/655 1741/1685/1087 1739/1683/1244
f 1742/1686/643 1739/1683/1244 1741/1685/1087
f 1743/1687/1246 1741/1685/1087 1738/1682/655
f 1741/1685/1087 1744/1688/1247 1742/1686/643
f 1743/1687/1246 1738/1682/655 1745/1689/654
f 1746/1690/1248 1742/1686/643 1744/1688/1247
f 1745/1689/654 1747/1691/1249 1743/1687/1246
f 1742/1686/643 1746/1690/1248 1748/1692/1250
f 1749/1693/1251 1747/1691/1249 1745/1689/654
f 1750/1694/1252 1748/1692/1250 1746/1690/1248
f 1745/1689/654 1751/1695/1253 1749/1693/1251
f 1748/1692/1250 1750/1694/1252 1752/1696/632
f 1749/1693/1251 1751/1695/1253 1753/1697/1254
f 1754/1698/1255 1752/1696/632 1750/1694/1252
f 1753/1697/1254 1755/1699/1256 1749/1693/1251
f 1752/1696/632 1754/1698/1255 1756/1700/993
f 1757/1701/581 1755/1699/1256 1753/1697/1254
f 1758/1702/1257 1756/1700/993 1754/1698/1255
f 1755/1699/1256 1757/1701/581 1759/1703/1099
f 1756/1700/993 1758/1702/1257 1760/1704/629
f 1761/1705/1100 1759/1703/1099 1757/1701/581
f 1762/1706/1051 1760/1704/629 1758/1702/1257
f 1757/1701/581 1763/1707/1258 1761/1705/1100
f 1758/1702/1257 1764/1708/1078 1762/1706/1051
f 1765/1709/1101 1761/1705/1100 1763/1707/1258
f 1766/1710/609 1762/1706/1051 1764/1708/1078
f 1763/1707/1258 1767/1711/695 1765/1709/1101
f 1764/1708/1078 1768/1712/1077 1766/1710/609
f 1769/1713/597 1765/1709/1101 1767/1711/695
f 1766/1710/609 1768/1712/1077 1770/1714/1076
f 1765/1709/1101 1769/1713/597 1771/1715/1102
f 1770/1714/1076 1772/1716/1259 1766/1710/609
f 1773/1717/1127 1771/1715/1102 1769/1713/597
f 1774/1718/1075 1772/1716/1259 1770/1714/1076
f 1769/1713/597 1775/1719/601 1773/1717/1127
f 1774/1718/1075 1776/1720/1074 1772/1716/1259
f 1777/1721/1104 1773/1717/1127 1775/1719/601
f 1778/1722/1172 1776/1720/1074 1774/1718/1075
f 1775/1719/601 1779/1723/1105 1777/1721/1104
f 1776/1720/1074 1778/1722/1172 1780/1724/656
f 1777/1721/1104 1779/1723/1105 1781/1725/679
f 1782/1726/657 1780/1724/656 1778/1722/1172
f 1781/1725/679 1783/1727/1260 1777/1721/1104
f 1778/1722/1172 1784/1728/1261 1782/1726/657
f 1785/1729/1107 1783/1727/1260 1781/1725/679
f 1786/1730/1262 1782/1726/657 1784/1728/1261
f 1781/1725/679 1787/1731/1263 1785/1729/1107
f 1784/1728/1261 1788/1732/1264 1786/1730/1262
f 1789/1733/1108 1785/1729/1107 1787/1731/1263
f 1790/1734/1265 1786/1730/1262 1788/1732/1264
f 1788/1732/1264 1791/1735/1116 1790/1734/1265
f 1787/1731/1263 1792/1736/1266 1789/1733/1108
f 1792/1736/1266 1787/1731/1263 1793/1737/1110
f 1793/1737/1110 1794/1738/1267 1792/1736/1266
f 1795/1739/1268 1789/1733/1108 1792/1736/1266
f 1792/1736/1266 1794/1738/1267 1795/1739/1268
f 1795/1739/1268 1790/1734/1265 1791/1735/1116
f 1789/1733/1108 1795/1739/1268 1796/1740/1120
f 1791/1735/1116 1796/1740/1120 1795/1739/1268
f 1797/1741/1067 1795/1739/1268 1794/1738/1267
f 1790/1734/1265 1795/1739/1268 1797/1741/1067
f 1797/1741/1067 1798/1742/1269 1790/1734/1265
f 1799/1743/1270 1800/1744/1152 1801/1745/1151
f 1802/1746/712 1801/1745/1151 1800/1744/1152
f 1801/1745/1151 1802/1746/712 1803/1747/918
f 1801/1745/1151 1804/1748/1271 1799/1743/1270
f 1799/1743/1270 1804/1748/1271 1805/1749/1147
f 1805/1749/1147 1806/1750/1272 1799/1743/1270
f 1801/1745/1151 1807/1751/1273 1804/1748/1271
f 1808/1752/1146 1806/1750/1272 1805/1749/1147
f 1805/1749/1147 1809/1753/1145 1808/1752/1146
f 1810/1754/1143 1808/1752/1146 1809/1753/1145
f 1809/1753/1145 1811/1755/1144 1810/1754/1143
f 1812/1756/1142 1810/1754/1143 1811/1755/1144
f 1810/1754/1143 1812/1756/1142 1813/1757/1141
f 1814/1758/1140 1813/1757/1141 1812/1756/1142
f 1813/1757/1141 1814/1758/1140 1815/1759/1060
f 1815/1759/1060 1814/1758/1140 1816/1760/1135
f 1816/1760/1135 1817/1761/730 1815/1759/1060
f 1818/1762/964 1817/1761/730 1816/1760/1135
f 1816/1760/1135 1819/1763/1136 1818/1762/964
f 1820/1764/1274 1818/1762/964 1819/1763/1136
f 1821/1765/1201 1818/1762/964 1820/1764/1274
f 1820/1764/1274 1822/1766/735 1821/1765/1201
f 1819/1763/1136 1823/1767/1275 1820/1764/1274
f 1824/1768/737 1822/1766/735 1820/1764/1274
f 1825/1769/1276 1820/1764/1274 1823/1767/1275
f 1820/1764/1274 1825/1769/1276 1824/1768/737
f 1823/1767/1275 1826/1770/1198 1825/1769/1276
f 1827/1771/1277 1824/1768/737 1825/1769/1276
f 1825/1769/1276 1826/1770/1198 1828/1772/1196
f 1825/1769/1276 1829/1773/1278 1827/1771/1277
f 1828/1772/1196 1829/1773/1278 1825/1769/1276
f 1830/1774/742 1827/1771/1277 1829/1773/1278
f 1829/1773/1278 1828/1772/1196 1831/1775/1279
f 1829/1773/1278 1832/1776/1280 1830/1774/742
f 1831/1775/1279 1832/1776/1280 1829/1773/1278
f 1833/1777/1281 1830/1774/742 1832/1776/1280
f 1831/1775/1279 1834/1778/1190 1832/1776/1280
f 1832/1776/1280 1835/1779/1282 1833/1777/1281
f 1834/1778/1190 1835/1779/1282 1832/1776/1280
f 1836/1780/750 1835/1779/1282 1834/1778/1190
f 1834/1778/1190 1837/1781/1283 1836/1780/750
f 1838/1782/1284 1836/1780/750 1837/1781/1283
f 1836/1780/750 1838/1782/1284 1839/1783/749
f 1840/1784/770 1839/1783/749 1838/1782/1284
f 1838/1782/1284 1841/1785/1285 1840/1784/770
f 1842/1786/768 1840/1784/770 1841/1785/1285
f 1841/1785/1285 1843/1787/1286 1842/1786/768
f 1842/1786/768 1843/1787/1286 1844/1788/1181
f 1842/1786/768 1844/1788/1181 1845/1789/1220
f 1846/1790/786 1845/1789/1220 1844/1788/1181
f 1844/1788/1181 1847/1791/1180 1846/1790/786
f 1848/1792/758 1846/1790/786 1847/1791/1180
f 1847/1791/1180 1849/1793/1287 1848/1792/758
f 1850/1794/1288 1848/1792/758 1849/1793/1287
f 1848/1792/758 1850/1794/1288 1851/1795/752
f 1852/1796/1289 1851/1795/752 1850/1794/1288
f 1851/1795/752 1852/1796/1289 1853/1797/726
f 1854/1798/727 1853/1797/726 1852/1796/1289
f 1852/1796/1289 1855/1799/1290 1854/1798/727
f 1856/1800/1291 1854/1798/727 1855/1799/1290
f 1854/1798/727 1856/1800/1291 1857/1801/1292
f 1858/1802/1293 1857/1801/1292 1856/1800/1291
f 1859/1803/721 1857/1801/1292 1858/1802/1293
f 1856/1800/1291 1860/1804/1161 1858/1802/1293
f 1858/1802/1293 1861/1805/1294 1859/1803/721
f 1862/1806/1159 1858/1802/1293 1860/1804/1161
f 1861/1805/1294 1858/1802/1293 1862/1806/1159
f 1860/1804/1161 1863/1807/1158 1862/1806/1159
f 1862/1806/1159 1864/1808/1295 1861/1805/1294
f 1865/1809/1296 1862/1806/1159 1863/1807/1158
f 1864/1808/1295 1862/1806/1159 1865/1809/1296
f 1863/1807/1158 1866/1810/1297 1865/1809/1296
f 1865/1809/1296 1803/1747/918 1864/1808/1295
f 1865/1809/1296 1866/1810/1297 1807/1751/1273
f 1803/1747/918 1865/1809/1296 1801/1745/1151
f 1807/1751/1273 1801/1745/1151 1865/1809/1296
