# Blender 5.1.1
# www.blender.org
mtllib kuronamivandalmag.mtl
o GN_AK_Magazine_Ninja_Lv3_Staticmesh.mo
v -0.451995 -0.738968 0.062439
v -0.485037 -0.677708 0.078757
v -0.489813 -0.683387 0.061808
v -0.435105 -0.744274 0.083160
v -0.451995 -0.738968 0.062439
v -0.530873 -0.751699 0.061721
v -0.535453 -0.760611 0.082477
v -0.435105 -0.744274 0.083160
v -0.561353 -0.689634 0.061915
v -0.485037 -0.677708 0.078757
v -0.569726 -0.685644 0.081492
v -0.489813 -0.683387 0.061808
v -0.530873 -0.751699 0.061721
v -0.569726 -0.685644 0.081492
v -0.535453 -0.760611 0.082477
v -0.561353 -0.689634 0.061915
v -0.559266 -0.787117 0.062254
v -0.511471 -0.841832 0.076999
v -0.551303 -0.779500 0.079550
v -0.524571 -0.838635 0.061813
v -0.627267 -0.790170 0.062394
v -0.605603 -0.851525 0.076850
v -0.598263 -0.851805 0.061596
v -0.637209 -0.785425 0.082461
v -0.627267 -0.790170 0.062394
v -0.551303 -0.779500 0.079550
v -0.637209 -0.785425 0.082461
v -0.559266 -0.787117 0.062254
v -0.485037 -0.677708 -0.079204
v -0.451995 -0.738968 -0.062884
v -0.489813 -0.683387 -0.062253
v -0.435105 -0.744274 -0.083606
v -0.451995 -0.738968 -0.062884
v -0.535453 -0.760611 -0.082922
v -0.530873 -0.751699 -0.062167
v -0.435105 -0.744274 -0.083606
v -0.569726 -0.685644 -0.081940
v -0.485037 -0.677708 -0.079204
v -0.561353 -0.689634 -0.062361
v -0.489813 -0.683387 -0.062253
v -0.535453 -0.760611 -0.082922
v -0.569726 -0.685644 -0.081940
v -0.530873 -0.751699 -0.062167
v -0.561353 -0.689634 -0.062361
v -0.551303 -0.779500 -0.079995
v -0.511471 -0.841832 -0.077443
v -0.559266 -0.787117 -0.062703
v -0.524571 -0.838635 -0.062258
v -0.605603 -0.851525 -0.077296
v -0.627267 -0.790170 -0.062838
v -0.598263 -0.851805 -0.062041
v -0.637209 -0.785425 -0.082907
v -0.637209 -0.785425 -0.082907
v -0.551303 -0.779500 -0.079995
v -0.627267 -0.790170 -0.062838
v -0.559266 -0.787117 -0.062703
v -1.079574 -1.069867 -0.000223
v -1.048395 -1.119701 -0.090487
v -1.233428 -1.118183 -0.042786
v -1.394130 -1.109702 -0.000223
v -1.048395 -1.119701 -0.090487
v -1.067947 -1.049441 -0.000223
v -1.016996 -1.054688 -0.046955
v -1.079574 -1.069867 -0.000223
v -1.079574 -1.069867 -0.000223
v -1.233428 -1.118183 0.042341
v -1.048395 -1.119701 0.090041
v -1.394130 -1.109702 -0.000223
v -1.048395 -1.119701 0.090041
v -1.067947 -1.049441 -0.000223
v -1.079574 -1.069867 -0.000223
v -1.016996 -1.054688 0.046511
v -0.182185 0.154776 0.056313
v 0.003310 0.154825 0.027896
v -0.182594 0.154810 0.027692
v 0.003344 0.154791 0.056313
v -0.177289 -0.723232 -0.000223
v -0.192926 -0.705460 -0.000223
v -0.181227 -0.721405 0.026510
v -0.197147 -0.703527 0.029283
v -0.192357 -0.717423 0.048269
v -0.213364 -0.697782 0.049120
v -0.209220 -0.710750 0.063175
v -0.233701 -0.690097 0.058726
v -0.235203 -0.699804 0.073813
v -0.360732 -0.639800 0.061158
v -0.362004 -0.648264 0.081327
v -0.373363 -0.637852 0.061192
v -0.374878 -0.646490 0.081212
v -0.460019 -0.649354 0.058028
v -0.462545 -0.659337 0.081278
v -1.196925 -0.954216 -0.000223
v -1.133653 -0.915189 -0.000223
v -1.176990 -0.961239 -0.030805
v -1.108810 -0.916923 -0.034798
v -1.155195 -0.968779 -0.054943
v -1.084733 -0.918434 -0.057431
v -1.122179 -0.980357 -0.078747
v -1.044780 -0.920494 -0.080846
v -1.086921 -0.991849 -0.094223
v -0.999525 -0.922231 -0.093983
v -1.053381 -1.004419 -0.102190
v -1.033466 -0.985452 -0.105904
v -1.002202 -0.967671 -0.108171
v -0.960414 -0.954316 -0.110221
v -0.963282 -0.923338 -0.100984
v -0.874214 -0.913499 -0.101881
v -0.851940 -0.940276 -0.111873
v -0.748181 -0.897537 -0.102076
v -0.745133 -0.926893 -0.112878
v -0.566700 -0.873017 -0.102363
v -0.560842 -0.899632 -0.113974
v -0.523173 -0.855594 -0.100436
v -0.496918 -0.892086 -0.112751
v -0.483675 -0.822027 -0.093113
v -0.470974 -0.892525 -0.112526
v -0.425674 -0.811415 -0.090701
v -0.450375 -0.899155 -0.112763
v -0.392125 -0.892751 -0.109600
v -0.434387 -0.913414 -0.113683
v -0.368028 -0.797159 -0.087410
v -0.332427 -0.863422 -0.103173
v -0.303607 -0.779900 -0.082024
v -0.273682 -0.834197 -0.093621
v -0.247850 -0.762877 -0.074306
v -0.220086 -0.806877 -0.080576
v -0.214312 -0.751948 -0.061413
v -0.187453 -0.791021 -0.065807
v -0.195350 -0.744863 -0.042938
v -0.166662 -0.779568 -0.044910
v -0.156512 -0.774014 -0.020209
v -0.184911 -0.740124 -0.020349
v -0.153705 -0.772559 -0.000223
v -0.183114 -0.739343 -0.000223
v -1.001700 -1.054472 -0.059109
v -0.949695 -1.099887 -0.000223
v -1.016996 -1.054688 -0.046955
v -1.053381 -1.004419 -0.102190
v -1.067947 -1.049441 -0.000223
v -1.086921 -0.991849 -0.094223
v -1.120023 -1.019548 -0.000223
v -1.122179 -0.980357 -0.078747
v -1.155195 -0.968779 -0.054943
v -1.166644 -0.984897 -0.000223
v -1.176990 -0.961239 -0.030805
v -1.196925 -0.954216 -0.000223
v -1.016996 -1.054688 0.046511
v -1.048395 -1.119701 0.090041
v -0.949695 -1.099887 -0.000223
v -1.003957 -1.168547 0.077097
v -0.939004 -1.126768 -0.000223
v -0.939686 -1.207940 0.066269
v -0.906660 -1.157231 -0.000223
v -0.864592 -1.228359 0.061819
v -0.853225 -1.177818 -0.000223
v -0.785306 -1.236223 0.063793
v -0.794533 -1.183924 -0.000223
v -0.739116 -1.174878 -0.000223
v -0.696474 -1.236293 0.072137
v -0.702093 -1.149854 -0.000223
v -0.605746 -1.231316 0.082493
v -0.605747 -1.142503 0.050843
v -0.692112 -1.130657 -0.000223
v -0.693193 -1.102811 -0.000223
v -0.600235 -1.061683 0.042037
v -0.708610 -1.074402 -0.000223
v -0.507353 -1.007367 0.066175
v -0.608333 -1.002123 0.042988
v -0.660639 -0.973636 0.053377
v -0.731486 -1.055843 -0.000223
v -0.501935 -0.943973 0.076165
v -0.465384 -0.979889 0.081917
v -0.442162 -0.948241 0.099616
v -0.434387 -0.913414 0.113237
v -0.450375 -0.899155 0.112316
v -0.470974 -0.892525 0.112080
v -0.496918 -0.892086 0.112303
v -0.560842 -0.899632 0.113526
v -0.745133 -0.926893 0.112430
v -0.744156 -0.980054 0.053317
v -0.761353 -1.042445 -0.000223
v -0.802349 -1.032097 -0.000223
v -0.818341 -0.985924 0.053547
v -0.851940 -0.940276 0.111426
v -0.844876 -1.028827 -0.000223
v -0.893073 -0.993174 0.054131
v -0.881302 -1.030862 -0.000223
v -0.960414 -0.954316 0.109775
v -0.917370 -1.045085 -0.000223
v -0.952881 -1.004176 0.053665
v -1.002202 -0.967671 0.107725
v -0.941787 -1.066680 -0.000223
v -0.988219 -1.026036 0.050874
v -1.033466 -0.985452 0.105456
v -1.053381 -1.004419 0.101743
v -1.001700 -1.054472 0.058661
v -0.949695 -1.099887 -0.000223
v -0.153705 -0.772559 -0.000223
v -0.183114 -0.739343 -0.000223
v -0.184911 -0.740124 0.019902
v -0.156512 -0.774014 0.019765
v -0.195350 -0.744863 0.042493
v -0.166662 -0.779568 0.044465
v -0.187453 -0.791021 0.065363
v -0.214312 -0.751948 0.060967
v -0.220086 -0.806877 0.080128
v -0.247850 -0.762877 0.073861
v -0.273682 -0.834197 0.093175
v -0.303607 -0.779900 0.081577
v -0.332427 -0.863422 0.102727
v -0.368028 -0.797159 0.086965
v -0.392125 -0.892751 0.109155
v -0.425674 -0.811415 0.090254
v -0.450375 -0.899155 0.112316
v -0.434387 -0.913414 0.113237
v -0.470974 -0.892525 0.112080
v -0.483675 -0.822027 0.092667
v -0.496918 -0.892086 0.112303
v -0.523173 -0.855594 0.099989
v -0.560842 -0.899632 0.113526
v -0.566700 -0.873017 0.101916
v -0.745133 -0.926893 0.112430
v -0.748181 -0.897537 0.101630
v -0.851940 -0.940276 0.111426
v -0.874214 -0.913499 0.101434
v -0.960414 -0.954316 0.109775
v -0.963282 -0.923338 0.100538
v -0.999525 -0.922231 0.093539
v -1.002202 -0.967671 0.107725
v -1.033466 -0.985452 0.105456
v -1.086921 -0.991849 0.093776
v -1.053381 -1.004419 0.101743
v -1.044780 -0.920494 0.080398
v -1.122179 -0.980357 0.078301
v -1.084733 -0.918434 0.056985
v -1.155195 -0.968779 0.054498
v -1.108810 -0.916923 0.034352
v -1.176990 -0.961239 0.030359
v -1.133653 -0.915189 -0.000223
v -1.196925 -0.954216 -0.000223
v -1.394130 -1.109702 -0.000223
v -1.273631 -1.181084 -0.000223
v -1.233428 -1.118183 0.042341
v -1.179409 -1.230557 -0.000223
v -1.048395 -1.119701 0.090041
v -1.071227 -1.277272 -0.000223
v -1.003957 -1.168547 0.077097
v -0.977051 -1.304013 -0.000223
v -0.939686 -1.207940 0.066269
v -0.881922 -1.316962 -0.000223
v -0.864592 -1.228359 0.061819
v -0.782919 -1.320939 -0.000223
v -0.785306 -1.236223 0.063793
v -0.696474 -1.236293 0.072137
v -0.685205 -1.316702 -0.000223
v -0.605746 -1.231316 0.082493
v -0.583481 -1.308509 -0.000223
v -0.478035 -1.257622 0.042945
v -0.479477 -1.295876 -0.000223
v -0.336792 -1.273782 -0.000223
v 0.079034 0.061375 -0.000223
v 0.117576 0.169130 -0.000223
v 0.077396 0.068012 0.028555
v 0.108795 0.165244 0.032532
v 0.073298 0.084178 0.052280
v 0.093406 0.161003 0.058834
v 0.058539 0.104371 0.071724
v 0.068575 0.155316 0.075364
v 0.037138 0.149422 0.084347
v 0.030580 0.125408 0.084051
v -0.334176 0.083075 0.092437
v -0.328830 0.066114 0.092896
v -0.368429 0.078794 0.088784
v -0.374240 0.043735 0.088505
v -0.403823 0.077127 0.080335
v -0.407573 0.020840 0.082349
v -0.431042 0.036181 0.069516
v -0.436089 0.077763 0.070066
v -0.431950 -0.016077 0.078806
v -0.461545 0.034382 0.053336
v -0.466585 0.080746 0.055173
v -0.462922 -0.017559 0.059019
v -0.482659 0.034168 0.038196
v -0.483597 -0.018469 0.041574
v -0.488941 0.084529 0.040576
v -0.502035 -0.019144 0.021407
v -0.503359 0.036393 0.019430
v -0.517384 -0.019034 -0.000223
v -0.511565 0.090373 0.021213
v -0.518815 0.039894 -0.000223
v -0.526903 0.099686 -0.000223
v -0.524275 0.101377 -0.000223
v -0.526903 0.099686 -0.000223
v -0.511565 0.090373 0.021213
v -0.495847 0.102896 0.019585
v -0.488941 0.084529 0.040576
v -0.457994 0.107232 0.034268
v -0.466585 0.080746 0.055173
v -0.436089 0.077763 0.070066
v -0.405958 0.115749 0.048067
v -0.403823 0.077127 0.080335
v -0.363064 0.126129 0.055537
v -0.368429 0.078794 0.088784
v -0.309807 0.142333 0.061293
v -0.334176 0.083075 0.092437
v -0.215249 0.185306 0.062502
v 0.037138 0.149422 0.084347
v 0.008071 0.204173 0.062502
v 0.039441 0.205485 0.059014
v 0.068575 0.155316 0.075364
v 0.066021 0.200170 0.047048
v 0.093406 0.161003 0.058834
v 0.108795 0.165244 0.032532
v 0.090393 0.190848 0.025532
v 0.117576 0.169130 -0.000223
v 0.103636 0.181923 -0.000223
v -0.023939 -0.318313 -0.063209
v -0.006262 -0.322788 -0.047352
v -0.004408 -0.324561 -0.034716
v 0.002454 -0.324449 -0.024788
v 0.000359 -0.325425 -0.000223
v 0.005391 -0.324637 -0.000223
v 0.117576 0.169130 -0.000223
v 0.079034 0.061375 -0.000223
v 0.077396 0.068012 -0.029001
v 0.108795 0.165244 -0.032977
v 0.073298 0.084178 -0.052726
v 0.093406 0.161003 -0.059281
v 0.058539 0.104371 -0.072171
v 0.068575 0.155316 -0.075809
v 0.037138 0.149422 -0.084794
v 0.030580 0.125408 -0.084499
v -0.334176 0.083075 -0.092882
v -0.328830 0.066114 -0.093343
v -0.368429 0.078794 -0.089230
v -0.374240 0.043735 -0.088952
v -0.403823 0.077127 -0.080783
v -0.407573 0.020840 -0.082796
v -0.431042 0.036181 -0.069961
v -0.436089 0.077763 -0.070514
v -0.431950 -0.016077 -0.079254
v -0.461545 0.034382 -0.053783
v -0.466585 0.080746 -0.055621
v -0.462922 -0.017559 -0.059465
v -0.482659 0.034168 -0.038642
v -0.483597 -0.018469 -0.042019
v -0.488941 0.084529 -0.041022
v -0.502035 -0.019144 -0.021853
v -0.503359 0.036393 -0.019876
v -0.517384 -0.019034 -0.000223
v -0.511565 0.090373 -0.021659
v -0.518815 0.039894 -0.000223
v -0.526903 0.099686 -0.000223
v -0.447759 0.022770 -0.012973
v -0.470164 0.022741 -0.000223
v -0.382213 0.022970 -0.000223
v -0.382213 0.022970 -0.031747
v -0.308253 0.023079 -0.000223
v -0.308253 0.023079 -0.044559
v -0.227223 0.023257 -0.000223
v -0.227223 0.023257 -0.052147
v -0.015445 0.019074 -0.050555
v 0.023951 0.019155 -0.000223
v 0.024113 0.019155 -0.022047
v 0.015773 0.019137 -0.041043
v 0.003310 0.154825 0.027896
v 0.003344 0.154791 0.056313
v 0.040978 0.128501 0.056453
v 0.042451 0.129600 0.012555
v 0.053731 0.105591 0.056320
v 0.053750 0.105593 -0.012317
v -0.497534 0.082023 -0.000265
v -0.493960 0.083524 0.007156
v -0.493960 0.083524 -0.007507
v -0.461244 0.094449 0.023125
v -0.461228 0.094450 -0.024363
v -0.417720 0.101504 -0.036879
v -0.417727 0.101503 0.037141
v -0.377001 0.105523 0.044346
v -0.377001 0.105523 -0.045135
v -0.327356 0.106321 -0.051814
v -0.327356 0.106321 0.051541
v -0.248834 0.105593 -0.012277
v -0.249275 0.105593 0.056453
v -0.249649 0.105591 -0.056186
v 0.053713 0.105591 -0.056053
v 0.053750 0.105593 -0.012317
v -0.687635 -0.505930 0.026074
v -0.672273 -0.503574 -0.000223
v -0.690403 -0.504702 -0.000223
v -0.666984 -0.505521 0.021899
v -0.676899 -0.510666 0.049585
v -0.656935 -0.508239 0.038568
v -0.658527 -0.518503 0.068569
v -0.645199 -0.514065 0.050647
v -0.634782 -0.528240 0.076228
v -0.626442 -0.523580 0.059748
v -0.599245 -0.543652 0.078351
v -0.594464 -0.536321 0.064262
v -0.507135 -0.583870 0.078138
v -0.502904 -0.574749 0.060866
v -0.496394 -0.593893 0.077947
v -0.492197 -0.584694 0.060239
v -0.460019 -0.649354 0.058028
v -0.462545 -0.659337 0.081278
v -0.177289 -0.723232 -0.000223
v -0.181227 -0.721405 -0.026956
v -0.192926 -0.705460 -0.000223
v -0.197147 -0.703527 -0.029731
v -0.192357 -0.717423 -0.048714
v -0.213364 -0.697782 -0.049565
v -0.209220 -0.710750 -0.063620
v -0.233701 -0.690097 -0.059172
v -0.235203 -0.699804 -0.074259
v -0.360732 -0.639800 -0.061604
v -0.362004 -0.648264 -0.081773
v -0.373363 -0.637852 -0.061638
v -0.374878 -0.646490 -0.081657
v -0.460019 -0.649354 -0.058477
v -0.462545 -0.659337 -0.081723
v -0.672273 -0.503574 -0.000223
v -0.687635 -0.505930 -0.026521
v -0.690403 -0.504702 -0.000223
v -0.666984 -0.505521 -0.022345
v -0.676899 -0.510666 -0.050033
v -0.656935 -0.508239 -0.039015
v -0.658527 -0.518503 -0.069016
v -0.645199 -0.514065 -0.051096
v -0.634782 -0.528240 -0.076673
v -0.626442 -0.523580 -0.060195
v -0.599245 -0.543652 -0.078796
v -0.594464 -0.536321 -0.064707
v -0.507135 -0.583870 -0.078584
v -0.502904 -0.574749 -0.061311
v -0.496394 -0.593893 -0.078392
v -0.492197 -0.584694 -0.060683
v -0.460019 -0.649354 -0.058477
v -0.462545 -0.659337 -0.081723
v -1.016996 -1.054688 -0.046955
v -0.949695 -1.099887 -0.000223
v -1.048395 -1.119701 -0.090487
v -1.003957 -1.168547 -0.077544
v -0.939004 -1.126768 -0.000223
v -0.939686 -1.207940 -0.066717
v -0.906660 -1.157231 -0.000223
v -0.864592 -1.228359 -0.062266
v -0.853225 -1.177818 -0.000223
v -0.785306 -1.236223 -0.064238
v -0.794533 -1.183924 -0.000223
v -0.739116 -1.174878 -0.000223
v -0.696474 -1.236293 -0.072582
v -0.702093 -1.149854 -0.000223
v -0.605746 -1.231316 -0.082941
v -0.605747 -1.142503 -0.051288
v -0.692112 -1.130657 -0.000223
v -0.693193 -1.102811 -0.000223
v -0.600235 -1.061683 -0.042482
v -0.708610 -1.074402 -0.000223
v -0.507353 -1.007367 -0.066623
v -0.608333 -1.002123 -0.043433
v -0.660639 -0.973636 -0.053825
v -0.731486 -1.055843 -0.000223
v -0.501935 -0.943973 -0.076612
v -0.465384 -0.979889 -0.082364
v -0.442162 -0.948241 -0.100060
v -0.434387 -0.913414 -0.113683
v -0.450375 -0.899155 -0.112763
v -0.470974 -0.892525 -0.112526
v -0.496918 -0.892086 -0.112751
v -0.560842 -0.899632 -0.113974
v -0.745133 -0.926893 -0.112878
v -0.744156 -0.980054 -0.053763
v -0.761353 -1.042445 -0.000223
v -0.802349 -1.032097 -0.000223
v -0.818341 -0.985924 -0.053993
v -0.851940 -0.940276 -0.111873
v -0.844876 -1.028827 -0.000223
v -0.893073 -0.993174 -0.054577
v -0.881302 -1.030862 -0.000223
v -0.960414 -0.954316 -0.110221
v -0.917370 -1.045085 -0.000223
v -0.952881 -1.004176 -0.054110
v -1.002202 -0.967671 -0.108171
v -0.941787 -1.066680 -0.000223
v -0.988219 -1.026036 -0.051320
v -1.033466 -0.985452 -0.105904
v -1.053381 -1.004419 -0.102190
v -1.001700 -1.054472 -0.059109
v -0.949695 -1.099887 -0.000223
v -1.111148 -0.916611 -0.000223
v -1.108810 -0.916923 -0.034798
v -1.133653 -0.915189 -0.000223
v -1.095955 -0.917669 -0.028754
v -1.084733 -0.918434 -0.057431
v -1.072004 -0.919120 -0.051916
v -1.044780 -0.920494 -0.080846
v -1.035035 -0.920872 -0.073899
v -0.999525 -0.922231 -0.093983
v -0.997081 -0.922288 -0.086533
v -0.963282 -0.923338 -0.100984
v -0.955209 -0.922767 -0.093945
v -0.874214 -0.913499 -0.101881
v -0.873615 -0.912409 -0.093817
v -0.748181 -0.897537 -0.102076
v -0.747927 -0.896028 -0.093946
v -0.566700 -0.873017 -0.102363
v -0.566778 -0.872417 -0.093158
v -0.523173 -0.855594 -0.100436
v -0.522992 -0.855282 -0.091442
v -0.493879 -0.830217 -0.088350
v -0.483675 -0.822027 -0.093113
v -0.483675 -0.822027 -0.060740
v -0.494170 -0.830180 -0.060604
v -0.425674 -0.811415 -0.090701
v -0.483675 -0.822027 -0.093113
v -0.483675 -0.822027 -0.060740
v -0.425677 -0.811426 -0.060924
v -0.368028 -0.797159 -0.087410
v -0.368044 -0.797208 -0.059761
v -0.308384 -0.781396 -0.056600
v -0.303607 -0.779900 -0.082024
v -0.250083 -0.763597 -0.051636
v -0.247850 -0.762877 -0.074306
v -0.223647 -0.754194 -0.045967
v -0.214312 -0.751948 -0.061413
v -0.206889 -0.748067 -0.034437
v -0.195350 -0.744863 -0.042938
v -0.184911 -0.740124 -0.020349
v -0.200162 -0.745588 -0.016351
v -0.183114 -0.739343 -0.000223
v -0.198439 -0.744982 -0.000223
v -0.478035 -1.257622 -0.043391
v -0.336792 -1.273782 -0.000223
v -0.479477 -1.295876 -0.000223
v -0.583481 -1.308509 -0.000223
v -0.605746 -1.231316 -0.082941
v -0.685205 -1.316702 -0.000223
v -0.696474 -1.236293 -0.072582
v -0.782919 -1.320939 -0.000223
v -0.785306 -1.236223 -0.064238
v -0.864592 -1.228359 -0.062266
v -0.881922 -1.316962 -0.000223
v -0.939686 -1.207940 -0.066717
v -0.977051 -1.304013 -0.000223
v -1.003957 -1.168547 -0.077544
v -1.071227 -1.277272 -0.000223
v -1.048395 -1.119701 -0.090487
v -1.179409 -1.230557 -0.000223
v -1.233428 -1.118183 -0.042786
v -1.273631 -1.181084 -0.000223
v -1.394130 -1.109702 -0.000223
v -0.478035 -1.257622 -0.043391
v -0.442759 -1.221835 -0.000223
v -0.336792 -1.273782 -0.000223
v -0.528637 -1.160841 -0.000223
v -0.605746 -1.231316 -0.082941
v -0.605747 -1.142503 -0.051288
v -0.530608 -1.092898 -0.000223
v -0.948066 -0.845084 -0.000223
v -0.976161 -0.842060 -0.025816
v -0.981392 -0.841394 -0.000223
v -0.945848 -0.845086 -0.016425
v -0.962334 -0.843248 -0.050754
v -0.936263 -0.845354 -0.040537
v -0.931398 -0.844594 -0.077385
v -0.916024 -0.844862 -0.054715
v -0.895931 -0.845430 -0.088790
v -0.889175 -0.845165 -0.060911
v -0.851447 -0.844013 -0.094233
v -0.848834 -0.844013 -0.063534
v -0.797194 -0.842165 -0.094255
v -0.797194 -0.842165 -0.063799
v -0.566139 -0.833115 -0.089465
v -0.566139 -0.833115 -0.057977
v -0.494170 -0.830180 -0.060604
v -0.493879 -0.830217 -0.088350
v -0.981392 -0.841394 -0.000223
v -1.095955 -0.917669 -0.028754
v -1.111148 -0.916611 -0.000223
v -0.976161 -0.842060 -0.025816
v -1.072004 -0.919120 -0.051916
v -0.962334 -0.843248 -0.050754
v -1.035035 -0.920872 -0.073899
v -0.931398 -0.844594 -0.077385
v -0.997081 -0.922288 -0.086533
v -0.895931 -0.845430 -0.088790
v -0.955209 -0.922767 -0.093945
v -0.851447 -0.844013 -0.094233
v -0.873615 -0.912409 -0.093817
v -0.797194 -0.842165 -0.094255
v -0.747927 -0.896028 -0.093946
v -0.566139 -0.833115 -0.089465
v -0.566778 -0.872417 -0.093158
v -0.522992 -0.855282 -0.091442
v -0.493879 -0.830217 -0.088350
v -1.108810 -0.916923 0.034352
v -1.111148 -0.916611 -0.000223
v -1.133653 -0.915189 -0.000223
v -1.095955 -0.917669 0.028307
v -1.084733 -0.918434 0.056985
v -1.072004 -0.919120 0.051471
v -1.044780 -0.920494 0.080398
v -1.035035 -0.920872 0.073451
v -0.999525 -0.922231 0.093539
v -0.997081 -0.922288 0.086087
v -0.963282 -0.923338 0.100538
v -0.955209 -0.922767 0.093500
v -0.874214 -0.913499 0.101434
v -0.873615 -0.912409 0.093370
v -0.748181 -0.897537 0.101630
v -0.747927 -0.896028 0.093501
v -0.566700 -0.873017 0.101916
v -0.566778 -0.872417 0.092714
v -0.523173 -0.855594 0.099989
v -0.522992 -0.855282 0.090995
v -0.493879 -0.830217 0.087903
v -0.483675 -0.822027 0.092667
v -0.483675 -0.822027 0.060294
v -0.494170 -0.830180 0.060158
v -0.483675 -0.822027 0.092667
v -0.425674 -0.811415 0.090254
v -0.483675 -0.822027 0.060294
v -0.425677 -0.811426 0.060480
v -0.368028 -0.797159 0.086965
v -0.368044 -0.797208 0.059316
v -0.308384 -0.781396 0.056155
v -0.303607 -0.779900 0.081577
v -0.250083 -0.763597 0.051190
v -0.247850 -0.762877 0.073861
v -0.223647 -0.754194 0.045522
v -0.214312 -0.751948 0.060967
v -0.206889 -0.748067 0.033991
v -0.195350 -0.744863 0.042493
v -0.184911 -0.740124 0.019902
v -0.200162 -0.745588 0.015906
v -0.183114 -0.739343 -0.000223
v -0.198439 -0.744982 -0.000223
v -1.166644 -0.984897 -0.000223
v -1.176990 -0.961239 0.030359
v -1.196925 -0.954216 -0.000223
v -1.155195 -0.968779 0.054498
v -1.120023 -1.019548 -0.000223
v -1.122179 -0.980357 0.078301
v -1.086921 -0.991849 0.093776
v -1.067947 -1.049441 -0.000223
v -1.053381 -1.004419 0.101743
v -1.016996 -1.054688 0.046511
v -1.001700 -1.054472 0.058661
v -0.949695 -1.099887 -0.000223
v -0.478035 -1.257622 0.042945
v -0.336792 -1.273782 -0.000223
v -0.442759 -1.221835 -0.000223
v -0.528637 -1.160841 -0.000223
v -0.605746 -1.231316 0.082493
v -0.605747 -1.142503 0.050843
v -0.530608 -1.092898 -0.000223
v -0.976161 -0.842060 0.025369
v -0.948066 -0.845084 -0.000223
v -0.981392 -0.841394 -0.000223
v -0.945848 -0.845086 0.015980
v -0.962334 -0.843248 0.050308
v -0.936263 -0.845354 0.040091
v -0.931398 -0.844594 0.076937
v -0.916024 -0.844862 0.054268
v -0.895931 -0.845430 0.088343
v -0.889175 -0.845165 0.060465
v -0.851447 -0.844013 0.093785
v -0.848834 -0.844013 0.063086
v -0.797194 -0.842165 0.093810
v -0.797194 -0.842165 0.063353
v -0.566139 -0.833115 0.089018
v -0.566139 -0.833115 0.057530
v -0.494170 -0.830180 0.060158
v -0.493879 -0.830217 0.087903
v -1.095955 -0.917669 0.028307
v -0.981392 -0.841394 -0.000223
v -1.111148 -0.916611 -0.000223
v -0.976161 -0.842060 0.025369
v -1.072004 -0.919120 0.051471
v -0.962334 -0.843248 0.050308
v -1.035035 -0.920872 0.073451
v -0.931398 -0.844594 0.076937
v -0.997081 -0.922288 0.086087
v -0.895931 -0.845430 0.088343
v -0.955209 -0.922767 0.093500
v -0.851447 -0.844013 0.093785
v -0.873615 -0.912409 0.093370
v -0.797194 -0.842165 0.093810
v -0.747927 -0.896028 0.093501
v -0.566139 -0.833115 0.089018
v -0.566778 -0.872417 0.092714
v -0.522992 -0.855282 0.090995
v -0.493879 -0.830217 0.087903
v 0.000359 -0.325425 -0.000223
v -0.059430 -0.460018 0.033454
v -0.054060 -0.461209 -0.000223
v -0.004408 -0.324561 0.034269
v -0.076533 -0.454749 0.058177
v -0.023939 -0.318313 0.062762
v -0.048716 -0.312220 0.071844
v -0.103612 -0.446300 0.069110
v -0.152032 -0.432405 0.069110
v -0.178528 -0.428636 0.069110
v -0.376955 -0.220996 0.071750
v -0.207929 -0.432268 0.069110
v -0.238456 -0.448293 0.069110
v -0.392835 -0.220224 0.071711
v -0.446228 -0.274732 0.069110
v -0.436969 -0.233828 0.070431
v -0.284153 -0.486166 0.069110
v -0.468162 -0.245485 0.066956
v -0.479763 -0.342526 0.069110
v -0.496727 -0.292581 0.064471
v -0.496261 -0.260176 0.060295
v -0.526841 -0.285047 0.049227
v -0.522491 -0.415009 0.069110
v -0.372090 -0.562098 0.069110
v -0.513060 -0.324889 0.063725
v -0.564089 -0.480838 0.069110
v -0.481069 -0.655986 0.069110
v -0.645268 -0.584390 0.069110
v -0.553835 -0.397774 0.063550
v -0.537689 -0.313402 0.049983
v -0.552474 -0.311910 0.028228
v -0.598023 -0.466010 0.062952
v -0.674192 -0.571401 0.064332
v -0.578105 -0.384897 0.049974
v -0.587994 -0.377270 0.026476
v -0.573224 -0.341177 -0.000223
v -0.589795 -0.375702 -0.000223
v -0.631208 -0.443621 -0.000223
v -0.628777 -0.444611 0.026476
v -0.706702 -0.551470 -0.000223
v -0.703287 -0.553398 0.026476
v -0.619571 -0.451828 0.049981
v -0.692503 -0.559532 0.050047
v -0.473194 -0.660751 0.062047
v -0.372090 -0.562098 0.069110
v -0.481069 -0.655986 0.069110
v -0.363693 -0.567330 0.062047
v -0.284153 -0.486166 0.069110
v -0.275484 -0.492191 0.062047
v -0.238456 -0.448293 0.069110
v -0.233780 -0.457708 0.062047
v -0.204748 -0.442915 0.062047
v -0.207929 -0.432268 0.069110
v -0.178528 -0.428636 0.069110
v -0.178100 -0.439935 0.062047
v -0.152032 -0.432405 0.069110
v -0.155420 -0.443715 0.062047
v -0.115670 -0.455750 0.062047
v -0.103612 -0.446300 0.069110
v -0.093668 -0.462002 0.049978
v -0.076533 -0.454749 0.058177
v -0.079067 -0.465896 0.025198
v -0.059430 -0.460018 0.033454
v -0.054060 -0.461209 -0.000223
v -0.076492 -0.466461 -0.000223
v -0.023939 -0.318313 0.062762
v -0.004408 -0.324561 0.034269
v -0.006262 -0.322788 0.046904
v 0.002454 -0.324449 0.024343
v 0.000359 -0.325425 -0.000223
v 0.005391 -0.324637 -0.000223
v 0.079034 0.061375 -0.000223
v 0.070316 0.065151 0.025702
v 0.071818 0.058974 -0.000223
v 0.077396 0.068012 0.028555
v 0.065527 0.080661 0.048411
v 0.073298 0.084178 0.052280
v 0.058539 0.104371 0.071724
v 0.050866 0.100974 0.067359
v 0.030580 0.125408 0.084051
v 0.029022 0.121351 0.079324
v -0.324994 0.062389 0.088418
v -0.328830 0.066114 0.092896
v -0.368139 0.034891 0.079553
v -0.374240 0.043735 0.088505
v -0.399666 0.012659 0.075004
v -0.407573 0.020840 0.082349
v -0.431950 -0.016077 0.078806
v -0.422369 -0.022475 0.071172
v 0.091864 0.177424 -0.000223
v 0.090393 0.190848 0.025532
v 0.103636 0.181923 -0.000223
v 0.080126 0.184293 0.021602
v 0.066021 0.200170 0.047048
v 0.057575 0.193621 0.039631
v 0.039441 0.205485 0.059014
v 0.035966 0.198209 0.048784
v 0.008071 0.204173 0.062502
v 0.008685 0.197894 0.051437
v -0.212861 0.179276 0.051702
v -0.215249 0.185306 0.062502
v -0.306076 0.136053 0.050845
v -0.309807 0.142333 0.061293
v -0.359542 0.120612 0.044485
v -0.363064 0.126129 0.055537
v -0.405958 0.115749 0.048067
v -0.410443 0.108172 0.035695
v -0.457994 0.107232 0.034268
v -0.453315 0.101655 0.023971
v -0.489614 0.097558 0.010665
v -0.495847 0.102896 0.019585
v -0.508957 0.096819 -0.000223
v -0.524275 0.101377 -0.000223
v -0.489614 0.097558 0.010665
v -0.470164 0.022741 -0.000223
v -0.508957 0.096819 -0.000223
v -0.447759 0.022770 0.012526
v -0.453315 0.101655 0.023971
v -0.382213 0.022970 0.031302
v -0.410443 0.108172 0.035695
v -0.359542 0.120612 0.044485
v -0.308253 0.023079 0.044113
v -0.306076 0.136053 0.050845
v -0.227223 0.023257 0.051702
v -0.212861 0.179276 0.051702
v -0.015445 0.019074 0.050110
v 0.008685 0.197894 0.051437
v 0.035966 0.198209 0.048784
v 0.015773 0.019138 0.040599
v 0.057575 0.193621 0.039631
v 0.080126 0.184293 0.021602
v 0.024113 0.019155 0.021603
v 0.091864 0.177424 -0.000223
v 0.023951 0.019155 -0.000223
v -0.450571 -0.023856 0.056478
v -0.422369 -0.022475 0.071172
v -0.431950 -0.016077 0.078806
v -0.462922 -0.017559 0.059019
v -0.471573 -0.025296 0.040458
v -0.483597 -0.018469 0.041574
v -0.489957 -0.026116 0.022371
v -0.502035 -0.019144 0.021407
v -0.503490 -0.026082 -0.000223
v -0.517384 -0.019034 -0.000223
v -0.447759 0.022770 0.012526
v -0.382213 0.022970 -0.000223
v -0.470164 0.022741 -0.000223
v -0.382213 0.022970 0.031302
v -0.308253 0.023079 -0.000223
v -0.308253 0.023079 0.044113
v -0.227223 0.023257 -0.000223
v -0.227223 0.023257 0.051702
v -0.015445 0.019074 0.050110
v 0.023951 0.019155 -0.000223
v 0.024113 0.019155 0.021603
v 0.015773 0.019138 0.040599
v -0.059430 -0.460018 -0.033900
v 0.000359 -0.325425 -0.000223
v -0.054060 -0.461209 -0.000223
v -0.004408 -0.324561 -0.034716
v -0.076533 -0.454749 -0.058624
v -0.023939 -0.318313 -0.063209
v -0.048716 -0.312220 -0.072290
v -0.103612 -0.446300 -0.069554
v -0.152032 -0.432405 -0.069554
v -0.178528 -0.428636 -0.069554
v -0.376955 -0.220996 -0.072195
v -0.207929 -0.432268 -0.069554
v -0.238456 -0.448293 -0.069554
v -0.392835 -0.220224 -0.072158
v -0.446228 -0.274732 -0.069554
v -0.436969 -0.233828 -0.070878
v -0.284153 -0.486166 -0.069554
v -0.468162 -0.245485 -0.067401
v -0.479763 -0.342526 -0.069554
v -0.496727 -0.292581 -0.064916
v -0.496261 -0.260176 -0.060742
v -0.526841 -0.285047 -0.049675
v -0.522491 -0.415009 -0.069554
v -0.372090 -0.562098 -0.069554
v -0.513060 -0.324889 -0.064170
v -0.537689 -0.313402 -0.050427
v -0.552474 -0.311910 -0.028674
v -0.553835 -0.397774 -0.063997
v -0.564089 -0.480838 -0.069554
v -0.481069 -0.655986 -0.069554
v -0.645268 -0.584390 -0.069554
v -0.598023 -0.466010 -0.063400
v -0.674192 -0.571401 -0.064778
v -0.578105 -0.384897 -0.050419
v -0.619571 -0.451828 -0.050426
v -0.692503 -0.559532 -0.050494
v -0.703287 -0.553398 -0.026922
v -0.628777 -0.444611 -0.026922
v -0.706702 -0.551470 -0.000223
v -0.631208 -0.443621 -0.000223
v -0.587994 -0.377270 -0.026922
v -0.589795 -0.375702 -0.000223
v -0.573224 -0.341177 -0.000223
v -0.481069 -0.655986 -0.069554
v -0.372090 -0.562098 -0.069554
v -0.473194 -0.660751 -0.062495
v -0.363693 -0.567330 -0.062495
v -0.284153 -0.486166 -0.069554
v -0.275484 -0.492191 -0.062495
v -0.238456 -0.448293 -0.069554
v -0.233780 -0.457708 -0.062495
v -0.204748 -0.442915 -0.062495
v -0.207929 -0.432268 -0.069554
v -0.178528 -0.428636 -0.069554
v -0.178100 -0.439935 -0.062495
v -0.152032 -0.432405 -0.069554
v -0.155420 -0.443715 -0.062495
v -0.115670 -0.455750 -0.062495
v -0.103612 -0.446300 -0.069554
v -0.093668 -0.462002 -0.050423
v -0.076533 -0.454749 -0.058624
v -0.079067 -0.465896 -0.025646
v -0.059430 -0.460018 -0.033900
v -0.054060 -0.461209 -0.000223
v -0.076492 -0.466461 -0.000223
v 0.071818 0.058974 -0.000223
v 0.070316 0.065151 -0.026150
v 0.079034 0.061375 -0.000223
v 0.077396 0.068012 -0.029001
v 0.065527 0.080661 -0.048858
v 0.073298 0.084178 -0.052726
v 0.058539 0.104371 -0.072171
v 0.050866 0.100974 -0.067804
v 0.030580 0.125408 -0.084499
v 0.029022 0.121351 -0.079768
v -0.324994 0.062389 -0.088863
v -0.328830 0.066114 -0.093343
v -0.368139 0.034891 -0.079998
v -0.374240 0.043735 -0.088952
v -0.399666 0.012659 -0.075450
v -0.407573 0.020840 -0.082796
v -0.431950 -0.016077 -0.079254
v -0.422369 -0.022475 -0.071617
v -0.511565 0.090373 -0.021659
v -0.526903 0.099686 -0.000223
v -0.524275 0.101377 -0.000223
v -0.495847 0.102896 -0.020032
v -0.488941 0.084529 -0.041022
v -0.457994 0.107232 -0.034716
v -0.466585 0.080746 -0.055621
v -0.436089 0.077763 -0.070514
v -0.405958 0.115749 -0.048513
v -0.403823 0.077127 -0.080783
v -0.363064 0.126129 -0.055983
v -0.368429 0.078794 -0.089230
v -0.309807 0.142333 -0.061742
v -0.334176 0.083075 -0.092882
v -0.215249 0.185306 -0.062947
v 0.037138 0.149422 -0.084794
v 0.008071 0.204173 -0.062947
v 0.039441 0.205485 -0.059460
v 0.068575 0.155316 -0.075809
v 0.066021 0.200170 -0.047493
v 0.093406 0.161003 -0.059281
v 0.108795 0.165244 -0.032977
v 0.090393 0.190848 -0.025979
v 0.117576 0.169130 -0.000223
v 0.103636 0.181923 -0.000223
v 0.090393 0.190848 -0.025979
v 0.091864 0.177424 -0.000223
v 0.103636 0.181923 -0.000223
v 0.080126 0.184293 -0.022047
v 0.066021 0.200170 -0.047493
v 0.057575 0.193621 -0.040076
v 0.039441 0.205485 -0.059460
v 0.035966 0.198209 -0.049229
v 0.008071 0.204173 -0.062947
v 0.008685 0.197894 -0.051882
v -0.212861 0.179276 -0.052147
v -0.215249 0.185306 -0.062947
v -0.306076 0.136053 -0.051290
v -0.309807 0.142333 -0.061742
v -0.359542 0.120612 -0.044931
v -0.363064 0.126129 -0.055983
v -0.405958 0.115749 -0.048513
v -0.410443 0.108172 -0.036141
v -0.457994 0.107232 -0.034716
v -0.453315 0.101655 -0.024419
v -0.489614 0.097558 -0.011110
v -0.495847 0.102896 -0.020032
v -0.508957 0.096819 -0.000223
v -0.524275 0.101377 -0.000223
v 0.091864 0.177424 -0.000223
v 0.024113 0.019155 -0.022047
v 0.023951 0.019155 -0.000223
v 0.080126 0.184293 -0.022047
v 0.015773 0.019137 -0.041043
v 0.057575 0.193621 -0.040076
v 0.035966 0.198209 -0.049229
v -0.015445 0.019074 -0.050555
v 0.008685 0.197894 -0.051882
v -0.212861 0.179276 -0.052147
v -0.227223 0.023257 -0.052147
v -0.306076 0.136053 -0.051290
v -0.308253 0.023079 -0.044559
v -0.359542 0.120612 -0.044931
v -0.382213 0.022970 -0.031747
v -0.410443 0.108172 -0.036141
v -0.453315 0.101655 -0.024419
v -0.447759 0.022770 -0.012973
v -0.489614 0.097558 -0.011110
v -0.470164 0.022741 -0.000223
v -0.508957 0.096819 -0.000223
v -0.422369 -0.022475 -0.071617
v -0.450571 -0.023856 -0.056923
v -0.431950 -0.016077 -0.079254
v -0.462922 -0.017559 -0.059465
v -0.471573 -0.025296 -0.040904
v -0.483597 -0.018469 -0.042019
v -0.489957 -0.026116 -0.022818
v -0.502035 -0.019144 -0.021853
v -0.503490 -0.026082 -0.000223
v -0.517384 -0.019034 -0.000223
v -0.182185 0.154776 0.056313
v 0.040978 0.128501 0.056453
v 0.003344 0.154791 0.056313
v -0.249275 0.105593 0.056453
v 0.053731 0.105591 0.056320
v -0.249275 0.105593 0.056453
v -0.217126 0.129583 0.012502
v -0.248834 0.105593 -0.012277
v -0.182185 0.154776 0.056313
v -0.182594 0.154810 0.027692
v -0.177289 -0.723232 -0.000223
v -0.212535 -0.770728 0.025811
v -0.207853 -0.769553 -0.000223
v -0.181227 -0.721405 0.026510
v -0.192357 -0.717423 0.048269
v -0.232381 -0.777206 0.046837
v -0.209220 -0.710750 0.063175
v -0.260614 -0.786811 0.064693
v -0.235203 -0.699804 0.073813
v -0.299208 -0.799090 0.074667
v -0.362004 -0.648264 0.081327
v -0.435105 -0.744274 0.083160
v -0.374878 -0.646490 0.081212
v -0.511471 -0.841832 0.076999
v -0.462545 -0.659337 0.081278
v -0.535453 -0.760611 0.082477
v -0.485037 -0.677708 0.078757
v -0.551303 -0.779500 0.079550
v -0.496394 -0.593893 0.077947
v -0.569726 -0.685644 0.081492
v -0.507135 -0.583870 0.078138
v -0.599245 -0.543652 0.078351
v -0.637209 -0.785425 0.082461
v -0.669531 -0.638082 0.088918
v -0.634782 -0.528240 0.076228
v -0.671933 -0.641111 0.081435
v -0.707041 -0.620523 0.082920
v -0.658527 -0.518503 0.068569
v -0.674360 -0.854628 0.080755
v -0.605603 -0.851525 0.076850
v -0.729463 -0.610471 0.071846
v -0.676899 -0.510666 0.049585
v -0.704782 -0.627032 0.075517
v -0.743221 -0.737287 0.086772
v -0.746041 -0.740901 0.079989
v -0.759321 -0.858707 0.082344
v -0.783639 -0.718996 0.082595
v -0.727921 -0.617844 0.064887
v -0.749967 -0.601897 0.051431
v -0.811471 -0.707899 0.069629
v -0.757109 -0.597558 0.028076
v -0.687635 -0.505930 0.026074
v -0.746384 -0.610344 0.047174
v -0.761162 -0.595167 -0.000223
v -0.690403 -0.504702 -0.000223
v -0.752716 -0.606856 0.024916
v -0.758348 -0.603821 -0.000223
v -0.841823 -0.695941 -0.000223
v -0.837934 -0.697256 0.028631
v -0.829561 -0.700712 0.051971
v -0.832722 -0.708318 0.025013
v -0.837136 -0.706320 -0.000223
v -0.823186 -0.710845 0.046755
v -0.808035 -0.716260 0.062316
v -0.919951 -0.791880 0.030553
v -0.923344 -0.790107 -0.000223
v -0.911638 -0.795946 0.053898
v -0.890840 -0.803840 0.072048
v -0.781651 -0.726095 0.074358
v -0.860135 -0.817267 0.082868
v -0.816339 -0.835794 0.087060
v -0.818842 -0.839017 0.081657
v -0.836288 -0.862532 0.082061
v -0.863495 -0.822224 0.077075
v -0.893697 -0.860854 0.078728
v -0.887997 -0.813447 0.065241
v -0.931639 -0.860430 0.066874
v -0.902876 -0.807556 0.046782
v -0.955338 -0.859927 0.050487
v -0.909508 -0.804178 0.025081
v -0.967207 -0.854989 0.029718
v -0.913227 -0.802575 -0.000223
v -0.972433 -0.852117 -0.000223
v -0.212535 -0.770728 -0.026256
v -0.177289 -0.723232 -0.000223
v -0.207853 -0.769553 -0.000223
v -0.181227 -0.721405 -0.026956
v -0.192357 -0.717423 -0.048714
v -0.232381 -0.777206 -0.047285
v -0.209220 -0.710750 -0.063620
v -0.260614 -0.786811 -0.065138
v -0.235203 -0.699804 -0.074259
v -0.299208 -0.799090 -0.075112
v -0.362004 -0.648264 -0.081773
v -0.435105 -0.744274 -0.083606
v -0.374878 -0.646490 -0.081657
v -0.511471 -0.841832 -0.077443
v -0.462545 -0.659337 -0.081723
v -0.535453 -0.760611 -0.082922
v -0.485037 -0.677708 -0.079204
v -0.551303 -0.779500 -0.079995
v -0.496394 -0.593893 -0.078392
v -0.569726 -0.685644 -0.081940
v -0.507135 -0.583870 -0.078584
v -0.599245 -0.543652 -0.078796
v -0.637209 -0.785425 -0.082907
v -0.669531 -0.638082 -0.089364
v -0.634782 -0.528240 -0.076673
v -0.671933 -0.641111 -0.081880
v -0.707041 -0.620523 -0.083367
v -0.658527 -0.518503 -0.069016
v -0.674360 -0.854628 -0.081202
v -0.605603 -0.851525 -0.077296
v -0.729463 -0.610471 -0.072292
v -0.676899 -0.510666 -0.050033
v -0.746041 -0.740901 -0.080433
v -0.759321 -0.858707 -0.082789
v -0.743221 -0.737287 -0.087219
v -0.704782 -0.627032 -0.075965
v -0.783639 -0.718996 -0.083041
v -0.727921 -0.617844 -0.065332
v -0.749967 -0.601897 -0.051875
v -0.811471 -0.707899 -0.070077
v -0.757109 -0.597558 -0.028522
v -0.687635 -0.505930 -0.026521
v -0.746384 -0.610344 -0.047620
v -0.761162 -0.595167 -0.000223
v -0.690403 -0.504702 -0.000223
v -0.752716 -0.606856 -0.025361
v -0.758348 -0.603821 -0.000223
v -0.841823 -0.695941 -0.000223
v -0.837934 -0.697256 -0.029076
v -0.829561 -0.700712 -0.052416
v -0.832722 -0.708318 -0.025460
v -0.837136 -0.706320 -0.000223
v -0.823186 -0.710845 -0.047201
v -0.808035 -0.716260 -0.062762
v -0.919951 -0.791880 -0.031001
v -0.923344 -0.790107 -0.000223
v -0.911638 -0.795946 -0.054344
v -0.890840 -0.803840 -0.072494
v -0.909508 -0.804178 -0.025526
v -0.913227 -0.802575 -0.000223
v -0.972433 -0.852117 -0.000223
v -0.967207 -0.854989 -0.030164
v -0.955338 -0.859927 -0.050934
v -0.902876 -0.807556 -0.047227
v -0.931639 -0.860430 -0.067320
v -0.887997 -0.813447 -0.065688
v -0.893697 -0.860854 -0.079175
v -0.860135 -0.817267 -0.083313
v -0.863495 -0.822224 -0.077523
v -0.836288 -0.862532 -0.082508
v -0.818842 -0.839017 -0.082103
v -0.816339 -0.835794 -0.087507
v -0.781651 -0.726095 -0.074803
v 0.053750 0.105593 -0.012317
v -0.248834 0.105593 -0.012277
v -0.217126 0.129583 0.012502
v 0.042451 0.129600 0.012555
v 0.003310 0.154825 0.027896
v -0.182594 0.154810 0.027692
v 0.053750 0.087851 -0.012317
v 0.053731 0.105591 0.056320
v 0.053731 0.087851 0.056320
v 0.053750 0.105593 -0.012317
v 0.053713 0.105591 -0.056053
v 0.053713 0.087851 -0.056053
v -0.507353 -1.007367 -0.066623
v -0.530608 -1.092898 -0.000223
v -0.605747 -1.142503 -0.051288
v -0.438184 -0.979660 -0.035821
v -0.465384 -0.979889 -0.082364
v -0.374194 -0.944335 -0.000223
v -0.394133 -0.944442 -0.053037
v -0.442162 -0.948241 -0.100060
v -0.321915 -0.902786 -0.037380
v -0.319145 -0.909553 -0.000223
v -0.388303 -0.920423 -0.087940
v -0.434387 -0.913414 -0.113683
v -0.392125 -0.892751 -0.109600
v -0.325669 -0.885229 -0.076395
v -0.332427 -0.863422 -0.103173
v -0.273682 -0.834197 -0.093621
v -0.266412 -0.850685 -0.067407
v -0.220086 -0.806877 -0.080576
v -0.261838 -0.864696 -0.031346
v -0.260033 -0.870514 -0.000223
v -0.217117 -0.821181 -0.057160
v -0.187453 -0.791021 -0.065807
v -0.215370 -0.834058 -0.026319
v -0.214084 -0.838730 -0.000223
v -0.191155 -0.804738 -0.048628
v -0.166662 -0.779568 -0.044910
v -0.187071 -0.812450 -0.022246
v -0.184795 -0.815017 -0.000223
v -0.175161 -0.795113 -0.034999
v -0.156512 -0.774014 -0.020209
v -0.163986 -0.793116 -0.000223
v -0.153705 -0.772559 -0.000223
v -0.166653 -0.792346 -0.019679
v -0.530608 -1.092898 -0.000223
v -0.507353 -1.007367 0.066175
v -0.605747 -1.142503 0.050843
v -0.438184 -0.979660 0.035376
v -0.465384 -0.979889 0.081917
v -0.374194 -0.944335 -0.000223
v -0.394133 -0.944442 0.052592
v -0.442162 -0.948241 0.099616
v -0.321915 -0.902786 0.036934
v -0.319145 -0.909553 -0.000223
v -0.388303 -0.920423 0.087496
v -0.434387 -0.913414 0.113237
v -0.392125 -0.892751 0.109155
v -0.325669 -0.885229 0.075947
v -0.332427 -0.863422 0.102727
v -0.273682 -0.834197 0.093175
v -0.266412 -0.850685 0.066963
v -0.220086 -0.806877 0.080128
v -0.261838 -0.864696 0.030899
v -0.260033 -0.870514 -0.000223
v -0.217117 -0.821181 0.056713
v -0.187453 -0.791021 0.065363
v -0.215370 -0.834058 0.025872
v -0.214084 -0.838730 -0.000223
v -0.191155 -0.804738 0.048182
v -0.166662 -0.779568 0.044465
v -0.187071 -0.812450 0.021802
v -0.184795 -0.815017 -0.000223
v -0.175161 -0.795113 0.034554
v -0.156512 -0.774014 0.019765
v -0.163986 -0.793116 -0.000223
v -0.153705 -0.772559 -0.000223
v -0.166653 -0.792346 0.019232
v -0.552474 -0.311910 0.028228
v -0.621760 -0.250106 -0.000223
v -0.573224 -0.341177 -0.000223
v -0.584973 -0.246519 0.031750
v -0.598823 -0.237379 -0.000223
v -0.526841 -0.285047 0.049227
v -0.574936 -0.232744 0.024479
v -0.549290 -0.170540 -0.000223
v -0.551214 -0.238390 0.052620
v -0.514401 -0.227178 0.067878
v -0.496261 -0.260176 0.060295
v -0.511696 -0.211531 0.057134
v -0.532358 -0.167991 0.023193
v -0.525031 -0.116493 -0.000223
v -0.480167 -0.215581 0.076292
v -0.468162 -0.245485 0.066956
v -0.436969 -0.233828 0.070431
v -0.510461 -0.114851 0.022997
v -0.509538 -0.058998 -0.000223
v -0.445934 -0.203984 0.081521
v -0.392835 -0.220224 0.071711
v -0.489957 -0.026116 0.022371
v -0.503490 -0.026082 -0.000223
v -0.480442 -0.200334 0.066264
v -0.495847 -0.058858 0.022640
v -0.496958 -0.157119 0.046845
v -0.484672 -0.107968 0.043022
v -0.475915 -0.057688 0.041391
v -0.471573 -0.025296 0.040458
v -0.453978 -0.144863 0.062695
v -0.451567 -0.100668 0.059863
v -0.450493 -0.056267 0.057495
v -0.450571 -0.023856 0.056478
v -0.422369 -0.022475 0.071172
v -0.449191 -0.189138 0.071328
v -0.401868 -0.173695 0.075732
v -0.400750 -0.189358 0.083323
v -0.406080 -0.134798 0.073313
v -0.384671 -0.174769 0.075581
v -0.383624 -0.190515 0.083477
v -0.376955 -0.220996 0.071750
v -0.410763 -0.091566 0.072507
v -0.034841 -0.287836 0.083821
v -0.048716 -0.312220 0.071844
v -0.023939 -0.318313 0.062762
v -0.415135 -0.051215 0.072002
v -0.008507 -0.294474 0.073565
v -0.006262 -0.322788 0.046904
v -0.361858 -0.012834 0.076890
v -0.399666 0.012659 0.075004
v -0.368139 0.034891 0.079553
v -0.338473 -0.087013 0.074894
v -0.298899 0.015251 0.079717
v -0.324994 0.062389 0.088418
v 0.029022 0.121351 0.079324
v -0.340474 -0.145038 0.074420
v -0.032419 -0.203659 0.072421
v 0.050866 0.100974 0.067359
v -0.036049 -0.271553 0.073991
v -0.007935 -0.207061 0.065388
v 0.065527 0.080661 0.048411
v -0.013366 -0.276465 0.067354
v 0.009202 -0.209045 0.048119
v 0.070316 0.065151 0.025702
v 0.009296 -0.298791 0.056068
v 0.002564 -0.279334 0.049508
v 0.017046 -0.210150 0.025660
v 0.071818 0.058974 -0.000223
v 0.019454 -0.210572 -0.000223
v 0.021808 -0.301753 0.030137
v 0.002454 -0.324449 0.024343
v 0.012560 -0.281265 0.025752
v 0.014807 -0.281291 -0.000223
v 0.026969 -0.302368 -0.000223
v 0.005391 -0.324637 -0.000223
v -0.573224 -0.341177 -0.000223
v -0.621760 -0.250106 -0.000223
v -0.552474 -0.311910 -0.028674
v -0.584973 -0.246519 -0.032198
v -0.598823 -0.237379 -0.000223
v -0.526841 -0.285047 -0.049675
v -0.574936 -0.232744 -0.024926
v -0.549290 -0.170540 -0.000223
v -0.551214 -0.238390 -0.053068
v -0.514401 -0.227178 -0.068325
v -0.496261 -0.260176 -0.060742
v -0.511696 -0.211531 -0.057582
v -0.532358 -0.167991 -0.023638
v -0.525031 -0.116493 -0.000223
v -0.480167 -0.215581 -0.076736
v -0.468162 -0.245485 -0.067401
v -0.436969 -0.233828 -0.070878
v -0.510461 -0.114851 -0.023444
v -0.509538 -0.058998 -0.000223
v -0.445934 -0.203984 -0.081967
v -0.392835 -0.220224 -0.072158
v -0.489957 -0.026116 -0.022818
v -0.503490 -0.026082 -0.000223
v -0.480442 -0.200334 -0.066710
v -0.495847 -0.058858 -0.023088
v -0.475915 -0.057688 -0.041836
v -0.471573 -0.025296 -0.040904
v -0.484672 -0.107968 -0.043467
v -0.496958 -0.157119 -0.047290
v -0.453978 -0.144863 -0.063141
v -0.451567 -0.100668 -0.060311
v -0.450493 -0.056267 -0.057941
v -0.450571 -0.023856 -0.056923
v -0.422369 -0.022475 -0.071617
v -0.449191 -0.189138 -0.071774
v -0.415135 -0.051215 -0.072447
v -0.400750 -0.189358 -0.083770
v -0.401868 -0.173695 -0.076177
v -0.406080 -0.134798 -0.073759
v -0.384671 -0.174769 -0.076028
v -0.383624 -0.190515 -0.083923
v -0.376955 -0.220996 -0.072195
v -0.410763 -0.091566 -0.072952
v -0.338473 -0.087013 -0.075339
v -0.340474 -0.145038 -0.074868
v -0.036049 -0.271553 -0.074437
v -0.032419 -0.203659 -0.072868
v -0.361858 -0.012834 -0.077335
v -0.399666 0.012659 -0.075450
v -0.368139 0.034891 -0.079998
v -0.298899 0.015251 -0.080162
v -0.324994 0.062389 -0.088863
v 0.029022 0.121351 -0.079768
v 0.050866 0.100974 -0.067804
v -0.007935 -0.207061 -0.065833
v 0.065527 0.080661 -0.048858
v 0.009202 -0.209045 -0.048565
v 0.070316 0.065151 -0.026150
v -0.013366 -0.276465 -0.067801
v 0.017046 -0.210150 -0.026107
v 0.071818 0.058974 -0.000223
v 0.019454 -0.210572 -0.000223
v 0.002564 -0.279334 -0.049955
v 0.012560 -0.281265 -0.026199
v 0.014807 -0.281291 -0.000223
v 0.026969 -0.302368 -0.000223
v 0.021808 -0.301753 -0.030584
v 0.002454 -0.324449 -0.024788
v 0.005391 -0.324637 -0.000223
v -0.006262 -0.322788 -0.047352
v 0.009296 -0.298791 -0.056514
v -0.008507 -0.294474 -0.074012
v -0.023939 -0.318313 -0.063209
v -0.034841 -0.287836 -0.084269
v -0.048716 -0.312220 -0.072290
v -0.451995 -0.738968 0.062439
v -0.489813 -0.683387 0.061808
v -0.530873 -0.751699 0.061721
v -0.561353 -0.689634 0.061915
v -0.524571 -0.838635 0.061813
v -0.559266 -0.787117 0.062254
v -0.598263 -0.851805 0.061596
v -0.627267 -0.790170 0.062394
v -0.451995 -0.738968 -0.062884
v -0.530873 -0.751699 -0.062167
v -0.489813 -0.683387 -0.062253
v -0.561353 -0.689634 -0.062361
v -0.524571 -0.838635 -0.062258
v -0.598263 -0.851805 -0.062041
v -0.559266 -0.787117 -0.062703
v -0.627267 -0.790170 -0.062838
v -0.233780 -0.457708 0.062047
v -0.178100 -0.439935 0.062047
v -0.204748 -0.442915 0.062047
v -0.155420 -0.443715 0.062047
v -0.275484 -0.492191 0.062047
v -0.157520 -0.551143 0.062047
v -0.115670 -0.455750 0.062047
v -0.195075 -0.630541 0.062047
v -0.363693 -0.567330 0.062047
v -0.261966 -0.746399 0.062047
v -0.473194 -0.660751 0.062047
v -0.237618 -0.757728 0.051047
v -0.134484 -0.558506 0.051005
v -0.093668 -0.462002 0.049978
v -0.079067 -0.465896 0.025198
v -0.171785 -0.638013 0.051010
v -0.119982 -0.562873 0.025071
v -0.076492 -0.466461 -0.000223
v -0.117246 -0.562892 -0.000223
v -0.157228 -0.642687 0.025099
v -0.223165 -0.765333 0.025212
v -0.154954 -0.643426 -0.000223
v -0.221830 -0.765840 -0.000223
v -0.233780 -0.457708 -0.062495
v -0.204748 -0.442915 -0.062495
v -0.178100 -0.439935 -0.062495
v -0.155420 -0.443715 -0.062495
v -0.275484 -0.492191 -0.062495
v -0.157520 -0.551143 -0.062495
v -0.115670 -0.455750 -0.062495
v -0.195075 -0.630541 -0.062495
v -0.363693 -0.567330 -0.062495
v -0.261966 -0.746399 -0.062495
v -0.473194 -0.660751 -0.062495
v -0.237618 -0.757728 -0.051495
v -0.134484 -0.558506 -0.051450
v -0.093668 -0.462002 -0.050423
v -0.079067 -0.465896 -0.025646
v -0.171785 -0.638013 -0.051456
v -0.119982 -0.562873 -0.025519
v -0.076492 -0.466461 -0.000223
v -0.117246 -0.562892 -0.000223
v -0.157228 -0.642687 -0.025547
v -0.223165 -0.765333 -0.025657
v -0.154954 -0.643426 -0.000223
v -0.221830 -0.765840 -0.000223
vn -0.4489 0.3386 0.8270
vn -0.7411 -0.5125 0.4337
vn -0.2049 -0.4966 0.8434
vn -0.4489 0.3386 0.8269
vn 0.2285 0.5508 0.8028
vn -0.1422 0.9239 0.3553
vn -0.1421 0.9239 0.3553
vn 0.5198 -0.2678 0.8112
vn 0.0945 -0.9610 0.2599
vn -0.2049 -0.4966 0.8435
vn 0.2282 0.5509 0.8028
vn 0.8595 0.4022 0.3154
vn 0.5198 -0.2679 0.8112
vn -0.1737 -0.5055 0.8452
vn -0.7103 -0.4735 0.5209
vn -0.7103 -0.4735 0.5208
vn -0.4257 -0.2838 0.8592
vn 0.4494 -0.3548 0.8199
vn 0.8514 0.3863 0.3548
vn 0.3157 0.1342 0.9393
vn 0.8514 0.3863 0.3547
vn 0.4494 -0.3547 0.8199
vn 0.0631 -0.9468 0.3156
vn -0.1738 -0.5054 0.8452
vn -0.7411 -0.5125 -0.4337
vn -0.4489 0.3386 -0.8269
vn -0.2049 -0.4966 -0.8435
vn -0.4489 0.3385 -0.8270
vn -0.1422 0.9239 -0.3553
vn 0.2283 0.5508 -0.8028
vn -0.1421 0.9239 -0.3553
vn 0.0945 -0.9610 -0.2599
vn 0.5198 -0.2678 -0.8112
vn -0.2051 -0.4966 -0.8434
vn 0.8595 0.4022 -0.3154
vn 0.2281 0.5509 -0.8028
vn -0.7103 -0.4735 -0.5208
vn -0.7103 -0.4735 -0.5209
vn -0.1737 -0.5055 -0.8451
vn -0.4257 -0.2838 -0.8592
vn 0.8514 0.3863 -0.3548
vn 0.4494 -0.3548 -0.8199
vn 0.3156 0.1343 -0.9393
vn 0.0631 -0.9468 -0.3156
vn 0.4494 -0.3547 -0.8199
vn -0.1738 -0.5055 -0.8452
vn -0.1185 0.8451 -0.5213
vn -0.1181 0.8508 -0.5120
vn -0.1103 0.8270 -0.5513
vn -0.0942 0.8246 -0.5578
vn -0.5747 0.5826 -0.5747
vn -0.5748 0.5825 -0.5747
vn -0.1185 0.8451 0.5213
vn -0.1103 0.8270 0.5513
vn -0.1181 0.8508 0.5120
vn -0.0942 0.8247 0.5577
vn -0.5747 0.5826 0.5747
vn -0.5748 0.5826 0.5747
vn -0.0000 1.0000 -0.0000
vn -0.0000 1.0000 0.0001
vn 0.7491 0.6624 -0.0000
vn 0.7491 0.6545 0.1025
vn 0.7191 0.6638 0.2055
vn 0.6631 0.6631 0.3473
vn 0.5806 0.6904 0.4315
vn 0.5754 0.6936 0.4335
vn 0.3773 0.8017 0.4637
vn 0.3718 0.8069 0.4589
vn 0.3224 0.8337 0.4483
vn 0.3225 0.8337 0.4483
vn -0.0944 0.9210 0.3779
vn -0.1027 0.9163 0.3871
vn -0.1341 0.9154 0.3794
vn -0.1339 0.9158 0.3787
vn -0.4872 0.7543 -0.4400
vn -0.4879 0.7239 -0.4878
vn -0.4809 0.6938 -0.5361
vn -0.4471 0.5962 -0.6668
vn -0.4162 0.5418 -0.7302
vn -0.3548 0.4494 -0.8199
vn -0.2998 0.3786 -0.8757
vn -0.2530 0.3083 -0.9170
vn -0.2128 0.2995 -0.9301
vn -0.2127 0.0315 -0.9766
vn -0.2288 0.2841 -0.9311
vn -0.0790 0.2843 -0.9555
vn -0.0394 0.2994 -0.9533
vn -0.0473 0.3229 -0.9453
vn -0.0474 0.3394 -0.9394
vn -0.0474 0.3395 -0.9394
vn -0.0472 0.3464 -0.9369
vn -0.0315 0.2995 -0.9536
vn -0.0316 0.2923 -0.9558
vn -0.0000 0.2518 -0.9678
vn 0.0079 0.2369 -0.9715
vn 0.0237 0.2369 -0.9712
vn -0.0000 0.2203 -0.9754
vn 0.0395 0.1104 -0.9931
vn 0.0552 0.2366 -0.9700
vn 0.1338 0.2441 -0.9605
vn 0.1578 0.2525 -0.9546
vn 0.3634 0.3555 -0.8611
vn 0.3774 0.3695 -0.8491
vn 0.5992 0.5125 -0.6150
vn 0.6079 0.5290 -0.5921
vn 0.7256 0.6231 -0.2918
vn 0.7240 0.6217 -0.2990
vn 0.7565 0.6540 -0.0002
vn 0.7565 0.6540 -0.0000
vn -0.3318 -0.8373 -0.4345
vn -0.3000 -0.8684 -0.3947
vn -0.4173 -0.8032 -0.4252
vn -0.4408 -0.8029 -0.4014
vn -0.4344 -0.8056 -0.4028
vn -0.4743 -0.7905 -0.3874
vn -0.5043 -0.7801 -0.3703
vn -0.5510 -0.7556 -0.3542
vn -0.5667 -0.7476 -0.3463
vn -0.6469 -0.6942 -0.3156
vn -0.6859 -0.6701 -0.2838
vn 0.6465 0.1813 0.7411
vn 0.6223 0.2757 0.7326
vn 0.6231 0.2918 0.7256
vn 0.5675 0.4178 0.7095
vn 0.5491 0.4472 0.7060
vn 0.3850 0.6286 0.6757
vn 0.3716 0.6405 0.6721
vn 0.1574 0.7476 0.6453
vn -0.0158 0.7636 0.6455
vn -0.0000 0.7637 0.6456
vn -0.1339 0.6928 0.7086
vn -0.1653 0.6611 0.7319
vn -0.3311 0.4808 0.8119
vn -0.4573 0.1971 0.8672
vn -0.4728 0.1969 0.8589
vn -0.4186 -0.0000 0.9082
vn -0.3398 -0.0000 0.9405
vn -0.2442 -0.2757 0.9297
vn -0.2364 -0.0709 0.9691
vn -0.1894 -0.2288 0.9549
vn -0.0000 -0.5975 0.8019
vn -0.0868 -0.5044 0.8591
vn -0.0788 -0.4490 0.8901
vn -0.3162 -0.1739 0.9326
vn -0.3628 -0.2445 0.8992
vn -0.3478 -0.2846 0.8933
vn -0.2680 -0.3862 0.8826
vn -0.1024 -0.5279 0.8431
vn 0.0236 -0.6149 0.7883
vn 0.0474 -0.6403 0.7667
vn 0.0787 -0.7319 0.6768
vn -0.0000 -0.6750 0.7378
vn -0.0236 -0.6369 0.7706
vn -0.0236 -0.7147 0.6990
vn 0.0314 -0.7522 0.6582
vn 0.0868 -0.7576 0.6470
vn 0.0474 -0.7981 0.6006
vn 0.1100 -0.7700 0.6285
vn 0.1182 -0.7800 0.6145
vn 0.1343 -0.7428 0.6559
vn 0.2766 -0.6795 0.6795
vn 0.2604 -0.6708 0.6944
vn 0.2835 -0.6459 0.7089
vn 0.5510 -0.3542 0.7556
vn 0.4799 -0.4327 0.7632
vn 0.3304 -0.6058 0.7238
vn 0.4570 -0.4413 0.7723
vn 0.6539 -0.1103 0.7485
vn 0.6799 -0.1423 0.7194
vn 0.7565 0.6540 0.0002
vn 0.7240 0.6217 0.2990
vn 0.7257 0.6231 0.2918
vn 0.5992 0.5125 0.6150
vn 0.6079 0.5290 0.5921
vn 0.3774 0.3695 0.8491
vn 0.3634 0.3555 0.8611
vn 0.1578 0.2525 0.9546
vn 0.1338 0.2441 0.9605
vn 0.0552 0.2366 0.9700
vn -0.0000 0.2203 0.9754
vn 0.0079 0.2369 0.9715
vn 0.0237 0.2369 0.9712
vn 0.0395 0.1104 0.9931
vn -0.0000 0.2518 0.9678
vn -0.0316 0.2923 0.9558
vn -0.0315 0.2995 0.9536
vn -0.0472 0.3464 0.9369
vn -0.0474 0.3395 0.9394
vn -0.0473 0.3229 0.9453
vn -0.0394 0.2994 0.9533
vn -0.0790 0.2843 0.9555
vn -0.2128 0.2995 0.9301
vn -0.2288 0.2841 0.9311
vn -0.2530 0.3083 0.9170
vn -0.2127 0.0315 0.9766
vn -0.2998 0.3786 0.8757
vn -0.3548 0.4494 0.8199
vn -0.4162 0.5418 0.7302
vn -0.4471 0.5962 0.6668
vn -0.4809 0.6938 0.5361
vn -0.4879 0.7239 0.4878
vn -0.4872 0.7543 0.4400
vn -0.2530 -0.4265 0.8684
vn -0.2370 -0.4345 0.8689
vn -0.2287 -0.4417 0.8675
vn -0.2130 -0.4495 0.8675
vn -0.2129 -0.4495 0.8675
vn -0.1887 -0.4796 0.8570
vn -0.1180 -0.5270 0.8416
vn -0.1266 -0.5300 0.8385
vn -0.0710 -0.5678 0.8201
vn -0.0315 -0.6147 0.7881
vn -0.0079 -0.6707 0.7417
vn 0.0315 -0.7107 0.7028
vn 0.0314 -0.7146 0.6989
vn 0.1103 -0.7485 0.6539
vn 0.9463 -0.3233 -0.0000
vn 0.9463 -0.3233 0.0001
vn 0.9218 -0.3073 0.2363
vn 0.9152 -0.3077 0.2604
vn 0.8205 -0.2682 0.5049
vn 0.8035 -0.2599 0.5356
vn 0.5437 -0.1812 0.8195
vn 0.5290 -0.1816 0.8290
vn 0.0870 -0.0237 0.9959
vn 0.0551 -0.0079 0.9984
vn -0.0000 -0.0000 1.0000
vn -0.1656 0.0236 0.9859
vn -0.1975 0.0316 0.9798
vn -0.2684 0.0237 0.9630
vn -0.3316 0.0868 0.9394
vn -0.4563 0.0393 0.8890
vn -0.4175 -0.0709 0.9059
vn -0.4894 0.1421 0.8604
vn -0.5362 0.0237 0.8438
vn -0.5137 -0.0870 0.8535
vn -0.5513 0.1103 0.8270
vn -0.6455 -0.0158 0.7636
vn -0.6617 0.0473 0.7483
vn -0.6318 -0.1185 0.7660
vn -0.7564 0.0158 0.6539
vn -0.7483 -0.0473 0.6617
vn -0.8019 -0.0000 0.5975
vn -0.7582 -0.1264 0.6397
vn -0.8105 -0.0629 0.5823
vn -0.8130 -0.1263 0.5684
vn -0.4559 0.6525 0.6053
vn -0.4005 0.6440 0.6518
vn -0.3784 0.6386 0.6701
vn -0.3628 0.6389 0.6783
vn -0.2996 0.6465 0.7016
vn -0.2759 0.6307 0.7253
vn -0.2595 0.6213 0.7393
vn -0.2440 0.5981 0.7634
vn -0.2448 0.5843 0.7738
vn -0.2287 0.5599 0.7964
vn -0.2208 0.5282 0.8199
vn -0.1185 0.4186 0.9004
vn -0.0314 0.3302 0.9434
vn -0.0158 0.3398 0.9404
vn -0.0157 0.3303 0.9437
vn 0.2130 0.4338 0.8755
vn 0.2764 0.4580 0.8449
vn 0.4896 0.5370 0.6870
vn 0.5338 0.5574 0.6359
vn 0.6833 0.6205 0.3848
vn 0.6760 0.6131 0.4088
vn 0.7452 0.6668 -0.0000
vn -0.1339 -0.9848 -0.1103
vn -0.1262 -0.9858 -0.1104
vn 0.1262 -0.9858 -0.1104
vn 0.1026 -0.9942 -0.0316
vn 0.1027 -0.9947 -0.0000
vn 0.1026 -0.9947 -0.0000
vn 0.9218 -0.3073 -0.2363
vn 0.9152 -0.3077 -0.2604
vn 0.8205 -0.2682 -0.5049
vn 0.8035 -0.2599 -0.5356
vn 0.5437 -0.1812 -0.8195
vn 0.5290 -0.1816 -0.8290
vn 0.0870 -0.0237 -0.9959
vn 0.0551 -0.0079 -0.9984
vn -0.0000 -0.0000 -1.0000
vn -0.1656 0.0236 -0.9859
vn -0.1975 0.0316 -0.9798
vn -0.2684 0.0237 -0.9630
vn -0.3316 0.0868 -0.9394
vn -0.4563 0.0393 -0.8890
vn -0.4175 -0.0709 -0.9059
vn -0.4894 0.1421 -0.8604
vn -0.5362 0.0237 -0.8438
vn -0.5137 -0.0870 -0.8535
vn -0.5513 0.1103 -0.8270
vn -0.6455 -0.0158 -0.7636
vn -0.6617 0.0473 -0.7483
vn -0.6318 -0.1185 -0.7660
vn -0.7564 0.0158 -0.6539
vn -0.7483 -0.0473 -0.6617
vn -0.8019 -0.0000 -0.5975
vn -0.7582 -0.1264 -0.6397
vn -0.8105 -0.0629 -0.5823
vn -0.8130 -0.1263 -0.5684
vn 0.0078 1.0000 -0.0000
vn 0.0079 1.0000 -0.0000
vn 0.0001 1.0000 -0.0000
vn 0.5600 0.8282 0.0237
vn 0.5600 0.8282 0.0236
vn 0.7415 0.6705 0.0237
vn 0.7952 0.6062 0.0158
vn 0.8927 0.4503 0.0158
vn -0.3864 0.9223 -0.0000
vn -0.3162 0.9487 -0.0000
vn -0.1810 0.9835 -0.0000
vn -0.1182 0.9930 -0.0000
vn -0.0393 0.9992 -0.0000
vn -0.0394 0.9992 -0.0000
vn -0.0079 0.9930 0.1182
vn -0.0236 0.9997 -0.0000
vn -0.0079 0.9920 0.1260
vn 0.0394 0.9689 0.2442
vn 0.0474 0.9642 0.2608
vn 0.1652 0.9205 0.3541
vn 0.1576 0.9217 0.3545
vn 0.2765 0.8611 0.4266
vn 0.2756 0.8582 0.4330
vn 0.3306 0.8030 0.4959
vn 0.3397 0.7980 0.4978
vn 0.3780 0.7715 0.5117
vn 0.8192 0.4569 0.3466
vn 0.8033 0.4726 0.3623
vn 0.8380 0.4269 0.3399
vn 0.7491 0.6545 -0.1025
vn 0.7191 0.6638 -0.2055
vn 0.6631 0.6631 -0.3473
vn 0.5806 0.6904 -0.4315
vn 0.5754 0.6936 -0.4335
vn 0.3773 0.8016 -0.4637
vn 0.3718 0.8069 -0.4589
vn 0.3224 0.8337 -0.4483
vn 0.3225 0.8337 -0.4483
vn -0.0944 0.9210 -0.3779
vn -0.1027 0.9163 -0.3871
vn -0.1342 0.9156 -0.3790
vn -0.1339 0.9158 -0.3787
vn -0.0079 0.9930 -0.1182
vn -0.0079 0.9920 -0.1260
vn 0.0394 0.9689 -0.2442
vn 0.0474 0.9642 -0.2608
vn 0.1652 0.9205 -0.3541
vn 0.1576 0.9217 -0.3545
vn 0.2765 0.8611 -0.4266
vn 0.2756 0.8582 -0.4330
vn 0.3306 0.8030 -0.4959
vn 0.3397 0.7980 -0.4978
vn 0.3781 0.7715 -0.5117
vn 0.3780 0.7715 -0.5117
vn 0.8192 0.4569 -0.3466
vn 0.8033 0.4726 -0.3623
vn 0.8377 0.4273 -0.3401
vn 0.8380 0.4269 -0.3399
vn 0.6465 0.1813 -0.7411
vn 0.6231 0.2918 -0.7256
vn 0.6223 0.2757 -0.7326
vn 0.5675 0.4178 -0.7095
vn 0.5491 0.4472 -0.7060
vn 0.3850 0.6286 -0.6757
vn 0.3716 0.6405 -0.6721
vn 0.1574 0.7476 -0.6453
vn -0.0158 0.7635 -0.6456
vn -0.0000 0.7637 -0.6456
vn -0.1339 0.6928 -0.7086
vn -0.1653 0.6611 -0.7319
vn -0.3311 0.4808 -0.8119
vn -0.4573 0.1971 -0.8672
vn -0.4728 0.1969 -0.8589
vn -0.4186 -0.0000 -0.9082
vn -0.3402 -0.0000 -0.9404
vn -0.2442 -0.2757 -0.9297
vn -0.2364 -0.0709 -0.9691
vn -0.1894 -0.2288 -0.9549
vn -0.0000 -0.5975 -0.8019
vn -0.0868 -0.5044 -0.8591
vn -0.0788 -0.4490 -0.8901
vn -0.3162 -0.1739 -0.9326
vn -0.3628 -0.2445 -0.8992
vn -0.3478 -0.2846 -0.8933
vn -0.2680 -0.3862 -0.8826
vn -0.1024 -0.5279 -0.8431
vn 0.0236 -0.6149 -0.7883
vn 0.0474 -0.6403 -0.7667
vn 0.0787 -0.7319 -0.6768
vn -0.0000 -0.6750 -0.7378
vn -0.0237 -0.6369 -0.7706
vn -0.0236 -0.7147 -0.6990
vn 0.0314 -0.7522 -0.6582
vn 0.0868 -0.7575 -0.6470
vn 0.0474 -0.7982 -0.6006
vn 0.1100 -0.7700 -0.6285
vn 0.1182 -0.7800 -0.6145
vn 0.1343 -0.7428 -0.6559
vn 0.2766 -0.6795 -0.6795
vn 0.2604 -0.6708 -0.6944
vn 0.2835 -0.6459 -0.7089
vn 0.5510 -0.3542 -0.7556
vn 0.4799 -0.4327 -0.7632
vn 0.3304 -0.6058 -0.7238
vn 0.4570 -0.4413 -0.7723
vn 0.6539 -0.1103 -0.7485
vn 0.6799 -0.1423 -0.7194
vn 0.0550 0.9985 -0.0000
vn 0.0472 0.9989 -0.0000
vn 0.0393 0.9992 -0.0000
vn 0.0315 0.9995 -0.0000
vn 0.0157 0.9998 -0.0157
vn 0.0157 0.9998 -0.0158
vn -0.0315 0.9990 -0.0315
vn -0.0947 0.9947 -0.0395
vn -0.1263 0.9867 -0.1026
vn -0.1262 0.9858 -0.1104
vn -0.1182 0.9850 -0.1261
vn -0.1182 0.9849 -0.1261
vn -0.1814 0.9781 -0.1025
vn -0.1814 0.9780 -0.1025
vn -0.4874 0.8726 -0.0314
vn -0.5059 0.8617 -0.0395
vn -0.6370 0.7707 -0.0157
vn -0.6285 0.7778 -0.0000
vn -0.6199 0.7847 -0.0000
vn -0.2052 0.9787 -0.0000
vn -0.1733 0.9849 -0.0000
vn -0.1733 0.9849 0.0001
vn -0.2128 0.9771 -0.0000
vn -0.2444 0.9697 -0.0000
vn -0.2757 0.9612 0.0001
vn -0.2758 0.9612 -0.0000
vn -0.2996 0.9540 -0.0079
vn -0.3067 0.9515 -0.0236
vn -0.3160 0.9479 -0.0395
vn -0.3233 0.9463 -0.0079
vn -0.3398 0.9405 -0.0000
vn 0.1103 -0.7485 -0.6539
vn 0.0314 -0.7146 -0.6989
vn 0.0316 -0.7107 -0.7028
vn -0.0079 -0.6707 -0.7417
vn -0.0315 -0.6147 -0.7881
vn -0.0710 -0.5678 -0.8201
vn -0.1266 -0.5300 -0.8385
vn -0.1180 -0.5270 -0.8416
vn -0.1887 -0.4796 -0.8570
vn -0.2129 -0.4495 -0.8675
vn -0.2130 -0.4495 -0.8675
vn -0.2287 -0.4417 -0.8675
vn -0.2370 -0.4345 -0.8689
vn -0.2530 -0.4265 -0.8684
vn 0.3467 0.5437 -0.7643
vn 0.3383 0.5507 -0.7631
vn 0.2913 0.6062 -0.7400
vn 0.4651 0.3705 -0.8040
vn 0.4499 0.4025 -0.7972
vn 0.5747 0.1575 -0.8030
vn 0.5747 0.1574 -0.8031
vn 0.1026 0.9947 -0.0000
vn 0.0948 0.9955 0.0079
vn 0.0550 0.9985 0.0079
vn 0.0472 0.9988 0.0157
vn 0.0158 0.9999 -0.0000
vn 0.0157 0.9999 -0.0000
vn -0.0079 1.0000 -0.0000
vn -0.0315 0.9995 -0.0000
vn -0.5050 0.8364 -0.2131
vn -0.5038 0.8187 -0.2755
vn -0.5050 0.8364 -0.2130
vn -0.5037 0.7949 -0.3383
vn -0.4808 0.7172 -0.5044
vn -0.4641 0.6607 -0.5899
vn -0.4178 0.5676 -0.7095
vn -0.3307 0.4408 -0.8345
vn -0.1734 0.2128 -0.9616
vn -0.1104 0.1262 -0.9858
vn -0.0157 0.0157 -0.9998
vn 0.0079 0.0079 -0.9999
vn -0.0000 0.0629 -0.9980
vn -0.0079 0.0948 -0.9955
vn 0.0079 0.1026 -0.9947
vn 0.0079 0.1104 -0.9939
vn 0.0551 0.9985 -0.0000
vn 0.0157 0.9998 0.0157
vn 0.0157 0.9998 0.0158
vn -0.0315 0.9990 0.0315
vn -0.0947 0.9947 0.0395
vn -0.1263 0.9867 0.1026
vn -0.1262 0.9858 0.1104
vn -0.1182 0.9849 0.1261
vn -0.1814 0.9781 0.1025
vn -0.4874 0.8726 0.0314
vn -0.5059 0.8617 0.0395
vn -0.6370 0.7707 0.0157
vn -0.2757 0.9612 -0.0001
vn -0.2996 0.9540 0.0079
vn -0.3067 0.9515 0.0236
vn -0.3160 0.9479 0.0395
vn -0.3233 0.9463 0.0079
vn -0.5667 -0.7476 0.3463
vn -0.6469 -0.6942 0.3156
vn -0.6859 -0.6701 0.2838
vn -0.5510 -0.7556 0.3542
vn -0.4743 -0.7905 0.3874
vn -0.5043 -0.7801 0.3703
vn -0.4344 -0.8056 0.4028
vn -0.4408 -0.8029 0.4014
vn -0.4408 -0.8028 0.4014
vn -0.4173 -0.8031 0.4252
vn -0.3318 -0.8373 0.4345
vn -0.3000 -0.8684 0.3947
vn 0.3467 0.5437 0.7643
vn 0.2913 0.6062 0.7400
vn 0.3383 0.5507 0.7631
vn 0.4651 0.3705 0.8040
vn 0.4499 0.4025 0.7972
vn 0.5747 0.1575 0.8030
vn 0.5747 0.1574 0.8031
vn 0.0948 0.9955 -0.0079
vn 0.0550 0.9985 -0.0079
vn 0.0472 0.9988 -0.0157
vn -0.0315 0.9995 0.0001
vn -0.5038 0.8187 0.2755
vn -0.5050 0.8364 0.2131
vn -0.5050 0.8364 0.2130
vn -0.5037 0.7949 0.3383
vn -0.4808 0.7172 0.5044
vn -0.4641 0.6608 0.5899
vn -0.4178 0.5676 0.7095
vn -0.3307 0.4408 0.8345
vn -0.1734 0.2128 0.9616
vn -0.1104 0.1262 0.9858
vn -0.0157 0.0157 0.9998
vn 0.0079 0.0079 0.9999
vn -0.0000 0.0629 0.9980
vn -0.0079 0.0948 0.9955
vn 0.0079 0.1026 0.9947
vn 0.0079 0.1104 0.9939
vn 0.9290 -0.3700 -0.0000
vn 0.8585 -0.3465 0.3781
vn 0.9290 -0.3700 0.0001
vn 0.8611 -0.3555 0.3634
vn 0.5677 -0.2366 0.7885
vn 0.5831 -0.2522 0.7723
vn 0.0472 -0.0315 0.9984
vn 0.1498 -0.0789 0.9856
vn -0.0000 -0.0079 1.0000
vn -0.0079 -0.0157 0.9998
vn -0.0079 -0.0000 1.0000
vn -0.0158 -0.0157 0.9998
vn -0.1182 0.0079 0.9930
vn -0.1971 0.0710 0.9778
vn -0.3396 0.1264 0.9320
vn -0.4580 0.1895 0.8685
vn -0.0157 0.0079 0.9998
vn -0.2369 0.1263 0.9633
vn -0.0079 0.0079 0.9999
vn -0.2366 0.1341 0.9623
vn -0.5522 0.2919 0.7809
vn -0.7950 0.4250 0.4329
vn -0.2447 0.1658 0.9553
vn -0.2603 0.1893 0.9468
vn -0.5821 0.3382 0.7394
vn -0.8283 0.4733 0.2998
vn -0.8897 0.4566 0.0001
vn -0.8678 0.4970 0.0001
vn -0.8345 0.5511 -0.0000
vn -0.8034 0.5277 0.2757
vn -0.8222 0.5692 -0.0000
vn -0.7892 0.5445 0.2841
vn -0.5889 0.3925 0.7065
vn -0.5967 0.4083 0.6909
vn 0.4022 -0.4653 0.7885
vn 0.3945 -0.4576 0.7969
vn 0.3853 -0.4561 0.8022
vn 0.3789 -0.4420 0.8131
vn 0.3697 -0.4405 0.8181
vn 0.3163 -0.4587 0.8304
vn 0.3234 -0.4575 0.8283
vn 0.1654 -0.5120 0.8429
vn -0.0000 -0.5272 0.8498
vn -0.1261 -0.4964 0.8589
vn -0.1183 -0.4969 0.8597
vn -0.0628 -0.5734 0.8169
vn -0.0079 -0.6540 0.7564
vn 0.1421 -0.8604 0.4894
vn 0.1654 -0.8898 0.4252
vn 0.2206 -0.9612 0.1654
vn 0.2128 -0.9616 0.1734
vn 0.2444 -0.9697 -0.0000
vn -0.1339 -0.9848 0.1103
vn 0.1262 -0.9858 0.1104
vn -0.1262 -0.9858 0.1104
vn 0.1026 -0.9942 0.0316
vn 0.2996 -0.9541 -0.0000
vn 0.2133 -0.9004 0.3791
vn 0.1654 -0.8741 0.4567
vn 0.0079 -0.7708 0.6371
vn -0.0079 -0.7491 0.6624
vn -0.1183 -0.6862 0.7177
vn 0.1104 -0.7336 0.6705
vn 0.1026 -0.7342 0.6711
vn 0.1492 -0.7223 0.6753
vn 0.1655 -0.7091 0.6854
vn 0.2448 -0.5843 0.7737
vn 0.3386 -0.4489 0.8269
vn 0.3384 -0.4643 0.8185
vn 0.4181 -0.3550 0.8362
vn -0.3700 0.9290 -0.0000
vn -0.2520 0.8112 -0.5277
vn -0.2526 0.8051 -0.5367
vn -0.1416 0.7948 -0.5902
vn -0.1423 0.7985 -0.5850
vn -0.0790 0.8294 -0.5530
vn -0.0789 0.8295 -0.5530
vn -0.0630 0.8660 -0.4960
vn -0.1578 0.8440 -0.5127
vn -0.1571 0.8403 -0.5188
vn -0.2926 0.7907 -0.5377
vn -0.2835 0.7955 -0.5356
vn -0.1496 0.8506 -0.5041
vn -0.0868 0.8679 -0.4892
vn -0.0394 0.8671 -0.4966
vn 0.0316 0.8759 -0.4814
vn 0.0236 0.8728 -0.4875
vn 0.1263 0.8841 -0.4500
vn 0.1418 0.8822 -0.4490
vn 0.2279 0.8801 -0.4165
vn 0.4179 0.2130 -0.8832
vn 0.8897 0.4566 -0.0000
vn 0.8897 0.4565 -0.0000
vn 0.3393 0.1815 -0.9230
vn 0.2841 0.1499 -0.9470
vn 0.1650 0.0864 -0.9825
vn 0.1889 0.1102 -0.9758
vn 0.1421 0.0789 -0.9867
vn 0.0784 0.0392 -0.9961
vn 0.0628 0.0315 -0.9975
vn -0.0315 0.0079 -0.9995
vn -0.2679 0.0630 -0.9614
vn -0.5052 0.1342 -0.8525
vn -0.5197 0.1417 -0.8425
vn -0.8204 0.2682 -0.5050
vn -0.8205 0.2682 -0.5048
vn -0.9379 0.3468 -0.0000
vn -0.2766 -0.8219 0.4979
vn -0.2528 -0.8296 0.4978
vn -0.3074 -0.8118 0.4965
vn -0.3792 -0.7899 0.4819
vn -0.4178 -0.7805 0.4651
vn -0.4499 -0.7972 0.4025
vn -0.4581 -0.8214 0.3396
vn -0.4652 -0.8358 0.2917
vn 0.8585 -0.3465 -0.3781
vn 0.9290 -0.3700 -0.0002
vn 0.8611 -0.3555 -0.3634
vn 0.5677 -0.2366 -0.7885
vn 0.5831 -0.2522 -0.7723
vn 0.0472 -0.0315 -0.9984
vn 0.1498 -0.0789 -0.9856
vn -0.0000 -0.0079 -1.0000
vn -0.0079 -0.0157 -0.9998
vn -0.0079 -0.0000 -1.0000
vn -0.0158 -0.0157 -0.9998
vn -0.1182 0.0079 -0.9930
vn -0.1971 0.0710 -0.9778
vn -0.3396 0.1264 -0.9320
vn -0.4580 0.1895 -0.8685
vn -0.0157 0.0079 -0.9998
vn -0.2369 0.1263 -0.9633
vn -0.5522 0.2919 -0.7809
vn -0.7950 0.4250 -0.4329
vn -0.2366 0.1341 -0.9623
vn -0.0079 0.0079 -0.9999
vn -0.2447 0.1658 -0.9553
vn -0.2603 0.1893 -0.9468
vn -0.5821 0.3382 -0.7394
vn -0.5889 0.3925 -0.7065
vn -0.5967 0.4083 -0.6909
vn -0.7892 0.5445 -0.2841
vn -0.8034 0.5277 -0.2757
vn -0.8283 0.4733 -0.2998
vn -0.8678 0.4970 -0.0001
vn -0.8896 0.4567 -0.0000
vn 0.4022 -0.4653 -0.7885
vn 0.3945 -0.4576 -0.7969
vn 0.3854 -0.4561 -0.8022
vn 0.3789 -0.4420 -0.8131
vn 0.3697 -0.4405 -0.8181
vn 0.3163 -0.4587 -0.8304
vn 0.3234 -0.4575 -0.8283
vn 0.1654 -0.5120 -0.8429
vn -0.0000 -0.5272 -0.8498
vn -0.1261 -0.4964 -0.8589
vn -0.1183 -0.4969 -0.8597
vn -0.0628 -0.5734 -0.8169
vn -0.0079 -0.6540 -0.7564
vn 0.1421 -0.8604 -0.4894
vn 0.1654 -0.8898 -0.4252
vn 0.2206 -0.9612 -0.1654
vn 0.2128 -0.9616 -0.1734
vn 0.2996 -0.9541 -0.0002
vn 0.2133 -0.9004 -0.3791
vn 0.2997 -0.9540 -0.0001
vn 0.1654 -0.8741 -0.4567
vn 0.0079 -0.7708 -0.6371
vn -0.0079 -0.7491 -0.6624
vn -0.1183 -0.6862 -0.7177
vn 0.1104 -0.7336 -0.6705
vn 0.1024 -0.7343 -0.6711
vn 0.1492 -0.7223 -0.6753
vn 0.1654 -0.7091 -0.6854
vn 0.2448 -0.5843 -0.7738
vn 0.2448 -0.5843 -0.7737
vn 0.3386 -0.4489 -0.8269
vn 0.3384 -0.4643 -0.8185
vn 0.4181 -0.3550 -0.8362
vn -0.4005 0.6440 -0.6518
vn -0.4559 0.6525 -0.6053
vn -0.3784 0.6386 -0.6701
vn -0.3628 0.6389 -0.6783
vn -0.2996 0.6465 -0.7017
vn -0.2996 0.6465 -0.7016
vn -0.2760 0.6307 -0.7253
vn -0.2595 0.6213 -0.7393
vn -0.2440 0.5981 -0.7634
vn -0.2448 0.5843 -0.7738
vn -0.2287 0.5599 -0.7964
vn -0.2208 0.5282 -0.8199
vn -0.1185 0.4186 -0.9004
vn -0.0314 0.3302 -0.9434
vn -0.0158 0.3398 -0.9404
vn -0.0157 0.3303 -0.9437
vn 0.2130 0.4338 -0.8755
vn 0.2764 0.4580 -0.8449
vn 0.4896 0.5370 -0.6870
vn 0.5338 0.5574 -0.6359
vn 0.6833 0.6205 -0.3848
vn 0.6760 0.6131 -0.4088
vn 0.7452 0.6668 -0.0001
vn -0.2520 0.8112 0.5277
vn -0.3701 0.9290 -0.0000
vn -0.2526 0.8051 0.5367
vn -0.1416 0.7948 0.5902
vn -0.1423 0.7985 0.5850
vn -0.0790 0.8294 0.5530
vn -0.0789 0.8295 0.5530
vn -0.0630 0.8660 0.4960
vn -0.1578 0.8440 0.5127
vn -0.1571 0.8405 0.5185
vn -0.2926 0.7907 0.5377
vn -0.2835 0.7955 0.5356
vn -0.1496 0.8506 0.5041
vn -0.0868 0.8679 0.4892
vn -0.0394 0.8671 0.4966
vn 0.0316 0.8759 0.4814
vn 0.0236 0.8728 0.4875
vn 0.1263 0.8841 0.4500
vn 0.1418 0.8822 0.4490
vn 0.2279 0.8801 0.4165
vn -0.8205 0.2682 0.5048
vn -0.8204 0.2682 0.5050
vn -0.5052 0.1342 0.8525
vn -0.5197 0.1417 0.8425
vn -0.2679 0.0630 0.9614
vn -0.0315 0.0079 0.9995
vn 0.0628 0.0315 0.9975
vn 0.0784 0.0392 0.9961
vn 0.1421 0.0789 0.9867
vn 0.1650 0.0864 0.9825
vn 0.1889 0.1102 0.9758
vn 0.2841 0.1499 0.9470
vn 0.3393 0.1815 0.9230
vn 0.4178 0.2131 0.8832
vn -0.2528 -0.8296 -0.4978
vn -0.2766 -0.8219 -0.4979
vn -0.3074 -0.8118 -0.4965
vn -0.3792 -0.7899 -0.4819
vn -0.4177 -0.7804 -0.4652
vn -0.4499 -0.7972 -0.4025
vn -0.4581 -0.8214 -0.3396
vn -0.4652 -0.8358 -0.2917
vn -0.5975 0.8019 -0.0000
vn -0.5924 0.8056 0.0079
vn -0.6013 0.7990 -0.0000
vn -0.5922 0.8057 0.0081
vn -0.5924 0.8056 0.0080
vn 0.8404 -0.5419 0.0002
vn 0.7792 -0.5116 0.3621
vn 0.8404 -0.5420 -0.0000
vn 0.7897 -0.5212 0.3237
vn 0.6453 -0.4328 0.6295
vn 0.6082 -0.4107 0.6792
vn 0.4266 -0.2765 0.8611
vn 0.3554 -0.2211 0.9082
vn 0.1025 -0.0552 0.9932
vn 0.0550 -0.0314 0.9980
vn 0.0393 -0.0157 0.9991
vn 0.0236 -0.0315 0.9992
vn -0.0000 -0.0707 0.9975
vn -0.0000 -0.0393 0.9992
vn -0.0000 -0.0315 0.9995
vn 0.0236 0.0079 0.9997
vn 0.0472 0.0236 0.9986
vn 0.0236 0.0472 0.9986
vn 0.0157 -0.0000 0.9999
vn -0.0000 0.0158 0.9999
vn -0.1183 0.1735 0.9777
vn -0.1733 0.1260 0.9768
vn -0.4017 0.3387 0.8508
vn 0.0550 -0.0471 0.9974
vn -0.4660 0.3080 0.8294
vn -0.6276 0.5099 0.5883
vn -0.0158 0.0079 0.9998
vn -0.0078 -0.0000 1.0000
vn 0.0158 -0.0000 0.9999
vn -0.2206 0.1654 0.9612
vn -0.4105 0.3236 0.8525
vn -0.6853 0.4569 0.5671
vn -0.4506 0.3478 0.8222
vn -0.8035 0.5356 0.2599
vn -0.7639 0.5907 0.2599
vn -0.6456 0.5117 0.5669
vn -0.8284 0.5601 -0.0000
vn -0.7952 0.6063 -0.0000
vn -0.7564 0.6067 0.2445
vn -0.7817 0.6237 -0.0000
vn -0.7885 0.6150 -0.0000
vn -0.7634 0.5981 0.2440
vn -0.6634 0.5291 0.5291
vn -0.7248 0.6381 0.2600
vn -0.7565 0.6540 -0.0000
vn -0.6157 0.5289 0.5841
vn -0.3710 0.3078 0.8761
vn -0.7494 0.6153 0.2446
vn -0.7778 0.6285 0.0001
vn -0.6459 0.5437 0.5358
vn -0.4103 0.3630 0.8366
vn -0.1579 0.1264 0.9793
vn -0.1737 0.1656 0.9708
vn -0.0079 0.0236 0.9997
vn -0.0867 -0.0867 0.9924
vn -0.0553 0.0711 0.9959
vn -0.2052 0.0315 0.9782
vn -0.2287 0.2287 0.9463
vn -0.4719 0.2359 0.8495
vn -0.4587 0.4745 0.7513
vn -0.6936 0.4335 0.5753
vn -0.5826 0.6377 0.5039
vn -0.7810 0.5602 0.2761
vn -0.6297 0.7321 0.2598
vn -0.7990 0.6013 -0.0000
vn -0.6456 0.7637 -0.0000
vn 0.7792 -0.5116 -0.3621
vn 0.8404 -0.5419 -0.0002
vn 0.7897 -0.5212 -0.3237
vn 0.6453 -0.4328 -0.6295
vn 0.6082 -0.4107 -0.6792
vn 0.4266 -0.2765 -0.8611
vn 0.3554 -0.2211 -0.9082
vn 0.1025 -0.0552 -0.9932
vn 0.0550 -0.0314 -0.9980
vn 0.0393 -0.0157 -0.9991
vn 0.0236 -0.0315 -0.9992
vn -0.0000 -0.0707 -0.9975
vn -0.0000 -0.0393 -0.9992
vn -0.0000 -0.0315 -0.9995
vn 0.0236 0.0079 -0.9997
vn 0.0472 0.0236 -0.9986
vn 0.0236 0.0472 -0.9986
vn 0.0157 -0.0000 -0.9999
vn -0.0000 0.0157 -0.9999
vn -0.1183 0.1735 -0.9777
vn -0.1733 0.1260 -0.9768
vn -0.4017 0.3387 -0.8508
vn 0.0550 -0.0471 -0.9974
vn -0.4660 0.3081 -0.8294
vn -0.6276 0.5099 -0.5883
vn 0.0158 -0.0000 -0.9999
vn -0.0158 0.0078 -0.9998
vn -0.2206 0.1653 -0.9613
vn -0.4105 0.3236 -0.8525
vn -0.6853 0.4569 -0.5671
vn -0.4505 0.3478 -0.8222
vn -0.8035 0.5356 -0.2600
vn -0.7639 0.5907 -0.2599
vn -0.6456 0.5117 -0.5669
vn -0.7564 0.6067 -0.2443
vn -0.7816 0.6237 -0.0000
vn -0.7634 0.5981 -0.2440
vn -0.6634 0.5291 -0.5291
vn -0.7248 0.6381 -0.2599
vn -0.6157 0.5289 -0.5841
vn -0.3710 0.3078 -0.8761
vn -0.7494 0.6153 -0.2444
vn -0.7778 0.6285 -0.0000
vn -0.6499 0.5452 -0.5295
vn -0.4104 0.3630 -0.8366
vn -0.7810 0.5602 -0.2761
vn -0.6297 0.7321 -0.2598
vn -0.5826 0.6377 -0.5039
vn -0.6935 0.4335 -0.5754
vn -0.4587 0.4745 -0.7513
vn -0.4719 0.2359 -0.8495
vn -0.2287 0.2287 -0.9463
vn -0.1736 0.1657 -0.9708
vn -0.2051 0.0315 -0.9782
vn -0.0553 0.0711 -0.9959
vn -0.0867 -0.0867 -0.9925
vn -0.0079 0.0236 -0.9997
vn -0.1579 0.1264 -0.9793
vn -0.0000 0.7191 -0.6949
vn -0.0000 0.7188 -0.6952
vn -0.0000 0.6871 -0.7266
vn -0.0000 0.6832 -0.7303
vn -0.0000 0.5122 -0.8589
vn -0.0000 0.5121 -0.8589
vn 1.0000 -0.0000 0.0001
vn 1.0000 -0.0000 0.0003
vn 1.0000 -0.0000 -0.0003
vn 1.0000 -0.0000 -0.0001
vn 1.0000 -0.0000 -0.0000
vn 0.6071 -0.6072 -0.5125
vn 0.6157 -0.5841 -0.5289
vn 0.6132 -0.5817 -0.5345
vn 0.5825 -0.6928 -0.4251
vn 0.5031 -0.8019 -0.3223
vn 0.5512 -0.7954 -0.2520
vn 0.5274 -0.7793 -0.3384
vn 0.4966 -0.6700 -0.5518
vn 0.5287 -0.7970 -0.2920
vn 0.5282 -0.8278 -0.1892
vn 0.4742 -0.6718 -0.5690
vn 0.3715 -0.4742 -0.7982
vn 0.4013 -0.5508 -0.7318
vn 0.4876 -0.7078 -0.5112
vn 0.4328 -0.6295 -0.6453
vn 0.4742 -0.6718 -0.5691
vn 0.5025 -0.7300 -0.4632
vn 0.5193 -0.6846 -0.5115
vn 0.5356 -0.7955 -0.2835
vn 0.5437 -0.8195 -0.1812
vn 0.5431 -0.7241 -0.4250
vn 0.6156 -0.6629 -0.4262
vn 0.5679 -0.7809 -0.2603
vn 0.5769 -0.7981 -0.1738
vn 0.6141 -0.6928 -0.3779
vn 0.7487 -0.5832 -0.3153
vn 0.6393 -0.7341 -0.2289
vn 0.6544 -0.7412 -0.1498
vn 0.7185 -0.6237 -0.3079
vn 0.8507 -0.4963 -0.1733
vn 0.7890 -0.5996 -0.1341
vn 0.8801 -0.4636 -0.1022
vn 0.7790 -0.5980 -0.1888
vn 0.6157 -0.5841 0.5289
vn 0.6071 -0.6072 0.5125
vn 0.6132 -0.5817 0.5344
vn 0.5825 -0.6928 0.4251
vn 0.5031 -0.8019 0.3223
vn 0.5512 -0.7954 0.2520
vn 0.5274 -0.7793 0.3385
vn 0.4966 -0.6700 0.5518
vn 0.5287 -0.7970 0.2920
vn 0.5282 -0.8277 0.1892
vn 0.4742 -0.6718 0.5690
vn 0.3715 -0.4742 0.7982
vn 0.4013 -0.5508 0.7318
vn 0.4876 -0.7078 0.5112
vn 0.4328 -0.6295 0.6453
vn 0.4741 -0.6718 0.5691
vn 0.5025 -0.7300 0.4632
vn 0.5193 -0.6846 0.5115
vn 0.5356 -0.7955 0.2835
vn 0.5437 -0.8195 0.1812
vn 0.5431 -0.7241 0.4250
vn 0.6156 -0.6629 0.4262
vn 0.5679 -0.7809 0.2603
vn 0.5769 -0.7981 0.1738
vn 0.6142 -0.6928 0.3779
vn 0.7487 -0.5832 0.3152
vn 0.6393 -0.7341 0.2289
vn 0.6544 -0.7412 0.1498
vn 0.7185 -0.6237 0.3079
vn 0.8507 -0.4963 0.1733
vn 0.7890 -0.5996 0.1341
vn 0.8801 -0.4636 0.1022
vn 0.7790 -0.5980 0.1888
vn -0.5530 -0.3081 0.7742
vn -0.6210 -0.2120 0.7546
vn -0.5903 -0.3227 0.7399
vn -0.5830 -0.1653 0.7955
vn -0.6213 0.6134 0.4876
vn -0.3708 -0.2603 0.8915
vn -0.6301 0.5041 0.5907
vn -0.7295 0.4471 0.5177
vn -0.4332 -0.0787 0.8979
vn -0.2601 -0.0867 0.9617
vn -0.1737 -0.2685 0.9475
vn -0.5059 0.3795 0.7747
vn -0.6389 0.3628 0.6783
vn -0.8124 0.2918 0.5048
vn -0.1733 -0.0236 0.9846
vn -0.0631 -0.3156 0.9468
vn 0.0315 -0.3232 0.9458
vn -0.7253 0.2365 0.6465
vn -0.8415 0.1966 0.5033
vn -0.0628 -0.0392 0.9973
vn 0.0474 -0.3395 0.9394
vn -0.7715 0.1338 0.6220
vn -0.8506 0.1496 0.5041
vn -0.3462 0.3619 0.8655
vn -0.7566 0.1734 0.6305
vn -0.5196 0.2441 0.8188
vn -0.5436 0.1418 0.8273
vn -0.5981 0.1023 0.7948
vn -0.6300 0.0866 0.7717
vn -0.3000 0.1105 0.9475
vn -0.3627 0.0552 0.9303
vn -0.4407 0.0315 0.8971
vn -0.4876 0.0079 0.8730
vn -0.1810 -0.0157 0.9834
vn -0.2211 0.2606 0.9398
vn -0.1497 0.1969 0.9689
vn -0.0236 -0.0079 0.9997
vn -0.1181 0.0394 0.9922
vn 0.0394 0.1732 0.9841
vn 0.0079 0.0472 0.9989
vn -0.0947 -0.3711 0.9238
vn -0.1182 -0.0000 0.9930
vn 0.0001 -0.0785 0.9969
vn -0.0867 -0.3944 0.9148
vn 0.3152 -0.5516 0.7723
vn -0.1414 -0.0079 0.9899
vn 0.4966 -0.2049 0.8434
vn 0.5964 -0.6199 0.5100
vn -0.0393 -0.0472 0.9981
vn -0.0947 -0.0395 0.9947
vn -0.0394 -0.1181 0.9922
vn -0.0000 -0.0157 0.9999
vn 0.0157 -0.1414 0.9898
vn 0.0315 -0.0315 0.9990
vn -0.0000 0.0079 1.0000
vn 0.0315 -0.0157 0.9994
vn 0.4578 -0.0947 0.8840
vn 0.0709 0.1653 0.9837
vn 0.5195 -0.0866 0.8501
vn 0.7881 -0.1418 0.5990
vn 0.5435 0.0867 0.8349
vn 0.8273 -0.1418 0.5436
vn 0.9531 -0.1891 0.2363
vn 0.7892 -0.2129 0.5761
vn 0.8511 0.0710 0.5201
vn 0.9629 -0.1658 0.2131
vn 0.9835 -0.1810 -0.0000
vn 0.9862 -0.1657 -0.0000
vn 0.9394 -0.2131 0.2684
vn 0.7154 -0.6604 0.2280
vn 0.9703 0.0789 0.2288
vn 0.9975 0.0708 -0.0000
vn 0.9771 -0.2127 -0.0000
vn 0.7303 -0.6832 -0.0000
vn -0.5903 -0.3227 -0.7399
vn -0.6210 -0.2120 -0.7546
vn -0.5530 -0.3081 -0.7742
vn -0.5829 -0.1654 -0.7955
vn -0.6213 0.6134 -0.4876
vn -0.3708 -0.2603 -0.8915
vn -0.6301 0.5041 -0.5907
vn -0.7295 0.4471 -0.5177
vn -0.4332 -0.0787 -0.8979
vn -0.2602 -0.0865 -0.9617
vn -0.1737 -0.2685 -0.9475
vn -0.5059 0.3795 -0.7747
vn -0.6389 0.3628 -0.6783
vn -0.8124 0.2918 -0.5048
vn -0.1733 -0.0236 -0.9846
vn -0.0631 -0.3156 -0.9468
vn 0.0315 -0.3232 -0.9458
vn -0.7253 0.2365 -0.6465
vn -0.8415 0.1966 -0.5033
vn -0.0628 -0.0392 -0.9973
vn 0.0474 -0.3395 -0.9394
vn -0.7715 0.1338 -0.6220
vn -0.8506 0.1496 -0.5041
vn -0.3462 0.3619 -0.8655
vn -0.7566 0.1734 -0.6305
vn -0.5981 0.1023 -0.7948
vn -0.6300 0.0866 -0.7717
vn -0.5436 0.1418 -0.8273
vn -0.5196 0.2441 -0.8188
vn -0.3000 0.1105 -0.9475
vn -0.3627 0.0552 -0.9303
vn -0.4407 0.0315 -0.8971
vn -0.4876 0.0079 -0.8730
vn -0.1810 -0.0157 -0.9834
vn -0.2211 0.2606 -0.9398
vn -0.1414 -0.0079 -0.9899
vn -0.0236 -0.0078 -0.9997
vn -0.1497 0.1969 -0.9689
vn -0.1181 0.0394 -0.9922
vn 0.0394 0.1732 -0.9841
vn 0.0079 0.0472 -0.9989
vn -0.0947 -0.3711 -0.9238
vn -0.1182 -0.0000 -0.9930
vn -0.0000 -0.0157 -0.9999
vn -0.0000 0.0079 -1.0000
vn 0.0708 0.1653 -0.9837
vn 0.0315 -0.0157 -0.9994
vn -0.0393 -0.0472 -0.9981
vn -0.0947 -0.0395 -0.9947
vn -0.0394 -0.1181 -0.9922
vn 0.0157 -0.1414 -0.9898
vn 0.0315 -0.0315 -0.9990
vn 0.4578 -0.0947 -0.8840
vn 0.5195 -0.0866 -0.8501
vn 0.7881 -0.1418 -0.5990
vn 0.8273 -0.1418 -0.5436
vn 0.9531 -0.1891 -0.2363
vn 0.5435 0.0867 -0.8349
vn 0.9629 -0.1658 -0.2131
vn 0.8511 0.0710 -0.5201
vn 0.9703 0.0789 -0.2288
vn 0.9975 0.0707 -0.0000
vn 0.9771 -0.2127 -0.0001
vn 0.9394 -0.2131 -0.2684
vn 0.7154 -0.6604 -0.2280
vn 0.7303 -0.6832 -0.0001
vn 0.5963 -0.6199 -0.5100
vn 0.7891 -0.2130 -0.5761
vn 0.4966 -0.2049 -0.8434
vn 0.3152 -0.5516 -0.7723
vn 0.0001 -0.0785 -0.9969
vn -0.0867 -0.3944 -0.9148
vn -0.4489 0.3387 0.8269
vn -0.2050 -0.4966 0.8434
vn 0.2283 0.5510 0.8027
vn 0.5199 -0.2678 0.8112
vn -0.4257 -0.2837 0.8592
vn -0.1738 -0.5055 0.8451
vn 0.4493 -0.3548 0.8199
vn -0.4489 0.3387 -0.8269
vn 0.2283 0.5510 -0.8027
vn -0.2050 -0.4966 -0.8434
vn 0.3157 0.1342 -0.9393
vn -0.1738 -0.5055 -0.8451
vn 0.4493 -0.3548 -0.8199
vn 0.0707 -0.0236 0.9972
vn 0.2524 -0.1025 0.9622
vn 0.0395 -0.0158 0.9991
vn 0.0315 -0.0158 0.9994
vn 0.5832 -0.3152 0.7487
vn 0.6307 -0.2759 0.7253
vn 0.6532 -0.2676 0.7083
vn 0.8765 -0.3632 0.3159
vn 0.6069 -0.3074 0.7329
vn 0.8669 -0.3862 0.3152
vn 0.9224 -0.3863 -0.0000
vn 0.9154 -0.4025 -0.0000
vn 0.8440 -0.4338 0.3155
vn 0.8358 -0.4494 0.3154
vn 0.8897 -0.4566 -0.0000
vn 0.8815 -0.4722 -0.0000
vn 0.0707 -0.0236 -0.9972
vn 0.2524 -0.1025 -0.9622
vn 0.0395 -0.0158 -0.9991
vn 0.0315 -0.0158 -0.9994
vn 0.5832 -0.3152 -0.7487
vn 0.6307 -0.2759 -0.7253
vn 0.6532 -0.2676 -0.7083
vn 0.8765 -0.3632 -0.3159
vn 0.6068 -0.3074 -0.7330
vn 0.8669 -0.3862 -0.3152
vn 0.8440 -0.4338 -0.3155
vn 0.8358 -0.4494 -0.3154
vt 0.049286 0.053711
vt 0.031525 0.059570
vt 0.031738 0.053711
vt 0.053314 0.059570
vt 0.040955 0.084473
vt 0.019928 0.084473
vt 0.018433 0.078613
vt 0.045135 0.078613
vt 0.004395 0.044434
vt 0.024658 0.049805
vt 0.002338 0.049805
vt 0.023285 0.044434
vt 0.022873 0.042969
vt 0.002991 0.037598
vt 0.024582 0.037598
vt 0.004719 0.042969
vt 0.107666 0.309570
vt 0.126465 0.314941
vt 0.106750 0.314941
vt 0.124207 0.309570
vt 0.091858 0.304688
vt 0.109619 0.298828
vt 0.110107 0.304688
vt 0.090149 0.298828
vt 0.184326 0.422852
vt 0.204590 0.428223
vt 0.181519 0.428223
vt 0.202637 0.422852
vt 0.319336 0.401855
vt 0.330811 0.380371
vt 0.291504 0.380371
vt 0.258545 0.380371
vt 0.361328 0.403320
vt 0.365723 0.428223
vt 0.374512 0.416016
vt 0.361328 0.426758
vt 0.940430 0.950500
vt 0.982910 0.956055
vt 0.940430 0.956055
vt 0.982910 0.950500
vt 0.174561 0.363770
vt 0.173706 0.370117
vt 0.168945 0.363770
vt 0.165894 0.370117
vt 0.163574 0.363770
vt 0.157227 0.370117
vt 0.157227 0.363770
vt 0.150269 0.370117
vt 0.150269 0.363770
vt 0.122437 0.370117
vt 0.122437 0.363770
vt 0.120300 0.370117
vt 0.120300 0.363770
vt 0.100464 0.370117
vt 0.100464 0.363770
vt 0.256592 0.036133
vt 0.263184 0.045898
vt 0.262695 0.034668
vt 0.270752 0.045898
vt 0.268066 0.034180
vt 0.277100 0.045898
vt 0.274658 0.033691
vt 0.286377 0.045898
vt 0.281250 0.032715
vt 0.296143 0.045898
vt 0.287354 0.031250
vt 0.290771 0.034668
vt 0.295898 0.038086
vt 0.303955 0.039062
vt 0.303955 0.045898
vt 0.323486 0.045898
vt 0.327637 0.039062
vt 0.351074 0.045898
vt 0.350830 0.039062
vt 0.390625 0.045898
vt 0.391357 0.039062
vt 0.400635 0.048828
vt 0.405029 0.039062
vt 0.410645 0.054688
vt 0.410400 0.038574
vt 0.423584 0.054688
vt 0.414307 0.036621
vt 0.426514 0.035645
vt 0.416992 0.033203
vt 0.436279 0.054688
vt 0.440186 0.038574
vt 0.450684 0.054688
vt 0.453369 0.041504
vt 0.463379 0.054688
vt 0.465576 0.043945
vt 0.471680 0.054688
vt 0.473145 0.044434
vt 0.478027 0.054688
vt 0.479248 0.044922
vt 0.484619 0.045410
vt 0.483887 0.054688
vt 0.488770 0.045410
vt 0.488770 0.054688
vt 0.386230 0.334961
vt 0.402832 0.321777
vt 0.383057 0.332031
vt 0.369385 0.346191
vt 0.372314 0.319336
vt 0.360840 0.343750
vt 0.357910 0.319336
vt 0.352295 0.339355
vt 0.343994 0.333008
vt 0.343994 0.319336
vt 0.338623 0.327148
vt 0.333984 0.319336
vt 0.551270 0.262207
vt 0.551270 0.244141
vt 0.571777 0.265137
vt 0.565430 0.240723
vt 0.577148 0.261230
vt 0.581543 0.238770
vt 0.586426 0.257812
vt 0.598633 0.238770
vt 0.599121 0.256348
vt 0.616211 0.239258
vt 0.612305 0.257324
vt 0.624512 0.259766
vt 0.636230 0.240234
vt 0.633301 0.264648
vt 0.656738 0.240723
vt 0.656738 0.261230
vt 0.635742 0.268555
vt 0.636230 0.274902
vt 0.659180 0.283203
vt 0.633789 0.281250
vt 0.679688 0.294434
vt 0.657715 0.295898
vt 0.647461 0.303711
vt 0.629395 0.285645
vt 0.682129 0.308594
vt 0.689453 0.300293
vt 0.695312 0.307617
vt 0.697754 0.315430
vt 0.694824 0.318848
vt 0.690430 0.320312
vt 0.685059 0.322266
vt 0.670898 0.323242
vt 0.631348 0.323242
vt 0.629395 0.305176
vt 0.623535 0.288574
vt 0.615234 0.291016
vt 0.613770 0.306641
vt 0.608398 0.323242
vt 0.606445 0.292480
vt 0.597656 0.307129
vt 0.598633 0.292969
vt 0.584961 0.323242
vt 0.590820 0.291992
vt 0.584961 0.307129
vt 0.575684 0.322266
vt 0.584473 0.289551
vt 0.576172 0.304199
vt 0.568359 0.319824
vt 0.562988 0.317383
vt 0.570312 0.300781
vt 0.579590 0.283691
vt 0.729004 0.388672
vt 0.761230 0.388672
vt 0.766113 0.406250
vt 0.786621 0.388672
vt 0.808105 0.423340
vt 0.814453 0.388672
vt 0.822266 0.416992
vt 0.835449 0.388672
vt 0.838379 0.412598
vt 0.858887 0.388672
vt 0.859863 0.410156
vt 0.879395 0.388672
vt 0.877441 0.409668
vt 0.896973 0.410156
vt 0.899902 0.388672
vt 0.918945 0.411133
vt 0.924316 0.388672
vt 0.949219 0.400391
vt 0.949707 0.388672
vt 0.983887 0.388672
vt 0.349365 0.385254
vt 0.357422 0.409180
vt 0.343750 0.388184
vt 0.350342 0.409180
vt 0.339600 0.393066
vt 0.343994 0.409180
vt 0.334717 0.398438
vt 0.337891 0.409180
vt 0.331055 0.409180
vt 0.328857 0.404785
vt 0.250244 0.409180
vt 0.250977 0.404785
vt 0.242798 0.409180
vt 0.241211 0.401855
vt 0.234741 0.409180
vt 0.234375 0.396973
vt 0.228516 0.400391
vt 0.227051 0.409180
vt 0.230469 0.388672
vt 0.221313 0.398926
vt 0.219360 0.409180
vt 0.222900 0.388184
vt 0.215698 0.398438
vt 0.217407 0.387207
vt 0.213379 0.409180
vt 0.211792 0.386230
vt 0.209839 0.397949
vt 0.206299 0.385254
vt 0.206665 0.409180
vt 0.204468 0.397461
vt 0.200684 0.409180
vt 0.197754 0.413086
vt 0.197754 0.412598
vt 0.203735 0.412598
vt 0.205200 0.416992
vt 0.209961 0.412598
vt 0.214478 0.420410
vt 0.215332 0.412598
vt 0.222412 0.412598
vt 0.227539 0.423340
vt 0.229492 0.412598
vt 0.238403 0.424805
vt 0.237183 0.412598
vt 0.251465 0.426270
vt 0.244629 0.412598
vt 0.273926 0.431152
vt 0.326660 0.412598
vt 0.323730 0.426758
vt 0.331299 0.425293
vt 0.333008 0.412598
vt 0.338135 0.423340
vt 0.338867 0.412598
vt 0.344971 0.412598
vt 0.346191 0.418945
vt 0.352295 0.412598
vt 0.352295 0.416016
vt 0.132202 0.302246
vt 0.139526 0.302246
vt 0.143188 0.299805
vt 0.147095 0.302246
vt 0.154541 0.299316
vt 0.154541 0.302246
vt 0.094788 0.159668
vt 0.097595 0.157715
vt 0.086792 0.157715
vt 0.086792 0.161621
vt 0.077698 0.157715
vt 0.077698 0.163574
vt 0.067749 0.157715
vt 0.067749 0.164062
vt 0.041748 0.164062
vt 0.036926 0.157715
vt 0.036896 0.160645
vt 0.037933 0.163086
vt 0.901855 0.959808
vt 0.901855 0.951721
vt 0.915527 0.951721
vt 0.915527 0.964172
vt 0.923828 0.951721
vt 0.923828 0.971542
vt 0.758301 0.944214
vt 0.759277 0.942474
vt 0.759277 0.945923
vt 0.767578 0.938690
vt 0.767578 0.949890
vt 0.777832 0.952850
vt 0.777832 0.935364
vt 0.787598 0.933655
vt 0.787598 0.954773
vt 0.799316 0.956360
vt 0.799316 0.931946
vt 0.817871 0.946899
vt 0.817871 0.930786
vt 0.817871 0.957397
vt 0.889160 0.957397
vt 0.889160 0.946899
vt 0.020554 0.363770
vt 0.014259 0.369629
vt 0.014259 0.363770
vt 0.020554 0.369629
vt 0.026001 0.363770
vt 0.026001 0.369629
vt 0.031525 0.363770
vt 0.030640 0.369629
vt 0.037323 0.363770
vt 0.035522 0.369629
vt 0.047272 0.363770
vt 0.047272 0.369629
vt 0.070007 0.363770
vt 0.070007 0.369629
vt 0.073547 0.363770
vt 0.073547 0.369629
vt 0.091064 0.369629
vt 0.091064 0.363770
vt 0.030655 0.369629
vt 0.203613 0.379395
vt 0.211426 0.374023
vt 0.203613 0.374023
vt 0.212402 0.377930
vt 0.217407 0.374023
vt 0.218994 0.377441
vt 0.225830 0.374023
vt 0.227173 0.376465
vt 0.235962 0.374023
vt 0.236084 0.375977
vt 0.244873 0.374023
vt 0.246216 0.375977
vt 0.261475 0.374023
vt 0.261475 0.375977
vt 0.285400 0.374023
vt 0.285400 0.375977
vt 0.319580 0.374023
vt 0.319580 0.375977
vt 0.330078 0.374023
vt 0.330078 0.375977
vt 0.339844 0.375977
vt 0.342285 0.374023
vt 0.342285 0.384277
vt 0.339844 0.384277
vt 0.307129 0.050293
vt 0.296143 0.050293
vt 0.296143 0.055664
vt 0.307129 0.055664
vt 0.318115 0.050293
vt 0.318115 0.055664
vt 0.329834 0.055664
vt 0.329834 0.050293
vt 0.340820 0.055664
vt 0.340820 0.050293
vt 0.347412 0.055664
vt 0.347412 0.050293
vt 0.354492 0.055664
vt 0.354492 0.050293
vt 0.359863 0.050293
vt 0.359863 0.055664
vt 0.364014 0.050293
vt 0.364014 0.055664
vt 0.556152 0.145020
vt 0.565430 0.157227
vt 0.590332 0.145020
vt 0.545410 0.168945
vt 0.524414 0.145020
vt 0.524414 0.166992
vt 0.540527 0.184082
vt 0.274658 0.230469
vt 0.280029 0.224121
vt 0.274658 0.224121
vt 0.279053 0.230469
vt 0.286377 0.224121
vt 0.287109 0.230469
vt 0.294922 0.224121
vt 0.294678 0.230469
vt 0.302734 0.224121
vt 0.302246 0.230469
vt 0.311523 0.224121
vt 0.311523 0.230469
vt 0.322998 0.224121
vt 0.322998 0.230469
vt 0.373047 0.224121
vt 0.373047 0.230469
vt 0.388184 0.230469
vt 0.388184 0.224121
vt 0.531738 0.208984
vt 0.518066 0.181641
vt 0.510742 0.183105
vt 0.536621 0.208984
vt 0.525879 0.182129
vt 0.542480 0.208984
vt 0.534668 0.184570
vt 0.550781 0.208984
vt 0.542480 0.187012
vt 0.558105 0.208984
vt 0.549805 0.188965
vt 0.566406 0.208984
vt 0.563965 0.192871
vt 0.577637 0.208984
vt 0.587402 0.196289
vt 0.625000 0.208984
vt 0.625000 0.199707
vt 0.634277 0.203613
vt 0.639648 0.208984
vt 0.300293 0.359375
vt 0.293457 0.328125
vt 0.300293 0.328125
vt 0.293457 0.359375
vt 0.286377 0.328125
vt 0.286377 0.359375
vt 0.281006 0.359375
vt 0.281006 0.328125
vt 0.267822 0.328125
vt 0.262207 0.327637
vt 0.209961 0.359375
vt 0.256348 0.325195
vt 0.250977 0.320312
vt 0.206665 0.358887
vt 0.198608 0.344727
vt 0.198242 0.353516
vt 0.243774 0.310059
vt 0.192505 0.349609
vt 0.195435 0.328613
vt 0.189087 0.337891
vt 0.187256 0.344727
vt 0.181763 0.337891
vt 0.190674 0.311035
vt 0.229980 0.289551
vt 0.187500 0.330566
vt 0.185791 0.295410
vt 0.213135 0.263672
vt 0.175293 0.269043
vt 0.183105 0.312988
vt 0.181030 0.331543
vt 0.175415 0.331543
vt 0.177856 0.296387
vt 0.168579 0.270020
vt 0.176636 0.314453
vt 0.171265 0.316406
vt 0.167603 0.325684
vt 0.165771 0.317871
vt 0.161133 0.301758
vt 0.166626 0.300293
vt 0.152344 0.274902
vt 0.157837 0.273438
vt 0.171875 0.298340
vt 0.163208 0.271484
vt 0.009331 0.286621
vt 0.004894 0.317383
vt 0.004894 0.285645
vt 0.009331 0.317871
vt 0.004894 0.342773
vt 0.009331 0.343262
vt 0.004894 0.355469
vt 0.009331 0.354980
vt 0.009331 0.362793
vt 0.004894 0.362793
vt 0.004894 0.368652
vt 0.009331 0.368652
vt 0.004894 0.374023
vt 0.009331 0.374023
vt 0.009331 0.382812
vt 0.004894 0.384766
vt 0.010551 0.389160
vt 0.004894 0.390625
vt 0.011719 0.396484
vt 0.004894 0.395996
vt 0.004894 0.402344
vt 0.011719 0.402344
vt 0.328125 0.368652
vt 0.321777 0.364258
vt 0.328125 0.364258
vt 0.321045 0.368652
vt 0.315186 0.364258
vt 0.314697 0.368652
vt 0.307617 0.368652
vt 0.307617 0.364258
vt 0.300293 0.368652
vt 0.300293 0.365723
vt 0.217041 0.365723
vt 0.216431 0.368652
vt 0.204590 0.361328
vt 0.204712 0.368652
vt 0.195312 0.361328
vt 0.195312 0.368652
vt 0.185181 0.368652
vt 0.185181 0.361328
vt 0.352051 0.219727
vt 0.345947 0.215820
vt 0.352539 0.215820
vt 0.345947 0.219727
vt 0.339355 0.215820
vt 0.339355 0.219727
vt 0.333740 0.215820
vt 0.333740 0.219727
vt 0.327637 0.215820
vt 0.327637 0.219727
vt 0.280029 0.219727
vt 0.280029 0.215820
vt 0.258301 0.219727
vt 0.258301 0.215820
vt 0.246460 0.219727
vt 0.246460 0.215820
vt 0.236938 0.215820
vt 0.235107 0.219727
vt 0.225464 0.215820
vt 0.225464 0.219727
vt 0.217041 0.219727
vt 0.217041 0.215820
vt 0.212402 0.219727
vt 0.209717 0.215820
vt 0.232666 0.245605
vt 0.230225 0.235352
vt 0.235718 0.245605
vt 0.226929 0.235352
vt 0.227539 0.246582
vt 0.217896 0.235352
vt 0.221680 0.247070
vt 0.214966 0.249023
vt 0.208008 0.235352
vt 0.208008 0.250977
vt 0.197388 0.235352
vt 0.195923 0.256836
vt 0.169556 0.235352
vt 0.166504 0.260254
vt 0.162842 0.260254
vt 0.165161 0.235352
vt 0.159668 0.259766
vt 0.155884 0.258301
vt 0.162476 0.235352
vt 0.152466 0.256836
vt 0.159668 0.235352
vt 0.260986 0.391602
vt 0.267822 0.391602
vt 0.267822 0.395996
vt 0.259033 0.395996
vt 0.254639 0.391602
vt 0.252930 0.395996
vt 0.248413 0.391602
vt 0.247314 0.395996
vt 0.241211 0.391602
vt 0.241211 0.395996
vt 0.939453 0.943939
vt 0.988770 0.938538
vt 0.981445 0.943939
vt 0.925293 0.933716
vt 0.991699 0.933716
vt 0.893555 0.930176
vt 0.903320 0.940369
vt 0.893555 0.945648
vt 0.914062 0.930176
vt 0.914062 0.937012
vt 0.157715 0.358398
vt 0.151001 0.345703
vt 0.157715 0.345703
vt 0.152100 0.358398
vt 0.146851 0.358398
vt 0.144287 0.342773
vt 0.140137 0.358398
vt 0.137817 0.338867
vt 0.133545 0.358398
vt 0.130981 0.333496
vt 0.106018 0.358398
vt 0.100220 0.333984
vt 0.103394 0.357422
vt 0.094543 0.308105
vt 0.087158 0.348633
vt 0.083069 0.322266
vt 0.084412 0.342773
vt 0.082214 0.317383
vt 0.073486 0.357422
vt 0.068909 0.333496
vt 0.070374 0.358398
vt 0.046204 0.358398
vt 0.069397 0.308105
vt 0.046204 0.333008
vt 0.037231 0.358398
vt 0.046204 0.331055
vt 0.037231 0.332031
vt 0.031021 0.358398
vt 0.072083 0.291016
vt 0.084534 0.298828
vt 0.031021 0.331543
vt 0.026031 0.358398
vt 0.037231 0.330078
vt 0.046204 0.304688
vt 0.046204 0.303223
vt 0.058502 0.280762
vt 0.037231 0.303711
vt 0.031021 0.329102
vt 0.026031 0.331055
vt 0.031021 0.302246
vt 0.021057 0.331055
vt 0.021057 0.358398
vt 0.026031 0.328613
vt 0.014893 0.331055
vt 0.014893 0.358398
vt 0.021057 0.328613
vt 0.014893 0.328613
vt 0.014893 0.300781
vt 0.021057 0.300781
vt 0.026031 0.301270
vt 0.021057 0.298340
vt 0.014893 0.297852
vt 0.026031 0.298828
vt 0.031021 0.299805
vt 0.021057 0.271973
vt 0.014893 0.271484
vt 0.026031 0.272461
vt 0.031021 0.273438
vt 0.037231 0.301270
vt 0.037231 0.274902
vt 0.046204 0.277832
vt 0.046204 0.276367
vt 0.046204 0.270020
vt 0.037231 0.272949
vt 0.037231 0.262695
vt 0.031021 0.270996
vt 0.031021 0.256836
vt 0.026031 0.269043
vt 0.026031 0.252930
vt 0.021057 0.268555
vt 0.021057 0.251953
vt 0.014893 0.268066
vt 0.014893 0.251465
vt 0.993164 0.975296
vt 0.927246 0.975296
vt 0.934082 0.968384
vt 0.990234 0.968384
vt 0.982910 0.962250
vt 0.940918 0.962250
vt 0.740234 0.956360
vt 0.759766 0.951324
vt 0.759766 0.956360
vt 0.740234 0.951324
vt 0.727539 0.951324
vt 0.727539 0.956360
vt 0.530273 0.345215
vt 0.514648 0.327637
vt 0.495117 0.338867
vt 0.545410 0.336426
vt 0.541016 0.347168
vt 0.561035 0.327637
vt 0.557617 0.339844
vt 0.548828 0.351562
vt 0.575195 0.335938
vt 0.574707 0.327637
vt 0.561523 0.348145
vt 0.554688 0.357422
vt 0.564453 0.355469
vt 0.577148 0.345215
vt 0.578613 0.352539
vt 0.592285 0.350098
vt 0.591797 0.342773
vt 0.605469 0.346191
vt 0.590820 0.334473
vt 0.589844 0.327637
vt 0.604004 0.340332
vt 0.613281 0.342773
vt 0.602539 0.333496
vt 0.602051 0.327637
vt 0.610840 0.338379
vt 0.618652 0.337891
vt 0.610352 0.332520
vt 0.610352 0.327637
vt 0.614746 0.335449
vt 0.621094 0.332031
vt 0.616699 0.327637
vt 0.621582 0.327637
vt 0.616699 0.332031
vt 0.022369 0.177734
vt 0.003538 0.186523
vt 0.017334 0.169434
vt 0.013268 0.190430
vt 0.005836 0.191895
vt 0.027695 0.185547
vt 0.012947 0.194336
vt 0.010597 0.209473
vt 0.020767 0.194336
vt 0.027908 0.198730
vt 0.033142 0.192383
vt 0.026337 0.202637
vt 0.016739 0.210449
vt 0.012436 0.222168
vt 0.034027 0.203125
vt 0.038147 0.197266
vt 0.043732 0.201172
vt 0.018250 0.223145
vt 0.012650 0.234863
vt 0.040100 0.207520
vt 0.051544 0.206055
vt 0.017807 0.242676
vt 0.012260 0.241699
vt 0.032288 0.206543
vt 0.018295 0.235352
vt 0.025314 0.214844
vt 0.024902 0.226074
vt 0.024017 0.236816
vt 0.023178 0.244141
vt 0.034302 0.219727
vt 0.032379 0.229492
vt 0.030289 0.238770
vt 0.028641 0.245605
vt 0.035248 0.247559
vt 0.038055 0.210938
vt 0.047058 0.216309
vt 0.048279 0.212402
vt 0.044098 0.224609
vt 0.050751 0.216797
vt 0.051636 0.212891
vt 0.054810 0.206543
vt 0.040924 0.233398
vt 0.125366 0.212891
vt 0.125366 0.206543
vt 0.130859 0.206543
vt 0.038086 0.241699
vt 0.130859 0.212891
vt 0.136230 0.206543
vt 0.047607 0.252930
vt 0.038544 0.256348
vt 0.044220 0.263184
vt 0.055908 0.238281
vt 0.059662 0.262207
vt 0.052094 0.270996
vt 0.125366 0.301270
vt 0.058380 0.226074
vt 0.125366 0.230957
vt 0.130859 0.298340
vt 0.125366 0.216797
vt 0.130859 0.231445
vt 0.136230 0.294922
vt 0.130859 0.216797
vt 0.136230 0.232422
vt 0.141357 0.291992
vt 0.136230 0.212891
vt 0.136230 0.216797
vt 0.141357 0.232910
vt 0.146729 0.290527
vt 0.146729 0.232910
vt 0.141357 0.212891
vt 0.141357 0.206543
vt 0.141357 0.216797
vt 0.146729 0.216797
vt 0.146729 0.212891
vt 0.146729 0.206543
vt 0.162964 0.325684
vt 0.141235 0.336426
vt 0.141235 0.306641
vt 0.120667 0.320801
vt 0.548340 0.249512
vt 0.527832 0.259277
vt 0.527832 0.230957
vt 0.507324 0.245117
vt 0.255615 0.312500
vt 0.264893 0.321777
vt 0.260010 0.318359
vt 0.269775 0.323730
vt 0.250488 0.301758
vt 0.278564 0.301758
vt 0.278564 0.323730
vt 0.278564 0.283691
vt 0.241211 0.277832
vt 0.278564 0.254395
vt 0.230225 0.249512
vt 0.284668 0.254395
vt 0.284668 0.301758
vt 0.284668 0.323730
vt 0.291016 0.323730
vt 0.284668 0.283691
vt 0.291016 0.301758
vt 0.296631 0.323730
vt 0.296631 0.301758
vt 0.291016 0.283691
vt 0.291016 0.254395
vt 0.296631 0.283691
vt 0.296631 0.254395
s 1
usemtl AK_Ninja_MI.003
f 1/1/1 2/2/2 3/3/3
f 2/2/2 1/1/1 4/4/2
f 5/5/4 6/6/5 7/7/6
f 7/7/6 8/8/7 5/5/4
f 9/9/8 10/10/9 11/11/9
f 10/10/9 9/9/8 12/12/10
f 13/13/11 14/14/12 15/15/12
f 14/14/12 13/13/11 16/16/13
f 17/17/14 18/18/15 19/19/16
f 18/18/15 17/17/14 20/20/17
f 21/21/18 22/22/19 23/23/20
f 22/22/19 21/21/18 24/24/21
f 25/25/22 26/26/23 27/27/23
f 26/26/23 25/25/22 28/28/24
f 29/2/25 30/1/26 31/3/27
f 30/1/26 29/2/25 32/4/25
f 33/5/28 34/7/29 35/6/30
f 36/8/31 34/7/29 33/5/28
f 37/11/32 38/10/32 39/9/33
f 39/9/33 38/10/32 40/12/34
f 41/15/35 42/14/35 43/13/36
f 43/13/36 42/14/35 44/16/33
f 45/19/37 46/18/38 47/17/39
f 47/17/39 46/18/38 48/20/40
f 49/22/41 50/21/42 51/23/43
f 50/21/42 49/22/41 52/24/41
f 53/27/44 54/26/44 55/25/45
f 55/25/45 54/26/44 56/28/46
f 57/29/47 58/30/48 59/31/49
f 59/31/49 60/32/50 57/29/47
f 61/33/51 62/34/51 63/35/51
f 62/34/51 61/33/51 64/36/52
f 65/29/53 66/31/54 67/30/55
f 66/31/54 65/29/53 68/32/56
f 69/33/57 70/34/57 71/36/58
f 70/34/57 69/33/57 72/35/57
f 73/37/59 74/38/59 75/39/60
f 74/38/59 73/37/59 76/40/59
f 77/41/61 78/42/61 79/43/62
f 79/43/62 78/42/61 80/44/63
f 81/45/64 79/43/62 80/44/63
f 80/44/63 82/46/65 81/45/64
f 83/47/66 81/45/64 82/46/65
f 83/47/66 82/46/65 84/48/67
f 85/49/68 83/47/66 84/48/67
f 86/50/69 85/49/68 84/48/67
f 85/49/68 86/50/69 87/51/70
f 88/52/71 87/51/70 86/50/69
f 87/51/70 88/52/71 89/53/72
f 90/54/73 89/53/72 88/52/71
f 89/53/72 90/54/73 91/55/74
f 92/56/75 93/57/75 94/58/76
f 95/59/77 94/58/76 93/57/75
f 95/59/77 96/60/78 94/58/76
f 96/60/78 95/59/77 97/61/79
f 97/61/79 98/62/80 96/60/78
f 98/62/80 97/61/79 99/63/81
f 99/63/81 100/64/82 98/62/80
f 100/64/82 99/63/81 101/65/83
f 102/66/84 100/64/82 103/67/85
f 100/64/82 101/65/83 103/67/85
f 103/67/85 101/65/83 104/68/83
f 101/65/83 105/69/86 104/68/83
f 105/69/86 101/65/83 106/70/86
f 107/71/87 105/69/86 106/70/86
f 105/69/86 107/71/87 108/72/88
f 107/71/87 109/73/89 108/72/88
f 108/72/88 109/73/89 110/74/90
f 111/75/91 110/74/90 109/73/89
f 110/74/90 111/75/91 112/76/91
f 113/77/92 112/76/91 111/75/91
f 112/76/91 113/77/92 114/78/93
f 115/79/94 114/78/93 113/77/92
f 114/78/93 115/79/94 116/80/94
f 117/81/95 116/80/94 115/79/94
f 116/80/94 117/81/95 118/82/96
f 117/81/95 119/83/97 118/82/96
f 118/82/96 119/83/97 120/84/98
f 121/85/97 119/83/97 117/81/95
f 119/83/97 121/85/97 122/86/97
f 122/86/97 121/85/97 123/87/99
f 124/88/99 122/86/97 123/87/99
f 124/88/99 123/87/99 125/89/100
f 126/90/101 124/88/99 125/89/100
f 127/91/102 126/90/101 125/89/100
f 126/90/101 127/91/102 128/92/103
f 129/93/104 128/92/103 127/91/102
f 128/92/103 129/93/104 130/94/105
f 129/93/104 131/95/106 130/94/105
f 131/95/106 129/93/104 132/96/107
f 131/95/106 132/96/107 133/97/108
f 133/97/108 132/96/107 134/98/109
f 135/99/110 136/100/111 137/101/112
f 138/102/113 135/99/110 137/101/112
f 139/103/113 138/102/113 137/101/112
f 139/103/113 140/104/114 138/102/113
f 140/104/114 139/103/113 141/105/115
f 142/106/116 140/104/114 141/105/115
f 141/105/115 143/107/117 142/106/116
f 143/107/117 141/105/115 144/108/118
f 144/108/118 145/109/119 143/107/117
f 144/108/118 146/110/120 145/109/119
f 147/111/121 148/112/122 149/113/123
f 150/114/124 149/113/123 148/112/122
f 149/113/123 150/114/124 151/115/125
f 152/116/126 151/115/125 150/114/124
f 151/115/125 152/116/126 153/117/127
f 154/118/128 153/117/127 152/116/126
f 153/117/127 154/118/128 155/119/128
f 154/118/128 156/120/129 155/119/128
f 155/119/128 156/120/129 157/121/130
f 157/121/130 156/120/129 158/122/131
f 156/120/129 159/123/132 158/122/131
f 159/123/132 160/124/133 158/122/131
f 161/125/133 160/124/133 159/123/132
f 162/126/134 160/124/133 161/125/133
f 160/124/133 162/126/134 163/127/135
f 163/127/135 162/126/134 164/128/136
f 164/128/136 162/126/134 165/129/137
f 164/128/136 165/129/137 166/130/138
f 162/126/134 167/131/139 165/129/137
f 168/132/140 166/130/138 165/129/137
f 167/131/139 168/132/140 165/129/137
f 169/133/141 166/130/138 168/132/140
f 166/130/138 169/133/141 170/134/142
f 168/132/140 167/131/139 171/135/143
f 169/133/141 168/132/140 171/135/143
f 172/136/144 171/135/143 167/131/139
f 173/137/145 171/135/143 172/136/144
f 173/137/145 174/138/146 171/135/143
f 171/135/143 174/138/146 175/139/147
f 175/139/147 176/140/148 171/135/143
f 171/135/143 176/140/148 177/141/149
f 178/142/150 171/135/143 177/141/149
f 171/135/143 178/142/150 169/133/141
f 178/142/150 179/143/151 169/133/141
f 180/144/152 170/134/142 169/133/141
f 169/133/141 179/143/151 180/144/152
f 170/134/142 180/144/152 181/145/153
f 180/144/152 182/146/154 181/145/153
f 183/147/155 180/144/152 179/143/151
f 182/146/154 180/144/152 183/147/155
f 183/147/155 179/143/151 184/148/156
f 185/149/157 182/146/154 183/147/155
f 184/148/156 186/150/158 183/147/155
f 183/147/155 186/150/158 185/149/157
f 185/149/157 186/150/158 187/151/159
f 184/148/156 188/152/160 186/150/158
f 186/150/158 189/153/161 187/151/159
f 190/154/162 186/150/158 188/152/160
f 189/153/161 186/150/158 190/154/162
f 190/154/162 188/152/160 191/155/163
f 190/154/162 192/156/164 189/153/161
f 191/155/163 193/157/165 190/154/162
f 192/156/164 190/154/162 193/157/165
f 193/157/165 191/155/163 194/158/166
f 193/157/165 194/158/166 195/159/167
f 193/157/165 195/159/167 196/160/168
f 192/156/164 193/157/165 196/160/168
f 192/156/164 196/160/168 197/161/169
f 198/97/170 199/98/109 200/96/171
f 201/95/172 198/97/170 200/96/171
f 202/93/173 201/95/172 200/96/171
f 201/95/172 202/93/173 203/94/174
f 203/94/174 202/93/173 204/92/175
f 204/92/175 202/93/173 205/91/176
f 206/90/177 204/92/175 205/91/176
f 206/90/177 205/91/176 207/89/178
f 206/90/177 207/89/178 208/88/179
f 208/88/179 207/89/178 209/87/179
f 208/88/179 209/87/179 210/86/180
f 210/86/180 209/87/179 211/85/180
f 211/85/180 212/83/180 210/86/180
f 212/83/180 211/85/180 213/81/181
f 214/82/182 215/84/183 212/83/180
f 213/81/181 214/82/182 212/83/180
f 213/81/181 216/80/184 214/82/182
f 216/80/184 213/81/181 217/79/184
f 217/79/184 218/78/185 216/80/184
f 218/78/185 217/79/184 219/77/186
f 219/77/186 220/76/187 218/78/185
f 220/76/187 219/77/186 221/75/187
f 221/75/187 222/74/188 220/76/187
f 222/74/188 221/75/187 223/73/188
f 223/73/188 224/72/189 222/74/188
f 224/72/189 223/73/188 225/71/190
f 225/71/190 226/69/191 224/72/189
f 226/69/191 225/71/190 227/70/191
f 228/65/192 226/69/191 227/70/191
f 226/69/191 228/65/192 229/68/192
f 230/67/193 229/68/192 228/65/192
f 228/65/192 231/64/194 230/67/193
f 232/66/195 230/67/193 231/64/194
f 233/63/196 231/64/194 228/65/192
f 231/64/194 233/63/196 234/62/197
f 235/61/198 234/62/197 233/63/196
f 234/62/197 235/61/198 236/60/199
f 237/59/200 236/60/199 235/61/198
f 236/60/199 237/59/200 238/58/201
f 238/58/201 237/59/200 239/57/202
f 240/56/202 238/58/201 239/57/202
f 241/162/203 242/163/204 243/164/205
f 244/165/206 243/164/205 242/163/204
f 243/164/205 244/165/206 245/166/207
f 246/167/208 245/166/207 244/165/206
f 245/166/207 246/167/208 247/168/208
f 248/169/209 247/168/208 246/167/208
f 247/168/208 248/169/209 249/170/210
f 250/171/211 249/170/210 248/169/209
f 249/170/210 250/171/211 251/172/211
f 252/173/212 251/172/211 250/171/211
f 251/172/211 252/173/212 253/174/212
f 252/173/212 254/175/213 253/174/212
f 254/175/213 252/173/212 255/176/213
f 255/176/213 256/177/214 254/175/213
f 256/177/214 255/176/213 257/178/215
f 257/178/215 258/179/151 256/177/214
f 258/179/151 257/178/215 259/180/151
f 258/179/151 259/180/151 260/181/216
f 261/182/217 262/183/218 263/184/219
f 263/184/219 262/183/218 264/185/220
f 263/184/219 264/185/220 265/186/221
f 265/186/221 264/185/220 266/187/222
f 266/187/222 267/188/223 265/186/221
f 267/188/223 266/187/222 268/189/224
f 267/188/223 268/189/224 269/190/225
f 267/188/223 269/190/225 270/191/226
f 271/192/227 270/191/226 269/190/225
f 270/191/226 271/192/227 272/193/227
f 273/194/228 272/193/227 271/192/227
f 274/195/229 272/193/227 273/194/228
f 275/196/230 274/195/229 273/194/228
f 275/196/230 276/197/231 274/195/229
f 275/196/230 277/198/232 276/197/231
f 275/196/230 278/199/233 277/198/232
f 276/197/231 277/198/232 279/200/234
f 278/199/233 280/201/235 277/198/232
f 280/201/235 279/200/234 277/198/232
f 280/201/235 278/199/233 281/202/236
f 282/203/237 279/200/234 280/201/235
f 281/202/236 283/204/238 280/201/235
f 283/204/238 282/203/237 280/201/235
f 283/204/238 284/205/239 282/203/237
f 283/204/238 281/202/236 285/206/240
f 283/204/238 286/207/241 284/205/239
f 285/206/240 287/208/242 283/204/238
f 286/207/241 283/204/238 287/208/242
f 287/208/242 288/209/243 286/207/241
f 287/208/242 285/206/240 289/210/244
f 288/209/243 287/208/242 290/211/245
f 289/210/244 290/211/245 287/208/242
f 290/211/245 289/210/244 291/212/246
f 292/213/247 293/214/247 294/215/248
f 295/216/249 292/213/247 294/215/248
f 296/217/250 295/216/249 294/215/248
f 295/216/249 296/217/250 297/218/251
f 296/217/250 298/219/251 297/218/251
f 298/219/251 299/220/252 297/218/251
f 300/221/253 297/218/251 299/220/252
f 300/221/253 299/220/252 301/222/254
f 302/223/255 300/221/253 301/222/254
f 302/223/255 301/222/254 303/224/256
f 303/224/256 304/225/257 302/223/255
f 304/225/257 303/224/256 305/226/258
f 305/226/258 306/227/259 304/225/257
f 305/226/258 307/228/260 306/227/259
f 306/227/259 307/228/260 308/229/261
f 307/228/260 309/230/262 308/229/261
f 309/230/262 307/228/260 310/231/263
f 309/230/262 310/231/263 311/232/264
f 312/233/265 311/232/264 310/231/263
f 313/234/266 311/232/264 312/233/265
f 311/232/264 313/234/266 314/235/267
f 315/236/268 314/235/267 313/234/266
f 314/235/267 315/236/268 316/237/268
f 317/238/269 318/239/270 319/240/271
f 320/241/272 319/240/271 318/239/270
f 320/241/272 321/242/273 319/240/271
f 321/242/273 320/241/272 322/243/274
f 323/183/217 324/182/217 325/184/275
f 325/184/275 326/185/276 323/183/217
f 326/185/276 325/184/275 327/186/277
f 327/186/277 328/187/278 326/185/276
f 329/188/279 328/187/278 327/186/277
f 328/187/278 329/188/279 330/189/280
f 329/188/279 331/190/281 330/189/280
f 331/190/281 329/188/279 332/191/282
f 333/192/283 331/190/281 332/191/282
f 332/191/282 334/193/283 333/192/283
f 335/194/284 333/192/283 334/193/283
f 334/193/283 336/195/285 335/194/284
f 336/195/285 337/196/286 335/194/284
f 338/197/287 337/196/286 336/195/285
f 337/196/286 338/197/287 339/198/288
f 337/196/286 339/198/288 340/199/289
f 338/197/287 341/200/290 339/198/288
f 342/201/291 340/199/289 339/198/288
f 342/201/291 339/198/288 341/200/290
f 342/201/291 343/202/292 340/199/289
f 344/203/293 342/201/291 341/200/290
f 345/204/294 343/202/292 342/201/291
f 342/201/291 344/203/293 345/204/294
f 346/205/295 345/204/294 344/203/293
f 343/202/292 345/204/294 347/206/296
f 348/207/297 345/204/294 346/205/295
f 349/208/298 347/206/296 345/204/294
f 345/204/294 348/207/297 349/208/298
f 350/209/299 349/208/298 348/207/297
f 349/208/298 351/210/300 347/206/296
f 349/208/298 350/209/299 352/211/301
f 352/211/301 351/210/300 349/208/298
f 351/210/300 352/211/301 353/212/302
f 354/244/59 355/245/59 356/246/59
f 354/244/59 356/246/59 357/247/59
f 356/246/59 358/248/59 357/247/59
f 357/247/59 358/248/59 359/249/59
f 358/248/59 360/250/303 359/249/59
f 359/249/59 360/250/303 361/251/304
f 360/250/303 362/252/304 361/251/304
f 362/252/304 360/250/303 363/253/304
f 364/254/59 362/252/304 363/253/304
f 362/252/304 364/254/59 365/255/305
f 366/256/306 367/257/307 368/258/308
f 368/258/308 369/259/309 366/256/306
f 370/260/310 369/259/309 368/258/308
f 369/259/309 370/260/310 371/261/310
f 372/262/311 373/263/312 374/264/312
f 373/263/312 375/265/313 374/264/312
f 374/264/312 375/265/313 376/266/313
f 375/265/313 377/267/314 376/266/313
f 377/267/314 375/265/313 378/268/314
f 379/269/315 377/267/314 378/268/314
f 377/267/314 379/269/315 380/270/316
f 379/269/315 381/271/59 380/270/316
f 381/271/59 379/269/315 382/272/59
f 383/273/59 381/271/59 382/272/59
f 383/273/59 382/272/59 384/274/59
f 383/273/59 385/275/59 381/271/59
f 383/273/59 386/276/59 385/275/59
f 386/276/59 383/273/59 387/277/59
f 388/278/317 389/279/318 390/280/318
f 389/279/318 388/278/317 391/281/319
f 392/282/320 391/281/319 388/278/317
f 391/281/319 392/282/320 393/283/321
f 394/284/322 393/283/321 392/282/320
f 393/283/321 394/284/322 395/285/323
f 396/286/324 395/285/323 394/284/322
f 395/285/323 396/286/324 397/287/325
f 397/287/325 396/286/324 398/288/326
f 397/287/325 398/288/326 399/289/327
f 398/288/326 400/290/328 399/289/327
f 400/290/328 401/291/328 399/289/327
f 402/292/329 401/291/328 400/290/328
f 401/291/328 402/292/329 403/293/330
f 402/292/329 404/294/331 403/293/330
f 404/294/331 402/292/329 405/295/331
f 406/41/61 407/43/332 408/42/61
f 407/43/332 409/44/333 408/42/61
f 410/45/334 409/44/333 407/43/332
f 410/45/334 411/46/335 409/44/333
f 410/45/334 412/47/336 411/46/335
f 412/47/336 413/48/337 411/46/335
f 413/48/337 412/47/336 414/49/338
f 414/49/338 415/50/339 413/48/337
f 415/50/339 414/49/338 416/51/340
f 416/51/340 417/52/341 415/50/339
f 417/52/341 416/51/340 418/53/342
f 418/53/342 419/54/343 417/52/341
f 419/54/343 418/53/342 420/55/344
f 421/279/318 422/278/345 423/280/318
f 422/278/345 421/279/318 424/281/346
f 424/281/346 425/282/347 422/278/345
f 425/282/347 424/281/346 426/283/348
f 426/283/348 427/284/349 425/282/347
f 427/284/349 426/283/348 428/296/350
f 428/296/350 429/286/351 427/284/349
f 429/286/351 428/296/350 430/287/352
f 430/287/352 431/288/353 429/286/351
f 430/287/352 432/289/354 431/288/353
f 432/289/354 433/290/355 431/288/353
f 433/290/355 432/289/354 434/291/356
f 434/291/356 435/292/357 433/290/355
f 435/292/357 434/291/356 436/293/358
f 437/294/359 435/292/357 436/293/358
f 435/292/357 437/294/359 438/295/360
f 439/111/361 440/113/362 441/112/363
f 440/113/362 442/114/364 441/112/363
f 442/114/364 440/113/362 443/115/365
f 443/115/365 444/116/366 442/114/364
f 444/116/366 443/115/365 445/117/367
f 445/117/367 446/118/368 444/116/366
f 446/118/368 445/117/367 447/119/368
f 446/118/368 447/119/368 448/120/369
f 447/119/368 449/121/370 448/120/369
f 449/121/370 450/122/371 448/120/369
f 451/123/372 448/120/369 450/122/371
f 451/123/372 450/122/371 452/124/373
f 452/124/373 453/125/373 451/123/372
f 452/124/373 454/126/374 453/125/373
f 454/126/374 452/124/373 455/127/375
f 454/126/374 455/127/375 456/128/376
f 456/128/376 457/129/377 454/126/374
f 458/130/378 457/129/377 456/128/376
f 454/126/374 457/129/377 459/131/379
f 457/129/377 458/130/378 460/132/380
f 460/132/380 459/131/379 457/129/377
f 458/130/378 461/133/381 460/132/380
f 461/133/381 458/130/378 462/134/382
f 459/131/379 460/132/380 463/135/383
f 461/133/381 463/135/383 460/132/380
f 464/136/384 459/131/379 463/135/383
f 465/137/385 464/136/384 463/135/383
f 465/137/385 463/135/383 466/138/386
f 463/135/383 467/139/387 466/138/386
f 467/139/387 463/135/383 468/140/388
f 463/135/383 469/141/389 468/140/388
f 463/135/383 470/142/390 469/141/389
f 470/142/390 463/135/383 461/133/381
f 470/142/390 461/133/381 471/143/391
f 462/134/382 472/144/392 461/133/381
f 461/133/381 472/144/392 471/143/391
f 472/144/392 462/134/382 473/145/393
f 472/144/392 473/145/393 474/146/394
f 475/147/395 471/143/391 472/144/392
f 474/146/394 475/147/395 472/144/392
f 475/147/395 476/148/396 471/143/391
f 477/149/397 475/147/395 474/146/394
f 476/148/396 475/147/395 478/150/398
f 478/150/398 475/147/395 477/149/397
f 479/151/399 478/150/398 477/149/397
f 476/148/396 478/150/398 480/152/400
f 481/153/401 478/150/398 479/151/399
f 482/154/402 480/152/400 478/150/398
f 481/153/401 482/154/402 478/150/398
f 482/154/402 483/155/403 480/152/400
f 484/156/404 482/154/402 481/153/401
f 485/157/405 483/155/403 482/154/402
f 482/154/402 484/156/404 485/157/405
f 483/155/403 485/157/405 486/158/406
f 485/157/405 487/159/407 486/158/406
f 485/157/405 488/160/408 487/159/407
f 485/157/405 484/156/404 488/160/408
f 489/161/409 488/160/408 484/156/404
f 490/297/410 491/298/410 492/299/410
f 491/298/410 490/297/410 493/300/410
f 493/300/410 494/301/411 491/298/410
f 494/301/411 493/300/410 495/302/411
f 495/302/411 496/303/412 494/301/411
f 496/303/412 495/302/411 497/304/413
f 497/304/413 498/305/414 496/303/412
f 498/305/414 497/304/413 499/306/415
f 499/306/415 500/307/416 498/305/414
f 500/307/416 499/306/415 501/308/417
f 501/308/417 502/309/418 500/307/416
f 502/309/418 501/308/417 503/310/419
f 503/310/419 504/311/420 502/309/418
f 504/311/420 503/310/419 505/312/421
f 505/312/421 506/313/422 504/311/420
f 506/313/422 505/312/421 507/314/423
f 507/314/423 508/315/424 506/313/422
f 508/315/424 507/314/423 509/316/425
f 509/316/425 510/317/426 508/315/424
f 511/318/427 508/315/424 510/317/426
f 510/317/426 512/319/428 511/318/427
f 512/319/428 510/317/426 513/320/428
f 514/321/429 515/322/430 516/323/431
f 516/323/431 517/324/432 514/321/429
f 517/324/432 518/325/433 514/321/429
f 518/325/433 517/324/432 519/326/433
f 520/327/434 518/325/433 519/326/433
f 518/325/433 520/327/434 521/328/435
f 522/329/436 521/328/435 520/327/434
f 521/328/435 522/329/436 523/330/436
f 524/331/437 523/330/436 522/329/436
f 523/330/436 524/331/437 525/332/437
f 526/333/438 525/332/437 524/331/437
f 525/332/437 526/333/438 527/334/438
f 526/333/438 528/335/439 527/334/438
f 528/335/439 526/333/438 529/336/439
f 529/336/439 530/337/440 528/335/439
f 530/337/440 529/336/439 531/338/440
f 532/179/391 533/181/441 534/180/391
f 535/178/442 532/179/391 534/180/391
f 532/179/391 535/178/442 536/177/443
f 537/176/444 536/177/443 535/178/442
f 536/177/443 537/176/444 538/175/444
f 539/173/445 538/175/444 537/176/444
f 539/173/445 540/174/445 538/175/444
f 539/173/445 541/172/446 540/174/445
f 541/172/446 539/173/445 542/171/446
f 542/171/446 543/170/447 541/172/446
f 543/170/447 542/171/446 544/169/448
f 544/169/448 545/168/449 543/170/447
f 545/168/449 544/169/448 546/167/449
f 545/168/449 546/167/449 547/166/450
f 546/167/449 548/165/451 547/166/450
f 549/164/452 547/166/450 548/165/451
f 549/164/452 548/165/451 550/163/453
f 551/162/454 549/164/452 550/163/453
f 552/339/455 553/340/456 554/341/457
f 552/339/455 555/342/458 553/340/456
f 555/342/458 552/339/455 556/343/459
f 557/344/460 555/342/458 556/343/459
f 555/342/458 557/344/460 558/345/461
f 559/346/462 560/347/463 561/348/462
f 560/347/463 559/346/462 562/349/463
f 562/349/463 563/350/464 560/347/463
f 563/350/464 562/349/463 564/351/465
f 564/351/465 565/352/466 563/350/464
f 565/352/466 564/351/465 566/353/467
f 566/353/467 567/354/59 565/352/466
f 567/354/59 566/353/467 568/355/468
f 568/355/468 569/356/318 567/354/59
f 569/356/318 568/355/468 570/357/318
f 570/357/318 571/358/469 569/356/318
f 571/358/469 570/357/318 572/359/469
f 572/359/469 573/360/469 571/358/469
f 573/360/469 572/359/469 574/361/469
f 575/362/469 573/360/469 574/361/469
f 573/360/469 575/362/469 576/363/469
f 577/364/470 578/365/471 579/366/472
f 578/365/471 577/364/470 580/367/473
f 580/367/473 581/368/474 578/365/471
f 581/368/474 580/367/473 582/369/475
f 582/369/475 583/370/476 581/368/474
f 583/370/476 582/369/475 584/371/477
f 584/371/477 585/372/82 583/370/476
f 585/372/82 584/371/477 586/373/478
f 586/373/478 587/374/479 585/372/82
f 587/374/479 586/373/478 588/375/480
f 588/375/480 589/376/283 587/374/479
f 589/376/283 588/375/480 590/377/283
f 589/376/283 590/377/283 591/378/481
f 590/377/283 592/379/482 591/378/481
f 592/379/482 593/380/483 591/378/481
f 593/380/483 592/379/482 594/381/484
f 594/381/484 592/379/482 595/382/485
f 596/298/486 597/297/410 598/299/410
f 597/297/410 596/298/486 599/300/410
f 600/301/411 599/300/410 596/298/486
f 599/300/410 600/301/411 601/302/411
f 602/303/412 601/302/411 600/301/411
f 601/302/411 602/303/412 603/304/413
f 604/305/487 603/304/413 602/303/412
f 603/304/413 604/305/487 605/306/488
f 606/307/489 605/306/488 604/305/487
f 605/306/488 606/307/489 607/308/490
f 608/309/491 607/308/490 606/307/489
f 607/308/490 608/309/491 609/310/492
f 610/311/493 609/310/492 608/309/491
f 609/310/492 610/311/493 611/312/493
f 612/313/494 611/312/493 610/311/493
f 611/312/493 612/313/494 613/314/494
f 614/315/495 613/314/494 612/313/494
f 613/314/494 614/315/495 615/316/496
f 614/315/495 616/317/497 615/316/496
f 614/315/495 617/318/427 616/317/497
f 618/319/428 616/317/497 617/318/427
f 616/317/497 618/319/428 619/320/428
f 620/322/430 621/321/429 622/323/430
f 622/323/430 621/321/429 623/324/432
f 624/325/433 623/324/432 621/321/429
f 623/324/432 624/325/433 625/326/433
f 624/325/433 626/327/498 625/326/433
f 626/327/498 624/325/433 627/328/435
f 627/328/435 628/329/499 626/327/498
f 628/329/499 627/328/435 629/330/499
f 629/330/499 630/331/500 628/329/499
f 630/331/500 629/330/499 631/332/500
f 631/332/500 632/333/501 630/331/500
f 631/332/500 633/334/501 632/333/501
f 632/333/501 633/334/501 634/335/502
f 635/336/502 632/333/501 634/335/502
f 635/336/502 634/335/502 636/337/440
f 637/338/440 635/336/502 636/337/440
f 638/108/503 639/109/504 640/110/505
f 638/108/503 641/107/506 639/109/504
f 642/105/507 641/107/506 638/108/503
f 641/107/506 642/105/507 643/106/508
f 643/106/508 642/105/507 644/104/509
f 645/103/510 644/104/509 642/105/507
f 644/104/509 645/103/510 646/102/511
f 645/103/510 647/101/512 646/102/511
f 646/102/511 647/101/512 648/99/513
f 648/99/513 647/101/512 649/100/514
f 650/339/515 651/341/516 652/340/517
f 653/342/518 650/339/515 652/340/517
f 650/339/515 653/342/518 654/343/519
f 653/342/518 655/344/520 654/343/519
f 655/344/520 653/342/518 656/345/521
f 657/347/522 658/346/462 659/348/462
f 658/346/462 657/347/522 660/349/522
f 661/350/523 660/349/522 657/347/522
f 660/349/522 661/350/523 662/351/524
f 663/352/466 662/351/524 661/350/523
f 662/351/524 663/352/466 664/353/467
f 665/354/59 664/353/467 663/352/466
f 664/353/467 665/354/59 666/355/468
f 667/356/318 666/355/468 665/354/59
f 666/355/468 667/356/318 668/357/318
f 669/358/469 668/357/318 667/356/318
f 668/357/318 669/358/469 670/359/469
f 669/358/469 671/360/525 670/359/469
f 670/359/469 671/360/525 672/361/469
f 671/360/525 673/362/469 672/361/469
f 673/362/469 671/360/525 674/363/469
f 675/365/526 676/364/527 677/366/528
f 676/364/527 675/365/526 678/367/529
f 679/368/530 678/367/529 675/365/526
f 678/367/529 679/368/530 680/369/531
f 681/370/532 680/369/531 679/368/530
f 680/369/531 681/370/532 682/371/533
f 683/372/194 682/371/533 681/370/532
f 682/371/533 683/372/194 684/373/534
f 685/374/535 684/373/534 683/372/194
f 684/373/534 685/374/535 686/375/536
f 687/376/227 686/375/536 685/374/535
f 686/375/536 687/376/227 688/377/227
f 687/376/227 689/378/537 688/377/227
f 688/377/227 689/378/537 690/379/538
f 690/379/538 689/378/537 691/380/539
f 691/380/539 692/381/540 690/379/538
f 692/381/540 693/382/541 690/379/538
f 694/383/542 695/384/543 696/385/544
f 695/384/543 694/383/542 697/386/545
f 697/386/545 698/387/546 695/384/543
f 698/387/546 697/386/545 699/388/547
f 700/389/548 698/387/546 699/388/547
f 698/387/546 700/389/548 701/390/549
f 700/389/548 702/391/550 701/390/549
f 703/392/550 702/391/550 700/389/548
f 704/393/550 703/392/550 700/389/548
f 704/393/550 705/394/550 703/392/550
f 704/393/550 706/395/227 705/394/550
f 706/395/227 704/393/550 707/396/551
f 708/397/552 706/395/227 707/396/551
f 708/397/552 707/396/551 709/398/553
f 706/395/227 708/397/552 710/399/227
f 708/397/552 709/398/553 711/400/554
f 712/401/552 710/399/227 708/397/552
f 713/402/555 708/397/552 711/400/554
f 713/402/555 712/401/552 708/397/552
f 713/402/555 711/400/554 714/403/556
f 713/402/555 714/403/556 715/404/557
f 712/401/552 716/405/558 710/399/227
f 716/405/558 717/406/227 710/399/227
f 712/401/552 713/402/555 718/407/559
f 716/405/558 712/401/552 718/407/559
f 715/404/557 718/407/559 713/402/555
f 717/406/227 716/405/558 719/408/560
f 717/406/227 719/408/560 720/409/227
f 719/408/560 721/410/536 720/409/227
f 718/407/559 722/411/561 716/405/558
f 722/411/561 719/408/560 716/405/558
f 718/407/559 715/404/557 723/412/562
f 723/412/562 722/411/561 718/407/559
f 723/412/562 715/404/557 724/413/563
f 725/414/564 721/410/536 719/408/560
f 719/408/560 722/411/561 725/414/564
f 721/410/536 725/414/564 726/415/565
f 722/411/561 723/412/562 727/416/566
f 727/416/566 725/414/564 722/411/561
f 728/417/567 723/412/562 724/413/563
f 723/412/562 728/417/567 727/416/566
f 729/418/568 728/417/567 724/413/563
f 728/417/567 729/418/568 730/419/569
f 731/420/570 728/417/567 730/419/569
f 728/417/567 731/420/570 732/421/571
f 728/417/567 732/421/571 727/416/566
f 733/422/572 732/421/571 731/420/570
f 732/421/571 733/422/572 734/423/573
f 727/416/566 732/421/571 735/424/574
f 734/423/573 735/424/574 732/421/571
f 725/414/564 727/416/566 735/424/574
f 735/424/574 726/415/565 725/414/564
f 735/424/574 734/423/573 736/425/575
f 726/415/565 735/424/574 736/425/575
f 737/426/576 738/427/577 739/428/576
f 738/427/577 737/426/576 740/429/578
f 740/429/578 741/430/579 738/427/577
f 741/430/579 740/429/578 742/431/580
f 742/431/580 743/432/581 741/430/579
f 743/432/581 742/431/580 744/433/582
f 745/434/583 743/432/581 744/433/582
f 743/432/581 745/434/583 746/435/583
f 745/434/583 747/436/584 746/435/583
f 747/436/584 745/434/583 748/437/584
f 748/437/584 749/438/585 747/436/584
f 749/438/585 748/437/584 750/439/586
f 751/440/587 749/438/585 750/439/586
f 749/438/585 751/440/587 752/441/588
f 753/442/589 752/441/588 751/440/587
f 752/441/588 753/442/589 754/443/590
f 755/444/591 754/443/590 753/442/589
f 754/443/590 755/444/591 756/445/592
f 755/444/591 757/446/593 756/445/592
f 757/446/593 755/444/591 758/447/593
f 759/238/594 760/240/595 761/239/596
f 762/241/597 761/239/596 760/240/595
f 763/242/273 762/241/597 760/240/595
f 762/241/597 763/242/273 764/243/274
f 765/448/598 766/449/599 767/450/598
f 766/449/599 765/448/598 768/451/600
f 769/452/601 766/449/599 768/451/600
f 768/451/600 770/453/602 769/452/601
f 771/454/603 769/452/601 770/453/602
f 769/452/601 771/454/603 772/455/603
f 773/456/604 772/455/603 771/454/603
f 772/455/603 773/456/604 774/457/605
f 773/456/604 775/458/606 774/457/605
f 775/458/606 773/456/604 776/459/607
f 776/459/607 777/460/608 775/458/606
f 777/460/608 776/459/607 778/461/608
f 778/461/608 779/462/609 777/460/608
f 779/462/609 778/461/608 780/463/610
f 780/463/610 781/464/611 779/462/609
f 779/462/609 781/464/611 782/465/611
f 783/466/612 784/467/613 785/468/612
f 784/467/613 783/466/612 786/469/614
f 786/469/614 787/470/615 784/467/613
f 787/470/615 786/469/614 788/471/616
f 788/471/616 789/472/617 787/470/615
f 789/472/617 788/471/616 790/473/618
f 790/473/618 791/474/619 789/472/617
f 791/474/619 790/473/618 792/475/619
f 793/476/620 791/474/619 792/475/619
f 794/477/621 791/474/619 793/476/620
f 795/478/622 794/477/621 793/476/620
f 796/479/623 794/477/621 795/478/622
f 797/480/624 796/479/623 795/478/622
f 798/481/624 796/479/623 797/480/624
f 797/480/624 799/482/625 798/481/624
f 799/482/625 797/480/624 800/483/626
f 801/484/627 799/482/625 800/483/626
f 801/484/627 800/483/626 802/485/628
f 803/486/629 801/484/627 802/485/628
f 801/484/627 803/486/629 804/487/630
f 803/486/629 805/488/631 804/487/630
f 806/489/631 804/487/630 805/488/631
f 807/490/632 808/491/633 809/492/634
f 808/491/633 807/490/632 810/493/635
f 807/490/632 811/494/636 810/493/635
f 811/494/636 812/495/637 810/493/635
f 811/494/636 813/496/638 812/495/637
f 812/495/637 813/496/638 814/497/639
f 814/497/639 815/498/640 812/495/637
f 815/498/640 814/497/639 816/499/641
f 816/499/641 817/500/283 815/498/640
f 817/500/283 816/499/641 818/501/283
f 818/501/283 819/502/642 817/500/283
f 819/502/642 818/501/283 820/503/283
f 821/504/643 819/502/642 820/503/283
f 821/504/643 822/505/644 819/502/642
f 822/505/644 821/504/643 823/506/645
f 824/507/646 822/505/644 823/506/645
f 822/505/644 824/507/646 825/508/647
f 826/509/648 825/508/647 824/507/646
f 825/508/647 826/509/648 827/510/648
f 828/511/649 829/512/650 830/513/650
f 828/511/649 830/513/650 831/514/651
f 832/515/652 828/511/649 831/514/651
f 831/514/651 833/516/653 832/515/652
f 834/517/654 832/515/652 833/516/653
f 833/516/653 835/518/655 834/517/654
f 835/518/655 836/519/656 834/517/654
f 836/519/656 835/518/655 837/520/656
f 838/244/59 839/246/59 840/245/59
f 838/244/59 841/247/59 839/246/59
f 842/248/59 839/246/59 841/247/59
f 841/247/59 843/249/59 842/248/59
f 844/250/303 842/248/59 843/249/59
f 843/249/59 845/251/304 844/250/303
f 846/252/304 844/250/303 845/251/304
f 844/250/303 846/252/304 847/253/304
f 846/252/304 848/254/59 847/253/304
f 848/254/59 846/252/304 849/255/305
f 850/384/657 851/383/542 852/385/658
f 851/383/542 850/384/657 853/386/659
f 854/387/660 853/386/659 850/384/657
f 853/386/659 854/387/660 855/388/661
f 854/387/660 856/389/662 855/388/661
f 856/389/662 854/387/660 857/390/663
f 856/389/662 857/390/663 858/391/664
f 859/392/664 856/389/662 858/391/664
f 860/393/664 856/389/662 859/392/664
f 860/393/664 859/392/664 861/394/664
f 862/395/283 860/393/664 861/394/664
f 860/393/664 862/395/283 863/396/665
f 863/396/665 862/395/283 864/397/666
f 863/396/665 864/397/666 865/398/667
f 866/399/283 864/397/666 862/395/283
f 864/397/666 867/400/668 865/398/667
f 864/397/666 866/399/283 868/401/666
f 869/402/669 867/400/668 864/397/666
f 868/401/666 869/402/669 864/397/666
f 869/402/669 870/403/670 867/400/668
f 869/402/669 871/404/671 870/403/670
f 868/401/666 866/399/283 872/405/672
f 872/405/672 866/399/283 873/406/283
f 869/402/669 868/401/666 874/407/673
f 871/404/671 869/402/669 874/407/673
f 868/401/666 872/405/672 874/407/673
f 871/404/671 874/407/673 875/412/674
f 875/412/674 876/413/675 871/404/671
f 874/407/673 872/405/672 877/411/676
f 877/411/676 875/412/674 874/407/673
f 872/405/672 873/406/283 878/408/677
f 878/408/677 877/411/676 872/405/672
f 873/406/283 879/409/283 878/408/677
f 878/408/677 879/409/283 880/410/480
f 880/410/480 881/414/678 878/408/677
f 877/411/676 878/408/677 881/414/678
f 881/414/678 880/410/480 882/415/679
f 875/412/674 877/411/676 883/416/680
f 881/414/678 883/416/680 877/411/676
f 881/414/678 882/415/679 884/424/681
f 883/416/680 881/414/678 884/424/681
f 882/415/679 885/425/682 884/424/681
f 886/423/683 884/424/681 885/425/682
f 884/424/681 886/423/683 887/421/684
f 883/416/680 884/424/681 887/421/684
f 888/422/572 887/421/684 886/423/683
f 887/421/684 888/422/572 889/420/570
f 887/421/684 890/417/685 883/416/680
f 889/420/570 890/417/685 887/421/684
f 890/417/685 875/412/674 883/416/680
f 875/412/674 890/417/685 876/413/675
f 890/417/685 889/420/570 891/419/686
f 890/417/685 892/418/687 876/413/675
f 892/418/687 890/417/685 891/419/686
f 893/428/688 894/427/689 895/426/688
f 896/429/690 895/426/688 894/427/689
f 894/427/689 897/430/691 896/429/690
f 898/431/692 896/429/690 897/430/691
f 899/432/693 898/431/692 897/430/691
f 898/431/692 899/432/693 900/433/694
f 899/432/693 901/434/695 900/433/694
f 901/434/695 899/432/693 902/435/695
f 902/435/695 903/436/696 901/434/695
f 901/434/695 903/436/696 904/437/696
f 905/438/697 904/437/696 903/436/696
f 904/437/696 905/438/697 906/439/698
f 905/438/697 907/440/699 906/439/698
f 907/440/699 905/438/697 908/441/700
f 908/441/700 909/442/701 907/440/699
f 909/442/701 908/441/700 910/443/702
f 910/443/702 911/444/703 909/442/701
f 911/444/703 910/443/702 912/445/704
f 913/446/593 911/444/703 912/445/704
f 911/444/703 913/446/593 914/447/593
f 915/450/705 916/449/706 917/448/707
f 918/451/708 917/448/707 916/449/706
f 919/452/709 918/451/708 916/449/706
f 918/451/708 919/452/709 920/453/710
f 919/452/709 921/454/711 920/453/710
f 921/454/711 919/452/709 922/455/711
f 922/455/711 923/456/712 921/454/711
f 923/456/712 922/455/711 924/457/713
f 925/458/714 923/456/712 924/457/713
f 923/456/712 925/458/714 926/459/715
f 927/460/716 926/459/715 925/458/714
f 926/459/715 927/460/716 928/461/717
f 927/460/716 929/462/718 928/461/717
f 930/463/719 928/461/717 929/462/718
f 929/462/718 931/464/720 930/463/719
f 931/464/720 929/462/718 932/465/720
f 933/215/721 934/214/722 935/213/722
f 933/215/721 935/213/722 936/216/723
f 936/216/723 937/217/724 933/215/721
f 937/217/724 936/216/723 938/218/725
f 937/217/724 938/218/725 939/219/726
f 939/219/726 938/218/725 940/220/727
f 938/218/725 941/221/728 940/220/727
f 940/220/727 941/221/728 942/222/729
f 943/223/730 942/222/729 941/221/728
f 944/224/731 942/222/729 943/223/730
f 945/225/732 944/224/731 943/223/730
f 944/224/731 945/225/732 946/226/733
f 947/227/734 946/226/733 945/225/732
f 948/228/735 946/226/733 947/227/734
f 948/228/735 947/227/734 949/229/736
f 950/230/737 948/228/735 949/229/736
f 948/228/735 950/230/737 951/231/738
f 951/231/738 950/230/737 952/232/739
f 952/232/739 953/233/740 951/231/738
f 953/233/740 952/232/739 954/234/741
f 952/232/739 955/235/742 954/234/741
f 956/236/743 954/234/741 955/235/742
f 956/236/743 955/235/742 957/237/268
f 958/467/744 959/466/612 960/468/745
f 959/466/612 958/467/744 961/469/746
f 962/470/747 961/469/746 958/467/744
f 961/469/746 962/470/747 963/471/748
f 964/472/749 963/471/748 962/470/747
f 963/471/748 964/472/749 965/473/750
f 966/474/751 965/473/750 964/472/749
f 965/473/750 966/474/751 967/475/751
f 968/476/752 967/475/751 966/474/751
f 966/474/751 969/477/753 968/476/752
f 969/477/753 970/478/754 968/476/752
f 970/478/754 969/477/753 971/479/755
f 972/480/756 970/478/754 971/479/755
f 972/480/756 971/479/755 973/481/756
f 974/482/757 972/480/756 973/481/756
f 972/480/756 974/482/757 975/483/758
f 974/482/757 976/484/759 975/483/758
f 977/485/760 975/483/758 976/484/759
f 976/484/759 978/486/761 977/485/760
f 978/486/761 976/484/759 979/487/762
f 980/488/763 978/486/761 979/487/762
f 979/487/762 981/489/763 980/488/763
f 982/509/648 983/508/764 984/510/648
f 985/507/765 983/508/764 982/509/648
f 985/507/765 986/505/766 983/508/764
f 986/505/766 985/507/765 987/506/767
f 988/504/768 986/505/766 987/506/767
f 986/505/766 988/504/768 989/502/769
f 988/504/768 990/503/227 989/502/769
f 991/501/227 989/502/769 990/503/227
f 991/501/227 992/500/227 989/502/769
f 992/500/227 991/501/227 993/499/770
f 993/499/770 994/498/771 992/500/227
f 995/497/772 994/498/771 993/499/770
f 994/498/771 995/497/772 996/495/773
f 996/495/773 995/497/772 997/496/774
f 998/494/775 996/495/773 997/496/774
f 998/494/775 999/493/776 996/495/773
f 1000/490/777 999/493/776 998/494/775
f 1000/490/777 1001/491/633 999/493/776
f 1001/491/633 1000/490/777 1002/492/633
f 1003/512/778 1004/511/779 1005/513/778
f 1006/514/780 1005/513/778 1004/511/779
f 1004/511/779 1007/515/781 1006/514/780
f 1008/516/782 1006/514/780 1007/515/781
f 1007/515/781 1009/517/783 1008/516/782
f 1010/518/784 1008/516/782 1009/517/783
f 1011/519/785 1010/518/784 1009/517/783
f 1010/518/784 1011/519/785 1012/520/785
f 1013/521/227 1014/522/227 1015/523/227
f 1016/524/227 1014/522/227 1013/521/227
f 1017/525/227 1014/522/227 1016/524/227
f 1018/526/786 1019/527/787 1020/528/788
f 1021/529/789 1019/527/787 1018/526/786
f 1019/527/787 1021/529/789 1022/530/790
f 1023/531/791 1024/532/792 1025/533/793
f 1024/532/792 1023/531/791 1026/534/794
f 1027/535/795 1024/532/792 1026/534/794
f 1024/532/792 1027/535/795 1028/536/796
f 1028/536/796 1027/535/795 1029/537/797
f 1029/537/797 1030/538/798 1028/536/796
f 1030/538/798 1029/537/797 1031/539/799
f 1031/539/799 1032/540/800 1030/538/798
f 1033/541/801 1032/540/800 1031/539/799
f 1032/540/800 1033/541/801 1034/542/802
f 1033/541/801 1035/543/558 1034/542/802
f 1034/542/802 1036/544/803 1032/540/800
f 1034/542/802 1035/543/558 1037/545/560
f 1038/546/804 1036/544/803 1034/542/802
f 1034/542/802 1037/545/560 1039/547/227
f 1036/544/803 1038/546/804 1040/548/805
f 1037/545/560 1041/549/227 1039/547/227
f 1042/550/806 1040/548/805 1038/546/804
f 1041/549/227 1042/550/806 1039/547/227
f 1043/551/807 1042/550/806 1041/549/227
f 1043/551/807 1044/552/808 1042/550/806
f 1040/548/805 1042/550/806 1045/553/809
f 1044/552/808 1046/554/810 1042/550/806
f 1047/555/811 1046/554/810 1044/552/808
f 1042/550/806 1046/554/810 1048/556/552
f 1042/550/806 1048/556/552 1045/553/809
f 1046/554/810 1047/555/811 1049/557/812
f 1048/556/552 1046/554/810 1049/557/812
f 1050/558/813 1049/557/812 1047/555/811
f 1051/559/809 1052/560/814 1045/553/809
f 1049/557/812 1050/558/813 1053/561/815
f 1053/561/815 1050/558/813 1054/562/816
f 1055/563/812 1048/556/552 1049/557/812
f 1049/557/812 1053/561/815 1055/563/812
f 1048/556/552 1056/564/817 1045/553/809
f 1055/563/812 1056/564/817 1048/556/552
f 1045/553/809 1057/565/818 1051/559/809
f 1056/564/817 1057/565/818 1045/553/809
f 1058/566/819 1051/559/809 1057/565/818
f 1056/564/817 1055/563/812 1059/567/820
f 1056/564/817 1059/567/820 1057/565/818
f 1060/568/821 1055/563/812 1053/561/815
f 1060/568/821 1059/567/820 1055/563/812
f 1061/569/822 1060/568/821 1053/561/815
f 1054/562/816 1061/569/822 1053/561/815
f 1059/567/820 1060/568/821 1062/570/823
f 1054/562/816 1063/571/824 1061/569/822
f 1063/571/824 1054/562/816 1064/572/825
f 1060/568/821 1061/569/822 1065/573/826
f 1063/571/824 1065/573/826 1061/569/822
f 1065/573/826 1062/570/823 1060/568/821
f 1064/572/825 1066/574/827 1063/571/824
f 1067/575/828 1066/574/827 1064/572/825
f 1066/574/827 1068/576/829 1063/571/824
f 1065/573/826 1063/571/824 1068/576/829
f 1068/576/829 1066/574/827 1069/577/830
f 1070/578/831 1068/576/829 1069/577/830
f 1068/576/829 1071/579/832 1065/573/826
f 1068/576/829 1070/578/831 1071/579/832
f 1065/573/826 1071/579/832 1072/580/833
f 1062/570/823 1065/573/826 1072/580/833
f 1070/578/831 1073/581/834 1071/579/832
f 1073/581/834 1070/578/831 1074/582/835
f 1071/579/832 1075/583/836 1072/580/833
f 1075/583/836 1071/579/832 1073/581/834
f 1062/570/823 1072/580/833 1076/584/837
f 1072/580/833 1075/583/836 1076/584/837
f 1074/582/835 1077/585/838 1073/581/834
f 1077/585/838 1074/582/835 1078/586/839
f 1079/587/840 1075/583/836 1073/581/834
f 1073/581/834 1077/585/838 1079/587/840
f 1080/588/841 1076/584/837 1075/583/836
f 1075/583/836 1079/587/840 1080/588/841
f 1076/584/837 1081/589/842 1062/570/823
f 1059/567/820 1062/570/823 1081/589/842
f 1057/565/818 1059/567/820 1081/589/842
f 1082/590/843 1076/584/837 1080/588/841
f 1076/584/837 1082/590/843 1081/589/842
f 1081/589/842 1083/591/844 1057/565/818
f 1083/591/844 1081/589/842 1082/590/843
f 1057/565/818 1083/591/844 1058/566/819
f 1083/591/844 1084/592/845 1058/566/819
f 1083/591/844 1082/590/843 1084/592/845
f 1085/593/846 1058/566/819 1084/592/845
f 1086/594/847 1085/593/846 1084/592/845
f 1086/594/847 1084/592/845 1082/590/843
f 1085/593/846 1086/594/847 1087/595/848
f 1082/590/843 1088/596/849 1086/594/847
f 1088/596/849 1087/595/848 1086/594/847
f 1088/596/849 1082/590/843 1080/588/841
f 1080/588/841 1079/587/840 1088/596/849
f 1087/595/848 1088/596/849 1089/597/850
f 1079/587/840 1090/598/851 1088/596/849
f 1090/598/851 1089/597/850 1088/596/849
f 1077/585/838 1090/598/851 1079/587/840
f 1089/597/850 1090/598/851 1091/599/852
f 1090/598/851 1077/585/838 1092/600/853
f 1092/600/853 1091/599/852 1090/598/851
f 1078/586/839 1092/600/853 1077/585/838
f 1091/599/852 1092/600/853 1093/601/854
f 1092/600/853 1078/586/839 1094/602/855
f 1093/601/854 1092/600/853 1094/602/855
f 1094/602/855 1095/603/856 1093/601/854
f 1096/532/857 1097/531/858 1098/533/793
f 1097/531/858 1096/532/857 1099/534/859
f 1096/532/857 1100/535/860 1099/534/859
f 1101/536/861 1100/535/860 1096/532/857
f 1100/535/860 1101/536/861 1102/537/862
f 1103/538/863 1102/537/862 1101/536/861
f 1102/537/862 1103/538/863 1104/539/864
f 1105/540/865 1104/539/864 1103/538/863
f 1105/540/865 1106/541/866 1104/539/864
f 1106/541/866 1105/540/865 1107/542/867
f 1106/541/866 1107/542/867 1108/543/672
f 1107/542/867 1105/540/865 1109/544/868
f 1110/545/677 1108/543/672 1107/542/867
f 1109/544/868 1111/546/869 1107/542/867
f 1107/542/867 1112/547/283 1110/545/677
f 1111/546/869 1109/544/868 1113/548/870
f 1112/547/283 1114/549/283 1110/545/677
f 1113/548/870 1115/550/871 1111/546/869
f 1115/550/871 1114/549/283 1112/547/283
f 1116/551/872 1114/549/283 1115/550/871
f 1116/551/872 1115/550/871 1117/552/873
f 1115/550/871 1113/548/870 1118/553/874
f 1117/552/873 1115/550/871 1119/554/875
f 1119/554/875 1120/555/876 1117/552/873
f 1115/550/871 1121/556/666 1119/554/875
f 1115/550/871 1118/553/874 1121/556/666
f 1120/555/876 1119/554/875 1122/557/877
f 1121/556/666 1122/557/877 1119/554/875
f 1122/557/877 1123/558/878 1120/555/876
f 1124/559/874 1118/553/874 1125/560/879
f 1123/558/878 1122/557/877 1126/561/880
f 1123/558/878 1126/561/880 1127/562/881
f 1128/565/666 1118/553/874 1124/559/874
f 1129/566/882 1128/565/666 1124/559/874
f 1121/556/666 1118/553/874 1130/564/883
f 1130/564/883 1118/553/874 1128/565/666
f 1122/557/877 1121/556/666 1131/563/877
f 1130/564/883 1131/563/877 1121/556/666
f 1131/563/877 1126/561/880 1122/557/877
f 1131/563/877 1130/564/883 1132/567/884
f 1132/567/884 1130/564/883 1128/565/666
f 1126/561/880 1131/563/877 1133/568/885
f 1131/563/877 1132/567/884 1133/568/885
f 1133/568/885 1134/569/886 1126/561/880
f 1127/562/881 1126/561/880 1134/569/886
f 1132/567/884 1135/570/887 1133/568/885
f 1136/571/888 1127/562/881 1134/569/886
f 1127/562/881 1136/571/888 1137/572/889
f 1134/569/886 1133/568/885 1138/573/890
f 1138/573/890 1136/571/888 1134/569/886
f 1135/570/887 1138/573/890 1133/568/885
f 1137/572/889 1136/571/888 1139/574/827
f 1139/574/827 1140/575/828 1137/572/889
f 1139/574/827 1136/571/888 1141/576/891
f 1136/571/888 1138/573/890 1141/576/891
f 1139/574/827 1141/576/891 1142/577/892
f 1141/576/891 1143/578/831 1142/577/892
f 1144/579/893 1141/576/891 1138/573/890
f 1143/578/831 1141/576/891 1144/579/893
f 1138/573/890 1145/580/894 1144/579/893
f 1138/573/890 1135/570/887 1145/580/894
f 1143/578/831 1144/579/893 1146/581/895
f 1143/578/831 1146/581/895 1147/582/835
f 1148/583/896 1144/579/893 1145/580/894
f 1144/579/893 1148/583/896 1146/581/895
f 1149/584/897 1145/580/894 1135/570/887
f 1145/580/894 1149/584/897 1148/583/896
f 1150/585/898 1147/582/835 1146/581/895
f 1147/582/835 1150/585/898 1151/586/899
f 1148/583/896 1152/587/900 1146/581/895
f 1150/585/898 1146/581/895 1152/587/900
f 1149/584/897 1153/588/901 1148/583/896
f 1148/583/896 1153/588/901 1152/587/900
f 1154/600/902 1151/586/899 1150/585/898
f 1151/586/899 1154/600/902 1155/602/855
f 1156/603/856 1155/602/855 1157/601/903
f 1157/601/903 1155/602/855 1154/600/902
f 1157/601/903 1154/600/902 1158/599/904
f 1150/585/898 1159/598/905 1154/600/902
f 1158/599/904 1154/600/902 1159/598/905
f 1159/598/905 1150/585/898 1152/587/900
f 1159/598/905 1160/597/906 1158/599/904
f 1152/587/900 1161/596/907 1159/598/905
f 1160/597/906 1159/598/905 1161/596/907
f 1161/596/907 1152/587/900 1153/588/901
f 1161/596/907 1162/595/908 1160/597/906
f 1153/588/901 1163/590/909 1161/596/907
f 1163/590/909 1153/588/901 1149/584/897
f 1162/595/908 1161/596/907 1164/594/910
f 1164/594/910 1161/596/907 1163/590/909
f 1164/594/910 1165/593/911 1162/595/908
f 1165/593/911 1164/594/910 1166/592/912
f 1166/592/912 1164/594/910 1163/590/909
f 1165/593/911 1166/592/912 1129/566/882
f 1167/591/913 1129/566/882 1166/592/912
f 1163/590/909 1167/591/913 1166/592/912
f 1128/565/666 1129/566/882 1167/591/913
f 1168/589/914 1167/591/913 1163/590/909
f 1167/591/913 1168/589/914 1128/565/666
f 1168/589/914 1163/590/909 1149/584/897
f 1128/565/666 1168/589/914 1132/567/884
f 1135/570/887 1168/589/914 1149/584/897
f 1168/589/914 1135/570/887 1132/567/884
f 1169/604/915 1170/605/916 1171/606/917
f 1169/604/915 1171/606/917 1172/607/918
f 1171/606/917 1173/608/919 1172/607/918
f 1173/608/919 1171/606/917 1174/609/920
f 1175/610/921 1176/611/922 1177/612/923
f 1176/611/922 1175/610/921 1178/613/923
f 1175/610/921 1179/614/924 1178/613/923
f 1175/610/921 1180/615/925 1179/614/924
f 1181/616/926 1182/617/927 1183/618/928
f 1182/617/927 1181/616/926 1184/619/929
f 1185/620/930 1184/619/929 1181/616/926
f 1184/619/929 1186/621/931 1182/617/927
f 1185/620/930 1187/622/932 1184/619/929
f 1187/622/932 1186/621/931 1184/619/929
f 1188/623/933 1187/622/932 1185/620/930
f 1189/624/934 1186/621/931 1187/622/932
f 1186/621/931 1189/624/934 1190/625/935
f 1187/622/932 1188/623/933 1191/626/936
f 1192/627/937 1191/626/936 1188/623/933
f 1191/626/936 1192/627/937 1193/628/938
f 1194/629/939 1187/622/932 1191/626/936
f 1193/628/938 1194/629/939 1191/626/936
f 1187/622/932 1194/629/939 1189/624/934
f 1194/629/939 1193/628/938 1195/630/940
f 1195/630/940 1196/631/941 1194/629/939
f 1196/631/941 1197/632/942 1194/629/939
f 1194/629/939 1197/632/942 1189/624/934
f 1196/631/941 1198/633/943 1197/632/942
f 1189/624/934 1199/634/944 1190/625/935
f 1189/624/934 1197/632/942 1199/634/944
f 1190/625/935 1199/634/944 1200/635/945
f 1198/633/943 1201/636/946 1197/632/942
f 1201/636/946 1199/634/944 1197/632/942
f 1198/633/943 1202/637/947 1201/636/946
f 1199/634/944 1203/638/948 1200/635/945
f 1199/634/944 1201/636/946 1203/638/948
f 1200/635/945 1203/638/948 1204/639/949
f 1202/637/947 1205/640/950 1201/636/946
f 1205/640/950 1203/638/948 1201/636/946
f 1206/641/951 1205/640/950 1202/637/947
f 1203/638/948 1207/642/952 1204/639/949
f 1203/638/948 1205/640/950 1207/642/952
f 1204/639/949 1207/642/952 1208/643/953
f 1205/640/950 1206/641/951 1209/644/954
f 1209/644/954 1207/642/952 1205/640/950
f 1210/645/955 1209/644/954 1206/641/951
f 1207/642/952 1211/646/956 1208/643/953
f 1211/646/956 1210/645/955 1212/647/957
f 1207/642/952 1209/644/954 1213/648/958
f 1211/646/956 1207/642/952 1213/648/958
f 1209/644/954 1210/645/955 1213/648/958
f 1211/646/956 1213/648/958 1210/645/955
f 1214/617/959 1215/616/960 1216/618/961
f 1215/616/960 1214/617/959 1217/619/962
f 1215/616/960 1217/619/962 1218/620/963
f 1217/619/962 1214/617/959 1219/621/964
f 1220/622/965 1218/620/963 1217/619/962
f 1220/622/965 1217/619/962 1219/621/964
f 1220/622/965 1221/623/966 1218/620/963
f 1219/621/964 1222/624/967 1220/622/965
f 1222/624/967 1219/621/964 1223/625/968
f 1221/623/966 1220/622/965 1224/626/969
f 1224/626/969 1225/627/970 1221/623/966
f 1225/627/970 1224/626/969 1226/628/971
f 1220/622/965 1227/629/972 1224/626/969
f 1227/629/972 1226/628/971 1224/626/969
f 1227/629/972 1220/622/965 1222/624/967
f 1226/628/971 1227/629/972 1228/630/973
f 1227/629/972 1229/631/974 1228/630/973
f 1229/631/974 1227/629/972 1230/632/975
f 1222/624/967 1230/632/975 1227/629/972
f 1230/632/975 1231/633/976 1229/631/974
f 1232/634/977 1222/624/967 1223/625/968
f 1230/632/975 1222/624/967 1232/634/977
f 1223/625/968 1233/635/978 1232/634/977
f 1231/633/976 1230/632/975 1234/636/979
f 1232/634/977 1234/636/979 1230/632/975
f 1234/636/979 1235/637/980 1231/633/976
f 1232/634/977 1233/635/978 1236/638/981
f 1234/636/979 1232/634/977 1236/638/981
f 1233/635/978 1237/639/982 1236/638/981
f 1235/637/980 1234/636/979 1238/640/983
f 1236/638/981 1238/640/983 1234/636/979
f 1238/640/983 1239/641/984 1235/637/980
f 1236/638/981 1237/639/982 1240/642/985
f 1238/640/983 1236/638/981 1240/642/985
f 1237/639/982 1241/643/986 1240/642/985
f 1239/641/984 1238/640/983 1242/644/987
f 1238/640/983 1240/642/985 1242/644/987
f 1243/645/988 1239/641/984 1242/644/987
f 1244/646/989 1240/642/985 1241/643/986
f 1243/645/988 1244/646/989 1245/647/990
f 1240/642/985 1246/648/991 1242/644/987
f 1242/644/987 1246/648/991 1243/645/988
f 1240/642/985 1244/646/989 1246/648/991
f 1244/646/989 1243/645/988 1246/648/991
f 1247/649/992 1248/650/993 1249/651/994
f 1248/650/993 1247/649/992 1250/652/995
f 1251/653/996 1248/650/993 1250/652/995
f 1252/654/997 1250/652/995 1247/649/992
f 1253/655/998 1251/653/996 1250/652/995
f 1253/655/998 1254/656/999 1251/653/996
f 1250/652/995 1252/654/997 1255/657/1000
f 1250/652/995 1255/657/1000 1253/655/998
f 1252/654/997 1256/658/1001 1255/657/1000
f 1256/658/1001 1252/654/997 1257/659/1002
f 1258/660/1003 1253/655/998 1255/657/1000
f 1255/657/1000 1256/658/1001 1258/660/1003
f 1254/656/999 1253/655/998 1259/661/1004
f 1259/661/1004 1253/655/998 1258/660/1003
f 1260/662/1005 1254/656/999 1259/661/1004
f 1257/659/1002 1261/663/1006 1256/658/1001
f 1261/663/1006 1258/660/1003 1256/658/1001
f 1261/663/1006 1257/659/1002 1262/664/1007
f 1263/665/1008 1261/663/1006 1262/664/1007
f 1259/661/1004 1264/666/1009 1260/662/1005
f 1265/667/1010 1260/662/1005 1264/666/1009
f 1261/663/1006 1263/665/1008 1266/668/1011
f 1267/669/1012 1266/668/1011 1263/665/1008
f 1265/667/1010 1268/670/1013 1269/671/1014
f 1266/668/1011 1270/672/1015 1261/663/1006
f 1258/660/1003 1261/663/1006 1270/672/1015
f 1268/670/1013 1265/667/1010 1271/673/1016
f 1264/666/1009 1271/673/1016 1265/667/1010
f 1258/660/1003 1272/674/1017 1259/661/1004
f 1272/674/1017 1264/666/1009 1259/661/1004
f 1270/672/1015 1272/674/1017 1258/660/1003
f 1271/673/1016 1264/666/1009 1273/675/1018
f 1264/666/1009 1272/674/1017 1273/675/1018
f 1274/676/1019 1268/670/1013 1271/673/1016
f 1271/673/1016 1273/675/1018 1274/676/1019
f 1268/670/1013 1274/676/1019 1275/677/1020
f 1272/674/1017 1276/678/1021 1273/675/1018
f 1270/672/1015 1276/678/1021 1272/674/1017
f 1273/675/1018 1277/679/1022 1274/676/1019
f 1273/675/1018 1276/678/1021 1277/679/1022
f 1278/680/1023 1275/677/1020 1274/676/1019
f 1274/676/1019 1277/679/1022 1278/680/1023
f 1275/677/1020 1278/680/1023 1279/681/1024
f 1279/681/1024 1278/680/1023 1280/682/1025
f 1281/683/1026 1276/678/1021 1270/672/1015
f 1270/672/1015 1266/668/1011 1281/683/1026
f 1282/684/1027 1276/678/1021 1281/683/1026
f 1283/685/1028 1281/683/1026 1266/668/1011
f 1281/683/1026 1283/685/1028 1282/684/1027
f 1266/668/1011 1267/669/1012 1283/685/1028
f 1276/678/1021 1282/684/1027 1284/686/1029
f 1277/679/1022 1276/678/1021 1284/686/1029
f 1282/684/1027 1283/685/1028 1285/687/1030
f 1285/687/1030 1284/686/1029 1282/684/1027
f 1283/685/1028 1267/669/1012 1286/688/1031
f 1283/685/1028 1286/688/1031 1285/687/1030
f 1287/689/1032 1286/688/1031 1267/669/1012
f 1284/686/1029 1288/690/1033 1277/679/1022
f 1278/680/1023 1277/679/1022 1288/690/1033
f 1287/689/1032 1289/691/1034 1286/688/1031
f 1289/691/1034 1287/689/1032 1290/692/1035
f 1291/693/1036 1289/691/1034 1290/692/1035
f 1278/680/1023 1288/690/1033 1292/694/1037
f 1278/680/1023 1292/694/1037 1280/682/1025
f 1289/691/1034 1291/693/1036 1293/695/1038
f 1293/695/1038 1291/693/1036 1294/696/1039
f 1295/697/1040 1280/682/1025 1292/694/1037
f 1280/682/1025 1295/697/1040 1296/698/1041
f 1296/698/1041 1295/697/1040 1297/699/1042
f 1298/700/1043 1292/694/1037 1288/690/1033
f 1292/694/1037 1298/700/1043 1295/697/1040
f 1284/686/1029 1298/700/1043 1288/690/1033
f 1295/697/1040 1299/701/805 1297/699/1042
f 1298/700/1043 1299/701/805 1295/697/1040
f 1299/701/805 1300/702/1044 1297/699/1042
f 1301/703/1045 1300/702/1044 1299/701/805
f 1298/700/1043 1284/686/1029 1302/704/1046
f 1285/687/1030 1302/704/1046 1284/686/1029
f 1298/700/1043 1303/705/1047 1299/701/805
f 1299/701/805 1303/705/1047 1301/703/1045
f 1303/705/1047 1298/700/1043 1302/704/1046
f 1301/703/1045 1303/705/1047 1304/706/1048
f 1285/687/1030 1305/707/1049 1302/704/1046
f 1302/704/1046 1305/707/1049 1303/705/1047
f 1286/688/1031 1305/707/1049 1285/687/1030
f 1305/707/1049 1286/688/1031 1289/691/1034
f 1306/708/1050 1304/706/1048 1303/705/1047
f 1305/707/1049 1306/708/1050 1303/705/1047
f 1304/706/1048 1306/708/1050 1307/709/1051
f 1289/691/1034 1308/710/1052 1305/707/1049
f 1306/708/1050 1305/707/1049 1308/710/1052
f 1308/710/1052 1289/691/1034 1293/695/1038
f 1309/711/1053 1307/709/1051 1306/708/1050
f 1308/710/1052 1309/711/1053 1306/708/1050
f 1307/709/1051 1309/711/1053 1310/712/1054
f 1311/713/1055 1308/710/1052 1293/695/1038
f 1311/713/1055 1293/695/1038 1294/696/1039
f 1312/714/1056 1309/711/1053 1308/710/1052
f 1308/710/1052 1311/713/1055 1312/714/1056
f 1313/715/1057 1310/712/1054 1309/711/1053
f 1312/714/1056 1313/715/1057 1309/711/1053
f 1313/715/1057 1314/716/1058 1310/712/1054
f 1315/717/1059 1314/716/1058 1313/715/1057
f 1294/696/1039 1316/718/1060 1311/713/1055
f 1316/718/1060 1312/714/1056 1311/713/1055
f 1316/718/1060 1294/696/1039 1317/719/1061
f 1318/720/1062 1313/715/1057 1312/714/1056
f 1318/720/1062 1315/717/1059 1313/715/1057
f 1312/714/1056 1316/718/1060 1318/720/1062
f 1315/717/1059 1318/720/1062 1319/721/1063
f 1318/720/1062 1320/722/1064 1319/721/1063
f 1320/722/1064 1318/720/1062 1316/718/1060
f 1317/719/1061 1320/722/1064 1316/718/1060
f 1320/722/1064 1317/719/1061 1321/723/1065
f 1322/651/1066 1323/650/1067 1324/649/1068
f 1324/649/1068 1323/650/1067 1325/652/1069
f 1325/652/1069 1323/650/1067 1326/653/1070
f 1325/652/1069 1327/654/1071 1324/649/1068
f 1325/652/1069 1326/653/1070 1328/655/1072
f 1329/656/1073 1328/655/1072 1326/653/1070
f 1327/654/1071 1325/652/1069 1330/657/1074
f 1325/652/1069 1328/655/1072 1330/657/1074
f 1331/658/1075 1327/654/1071 1330/657/1074
f 1327/654/1071 1331/658/1075 1332/659/1076
f 1333/660/1077 1330/657/1074 1328/655/1072
f 1330/657/1074 1333/660/1077 1331/658/1075
f 1334/661/1078 1328/655/1072 1329/656/1073
f 1333/660/1077 1328/655/1072 1334/661/1078
f 1335/662/1079 1334/661/1078 1329/656/1073
f 1336/663/1080 1332/659/1076 1331/658/1075
f 1333/660/1077 1336/663/1080 1331/658/1075
f 1332/659/1076 1336/663/1080 1337/664/1081
f 1338/665/1082 1337/664/1081 1336/663/1080
f 1339/666/1083 1334/661/1078 1335/662/1079
f 1340/667/1084 1339/666/1083 1335/662/1079
f 1336/663/1080 1341/668/1085 1338/665/1082
f 1342/669/1086 1338/665/1082 1341/668/1085
f 1343/670/1087 1340/667/1084 1344/671/1088
f 1345/672/1089 1341/668/1085 1336/663/1080
f 1336/663/1080 1333/660/1077 1345/672/1089
f 1340/667/1084 1343/670/1087 1346/673/1090
f 1346/673/1090 1339/666/1083 1340/667/1084
f 1343/670/1087 1347/676/1091 1346/673/1090
f 1347/676/1091 1343/670/1087 1348/677/1092
f 1339/666/1083 1346/673/1090 1349/675/1093
f 1347/676/1091 1349/675/1093 1346/673/1090
f 1339/666/1083 1350/674/1094 1334/661/1078
f 1333/660/1077 1334/661/1078 1350/674/1094
f 1350/674/1094 1339/666/1083 1349/675/1093
f 1345/672/1089 1333/660/1077 1350/674/1094
f 1350/674/1094 1349/675/1093 1351/678/1095
f 1345/672/1089 1350/674/1094 1351/678/1095
f 1349/675/1093 1347/676/1091 1352/679/1096
f 1349/675/1093 1352/679/1096 1351/678/1095
f 1348/677/1092 1353/680/1097 1347/676/1091
f 1347/676/1091 1353/680/1097 1352/679/1096
f 1353/680/1097 1348/677/1092 1354/681/1098
f 1355/682/1099 1353/680/1097 1354/681/1098
f 1356/683/1100 1345/672/1089 1351/678/1095
f 1341/668/1085 1345/672/1089 1356/683/1100
f 1353/680/1097 1355/682/1099 1357/694/1101
f 1356/683/1100 1358/685/1102 1341/668/1085
f 1341/668/1085 1358/685/1102 1342/669/1086
f 1351/678/1095 1359/684/1103 1356/683/1100
f 1358/685/1102 1356/683/1100 1359/684/1103
f 1359/684/1103 1351/678/1095 1360/686/1104
f 1352/679/1096 1360/686/1104 1351/678/1095
f 1359/684/1103 1361/687/1105 1358/685/1102
f 1361/687/1105 1359/684/1103 1360/686/1104
f 1342/669/1086 1358/685/1102 1362/688/1106
f 1358/685/1102 1361/687/1105 1362/688/1106
f 1342/669/1086 1362/688/1106 1363/689/1107
f 1353/680/1097 1364/690/1108 1352/679/1096
f 1360/686/1104 1352/679/1096 1364/690/1108
f 1364/690/1108 1353/680/1097 1357/694/1101
f 1365/700/1109 1360/686/1104 1364/690/1108
f 1365/700/1109 1364/690/1108 1357/694/1101
f 1361/687/1105 1360/686/1104 1366/704/1110
f 1360/686/1104 1365/700/1109 1366/704/1110
f 1367/707/1111 1361/687/1105 1366/704/1110
f 1361/687/1105 1367/707/1111 1362/688/1106
f 1368/705/1112 1366/704/1110 1365/700/1109
f 1366/704/1110 1368/705/1112 1367/707/1111
f 1357/694/1101 1369/697/1113 1365/700/1109
f 1355/682/1099 1369/697/1113 1357/694/1101
f 1369/697/1113 1355/682/1099 1370/698/1114
f 1370/698/1114 1371/699/1115 1369/697/1113
f 1365/700/1109 1369/697/1113 1372/701/870
f 1371/699/1115 1372/701/870 1369/697/1113
f 1372/701/870 1368/705/1112 1365/700/1109
f 1372/701/870 1371/699/1115 1373/702/1116
f 1374/703/1117 1372/701/870 1373/702/1116
f 1372/701/870 1374/703/1117 1368/705/1112
f 1375/706/1118 1368/705/1112 1374/703/1117
f 1368/705/1112 1375/706/1118 1376/708/1119
f 1376/708/1119 1367/707/1111 1368/705/1112
f 1376/708/1119 1375/706/1118 1377/709/1120
f 1377/709/1120 1378/711/1121 1376/708/1119
f 1378/711/1121 1377/709/1120 1379/712/1122
f 1367/707/1111 1376/708/1119 1380/710/1123
f 1378/711/1121 1380/710/1123 1376/708/1119
f 1379/712/1122 1381/715/1124 1378/711/1121
f 1381/715/1124 1379/712/1122 1382/716/1058
f 1382/716/1058 1383/717/1059 1381/715/1124
f 1381/715/1124 1384/714/1125 1378/711/1121
f 1380/710/1123 1378/711/1121 1384/714/1125
f 1383/717/1059 1385/720/1126 1381/715/1124
f 1384/714/1125 1381/715/1124 1385/720/1126
f 1385/720/1126 1383/717/1059 1386/721/1127
f 1387/722/1128 1385/720/1126 1386/721/1127
f 1388/718/1129 1384/714/1125 1385/720/1126
f 1385/720/1126 1387/722/1128 1388/718/1129
f 1389/719/1130 1387/722/1128 1390/723/1131
f 1387/722/1128 1389/719/1130 1388/718/1129
f 1391/696/1132 1388/718/1129 1389/719/1130
f 1384/714/1125 1388/718/1129 1392/713/1133
f 1388/718/1129 1391/696/1132 1392/713/1133
f 1392/713/1133 1380/710/1123 1384/714/1125
f 1392/713/1133 1391/696/1132 1393/695/1134
f 1380/710/1123 1392/713/1133 1393/695/1134
f 1393/695/1134 1391/696/1132 1394/693/1135
f 1380/710/1123 1393/695/1134 1395/691/1136
f 1394/693/1135 1395/691/1136 1393/695/1134
f 1367/707/1111 1380/710/1123 1395/691/1136
f 1395/691/1136 1394/693/1135 1396/692/1137
f 1395/691/1136 1362/688/1106 1367/707/1111
f 1363/689/1107 1395/691/1136 1396/692/1137
f 1395/691/1136 1363/689/1107 1362/688/1106
usemtl AK_Ninja_Water_Magazine_MI.001
f 1397/724/1138 1398/725/1139 1399/726/1140
f 1400/727/1141 1399/726/1140 1398/725/1139
f 1401/728/1142 1402/729/1143 1403/730/20
f 1404/731/1144 1403/730/20 1402/729/1143
f 1405/724/1145 1406/726/1146 1407/725/1147
f 1408/727/33 1407/725/1147 1406/726/1146
f 1409/728/40 1410/730/1148 1411/729/1149
f 1412/731/1150 1411/729/1149 1410/730/1148
f 1413/732/227 1414/733/227 1415/734/227
f 1413/732/227 1416/735/227 1414/733/227
f 1416/735/227 1413/732/227 1417/736/227
f 1417/736/227 1418/737/1151 1416/735/227
f 1416/735/227 1418/737/1151 1419/738/1152
f 1417/736/227 1420/739/1153 1418/737/1151
f 1420/739/1153 1417/736/227 1421/740/227
f 1422/741/1154 1421/740/227 1423/742/227
f 1421/740/227 1422/741/1154 1420/739/1153
f 1424/743/1155 1420/739/1153 1422/741/1154
f 1419/738/1152 1418/737/1151 1425/744/1156
f 1425/744/1156 1426/745/1157 1419/738/1152
f 1425/744/1156 1427/746/1158 1426/745/1157
f 1428/747/1159 1418/737/1151 1420/739/1153
f 1418/737/1151 1428/747/1159 1425/744/1156
f 1420/739/1153 1424/743/1155 1428/747/1159
f 1427/746/1158 1425/744/1156 1429/748/1160
f 1428/747/1159 1429/748/1160 1425/744/1156
f 1429/748/1160 1430/749/1161 1427/746/1158
f 1431/750/1162 1430/749/1161 1429/748/1160
f 1424/743/1155 1432/751/1163 1428/747/1159
f 1432/751/1163 1429/748/1160 1428/747/1159
f 1432/751/1163 1431/750/1162 1429/748/1160
f 1433/752/1164 1432/751/1163 1424/743/1155
f 1431/750/1162 1432/751/1163 1434/753/1165
f 1433/752/1164 1434/753/1165 1432/751/1163
f 1435/754/1166 1434/753/1165 1433/752/1164
f 1436/732/283 1437/734/283 1438/733/283
f 1439/735/283 1436/732/283 1438/733/283
f 1439/735/283 1440/736/283 1436/732/283
f 1440/736/283 1439/735/283 1441/737/1167
f 1439/735/283 1442/738/1168 1441/737/1167
f 1443/739/1169 1440/736/283 1441/737/1167
f 1440/736/283 1443/739/1169 1444/740/283
f 1444/740/283 1445/741/1170 1446/742/283
f 1445/741/1170 1444/740/283 1443/739/1169
f 1443/739/1169 1447/743/1171 1445/741/1170
f 1442/738/1168 1448/744/1172 1441/737/1167
f 1449/745/1173 1448/744/1172 1442/738/1168
f 1450/746/1174 1448/744/1172 1449/745/1173
f 1441/737/1167 1451/747/1175 1443/739/1169
f 1451/747/1175 1441/737/1167 1448/744/1172
f 1447/743/1171 1443/739/1169 1451/747/1175
f 1448/744/1172 1450/746/1174 1452/748/1176
f 1452/748/1176 1451/747/1175 1448/744/1172
f 1452/748/1176 1450/746/1174 1453/749/1161
f 1453/749/1161 1454/750/1162 1452/748/1176
f 1455/751/1177 1447/743/1171 1451/747/1175
f 1451/747/1175 1452/748/1176 1455/751/1177
f 1454/750/1162 1455/751/1177 1452/748/1176
f 1447/743/1171 1455/751/1177 1456/752/1178
f 1455/751/1177 1454/750/1162 1457/753/1165
f 1456/752/1178 1455/751/1177 1457/753/1165
f 1457/753/1165 1458/754/1166 1456/752/1178
