# Blender 5.1.2
# www.blender.org
mtllib left festive fist.mtl
o RenderMesh_77062821114462
v 0.368612 0.214998 -0.118536
v 0.388641 0.197367 -0.108628
v 0.383384 0.209484 -0.123695
v 0.391923 0.190246 -0.128826
v 0.378770 0.201779 -0.141605
v 0.389283 0.177544 -0.111473
v 0.362464 0.204731 -0.142401
v 0.375616 0.198853 -0.098461
v 0.384669 0.169839 -0.129383
v 0.317265 0.194070 -0.119609
v 0.320712 0.199826 -0.106229
v 0.324639 0.190773 -0.094972
v 0.363320 0.178319 -0.146190
v 0.317744 0.179259 -0.121734
v 0.376472 0.172440 -0.102250
v 0.325119 0.175963 -0.097097
v 0.370324 0.162172 -0.126116
v 0.321672 0.170206 -0.110478
v 0.379413 0.181956 -0.144450
v -0.365103 0.190979 -0.009226
v -0.366414 0.207897 -0.019881
v -0.377698 0.190767 -0.026853
v -0.348812 0.190215 -0.006181
v -0.368378 0.173297 -0.018060
v -0.353176 0.166654 -0.017952
v -0.372963 0.172531 -0.037550
v -0.359286 0.165634 -0.043921
v -0.374274 0.189449 -0.048205
v -0.304979 0.173177 -0.035577
v -0.308405 0.172605 -0.050138
v -0.302533 0.186388 -0.028977
v -0.309384 0.185245 -0.058098
v -0.303512 0.199027 -0.036937
v -0.361032 0.188175 -0.058118
v -0.350559 0.212757 -0.020379
v -0.306938 0.198456 -0.051498
v -0.356669 0.211738 -0.046347
v -0.370999 0.207132 -0.039371
v -0.369497 -0.079162 -0.095234
v -0.369768 -0.065219 -0.080848
v -0.380767 -0.061055 -0.099042
v -0.353488 -0.083510 -0.095357
v -0.372381 -0.073891 -0.114348
v -0.357329 -0.076487 -0.120825
v -0.375535 -0.054678 -0.119076
v -0.375806 -0.040735 -0.104689
v -0.361532 -0.050887 -0.127126
v -0.307877 -0.061564 -0.118023
v -0.305723 -0.065502 -0.103742
v -0.310233 -0.047210 -0.121555
v -0.305925 -0.055085 -0.092994
v -0.361893 -0.032309 -0.107956
v -0.310436 -0.036793 -0.110806
v -0.308282 -0.040731 -0.096526
v -0.353849 -0.064932 -0.076187
v -0.358052 -0.039332 -0.082486
v -0.372923 -0.046006 -0.085575
v 0.371508 -0.064657 0.088446
v 0.378284 -0.080151 0.077702
v 0.382099 -0.060237 0.070071
v 0.356274 -0.069824 0.092501
v 0.367572 -0.047189 0.079456
v 0.351028 -0.046549 0.080522
v 0.370411 -0.045216 0.059721
v 0.377186 -0.060711 0.048975
v 0.354811 -0.043920 0.054225
v 0.307605 -0.070578 0.065920
v 0.310547 -0.083628 0.072637
v 0.309726 -0.069104 0.051175
v 0.315609 -0.095204 0.064608
v 0.363839 -0.064566 0.039908
v 0.314789 -0.080680 0.043147
v 0.317730 -0.093730 0.049864
v 0.365302 -0.090470 0.078184
v 0.369085 -0.087840 0.051886
v 0.381123 -0.078178 0.057966
v 0.318278 -0.232183 -0.237141
v 0.327280 -0.214992 -0.242130
v 0.329074 -0.221647 -0.221592
v 0.315583 -0.207654 -0.251327
v 0.330731 -0.201064 -0.228148
v 0.312726 -0.235444 -0.218167
v 0.316176 -0.221516 -0.204185
v 0.303587 -0.230559 -0.244677
v 0.300788 -0.216346 -0.200765
v 0.260699 -0.201666 -0.246068
v 0.296190 -0.234905 -0.219397
v 0.256551 -0.204103 -0.231892
v 0.267425 -0.188823 -0.249796
v 0.259129 -0.193697 -0.221446
v 0.265855 -0.180854 -0.225174
v 0.320181 -0.189095 -0.232693
v 0.270003 -0.178417 -0.239349
v 0.312784 -0.193441 -0.207413
v 0.325179 -0.204326 -0.209174
v -0.381188 -0.283861 -0.038800
v -0.379318 -0.266866 -0.049247
v -0.391923 -0.282401 -0.057562
v -0.365499 -0.286692 -0.034209
v -0.385773 -0.300948 -0.048205
v -0.371608 -0.309460 -0.046740
v -0.388487 -0.301041 -0.068056
v -0.386617 -0.284047 -0.078503
v -0.375225 -0.309584 -0.073191
v -0.321481 -0.309002 -0.059515
v -0.318056 -0.296236 -0.052489
v -0.323509 -0.309072 -0.074346
v -0.316659 -0.283539 -0.060294
v -0.372733 -0.286940 -0.087111
v -0.322112 -0.296374 -0.082151
v -0.318687 -0.283609 -0.075126
v -0.363007 -0.264047 -0.048129
v -0.366624 -0.264171 -0.074580
v -0.382032 -0.266959 -0.069098
v 0.140436 0.287807 0.244290
v 0.129851 0.304724 0.242503
v 0.119947 0.287593 0.251327
v 0.148007 0.287041 0.229547
v 0.131035 0.270123 0.244905
v 0.135479 0.263480 0.230368
v 0.111048 0.269358 0.243733
v 0.108848 0.262460 0.228806
v 0.132352 0.270003 0.179145
v 0.139376 0.283215 0.178685
v 0.117420 0.269431 0.178270
v 0.131468 0.295853 0.177350
v 0.094743 0.285001 0.226427
v 0.109511 0.282071 0.176935
v 0.100462 0.286276 0.241948
v 0.116535 0.295282 0.176475
v 0.109863 0.303958 0.241332
v 0.107270 0.308563 0.225606
v 0.133902 0.309583 0.227165
vn 0.0486 0.9918 0.1185
vn 0.8048 0.3362 0.4892
vn 0.6076 0.7906 -0.0761
vn 0.9581 0.0708 -0.2777
vn 0.4345 0.5014 -0.7482
vn 0.8290 -0.4080 0.3825
vn -0.1809 0.6086 -0.7726
vn 0.3101 0.3887 0.8676
vn 0.6559 -0.6971 -0.2895
vn -0.4722 0.5731 -0.6697
vn -0.2479 0.9476 0.2013
vn 0.0067 0.3584 0.9335
vn -0.1489 -0.3772 -0.9141
vn -0.4415 -0.3906 -0.8078
vn 0.3420 -0.5967 0.7260
vn 0.0383 -0.6051 0.7952
vn 0.1122 -0.9800 -0.1646
vn -0.1855 -0.9797 -0.0757
vn 0.4582 -0.2423 -0.8552
vn -0.4687 0.0729 0.8804
vn -0.5179 0.7078 0.4805
vn -0.9718 0.0671 0.2260
vn 0.1460 0.0434 0.9883
vn -0.5916 -0.5906 0.5489
vn -0.0165 -0.8357 0.5489
vn -0.7640 -0.6190 -0.1821
vn -0.2449 -0.8737 -0.4202
vn -0.8128 0.0155 -0.5823
vn 0.2840 -0.8376 0.4667
vn 0.0616 -0.8747 -0.4807
vn 0.4432 0.0220 0.8961
vn -0.0020 -0.0521 -0.9986
vn 0.3795 0.8443 0.3782
vn -0.3097 -0.0324 -0.9503
vn 0.0808 0.8853 0.4579
vn 0.1566 0.8072 -0.5692
vn -0.1466 0.8471 -0.5108
vn -0.6902 0.6789 -0.2505
vn -0.5308 -0.8095 0.2509
vn -0.5410 -0.2863 0.7908
vn -0.9847 -0.1342 0.1115
vn 0.0739 -0.9669 0.2440
vn -0.6391 -0.6120 -0.4658
vn -0.0693 -0.7047 -0.7061
vn -0.7575 0.1089 -0.6437
vn -0.7676 0.6325 -0.1039
vn -0.2264 0.2511 -0.9411
vn 0.2364 -0.6473 -0.7246
vn 0.3763 -0.9037 0.2042
vn 0.0828 0.2864 -0.9545
vn 0.3637 -0.2258 0.9037
vn -0.2396 0.9443 -0.2258
vn 0.0699 0.9644 -0.2551
vn 0.2105 0.7078 0.6744
vn 0.0601 -0.2735 0.9600
vn -0.0958 0.6822 0.7249
vn -0.6597 0.4347 0.6130
vn 0.5141 0.1215 0.8491
vn 0.7679 -0.4597 0.4462
vn 0.9406 0.2969 0.1650
vn -0.0615 -0.0737 0.9954
vn 0.3659 0.7772 0.5120
vn -0.2579 0.7955 0.5483
vn 0.4721 0.8513 -0.2289
vn 0.7266 0.2698 -0.6318
vn -0.1163 0.8935 -0.4338
vn -0.5426 0.6859 0.4849
vn -0.3512 -0.1633 0.9220
vn -0.4046 0.7818 -0.4744
vn -0.0218 -0.9164 0.3996
vn 0.2203 0.1235 -0.9676
vn -0.0752 0.0286 -0.9968
vn 0.1159 -0.8207 -0.5595
vn 0.2749 -0.8438 0.4610
vn 0.4161 -0.7456 -0.5206
vn 0.8744 -0.3857 -0.2944
vn 0.4582 -0.7941 -0.3994
vn 0.7959 -0.1487 -0.5869
vn 0.8915 -0.4113 0.1898
vn 0.3511 0.1276 -0.9276
vn 0.9255 0.3737 -0.0620
vn 0.2498 -0.9164 0.3126
vn 0.3793 -0.3938 0.8373
vn -0.0967 -0.7273 -0.6794
vn -0.2012 -0.1968 0.9596
vn -0.3698 -0.5837 -0.7228
vn -0.3730 -0.8895 0.2638
vn -0.6401 -0.7420 0.1994
vn 0.0681 0.2522 -0.9653
vn -0.4722 -0.0648 0.8791
vn -0.0343 0.7704 0.6367
vn 0.5230 0.8202 -0.2318
vn 0.2358 0.9289 -0.2854
vn 0.2465 0.6581 0.7114
vn 0.7172 0.2512 0.6500
vn -0.5398 0.1277 0.8321
vn -0.4696 0.7654 0.4401
vn -0.9731 0.1889 0.1321
vn 0.0534 0.0202 0.9984
vn -0.7116 -0.5136 0.4794
vn -0.1748 -0.8294 0.5307
vn -0.8137 -0.5170 -0.2657
vn -0.7435 0.1207 -0.6578
vn -0.3095 -0.8342 -0.4565
vn 0.1296 -0.8691 0.4774
vn 0.3528 -0.0384 0.9349
vn -0.0022 -0.8733 -0.4871
vn 0.4436 0.7877 0.4275
vn -0.2168 0.0112 -0.9761
vn 0.0887 -0.0472 -0.9949
vn 0.3111 0.7832 -0.5383
vn 0.1462 0.8658 0.4785
vn 0.0115 0.8608 -0.5088
vn -0.5718 0.7616 -0.3050
vn 0.7098 0.0725 0.7007
vn 0.3126 0.7078 0.6335
vn -0.0609 0.0670 0.9959
vn 0.9889 0.0437 0.1420
vn 0.3571 -0.5906 0.7236
vn 0.5216 -0.8355 0.1729
vn -0.3935 -0.6191 0.6796
vn -0.4727 -0.8738 0.1143
vn 0.5284 -0.8376 -0.1389
vn 0.9855 0.0220 -0.1684
vn -0.4432 -0.8748 -0.1958
vn 0.4710 0.8444 -0.2554
vn -0.9991 -0.0327 0.0258
vn -0.9578 -0.0524 -0.2827
vn -0.7902 0.0155 0.6127
vn -0.5005 0.8073 -0.3128
vn -0.4374 0.6791 0.5895
vn -0.5316 0.8470 -0.0052
vn 0.4620 0.8853 0.0530
vt 0.000000 0.000000
s 1
f 1/1/1 2/1/2 3/1/3
f 3/1/3 2/1/2 4/1/4
f 5/1/5 1/1/1 3/1/3
f 5/1/5 3/1/3 4/1/4
f 2/1/2 6/1/6 4/1/4
f 1/1/1 5/1/5 7/1/7
f 8/1/8 6/1/6 2/1/2
f 2/1/2 1/1/1 8/1/8
f 6/1/6 9/1/9 4/1/4
f 10/1/10 1/1/1 7/1/7
f 1/1/1 10/1/10 11/1/11
f 12/1/12 1/1/1 11/1/11
f 1/1/1 12/1/12 8/1/8
f 13/1/13 10/1/10 7/1/7
f 5/1/5 13/1/13 7/1/7
f 13/1/13 14/1/14 10/1/10
f 12/1/12 15/1/15 8/1/8
f 6/1/6 8/1/8 15/1/15
f 15/1/15 12/1/12 16/1/16
f 15/1/15 17/1/17 6/1/6
f 16/1/16 17/1/17 15/1/15
f 9/1/9 6/1/6 17/1/17
f 14/1/14 13/1/13 17/1/17
f 17/1/17 16/1/16 18/1/18
f 17/1/17 18/1/18 14/1/14
f 19/1/19 17/1/17 13/1/13
f 17/1/17 19/1/19 9/1/9
f 13/1/13 5/1/5 19/1/19
f 9/1/9 19/1/19 4/1/4
f 19/1/19 5/1/5 4/1/4
f 20/1/20 21/1/21 22/1/22
f 23/1/23 21/1/21 20/1/20
f 24/1/24 20/1/20 22/1/22
f 24/1/24 23/1/23 20/1/20
f 23/1/23 24/1/24 25/1/25
f 26/1/26 24/1/24 22/1/22
f 24/1/24 27/1/27 25/1/25
f 27/1/27 24/1/24 26/1/26
f 28/1/28 26/1/26 22/1/22
f 27/1/27 29/1/29 25/1/25
f 29/1/29 23/1/23 25/1/25
f 29/1/29 27/1/27 30/1/30
f 23/1/23 29/1/29 31/1/31
f 27/1/27 32/1/32 30/1/30
f 23/1/23 31/1/31 33/1/33
f 26/1/26 34/1/34 27/1/27
f 34/1/34 26/1/26 28/1/28
f 32/1/32 27/1/27 34/1/34
f 23/1/23 33/1/33 35/1/35
f 21/1/21 23/1/23 35/1/35
f 35/1/35 33/1/33 36/1/36
f 32/1/32 37/1/37 36/1/36
f 36/1/36 37/1/37 35/1/35
f 37/1/37 32/1/32 34/1/34
f 35/1/35 38/1/38 21/1/21
f 38/1/38 35/1/35 37/1/37
f 34/1/34 38/1/38 37/1/37
f 38/1/38 34/1/34 28/1/28
f 21/1/21 38/1/38 22/1/22
f 38/1/38 28/1/28 22/1/22
f 39/1/39 40/1/40 41/1/41
f 42/1/42 40/1/40 39/1/39
f 43/1/43 39/1/39 41/1/41
f 43/1/43 42/1/42 39/1/39
f 42/1/42 43/1/43 44/1/44
f 45/1/45 43/1/43 41/1/41
f 46/1/46 45/1/45 41/1/41
f 43/1/43 47/1/47 44/1/44
f 47/1/47 43/1/43 45/1/45
f 48/1/48 44/1/44 47/1/47
f 48/1/48 42/1/42 44/1/44
f 42/1/42 48/1/48 49/1/49
f 48/1/48 47/1/47 50/1/50
f 42/1/42 49/1/49 51/1/51
f 45/1/45 52/1/52 47/1/47
f 52/1/52 50/1/50 47/1/47
f 52/1/52 45/1/45 46/1/46
f 52/1/52 53/1/53 50/1/50
f 52/1/52 54/1/54 53/1/53
f 42/1/42 51/1/51 55/1/55
f 55/1/55 51/1/51 54/1/54
f 40/1/40 42/1/42 55/1/55
f 54/1/54 52/1/52 56/1/56
f 55/1/55 54/1/54 56/1/56
f 56/1/56 52/1/52 57/1/57
f 57/1/57 55/1/55 56/1/56
f 52/1/52 46/1/46 57/1/57
f 55/1/55 57/1/57 40/1/40
f 57/1/57 46/1/46 41/1/41
f 40/1/40 57/1/57 41/1/41
f 58/1/58 59/1/59 60/1/60
f 61/1/61 59/1/59 58/1/58
f 62/1/62 58/1/58 60/1/60
f 62/1/62 61/1/61 58/1/58
f 61/1/61 62/1/62 63/1/63
f 64/1/64 62/1/62 60/1/60
f 65/1/65 64/1/64 60/1/60
f 62/1/62 66/1/66 63/1/63
f 66/1/66 62/1/62 64/1/64
f 67/1/67 63/1/63 66/1/66
f 67/1/67 61/1/61 63/1/63
f 61/1/61 67/1/67 68/1/68
f 67/1/67 66/1/66 69/1/69
f 70/1/70 61/1/61 68/1/68
f 64/1/64 71/1/71 66/1/66
f 71/1/71 69/1/69 66/1/66
f 71/1/71 64/1/64 65/1/65
f 69/1/69 71/1/71 72/1/72
f 71/1/71 73/1/73 72/1/72
f 61/1/61 70/1/70 74/1/74
f 59/1/59 61/1/61 74/1/74
f 75/1/75 70/1/70 73/1/73
f 73/1/73 71/1/71 75/1/75
f 70/1/70 75/1/75 74/1/74
f 71/1/71 76/1/76 75/1/75
f 76/1/76 74/1/74 75/1/75
f 74/1/74 76/1/76 59/1/59
f 76/1/76 71/1/71 65/1/65
f 59/1/59 76/1/76 60/1/60
f 76/1/76 65/1/65 60/1/60
f 77/1/77 78/1/78 79/1/79
f 80/1/80 78/1/78 77/1/77
f 78/1/78 81/1/81 79/1/79
f 80/1/80 81/1/81 78/1/78
f 82/1/82 77/1/77 79/1/79
f 83/1/83 82/1/82 79/1/79
f 82/1/82 84/1/84 77/1/77
f 84/1/84 80/1/80 77/1/77
f 85/1/85 82/1/82 83/1/83
f 86/1/86 80/1/80 84/1/84
f 84/1/84 82/1/82 87/1/87
f 87/1/87 86/1/86 84/1/84
f 82/1/82 85/1/85 87/1/87
f 86/1/86 87/1/87 88/1/88
f 88/1/88 87/1/87 85/1/85
f 80/1/80 86/1/86 89/1/89
f 85/1/85 90/1/90 88/1/88
f 85/1/85 91/1/91 90/1/90
f 89/1/89 92/1/92 80/1/80
f 81/1/81 80/1/80 92/1/92
f 92/1/92 89/1/89 93/1/93
f 94/1/94 93/1/93 91/1/91
f 93/1/93 94/1/94 92/1/92
f 91/1/91 85/1/85 94/1/94
f 92/1/92 95/1/95 81/1/81
f 95/1/95 92/1/92 94/1/94
f 94/1/94 85/1/85 95/1/95
f 85/1/85 83/1/83 95/1/95
f 81/1/81 95/1/95 79/1/79
f 95/1/95 83/1/83 79/1/79
f 96/1/96 97/1/97 98/1/98
f 99/1/99 97/1/97 96/1/96
f 100/1/100 96/1/96 98/1/98
f 100/1/100 99/1/99 96/1/96
f 99/1/99 100/1/100 101/1/101
f 102/1/102 100/1/100 98/1/98
f 103/1/103 102/1/102 98/1/98
f 100/1/100 104/1/104 101/1/101
f 104/1/104 100/1/100 102/1/102
f 104/1/104 105/1/105 101/1/101
f 105/1/105 99/1/99 101/1/101
f 99/1/99 105/1/105 106/1/106
f 104/1/104 107/1/107 105/1/105
f 99/1/99 106/1/106 108/1/108
f 102/1/102 109/1/109 104/1/104
f 107/1/107 104/1/104 109/1/109
f 109/1/109 102/1/102 103/1/103
f 107/1/107 109/1/109 110/1/110
f 109/1/109 111/1/111 110/1/110
f 99/1/99 108/1/108 112/1/112
f 112/1/112 108/1/108 111/1/111
f 97/1/97 99/1/99 112/1/112
f 111/1/111 109/1/109 113/1/113
f 112/1/112 111/1/111 113/1/113
f 109/1/109 114/1/114 113/1/113
f 114/1/114 112/1/112 113/1/113
f 114/1/114 109/1/109 103/1/103
f 112/1/112 114/1/114 97/1/97
f 114/1/114 103/1/103 98/1/98
f 97/1/97 114/1/114 98/1/98
f 115/1/115 116/1/116 117/1/117
f 118/1/118 116/1/116 115/1/115
f 119/1/119 115/1/115 117/1/117
f 119/1/119 118/1/118 115/1/115
f 119/1/119 120/1/120 118/1/118
f 121/1/121 119/1/119 117/1/117
f 119/1/119 122/1/122 120/1/120
f 122/1/122 119/1/119 121/1/121
f 123/1/123 120/1/120 122/1/122
f 123/1/123 118/1/118 120/1/120
f 118/1/118 123/1/123 124/1/124
f 122/1/122 125/1/125 123/1/123
f 118/1/118 124/1/124 126/1/126
f 125/1/125 122/1/122 127/1/127
f 121/1/121 127/1/127 122/1/122
f 125/1/125 127/1/127 128/1/128
f 129/1/129 121/1/121 117/1/117
f 127/1/127 121/1/121 129/1/129
f 127/1/127 130/1/130 128/1/128
f 131/1/131 129/1/129 117/1/117
f 131/1/131 127/1/127 129/1/129
f 116/1/116 131/1/131 117/1/117
f 130/1/130 127/1/127 132/1/132
f 127/1/127 131/1/131 132/1/132
f 133/1/133 131/1/131 116/1/116
f 131/1/131 133/1/133 132/1/132
f 116/1/116 118/1/118 133/1/133
f 133/1/133 130/1/130 132/1/132
f 118/1/118 126/1/126 133/1/133
f 130/1/130 133/1/133 126/1/126
o RenderMesh_80541967794208
v 0.308343 0.415747 0.241031
v 0.291806 0.430042 0.255773
v 0.301210 0.418169 0.254259
v 0.289537 0.439495 0.244060
v 0.306073 0.425200 0.229318
v 0.296670 0.437075 0.230833
v 0.284341 0.440499 0.243330
v 0.296670 0.437075 0.230833
v 0.293312 0.437454 0.226697
v 0.306073 0.425200 0.229318
v 0.289537 0.439495 0.244060
v 0.305137 0.422524 0.224793
v 0.287196 0.428613 0.258058
v 0.308343 0.415747 0.241031
v 0.291806 0.430042 0.255773
v 0.307992 0.410637 0.239523
v 0.301210 0.418169 0.254259
v 0.299022 0.413681 0.256154
v -0.220252 -0.298728 0.250730
v -0.288889 -0.284835 0.177030
v -0.268171 -0.283859 0.170719
v -0.300070 -0.266353 0.180578
v -0.297482 -0.285105 0.054561
v -0.284268 -0.301001 0.061364
v -0.262899 -0.298027 0.061668
v -0.274217 -0.449003 -0.137957
v -0.294865 -0.451993 -0.144315
v -0.303035 -0.440059 -0.160792
v -0.233753 -0.536617 -0.242720
v -0.248727 -0.536168 -0.258855
v -0.251397 -0.517798 -0.270618
v -0.081922 -0.530223 -0.291968
v -0.073849 -0.547509 -0.281089
v -0.072444 -0.546826 -0.259234
v 0.064187 -0.470412 -0.273621
v 0.061691 -0.466509 -0.294460
v 0.050830 -0.449257 -0.300766
v 0.150027 -0.382046 -0.257501
v 0.148820 -0.375243 -0.277975
v 0.136249 -0.358144 -0.283123
v 0.226002 -0.358362 -0.248723
v 0.236110 -0.325933 -0.264822
v 0.237863 -0.347573 -0.263377
v 0.276343 -0.341172 -0.186337
v 0.295913 -0.332514 -0.190120
v 0.298921 -0.311094 -0.187497
v 0.292439 -0.321131 0.037242
v 0.272705 -0.330303 0.036489
v 0.294333 -0.299446 0.039031
v 0.282986 -0.316736 0.066551
v 0.273735 -0.321070 0.066209
v 0.283854 -0.306581 0.067357
v 0.226823 -0.339125 -0.284554
v 0.241278 -0.357751 -0.272754
v 0.228545 -0.353530 -0.279950
v 0.252288 -0.347566 -0.270163
v 0.237835 -0.328939 -0.281963
v 0.250567 -0.333160 -0.274768
v 0.235869 -0.324394 -0.279965
v 0.226823 -0.339125 -0.284554
v 0.222023 -0.337202 -0.283222
v 0.224186 -0.355318 -0.277433
v 0.237835 -0.328939 -0.281963
v 0.228545 -0.353530 -0.279950
v 0.251880 -0.329702 -0.270917
v 0.240197 -0.360626 -0.268385
v 0.250567 -0.333160 -0.274768
v 0.241278 -0.357751 -0.272754
v 0.254045 -0.347818 -0.265126
v 0.252288 -0.347566 -0.270163
v 0.018051 -0.277368 0.311139
v 0.016472 -0.252266 0.319046
v 0.001289 -0.253311 0.319332
v 0.024853 -0.264295 0.314951
v 0.002868 -0.278412 0.311423
v -0.005513 -0.266383 0.315520
v 0.016472 -0.252266 0.319046
v 0.028624 -0.262944 0.311417
v 0.018085 -0.247818 0.316568
v 0.024853 -0.264295 0.314951
v 0.001289 -0.253311 0.319332
v 0.018051 -0.277368 0.311139
v -0.001008 -0.249132 0.316926
v 0.020070 -0.279384 0.306624
v -0.009562 -0.265572 0.312132
v 0.000977 -0.280697 0.306982
v -0.005513 -0.266383 0.315520
v 0.002868 -0.278412 0.311423
v 0.080740 0.294594 -0.293043
v 0.078829 0.317742 -0.280569
v 0.093925 0.317938 -0.278619
v 0.072237 0.306071 -0.287782
v 0.095835 0.294789 -0.291093
v 0.102428 0.306461 -0.283880
v 0.095835 0.294789 -0.291093
v 0.102428 0.306461 -0.283880
v 0.105928 0.304774 -0.280216
v 0.093925 0.317938 -0.278619
v 0.097640 0.290098 -0.289285
v 0.095237 0.319208 -0.273598
v 0.080740 0.294594 -0.293043
v 0.078829 0.317742 -0.280569
v 0.078658 0.289853 -0.291740
v 0.076253 0.318962 -0.276052
v 0.067965 0.304285 -0.285123
v 0.072237 0.306071 -0.287782
v -0.258761 0.135475 0.288284
v -0.280672 0.121991 0.282526
v -0.265875 0.122200 0.286090
v -0.288355 0.135062 0.281156
v -0.266443 0.148546 0.286915
v -0.281240 0.148338 0.283351
v -0.263763 0.152092 0.283955
v -0.258761 0.135475 0.288284
v -0.254102 0.135657 0.285676
v -0.263050 0.118962 0.282917
v -0.266443 0.148546 0.286915
v -0.265875 0.122200 0.286090
v -0.281240 0.148338 0.283351
v -0.281657 0.118701 0.278436
v -0.282371 0.151832 0.279473
v -0.280672 0.121991 0.282526
v -0.291319 0.135137 0.276715
v -0.288355 0.135062 0.281156
v 0.253540 0.050584 -0.296529
v 0.266548 0.069198 -0.283131
v 0.266068 0.055274 -0.289262
v 0.241494 0.059821 -0.297664
v 0.254503 0.078434 -0.284266
v 0.241976 0.073745 -0.291533
v 0.241494 0.059821 -0.297664
v 0.237564 0.074798 -0.288713
v 0.241976 0.073745 -0.291533
v 0.236960 0.057288 -0.296421
v 0.253316 0.080694 -0.279575
v 0.252108 0.045673 -0.294994
v 0.254503 0.078434 -0.284266
v 0.253540 0.050584 -0.296529
v 0.266548 0.069198 -0.283131
v 0.267861 0.051569 -0.285856
v 0.268465 0.069079 -0.278148
v 0.266068 0.055274 -0.289262
v 0.131573 0.310563 0.305735
v 0.147658 0.284857 0.308450
v 0.154801 0.298291 0.307981
v 0.146758 0.311145 0.306624
v 0.124432 0.297129 0.306202
v 0.132473 0.284277 0.307559
v -0.086655 -0.128854 -0.334136
v -0.069650 -0.150802 -0.321649
v -0.084744 -0.152500 -0.322631
v -0.093248 -0.141527 -0.328875
v -0.071561 -0.127157 -0.333156
v -0.063057 -0.138131 -0.326912
v 0.148818 0.314360 0.302890
v 0.154801 0.298291 0.307981
v 0.158931 0.298197 0.304597
v 0.146758 0.311145 0.306624
v 0.147658 0.284857 0.308450
v 0.131573 0.310563 0.305735
v 0.149950 0.281305 0.305185
v 0.129724 0.313629 0.301772
v 0.130856 0.280574 0.304066
v 0.120742 0.296735 0.302360
v 0.132473 0.284277 0.307559
v 0.124432 0.297129 0.306202
v -0.086829 -0.154210 -0.318021
v -0.097521 -0.140410 -0.325872
v -0.093248 -0.141527 -0.328875
v -0.084744 -0.152500 -0.322631
v -0.086655 -0.128854 -0.334136
v -0.069650 -0.150802 -0.321649
v -0.089231 -0.124477 -0.332488
v -0.067846 -0.152075 -0.316786
v -0.070249 -0.122341 -0.331254
v -0.059558 -0.136140 -0.323403
v -0.071561 -0.127157 -0.333156
v -0.063057 -0.138131 -0.326912
v 0.334698 0.194549 0.005452
v 0.342198 0.191196 0.030505
v 0.338692 0.185342 0.016898
v 0.334210 0.209609 0.007613
v 0.341709 0.206256 0.032666
v 0.337716 0.215462 0.021219
v 0.334210 0.209609 0.007613
v 0.334114 0.219084 0.022782
v 0.337716 0.215462 0.021219
v 0.341709 0.206256 0.032666
v 0.329706 0.211722 0.005671
v 0.339135 0.207507 0.037176
v 0.330319 0.192784 0.002954
v 0.342198 0.191196 0.030505
v 0.334698 0.194549 0.005452
v 0.339749 0.188569 0.034458
v 0.338692 0.185342 0.016898
v 0.335342 0.181208 0.017348
v 0.324398 -0.054507 0.193860
v 0.332536 -0.079548 0.192527
v 0.334693 -0.078049 0.177533
v 0.327388 -0.067777 0.200690
v 0.326555 -0.053008 0.178866
v 0.331703 -0.064779 0.170703
v 0.332536 -0.079548 0.192527
v 0.327388 -0.067777 0.200690
v 0.323422 -0.069239 0.203952
v 0.324398 -0.054507 0.193860
v 0.329895 -0.084043 0.193687
v 0.319660 -0.052552 0.195363
v 0.334693 -0.078049 0.177533
v 0.322372 -0.050667 0.176509
v 0.332606 -0.082157 0.174833
v 0.326555 -0.053008 0.178866
v 0.328846 -0.065470 0.166244
v 0.331703 -0.064779 0.170703
v 0.273216 -0.189858 -0.103640
v 0.284272 -0.174321 -0.121845
v 0.286895 -0.163739 -0.111222
v 0.277433 -0.187380 -0.118054
v 0.275836 -0.179276 -0.093016
v 0.282676 -0.166216 -0.096807
v 0.284272 -0.174321 -0.121845
v 0.277433 -0.187380 -0.118054
v 0.273524 -0.188612 -0.121479
v 0.282126 -0.172189 -0.126246
v 0.268220 -0.191727 -0.103353
v 0.286895 -0.163739 -0.111222
v 0.273216 -0.189858 -0.103640
v 0.285423 -0.158882 -0.112887
v 0.275836 -0.179276 -0.093016
v 0.280118 -0.161998 -0.094761
v 0.271517 -0.178421 -0.089994
v 0.282676 -0.166216 -0.096807
v -0.288718 0.201466 0.099175
v -0.294690 0.187450 0.077657
v -0.291205 0.188031 0.092464
v -0.295685 0.200303 0.069562
v -0.289714 0.214317 0.091080
v -0.293198 0.213737 0.076274
v -0.289714 0.214317 0.091080
v -0.288718 0.201466 0.099175
v -0.284295 0.201372 0.102168
v -0.291205 0.188031 0.092464
v -0.285547 0.217533 0.091989
v -0.287423 0.184478 0.093728
v -0.293198 0.213737 0.076274
v -0.294690 0.187450 0.077657
v -0.289928 0.216803 0.073369
v -0.291804 0.183748 0.075109
v -0.295685 0.200303 0.069562
v -0.293056 0.199909 0.064930
v -0.296528 -0.032122 0.005796
v -0.291941 -0.050723 0.023910
v -0.296735 -0.021529 0.016726
v -0.294133 -0.046719 0.009388
v -0.292147 -0.040130 0.034840
v -0.294544 -0.025535 0.031248
v 0.302018 0.157358 -0.120961
v 0.291992 0.144610 -0.141750
v 0.296948 0.157485 -0.135314
v 0.302130 0.144356 -0.113044
v 0.292105 0.131611 -0.133832
v 0.297175 0.131483 -0.119480
v -0.292147 -0.040130 0.034840
v -0.291941 -0.050723 0.023910
v -0.287753 -0.053995 0.024430
v -0.294133 -0.046719 0.009388
v -0.288011 -0.040675 0.038174
v -0.290507 -0.048959 0.006169
v -0.294544 -0.025535 0.031248
v -0.296528 -0.032122 0.005796
v -0.291025 -0.022319 0.033658
v -0.293521 -0.030605 0.001652
v -0.296735 -0.021529 0.016726
v -0.293779 -0.017285 0.015397
v 0.302130 0.144356 -0.113044
v 0.293848 0.128832 -0.116250
v 0.297175 0.131483 -0.119480
v 0.292105 0.131611 -0.133832
v 0.300081 0.145021 -0.108157
v 0.287473 0.128992 -0.134298
v 0.299938 0.161368 -0.118113
v 0.287331 0.145339 -0.144254
v 0.302018 0.157358 -0.120961
v 0.291992 0.144610 -0.141750
v 0.293563 0.161528 -0.136161
v 0.296948 0.157485 -0.135314
v -0.316644 -0.064965 -0.166326
v -0.312627 -0.038909 -0.166606
v -0.317937 -0.064929 -0.181493
v -0.313989 -0.051955 -0.158882
v -0.313922 -0.038873 -0.181773
v -0.316575 -0.051881 -0.189216
v -0.312627 -0.038909 -0.166606
v -0.313989 -0.051955 -0.158882
v -0.310084 -0.052518 -0.155283
v -0.316644 -0.064965 -0.166326
v -0.308372 -0.036112 -0.164994
v -0.313421 -0.068879 -0.164643
v -0.309999 -0.036067 -0.184068
v -0.317937 -0.064929 -0.181493
v -0.313922 -0.038873 -0.181773
v -0.315049 -0.068832 -0.183715
v -0.316575 -0.051881 -0.189216
v -0.313336 -0.052426 -0.193427
v -0.198438 0.323993 -0.326046
v -0.205480 0.349183 -0.329368
v -0.194624 0.338590 -0.328071
v -0.213105 0.319989 -0.325318
v -0.220148 0.345179 -0.328641
v -0.223961 0.330582 -0.326614
v -0.223961 0.330582 -0.326614
v -0.213105 0.319989 -0.325318
v -0.214042 0.316717 -0.321202
v -0.198438 0.323993 -0.326046
v -0.227692 0.330038 -0.322833
v -0.195597 0.321753 -0.322118
v -0.220148 0.345179 -0.328641
v -0.190802 0.340108 -0.324664
v -0.222897 0.348393 -0.325379
v -0.194624 0.338590 -0.328071
v -0.205480 0.349183 -0.329368
v -0.204452 0.353429 -0.326295
v -0.087518 0.262163 0.308272
v -0.189333 0.200260 0.279826
v -0.090506 0.255968 0.327096
v 0.043577 0.304490 0.310534
v -0.083338 0.236801 0.334136
v 0.036023 0.322690 0.301279
v 0.033508 0.323598 0.279604
v 0.197516 0.309791 0.256588
v 0.208908 0.312167 0.275178
v 0.210886 0.295140 0.288930
v 0.277333 0.277414 0.186436
v 0.266153 0.295898 0.182888
v 0.245434 0.294921 0.176577
v 0.274745 0.296159 0.060411
v 0.261541 0.312058 0.067218
v 0.240173 0.309096 0.067530
v 0.251525 0.460081 -0.132098
v 0.272146 0.463044 -0.138475
v 0.280295 0.451103 -0.154949
v 0.211801 0.544230 -0.232500
v 0.226536 0.547510 -0.248611
v 0.228834 0.532352 -0.264407
v 0.059201 0.506629 -0.286021
v 0.050913 0.523458 -0.275074
v 0.049618 0.522753 -0.253496
v -0.080527 0.459754 -0.322089
v -0.094285 0.481072 -0.294989
v -0.091858 0.476965 -0.316014
v -0.197635 0.344995 -0.316302
v -0.215337 0.356962 -0.311321
v -0.218772 0.363057 -0.290534
v -0.281707 0.182256 -0.241573
v -0.282192 0.170233 -0.259834
v -0.263492 0.165612 -0.270270
v -0.282847 0.070399 -0.165829
v -0.266984 0.064620 -0.179160
v -0.278448 0.081982 -0.148333
v -0.270409 -0.026520 -0.047580
v -0.283493 -0.019740 -0.031207
v -0.275165 -0.008509 -0.014317
v -0.270332 -0.067733 0.082507
v -0.283468 -0.052307 0.086290
v -0.275252 -0.034005 0.086988
v -0.269040 -0.063812 0.194601
v -0.280239 -0.049866 0.199327
v -0.273362 -0.032827 0.201513
v -0.260096 -0.056374 0.230067
v -0.261360 -0.047350 0.232089
v -0.263361 -0.052321 0.231449
v -0.017825 -0.022848 0.315346
v -0.018725 -0.001595 0.299767
v -0.033909 -0.002562 0.299326
v -0.010683 -0.011739 0.307778
v -0.033009 -0.023814 0.314903
v -0.041051 -0.013671 0.306894
v -0.018725 -0.001595 0.299767
v -0.006552 -0.013624 0.304967
v -0.016665 -0.000870 0.294894
v -0.010683 -0.011739 0.307778
v -0.033909 -0.002562 0.299326
v -0.017825 -0.022848 0.315346
v -0.035760 -0.002086 0.294339
v -0.015534 -0.027595 0.314483
v -0.044741 -0.016055 0.303855
v -0.034628 -0.028809 0.313928
v -0.041051 -0.013671 0.306894
v -0.033009 -0.023814 0.314903
v -0.304283 -0.280962 0.075507
v -0.309828 -0.294014 0.053281
v -0.307766 -0.293943 0.068362
v -0.302862 -0.268050 0.067570
v -0.308408 -0.281103 0.045344
v -0.304924 -0.268120 0.052489
v -0.302862 -0.268050 0.067570
v -0.304283 -0.280962 0.075507
v -0.300222 -0.281626 0.078911
v -0.307766 -0.293943 0.068362
v -0.298434 -0.265391 0.068931
v -0.304601 -0.297951 0.069926
v -0.304924 -0.268120 0.052489
v -0.309828 -0.294014 0.053281
v -0.301028 -0.265480 0.049966
v -0.307195 -0.298039 0.050961
v -0.308408 -0.281103 0.045344
v -0.305407 -0.281805 0.040981
v -0.178278 0.361400 -0.248454
v -0.001792 0.341210 -0.236071
v -0.001941 0.352196 -0.254948
v 0.174664 0.271587 -0.254836
v 0.174873 0.260667 -0.236125
v 0.233517 0.255743 -0.231713
v -0.001781 0.341229 -0.273861
v 0.174770 0.260796 -0.273777
v 0.248524 0.245918 -0.264414
v -0.178117 0.372363 -0.267321
v -0.178024 0.361414 -0.286261
v -0.275367 0.334640 -0.243208
v 0.246188 0.260381 -0.248590
v 0.279206 0.200152 -0.212122
v -0.261256 0.345525 -0.230268
v -0.247545 0.334196 -0.217317
v -0.289582 0.295704 -0.061787
v -0.270590 0.305751 -0.057699
v -0.251806 0.295872 -0.062716
v -0.282358 0.211913 0.058844
v -0.244762 0.212285 0.057989
v -0.263550 0.221902 0.062936
v -0.273988 0.184774 0.179263
v -0.236218 0.185165 0.178416
v -0.255102 0.194867 0.183469
v -0.254223 0.167385 0.209843
v -0.261014 0.163743 0.208347
v -0.247431 0.163884 0.208043
v 0.278621 0.217796 -0.199142
v 0.288217 0.124873 -0.091897
v 0.260053 0.223227 -0.189102
v 0.287694 0.142493 -0.079062
v 0.285013 0.059200 0.042240
v 0.268586 0.150755 -0.072713
v 0.283706 0.075545 0.056577
v 0.264315 0.081179 0.064923
v 0.319459 -0.077287 0.188984
v 0.316130 -0.091109 0.173122
v 0.303755 -0.064186 0.194982
v 0.263586 -0.139988 0.234213
v 0.257170 -0.110769 0.255540
v 0.269289 -0.127074 0.250353
v 0.174828 -0.177038 0.290152
v 0.166483 -0.157216 0.294205
v 0.166543 -0.189198 0.273853
v -0.066987 -0.293858 0.304560
v -0.059186 -0.311980 0.294957
v -0.056148 -0.312286 0.273282
v -0.231645 -0.301104 0.269320
v -0.233623 -0.284079 0.283073
v -0.148985 -0.186659 -0.301543
v -0.153857 -0.181420 -0.296678
v -0.152696 -0.183232 -0.300834
v -0.145991 -0.188933 -0.297051
v -0.152292 -0.182515 -0.292328
v -0.148224 -0.186678 -0.291246
v -0.263361 -0.052321 0.231449
v -0.254855 -0.055477 0.229323
v -0.261360 -0.047350 0.232089
v -0.260096 -0.056374 0.230067
v -0.252845 -0.050534 0.229953
v -0.256088 -0.046461 0.231338
v -0.298481 -0.268171 -0.146466
v -0.308123 -0.286590 -0.130253
v -0.303086 -0.272417 -0.132593
v -0.308556 -0.296515 -0.141787
v -0.298914 -0.278095 -0.158000
v -0.303952 -0.292266 -0.155660
v -0.298914 -0.278095 -0.158000
v -0.298481 -0.268171 -0.146466
v -0.293808 -0.265590 -0.146275
v -0.303086 -0.272417 -0.132593
v -0.294353 -0.278069 -0.160779
v -0.299599 -0.270932 -0.128830
v -0.303952 -0.292266 -0.155660
v -0.308123 -0.286590 -0.130253
v -0.300689 -0.295891 -0.157837
v -0.305934 -0.288752 -0.125888
v -0.308556 -0.296515 -0.141787
v -0.306480 -0.301232 -0.140392
v -0.188415 -0.514911 -0.293052
v -0.166800 -0.527963 -0.300641
v -0.181626 -0.527892 -0.297185
v -0.180381 -0.501999 -0.292377
v -0.158767 -0.515051 -0.299963
v -0.165557 -0.502070 -0.295832
v -0.180381 -0.501999 -0.292377
v -0.188415 -0.514911 -0.293052
v -0.191427 -0.515576 -0.288692
v -0.181626 -0.527892 -0.297185
v -0.181323 -0.499340 -0.287841
v -0.182889 -0.531901 -0.293889
v -0.165557 -0.502070 -0.295832
v -0.166800 -0.527963 -0.300641
v -0.162682 -0.499429 -0.292186
v -0.164246 -0.531990 -0.298234
v -0.158767 -0.515051 -0.299963
v -0.154143 -0.515754 -0.297382
v 0.245272 -0.050039 0.184602
v 0.257567 -0.170813 -0.051720
v 0.263977 -0.059936 0.189424
v 0.283042 -0.050011 0.185116
v 0.190369 -0.016663 0.268561
v 0.209596 -0.005424 0.299055
v 0.200043 -0.021383 0.287434
v 0.050079 0.003769 0.306409
v 0.048012 -0.011627 0.291072
v 0.040976 -0.006492 0.271308
v -0.183049 -0.117077 0.289840
v -0.177036 -0.132472 0.275428
v -0.174089 -0.127165 0.254466
v -0.257495 -0.154963 0.197110
v -0.275642 -0.145409 0.203937
v -0.242790 -0.143586 0.186573
v -0.291930 -0.179926 0.069594
v -0.270992 -0.184076 0.071178
v -0.256635 -0.169473 0.065224
v -0.278248 -0.247741 -0.040276
v -0.245394 -0.232809 -0.051174
v -0.256507 -0.247938 -0.040149
v -0.248260 -0.309781 -0.149004
v -0.262738 -0.323070 -0.141065
v -0.283469 -0.319351 -0.144240
v -0.226755 -0.359531 -0.234936
v -0.239533 -0.376935 -0.237401
v -0.259286 -0.374707 -0.246787
v -0.198332 -0.381303 -0.287772
v -0.192868 -0.382793 -0.266630
v -0.189944 -0.364803 -0.254950
v -0.120026 -0.371504 -0.285528
v -0.122635 -0.375228 -0.264179
v -0.128752 -0.359001 -0.250991
v 0.012775 -0.328965 -0.273091
v 0.004016 -0.310989 -0.241039
v 0.011587 -0.328687 -0.251305
v 0.040962 -0.303070 -0.257653
v 0.041323 -0.303156 -0.264184
v 0.038696 -0.297760 -0.254578
v 0.262051 0.465484 -0.203241
v 0.271695 0.483903 -0.187029
v 0.266656 0.469731 -0.189369
v 0.272128 0.493827 -0.198564
v 0.262484 0.475408 -0.214776
v 0.267523 0.489580 -0.212435
v 0.017257 0.378491 0.300514
v 0.013240 0.402889 0.309666
v 0.002393 0.377170 0.297512
v 0.022681 0.391351 0.306590
v -0.001625 0.401567 0.306664
v -0.007048 0.388709 0.300587
v 0.262484 0.475408 -0.214776
v 0.257380 0.462903 -0.203051
v 0.257924 0.475382 -0.217554
v 0.262051 0.465484 -0.203241
v 0.267523 0.489580 -0.212435
v 0.266656 0.469731 -0.189369
v 0.264259 0.493205 -0.214612
v 0.263169 0.468245 -0.185605
v 0.272128 0.493827 -0.198564
v 0.271695 0.483903 -0.187029
v 0.270050 0.498545 -0.197168
v 0.269506 0.486065 -0.182664
v 0.013240 0.402889 0.309666
v 0.027061 0.393030 0.304036
v 0.015189 0.407540 0.307904
v -0.003503 0.405878 0.304129
v 0.022681 0.391351 0.306590
v -0.001625 0.401567 0.306664
v 0.020241 0.376860 0.296395
v -0.010323 0.389707 0.296488
v 0.017257 0.378491 0.300514
v -0.007048 0.388709 0.300587
v 0.001549 0.375197 0.292620
v 0.002393 0.377170 0.297512
v -0.254223 0.153159 0.203282
v -0.261014 0.163743 0.208347
v -0.260996 0.156633 0.205067
v -0.254223 0.167385 0.209843
v -0.247449 0.156772 0.204762
v -0.247431 0.163884 0.208043
v 0.273735 -0.321070 0.066209
v 0.266189 -0.305093 0.067479
v 0.265339 -0.315257 0.066672
v 0.275454 -0.300748 0.067822
v 0.282986 -0.316736 0.066551
v 0.283854 -0.306581 0.067357
v -0.020797 -0.217301 -0.249104
v 0.155381 -0.237466 -0.258085
v 0.155533 -0.226476 -0.239222
v -0.020974 -0.206317 -0.230221
v -0.197400 -0.136689 -0.248985
v -0.197610 -0.125774 -0.230270
v -0.020931 -0.206328 -0.268010
v 0.155306 -0.226525 -0.277039
v 0.248688 -0.199748 -0.247273
v -0.197506 -0.125896 -0.267922
v -0.256254 -0.120846 -0.225856
v -0.271260 -0.111021 -0.258557
v 0.238499 -0.210617 -0.231082
v 0.276567 -0.160798 -0.055789
v 0.228738 -0.199371 -0.215009
v -0.268925 -0.125484 -0.242732
v -0.301951 -0.065271 -0.206258
v 0.238816 -0.160996 -0.056877
v -0.301353 -0.082909 -0.193280
v -0.310984 0.009928 -0.086110
v -0.282791 -0.088335 -0.183249
v -0.310387 -0.007627 -0.073073
v -0.307741 0.024958 0.047964
v -0.291335 -0.015781 -0.066691
v -0.306450 0.008788 0.062645
v -0.338838 0.102169 0.178870
v -0.287062 0.003251 0.071155
v -0.342198 0.088466 0.194882
v -0.326495 0.075401 0.200999
v -0.286303 0.151060 0.240047
v -0.279911 0.121832 0.261397
v -0.292028 0.138164 0.256196
v -0.196966 0.188494 0.296151
v -0.188714 0.168903 0.300353
v 0.038560 -0.015586 -0.309245
v -0.136074 -0.156469 -0.312091
v 0.028152 -0.006305 -0.292224
v -0.139812 -0.150719 -0.298446
v -0.153857 -0.181420 -0.296678
v -0.152696 -0.183232 -0.300834
v -0.148985 -0.186659 -0.301543
v -0.123800 -0.167341 -0.314883
v 0.160661 0.050824 -0.294621
v 0.056523 -0.027710 -0.305613
v 0.168094 0.037823 -0.310263
v 0.173910 0.017480 -0.305466
v 0.259510 0.076932 -0.250383
v 0.281731 0.048304 -0.261441
v 0.275869 0.069393 -0.262847
v 0.325882 0.095614 -0.122722
v 0.310021 0.110243 -0.126415
v 0.292374 0.110543 -0.113575
v 0.322587 0.175460 0.001175
v 0.308441 0.187425 -0.010211
v 0.287993 0.180496 -0.012918
v 0.295936 0.324475 0.122771
v 0.317082 0.321669 0.127033
v 0.323247 0.309001 0.143734
v 0.268692 0.420513 0.214071
v 0.286626 0.426800 0.225145
v 0.292093 0.416288 0.243713
v 0.169271 0.478547 0.261881
v 0.171097 0.462522 0.246737
v 0.165065 0.472977 0.282933
v 0.004377 0.406242 0.250742
v -0.003343 0.418713 0.266194
v -0.004959 0.411773 0.286933
v -0.045724 0.329105 0.259602
v -0.030513 0.321251 0.246468
v -0.044804 0.330780 0.280044
v -0.044164 0.253342 0.258290
v -0.025909 0.253873 0.245025
v -0.042305 0.249294 0.280773
v -0.052800 0.135994 0.243743
v -0.069862 0.136761 0.277367
v -0.070749 0.133534 0.256085
v -0.054175 0.102179 0.270950
v -0.054451 0.101171 0.264306
v -0.048848 0.101939 0.260451
v 0.190098 0.274103 0.265258
v 0.046609 0.288054 0.276790
v 0.188320 0.290862 0.251940
v 0.197516 0.309791 0.256588
v 0.245434 0.294921 0.176577
v 0.246520 0.257477 0.177228
v 0.235759 0.275993 0.173756
v 0.240173 0.309096 0.067530
v 0.244594 0.274096 0.054209
v 0.231582 0.290222 0.061076
v 0.239092 0.445401 -0.141989
v 0.251525 0.460081 -0.132098
v 0.247028 0.433542 -0.158348
v 0.198984 0.525836 -0.233185
v 0.211801 0.544230 -0.232500
v 0.200593 0.511922 -0.248808
v 0.049618 0.522753 -0.253496
v 0.064103 0.488067 -0.253426
v 0.056180 0.505456 -0.242676
v -0.073510 0.451551 -0.287117
v -0.085008 0.468044 -0.280529
v -0.094285 0.481072 -0.294989
v -0.187292 0.345508 -0.280061
v -0.204573 0.357222 -0.275078
v -0.218772 0.363057 -0.290534
v -0.262675 0.189414 -0.233855
v -0.244260 0.184848 -0.244256
v -0.281707 0.182256 -0.241573
v -0.258419 0.087788 -0.144130
v -0.242600 0.082123 -0.157320
v -0.278448 0.081982 -0.148333
v -0.240925 -0.010641 -0.029934
v -0.275165 -0.008509 -0.014317
v -0.254070 -0.004018 -0.013716
v -0.240930 -0.046239 0.080134
v -0.254117 -0.031018 0.083911
v -0.275252 -0.034005 0.086988
v -0.244146 -0.043763 0.194226
v -0.255286 -0.029788 0.198959
v -0.273362 -0.032827 0.201513
v -0.261360 -0.047350 0.232089
v -0.256088 -0.046461 0.231338
v -0.252845 -0.050534 0.229953
v -0.211057 -0.279799 0.246083
v -0.056148 -0.312286 0.273282
v -0.220252 -0.298728 0.250730
v -0.068607 -0.276798 0.271092
v -0.212836 -0.263041 0.259402
v -0.268171 -0.283859 0.170719
v -0.269257 -0.246415 0.171370
v -0.258496 -0.264931 0.167899
v -0.262899 -0.298027 0.061668
v -0.267343 -0.263030 0.048349
v -0.254321 -0.279151 0.055212
v -0.261822 -0.434296 -0.147878
v -0.274217 -0.449003 -0.137957
v -0.269807 -0.422460 -0.164222
v -0.221850 -0.518883 -0.238595
v -0.233753 -0.536617 -0.242720
v -0.224470 -0.501060 -0.249867
v -0.072444 -0.546826 -0.259234
v -0.087080 -0.512071 -0.259481
v -0.079092 -0.528984 -0.248510
v 0.064187 -0.470412 -0.273621
v 0.045112 -0.440013 -0.265640
v 0.055850 -0.457083 -0.259287
v 0.150027 -0.382046 -0.257501
v 0.138777 -0.372036 -0.241926
v 0.126181 -0.354901 -0.246818
v 0.210910 -0.326533 -0.236979
v 0.212650 -0.347730 -0.235784
v 0.226002 -0.358362 -0.248723
v 0.260179 -0.328627 -0.179996
v 0.276343 -0.341172 -0.186337
v 0.263034 -0.307629 -0.177308
v 0.272705 -0.330303 0.036489
v 0.254862 -0.317892 0.037536
v 0.256692 -0.296259 0.039322
v 0.266189 -0.305093 0.067479
v 0.265339 -0.315257 0.066672
v 0.273735 -0.321070 0.066209
v -0.001461 0.319388 -0.273776
v -0.178291 0.328805 -0.267112
v -0.178078 0.339496 -0.286111
v -0.001294 0.308575 -0.254964
v 0.175122 0.238907 -0.273848
v 0.175288 0.227963 -0.254991
v 0.225580 0.222904 -0.246130
v 0.174770 0.260796 -0.273777
v -0.001781 0.341229 -0.273861
v -0.178024 0.361414 -0.286261
v -0.275367 0.334640 -0.243208
v -0.275429 0.312652 -0.243009
v -0.261521 0.301815 -0.229667
v -0.289582 0.295704 -0.061787
v -0.289578 0.275821 -0.070931
v -0.270761 0.266203 -0.075914
v -0.282358 0.211913 0.058844
v -0.263575 0.182359 0.044724
v -0.282458 0.192120 0.049732
v -0.255109 0.155362 0.164997
v -0.273964 0.165024 0.170024
v -0.254223 0.153159 0.203282
v -0.273988 0.184774 0.179263
v -0.260996 0.156633 0.205067
v -0.261014 0.163743 0.208347
v 0.165065 0.472977 0.282933
v -0.004959 0.411773 0.286933
v 0.162251 0.451627 0.288292
v 0.292093 0.416288 0.243713
v 0.000656 0.392689 0.292041
v -0.044804 0.330780 0.280044
v 0.279566 0.399658 0.250796
v 0.323247 0.309001 0.143734
v 0.163718 0.436672 0.272951
v 0.261721 0.393984 0.239457
v 0.008079 0.380120 0.276793
v 0.308093 0.299192 0.156112
v 0.322587 0.175460 0.001175
v 0.286945 0.302119 0.151717
v -0.028966 0.324873 0.286597
v -0.014959 0.315263 0.272937
v -0.042305 0.249294 0.280773
v -0.022583 0.247027 0.289394
v -0.004984 0.247286 0.275926
v -0.033002 0.145710 0.274801
v -0.050951 0.142698 0.286780
v -0.042667 0.104973 0.270150
v -0.069862 0.136761 0.277367
v -0.048270 0.104032 0.273889
v -0.054175 0.102179 0.270950
v 0.316240 0.156458 0.009904
v 0.295673 0.149505 0.007180
v 0.305988 0.081820 -0.093308
v 0.323821 0.081306 -0.106118
v 0.325882 0.095614 -0.122722
v 0.254835 0.042960 -0.235297
v 0.271113 0.035008 -0.247543
v 0.281731 0.048304 -0.261441
v 0.172248 0.010370 -0.285122
v 0.164846 0.023349 -0.269772
v 0.173910 0.017480 -0.305466
v 0.063990 -0.030479 -0.285473
v 0.053808 -0.021511 -0.268753
v 0.056523 -0.027710 -0.305613
v -0.113372 -0.174516 -0.300393
v -0.120297 -0.167113 -0.281644
v -0.123800 -0.167341 -0.314883
v -0.145991 -0.188933 -0.297051
v -0.148224 -0.186678 -0.291246
v -0.148985 -0.186659 -0.301543
v 0.155555 -0.193904 -0.257873
v -0.021249 -0.184498 -0.267918
v -0.021444 -0.173679 -0.249118
v -0.197859 -0.104010 -0.267990
v -0.198025 -0.093066 -0.249132
v -0.248317 -0.088007 -0.240273
v -0.197506 -0.125896 -0.267922
v -0.260870 -0.092116 -0.257312
v -0.271260 -0.111021 -0.258557
v -0.020931 -0.206328 -0.268010
v -0.301951 -0.065271 -0.206258
v -0.283868 -0.053263 -0.209047
v -0.265492 -0.058850 -0.198880
v 0.155361 -0.204599 -0.276895
v 0.155306 -0.226525 -0.277039
v 0.248688 -0.199748 -0.247273
v -0.292316 0.019253 -0.092676
v -0.273196 0.010920 -0.086165
v -0.310984 0.009928 -0.086110
v -0.289917 0.035533 0.041751
v -0.270548 0.030129 0.050107
v -0.307741 0.024958 0.047964
v -0.319901 0.102565 0.169112
v -0.338838 0.102169 0.178870
v -0.304669 0.089617 0.175324
v -0.286303 0.151060 0.240047
v -0.268620 0.147579 0.229343
v -0.256727 0.131487 0.234610
v -0.189333 0.200260 0.279826
v -0.173701 0.192094 0.267371
v -0.165167 0.172417 0.271721
v -0.087518 0.262163 0.308272
v -0.071034 0.230368 0.303119
v -0.077551 0.249419 0.296567
v 0.033508 0.323598 0.279604
v 0.038824 0.306218 0.267251
v 0.261131 0.188159 -0.214903
v 0.238132 0.227012 -0.263169
v 0.279206 0.200152 -0.212122
v 0.248524 0.245918 -0.264414
v 0.242765 0.193736 -0.204746
v 0.269587 0.115561 -0.098345
v 0.288217 0.124873 -0.091897
v 0.250513 0.123866 -0.091956
v 0.267161 0.048519 0.036254
v 0.285013 0.059200 0.042240
v 0.247828 0.054027 0.044464
v 0.316130 -0.091109 0.173122
v 0.297177 -0.091638 0.163431
v 0.281848 -0.078495 0.169611
v 0.263586 -0.139988 0.234213
v 0.245894 -0.136513 0.223480
v 0.234000 -0.120433 0.228740
v 0.166543 -0.189198 0.273853
v 0.150054 -0.181625 0.261790
v 0.141787 -0.162062 0.265752
v -0.060885 -0.294585 0.261432
v -0.042667 0.104973 0.270150
v -0.048848 0.101939 0.260451
v -0.042856 0.103970 0.263390
v -0.054451 0.101171 0.264306
v -0.048270 0.104032 0.273889
v -0.054175 0.102179 0.270950
v -0.020974 -0.206317 -0.230221
v 0.155533 -0.226476 -0.239222
v 0.155630 -0.204782 -0.239297
v 0.228738 -0.199371 -0.215009
v -0.021310 -0.184493 -0.230307
v -0.197610 -0.125774 -0.230270
v 0.229078 -0.178115 -0.214712
v 0.238816 -0.160996 -0.056877
v -0.021444 -0.173679 -0.249118
v 0.155555 -0.193904 -0.257873
v 0.238909 -0.166923 -0.230607
v 0.257717 -0.131351 -0.070163
v 0.238972 -0.141343 -0.066070
v 0.263992 -0.020384 0.171153
v -0.197875 -0.104024 -0.230237
v -0.198025 -0.093066 -0.249132
v -0.248317 -0.088007 -0.240273
v -0.246194 -0.102099 -0.225041
v -0.256254 -0.120846 -0.225856
v -0.265492 -0.058850 -0.198880
v -0.282791 -0.088335 -0.183249
v -0.265002 -0.076302 -0.186034
v -0.273196 0.010920 -0.086165
v -0.272817 -0.006611 -0.073166
v -0.291335 -0.015781 -0.066691
v -0.270548 0.030129 0.050107
v -0.269069 0.013972 0.064849
v -0.287062 0.003251 0.071155
v -0.304669 0.089617 0.175324
v -0.307727 0.076180 0.191047
v -0.326495 0.075401 0.200999
v -0.256727 0.131487 0.234610
v -0.279911 0.121832 0.261397
v -0.262248 0.118618 0.250501
v -0.165167 0.172417 0.271721
v -0.188714 0.168903 0.300353
v -0.172588 0.161027 0.288347
v -0.071034 0.230368 0.303119
v -0.083338 0.236801 0.334136
v -0.073652 0.223717 0.322061
v 0.041323 -0.303156 -0.264184
v 0.037157 -0.292639 -0.264553
v 0.036796 -0.292547 -0.258033
v 0.039419 -0.297938 -0.267630
v 0.040962 -0.303070 -0.257653
v 0.038696 -0.297760 -0.254578
v 0.019783 0.389290 0.278001
v 0.020241 0.376860 0.296395
v 0.001549 0.375197 0.292620
v 0.027061 0.393030 0.304036
v 0.006940 0.388148 0.275409
v 0.024469 0.400400 0.283252
v -0.010323 0.389707 0.296488
v 0.016312 0.410368 0.285909
v -0.001217 0.398116 0.278064
v 0.015189 0.407540 0.307904
v 0.003469 0.409228 0.283315
v -0.003503 0.405878 0.304129
v 0.243449 0.478449 -0.185470
v 0.263169 0.468245 -0.185605
v 0.269506 0.486065 -0.182664
v 0.257380 0.462903 -0.203051
v 0.247802 0.490694 -0.183449
v 0.239470 0.474780 -0.197456
v 0.248177 0.499269 -0.193414
v 0.239845 0.483354 -0.207422
v 0.270050 0.498545 -0.197168
v 0.257924 0.475382 -0.217554
v 0.264259 0.493205 -0.214612
v 0.244199 0.495599 -0.205400
v -0.152292 -0.182515 -0.292328
v -0.120297 -0.167113 -0.281644
v -0.133979 -0.154144 -0.284351
v -0.148224 -0.186678 -0.291246
v -0.153857 -0.181420 -0.296678
v -0.139812 -0.150719 -0.298446
v 0.028152 -0.006305 -0.292224
v 0.035921 -0.009441 -0.271885
v 0.053808 -0.021511 -0.268753
v 0.160661 0.050824 -0.294621
v 0.159060 0.043463 -0.274404
v 0.164846 0.023349 -0.269772
v 0.259510 0.076932 -0.250383
v 0.249243 0.063598 -0.236814
v 0.254835 0.042960 -0.235297
v 0.292374 0.110543 -0.113575
v 0.305988 0.081820 -0.093308
v 0.290377 0.096494 -0.097105
v 0.287993 0.180496 -0.012918
v 0.295673 0.149505 0.007180
v 0.281577 0.161568 -0.004256
v 0.280935 0.314724 0.135078
v 0.295936 0.324475 0.122771
v 0.286945 0.302119 0.151717
v 0.256563 0.404403 0.221506
v 0.268692 0.420513 0.214071
v 0.261721 0.393984 0.239457
v 0.168344 0.441877 0.253039
v 0.171097 0.462522 0.246737
v 0.163718 0.436672 0.272951
v 0.004377 0.406242 0.250742
v 0.009949 0.387080 0.256046
v 0.008079 0.380120 0.276793
v -0.030513 0.321251 0.246468
v -0.015870 0.313534 0.253807
v -0.014959 0.315263 0.272937
v -0.025909 0.253873 0.245025
v -0.006267 0.250591 0.253744
v -0.004984 0.247286 0.275926
v -0.033002 0.145710 0.274801
v -0.033611 0.142496 0.253151
v -0.042667 0.104973 0.270150
v -0.052800 0.135994 0.243743
v -0.042856 0.103970 0.263390
v -0.048848 0.101939 0.260451
v 0.248812 -0.177755 -0.247098
v 0.238909 -0.166923 -0.230607
v 0.276590 -0.140939 -0.065052
v 0.257717 -0.131351 -0.070163
v 0.276567 -0.160798 -0.055789
v 0.263992 -0.020384 0.171153
v 0.283042 -0.030082 0.175920
v 0.283042 -0.050011 0.185116
v 0.199382 0.019484 0.272295
v 0.209290 0.015166 0.291453
v 0.209596 -0.005424 0.299055
v 0.050079 0.003769 0.306409
v 0.045056 0.024595 0.301615
v 0.038018 0.029675 0.281487
v -0.186006 -0.096400 0.283050
v -0.183049 -0.117077 0.289840
v -0.182903 -0.091438 0.261922
v -0.278742 -0.124355 0.200042
v -0.275642 -0.145409 0.203937
v -0.263669 -0.113149 0.189358
v -0.291930 -0.179926 0.069594
v -0.298580 -0.160904 0.061965
v -0.284077 -0.146125 0.055955
v -0.277874 -0.217254 -0.062490
v -0.288951 -0.232426 -0.051430
v -0.278248 -0.247741 -0.040276
v -0.274897 -0.289003 -0.163343
v -0.283469 -0.319351 -0.144240
v -0.289568 -0.302233 -0.155438
v -0.252703 -0.337545 -0.250817
v -0.265891 -0.354872 -0.253591
v -0.259286 -0.374707 -0.246787
v -0.200852 -0.361535 -0.296926
v -0.197887 -0.343562 -0.284800
v -0.198332 -0.381303 -0.287772
v -0.123572 -0.351516 -0.293581
v -0.129699 -0.335402 -0.280300
v -0.120026 -0.371504 -0.285528
v -0.001163 -0.293900 -0.274291
v 0.012775 -0.328965 -0.273091
v 0.006393 -0.311558 -0.284570
v 0.037157 -0.292639 -0.264553
v 0.041323 -0.303156 -0.264184
v 0.039419 -0.297938 -0.267630
v 0.245256 -0.030502 0.175570
v 0.245272 -0.050039 0.184602
v 0.199382 0.019484 0.272295
v 0.190024 0.003291 0.261141
v 0.190369 -0.016663 0.268561
v 0.038018 0.029675 0.281487
v 0.040976 -0.006492 0.271308
v 0.035971 0.014031 0.266388
v -0.182903 -0.091438 0.261922
v -0.177012 -0.106848 0.247927
v -0.174089 -0.127165 0.254466
v -0.245788 -0.122989 0.182707
v -0.242790 -0.143586 0.186573
v -0.263669 -0.113149 0.189358
v -0.256635 -0.169473 0.065224
v -0.263061 -0.150480 0.057609
v -0.284077 -0.146125 0.055955
v -0.245394 -0.232809 -0.051174
v -0.277874 -0.217254 -0.062490
v -0.256065 -0.217445 -0.062357
v -0.254330 -0.292821 -0.160089
v -0.248260 -0.309781 -0.149004
v -0.274897 -0.289003 -0.163343
v -0.233223 -0.340214 -0.241457
v -0.252703 -0.337545 -0.250817
v -0.226755 -0.359531 -0.234936
v -0.197887 -0.343562 -0.284800
v -0.192426 -0.345430 -0.263889
v -0.189944 -0.364803 -0.254950
v -0.129699 -0.335402 -0.280300
v -0.132268 -0.339139 -0.259097
v -0.128752 -0.359001 -0.250991
v 0.004016 -0.310989 -0.241039
v -0.002352 -0.293611 -0.252546
v -0.001163 -0.293900 -0.274291
v 0.036796 -0.292547 -0.258033
v 0.038696 -0.297760 -0.254578
v 0.037157 -0.292639 -0.264553
v 0.048697 0.287396 0.298356
v 0.046609 0.288054 0.276790
v 0.043577 0.304490 0.310534
v 0.190098 0.274103 0.265258
v 0.201400 0.275987 0.283893
v 0.210886 0.295140 0.288930
v 0.277333 0.277414 0.186436
v 0.267435 0.258073 0.183595
v 0.246520 0.257477 0.177228
v 0.274745 0.296159 0.060411
v 0.266281 0.277037 0.053861
v 0.244594 0.274096 0.054209
v 0.247028 0.433542 -0.158348
v 0.267619 0.436316 -0.164910
v 0.280295 0.451103 -0.154949
v 0.200593 0.511922 -0.248808
v 0.215879 0.514279 -0.264208
v 0.228834 0.532352 -0.264407
v 0.059201 0.506629 -0.286021
v 0.065839 0.488923 -0.275629
v 0.064103 0.488067 -0.253426
v -0.073510 0.451551 -0.287117
v -0.071548 0.447387 -0.307383
v -0.080527 0.459754 -0.322089
v -0.183629 0.339282 -0.300400
v -0.187292 0.345508 -0.280061
v -0.197635 0.344995 -0.316302
v -0.244260 0.184848 -0.244256
v -0.244514 0.173084 -0.262429
v -0.263492 0.165612 -0.270270
v -0.246804 0.070538 -0.174864
v -0.266984 0.064620 -0.179160
v -0.242600 0.082123 -0.157320
v -0.270409 -0.026520 -0.047580
v -0.249040 -0.021937 -0.046927
v -0.240925 -0.010641 -0.029934
v -0.248991 -0.064682 0.079432
v -0.270332 -0.067733 0.082507
v -0.240930 -0.046239 0.080134
v -0.251018 -0.060739 0.192057
v -0.269040 -0.063812 0.194601
v -0.244146 -0.043763 0.194226
v -0.254855 -0.055477 0.229323
v -0.260096 -0.056374 0.230067
v -0.252845 -0.050534 0.229953
v -0.164246 -0.531990 -0.298234
v -0.174978 -0.530846 -0.273167
v -0.182889 -0.531901 -0.293889
v -0.191427 -0.515576 -0.288692
v -0.162170 -0.530908 -0.276152
v -0.180845 -0.519630 -0.269597
v -0.155228 -0.519753 -0.275567
v -0.173903 -0.508475 -0.269013
v -0.154143 -0.515754 -0.297382
v -0.181323 -0.499340 -0.287841
v -0.162682 -0.499429 -0.292186
v -0.161095 -0.508537 -0.271998
v -0.305934 -0.288752 -0.125888
v -0.279878 -0.281137 -0.128696
v -0.299599 -0.270932 -0.128830
v -0.293808 -0.265590 -0.146275
v -0.284232 -0.293382 -0.126674
v -0.275899 -0.277467 -0.140681
v -0.284606 -0.301955 -0.136639
v -0.276275 -0.286040 -0.150646
v -0.306480 -0.301232 -0.140392
v -0.294353 -0.278069 -0.160779
v -0.300689 -0.295891 -0.157837
v -0.280627 -0.298286 -0.148625
v -0.307195 -0.298039 0.050961
v -0.285017 -0.296959 0.050946
v -0.283235 -0.296898 0.063977
v -0.304601 -0.297951 0.069926
v -0.305407 -0.281805 0.040981
v -0.300222 -0.281626 0.078911
v -0.283789 -0.285803 0.044089
v -0.280226 -0.285681 0.070150
v -0.280780 -0.274588 0.050262
v -0.278998 -0.274527 0.063293
v -0.301028 -0.265480 0.049966
v -0.298434 -0.265391 0.068931
v -0.015534 -0.027595 0.314483
v -0.030515 -0.037019 0.293711
v -0.017396 -0.036184 0.294092
v -0.034628 -0.028809 0.313928
v -0.006552 -0.013624 0.304967
v -0.044741 -0.016055 0.303855
v -0.011225 -0.026587 0.287553
v -0.037464 -0.028257 0.286789
v -0.018173 -0.017823 0.280632
v -0.031293 -0.018658 0.280250
v -0.016665 -0.000870 0.294894
v -0.035760 -0.002086 0.294339
v 0.223458 0.236997 -0.230898
v 0.242765 0.193736 -0.204746
v 0.242261 0.211189 -0.191891
v 0.250513 0.123866 -0.091956
v 0.260053 0.223227 -0.189102
v 0.250023 0.141443 -0.079157
v 0.247828 0.054027 0.044464
v 0.268586 0.150755 -0.072713
v 0.246329 0.070385 0.058828
v 0.264315 0.081179 0.064923
v 0.303755 -0.064186 0.194982
v 0.285076 -0.065016 0.185154
v 0.281848 -0.078495 0.169611
v 0.257170 -0.110769 0.255540
v 0.234000 -0.120433 0.228740
v 0.239502 -0.107560 0.244641
v 0.166483 -0.157216 0.294205
v 0.149932 -0.149750 0.281910
v 0.141787 -0.162062 0.265752
v -0.066987 -0.293858 0.304560
v -0.071666 -0.276338 0.292405
v -0.068607 -0.276798 0.271092
v -0.212836 -0.263041 0.259402
v -0.224137 -0.264924 0.278036
v -0.233623 -0.284079 0.283073
v -0.300070 -0.266353 0.180578
v -0.290172 -0.247011 0.177738
v -0.269257 -0.246415 0.171370
v -0.297482 -0.285105 0.054561
v -0.289030 -0.265981 0.048007
v -0.267343 -0.263030 0.048349
v -0.269807 -0.422460 -0.164222
v -0.290383 -0.425269 -0.170761
v -0.303035 -0.440059 -0.160792
v -0.224470 -0.501060 -0.249867
v -0.239163 -0.500103 -0.266007
v -0.251397 -0.517798 -0.270618
v -0.081922 -0.530223 -0.291968
v -0.088503 -0.512621 -0.280922
v -0.087080 -0.512071 -0.259481
v 0.050830 -0.449257 -0.300766
v 0.042567 -0.436055 -0.286269
v 0.045112 -0.440013 -0.265640
v 0.136249 -0.358144 -0.283123
v 0.126181 -0.354901 -0.246818
v 0.124898 -0.347903 -0.267466
v 0.210910 -0.326533 -0.236979
v 0.222559 -0.315369 -0.251472
v 0.236110 -0.325933 -0.264822
v 0.263034 -0.307629 -0.177308
v 0.282333 -0.298640 -0.181016
v 0.298921 -0.311094 -0.187497
v 0.294333 -0.299446 0.039031
v 0.276415 -0.287008 0.040068
v 0.256692 -0.296259 0.039322
v 0.283854 -0.306581 0.067357
v 0.266189 -0.305093 0.067479
v 0.275454 -0.300748 0.067822
v -0.199600 0.328791 -0.301441
v -0.195597 0.321753 -0.322118
v -0.190802 0.340108 -0.324664
v -0.214042 0.316717 -0.321202
v -0.196305 0.341403 -0.303191
v -0.212272 0.325331 -0.300811
v -0.204452 0.353429 -0.326295
v -0.227692 0.330038 -0.322833
v -0.205683 0.350554 -0.304312
v -0.221650 0.334483 -0.301933
v -0.218356 0.347095 -0.303683
v -0.222897 0.348393 -0.325379
v -0.292949 -0.066977 -0.182590
v -0.313421 -0.068879 -0.164643
v -0.315049 -0.068832 -0.183715
v -0.313336 -0.052426 -0.193427
v -0.291831 -0.067008 -0.169486
v -0.291773 -0.055705 -0.189263
v -0.310084 -0.052518 -0.155283
v -0.289479 -0.044464 -0.182831
v -0.289539 -0.055768 -0.163055
v -0.309999 -0.036067 -0.184068
v -0.288363 -0.044497 -0.169727
v -0.308372 -0.036112 -0.164994
v 0.293563 0.161528 -0.136161
v 0.278214 0.160407 -0.113624
v 0.299938 0.161368 -0.118113
v 0.273834 0.160517 -0.126025
v 0.278311 0.149175 -0.106784
v 0.287331 0.145339 -0.144254
v 0.300081 0.145021 -0.108157
v 0.269551 0.149393 -0.131585
v 0.293848 0.128832 -0.116250
v 0.269648 0.138162 -0.124744
v 0.274029 0.138052 -0.112344
v 0.287473 0.128992 -0.134298
v -0.269534 -0.041921 0.008086
v -0.290507 -0.048959 0.006169
v -0.293521 -0.030605 0.001652
v -0.287753 -0.053995 0.024430
v -0.271605 -0.029310 0.004982
v -0.267642 -0.045381 0.020632
v -0.293779 -0.017285 0.015397
v -0.267819 -0.036229 0.030076
v -0.271782 -0.020158 0.014426
v -0.288011 -0.040675 0.038174
v -0.269890 -0.023618 0.026972
v -0.291025 -0.022319 0.033658
v -0.178365 0.339667 -0.248519
v -0.001457 0.319397 -0.236166
v -0.001792 0.341210 -0.236071
v -0.178278 0.361400 -0.248454
v 0.174873 0.260667 -0.236125
v -0.247545 0.334196 -0.217317
v 0.175138 0.238920 -0.236095
v -0.001294 0.308575 -0.254964
v 0.175288 0.227963 -0.254991
v -0.178291 0.328805 -0.267112
v 0.225580 0.222904 -0.246130
v -0.261521 0.301815 -0.229667
v 0.233517 0.255743 -0.231713
v -0.247855 0.313044 -0.216912
v -0.270761 0.266203 -0.075914
v -0.251806 0.295872 -0.062716
v -0.251990 0.276134 -0.071800
v -0.263575 0.182359 0.044724
v -0.244762 0.212285 0.057989
v -0.244683 0.192498 0.048872
v -0.255109 0.155362 0.164997
v -0.236249 0.165413 0.169178
v -0.254223 0.153159 0.203282
v -0.236218 0.185165 0.178416
v -0.247449 0.156772 0.204762
v -0.247431 0.163884 0.208043
v -0.267036 0.188103 0.085710
v -0.291804 0.183748 0.075109
v -0.270047 0.187600 0.072918
v -0.270907 0.198705 0.065924
v -0.287423 0.184478 0.093728
v -0.293056 0.199909 0.064930
v -0.284295 0.201372 0.102168
v -0.289928 0.216803 0.073369
v -0.264886 0.199708 0.091509
v -0.268757 0.210312 0.071722
v -0.265747 0.210813 0.084515
v -0.285547 0.217533 0.091989
v 0.271517 -0.178421 -0.089994
v 0.254119 -0.168645 -0.099730
v 0.251855 -0.177787 -0.108909
v 0.260029 -0.157361 -0.103005
v 0.268220 -0.191727 -0.103353
v 0.280118 -0.161998 -0.094761
v 0.255498 -0.175646 -0.121363
v 0.263673 -0.155220 -0.115459
v 0.273524 -0.188612 -0.121479
v 0.285423 -0.158882 -0.112887
v 0.282126 -0.172189 -0.126246
v 0.261407 -0.164363 -0.124638
v 0.319660 -0.052552 0.195363
v 0.322372 -0.050667 0.176509
v 0.301576 -0.063533 0.188623
v 0.323422 -0.069239 0.203952
v 0.303438 -0.062238 0.175669
v 0.304159 -0.074998 0.194525
v 0.328846 -0.065470 0.166244
v 0.308607 -0.085168 0.187472
v 0.307887 -0.072407 0.168616
v 0.329895 -0.084043 0.193687
v 0.310470 -0.083873 0.174516
v 0.332606 -0.082157 0.174833
v 0.339135 0.207507 0.037176
v 0.334114 0.219084 0.022782
v 0.317270 0.203688 0.037751
v 0.339749 0.188569 0.034458
v 0.313818 0.211642 0.027861
v 0.317690 0.190676 0.035884
v 0.310791 0.206584 0.016105
v 0.335342 0.181208 0.017348
v 0.329706 0.211722 0.005671
v 0.314662 0.185620 0.024127
v 0.330319 0.192784 0.002954
v 0.311211 0.193572 0.014238
v -0.097521 -0.140410 -0.325872
v -0.093859 -0.130590 -0.306296
v -0.088164 -0.119641 -0.310843
v -0.086512 -0.140070 -0.300902
v -0.089231 -0.124477 -0.332488
v -0.086829 -0.154210 -0.318021
v -0.075121 -0.118174 -0.309995
v -0.073469 -0.138605 -0.300054
v -0.070249 -0.122341 -0.331254
v -0.067846 -0.152075 -0.316786
v -0.059558 -0.136140 -0.323403
v -0.067775 -0.127657 -0.304600
v 0.148088 0.284928 0.283358
v 0.149950 0.281305 0.305185
v 0.130856 0.280574 0.304066
v 0.158931 0.298197 0.304597
v 0.134969 0.284426 0.282588
v 0.154259 0.296536 0.282954
v 0.120742 0.296735 0.302360
v 0.147310 0.307640 0.281780
v 0.128019 0.295531 0.281416
v 0.148818 0.314360 0.302890
v 0.134190 0.307138 0.281012
v 0.129724 0.313629 0.301772
v 0.234585 0.063352 -0.269920
v 0.253316 0.080694 -0.279575
v 0.237564 0.074798 -0.288713
v 0.245410 0.067403 -0.263641
v 0.234170 0.051322 -0.275217
v 0.255818 0.059424 -0.262661
v 0.236960 0.057288 -0.296421
v 0.268465 0.069079 -0.278148
v 0.244578 0.043341 -0.274235
v 0.255401 0.047392 -0.267958
v 0.252108 0.045673 -0.294994
v 0.267861 0.051569 -0.285856
v -0.261079 0.124862 0.261602
v -0.263050 0.118962 0.282917
v -0.281657 0.118701 0.278436
v -0.273865 0.124683 0.258523
v -0.254932 0.136333 0.263498
v -0.291319 0.135137 0.276715
v -0.254102 0.135657 0.285676
v -0.280502 0.135976 0.257339
v -0.263763 0.152092 0.283955
v -0.274356 0.147447 0.259236
v -0.261571 0.147626 0.262314
v -0.282371 0.151832 0.279473
v 0.077322 0.304216 -0.259486
v 0.095237 0.319208 -0.273598
v 0.076253 0.318962 -0.276052
v 0.067965 0.304285 -0.285123
v 0.090365 0.304383 -0.257801
v 0.071627 0.294131 -0.265719
v 0.105928 0.304774 -0.280216
v 0.078974 0.284215 -0.270265
v 0.097711 0.294467 -0.262347
v 0.078658 0.289853 -0.291740
v 0.092015 0.284382 -0.268578
v 0.097640 0.290098 -0.289285
v 0.002833 -0.269179 0.288089
v 0.015951 -0.268277 0.287843
v 0.000977 -0.280697 0.306982
v 0.020070 -0.279384 0.306624
v -0.009562 -0.265572 0.312132
v 0.028624 -0.262944 0.311417
v -0.004408 -0.258786 0.291628
v 0.021828 -0.256981 0.291135
v 0.001469 -0.247492 0.294922
v 0.014587 -0.246589 0.294676
v -0.001008 -0.249132 0.316926
v 0.018085 -0.247818 0.316568
v 0.240197 -0.360626 -0.268385
v 0.230547 -0.350029 -0.251424
v 0.219545 -0.346382 -0.257641
v 0.240059 -0.341229 -0.249187
v 0.224186 -0.355318 -0.277433
v 0.254045 -0.347818 -0.265126
v 0.218058 -0.333935 -0.261620
v 0.238573 -0.328782 -0.253164
v 0.222023 -0.337202 -0.283222
v 0.251880 -0.329702 -0.270917
v 0.227573 -0.325134 -0.259381
v 0.235869 -0.324394 -0.279965
v 0.271697 0.423723 0.236134
v 0.287196 0.428613 0.258058
v 0.284341 0.440499 0.243330
v 0.273659 0.415557 0.246254
v 0.277862 0.421631 0.224706
v 0.281785 0.405297 0.244946
v 0.293312 0.437454 0.226697
v 0.299022 0.413681 0.256154
v 0.285987 0.411374 0.223398
v 0.287948 0.403205 0.233517
v 0.305137 0.422524 0.224793
v 0.307992 0.410637 0.239523
vn 0.7644 0.5660 0.3086
vn 0.7644 0.5660 0.3087
vn 0.7644 0.5661 0.3085
vn 0.7645 0.5660 0.3087
vn 0.7643 0.5662 0.3087
vn 0.1413 0.9453 0.2941
vn 0.4595 0.8373 -0.2964
vn 0.4596 0.8372 -0.2964
vn 0.8794 0.3075 -0.3634
vn 0.8793 0.3074 -0.3637
vn 0.2426 0.5235 0.8168
vn 0.9806 -0.1144 0.1593
vn 0.2426 0.5234 0.8168
vn 0.9805 -0.1145 0.1595
vn 0.6621 -0.0062 0.7494
vn 0.6621 -0.0061 0.7494
vn -0.0425 -0.9918 -0.1201
vn -0.5282 -0.8357 0.1506
vn 0.0464 -0.9989 -0.0087
vn -0.8086 -0.5375 0.2395
vn -0.8504 -0.4896 0.1925
vn -0.4781 -0.8127 0.3331
vn 0.0699 -0.9266 0.3695
vn -0.1119 -0.8133 0.5709
vn -0.6278 -0.6782 0.3821
vn -0.9064 -0.4144 0.0822
vn -0.1656 -0.9484 0.2706
vn -0.4801 -0.8529 -0.2051
vn -0.6459 -0.5684 -0.5097
vn -0.0063 -0.4810 -0.8767
vn 0.1509 -0.8499 -0.5049
vn 0.2184 -0.9751 -0.0390
vn 0.6139 -0.7698 -0.1748
vn 0.4858 -0.5927 -0.6424
vn 0.2339 -0.2364 -0.9431
vn 0.5369 -0.7896 -0.2970
vn 0.4354 -0.4663 -0.7701
vn 0.2555 -0.1017 -0.9614
vn 0.3814 -0.8860 -0.2636
vn 0.5484 -0.0480 -0.8349
vn 0.5338 -0.4924 -0.6875
vn 0.4389 -0.8965 -0.0604
vn 0.8264 -0.4985 -0.2618
vn 0.9620 -0.0744 -0.2628
vn 0.8038 -0.5679 0.1770
vn 0.4107 -0.8996 0.1485
vn 0.9788 -0.1125 0.1711
vn 0.7609 -0.5591 0.3294
vn 0.3999 -0.8789 0.2598
vn 0.9411 -0.1075 0.3205
vn 0.4197 -0.2304 -0.8779
vn 0.4195 -0.2306 -0.8780
vn 0.4198 -0.2304 -0.8779
vn 0.4197 -0.2305 -0.8779
vn 0.2312 0.4736 -0.8498
vn -0.2605 0.0196 -0.9653
vn -0.2602 0.0193 -0.9654
vn -0.1831 -0.6235 -0.7600
vn 0.2308 0.4738 -0.8499
vn -0.1831 -0.6235 -0.7601
vn 0.7996 0.2852 -0.5285
vn 0.3846 -0.8122 -0.4387
vn 0.7997 0.2851 -0.5283
vn 0.8761 -0.3575 -0.3234
vn 0.8761 -0.3574 -0.3235
vn 0.0384 -0.2981 0.9538
vn 0.0384 -0.2980 0.9538
vn 0.0387 -0.2981 0.9537
vn 0.3317 0.3645 0.8701
vn 0.7057 -0.1721 0.6873
vn 0.3316 0.3642 0.8703
vn -0.3451 0.3183 0.8829
vn 0.4022 -0.7555 0.5172
vn -0.6494 -0.2657 0.7125
vn -0.2752 -0.8023 0.5298
vn -0.6494 -0.2658 0.7125
vn -0.2751 -0.8023 0.5298
vn 0.1062 0.4786 -0.8716
vn 0.1061 0.4787 -0.8716
vn 0.1060 0.4787 -0.8715
vn 0.1064 0.4785 -0.8716
vn 0.4577 -0.1613 -0.8744
vn 0.7518 0.3596 -0.5527
vn 0.7518 0.3598 -0.5526
vn 0.3726 0.8720 -0.3174
vn 0.4578 -0.1614 -0.8743
vn 0.3725 0.8720 -0.3176
vn -0.2164 -0.1701 -0.9614
vn -0.3012 0.8631 -0.4053
vn -0.3012 0.8631 -0.4054
vn -0.5955 0.3425 -0.7267
vn -0.2335 -0.0355 0.9717
vn -0.2338 -0.0353 0.9716
vn -0.2335 -0.0354 0.9717
vn -0.2339 -0.0352 0.9716
vn 0.1462 0.5665 0.8110
vn 0.4889 -0.0168 0.8722
vn 0.1714 -0.6092 0.7743
vn 0.1461 0.5665 0.8110
vn 0.1715 -0.6091 0.7743
vn -0.5142 0.5572 0.6520
vn -0.4888 -0.6185 0.6152
vn -0.5144 0.5570 0.6520
vn -0.4888 -0.6185 0.6153
vn -0.8316 -0.0353 0.5543
vn -0.8315 -0.0352 0.5544
vn 0.3610 0.3653 -0.8580
vn 0.3609 0.3654 -0.8580
vn -0.2944 0.0585 -0.9539
vn -0.2730 0.6798 -0.6807
vn -0.2729 0.6798 -0.6807
vn -0.2944 0.0584 -0.9539
vn 0.2866 0.8893 -0.3563
vn 0.2435 -0.3533 -0.9033
vn 0.2864 0.8895 -0.3560
vn 0.2436 -0.3535 -0.9032
vn 0.8239 0.4774 -0.3055
vn 0.8025 -0.1440 -0.5791
vn 0.8239 0.4773 -0.3055
vn -0.0609 0.0671 0.9959
vn -0.0608 0.0671 0.9959
vn -0.0611 0.0673 0.9959
vn -0.0610 0.0670 0.9959
vn 0.1065 -0.4281 -0.8974
vn 0.1060 -0.4279 -0.8976
vn 0.1061 -0.4279 -0.8976
vn 0.1062 -0.4280 -0.8975
vn 0.1059 -0.4279 -0.8976
vn 0.2741 0.6488 0.7099
vn 0.6328 0.0752 0.7707
vn 0.6326 0.0751 0.7709
vn 0.3140 -0.5247 0.7913
vn -0.4040 0.6223 0.6704
vn 0.3143 -0.5245 0.7913
vn -0.4040 0.6224 0.6704
vn -0.3634 -0.5504 0.7517
vn -0.7223 0.0232 0.6912
vn -0.3631 -0.5504 0.7518
vn -0.7222 0.0233 0.6913
vn -0.2165 -0.8794 -0.4240
vn -0.5955 -0.3898 -0.7024
vn -0.5955 -0.3899 -0.7024
vn -0.3015 0.1758 -0.9371
vn 0.4576 -0.8038 -0.3801
vn 0.4576 -0.8040 -0.3797
vn 0.3724 0.2514 -0.8934
vn 0.7519 -0.2383 -0.6147
vn 0.3725 0.2510 -0.8934
vn 0.7520 -0.2384 -0.6146
vn 0.9581 0.0712 -0.2774
vn 0.9581 0.0713 -0.2774
vn 0.9581 0.0714 -0.2775
vn 0.5251 0.4628 -0.7142
vn 0.6815 0.7239 -0.1076
vn 0.6815 0.7240 -0.1071
vn 0.8596 0.3132 0.4037
vn 0.5251 0.4630 -0.7141
vn 0.5468 -0.2092 -0.8107
vn 0.8816 -0.3586 0.3068
vn 0.5465 -0.2092 -0.8109
vn 0.7249 -0.6201 -0.3000
vn 0.7249 -0.6201 -0.2999
vn 0.9405 0.2969 0.1650
vn 0.9405 0.2969 0.1651
vn 0.9404 0.2970 0.1654
vn 0.8238 -0.3741 0.4259
vn 0.5941 0.1510 0.7901
vn 0.5941 0.1511 0.7901
vn 0.4606 0.7431 0.4854
vn 0.8238 -0.3742 0.4258
vn 0.4606 0.7432 0.4853
vn 0.9199 -0.3078 -0.2432
vn 0.5566 0.8103 -0.1837
vn 0.9199 -0.3075 -0.2433
vn 0.5566 0.8102 -0.1837
vn 0.7865 0.2848 -0.5481
vn 0.7865 0.2847 -0.5480
vn 0.8913 -0.4116 0.1901
vn 0.8913 -0.4113 0.1906
vn 0.8913 -0.4115 0.1903
vn 0.8913 -0.4114 0.1904
vn 0.8913 -0.4113 0.1905
vn 0.8424 -0.1917 -0.5036
vn 0.5370 -0.7741 -0.3352
vn 0.5371 -0.7741 -0.3351
vn 0.8424 -0.1916 -0.5036
vn 0.3491 -0.8848 0.3087
vn 0.9594 0.2805 -0.0294
vn 0.3491 -0.8848 0.3086
vn 0.9594 0.2804 -0.0292
vn 0.4659 -0.4127 0.7827
vn 0.7711 0.1701 0.6135
vn 0.7712 0.1697 0.6135
vn -0.9718 0.0673 0.2258
vn -0.9719 0.0675 0.2257
vn -0.9718 0.0675 0.2257
vn -0.9718 0.0674 0.2258
vn -0.6022 0.6487 0.4654
vn -0.5575 0.0752 0.8268
vn -0.5578 0.0752 0.8266
vn -0.6688 -0.5247 0.5268
vn -0.6687 -0.5244 0.5271
vn -0.7576 0.6228 -0.1954
vn -0.8241 -0.5504 -0.1338
vn -0.8241 -0.5504 -0.1337
vn -0.8686 0.0233 -0.4950
vn -0.8686 0.0232 -0.4950
vn -0.9847 -0.1342 0.1115
vn -0.9847 -0.1342 0.1116
vn -0.9847 -0.1343 0.1115
vn -0.9847 -0.1341 0.1117
vn 0.9250 -0.1915 -0.3282
vn 0.9249 -0.1916 -0.3283
vn 0.9249 -0.1918 -0.3284
vn 0.9249 -0.1919 -0.3284
vn 0.9250 -0.1916 -0.3283
vn -0.6247 -0.2776 0.7298
vn -0.6158 -0.7497 0.2422
vn -0.6160 -0.7496 0.2423
vn -0.7134 -0.5712 -0.4060
vn -0.6249 -0.2772 0.7299
vn -0.7321 0.3739 0.5694
vn -0.8203 0.0801 -0.5663
vn -0.7319 0.3741 0.5695
vn -0.8202 0.0800 -0.5665
vn -0.8297 0.5527 -0.0780
vn -0.8296 0.5528 -0.0782
vn 0.9050 -0.1466 0.3994
vn 0.6837 -0.7211 0.1124
vn 0.4577 -0.7151 -0.5284
vn 0.9050 -0.1465 0.3994
vn 0.4577 -0.7150 -0.5285
vn 0.8998 0.4338 0.0463
vn 0.4528 -0.1350 -0.8813
vn 0.8999 0.4336 0.0461
vn 0.6736 0.4394 -0.5943
vn 0.6736 0.4395 -0.5943
vn -0.9847 0.1527 0.0843
vn -0.9848 0.1523 0.0841
vn -0.9847 0.1526 0.0844
vn -0.9847 0.1526 0.0842
vn -0.6044 0.6925 0.3939
vn -0.6649 0.1104 0.7387
vn -0.7833 -0.4702 0.4066
vn -0.6044 0.6924 0.3940
vn -0.6618 0.6945 -0.2822
vn -0.8411 -0.4683 -0.2706
vn -0.8411 -0.4682 -0.2708
vn -0.7803 0.1137 -0.6149
vn -0.7805 0.1134 -0.6148
vn -0.0125 -0.1342 -0.9909
vn -0.0126 -0.1342 -0.9909
vn -0.0123 -0.1340 -0.9909
vn -0.6637 -0.2772 -0.6948
vn -0.1793 -0.7498 -0.6369
vn -0.1794 -0.7498 -0.6369
vn 0.4752 -0.5715 -0.6690
vn -0.6638 -0.2776 -0.6945
vn -0.4937 0.3739 -0.7852
vn 0.6453 0.0802 -0.7597
vn -0.4937 0.3743 -0.7850
vn 0.1609 0.5528 -0.8176
vn -0.4859 0.8536 0.1877
vn -0.5543 0.7823 0.2843
vn -0.3845 0.6165 0.6871
vn 0.0650 0.4883 0.8703
vn -0.2154 0.2510 0.9437
vn -0.0952 0.8624 0.4973
vn -0.1774 0.9832 0.0431
vn 0.0435 0.9927 -0.1123
vn 0.3775 0.8448 0.3791
vn 0.4567 0.5724 0.6810
vn 0.8086 0.5373 0.2395
vn 0.5279 0.8359 0.1505
vn -0.0464 0.9989 -0.0087
vn 0.8505 0.4894 0.1926
vn 0.4789 0.8122 0.3330
vn -0.0689 0.9268 0.3693
vn 0.0845 0.8078 0.5833
vn 0.6121 0.6829 0.3987
vn 0.9005 0.4240 0.0968
vn 0.0308 0.9513 0.3068
vn 0.4149 0.8980 -0.1465
vn 0.5201 0.6641 -0.5371
vn 0.0444 0.5702 -0.8203
vn -0.0982 0.8813 -0.4622
vn -0.1979 0.9800 -0.0204
vn -0.0640 0.3310 -0.9415
vn -0.4712 0.8632 -0.1816
vn -0.3335 0.6854 -0.6473
vn -0.3161 0.0400 -0.9479
vn -0.6747 0.3194 -0.6654
vn -0.8317 0.5010 -0.2393
vn -0.9816 0.1807 -0.0615
vn -0.8582 -0.1281 -0.4971
vn -0.5123 -0.2999 -0.8047
vn -0.9323 -0.2756 -0.2343
vn -0.6259 -0.5689 -0.5335
vn -0.9732 0.1796 0.1436
vn -0.7001 -0.6215 -0.3516
vn -0.9658 -0.2444 -0.0869
vn -0.9174 0.3729 0.1387
vn -0.7457 -0.6603 -0.0888
vn -0.9806 -0.1955 -0.0156
vn -0.9078 0.4140 0.0665
vn -0.7400 -0.6556 0.1505
vn -0.9601 -0.1535 0.2336
vn -0.9060 0.3457 0.2443
vn -0.6863 -0.6576 0.3107
vn -0.8411 0.2793 0.4632
vn -0.8739 -0.1986 0.4437
vn -0.0612 0.5881 0.8065
vn -0.0611 0.5882 0.8064
vn -0.0609 0.5884 0.8063
vn 0.2740 0.9276 0.2539
vn 0.6327 0.4748 0.6117
vn 0.2741 0.9276 0.2539
vn 0.6328 0.4750 0.6115
vn -0.4040 0.8842 0.2346
vn 0.3142 -0.0208 0.9491
vn -0.4040 0.8841 0.2346
vn 0.3142 -0.0206 0.9491
vn -0.7224 0.3888 0.5718
vn -0.3637 -0.0636 0.9293
vn -0.7225 0.3888 0.5718
vn -0.3640 -0.0636 0.9292
vn -0.9732 0.1884 0.1316
vn -0.9732 0.1884 0.1319
vn -0.9732 0.1884 0.1318
vn -0.9732 0.1884 0.1322
vn -0.5589 0.7174 0.4160
vn -0.6219 0.1416 0.7701
vn -0.6222 0.1414 0.7700
vn -0.7776 -0.4380 0.4512
vn -0.5587 0.7176 0.4159
vn -0.6511 0.7142 -0.2569
vn -0.8699 -0.4406 -0.2216
vn -0.6512 0.7141 -0.2569
vn -0.8699 -0.4406 -0.2217
vn -0.8062 0.1347 -0.5761
vn 0.0122 0.8370 0.5470
vn 0.2342 0.8411 0.4876
vn 0.2545 0.9670 0.0148
vn 0.3063 0.9507 -0.0488
vn 0.2085 0.8702 0.4465
vn 0.2300 0.8741 0.4279
vn 0.2603 0.8369 -0.4814
vn 0.2818 0.8067 -0.5195
vn 0.6307 0.6213 -0.4650
vn -0.0933 0.9954 -0.0214
vn -0.1245 0.8781 -0.4620
vn -0.5193 0.8460 -0.1211
vn 0.5201 0.8477 -0.1044
vn 0.9677 0.1963 -0.1582
vn -0.3004 0.9495 0.0909
vn 0.2877 0.8731 0.3937
vn -0.5426 0.7686 0.3390
vn -0.0396 0.9145 0.4027
vn 0.5028 0.7904 0.3499
vn -0.4968 0.7806 0.3792
vn 0.4999 0.8053 0.3187
vn -0.0025 0.9159 0.4015
vn -0.4976 0.7567 0.4239
vn 0.5008 0.7747 0.3860
vn 0.0085 0.8743 0.4854
vn 0.0090 0.6927 0.7212
vn -0.4664 0.6045 0.6459
vn 0.4822 0.6145 0.6244
vn 0.8311 0.5412 0.1281
vn 0.9991 0.0429 -0.0028
vn 0.4284 0.7932 0.4329
vn 0.8553 0.4591 0.2404
vn 0.9971 0.0537 -0.0536
vn 0.4569 0.7808 0.4262
vn 0.8255 0.4910 0.2783
vn 0.5075 0.7111 0.4866
vn 0.9241 0.0771 0.3744
vn 0.9697 -0.2414 0.0382
vn 0.5946 0.4787 0.6459
vn 0.6758 -0.6724 0.3020
vn 0.5063 0.1356 0.8516
vn 0.7031 -0.2796 0.6538
vn 0.4508 -0.5070 0.7346
vn 0.2976 -0.1340 0.9452
vn 0.5056 -0.8208 0.2659
vn 0.0064 -0.4426 0.8967
vn 0.1461 -0.8240 0.5474
vn 0.2321 -0.9695 0.0783
vn -0.3775 -0.8470 0.3742
vn -0.4568 -0.5767 0.6773
vn -0.6904 -0.7203 0.0665
vn -0.6904 -0.7203 0.0666
vn 0.1705 -0.1926 0.9664
vn 0.1706 -0.1926 0.9663
vn 0.1704 -0.1926 0.9664
vn 0.1705 -0.1927 0.9663
vn -0.9303 0.2946 -0.2186
vn -0.9303 0.2945 -0.2187
vn -0.9303 0.2946 -0.2185
vn -0.9301 0.2950 -0.2188
vn -0.9303 0.2947 -0.2185
vn -0.4773 0.4054 -0.7796
vn -0.4579 0.8486 -0.2649
vn -0.4576 0.8488 -0.2646
vn -0.6632 0.6592 0.3544
vn -0.4773 0.4054 -0.7797
vn -0.6633 0.6591 0.3545
vn -0.7021 -0.2266 -0.6751
vn -0.8883 0.0264 0.4584
vn -0.7021 -0.2266 -0.6750
vn -0.8884 0.0264 0.4583
vn -0.9075 -0.4165 -0.0556
vn -0.9076 -0.4160 -0.0560
vn -0.2224 0.1887 -0.9565
vn -0.2221 0.1884 -0.9567
vn -0.2221 0.1884 -0.9566
vn -0.2221 0.1883 -0.9567
vn -0.2223 0.1885 -0.9566
vn -0.4660 0.7177 -0.5175
vn -0.8245 0.1414 -0.5480
vn -0.8245 0.1414 -0.5479
vn -0.5215 -0.4378 -0.7324
vn -0.4663 0.7175 -0.5174
vn -0.5212 -0.4378 -0.7326
vn 0.1959 0.7141 -0.6721
vn 0.1404 -0.4409 -0.8865
vn 0.1958 0.7142 -0.6720
vn 0.1400 -0.4411 -0.8865
vn 0.4985 0.1349 -0.8563
vn 0.4985 0.1351 -0.8563
vn -0.4996 -0.8459 0.1866
vn 0.0415 -0.9486 0.3137
vn 0.0777 -0.8981 0.4330
vn 0.4862 -0.7516 0.4457
vn -0.2797 -0.9551 -0.0976
vn 0.2282 -0.6860 0.6909
vn 0.0523 -0.8892 0.4545
vn 0.1128 -0.6552 0.7470
vn 0.1901 -0.9266 0.3245
vn 0.2663 -0.9295 -0.2550
vn 0.0503 -0.7321 0.6793
vn 0.1929 -0.9291 0.3156
vn 0.4577 -0.8569 -0.2373
vn 0.0640 -0.9663 0.2492
vn -0.3005 -0.8581 0.4164
vn 0.5799 -0.8120 -0.0654
vn -0.2007 -0.9017 0.3830
vn 0.3053 -0.8833 0.3557
vn 0.7595 -0.6097 0.2267
vn -0.1138 -0.8336 0.5405
vn 0.8002 -0.4873 0.3496
vn 0.4245 -0.7494 0.5081
vn 0.7515 -0.5167 0.4103
vn 0.2818 -0.8001 0.5295
vn -0.1881 -0.8423 0.5052
vn 0.5602 -0.5237 0.6418
vn 0.1139 -0.9051 0.4096
vn -0.2085 -0.9475 0.2423
vn -0.0005 -0.9972 -0.0751
vn 0.0972 -0.9368 0.3361
vn 0.2115 -0.5471 0.8099
vn 0.2271 -0.9701 -0.0859
vn 0.1694 -0.8975 0.4073
vn 0.0669 -0.5618 0.8246
vn 0.4881 -0.8728 -0.0048
vn 0.2740 -0.4329 0.8588
vn 0.4421 -0.7484 0.4944
vn 0.6268 -0.5941 0.5042
vn 0.6618 -0.7483 0.0460
vn 0.4441 -0.3001 0.8442
vn 0.9304 -0.2940 -0.2187
vn 0.9304 -0.2941 -0.2187
vn 0.9303 -0.2943 -0.2187
vn -0.1519 -0.3695 0.9167
vn -0.1520 -0.3694 0.9168
vn -0.1521 -0.3694 0.9168
vn -0.1520 -0.3694 0.9167
vn 0.4772 -0.4057 -0.7795
vn 0.4578 -0.8487 -0.2647
vn 0.4772 -0.4058 -0.7795
vn 0.4576 -0.8489 -0.2646
vn 0.7020 0.2267 -0.6751
vn 0.6633 -0.6591 0.3543
vn 0.6634 -0.6589 0.3546
vn 0.9075 0.4163 -0.0557
vn 0.8885 -0.0265 0.4582
vn 0.9075 0.4163 -0.0560
vn 0.8884 -0.0265 0.4583
vn 0.1306 0.3027 0.9441
vn 0.5516 -0.2118 0.8068
vn 0.1305 0.3028 0.9441
vn -0.5331 0.2441 0.8101
vn 0.3097 -0.7857 0.5355
vn -0.7751 -0.3295 0.5391
vn 0.3096 -0.7857 0.5355
vn -0.7751 -0.3294 0.5392
vn -0.3543 -0.8444 0.4017
vn -0.3538 -0.8446 0.4017
vn 0.0247 -0.4187 0.9078
vn 0.0249 -0.4184 0.9079
vn 0.0248 -0.4184 0.9079
vn 0.0249 -0.4187 0.9078
vn 0.0248 -0.4186 0.9079
vn 0.0002 -0.0791 0.9969
vn 0.0005 -0.0792 0.9969
vn -0.2544 -0.9670 0.0108
vn 0.0933 -0.9955 -0.0156
vn 0.0239 -0.8461 0.5325
vn -0.2378 -0.8402 0.4874
vn -0.3063 -0.9507 -0.0497
vn -0.2085 -0.8702 0.4464
vn -0.2564 -0.8381 -0.4815
vn 0.1217 -0.8748 -0.4690
vn 0.5074 -0.8400 -0.1923
vn -0.2820 -0.8064 -0.5198
vn -0.2300 -0.8741 0.4278
vn -0.6306 -0.6214 -0.4649
vn 0.3445 -0.9357 0.0756
vn 0.5612 -0.7963 0.2258
vn -0.2945 -0.8764 0.3811
vn -0.5204 -0.8475 -0.1045
vn -0.9675 -0.1974 -0.1582
vn -0.5142 -0.8039 0.2989
vn -0.8305 -0.5421 0.1280
vn -0.9987 -0.0499 -0.0107
vn -0.4275 -0.7936 0.4330
vn -0.8726 -0.4620 0.1583
vn -0.9966 -0.0646 -0.0507
vn -0.4263 -0.8606 0.2785
vn -0.7899 -0.6078 0.0821
vn -0.9813 0.1924 0.0001
vn -0.4743 -0.8501 0.2287
vn -0.9251 -0.1565 0.3461
vn -0.6118 -0.5733 0.5450
vn -0.6756 0.6731 0.3010
vn -0.5077 -0.1320 0.8513
vn -0.7032 0.2814 0.6530
vn -0.5244 0.4661 0.7126
vn -0.3805 0.0673 0.9223
vn -0.2222 0.3808 -0.8976
vn -0.4977 0.2510 -0.8302
vn -0.4294 0.6751 -0.5999
vn -0.6885 0.5316 -0.4934
vn -0.8467 0.3644 -0.3878
vn -0.6708 0.1074 -0.7338
vn -0.3531 -0.1701 -0.9200
vn -0.1382 -0.0734 -0.9877
vn -0.1392 0.7727 -0.6193
vn 0.0601 -0.1251 -0.9903
vn 0.0591 0.3799 -0.9231
vn 0.2398 -0.1144 -0.9641
vn 0.0249 0.9054 -0.4238
vn 0.6540 0.2167 -0.7247
vn 0.4489 0.5968 -0.6651
vn 0.7691 0.5176 -0.3750
vn 0.4293 0.7980 -0.4229
vn -0.1774 0.8725 -0.4553
vn 0.8095 0.4611 -0.3634
vn 0.4137 0.6984 -0.5841
vn -0.1519 0.7670 -0.6234
vn 0.1304 0.7020 -0.7001
vn 0.6242 0.5874 -0.5151
vn 0.9169 0.3418 -0.2060
vn 0.1509 0.7159 -0.6817
vn 0.5885 0.7726 -0.2383
vn 0.7612 0.6356 0.1290
vn 0.0503 0.9840 -0.1709
vn -0.0552 0.7128 -0.6992
vn -0.0054 0.9573 0.2892
vn -0.4605 0.4971 -0.7354
vn -0.5983 0.7481 -0.2871
vn -0.7061 0.6957 0.1320
vn -0.9040 0.2070 -0.3740
vn -0.6276 0.1298 -0.7677
vn -0.9728 0.2257 0.0519
vn -0.8990 0.0898 -0.4287
vn -0.6033 0.0615 -0.7952
vn -0.9915 0.1133 0.0646
vn -0.5580 -0.0987 -0.8240
vn -0.9950 -0.0528 0.0850
vn -0.8951 -0.1631 -0.4150
vn -0.8985 -0.4271 0.1017
vn -0.7807 -0.4912 -0.3863
vn -0.4702 -0.4321 -0.7695
vn -0.4645 -0.5676 -0.6798
vn -0.0806 -0.4944 -0.8655
vn -0.5465 -0.0490 -0.8360
vn -0.4540 0.4817 -0.7496
vn -0.8553 0.4630 -0.2324
vn -0.8192 -0.5247 -0.2315
vn -0.9616 -0.0909 -0.2588
vn -0.8906 0.4151 0.1857
vn -0.8573 -0.4798 -0.1865
vn -0.9935 -0.1096 -0.0322
vn -0.9855 -0.0148 0.1691
vn -0.8068 0.3899 0.4438
vn -0.9051 -0.4124 -0.1035
vn -0.5544 -0.0538 0.8305
vn -0.5125 0.3487 0.7847
vn -0.5017 -0.6675 0.5502
vn -0.2661 0.4062 0.8742
vn -0.0093 -0.5715 0.8206
vn -0.1490 -0.0880 0.9849
vn 0.0581 -0.3498 0.9350
vn -0.2359 0.1709 0.9566
vn -0.4215 0.5108 0.7493
vn 0.3199 -0.0567 0.9457
vn -0.1754 0.2764 0.9449
vn -0.5073 0.4570 0.7306
vn -0.0366 0.4885 0.8718
vn 0.5145 0.2921 0.8062
vn -0.4655 0.5187 0.7172
vn 0.1822 0.7405 0.6469
vn 0.6246 0.5713 0.5324
vn -0.3386 0.7046 0.6236
vn 0.6932 0.6291 0.3518
vn -0.2105 0.8899 0.4046
vn 0.2996 0.8707 0.3901
vn 0.7429 0.6602 0.1105
vn 0.3523 0.9264 0.1330
vn -0.1549 0.9818 0.1095
vn 0.7884 0.6021 0.1262
vn 0.3600 0.9094 0.2082
vn -0.1226 0.9662 0.2268
vn -0.0848 0.8867 0.4545
vn 0.3871 0.8157 0.4298
vn 0.7937 0.5325 0.2941
vn 0.5457 0.0546 -0.8362
vn 0.1871 -0.4758 -0.8594
vn 0.4555 -0.4755 -0.7526
vn -0.0024 0.4503 -0.8929
vn 0.4637 0.5715 -0.6771
vn 0.8557 -0.4624 -0.2325
vn 0.8193 0.5246 -0.2315
vn 0.9617 0.0907 -0.2588
vn 0.8913 -0.4142 0.1847
vn 0.8567 0.4808 -0.1866
vn 0.9933 0.1104 -0.0331
vn 0.9842 0.0019 0.1769
vn 0.7893 -0.4106 0.4565
vn 0.9103 0.4015 -0.1006
vn 0.5279 -0.0245 0.8489
vn 0.3853 -0.4182 0.8226
vn 0.6656 0.5634 0.4894
vn 0.2173 -0.4494 0.8665
vn -0.0132 0.4846 0.8746
vn 0.1021 -0.0626 0.9928
vn 0.3826 -0.5190 0.7643
vn -0.2360 0.2383 0.9421
vn 0.1266 -0.2014 0.9713
vn 0.2927 -0.6538 0.6978
vn 0.0122 -0.2492 0.9684
vn -0.2299 0.1024 0.9678
vn -0.5171 0.0477 0.8546
vn -0.2632 -0.4602 0.8479
vn -0.0923 -0.7962 0.5979
vn -0.7920 -0.4799 0.3773
vn -0.4527 -0.8411 0.2960
vn -0.9635 0.0712 0.2579
vn -0.5701 -0.8101 0.1369
vn -0.9025 -0.3998 0.1604
vn -0.9852 0.0839 0.1495
vn -0.9411 0.0526 0.3341
vn -0.8398 -0.4232 0.3401
vn -0.5398 -0.7984 0.2668
vn -0.0914 -0.4614 -0.8825
vn -0.0288 -0.8491 -0.5275
vn -0.1372 -0.4211 -0.8966
vn -0.2348 -0.8439 -0.4823
vn -0.1001 -0.5423 -0.8342
vn -0.1998 -0.8776 -0.4358
vn -0.2495 -0.8712 -0.4228
vn 0.0533 -0.0245 -0.9983
vn 0.0416 -0.0030 -0.9991
vn -0.1596 -0.0060 -0.9872
vn -0.7618 0.0048 -0.6478
vn -0.6787 -0.4623 -0.5707
vn -0.2808 -0.8801 -0.3828
vn -0.9999 -0.0010 -0.0136
vn -0.8936 -0.4056 -0.1924
vn -0.4919 -0.7973 -0.3497
vn -0.9982 -0.0235 0.0548
vn -0.4986 -0.8059 -0.3193
vn -0.8395 -0.5148 -0.1738
vn -0.4764 -0.8730 -0.1046
vn -0.8475 -0.5286 0.0480
vn -0.4643 -0.8848 -0.0401
vn -0.9774 -0.0890 0.1915
vn -0.7961 -0.5851 0.1547
vn -0.9387 -0.1467 0.3119
vn 0.1734 0.2011 0.9641
vn -0.1724 0.2012 0.9643
vn 0.1403 -0.1750 0.9745
vn 0.5916 -0.1056 0.7993
vn 0.0132 -0.1271 0.9918
vn -0.3873 0.0546 0.9203
vn 0.3201 -0.3949 0.8611
vn 0.8066 -0.3558 0.4720
vn 0.0552 -0.7319 0.6792
vn -0.1684 -0.7285 0.6640
vn 0.4861 -0.4906 0.7232
vn 0.4038 -0.6056 0.6857
vn 0.9224 -0.2725 0.2735
vn -0.1421 -0.7053 0.6945
vn 0.0806 -0.0480 0.9956
vn 0.6686 -0.0558 0.7415
vn -0.4108 0.0419 0.9107
vn 0.1823 -0.0050 0.9832
vn 0.6337 -0.0284 0.7730
vn 0.5769 -0.1945 0.7933
vn 0.0464 -0.1467 0.9881
vn 0.5672 -0.2248 0.7923
vn -0.3845 -0.1555 0.9099
vn 0.0924 -0.3092 0.9465
vn -0.3404 -0.3186 0.8847
vn 0.5897 -0.6020 0.5384
vn 0.1394 -0.7675 0.6257
vn 0.1685 -0.8712 0.4610
vn 0.6406 -0.7232 0.2581
vn 0.9227 -0.3850 -0.0204
vn -0.0278 -0.8933 0.4486
vn 0.4235 -0.9057 0.0186
vn 0.6541 -0.7133 -0.2520
vn 0.2886 -0.9495 0.1232
vn 0.1275 -0.7716 0.6232
vn 0.3598 -0.8760 -0.3212
vn 0.4733 -0.8666 0.1584
vn 0.4089 -0.6918 0.5951
vn 0.4810 -0.7795 -0.4013
vn 0.5320 -0.8462 -0.0312
vn 0.4568 -0.7281 0.5111
vn 0.4206 -0.7289 -0.5402
vn 0.3982 -0.9148 -0.0674
vn 0.3982 -0.7935 0.4602
vn 0.2798 -0.7658 -0.5791
vn -0.0122 0.8560 -0.5169
vn 0.0994 0.4598 -0.8824
vn 0.2389 0.8432 -0.4816
vn 0.1001 0.5421 -0.8343
vn 0.1997 0.8778 -0.4355
vn 0.2496 0.8712 -0.4228
vn -0.0532 0.0253 -0.9983
vn -0.1587 0.5744 -0.8030
vn -0.3530 0.2743 -0.8945
vn -0.0298 0.0028 -0.9996
vn -0.5460 0.5924 -0.5924
vn -0.1021 0.7935 -0.6000
vn 0.4471 0.7827 -0.4329
vn 0.0904 0.4289 -0.8988
vn 0.1177 0.0059 -0.9930
vn 0.6990 -0.0128 -0.7150
vn -0.0600 0.9346 -0.3506
vn 0.4304 0.8596 -0.2754
vn -0.5250 0.8067 -0.2714
vn 0.0093 0.9645 -0.2638
vn 0.4712 0.8574 -0.2070
vn -0.4802 0.8098 -0.3370
vn 0.0376 0.8136 -0.5802
vn -0.3043 0.8089 -0.5031
vn 0.6188 0.5723 -0.5381
vn -0.1772 0.8272 -0.5332
vn 0.1685 0.5996 -0.7823
vn 0.5008 0.1152 -0.8579
vn -0.1558 0.7328 -0.6624
vn 0.1285 0.3554 -0.9258
vn 0.3756 -0.0733 -0.9239
vn -0.2858 0.5559 -0.7806
vn 0.1969 -0.2542 -0.9469
vn -0.0953 0.1690 -0.9810
vn -0.2681 0.4374 -0.8584
vn -0.1792 0.0517 -0.9825
vn 0.1021 -0.7936 -0.5999
vn 0.1588 -0.5745 -0.8029
vn 0.5453 -0.5928 -0.5926
vn 0.3530 -0.2745 -0.8944
vn -0.4469 -0.7825 -0.4336
vn 0.0542 -0.8700 -0.4900
vn 0.5349 -0.7337 -0.4190
vn -0.4597 -0.7798 -0.4249
vn -0.0210 -0.8042 -0.5940
vn 0.5133 -0.6623 -0.5459
vn -0.5093 -0.7140 -0.4804
vn 0.3306 -0.7248 -0.6045
vn -0.0298 -0.6931 -0.7203
vn -0.6015 -0.4741 -0.6430
vn 0.1793 -0.8278 -0.5315
vn -0.1655 -0.6007 -0.7822
vn -0.4980 -0.1184 -0.8591
vn 0.1978 -0.7034 -0.6827
vn -0.0171 -0.2767 -0.9608
vn -0.2768 0.1503 -0.9491
vn 0.0992 -0.1134 -0.9886
vn 0.2427 -0.9603 0.1378
vn 0.2428 -0.9602 0.1379
vn 0.0308 0.0029 0.9995
vn -0.1178 0.0019 0.9930
vn -0.1773 0.4718 0.8637
vn -0.7097 0.0107 0.7044
vn 0.1393 0.4474 0.8834
vn 0.0366 -0.0167 0.9992
vn -0.7635 0.5656 0.3117
vn -0.9991 0.0185 0.0382
vn 0.2565 0.8373 0.4828
vn -0.1392 0.8711 0.4709
vn -0.5388 0.8235 0.1779
vn -0.5774 0.7809 -0.2381
vn -0.8966 0.4309 -0.1025
vn -0.4988 0.7435 -0.4455
vn 0.1921 0.5014 0.8436
vn 0.2507 0.8109 0.5287
vn 0.6025 0.6400 0.4770
vn 0.5562 0.1435 0.8185
vn 0.3679 -0.2903 0.8834
vn 0.9759 0.1709 0.1359
vn 0.5595 -0.5982 0.5737
vn 0.8728 -0.2629 0.4113
vn 0.9990 0.0438 0.0108
vn 0.9070 -0.3879 0.1642
vn 0.5272 -0.8024 0.2796
vn 0.9950 0.0800 0.0597
vn 0.8641 -0.4378 0.2482
vn 0.4880 -0.8001 0.3488
vn 0.9881 -0.1525 0.0196
vn 0.6709 -0.6715 0.3148
vn 0.3122 -0.8112 0.4945
vn 0.6629 -0.6791 -0.3155
vn 0.1832 -0.8325 0.5228
vn 0.4519 -0.8706 0.1945
vn 0.5478 -0.7829 -0.2951
vn 0.1529 -0.7368 0.6586
vn 0.4089 -0.8844 0.2249
vn 0.4882 -0.8513 -0.1924
vn 0.2779 -0.5598 0.7806
vn 0.4516 -0.7939 0.4072
vn 0.9282 0.3692 0.0464
vn 0.9282 0.3693 0.0462
vn 0.9282 0.3692 0.0463
vn 0.9282 0.3691 0.0461
vn 0.9283 0.3691 0.0460
vn 0.6386 -0.6303 -0.4415
vn 0.6383 -0.6303 -0.4418
vn -0.3020 -0.7139 -0.6318
vn 0.9813 0.1836 -0.0576
vn 0.9813 0.1835 -0.0575
vn -0.8991 0.0155 -0.4375
vn 0.3842 0.9130 0.1371
vn 0.3842 0.9130 0.1370
vn -0.5561 0.8294 -0.0528
vn -0.2784 -0.5484 0.7886
vn -0.2783 -0.5483 0.7886
vn 0.0405 0.3479 0.9367
vn -0.5700 -0.8168 -0.0888
vn 0.0680 0.9759 0.2073
vn -0.5424 -0.1895 -0.8185
vn 0.0679 0.9759 0.2073
vn -0.5423 -0.1893 -0.8186
vn -0.2233 0.7072 -0.6709
vn -0.6130 0.1816 0.7689
vn -0.1979 0.0019 0.9802
vn -0.5322 0.3361 0.7771
vn -0.2809 -0.0792 0.9565
vn -0.8123 0.4005 0.4240
vn -0.7277 0.5522 0.4068
vn -0.5182 0.7843 0.3410
vn -0.3542 0.5579 0.7506
vn -0.0884 0.1435 0.9857
vn -0.3745 0.8642 0.3360
vn -0.3540 0.6122 0.7071
vn -0.2262 0.1123 0.9676
vn -0.6485 0.7144 0.2630
vn -0.7655 0.3370 0.5482
vn -0.6577 -0.2188 0.7208
vn -0.9286 0.3711 0.0079
vn -0.7735 -0.5191 0.3636
vn -0.9580 -0.2053 0.2004
vn -0.9193 0.2704 -0.2860
vn -0.8097 -0.4761 0.3431
vn -0.9841 -0.1622 0.0724
vn -0.9864 0.0175 -0.1631
vn -0.8083 0.3575 -0.4678
vn -0.9189 -0.3381 0.2033
vn -0.7812 -0.2991 -0.5481
vn -0.6159 0.1005 -0.7814
vn -0.7637 -0.6305 -0.1387
vn -0.1792 -0.6251 -0.7597
vn -0.1890 -0.2286 -0.9550
vn 0.0191 -0.9574 -0.2881
vn 0.1803 -0.2297 -0.9564
vn 0.5030 -0.4820 -0.7174
vn 0.7544 -0.6456 -0.1191
vn 0.4216 -0.0489 -0.9055
vn 0.8036 -0.0499 -0.5930
vn 0.9933 -0.1105 -0.0341
vn 0.4343 -0.0147 -0.9007
vn 0.8524 -0.0362 -0.5216
vn 0.9961 -0.0763 -0.0449
vn 0.9692 -0.2452 -0.0214
vn 0.8052 -0.2432 -0.5409
vn 0.9728 -0.2316 0.0071
vn 0.4772 -0.2384 -0.8458
vn 0.8153 -0.3233 -0.4805
vn 0.5038 -0.3327 -0.7972
vn 0.6139 0.4678 -0.6358
vn 0.2809 0.8821 -0.3780
vn 0.8809 0.4181 -0.2217
vn 0.4969 0.8129 -0.3038
vn 0.9969 -0.0216 -0.0761
vn 0.4871 0.8510 -0.1963
vn 0.8573 0.5148 0.0108
vn 0.9658 0.1015 0.2385
vn 0.2770 0.9575 0.0802
vn 0.4741 0.6757 0.5645
vn 0.5338 0.2793 0.7981
vn -0.0601 0.2647 0.9625
vn -0.1363 0.7389 0.6599
vn -0.2583 0.9357 0.2404
vn -0.5072 0.5223 0.6855
vn -0.4763 0.1592 0.8648
vn -0.4507 0.8642 0.2237
vn -0.8504 0.4112 0.3283
vn -0.8789 -0.0538 0.4740
vn -0.5688 0.8202 0.0607
vn -0.9446 -0.2865 0.1604
vn -0.9735 0.2227 -0.0517
vn -0.7548 0.6184 -0.2188
vn -0.7997 0.4874 -0.3506
vn -0.9919 0.0848 -0.0946
vn -0.9176 -0.3488 0.1906
vn -0.7450 0.5236 -0.4132
vn -0.9385 -0.3303 0.1007
vn -0.9815 0.0918 -0.1680
vn -0.5689 0.5400 -0.6202
vn -0.8267 0.0165 -0.5624
vn -0.7774 -0.4203 -0.4680
vn -0.2700 0.0439 -0.9619
vn -0.2330 0.5655 -0.7912
vn -0.2438 -0.4252 -0.8716
vn 0.0435 0.0693 -0.9966
vn -0.0738 0.5677 -0.8199
vn 0.1411 -0.3985 -0.9062
vn 0.0210 0.5498 -0.8350
vn 0.3669 -0.3734 -0.8520
vn 0.2253 0.0888 -0.9702
vn 0.1881 0.5528 -0.8118
vn 0.5339 -0.3207 -0.7824
vn 0.4091 0.1308 -0.9031
vn -0.8121 0.4042 -0.4208
vn -0.9654 -0.1017 -0.2402
vn -0.2389 0.6723 -0.7007
vn -0.4097 0.3056 -0.8595
vn -0.5260 -0.2834 -0.8019
vn -0.1148 0.6419 -0.7581
vn 0.0796 -0.2648 -0.9610
vn -0.0698 0.2998 -0.9514
vn -0.0415 0.7248 -0.6877
vn 0.3171 0.3165 -0.8940
vn 0.4920 -0.1535 -0.8569
vn 0.6502 0.5753 -0.4962
vn 0.8837 0.0536 -0.4650
vn 0.3170 0.8537 -0.4132
vn 0.9476 0.2814 -0.1514
vn 0.6265 0.7128 -0.3153
vn 0.2067 0.8999 -0.3840
vn 0.9189 0.3448 -0.1914
vn 0.1176 0.8328 -0.5409
vn 0.5934 0.6818 -0.4278
vn 0.6469 0.6747 -0.3554
vn 0.9391 0.3290 -0.0995
vn 0.1948 0.8357 -0.5135
vn 0.5418 0.8363 0.0841
vn 0.2243 0.9437 -0.2432
vn 0.7446 0.4286 0.5118
vn 0.0093 0.9961 0.0880
vn 0.1069 0.8524 0.5118
vn 0.1891 0.4202 0.8875
vn -0.2282 0.9694 0.0910
vn -0.2116 0.7729 0.5982
vn -0.1530 0.3987 0.9042
vn -0.0610 0.4971 0.8655
vn -0.1441 0.8480 0.5101
vn -0.1870 0.9822 0.0186
vn 0.0395 0.8913 0.4516
vn 0.0982 0.5740 0.8129
vn -0.0289 0.9995 -0.0157
vn 0.2409 -0.8257 0.5101
vn 0.1675 -0.9847 -0.0478
vn 0.2526 -0.4506 0.8562
vn -0.0620 -0.9925 0.1056
vn 0.2359 -0.7795 0.5803
vn 0.4497 -0.4834 0.7510
vn 0.8507 -0.4643 0.2464
vn 0.5476 -0.8217 0.1583
vn 0.0308 -0.9995 0.0050
vn 0.8927 -0.4125 -0.1817
vn 0.5123 -0.7912 -0.3339
vn 0.0601 -0.9274 -0.3693
vn -0.0962 -0.8109 -0.5773
vn 0.4410 -0.6721 -0.5948
vn 0.8027 -0.3909 -0.4503
vn -0.0054 -0.9638 -0.2667
vn 0.2750 -0.6000 -0.7512
vn 0.5134 -0.3567 -0.7805
vn 0.2643 -0.4114 -0.8723
vn 0.2703 -0.8261 -0.4945
vn 0.2095 -0.9769 0.0430
vn 0.4636 -0.8666 0.1847
vn 0.5195 -0.7634 -0.3840
vn 0.4276 -0.5181 -0.7407
vn 0.7682 -0.5578 -0.3144
vn 0.8246 -0.5069 0.2510
vn 0.5232 -0.4622 -0.7160
vn 0.9788 -0.1887 0.0792
vn 0.8006 -0.3997 -0.4464
vn 0.4745 -0.5239 -0.7074
vn 0.7448 -0.5012 -0.4405
vn 0.3416 -0.7076 -0.6185
vn 0.9760 -0.1711 -0.1348
vn 0.2075 -0.8789 -0.4296
vn 0.6347 -0.6871 -0.3537
vn 0.9238 -0.3518 -0.1514
vn 0.5877 -0.8003 -0.1191
vn 0.1568 -0.9802 -0.1211
vn 0.9140 -0.4016 -0.0576
vn 0.6188 -0.7795 0.0978
vn 0.1735 -0.9802 0.0958
vn 0.9165 -0.3897 0.0899
vn 0.6186 -0.7666 0.1719
vn 0.1879 -0.9696 0.1564
vn 0.9097 -0.3878 0.1485
vn 0.4888 -0.8724 -0.0028
vn -0.4480 -0.8678 0.2151
vn -0.8779 -0.0463 0.4767
vn 0.4889 -0.8723 -0.0029
vn 0.9977 -0.0558 0.0391
vn -0.3696 0.7703 0.5197
vn 0.9977 -0.0557 0.0392
vn -0.3696 0.7704 0.5195
vn 0.5681 0.7659 0.3009
vn 0.5682 0.7659 0.3009
vn -0.0405 -0.3479 0.9367
vn 0.2781 0.5482 0.7887
vn 0.2784 0.5483 0.7886
vn 0.5702 0.8167 -0.0888
vn -0.0678 -0.9760 0.2069
vn 0.5423 0.1893 -0.8186
vn 0.5423 0.1892 -0.8186
vn 0.2235 -0.7073 -0.6706
vn 0.0426 -0.8723 -0.4872
vn 0.0424 -0.8722 -0.4873
vn 0.1725 -0.8677 0.4661
vn 0.1322 -0.0556 -0.9897
vn 0.3932 -0.0461 0.9183
vn 0.1323 -0.0556 -0.9896
vn 0.3932 -0.0460 0.9183
vn 0.3524 0.7659 -0.5377
vn 0.4829 0.7704 0.4163
vn 0.5252 -0.8004 0.2892
vn -0.4352 -0.8617 0.2609
vn 0.5252 -0.8003 0.2892
vn 0.9770 -0.0978 -0.1893
vn -0.9442 -0.2199 -0.2454
vn 0.9770 -0.0976 -0.1895
vn -0.9442 -0.2199 -0.2450
vn 0.4683 0.5440 -0.6962
vn -0.4923 0.4829 -0.7242
vn 0.4683 0.5441 -0.6962
vn -0.4921 0.4827 -0.7245
vn -0.5562 -0.1437 0.8186
vn -0.9758 -0.1721 0.1350
vn -0.8732 0.2628 0.4105
vn -0.9991 -0.0421 0.0011
vn -0.5602 0.5977 0.5735
vn -0.8877 0.3927 0.2404
vn -0.9959 -0.0675 0.0606
vn -0.5386 0.7304 0.4200
vn -0.8570 0.3554 0.3731
vn -0.5195 0.6519 0.5524
vn -0.3377 0.7291 0.5953
vn -0.7264 0.5783 0.3714
vn -0.9754 0.2188 -0.0263
vn -0.1861 0.8343 0.5189
vn -0.6636 0.6757 -0.3212
vn -0.4540 0.8708 0.1887
vn -0.1977 0.7137 0.6719
vn -0.4265 0.8589 0.2835
vn -0.4947 0.8213 -0.2841
vn -0.1802 0.4921 0.8517
vn -0.2135 0.8246 0.5238
vn -0.2311 0.9684 -0.0937
vn 0.0611 0.9922 0.1085
vn -0.2369 0.7776 0.5824
vn -0.4490 0.4817 0.7526
vn -0.8504 0.4649 0.2463
vn -0.5476 0.8216 0.1584
vn -0.0308 0.9995 0.0050
vn -0.8931 0.4120 -0.1806
vn -0.5131 0.7908 -0.3338
vn -0.0611 0.9273 -0.3693
vn 0.1304 0.8124 -0.5683
vn -0.4128 0.6888 -0.5960
vn -0.7881 0.4133 -0.4563
vn 0.1833 0.9489 -0.2569
vn -0.1850 0.6766 -0.7127
vn -0.3983 0.4319 -0.8092
vn -0.2233 0.4661 -0.8561
vn -0.2388 0.8077 -0.5391
vn -0.2144 0.9755 0.0489
vn -0.3845 0.5237 -0.7602
vn -0.5683 0.7338 -0.3722
vn -0.6208 0.7628 0.1808
vn -0.2827 0.6650 -0.6913
vn -0.5506 0.7778 0.3030
vn -0.5016 0.8380 -0.2148
vn -0.3970 0.8758 0.2745
vn -0.1363 0.9522 -0.2734
vn 0.1206 0.8173 -0.5634
vn -0.4529 0.8892 0.0646
vn 0.1177 0.9826 -0.1435
vn 0.4624 0.8466 -0.2636
vn 0.5752 0.8014 0.1643
vn 0.0796 0.9775 0.1954
vn -0.4264 0.8911 0.1554
vn 0.5408 0.7463 0.3880
vn -0.4021 0.8260 0.3950
vn 0.0787 0.8924 0.4444
vn 0.6902 -0.6341 0.3487
vn 0.9315 0.2891 0.2209
vn -0.2378 -0.8870 0.3957
vn -0.2378 -0.8872 0.3954
vn 0.2446 0.9596 0.1392
vn -0.9244 -0.2169 0.3137
vn 0.2448 0.9596 0.1389
vn -0.6833 0.7061 0.1857
vn -0.6833 0.7062 0.1856
vn 0.0973 -0.8642 -0.4936
vn 0.1796 -0.8665 0.4658
vn 0.0972 -0.8643 -0.4936
vn 0.1843 -0.0392 -0.9821
vn 0.1842 -0.0392 -0.9821
vn 0.3475 -0.0435 0.9367
vn 0.3512 0.7846 -0.5109
vn 0.3473 -0.0431 0.9368
vn 0.3513 0.7845 -0.5110
vn 0.4336 0.7818 0.4482
vn 0.4335 0.7817 0.4484
vn -0.2566 0.8742 -0.4123
vn 0.0641 0.8661 0.4957
vn 0.0709 0.0439 0.9965
vn -0.5702 0.0598 -0.8193
vn -0.5700 0.0595 -0.8195
vn -0.2427 -0.7708 0.5891
vn -0.5630 -0.7626 -0.3185
vn -0.2427 -0.7707 0.5891
vn 0.2787 -0.6339 -0.7215
vn 0.2790 -0.6337 -0.7215
vn 0.1273 0.2893 -0.9487
vn 0.4174 -0.8870 0.1973
vn 0.1275 0.2892 -0.9487
vn 0.4175 -0.8870 0.1974
vn 0.1138 0.9597 -0.2568
vn 0.4042 -0.2171 0.8886
vn 0.1139 0.9597 -0.2569
vn 0.4042 -0.2171 0.8885
vn 0.2526 0.7063 0.6613
vn 0.2184 -0.4827 0.8481
vn -0.1470 -0.4455 0.8831
vn -0.0425 -0.0030 0.9991
vn 0.1539 -0.0011 0.9881
vn -0.0376 0.0165 0.9992
vn 0.7603 -0.0059 0.6495
vn -0.1920 -0.5015 0.8436
vn -0.2604 -0.8366 0.4819
vn -0.2506 -0.8110 0.5286
vn 0.1471 -0.8755 0.4603
vn -0.6026 -0.6404 0.4762
vn 0.5487 -0.8297 0.1027
vn -0.3679 0.2901 0.8835
vn 0.7753 -0.5678 0.2766
vn 0.5524 -0.7572 -0.3487
vn 0.9999 0.0009 -0.0116
vn 0.8994 -0.3948 -0.1875
vn 0.4990 -0.7792 -0.3792
vn 0.9982 0.0243 -0.0546
vn 0.8377 -0.4788 -0.2627
vn 0.4910 -0.8579 -0.1517
vn 0.8699 -0.4925 -0.0283
vn 0.4801 -0.8751 -0.0614
vn 0.9929 -0.0500 0.1075
vn 0.8142 -0.5684 0.1184
vn 0.9544 -0.1270 0.2700
vn 0.3248 -0.8312 0.4512
vn 0.1051 -0.8678 -0.4856
vn 0.0418 -0.0549 -0.9976
vn 0.3249 -0.8312 0.4512
vn 0.4823 0.0185 0.8758
vn 0.1992 0.7950 -0.5730
vn 0.4825 0.0186 0.8757
vn 0.4195 0.8317 0.3637
vn 0.4195 0.8317 0.3636
vn -0.5074 -0.0460 0.8605
vn -0.5074 -0.0461 0.8605
vn -0.6731 -0.7151 0.1885
vn -0.0747 0.7806 0.6205
vn -0.6731 -0.7151 0.1886
vn -0.0746 0.7804 0.6208
vn -0.4063 -0.5583 -0.7233
vn 0.1922 0.9372 -0.2911
vn -0.4063 -0.5584 -0.7233
vn 0.1918 0.9372 -0.2913
vn 0.0267 0.2677 -0.9631
vn 0.0269 0.2676 -0.9632
vn -0.5797 0.6642 0.4719
vn -0.4429 0.7594 -0.4766
vn -0.5797 0.6643 0.4719
vn -0.3902 -0.1749 0.9040
vn -0.4431 0.7592 -0.4768
vn -0.3901 -0.1749 0.9040
vn -0.1176 0.0146 -0.9930
vn -0.0648 -0.9195 0.3878
vn -0.1178 0.0145 -0.9929
vn -0.0649 -0.9194 0.3879
vn 0.0719 -0.8247 -0.5609
vn 0.0720 -0.8247 -0.5609
vn -0.0367 0.3512 0.9356
vn -0.2896 0.9336 0.2110
vn -0.0063 -0.6016 0.7988
vn -0.0059 -0.6015 0.7988
vn -0.5111 0.5632 -0.6493
vn -0.2271 -0.9719 -0.0615
vn -0.5111 0.5632 -0.6492
vn -0.2270 -0.9720 -0.0614
vn -0.4801 -0.3890 -0.7863
vn -0.4801 -0.3889 -0.7863
vn -0.9837 0.0076 0.1799
vn -0.9836 0.0080 0.1800
vn -0.5663 0.8098 -0.1532
vn -0.4461 -0.6861 0.5747
vn -0.5662 0.8099 -0.1533
vn -0.4460 -0.6861 0.5747
vn 0.3883 0.9171 -0.0908
vn 0.5092 -0.5787 0.6370
vn 0.9262 0.2229 0.3042
vn 0.9262 0.2228 0.3042
vn 0.5252 -0.8311 -0.1828
vn 0.5249 -0.8314 -0.1825
vn -0.4354 -0.8679 -0.2390
vn 0.9771 0.0184 -0.2118
vn 0.9771 0.0185 -0.2120
vn -0.9442 -0.0549 -0.3249
vn 0.4687 0.8316 -0.2980
vn -0.4919 0.7952 -0.3546
vn -0.8595 0.4856 0.1593
vn -0.0670 0.7823 0.6193
vn -0.8594 0.4857 0.1596
vn -0.0669 0.7823 0.6193
vn -0.8898 -0.3949 -0.2287
vn 0.6951 0.1980 0.6911
vn -0.1278 -0.9794 -0.1564
vn 0.6646 -0.6828 0.3033
vn -0.1275 -0.9795 -0.1563
vn 0.6648 -0.6829 0.3029
vn 0.5488 -0.8172 -0.1760
vn 0.5489 -0.8172 -0.1758
vn -0.3872 -0.8304 -0.4006
vn -0.3873 -0.8304 -0.4005
vn 0.9991 0.0225 -0.0370
vn -0.8731 -0.0042 -0.4875
vn 0.9991 0.0224 -0.0371
vn -0.8731 -0.0039 -0.4875
vn 0.5131 0.8494 -0.1233
vn -0.4226 0.8365 -0.3488
vn 0.5131 0.8494 -0.1230
vn -0.4227 0.8365 -0.3488
vn -0.5666 0.5969 0.5680
vn 0.3883 0.6092 0.6914
vn -0.5664 0.5971 0.5680
vn -0.9836 -0.1418 0.1115
vn 0.3884 0.6092 0.6914
vn -0.9836 -0.1417 0.1115
vn 0.9261 -0.1164 0.3588
vn -0.4458 -0.8673 -0.2215
vn 0.5095 -0.8549 -0.0976
vn -0.4412 -0.7465 -0.4981
vn 0.5202 -0.6801 -0.5167
vn -0.4409 -0.7465 -0.4983
vn 0.5201 -0.6802 -0.5166
vn -0.9708 0.0143 -0.2393
vn 0.9501 0.1465 -0.2753
vn -0.9708 0.0144 -0.2393
vn -0.5406 0.8413 0.0019
vn 0.4197 0.9075 -0.0165
vn 0.4196 0.9076 -0.0166
vn -0.0044 -0.8494 0.5278
vn -0.8098 -0.5822 0.0730
vn 0.6923 -0.2053 0.6918
vn -0.8096 -0.5824 0.0733
vn 0.6922 -0.2052 0.6919
vn -0.9186 0.3291 -0.2187
vn 0.5834 0.7064 0.4007
vn -0.9187 0.3292 -0.2184
vn 0.5834 0.7065 0.4007
vn -0.2220 0.9735 -0.0545
vn -0.2221 0.9735 -0.0545
vn -0.8011 0.5984 0.0125
vn -0.6573 0.0007 0.7536
vn -0.6573 0.0008 0.7536
vn -0.3502 0.4452 -0.8241
vn -0.0629 -0.7506 0.6577
vn -0.3503 0.4452 -0.8241
vn -0.0631 -0.7506 0.6578
vn 0.2450 -0.3058 -0.9200
vn 0.3884 -0.9040 -0.1787
vn 0.2446 -0.3059 -0.9201
vn 0.3885 -0.9039 -0.1788
vt 0.000000 0.000000
s 1
f 134/2/134 135/2/135 136/2/136
f 135/2/135 134/2/134 137/2/137
f 138/2/137 137/2/137 134/2/134
f 137/2/137 138/2/137 139/2/138
f 140/2/139 141/2/140 142/2/141
f 143/2/142 142/2/141 141/2/140
f 141/2/140 140/2/139 144/2/139
f 142/2/141 143/2/142 145/2/143
f 146/2/144 144/2/139 140/2/139
f 147/2/145 145/2/143 143/2/142
f 144/2/139 146/2/144 148/2/146
f 145/2/143 147/2/145 149/2/147
f 146/2/144 150/2/148 148/2/146
f 151/2/149 149/2/147 147/2/145
f 146/2/144 151/2/149 150/2/148
f 151/2/149 147/2/145 150/2/148
f 152/2/150 153/2/151 154/2/152
f 155/2/153 156/2/154 153/2/151
f 157/2/155 154/2/152 153/2/151
f 153/2/151 156/2/154 157/2/155
f 158/2/156 154/2/152 157/2/155
f 157/2/155 159/2/157 158/2/156
f 156/2/154 160/2/158 157/2/155
f 159/2/157 157/2/155 160/2/158
f 160/2/158 156/2/154 161/2/159
f 160/2/158 162/2/160 159/2/157
f 161/2/159 163/2/161 160/2/158
f 162/2/160 160/2/158 163/2/161
f 163/2/161 161/2/159 164/2/162
f 165/2/163 163/2/161 164/2/162
f 163/2/161 166/2/164 162/2/160
f 166/2/164 163/2/161 165/2/163
f 167/2/165 162/2/160 166/2/164
f 166/2/164 168/2/166 167/2/165
f 165/2/163 169/2/167 166/2/164
f 168/2/166 166/2/164 169/2/167
f 169/2/167 165/2/163 170/2/168
f 169/2/167 171/2/169 168/2/166
f 170/2/168 172/2/170 169/2/167
f 171/2/169 169/2/167 172/2/170
f 172/2/170 170/2/168 173/2/171
f 172/2/170 174/2/172 171/2/169
f 175/2/173 172/2/170 173/2/171
f 174/2/172 172/2/170 176/2/174
f 172/2/170 175/2/173 176/2/174
f 176/2/174 177/2/175 174/2/172
f 175/2/173 178/2/176 176/2/174
f 177/2/175 176/2/174 178/2/176
f 178/2/176 175/2/173 179/2/177
f 178/2/176 180/2/178 177/2/175
f 179/2/177 180/2/178 178/2/176
f 177/2/175 180/2/178 181/2/179
f 180/2/178 179/2/177 182/2/180
f 183/2/181 181/2/179 180/2/178
f 182/2/180 183/2/181 180/2/178
f 181/2/179 183/2/181 184/2/182
f 183/2/181 182/2/180 185/2/183
f 186/2/184 187/2/185 188/2/186
f 187/2/185 186/2/184 189/2/184
f 190/2/187 189/2/184 186/2/184
f 189/2/184 190/2/187 191/2/187
f 192/2/188 193/2/189 194/2/190
f 195/2/191 194/2/190 193/2/189
f 193/2/189 192/2/188 196/2/192
f 193/2/189 197/2/193 195/2/191
f 198/2/194 196/2/192 192/2/188
f 199/2/195 195/2/191 197/2/193
f 196/2/192 198/2/194 200/2/196
f 197/2/193 201/2/195 199/2/195
f 202/2/197 200/2/196 198/2/194
f 201/2/195 202/2/197 199/2/195
f 200/2/196 202/2/197 203/2/198
f 202/2/197 201/2/195 203/2/198
f 204/2/199 205/2/200 206/2/199
f 205/2/200 204/2/199 207/2/201
f 204/2/199 206/2/199 208/2/201
f 208/2/201 206/2/199 209/2/199
f 210/2/202 211/2/203 212/2/204
f 211/2/203 210/2/202 213/2/203
f 212/2/204 214/2/205 210/2/202
f 215/2/206 211/2/203 213/2/203
f 212/2/204 216/2/205 214/2/205
f 211/2/203 215/2/206 217/2/206
f 218/2/207 214/2/205 216/2/205
f 219/2/208 217/2/206 215/2/206
f 214/2/205 218/2/207 220/2/209
f 219/2/208 220/2/209 218/2/207
f 220/2/209 219/2/208 221/2/210
f 219/2/208 215/2/206 221/2/210
f 222/2/211 223/2/212 224/2/213
f 223/2/212 222/2/211 225/2/212
f 224/2/213 226/2/214 222/2/211
f 226/2/214 224/2/213 227/2/212
f 228/2/215 229/2/216 230/2/217
f 231/2/218 230/2/217 229/2/216
f 230/2/217 232/2/219 228/2/215
f 230/2/217 231/2/218 233/2/220
f 232/2/219 234/2/221 228/2/215
f 235/2/222 233/2/220 231/2/218
f 232/2/219 236/2/221 234/2/221
f 233/2/220 235/2/222 237/2/223
f 238/2/224 234/2/221 236/2/221
f 238/2/224 237/2/223 235/2/222
f 234/2/221 238/2/224 239/2/224
f 235/2/222 239/2/224 238/2/224
f 240/2/225 241/2/226 242/2/227
f 241/2/226 240/2/225 243/2/225
f 244/2/228 243/2/225 240/2/225
f 243/2/225 244/2/228 245/2/228
f 246/2/229 247/2/230 248/2/230
f 249/2/231 248/2/230 247/2/230
f 247/2/230 246/2/229 250/2/232
f 249/2/231 247/2/230 251/2/233
f 246/2/229 252/2/234 250/2/232
f 251/2/233 253/2/235 249/2/231
f 246/2/229 254/2/236 252/2/234
f 253/2/235 251/2/233 255/2/237
f 256/2/238 252/2/234 254/2/236
f 255/2/237 256/2/238 253/2/235
f 252/2/234 256/2/238 257/2/239
f 256/2/238 255/2/237 257/2/239
f 258/2/240 259/2/240 260/2/241
f 259/2/240 258/2/240 261/2/240
f 259/2/240 261/2/240 262/2/240
f 262/2/240 261/2/240 263/2/240
f 264/2/242 265/2/243 266/2/244
f 265/2/243 264/2/242 267/2/245
f 268/2/246 266/2/244 265/2/243
f 264/2/242 269/2/247 267/2/245
f 266/2/244 268/2/246 270/2/248
f 269/2/247 264/2/242 271/2/249
f 268/2/246 272/2/250 270/2/248
f 273/2/251 269/2/247 271/2/249
f 268/2/246 274/2/252 272/2/250
f 271/2/249 275/2/251 273/2/251
f 274/2/252 273/2/251 275/2/251
f 274/2/252 275/2/251 272/2/250
f 276/2/253 277/2/253 278/2/254
f 276/2/253 278/2/254 279/2/255
f 280/2/256 277/2/253 276/2/253
f 277/2/253 280/2/256 281/2/256
f 282/2/257 283/2/258 284/2/259
f 282/2/257 284/2/259 285/2/260
f 283/2/258 282/2/257 286/2/258
f 283/2/258 286/2/258 287/2/261
f 288/2/262 289/2/263 290/2/264
f 289/2/263 288/2/262 291/2/262
f 292/2/265 290/2/264 289/2/263
f 288/2/262 293/2/266 291/2/262
f 290/2/264 292/2/265 294/2/267
f 288/2/262 295/2/268 293/2/266
f 292/2/265 296/2/269 294/2/267
f 297/2/270 293/2/266 295/2/268
f 296/2/269 292/2/265 298/2/271
f 297/2/270 296/2/269 298/2/271
f 293/2/266 297/2/270 299/2/272
f 297/2/270 298/2/271 299/2/272
f 300/2/273 301/2/274 302/2/275
f 300/2/273 302/2/275 303/2/273
f 301/2/274 304/2/276 302/2/275
f 305/2/277 300/2/273 303/2/273
f 301/2/274 306/2/276 304/2/276
f 300/2/273 305/2/277 307/2/278
f 308/2/279 304/2/276 306/2/276
f 305/2/277 309/2/280 307/2/278
f 304/2/276 308/2/279 310/2/281
f 309/2/280 310/2/281 308/2/279
f 309/2/280 305/2/277 311/2/282
f 310/2/281 309/2/280 311/2/282
f 312/2/283 313/2/283 314/2/283
f 313/2/283 312/2/283 315/2/284
f 313/2/283 315/2/284 316/2/285
f 316/2/285 315/2/284 317/2/284
f 318/2/286 319/2/287 320/2/288
f 321/2/289 320/2/288 319/2/287
f 319/2/287 318/2/286 322/2/290
f 319/2/287 323/2/289 321/2/289
f 324/2/291 322/2/290 318/2/286
f 323/2/289 325/2/292 321/2/289
f 318/2/286 326/2/293 324/2/291
f 325/2/292 323/2/289 327/2/292
f 328/2/294 324/2/291 326/2/293
f 329/2/295 325/2/292 327/2/292
f 324/2/291 328/2/294 329/2/295
f 325/2/292 329/2/295 328/2/294
f 330/2/296 331/2/296 332/2/296
f 331/2/296 330/2/296 333/2/297
f 332/2/296 334/2/296 330/2/296
f 334/2/296 332/2/296 335/2/298
f 336/2/299 337/2/300 338/2/301
f 339/2/302 338/2/301 337/2/300
f 338/2/301 340/2/303 336/2/299
f 338/2/301 339/2/302 341/2/304
f 340/2/303 342/2/305 336/2/299
f 339/2/302 343/2/306 341/2/304
f 342/2/305 340/2/303 344/2/307
f 343/2/306 339/2/302 345/2/308
f 346/2/309 342/2/305 344/2/307
f 347/2/310 343/2/306 345/2/308
f 342/2/305 346/2/309 347/2/310
f 343/2/306 347/2/310 346/2/309
f 348/2/311 349/2/312 350/2/313
f 349/2/312 348/2/311 351/2/314
f 350/2/313 352/2/312 348/2/311
f 352/2/312 350/2/313 353/2/315
f 354/2/316 355/2/317 356/2/318
f 356/2/318 357/2/319 354/2/316
f 358/2/320 356/2/318 355/2/317
f 357/2/319 359/2/321 354/2/316
f 358/2/320 355/2/317 360/2/322
f 359/2/321 357/2/319 361/2/323
f 362/2/324 358/2/320 360/2/322
f 363/2/325 359/2/321 361/2/323
f 358/2/320 362/2/324 364/2/324
f 359/2/321 363/2/325 365/2/326
f 365/2/326 364/2/324 362/2/324
f 364/2/324 365/2/326 363/2/325
f 366/2/327 367/2/328 368/2/328
f 367/2/328 366/2/327 369/2/329
f 370/2/330 369/2/329 366/2/327
f 369/2/329 370/2/330 371/2/330
f 372/2/331 373/2/332 374/2/333
f 375/2/334 374/2/333 373/2/332
f 374/2/333 376/2/331 372/2/331
f 374/2/333 375/2/334 377/2/335
f 378/2/336 372/2/331 376/2/331
f 379/2/337 377/2/335 375/2/334
f 376/2/331 380/2/336 378/2/336
f 377/2/335 379/2/337 381/2/338
f 380/2/336 382/2/339 378/2/336
f 382/2/339 381/2/338 379/2/337
f 382/2/339 380/2/336 383/2/340
f 381/2/338 382/2/339 383/2/340
f 384/2/341 385/2/342 386/2/343
f 385/2/342 384/2/341 387/2/344
f 388/2/341 386/2/343 385/2/342
f 386/2/343 388/2/341 389/2/343
f 390/2/345 391/2/346 392/2/347
f 393/2/348 391/2/346 390/2/345
f 391/2/346 393/2/348 394/2/349
f 394/2/349 393/2/348 395/2/347
f 396/2/350 397/2/351 398/2/352
f 399/2/353 398/2/352 397/2/351
f 398/2/352 400/2/354 396/2/350
f 398/2/352 399/2/353 401/2/353
f 402/2/355 396/2/350 400/2/354
f 403/2/356 401/2/353 399/2/353
f 400/2/354 404/2/357 402/2/355
f 401/2/353 403/2/356 405/2/358
f 404/2/357 406/2/359 402/2/355
f 406/2/359 405/2/358 403/2/356
f 404/2/357 407/2/360 406/2/359
f 405/2/358 406/2/359 407/2/360
f 408/2/361 409/2/362 410/2/362
f 409/2/362 411/2/363 410/2/362
f 409/2/362 408/2/361 412/2/364
f 411/2/363 409/2/362 413/2/365
f 414/2/366 412/2/364 408/2/361
f 415/2/367 411/2/363 413/2/365
f 414/2/366 408/2/361 416/2/368
f 411/2/363 415/2/367 417/2/367
f 418/2/369 414/2/366 416/2/368
f 415/2/367 419/2/370 417/2/367
f 416/2/368 419/2/370 418/2/369
f 415/2/367 418/2/369 419/2/370
f 420/2/371 421/2/372 422/2/371
f 421/2/372 420/2/371 423/2/372
f 422/2/371 421/2/372 424/2/373
f 422/2/371 424/2/373 425/2/374
f 426/2/375 427/2/376 428/2/376
f 429/2/377 428/2/376 427/2/376
f 428/2/376 430/2/378 426/2/375
f 428/2/376 429/2/377 431/2/377
f 432/2/379 426/2/375 430/2/378
f 433/2/380 431/2/377 429/2/377
f 426/2/375 432/2/379 434/2/379
f 431/2/377 433/2/380 435/2/381
f 432/2/379 436/2/382 434/2/379
f 437/2/383 435/2/381 433/2/380
f 432/2/379 437/2/383 436/2/382
f 437/2/383 433/2/380 436/2/382
f 438/2/384 439/2/384 440/2/384
f 441/2/385 439/2/384 438/2/384
f 439/2/384 441/2/385 442/2/384
f 442/2/384 441/2/385 443/2/386
f 444/2/387 445/2/388 446/2/389
f 447/2/390 446/2/389 445/2/388
f 446/2/389 448/2/391 444/2/387
f 446/2/389 447/2/390 449/2/390
f 450/2/392 444/2/387 448/2/391
f 447/2/390 451/2/393 449/2/390
f 448/2/391 452/2/394 450/2/392
f 451/2/393 447/2/390 453/2/393
f 452/2/394 454/2/395 450/2/392
f 454/2/395 451/2/393 453/2/393
f 452/2/394 455/2/395 454/2/395
f 451/2/393 454/2/395 455/2/395
f 456/2/396 457/2/397 458/2/398
f 459/2/399 458/2/398 460/2/400
f 458/2/398 461/2/401 456/2/396
f 461/2/401 458/2/398 459/2/399
f 462/2/402 456/2/396 461/2/401
f 461/2/401 463/2/403 462/2/402
f 459/2/399 464/2/404 461/2/401
f 463/2/403 461/2/401 464/2/404
f 464/2/404 459/2/399 465/2/405
f 465/2/405 466/2/406 464/2/404
f 464/2/404 467/2/407 463/2/403
f 464/2/404 466/2/406 467/2/407
f 463/2/403 467/2/407 468/2/408
f 469/2/409 467/2/407 466/2/406
f 467/2/407 470/2/410 468/2/408
f 467/2/407 469/2/409 470/2/410
f 468/2/408 470/2/410 471/2/411
f 470/2/410 472/2/412 471/2/411
f 469/2/409 473/2/413 470/2/410
f 472/2/412 470/2/410 473/2/413
f 473/2/413 469/2/409 474/2/414
f 473/2/413 475/2/415 472/2/412
f 474/2/414 476/2/416 473/2/413
f 475/2/415 473/2/413 476/2/416
f 476/2/416 474/2/414 477/2/417
f 477/2/417 478/2/418 476/2/416
f 479/2/419 475/2/415 476/2/416
f 479/2/419 476/2/416 478/2/418
f 475/2/415 479/2/419 480/2/420
f 478/2/418 481/2/421 479/2/419
f 479/2/419 482/2/422 480/2/420
f 483/2/423 479/2/419 481/2/421
f 482/2/422 479/2/419 483/2/423
f 481/2/421 484/2/424 483/2/423
f 485/2/425 482/2/422 483/2/423
f 483/2/423 484/2/424 485/2/425
f 482/2/422 485/2/425 486/2/426
f 485/2/425 487/2/427 486/2/426
f 484/2/424 488/2/428 485/2/425
f 487/2/427 485/2/425 488/2/428
f 488/2/428 484/2/424 489/2/429
f 488/2/428 490/2/430 487/2/427
f 489/2/429 490/2/430 488/2/428
f 490/2/430 489/2/429 491/2/431
f 487/2/427 490/2/430 492/2/432
f 491/2/431 493/2/433 490/2/430
f 490/2/430 494/2/434 492/2/432
f 490/2/430 493/2/433 494/2/434
f 492/2/432 494/2/434 495/2/435
f 493/2/433 496/2/436 494/2/434
f 494/2/434 497/2/437 495/2/435
f 494/2/434 496/2/436 497/2/437
f 495/2/435 497/2/437 498/2/438
f 499/2/439 497/2/437 496/2/436
f 500/2/440 498/2/438 497/2/437
f 497/2/437 499/2/439 500/2/440
f 498/2/438 500/2/440 501/2/441
f 502/2/442 500/2/440 499/2/439
f 500/2/440 503/2/443 501/2/441
f 500/2/440 502/2/442 504/2/444
f 503/2/443 500/2/440 504/2/444
f 505/2/445 506/2/446 507/2/447
f 506/2/446 505/2/445 508/2/447
f 505/2/445 507/2/447 509/2/447
f 507/2/447 510/2/447 509/2/447
f 511/2/448 512/2/449 513/2/450
f 512/2/449 511/2/448 514/2/451
f 513/2/450 515/2/452 511/2/448
f 516/2/453 512/2/449 514/2/451
f 513/2/450 517/2/454 515/2/452
f 512/2/449 516/2/453 518/2/455
f 519/2/456 515/2/452 517/2/454
f 516/2/453 520/2/457 518/2/455
f 515/2/452 519/2/456 521/2/458
f 520/2/457 516/2/453 522/2/459
f 522/2/459 521/2/458 519/2/456
f 519/2/456 520/2/457 522/2/459
f 523/2/460 524/2/461 525/2/462
f 526/2/461 524/2/461 523/2/460
f 526/2/461 527/2/461 524/2/461
f 527/2/461 526/2/461 528/2/463
f 529/2/464 530/2/465 531/2/466
f 532/2/467 531/2/466 530/2/465
f 531/2/466 533/2/468 529/2/464
f 531/2/466 532/2/467 534/2/467
f 535/2/469 529/2/464 533/2/468
f 536/2/470 534/2/467 532/2/467
f 533/2/468 537/2/471 535/2/469
f 534/2/467 536/2/470 538/2/472
f 537/2/471 539/2/473 535/2/469
f 540/2/473 538/2/472 536/2/470
f 539/2/473 537/2/471 540/2/473
f 540/2/473 536/2/470 539/2/473
f 541/2/474 542/2/475 543/2/476
f 542/2/475 544/2/477 543/2/476
f 542/2/475 545/2/478 544/2/477
f 545/2/478 546/2/479 544/2/477
f 544/2/477 547/2/480 543/2/476
f 547/2/480 544/2/477 548/2/481
f 544/2/477 549/2/482 548/2/481
f 550/2/483 543/2/476 547/2/480
f 541/2/474 543/2/476 550/2/483
f 550/2/483 547/2/480 551/2/484
f 551/2/484 552/2/485 550/2/483
f 549/2/482 544/2/477 553/2/486
f 553/2/486 544/2/477 546/2/479
f 553/2/486 554/2/487 549/2/482
f 550/2/483 555/2/488 541/2/474
f 550/2/483 552/2/485 555/2/488
f 541/2/474 555/2/488 556/2/489
f 557/2/490 555/2/488 552/2/485
f 558/2/491 556/2/489 555/2/488
f 558/2/491 555/2/488 557/2/490
f 559/2/492 556/2/489 558/2/491
f 558/2/491 557/2/490 560/2/493
f 558/2/491 561/2/494 559/2/492
f 562/2/495 558/2/491 560/2/493
f 561/2/494 558/2/491 562/2/495
f 562/2/495 560/2/493 563/2/496
f 562/2/495 564/2/497 561/2/494
f 565/2/498 562/2/495 563/2/496
f 564/2/497 562/2/495 565/2/498
f 563/2/496 566/2/499 565/2/498
f 566/2/499 564/2/497 565/2/498
f 566/2/499 563/2/496 567/2/500
f 564/2/497 566/2/499 568/2/501
f 554/2/487 553/2/486 569/2/502
f 546/2/479 569/2/502 553/2/486
f 569/2/502 570/2/503 554/2/487
f 569/2/502 546/2/479 571/2/504
f 570/2/503 569/2/502 572/2/505
f 571/2/504 572/2/505 569/2/502
f 572/2/505 573/2/506 570/2/503
f 572/2/505 571/2/504 574/2/507
f 574/2/507 575/2/508 572/2/505
f 573/2/506 572/2/505 575/2/508
f 575/2/508 574/2/507 576/2/509
f 575/2/508 577/2/510 573/2/506
f 576/2/509 577/2/510 575/2/508
f 578/2/511 573/2/506 577/2/510
f 577/2/510 576/2/509 579/2/512
f 577/2/510 580/2/513 578/2/511
f 579/2/512 581/2/514 577/2/510
f 580/2/513 577/2/510 582/2/515
f 581/2/514 582/2/515 577/2/510
f 583/2/516 580/2/513 582/2/515
f 581/2/514 583/2/516 582/2/515
f 583/2/516 581/2/514 584/2/517
f 580/2/513 583/2/516 585/2/518
f 584/2/517 586/2/519 583/2/516
f 587/2/520 585/2/518 583/2/516
f 583/2/516 586/2/519 587/2/520
f 585/2/518 587/2/520 588/2/521
f 587/2/520 152/2/150 588/2/521
f 586/2/519 589/2/522 587/2/520
f 152/2/150 587/2/520 589/2/522
f 589/2/522 586/2/519 590/2/523
f 590/2/523 155/2/153 589/2/522
f 589/2/522 153/2/151 152/2/150
f 153/2/151 589/2/522 155/2/153
f 591/2/524 592/2/524 593/2/525
f 594/2/524 592/2/524 591/2/524
f 594/2/524 595/2/524 592/2/524
f 595/2/524 594/2/524 596/2/524
f 597/2/526 598/2/527 599/2/528
f 598/2/527 597/2/526 600/2/527
f 601/2/528 599/2/528 598/2/527
f 599/2/528 601/2/528 602/2/529
f 603/2/530 604/2/530 605/2/531
f 604/2/530 603/2/530 606/2/532
f 607/2/533 606/2/532 603/2/530
f 606/2/532 607/2/533 608/2/534
f 609/2/535 610/2/536 611/2/537
f 612/2/538 611/2/537 610/2/536
f 611/2/537 613/2/539 609/2/535
f 611/2/537 612/2/538 614/2/540
f 613/2/539 615/2/541 609/2/535
f 616/2/542 614/2/540 612/2/538
f 613/2/539 617/2/543 615/2/541
f 614/2/540 616/2/542 618/2/544
f 619/2/545 615/2/541 617/2/543
f 619/2/545 618/2/544 616/2/542
f 617/2/543 620/2/546 619/2/545
f 618/2/544 619/2/545 620/2/546
f 621/2/547 622/2/548 623/2/549
f 624/2/550 622/2/548 621/2/547
f 622/2/548 624/2/550 625/2/551
f 625/2/551 624/2/550 626/2/550
f 627/2/552 628/2/553 629/2/554
f 630/2/555 629/2/554 628/2/553
f 629/2/554 631/2/556 627/2/552
f 629/2/554 630/2/555 632/2/557
f 631/2/556 633/2/558 627/2/552
f 634/2/559 632/2/557 630/2/555
f 633/2/558 631/2/556 635/2/560
f 632/2/557 634/2/559 636/2/561
f 635/2/560 637/2/562 633/2/558
f 638/2/563 636/2/561 634/2/559
f 637/2/562 635/2/560 638/2/563
f 638/2/563 634/2/559 637/2/562
f 639/2/564 640/2/565 641/2/566
f 640/2/565 642/2/567 641/2/566
f 641/2/566 643/2/568 639/2/564
f 642/2/567 644/2/569 641/2/566
f 645/2/570 641/2/566 644/2/569
f 643/2/568 641/2/566 645/2/570
f 646/2/571 645/2/570 644/2/569
f 647/2/572 643/2/568 645/2/570
f 645/2/570 646/2/571 647/2/572
f 643/2/568 647/2/572 648/2/573
f 646/2/571 649/2/574 647/2/572
f 647/2/572 650/2/575 648/2/573
f 647/2/572 649/2/574 650/2/575
f 651/2/576 648/2/573 650/2/575
f 649/2/574 652/2/577 650/2/575
f 650/2/575 652/2/577 651/2/576
f 652/2/577 649/2/574 653/2/578
f 651/2/576 652/2/577 654/2/579
f 655/2/580 652/2/577 653/2/578
f 656/2/581 654/2/579 652/2/577
f 656/2/581 652/2/577 655/2/580
f 657/2/582 654/2/579 656/2/581
f 656/2/581 655/2/580 658/2/583
f 656/2/581 659/2/584 657/2/582
f 659/2/584 656/2/581 660/2/585
f 660/2/585 656/2/581 658/2/583
f 660/2/585 661/2/586 659/2/584
f 658/2/583 662/2/587 660/2/585
f 661/2/586 660/2/585 662/2/587
f 662/2/587 658/2/583 663/2/588
f 662/2/587 664/2/589 661/2/586
f 663/2/588 665/2/590 662/2/587
f 664/2/589 662/2/587 665/2/590
f 665/2/590 663/2/588 666/2/591
f 666/2/591 667/2/592 665/2/590
f 665/2/590 668/2/593 664/2/589
f 665/2/590 667/2/592 668/2/593
f 668/2/593 669/2/594 664/2/589
f 667/2/592 670/2/595 668/2/593
f 668/2/593 671/2/596 669/2/594
f 671/2/596 668/2/593 670/2/595
f 672/2/597 669/2/594 671/2/596
f 670/2/595 673/2/598 671/2/596
f 671/2/596 674/2/599 672/2/597
f 675/2/600 671/2/596 673/2/598
f 674/2/599 671/2/596 675/2/600
f 673/2/598 676/2/601 675/2/600
f 674/2/599 675/2/600 676/2/601
f 676/2/601 673/2/598 677/2/602
f 678/2/603 674/2/599 676/2/601
f 679/2/604 680/2/604 681/2/605
f 680/2/604 679/2/604 682/2/605
f 683/2/605 682/2/605 679/2/604
f 682/2/605 683/2/605 684/2/606
f 685/2/607 686/2/608 687/2/609
f 686/2/608 685/2/607 688/2/608
f 687/2/609 686/2/608 689/2/610
f 687/2/609 689/2/610 690/2/610
f 691/2/611 692/2/612 693/2/613
f 692/2/612 691/2/611 694/2/614
f 693/2/613 695/2/615 691/2/611
f 696/2/616 692/2/612 694/2/614
f 693/2/613 697/2/615 695/2/615
f 692/2/612 696/2/616 698/2/617
f 697/2/615 699/2/618 695/2/615
f 700/2/619 698/2/617 696/2/616
f 697/2/615 701/2/620 699/2/618
f 698/2/617 700/2/619 702/2/621
f 702/2/621 699/2/618 701/2/620
f 699/2/618 702/2/621 700/2/619
f 703/2/622 704/2/623 705/2/624
f 706/2/625 703/2/622 705/2/624
f 704/2/623 703/2/622 707/2/623
f 703/2/622 706/2/625 708/2/625
f 709/2/626 704/2/623 707/2/623
f 710/2/627 708/2/625 706/2/625
f 707/2/623 711/2/628 709/2/626
f 708/2/625 710/2/627 712/2/629
f 711/2/628 713/2/630 709/2/626
f 710/2/627 714/2/631 712/2/629
f 713/2/630 711/2/628 714/2/631
f 714/2/631 710/2/627 713/2/630
f 715/2/632 716/2/633 717/2/634
f 716/2/633 715/2/632 718/2/632
f 718/2/632 715/2/632 719/2/635
f 718/2/632 719/2/635 720/2/636
f 721/2/637 722/2/637 723/2/638
f 722/2/637 721/2/637 724/2/637
f 725/2/637 724/2/637 721/2/637
f 724/2/637 725/2/637 726/2/637
f 727/2/639 728/2/640 729/2/641
f 727/2/639 729/2/641 730/2/642
f 731/2/643 727/2/639 730/2/642
f 731/2/643 730/2/642 732/2/644
f 733/2/645 728/2/640 727/2/639
f 731/2/643 733/2/645 727/2/639
f 733/2/645 734/2/646 728/2/640
f 735/2/647 728/2/640 734/2/646
f 733/2/645 731/2/643 736/2/648
f 737/2/649 731/2/643 732/2/644
f 731/2/643 738/2/650 736/2/648
f 739/2/651 728/2/640 735/2/647
f 739/2/651 729/2/641 728/2/640
f 735/2/647 740/2/652 739/2/651
f 741/2/653 729/2/641 739/2/651
f 738/2/650 731/2/643 742/2/654
f 742/2/654 731/2/643 737/2/649
f 742/2/654 743/2/655 738/2/650
f 739/2/651 740/2/652 640/2/565
f 739/2/651 640/2/565 741/2/653
f 741/2/653 640/2/565 744/2/656
f 740/2/652 642/2/567 640/2/565
f 640/2/565 639/2/564 744/2/656
f 743/2/655 742/2/654 745/2/657
f 737/2/649 745/2/657 742/2/654
f 745/2/657 746/2/658 743/2/655
f 745/2/657 737/2/649 747/2/659
f 746/2/658 745/2/657 748/2/660
f 747/2/659 748/2/660 745/2/657
f 748/2/660 749/2/661 746/2/658
f 748/2/660 747/2/659 750/2/662
f 749/2/661 748/2/660 751/2/663
f 750/2/662 751/2/663 748/2/660
f 751/2/663 752/2/664 749/2/661
f 751/2/663 750/2/662 753/2/665
f 752/2/664 751/2/663 754/2/666
f 753/2/665 754/2/666 751/2/663
f 754/2/666 753/2/665 755/2/667
f 754/2/666 756/2/668 752/2/664
f 757/2/669 754/2/666 755/2/667
f 756/2/668 754/2/666 758/2/670
f 754/2/666 757/2/669 758/2/670
f 758/2/670 457/2/397 756/2/668
f 757/2/669 759/2/671 758/2/670
f 457/2/397 758/2/670 759/2/671
f 759/2/671 757/2/669 760/2/672
f 460/2/400 759/2/671 760/2/672
f 759/2/671 458/2/398 457/2/397
f 458/2/398 759/2/671 460/2/400
f 761/2/673 762/2/674 763/2/675
f 764/2/676 763/2/675 762/2/674
f 762/2/674 765/2/677 764/2/676
f 765/2/677 762/2/674 766/2/678
f 762/2/674 767/2/679 766/2/678
f 768/2/680 767/2/679 762/2/674
f 762/2/674 761/2/673 768/2/680
f 763/2/675 769/2/681 761/2/673
f 770/2/682 768/2/680 761/2/673
f 771/2/683 761/2/673 769/2/681
f 761/2/673 771/2/683 770/2/682
f 770/2/682 771/2/683 772/2/684
f 769/2/681 773/2/685 771/2/683
f 771/2/683 774/2/686 772/2/684
f 774/2/686 771/2/683 775/2/687
f 773/2/685 775/2/687 771/2/683
f 775/2/687 776/2/688 774/2/686
f 773/2/685 777/2/689 775/2/687
f 776/2/688 775/2/687 777/2/689
f 777/2/689 773/2/685 778/2/690
f 777/2/689 779/2/691 776/2/688
f 778/2/690 780/2/692 777/2/689
f 779/2/691 777/2/689 780/2/692
f 780/2/692 778/2/690 781/2/693
f 781/2/693 782/2/694 780/2/692
f 783/2/695 779/2/691 780/2/692
f 782/2/694 783/2/695 780/2/692
f 784/2/696 779/2/691 783/2/695
f 785/2/697 783/2/695 782/2/694
f 783/2/695 786/2/698 784/2/696
f 786/2/698 783/2/695 785/2/697
f 787/2/699 784/2/696 786/2/698
f 785/2/697 788/2/700 786/2/698
f 786/2/698 788/2/700 787/2/699
f 788/2/700 785/2/697 789/2/701
f 787/2/699 788/2/700 790/2/702
f 789/2/701 791/2/703 788/2/700
f 792/2/704 790/2/702 788/2/700
f 792/2/704 788/2/700 791/2/703
f 790/2/702 792/2/704 793/2/705
f 791/2/703 794/2/706 792/2/704
f 792/2/704 794/2/706 793/2/705
f 794/2/706 791/2/703 795/2/707
f 793/2/705 794/2/706 796/2/708
f 795/2/707 797/2/709 794/2/706
f 797/2/709 796/2/708 794/2/706
f 797/2/709 795/2/707 798/2/710
f 799/2/711 796/2/708 797/2/709
f 798/2/710 800/2/712 797/2/709
f 797/2/709 801/2/713 799/2/711
f 801/2/713 797/2/709 802/2/714
f 802/2/714 797/2/709 800/2/712
f 802/2/714 803/2/715 801/2/713
f 803/2/715 802/2/714 804/2/716
f 800/2/712 804/2/716 802/2/714
f 804/2/716 800/2/712 805/2/717
f 806/2/718 807/2/719 808/2/720
f 809/2/721 810/2/722 808/2/720
f 808/2/720 811/2/723 806/2/718
f 812/2/724 808/2/720 810/2/722
f 811/2/723 808/2/720 812/2/724
f 810/2/722 813/2/725 812/2/724
f 812/2/724 814/2/726 811/2/723
f 815/2/727 812/2/724 813/2/725
f 814/2/726 812/2/724 815/2/727
f 813/2/725 816/2/728 815/2/727
f 816/2/728 814/2/726 815/2/727
f 816/2/728 813/2/725 817/2/729
f 818/2/730 814/2/726 816/2/728
f 817/2/729 819/2/731 816/2/728
f 816/2/728 819/2/731 818/2/730
f 819/2/731 817/2/729 820/2/732
f 821/2/733 818/2/730 819/2/731
f 820/2/732 822/2/734 819/2/731
f 819/2/731 823/2/735 821/2/733
f 823/2/735 819/2/731 824/2/736
f 819/2/731 822/2/734 824/2/736
f 824/2/736 825/2/737 823/2/735
f 822/2/734 826/2/738 824/2/736
f 825/2/737 824/2/736 826/2/738
f 826/2/738 822/2/734 827/2/739
f 826/2/738 828/2/740 825/2/737
f 827/2/739 829/2/741 826/2/738
f 828/2/740 826/2/738 829/2/741
f 829/2/741 827/2/739 830/2/742
f 829/2/741 831/2/743 828/2/740
f 830/2/742 831/2/743 829/2/741
f 832/2/744 828/2/740 831/2/743
f 831/2/743 830/2/742 833/2/745
f 834/2/746 832/2/744 831/2/743
f 833/2/745 834/2/746 831/2/743
f 835/2/747 832/2/744 834/2/746
f 834/2/746 833/2/745 836/2/748
f 834/2/746 837/2/749 835/2/747
f 838/2/750 834/2/746 836/2/748
f 837/2/749 834/2/746 839/2/751
f 839/2/751 834/2/746 838/2/750
f 839/2/751 840/2/752 837/2/749
f 838/2/750 841/2/753 839/2/751
f 840/2/752 839/2/751 841/2/753
f 841/2/753 838/2/750 842/2/754
f 841/2/753 843/2/755 840/2/752
f 842/2/754 844/2/756 841/2/753
f 843/2/755 841/2/753 844/2/756
f 844/2/756 842/2/754 845/2/757
f 844/2/756 845/2/757 846/2/758
f 847/2/759 844/2/756 846/2/758
f 844/2/756 847/2/759 843/2/755
f 843/2/755 847/2/759 848/2/760
f 849/2/761 850/2/762 851/2/763
f 852/2/764 849/2/761 853/2/765
f 854/2/766 849/2/761 851/2/763
f 849/2/761 855/2/767 853/2/765
f 849/2/761 854/2/766 856/2/768
f 855/2/767 849/2/761 856/2/768
f 857/2/769 856/2/768 854/2/766
f 856/2/768 858/2/770 855/2/767
f 856/2/768 857/2/769 859/2/771
f 858/2/770 856/2/768 859/2/771
f 857/2/769 860/2/772 859/2/771
f 859/2/771 860/2/772 858/2/770
f 860/2/772 857/2/769 861/2/773
f 858/2/770 860/2/772 862/2/774
f 861/2/773 863/2/775 860/2/772
f 860/2/772 863/2/775 862/2/774
f 863/2/775 861/2/773 864/2/776
f 862/2/774 863/2/775 865/2/777
f 864/2/776 866/2/778 863/2/775
f 863/2/775 867/2/779 865/2/777
f 868/2/780 863/2/775 866/2/778
f 867/2/779 863/2/775 868/2/780
f 869/2/781 868/2/780 866/2/778
f 868/2/780 870/2/782 867/2/779
f 868/2/780 869/2/781 871/2/783
f 870/2/782 868/2/780 871/2/783
f 872/2/784 871/2/783 869/2/781
f 873/2/785 870/2/782 871/2/783
f 871/2/783 872/2/784 873/2/785
f 870/2/782 873/2/785 874/2/786
f 873/2/785 875/2/787 874/2/786
f 872/2/784 876/2/788 873/2/785
f 875/2/787 873/2/785 876/2/788
f 876/2/788 872/2/784 877/2/789
f 876/2/788 878/2/790 875/2/787
f 877/2/789 878/2/790 876/2/788
f 878/2/790 877/2/789 879/2/791
f 880/2/792 875/2/787 878/2/790
f 879/2/791 881/2/793 878/2/790
f 878/2/790 882/2/794 880/2/792
f 881/2/793 882/2/794 878/2/790
f 883/2/795 880/2/792 882/2/794
f 882/2/794 884/2/796 883/2/795
f 884/2/796 882/2/794 885/2/797
f 881/2/793 885/2/797 882/2/794
f 885/2/797 881/2/793 886/2/798
f 887/2/799 888/2/800 889/2/801
f 888/2/800 887/2/799 890/2/802
f 891/2/803 890/2/802 887/2/799
f 890/2/802 891/2/803 892/2/804
f 891/2/803 893/2/805 892/2/804
f 887/2/799 894/2/806 891/2/803
f 894/2/806 887/2/799 895/2/807
f 889/2/801 895/2/807 887/2/799
f 895/2/807 889/2/801 896/2/808
f 889/2/801 897/2/809 896/2/808
f 888/2/800 898/2/810 889/2/801
f 897/2/809 889/2/801 898/2/810
f 898/2/810 888/2/800 899/2/811
f 898/2/810 900/2/812 897/2/809
f 899/2/811 901/2/813 898/2/810
f 900/2/812 898/2/810 901/2/813
f 901/2/813 899/2/811 902/2/814
f 901/2/813 903/2/815 900/2/812
f 902/2/814 904/2/816 901/2/813
f 901/2/813 904/2/816 905/2/817
f 903/2/815 901/2/813 905/2/817
f 904/2/816 906/2/818 905/2/817
f 907/2/819 903/2/815 905/2/817
f 905/2/817 906/2/818 907/2/819
f 906/2/818 908/2/820 907/2/819
f 903/2/815 907/2/819 909/2/821
f 907/2/819 908/2/820 910/2/822
f 910/2/822 909/2/821 907/2/819
f 909/2/821 910/2/822 911/2/823
f 912/2/824 913/2/825 914/2/826
f 914/2/826 915/2/827 912/2/824
f 914/2/826 913/2/825 916/2/828
f 913/2/825 917/2/829 916/2/828
f 915/2/827 914/2/826 918/2/830
f 918/2/830 919/2/831 915/2/827
f 914/2/826 916/2/828 920/2/832
f 921/2/833 914/2/826 920/2/832
f 918/2/830 914/2/826 921/2/833
f 920/2/832 916/2/828 922/2/834
f 919/2/831 918/2/830 923/2/835
f 921/2/833 923/2/835 918/2/830
f 923/2/835 924/2/836 919/2/831
f 923/2/835 921/2/833 925/2/837
f 916/2/828 926/2/838 922/2/834
f 926/2/838 916/2/828 917/2/829
f 927/2/839 922/2/834 926/2/838
f 917/2/829 928/2/840 926/2/838
f 926/2/838 929/2/841 927/2/839
f 929/2/841 926/2/838 928/2/840
f 930/2/842 927/2/839 929/2/841
f 929/2/841 931/2/843 930/2/842
f 928/2/840 932/2/844 929/2/841
f 931/2/843 929/2/841 932/2/844
f 932/2/844 933/2/845 931/2/843
f 932/2/844 928/2/840 934/2/846
f 933/2/845 932/2/844 935/2/847
f 934/2/846 935/2/847 932/2/844
f 935/2/847 934/2/846 936/2/848
f 925/2/837 937/2/849 923/2/835
f 937/2/849 925/2/837 938/2/850
f 924/2/836 923/2/835 937/2/849
f 937/2/849 938/2/850 939/2/851
f 940/2/852 924/2/836 937/2/849
f 940/2/852 937/2/849 939/2/851
f 941/2/853 924/2/836 940/2/852
f 942/2/854 940/2/852 939/2/851
f 940/2/852 943/2/855 941/2/853
f 943/2/855 940/2/852 942/2/854
f 941/2/853 943/2/855 944/2/856
f 942/2/854 945/2/857 943/2/855
f 945/2/857 944/2/856 943/2/855
f 945/2/857 942/2/854 946/2/858
f 947/2/859 944/2/856 945/2/857
f 946/2/858 948/2/860 945/2/857
f 945/2/857 948/2/860 947/2/859
f 948/2/860 946/2/858 949/2/861
f 950/2/862 947/2/859 948/2/860
f 949/2/861 951/2/863 948/2/860
f 948/2/860 951/2/863 950/2/862
f 951/2/863 949/2/861 952/2/864
f 953/2/865 950/2/862 951/2/863
f 952/2/864 954/2/866 951/2/863
f 953/2/865 951/2/863 954/2/866
f 954/2/866 952/2/864 955/2/867
f 956/2/868 953/2/865 954/2/866
f 957/2/869 958/2/870 959/2/871
f 960/2/872 959/2/871 958/2/870
f 959/2/871 960/2/872 961/2/873
f 960/2/872 962/2/874 961/2/873
f 958/2/870 963/2/875 960/2/872
f 962/2/874 960/2/872 964/2/876
f 963/2/875 964/2/876 960/2/872
f 964/2/876 963/2/875 965/2/877
f 963/2/875 958/2/870 966/2/878
f 967/2/879 964/2/876 965/2/877
f 964/2/876 968/2/880 962/2/874
f 964/2/876 967/2/879 968/2/880
f 969/2/881 962/2/874 968/2/880
f 970/2/882 966/2/878 958/2/870
f 958/2/870 957/2/869 970/2/882
f 966/2/878 970/2/882 971/2/883
f 970/2/882 972/2/884 971/2/883
f 968/2/880 973/2/885 969/2/881
f 967/2/879 973/2/885 968/2/880
f 974/2/886 969/2/881 973/2/885
f 973/2/885 967/2/879 975/2/887
f 973/2/885 976/2/888 974/2/886
f 975/2/887 976/2/888 973/2/885
f 977/2/889 974/2/886 976/2/888
f 976/2/888 975/2/887 978/2/890
f 976/2/888 979/2/891 977/2/889
f 978/2/890 979/2/891 976/2/888
f 979/2/891 978/2/890 980/2/892
f 981/2/893 977/2/889 979/2/891
f 982/2/894 979/2/891 980/2/892
f 979/2/891 983/2/895 981/2/893
f 979/2/891 982/2/894 983/2/895
f 984/2/896 981/2/893 983/2/895
f 982/2/894 985/2/897 983/2/895
f 986/2/898 984/2/896 983/2/895
f 985/2/897 986/2/898 983/2/895
f 984/2/896 986/2/898 987/2/899
f 985/2/897 988/2/900 986/2/898
f 986/2/898 989/2/901 987/2/899
f 990/2/902 986/2/898 988/2/900
f 989/2/901 986/2/898 990/2/902
f 991/2/903 990/2/902 988/2/900
f 990/2/902 807/2/719 989/2/901
f 990/2/902 991/2/903 992/2/904
f 807/2/719 990/2/902 992/2/904
f 991/2/903 809/2/721 992/2/904
f 992/2/904 808/2/720 807/2/719
f 992/2/904 809/2/721 808/2/720
f 993/2/905 994/2/906 995/2/907
f 996/2/908 995/2/907 994/2/906
f 994/2/906 894/2/806 996/2/908
f 894/2/806 994/2/906 891/2/803
f 893/2/805 891/2/803 994/2/906
f 993/2/905 893/2/805 994/2/906
f 893/2/805 993/2/905 997/2/909
f 995/2/907 998/2/910 993/2/905
f 993/2/905 998/2/910 997/2/909
f 998/2/910 995/2/907 999/2/911
f 997/2/909 998/2/910 1000/2/912
f 999/2/911 1001/2/913 998/2/910
f 998/2/910 1001/2/913 1000/2/912
f 1001/2/913 999/2/911 1002/2/914
f 1000/2/912 1001/2/913 1003/2/915
f 1002/2/914 1004/2/916 1001/2/913
f 1001/2/913 1005/2/917 1003/2/915
f 1001/2/913 1004/2/916 1005/2/917
f 1003/2/915 1005/2/917 1006/2/918
f 1004/2/916 1007/2/919 1005/2/917
f 1005/2/917 1008/2/920 1006/2/918
f 1008/2/920 1005/2/917 1007/2/919
f 1006/2/918 1008/2/920 1009/2/921
f 1007/2/919 1010/2/922 1008/2/920
f 1008/2/920 1011/2/923 1009/2/921
f 1011/2/923 1008/2/920 1010/2/922
f 1011/2/923 1012/2/924 1009/2/921
f 1010/2/922 850/2/762 1011/2/923
f 1011/2/923 852/2/764 1012/2/924
f 850/2/762 1013/2/925 1011/2/923
f 852/2/764 1011/2/923 1013/2/925
f 850/2/762 849/2/761 1013/2/925
f 1013/2/925 849/2/761 852/2/764
f 1014/2/926 1015/2/926 1016/2/926
f 1015/2/926 1014/2/926 1017/2/927
f 1018/2/926 1017/2/927 1014/2/926
f 1017/2/927 1018/2/926 1019/2/926
f 1020/2/928 1021/2/929 1022/2/930
f 1023/2/931 1022/2/930 1021/2/929
f 1020/2/928 1022/2/930 1024/2/932
f 1025/2/933 1020/2/928 1024/2/932
f 1026/2/934 1022/2/930 1023/2/931
f 1027/2/935 1026/2/934 1023/2/931
f 1022/2/930 1028/2/936 1024/2/932
f 1028/2/936 1022/2/930 1029/2/937
f 1022/2/930 1030/2/938 1029/2/937
f 1030/2/938 1022/2/930 1026/2/934
f 1026/2/934 1031/2/939 1030/2/938
f 1031/2/939 1026/2/934 1032/2/940
f 1032/2/940 1026/2/934 1027/2/935
f 1032/2/940 1033/2/941 1031/2/939
f 1028/2/936 1034/2/942 1024/2/932
f 1024/2/932 1034/2/942 1025/2/933
f 1034/2/942 1028/2/936 1035/2/943
f 1036/2/944 1034/2/942 1035/2/943
f 1037/2/945 1025/2/933 1034/2/942
f 1034/2/942 1036/2/944 1037/2/945
f 1038/2/946 1025/2/933 1037/2/945
f 1039/2/947 1037/2/945 1036/2/944
f 1037/2/945 1040/2/948 1038/2/946
f 1041/2/949 1037/2/945 1039/2/947
f 1040/2/948 1037/2/945 1041/2/949
f 1042/2/950 1041/2/949 1039/2/947
f 1041/2/949 1043/2/951 1040/2/948
f 1043/2/951 1041/2/949 1042/2/950
f 1043/2/951 1044/2/952 1040/2/948
f 1045/2/953 1043/2/951 1042/2/950
f 1043/2/951 1046/2/954 1044/2/952
f 1046/2/954 1043/2/951 1045/2/953
f 1044/2/952 1046/2/954 1047/2/955
f 1048/2/956 1046/2/954 1045/2/953
f 1046/2/954 1049/2/957 1047/2/955
f 1049/2/957 1046/2/954 1048/2/956
f 1050/2/958 1047/2/955 1049/2/957
f 1048/2/956 1051/2/959 1049/2/957
f 1049/2/957 1052/2/960 1050/2/958
f 1053/2/961 1049/2/957 1051/2/959
f 1052/2/960 1049/2/957 1053/2/961
f 1054/2/962 1053/2/961 1051/2/959
f 1053/2/961 1055/2/963 1052/2/960
f 1056/2/964 1053/2/961 1054/2/962
f 1055/2/963 1053/2/961 1056/2/964
f 1057/2/965 1056/2/964 1054/2/962
f 1056/2/964 1058/2/966 1055/2/963
f 1059/2/967 1056/2/964 1057/2/965
f 1058/2/966 1056/2/964 1059/2/967
f 1060/2/968 1061/2/969 1062/2/970
f 1061/2/969 1060/2/968 1063/2/971
f 1060/2/968 1062/2/970 1064/2/972
f 1062/2/970 1065/2/972 1064/2/972
f 1066/2/973 1067/2/974 1068/2/975
f 1066/2/973 1069/2/976 1067/2/974
f 1066/2/973 1068/2/975 1070/2/975
f 1069/2/976 1066/2/973 1071/2/977
f 1070/2/975 1068/2/975 1072/2/978
f 1069/2/976 1071/2/977 1073/2/979
f 1074/2/978 1070/2/975 1072/2/978
f 1073/2/979 1075/2/980 1069/2/976
f 1072/2/978 1076/2/981 1074/2/978
f 1073/2/979 1077/2/981 1075/2/980
f 1076/2/981 1072/2/978 1077/2/981
f 1077/2/981 1073/2/979 1076/2/981
f 1078/2/982 1079/2/983 1080/2/984
f 1078/2/982 1081/2/985 1079/2/983
f 1078/2/982 1080/2/984 1082/2/984
f 1081/2/985 1078/2/982 1083/2/985
f 1080/2/984 1084/2/986 1082/2/984
f 1085/2/987 1081/2/985 1083/2/985
f 1084/2/986 1080/2/984 1086/2/988
f 1085/2/987 1087/2/989 1081/2/985
f 1088/2/990 1084/2/986 1086/2/988
f 1087/2/989 1085/2/987 1089/2/990
f 1084/2/986 1088/2/990 1089/2/990
f 1089/2/990 1088/2/990 1087/2/989
f 1090/2/991 1091/2/992 1092/2/993
f 1091/2/992 1090/2/991 1093/2/994
f 1090/2/991 1092/2/993 1094/2/995
f 1094/2/995 1092/2/993 1095/2/996
f 1092/2/993 1096/2/997 1095/2/996
f 1091/2/992 1097/2/998 1092/2/993
f 1096/2/997 1092/2/993 1097/2/998
f 1097/2/998 1091/2/992 1098/2/999
f 1097/2/998 1099/2/1000 1096/2/997
f 1098/2/999 1100/2/1001 1097/2/998
f 1099/2/1000 1097/2/998 1100/2/1001
f 1100/2/1001 1098/2/999 1101/2/1002
f 1100/2/1001 1102/2/1003 1099/2/1000
f 1101/2/1002 1103/2/1004 1100/2/1001
f 1102/2/1003 1100/2/1001 1103/2/1004
f 1103/2/1004 1101/2/1002 1104/2/1005
f 1103/2/1004 1105/2/1006 1102/2/1003
f 1104/2/1005 1106/2/1007 1103/2/1004
f 1105/2/1006 1103/2/1004 1107/2/1008
f 1107/2/1008 1103/2/1004 1106/2/1007
f 1107/2/1008 1108/2/1009 1105/2/1006
f 1109/2/1010 1107/2/1008 1106/2/1007
f 1108/2/1009 1107/2/1008 1110/2/1011
f 1107/2/1008 1109/2/1010 1110/2/1011
f 1111/2/1012 1108/2/1009 1110/2/1011
f 1109/2/1010 1111/2/1012 1110/2/1011
f 1108/2/1009 1111/2/1012 1112/2/1013
f 1111/2/1012 1109/2/1010 1113/2/1014
f 1114/2/1015 1112/2/1013 1111/2/1012
f 1113/2/1014 1114/2/1015 1111/2/1012
f 1115/2/1016 1112/2/1013 1114/2/1015
f 1114/2/1015 1113/2/1014 1116/2/1017
f 1117/2/1018 1115/2/1016 1114/2/1015
f 1116/2/1017 1117/2/1018 1114/2/1015
f 1118/2/1019 1115/2/1016 1117/2/1018
f 1117/2/1018 1116/2/1017 1119/2/1020
f 1117/2/1018 1120/2/1021 1118/2/1019
f 1119/2/1020 1121/2/1022 1117/2/1018
f 1120/2/1021 1117/2/1018 1121/2/1022
f 1121/2/1022 1119/2/1020 1122/2/1023
f 1121/2/1022 1123/2/1024 1120/2/1021
f 1122/2/1023 1124/2/1025 1121/2/1022
f 1123/2/1024 1121/2/1022 1124/2/1025
f 1124/2/1025 1122/2/1023 1125/2/1026
f 1124/2/1025 1126/2/1027 1123/2/1024
f 1125/2/1026 1127/2/1028 1124/2/1025
f 1126/2/1027 1124/2/1025 1127/2/1028
f 1127/2/1028 1125/2/1026 1128/2/1029
f 1129/2/1030 1127/2/1028 1128/2/1029
f 1127/2/1028 1130/2/1031 1126/2/1027
f 1130/2/1031 1127/2/1028 1129/2/1030
f 1130/2/1031 1129/2/1030 1131/2/1032
f 1132/2/1033 1126/2/1027 1130/2/1031
f 1133/2/1034 1130/2/1031 1131/2/1032
f 1132/2/1033 1130/2/1031 1133/2/1034
f 1134/2/1035 1132/2/1033 1133/2/1034
f 957/2/869 1135/2/1036 970/2/882
f 972/2/884 970/2/882 1135/2/1036
f 1135/2/1036 957/2/869 1136/2/1037
f 1135/2/1036 1137/2/1038 972/2/884
f 1136/2/1037 1137/2/1038 1135/2/1036
f 1137/2/1038 1136/2/1037 1138/2/1039
f 1139/2/1040 972/2/884 1137/2/1038
f 1137/2/1038 1138/2/1039 1140/2/1041
f 1137/2/1038 1141/2/1042 1139/2/1040
f 1141/2/1042 1137/2/1038 1140/2/1041
f 1142/2/1043 1139/2/1040 1141/2/1042
f 1143/2/1044 1141/2/1042 1140/2/1041
f 1144/2/1045 1142/2/1043 1141/2/1042
f 1144/2/1045 1141/2/1042 1143/2/1044
f 1142/2/1043 1144/2/1045 1145/2/1046
f 1144/2/1045 1146/2/1047 1145/2/1046
f 1143/2/1044 1147/2/1048 1144/2/1045
f 1146/2/1047 1144/2/1045 1147/2/1048
f 1147/2/1048 1143/2/1044 1148/2/1049
f 1147/2/1048 1149/2/1050 1146/2/1047
f 1148/2/1049 1149/2/1050 1147/2/1048
f 1150/2/1051 1146/2/1047 1149/2/1050
f 1149/2/1050 1148/2/1049 1151/2/1052
f 1149/2/1050 1152/2/1053 1150/2/1051
f 1151/2/1052 1152/2/1053 1149/2/1050
f 1153/2/1054 1150/2/1051 1152/2/1053
f 1152/2/1053 1151/2/1052 1154/2/1055
f 1152/2/1053 1155/2/1056 1153/2/1054
f 1154/2/1055 1156/2/1057 1152/2/1053
f 1155/2/1056 1152/2/1053 1156/2/1057
f 1156/2/1057 1154/2/1055 1157/2/1058
f 1157/2/1058 1158/2/1059 1156/2/1057
f 1156/2/1057 1159/2/1060 1155/2/1056
f 1156/2/1057 1158/2/1059 1159/2/1060
f 1155/2/1056 1159/2/1060 1160/2/1061
f 1158/2/1059 1161/2/1062 1159/2/1060
f 1159/2/1060 1162/2/1063 1160/2/1061
f 1161/2/1062 1163/2/1064 1159/2/1060
f 1162/2/1063 1159/2/1060 1163/2/1064
f 1161/2/1062 1164/2/1065 1163/2/1064
f 1163/2/1064 1165/2/1066 1162/2/1063
f 1163/2/1064 1164/2/1065 1165/2/1066
f 1162/2/1063 1165/2/1066 1166/2/1067
f 1164/2/1065 1167/2/1068 1165/2/1066
f 1167/2/1068 1166/2/1067 1165/2/1066
f 1167/2/1068 1164/2/1065 1168/2/1069
f 1166/2/1067 1167/2/1068 1169/2/1070
f 1168/2/1069 1170/2/1071 1167/2/1068
f 1170/2/1071 1169/2/1070 1167/2/1068
f 1170/2/1071 1168/2/1069 1171/2/1072
f 1169/2/1070 1170/2/1071 1172/2/1073
f 1173/2/1074 1170/2/1071 1171/2/1072
f 1170/2/1071 1174/2/1075 1172/2/1073
f 1170/2/1071 1173/2/1074 1175/2/1076
f 1174/2/1075 1170/2/1071 1175/2/1076
f 1175/2/1076 1173/2/1074 1176/2/1077
f 1175/2/1076 1177/2/1078 1174/2/1075
f 1178/2/1079 1175/2/1076 1176/2/1077
f 1177/2/1078 1175/2/1076 1178/2/1079
f 1179/2/1080 1027/2/935 1180/2/1081
f 1027/2/935 1179/2/1080 1032/2/940
f 1033/2/941 1032/2/940 1179/2/1080
f 1179/2/1080 1181/2/1082 1033/2/941
f 1180/2/1081 1182/2/1083 1179/2/1080
f 1181/2/1082 1179/2/1080 1182/2/1083
f 1182/2/1083 1180/2/1081 1183/2/1084
f 1182/2/1083 1184/2/1085 1181/2/1082
f 1183/2/1084 1185/2/1086 1182/2/1083
f 1184/2/1085 1182/2/1083 1186/2/1087
f 1186/2/1087 1182/2/1083 1185/2/1086
f 1186/2/1087 1187/2/1088 1184/2/1085
f 1185/2/1086 1188/2/1089 1186/2/1087
f 1187/2/1088 1186/2/1087 1188/2/1089
f 1188/2/1089 1185/2/1086 1189/2/1090
f 1190/2/1091 1187/2/1088 1188/2/1089
f 1189/2/1090 1190/2/1091 1188/2/1089
f 1190/2/1091 1189/2/1090 1191/2/1092
f 1192/2/1093 1187/2/1088 1190/2/1091
f 1193/2/1094 1190/2/1091 1191/2/1092
f 1194/2/1095 1192/2/1093 1190/2/1091
f 1190/2/1091 1193/2/1094 1194/2/1095
f 1192/2/1093 1194/2/1095 1195/2/1096
f 1196/2/1097 1194/2/1095 1193/2/1094
f 1194/2/1095 1197/2/1098 1195/2/1096
f 1194/2/1095 1196/2/1097 1198/2/1099
f 1197/2/1098 1194/2/1095 1198/2/1099
f 1196/2/1097 1199/2/1100 1198/2/1099
f 1198/2/1099 1199/2/1100 1197/2/1098
f 1199/2/1100 1196/2/1097 1200/2/1101
f 1197/2/1098 1199/2/1100 1201/2/1102
f 1200/2/1101 1202/2/1103 1199/2/1100
f 1199/2/1100 1202/2/1103 1201/2/1102
f 1201/2/1102 1202/2/1103 1203/2/1104
f 1202/2/1103 1200/2/1101 1204/2/1105
f 1202/2/1103 1205/2/1106 1203/2/1104
f 1204/2/1105 1206/2/1107 1202/2/1103
f 1205/2/1106 1202/2/1103 1206/2/1107
f 1206/2/1107 1204/2/1105 1207/2/1108
f 1206/2/1107 1208/2/1109 1205/2/1106
f 1207/2/1108 1209/2/1110 1206/2/1107
f 1208/2/1109 1206/2/1107 1209/2/1110
f 1209/2/1110 1207/2/1108 1210/2/1111
f 1210/2/1111 1211/2/1112 1209/2/1110
f 1209/2/1110 1212/2/1113 1208/2/1109
f 1212/2/1113 1209/2/1110 1211/2/1112
f 1213/2/1114 1208/2/1109 1212/2/1113
f 1211/2/1112 1214/2/1115 1212/2/1113
f 1214/2/1115 1213/2/1114 1212/2/1113
f 1214/2/1115 1211/2/1112 1215/2/1116
f 1213/2/1114 1214/2/1115 1216/2/1117
f 1057/2/965 1217/2/1118 1059/2/967
f 1217/2/1118 1058/2/966 1059/2/967
f 1217/2/1118 1057/2/965 1218/2/1119
f 1219/2/1120 1058/2/966 1217/2/1118
f 1220/2/1121 1217/2/1118 1218/2/1119
f 1221/2/1122 1219/2/1120 1217/2/1118
f 1217/2/1118 1220/2/1121 1221/2/1122
f 1219/2/1120 1221/2/1122 1222/2/1123
f 1221/2/1122 1223/2/1124 1222/2/1123
f 1220/2/1121 1224/2/1125 1221/2/1122
f 1223/2/1124 1221/2/1122 1224/2/1125
f 1224/2/1125 1220/2/1121 1225/2/1126
f 1224/2/1125 1226/2/1127 1223/2/1124
f 1225/2/1126 1227/2/1128 1224/2/1125
f 1226/2/1127 1224/2/1125 1227/2/1128
f 1227/2/1128 1225/2/1126 1228/2/1129
f 1229/2/1130 1227/2/1128 1228/2/1129
f 1230/2/1131 1226/2/1127 1227/2/1128
f 1230/2/1131 1227/2/1128 1229/2/1130
f 1226/2/1127 1230/2/1131 1231/2/1132
f 1229/2/1130 1232/2/1133 1230/2/1131
f 1233/2/1134 1231/2/1132 1230/2/1131
f 1233/2/1134 1230/2/1131 1232/2/1133
f 1234/2/1135 1231/2/1132 1233/2/1134
f 1233/2/1134 1235/2/1136 1234/2/1135
f 1232/2/1133 1236/2/1137 1233/2/1134
f 1235/2/1136 1233/2/1134 1236/2/1137
f 1236/2/1137 1232/2/1133 1237/2/1138
f 1237/2/1138 1238/2/1139 1236/2/1137
f 1236/2/1137 1239/2/1140 1235/2/1136
f 1236/2/1137 1238/2/1139 1239/2/1140
f 1240/2/1141 1235/2/1136 1239/2/1140
f 1238/2/1139 1241/2/1142 1239/2/1140
f 1239/2/1140 1241/2/1142 1240/2/1141
f 1241/2/1142 1238/2/1139 1242/2/1143
f 1240/2/1141 1241/2/1142 1243/2/1144
f 1242/2/1143 1244/2/1145 1241/2/1142
f 1245/2/1146 1243/2/1144 1241/2/1142
f 1245/2/1146 1241/2/1142 1244/2/1145
f 1246/2/1147 1243/2/1144 1245/2/1146
f 1244/2/1145 1247/2/1148 1245/2/1146
f 1245/2/1146 1247/2/1148 1246/2/1147
f 1248/2/1149 1246/2/1147 1247/2/1148
f 1247/2/1148 1244/2/1145 1249/2/1150
f 1247/2/1148 1250/2/1151 1248/2/1149
f 1249/2/1150 1251/2/1152 1247/2/1148
f 1250/2/1151 1247/2/1148 1251/2/1152
f 1251/2/1152 1249/2/1150 1252/2/1153
f 1253/2/1154 1250/2/1151 1251/2/1152
f 1252/2/1153 1253/2/1154 1251/2/1152
f 1250/2/1151 1253/2/1154 1254/2/1155
f 1253/2/1154 1252/2/1153 1255/2/1156
f 1253/2/1154 1256/2/1157 1254/2/1155
f 1255/2/1156 1256/2/1157 1253/2/1154
f 1254/2/1155 1256/2/1157 1257/2/1158
f 1256/2/1157 1255/2/1156 1258/2/1159
f 1256/2/1157 1259/2/1160 1257/2/1158
f 1258/2/1159 1259/2/1160 1256/2/1157
f 1257/2/1158 1259/2/1160 1260/2/1161
f 1259/2/1160 1258/2/1159 1261/2/1162
f 1262/2/1163 1263/2/1164 1264/2/1164
f 1263/2/1164 1265/2/1165 1264/2/1164
f 1263/2/1164 1262/2/1163 1266/2/1166
f 1265/2/1165 1263/2/1164 1267/2/1165
f 1262/2/1163 1268/2/1167 1266/2/1166
f 1265/2/1165 1267/2/1165 1269/2/1168
f 1268/2/1167 1262/2/1163 1270/2/1169
f 1265/2/1165 1269/2/1168 1271/2/1170
f 1272/2/1171 1268/2/1167 1270/2/1169
f 1273/2/1172 1271/2/1170 1269/2/1168
f 1268/2/1167 1272/2/1171 1273/2/1172
f 1273/2/1172 1272/2/1171 1271/2/1170
f 1274/2/1173 1275/2/1174 1276/2/1175
f 1275/2/1174 1277/2/1176 1276/2/1175
f 1275/2/1174 1274/2/1173 1278/2/1173
f 1277/2/1176 1275/2/1174 1279/2/1176
f 1274/2/1173 1280/2/1177 1278/2/1173
f 1277/2/1176 1279/2/1176 1281/2/1178
f 1280/2/1177 1274/2/1173 1282/2/1177
f 1277/2/1176 1281/2/1178 1283/2/1179
f 1280/2/1177 1282/2/1177 1284/2/1180
f 1285/2/1180 1283/2/1179 1281/2/1178
f 1284/2/1180 1285/2/1180 1280/2/1177
f 1283/2/1179 1285/2/1180 1284/2/1180
f 1286/2/1181 1287/2/1182 1288/2/1183
f 1286/2/1181 1288/2/1183 1289/2/1183
f 1286/2/1181 1290/2/1184 1287/2/1182
f 1288/2/1183 1291/2/1185 1289/2/1183
f 1287/2/1182 1290/2/1184 1292/2/1186
f 1291/2/1185 1288/2/1183 1293/2/1187
f 1290/2/1184 1294/2/1188 1292/2/1186
f 1291/2/1185 1293/2/1187 1295/2/1189
f 1294/2/1188 1290/2/1184 1296/2/1188
f 1291/2/1185 1295/2/1189 1297/2/1189
f 1297/2/1189 1295/2/1189 1294/2/1188
f 1297/2/1189 1294/2/1188 1296/2/1188
f 1298/2/1190 1299/2/1191 1300/2/1192
f 1299/2/1191 1298/2/1190 1301/2/1191
f 1300/2/1192 1302/2/1193 1298/2/1190
f 1303/2/1194 1299/2/1191 1301/2/1191
f 1302/2/1193 1300/2/1192 1304/2/1195
f 1299/2/1191 1303/2/1194 1305/2/1196
f 1306/2/1197 1302/2/1193 1304/2/1195
f 1303/2/1194 1307/2/1198 1305/2/1196
f 1302/2/1193 1306/2/1197 1308/2/1199
f 1306/2/1197 1307/2/1198 1308/2/1199
f 1307/2/1198 1303/2/1194 1309/2/1200
f 1307/2/1198 1309/2/1200 1308/2/1199
f 1310/2/1201 1311/2/1202 1312/2/1203
f 1311/2/1202 1313/2/1204 1312/2/1203
f 1314/2/1205 1310/2/1201 1312/2/1203
f 1312/2/1203 1313/2/1204 1315/2/1206
f 1315/2/1206 1314/2/1205 1312/2/1203
f 1313/2/1204 1316/2/1207 1315/2/1206
f 1317/2/1208 1314/2/1205 1315/2/1206
f 1315/2/1206 1318/2/1209 1317/2/1208
f 1316/2/1207 1318/2/1209 1315/2/1206
f 1319/2/1210 1317/2/1208 1318/2/1209
f 1318/2/1209 1320/2/1211 1319/2/1210
f 1316/2/1207 1321/2/1212 1318/2/1209
f 1320/2/1211 1318/2/1209 1321/2/1212
f 1321/2/1212 1316/2/1207 1322/2/1213
f 1321/2/1212 1323/2/1214 1320/2/1211
f 1322/2/1213 1324/2/1215 1321/2/1212
f 1323/2/1214 1321/2/1212 1325/2/1216
f 1321/2/1212 1324/2/1215 1325/2/1216
f 1325/2/1216 1326/2/1217 1323/2/1214
f 1324/2/1215 1327/2/1218 1325/2/1216
f 1326/2/1217 1325/2/1216 1327/2/1218
f 1327/2/1218 1324/2/1215 1328/2/1219
f 1327/2/1218 1329/2/1220 1326/2/1217
f 1328/2/1219 1330/2/1221 1327/2/1218
f 1329/2/1220 1327/2/1218 1330/2/1221
f 1330/2/1221 1328/2/1219 1331/2/1222
f 1331/2/1222 1332/2/1223 1330/2/1221
f 1330/2/1221 1333/2/1224 1329/2/1220
f 1333/2/1224 1330/2/1221 1332/2/1223
f 1334/2/1225 1329/2/1220 1333/2/1224
f 1333/2/1224 1335/2/1226 1334/2/1225
f 1332/2/1223 1336/2/1227 1333/2/1224
f 1335/2/1226 1333/2/1224 1336/2/1227
f 1336/2/1227 1332/2/1223 1337/2/1228
f 1336/2/1227 1338/2/1229 1335/2/1226
f 1337/2/1228 1339/2/1230 1336/2/1227
f 1338/2/1229 1336/2/1227 1339/2/1230
f 1339/2/1230 1337/2/1228 1340/2/1231
f 1340/2/1231 1341/2/1232 1339/2/1230
f 1339/2/1230 1342/2/1233 1338/2/1229
f 1339/2/1230 1341/2/1232 1342/2/1233
f 1343/2/1234 1338/2/1229 1342/2/1233
f 1344/2/1235 1342/2/1233 1341/2/1232
f 1342/2/1233 1345/2/1236 1343/2/1234
f 1342/2/1233 1344/2/1235 1345/2/1236
f 1345/2/1236 1346/2/1237 1343/2/1234
f 1345/2/1236 1347/2/1238 1346/2/1237
f 1344/2/1235 1348/2/1239 1345/2/1236
f 1347/2/1238 1345/2/1236 1348/2/1239
f 1348/2/1239 1344/2/1235 1349/2/1240
f 1348/2/1239 1350/2/1241 1347/2/1238
f 1349/2/1240 1351/2/1242 1348/2/1239
f 1350/2/1241 1348/2/1239 1351/2/1242
f 1351/2/1242 1349/2/1240 1352/2/1243
f 1351/2/1242 1353/2/1244 1350/2/1241
f 1352/2/1243 1354/2/1245 1351/2/1242
f 1351/2/1242 1354/2/1245 1355/2/1246
f 1353/2/1244 1351/2/1242 1355/2/1246
f 1354/2/1245 1356/2/1247 1355/2/1246
f 1355/2/1246 1357/2/1248 1353/2/1244
f 1357/2/1248 1355/2/1246 1356/2/1247
f 1358/2/1249 1353/2/1244 1357/2/1248
f 1359/2/1250 1357/2/1248 1356/2/1247
f 1360/2/1251 1358/2/1249 1357/2/1248
f 1357/2/1248 1359/2/1250 1360/2/1251
f 1358/2/1249 1360/2/1251 1361/2/1252
f 1360/2/1251 1362/2/1253 1361/2/1252
f 1359/2/1250 1363/2/1254 1360/2/1251
f 1362/2/1253 1360/2/1251 1363/2/1254
f 1363/2/1254 1359/2/1250 1364/2/1255
f 1363/2/1254 1365/2/1256 1362/2/1253
f 1363/2/1254 1364/2/1255 1366/2/1257
f 1365/2/1256 1363/2/1254 1367/2/1258
f 1367/2/1258 1363/2/1254 1366/2/1257
f 1368/2/1259 1369/2/1259 1370/2/1260
f 1368/2/1259 1371/2/1261 1369/2/1259
f 1368/2/1259 1370/2/1260 1372/2/1260
f 1371/2/1261 1368/2/1259 1373/2/1262
f 1372/2/1260 1370/2/1260 1374/2/1263
f 1373/2/1262 1375/2/1264 1371/2/1261
f 1374/2/1263 1376/2/1265 1372/2/1260
f 1375/2/1264 1373/2/1262 1377/2/1264
f 1374/2/1263 1378/2/1266 1376/2/1265
f 1375/2/1264 1377/2/1264 1378/2/1266
f 1378/2/1266 1374/2/1263 1379/2/1267
f 1375/2/1264 1378/2/1266 1379/2/1267
f 1380/2/1268 1381/2/1269 1382/2/1270
f 1382/2/1270 1383/2/1271 1380/2/1268
f 1381/2/1269 1380/2/1268 1384/2/1269
f 1380/2/1268 1383/2/1271 1385/2/1272
f 1384/2/1269 1386/2/1273 1381/2/1269
f 1383/2/1271 1387/2/1274 1385/2/1272
f 1386/2/1273 1384/2/1269 1388/2/1275
f 1387/2/1274 1383/2/1271 1389/2/1276
f 1386/2/1273 1388/2/1275 1390/2/1277
f 1389/2/1276 1390/2/1277 1387/2/1274
f 1386/2/1273 1390/2/1277 1391/2/1278
f 1390/2/1277 1389/2/1276 1391/2/1278
f 1392/2/1279 1393/2/1280 1394/2/1280
f 1393/2/1280 1392/2/1279 1395/2/1279
f 1396/2/1281 1394/2/1280 1393/2/1280
f 1395/2/1279 1392/2/1279 1397/2/1282
f 1398/2/1281 1394/2/1280 1396/2/1281
f 1397/2/1282 1399/2/1283 1395/2/1279
f 1396/2/1281 1400/2/1284 1398/2/1281
f 1397/2/1282 1401/2/1285 1399/2/1283
f 1400/2/1284 1396/2/1281 1402/2/1286
f 1401/2/1285 1400/2/1284 1402/2/1286
f 1401/2/1285 1397/2/1282 1403/2/1285
f 1401/2/1285 1403/2/1285 1400/2/1284
f 1404/2/1287 1405/2/1288 1406/2/1289
f 1404/2/1287 1407/2/1290 1405/2/1288
f 1404/2/1287 1406/2/1289 1408/2/1291
f 1407/2/1290 1404/2/1287 1409/2/1292
f 1410/2/1293 1408/2/1291 1406/2/1289
f 1407/2/1290 1409/2/1292 1411/2/1294
f 1410/2/1293 1412/2/1295 1408/2/1291
f 1407/2/1290 1411/2/1294 1413/2/1296
f 1410/2/1293 1414/2/1297 1412/2/1295
f 1413/2/1296 1411/2/1294 1414/2/1297
f 1414/2/1297 1410/2/1293 1415/2/1297
f 1413/2/1296 1414/2/1297 1415/2/1297
f 1416/2/1298 1417/2/1299 1418/2/1300
f 1416/2/1298 1418/2/1300 1419/2/1301
f 1417/2/1299 1420/2/1302 1418/2/1300
f 1419/2/1301 1421/2/1303 1416/2/1298
f 1417/2/1299 1422/2/1304 1420/2/1302
f 1423/2/1305 1422/2/1304 1417/2/1299
f 1416/2/1298 1423/2/1305 1417/2/1299
f 1423/2/1305 1424/2/1306 1422/2/1304
f 1423/2/1305 1416/2/1298 1425/2/1307
f 1424/2/1306 1426/2/1308 1422/2/1304
f 1416/2/1298 1427/2/1309 1425/2/1307
f 1310/2/1201 1422/2/1304 1426/2/1308
f 1422/2/1304 1310/2/1201 1420/2/1302
f 1428/2/1310 1420/2/1302 1310/2/1201
f 1426/2/1308 1311/2/1202 1310/2/1201
f 1310/2/1201 1314/2/1205 1428/2/1310
f 1427/2/1309 1416/2/1298 1429/2/1311
f 1429/2/1311 1416/2/1298 1421/2/1303
f 1429/2/1311 1430/2/1312 1427/2/1309
f 1421/2/1303 1431/2/1313 1429/2/1311
f 1430/2/1312 1429/2/1311 1432/2/1314
f 1429/2/1311 1431/2/1313 1432/2/1314
f 1432/2/1314 1433/2/1315 1430/2/1312
f 1431/2/1313 1434/2/1316 1432/2/1314
f 1433/2/1315 1432/2/1314 1435/2/1317
f 1432/2/1314 1434/2/1316 1435/2/1317
f 1435/2/1317 1436/2/1318 1433/2/1315
f 1434/2/1316 1437/2/1319 1435/2/1317
f 1436/2/1318 1435/2/1317 1437/2/1319
f 1437/2/1319 1438/2/1320 1436/2/1318
f 1437/2/1319 1434/2/1316 1439/2/1321
f 1438/2/1320 1437/2/1319 1440/2/1322
f 1439/2/1321 1440/2/1322 1437/2/1319
f 1440/2/1322 1439/2/1321 1441/2/1323
f 1442/2/1324 1443/2/1325 1444/2/1325
f 1443/2/1325 1445/2/1326 1444/2/1325
f 1443/2/1325 1442/2/1324 1446/2/1327
f 1445/2/1326 1443/2/1325 1447/2/1326
f 1442/2/1324 1448/2/1328 1446/2/1327
f 1449/2/1329 1445/2/1326 1447/2/1326
f 1448/2/1328 1442/2/1324 1450/2/1330
f 1445/2/1326 1449/2/1329 1451/2/1329
f 1448/2/1328 1450/2/1330 1452/2/1331
f 1451/2/1329 1449/2/1329 1453/2/1332
f 1448/2/1328 1452/2/1331 1453/2/1332
f 1453/2/1332 1452/2/1331 1451/2/1329
f 1454/2/1333 1455/2/1334 1456/2/1335
f 1454/2/1333 1457/2/1336 1455/2/1334
f 1456/2/1335 1458/2/1337 1454/2/1333
f 1457/2/1336 1454/2/1333 1459/2/1338
f 1460/2/1339 1458/2/1337 1456/2/1335
f 1459/2/1338 1461/2/1340 1457/2/1336
f 1462/2/1341 1458/2/1337 1460/2/1339
f 1461/2/1340 1459/2/1338 1463/2/1342
f 1460/2/1339 1464/2/1343 1462/2/1341
f 1463/2/1342 1465/2/1344 1461/2/1340
f 1464/2/1343 1460/2/1339 1465/2/1344
f 1465/2/1344 1463/2/1342 1464/2/1343
f 1466/2/1345 1467/2/1346 1468/2/1347
f 1468/2/1347 1469/2/1348 1466/2/1345
f 1468/2/1347 1467/2/1346 1470/2/1349
f 1469/2/1348 1468/2/1347 1471/2/1350
f 1472/2/1351 1470/2/1349 1467/2/1346
f 1473/2/1352 1469/2/1348 1471/2/1350
f 1470/2/1349 1472/2/1351 1474/2/1353
f 1469/2/1348 1473/2/1352 1475/2/1354
f 1472/2/1351 1476/2/1355 1474/2/1353
f 1473/2/1352 1477/2/1356 1475/2/1354
f 1476/2/1355 1472/2/1351 1477/2/1356
f 1477/2/1356 1473/2/1352 1476/2/1355
f 1478/2/1357 1479/2/1358 1480/2/1357
f 1480/2/1357 1481/2/1359 1478/2/1357
f 1480/2/1357 1479/2/1358 1482/2/1358
f 1481/2/1359 1480/2/1357 1483/2/1360
f 1479/2/1358 1484/2/1361 1482/2/1358
f 1483/2/1360 1485/2/1362 1481/2/1359
f 1484/2/1361 1479/2/1358 1486/2/1363
f 1485/2/1362 1483/2/1360 1487/2/1364
f 1488/2/1365 1484/2/1361 1486/2/1363
f 1489/2/1366 1485/2/1362 1487/2/1364
f 1488/2/1365 1489/2/1366 1484/2/1361
f 1489/2/1366 1488/2/1365 1485/2/1362
f 1490/2/1367 1491/2/1368 1492/2/1369
f 1490/2/1367 1493/2/1370 1491/2/1368
f 1492/2/1369 1494/2/1371 1490/2/1367
f 1493/2/1370 1490/2/1367 1495/2/1372
f 1492/2/1369 1496/2/1373 1494/2/1371
f 1495/2/1372 1497/2/1374 1493/2/1370
f 1496/2/1373 1498/2/1373 1494/2/1371
f 1497/2/1374 1495/2/1372 1499/2/1374
f 1496/2/1373 1500/2/1375 1498/2/1373
f 1497/2/1374 1499/2/1374 1500/2/1375
f 1500/2/1375 1496/2/1373 1501/2/1376
f 1501/2/1376 1497/2/1374 1500/2/1375
f 1502/2/1377 1503/2/1378 1504/2/1379
f 1502/2/1377 1505/2/1380 1503/2/1378
f 1502/2/1377 1504/2/1379 1506/2/1379
f 1505/2/1380 1502/2/1377 1507/2/1381
f 1504/2/1379 1508/2/1382 1506/2/1379
f 1505/2/1380 1507/2/1381 1509/2/1383
f 1506/2/1379 1508/2/1382 1510/2/1382
f 1505/2/1380 1509/2/1383 1511/2/1383
f 1508/2/1382 1512/2/1384 1510/2/1382
f 1512/2/1384 1511/2/1383 1509/2/1383
f 1512/2/1384 1508/2/1382 1513/2/1384
f 1511/2/1383 1512/2/1384 1513/2/1384
f 1514/2/1385 1515/2/1386 1516/2/1387
f 1515/2/1386 1514/2/1385 1517/2/1388
f 1516/2/1387 1518/2/1389 1514/2/1385
f 1515/2/1386 1517/2/1388 1519/2/1390
f 1518/2/1389 1516/2/1387 1520/2/1389
f 1515/2/1386 1519/2/1390 1521/2/1390
f 1520/2/1389 1522/2/1391 1518/2/1389
f 1523/2/1392 1521/2/1390 1519/2/1390
f 1522/2/1391 1520/2/1389 1524/2/1393
f 1521/2/1390 1523/2/1392 1525/2/1394
f 1525/2/1394 1523/2/1392 1522/2/1391
f 1525/2/1394 1522/2/1391 1524/2/1393
f 1526/2/1395 1527/2/1396 1528/2/1397
f 1526/2/1395 1528/2/1397 1529/2/1398
f 1527/2/1396 1526/2/1395 1530/2/1399
f 1528/2/1397 1531/2/1400 1529/2/1398
f 1527/2/1396 1530/2/1399 1532/2/1401
f 1529/2/1398 1531/2/1400 1533/2/1402
f 1530/2/1399 1534/2/1403 1532/2/1401
f 1531/2/1400 1535/2/1404 1533/2/1402
f 1534/2/1403 1530/2/1399 1536/2/1405
f 1535/2/1404 1534/2/1403 1536/2/1405
f 1535/2/1404 1531/2/1400 1537/2/1406
f 1534/2/1403 1535/2/1404 1537/2/1406
f 1538/2/1407 1539/2/1408 1540/2/1409
f 1541/2/1410 1538/2/1407 1540/2/1409
f 1539/2/1408 1538/2/1407 1542/2/1411
f 1538/2/1407 1541/2/1410 1543/2/1412
f 1542/2/1411 1544/2/1413 1539/2/1408
f 1541/2/1410 1545/2/1414 1543/2/1412
f 1544/2/1413 1542/2/1411 1546/2/1413
f 1545/2/1414 1541/2/1410 1547/2/1414
f 1548/2/1415 1544/2/1413 1546/2/1413
f 1549/2/1415 1545/2/1414 1547/2/1414
f 1544/2/1413 1548/2/1415 1549/2/1415
f 1545/2/1414 1549/2/1415 1548/2/1415
f 1550/2/1416 1551/2/1417 1552/2/1418
f 1551/2/1417 1553/2/1419 1552/2/1418
f 1550/2/1416 1552/2/1418 1554/2/1420
f 1551/2/1417 1555/2/1421 1553/2/1419
f 1550/2/1416 1554/2/1420 1556/2/1422
f 1555/2/1421 1551/2/1417 1557/2/1421
f 1554/2/1420 1558/2/1423 1556/2/1422
f 1555/2/1421 1557/2/1421 1559/2/1424
f 1558/2/1423 1554/2/1420 1560/2/1423
f 1560/2/1423 1559/2/1424 1558/2/1423
f 1559/2/1424 1561/2/1425 1555/2/1421
f 1559/2/1424 1560/2/1423 1561/2/1425
f 1562/2/1426 1563/2/1426 1564/2/1427
f 1562/2/1426 1565/2/1428 1563/2/1426
f 1562/2/1426 1564/2/1427 1566/2/1429
f 1565/2/1428 1562/2/1426 1567/2/1430
f 1566/2/1429 1564/2/1427 1568/2/1431
f 1567/2/1430 1569/2/1432 1565/2/1428
f 1568/2/1431 1570/2/1433 1566/2/1429
f 1569/2/1432 1567/2/1430 1571/2/1434
f 1570/2/1433 1568/2/1431 1572/2/1435
f 1571/2/1434 1572/2/1435 1569/2/1432
f 1572/2/1435 1573/2/1436 1570/2/1433
f 1572/2/1435 1571/2/1434 1573/2/1436
f 1574/2/1437 1575/2/1438 1576/2/1437
f 1575/2/1438 1574/2/1437 1577/2/1439
f 1576/2/1437 1578/2/1440 1574/2/1437
f 1579/2/1441 1575/2/1438 1577/2/1439
f 1578/2/1440 1576/2/1437 1580/2/1442
f 1575/2/1438 1579/2/1441 1581/2/1443
f 1580/2/1442 1582/2/1444 1578/2/1440
f 1583/2/1445 1581/2/1443 1579/2/1441
f 1582/2/1444 1580/2/1442 1584/2/1446
f 1584/2/1446 1583/2/1445 1582/2/1444
f 1581/2/1443 1583/2/1445 1585/2/1447
f 1583/2/1445 1584/2/1446 1585/2/1447
o RenderMesh_86195134801688
v -0.295419 0.195925 0.365852
v -0.305531 0.213128 0.364050
v -0.316821 0.195360 0.369170
v -0.285395 0.196555 0.352647
v -0.304784 0.178449 0.362964
v -0.325009 0.212855 0.359359
v -0.298870 0.219476 0.350245
v -0.334374 0.195379 0.356471
v -0.285030 0.198181 0.300943
v -0.292585 0.211033 0.299596
v -0.307137 0.210829 0.296092
v -0.297874 0.173269 0.348799
v -0.292027 0.185124 0.298785
v -0.324822 0.219113 0.343995
v -0.337300 0.195827 0.340147
v -0.314134 0.197773 0.293934
v -0.306579 0.184920 0.295281
v -0.323826 0.172905 0.342549
v -0.324261 0.178176 0.358273
v 0.223961 0.160727 -0.320044
v 0.251206 0.168407 -0.323020
v 0.234717 0.162236 -0.332584
v 0.253548 0.153090 -0.338161
v 0.223118 0.136305 -0.330796
v 0.245932 0.168949 -0.307300
v 0.234084 0.143908 -0.340654
v 0.249941 0.131750 -0.339159
v 0.214583 0.121511 -0.281966
v 0.215055 0.135204 -0.275937
v 0.226429 0.112428 -0.280849
v 0.227374 0.139815 -0.268791
v 0.239221 0.130732 -0.267675
v 0.244246 0.120106 -0.328805
v 0.267060 0.152751 -0.305308
v 0.238748 0.117039 -0.273704
v 0.266216 0.128329 -0.316061
v 0.267063 0.156250 -0.321525
v 0.266430 0.137922 -0.329595
v 0.336351 0.194269 -0.115102
v 0.329827 0.177324 -0.123572
v 0.337300 0.192855 -0.136700
v 0.324517 0.197130 -0.103832
v 0.315824 0.174552 -0.115119
v 0.324319 0.219931 -0.117718
v 0.274013 0.206898 -0.098345
v 0.273902 0.219683 -0.106131
v 0.269139 0.194238 -0.104674
v 0.264154 0.194363 -0.118788
v 0.315427 0.220154 -0.142890
v 0.336202 0.211382 -0.125523
v 0.268917 0.219808 -0.120245
v 0.329529 0.211549 -0.144415
v 0.306734 0.197575 -0.154176
v 0.264043 0.207148 -0.126574
v 0.323005 0.194604 -0.152885
v 0.306933 0.174774 -0.140291
v 0.323154 0.177491 -0.142464
v -0.241876 0.369161 -0.373752
v -0.256163 0.383103 -0.375459
v -0.236960 0.387268 -0.384584
v -0.243353 0.364812 -0.357810
v -0.222569 0.374431 -0.374711
v -0.217550 0.393645 -0.377377
v -0.217628 0.371836 -0.359088
v -0.210940 0.397436 -0.362640
v -0.225357 0.386759 -0.310163
v -0.239781 0.382822 -0.309446
v -0.221607 0.401114 -0.312154
v -0.262390 0.383390 -0.360084
v -0.250455 0.393237 -0.310721
v -0.246706 0.407592 -0.312713
v -0.229978 0.416014 -0.364915
v -0.232281 0.411530 -0.313430
v -0.255703 0.408992 -0.363637
v -0.251144 0.402318 -0.378125
v -0.231838 0.407588 -0.379084
v -0.036180 0.088808 0.373620
v -0.046766 0.102158 0.363077
v -0.056670 0.092385 0.379684
v -0.028610 0.080290 0.361563
v -0.045582 0.074185 0.383582
v -0.066754 0.100886 0.362496
v -0.076155 0.086263 0.372458
v -0.065569 0.072912 0.383001
v -0.081874 0.076899 0.360014
v -0.069347 0.096383 0.346740
v -0.042715 0.098079 0.347515
v -0.060082 0.058922 0.312289
v -0.045149 0.059872 0.312724
v -0.067106 0.047997 0.319732
v -0.037240 0.049898 0.320600
v -0.059197 0.038023 0.327608
v -0.044264 0.038973 0.328043
v -0.041137 0.060806 0.374837
v -0.067769 0.059111 0.374062
v -0.233936 -0.440199 -0.338792
v -0.223361 -0.423204 -0.337901
v -0.216253 -0.438740 -0.351224
v -0.237049 -0.443030 -0.322744
v -0.224998 -0.457287 -0.344231
v -0.225140 -0.465798 -0.329991
v -0.205486 -0.457379 -0.348779
v -0.199140 -0.465922 -0.336051
v -0.194910 -0.440385 -0.347888
v -0.207760 -0.465341 -0.281269
v -0.193182 -0.465410 -0.284667
v -0.214437 -0.452574 -0.277205
v -0.185281 -0.452713 -0.284001
v -0.206536 -0.439877 -0.276540
v -0.185049 -0.443278 -0.334864
v -0.222957 -0.420386 -0.321557
v -0.191958 -0.439947 -0.279938
v -0.196957 -0.420510 -0.327617
v -0.203848 -0.423297 -0.342449
v -0.008792 0.430816 0.380536
v -0.021218 0.446003 0.384584
v -0.029613 0.426036 0.384142
v 0.000027 0.437002 0.367919
v -0.015931 0.413890 0.372537
v -0.040784 0.444264 0.380633
v -0.047923 0.427338 0.372634
v -0.016531 0.457237 0.373312
v -0.052113 0.432366 0.357390
v -0.035496 0.412151 0.368587
v -0.009485 0.414448 0.357261
v -0.035555 0.412130 0.351996
v -0.009084 0.441930 0.313435
v -0.003750 0.454576 0.319411
v -0.023701 0.440630 0.310483
v -0.013034 0.465922 0.322435
v -0.032985 0.451977 0.313507
v -0.027652 0.464624 0.319483
v -0.042601 0.454920 0.368048
vn 0.5769 -0.0132 0.8167
vn 0.1975 0.6324 0.7490
vn -0.2335 -0.0355 0.9717
vn 0.9490 0.0106 0.3150
vn 0.2255 -0.6689 0.7083
vn -0.5334 0.6222 0.5730
vn 0.4461 0.8662 0.2253
vn -0.8849 -0.0336 0.4646
vn 0.9997 0.0213 0.0077
vn 0.5088 0.8572 -0.0793
vn -0.4386 0.8443 -0.3079
vn 0.4831 -0.8586 0.1717
vn 0.5445 -0.8282 -0.1327
vn -0.5225 0.8526 -0.0080
vn -0.9883 -0.0166 -0.1516
vn -0.8939 -0.0052 -0.4483
vn -0.4023 -0.8416 -0.3604
vn -0.4854 -0.8721 -0.0619
vn -0.5054 -0.6792 0.5323
vn -0.7582 0.6353 -0.1465
vn 0.2617 0.9286 -0.2629
vn -0.3567 0.6974 -0.6216
vn 0.3610 0.3653 -0.8580
vn -0.7897 -0.2762 -0.5478
vn 0.0614 0.9424 0.3289
vn -0.3808 0.0093 -0.9246
vn 0.2146 -0.4466 -0.8686
vn -0.8832 -0.3830 -0.2707
vn -0.8526 0.5081 0.1219
vn -0.1126 -0.9738 -0.1977
vn -0.0511 0.8081 0.5868
vn 0.7194 0.2175 0.6596
vn -0.0011 -0.8808 -0.4735
vn 0.8504 0.3376 0.4035
vn 0.6889 -0.6738 0.2672
vn 0.8189 -0.5739 0.0022
vn 0.8569 0.4723 -0.2064
vn 0.8328 -0.2150 -0.5102
vn 0.8600 -0.1330 0.4927
vn 0.6153 -0.7687 0.1746
vn 0.9248 -0.1919 -0.3284
vn 0.4096 -0.0244 0.9119
vn 0.0848 -0.8672 0.4907
vn 0.4020 0.8266 0.3940
vn 0.1147 0.0354 0.9928
vn 0.1075 0.8672 0.4862
vn -0.2024 -0.7883 0.5810
vn -0.5268 -0.7802 -0.3373
vn 0.0703 0.8349 -0.5459
vn 0.8546 0.5093 0.1014
vn -0.2169 0.8753 -0.4321
vn 0.6042 0.5156 -0.6076
vn -0.2541 -0.0078 -0.9671
vn -0.5340 0.0517 -0.8439
vn 0.3592 -0.1206 -0.9255
vn -0.2467 -0.8589 -0.4489
vn 0.3650 -0.7624 -0.5344
vn -0.1964 -0.8097 -0.5530
vn -0.7324 -0.2864 -0.6177
vn -0.0126 -0.1342 -0.9909
vn -0.2507 -0.9668 0.0493
vn 0.5278 -0.6117 -0.5892
vn 0.7162 0.1093 -0.6893
vn 0.7095 -0.7047 0.0016
vn 0.9591 0.2508 -0.1310
vn 0.6972 -0.6477 0.3073
vn -0.2416 -0.9035 0.3541
vn 0.9414 0.2866 0.1780
vn -0.9612 -0.2734 -0.0356
vn -0.9358 -0.2257 0.2710
vn -0.6917 0.7082 0.1417
vn 0.2488 0.9441 -0.2161
vn 0.2468 0.9644 0.0950
vn -0.7116 0.6821 -0.1682
vn -0.5444 0.4347 -0.7174
vn 0.1805 0.6326 -0.7532
vn 0.7099 0.4357 0.5534
vn 0.3126 0.9367 0.1578
vn -0.0606 0.5886 0.8061
vn 0.9889 0.1128 0.0967
vn 0.3571 -0.1134 0.9272
vn -0.4374 0.8889 0.1363
vn -0.7902 0.3408 0.5093
vn -0.3927 -0.1604 0.9056
vn -0.9992 -0.0140 0.0385
vn -0.5316 0.7134 -0.4566
vn 0.4624 0.7766 -0.4280
vn -0.5008 0.5156 -0.6953
vn 0.4708 0.5774 -0.6670
vn -0.9578 -0.1953 -0.2110
vn 0.9853 -0.0715 -0.1549
vn -0.4435 -0.8441 0.3015
vn 0.5284 -0.7824 0.3297
vn 0.5211 -0.6143 0.5925
vn -0.4727 -0.6778 0.5632
vn -0.8786 0.1277 -0.4601
vn -0.4816 0.7653 -0.4269
vn -0.2221 0.1883 -0.9567
vn -0.9890 0.0202 0.1462
vn -0.5432 -0.5136 -0.6642
vn -0.5449 -0.8292 -0.1244
vn 0.1892 -0.5166 -0.8350
vn 0.4255 -0.8342 -0.3509
vn 0.5858 0.1207 -0.8014
vn -0.4638 -0.8688 0.1733
vn 0.4850 -0.8732 -0.0473
vn -0.8982 -0.0382 0.4380
vn 0.9989 -0.0469 -0.0043
vn -0.3841 0.7879 0.4813
vn 0.9517 0.0116 -0.3069
vn -0.4631 0.8657 0.1901
vn 0.5645 0.7832 0.2606
vn 0.5073 0.8610 -0.0361
vn 0.2509 0.7618 -0.5972
vn 0.6338 -0.1781 0.7527
vn 0.1675 0.3919 0.9046
vn -0.1525 -0.3693 0.9167
vn 0.9602 0.0555 0.2736
vn 0.3659 -0.8132 0.4526
vn -0.5665 0.3269 0.7564
vn -0.8346 -0.3086 0.4562
vn 0.3422 0.8108 0.4749
vn -0.9859 -0.1173 -0.1197
vn -0.3683 -0.8785 0.3044
vn 0.6052 -0.7863 -0.1242
vn -0.3681 -0.8728 -0.3205
vn 0.6386 -0.6546 -0.4046
vn 0.9857 0.1679 -0.0159
vn -0.3125 -0.7391 -0.5967
vn 0.3817 0.9063 0.1813
vn -0.9166 -0.0014 -0.3999
vn -0.5695 0.8219 -0.0111
vn -0.6310 0.7243 0.2779
vt 0.000000 0.000000
s 1
f 1586/3/1448 1587/3/1449 1588/3/1450
f 1589/3/1451 1587/3/1449 1586/3/1448
f 1590/3/1452 1586/3/1448 1588/3/1450
f 1589/3/1451 1586/3/1448 1590/3/1452
f 1587/3/1449 1591/3/1453 1588/3/1450
f 1587/3/1449 1589/3/1451 1592/3/1454
f 1592/3/1454 1591/3/1453 1587/3/1449
f 1591/3/1453 1593/3/1455 1588/3/1450
f 1594/3/1456 1592/3/1454 1589/3/1451
f 1592/3/1454 1594/3/1456 1595/3/1457
f 1596/3/1458 1592/3/1454 1595/3/1457
f 1597/3/1459 1594/3/1456 1589/3/1451
f 1597/3/1459 1589/3/1451 1590/3/1452
f 1597/3/1459 1598/3/1460 1594/3/1456
f 1591/3/1453 1592/3/1454 1599/3/1461
f 1592/3/1454 1596/3/1458 1599/3/1461
f 1599/3/1461 1600/3/1462 1591/3/1453
f 1596/3/1458 1600/3/1462 1599/3/1461
f 1593/3/1455 1591/3/1453 1600/3/1462
f 1600/3/1462 1596/3/1458 1601/3/1463
f 1602/3/1464 1600/3/1462 1601/3/1463
f 1598/3/1460 1597/3/1459 1603/3/1465
f 1598/3/1460 1603/3/1465 1602/3/1464
f 1602/3/1464 1603/3/1465 1600/3/1462
f 1590/3/1452 1603/3/1465 1597/3/1459
f 1600/3/1462 1604/3/1466 1593/3/1455
f 1604/3/1466 1600/3/1462 1603/3/1465
f 1603/3/1465 1590/3/1452 1604/3/1466
f 1593/3/1455 1604/3/1466 1588/3/1450
f 1604/3/1466 1590/3/1452 1588/3/1450
f 1605/3/1467 1606/3/1468 1607/3/1469
f 1607/3/1469 1606/3/1468 1608/3/1470
f 1607/3/1469 1609/3/1471 1605/3/1467
f 1606/3/1468 1605/3/1467 1610/3/1472
f 1611/3/1473 1607/3/1469 1608/3/1470
f 1609/3/1471 1607/3/1469 1611/3/1473
f 1612/3/1474 1611/3/1473 1608/3/1470
f 1613/3/1475 1605/3/1467 1609/3/1471
f 1605/3/1467 1613/3/1475 1614/3/1476
f 1614/3/1476 1610/3/1472 1605/3/1467
f 1609/3/1471 1615/3/1477 1613/3/1475
f 1610/3/1472 1614/3/1476 1616/3/1478
f 1610/3/1472 1616/3/1478 1617/3/1479
f 1611/3/1473 1618/3/1480 1609/3/1471
f 1615/3/1477 1609/3/1471 1618/3/1480
f 1618/3/1480 1611/3/1473 1612/3/1474
f 1610/3/1472 1617/3/1479 1619/3/1481
f 1610/3/1472 1619/3/1481 1606/3/1468
f 1620/3/1482 1619/3/1481 1617/3/1479
f 1621/3/1483 1620/3/1482 1615/3/1477
f 1619/3/1481 1620/3/1482 1621/3/1483
f 1621/3/1483 1615/3/1477 1618/3/1480
f 1619/3/1481 1622/3/1484 1606/3/1468
f 1621/3/1483 1622/3/1484 1619/3/1481
f 1606/3/1468 1622/3/1484 1608/3/1470
f 1623/3/1485 1621/3/1483 1618/3/1480
f 1622/3/1484 1621/3/1483 1623/3/1485
f 1623/3/1485 1618/3/1480 1612/3/1474
f 1622/3/1484 1623/3/1485 1608/3/1470
f 1623/3/1485 1612/3/1474 1608/3/1470
f 1624/3/1486 1625/3/1487 1626/3/1488
f 1627/3/1489 1625/3/1487 1624/3/1486
f 1625/3/1487 1627/3/1489 1628/3/1490
f 1624/3/1486 1629/3/1491 1627/3/1489
f 1630/3/1492 1627/3/1489 1629/3/1491
f 1630/3/1492 1628/3/1490 1627/3/1489
f 1630/3/1492 1629/3/1491 1631/3/1493
f 1628/3/1490 1630/3/1492 1632/3/1494
f 1633/3/1495 1628/3/1490 1632/3/1494
f 1634/3/1496 1631/3/1493 1629/3/1491
f 1629/3/1491 1624/3/1486 1635/3/1497
f 1635/3/1497 1634/3/1496 1629/3/1491
f 1635/3/1497 1624/3/1486 1626/3/1488
f 1631/3/1493 1634/3/1496 1636/3/1498
f 1634/3/1496 1635/3/1497 1637/3/1499
f 1637/3/1499 1635/3/1497 1626/3/1488
f 1636/3/1498 1634/3/1496 1638/3/1500
f 1638/3/1500 1639/3/1501 1636/3/1498
f 1638/3/1500 1633/3/1495 1639/3/1501
f 1634/3/1496 1637/3/1499 1640/3/1502
f 1638/3/1500 1634/3/1496 1640/3/1502
f 1640/3/1502 1637/3/1499 1626/3/1488
f 1633/3/1495 1638/3/1500 1641/3/1503
f 1640/3/1502 1641/3/1503 1638/3/1500
f 1633/3/1495 1641/3/1503 1628/3/1490
f 1642/3/1504 1640/3/1502 1626/3/1488
f 1641/3/1503 1640/3/1502 1642/3/1504
f 1642/3/1504 1628/3/1490 1641/3/1503
f 1625/3/1487 1642/3/1504 1626/3/1488
f 1628/3/1490 1642/3/1504 1625/3/1487
f 1643/3/1505 1644/3/1506 1645/3/1507
f 1646/3/1508 1644/3/1506 1643/3/1505
f 1647/3/1509 1643/3/1505 1645/3/1507
f 1647/3/1509 1646/3/1508 1643/3/1505
f 1648/3/1510 1647/3/1509 1645/3/1507
f 1646/3/1508 1647/3/1509 1649/3/1511
f 1650/3/1512 1647/3/1509 1648/3/1510
f 1647/3/1509 1650/3/1512 1649/3/1511
f 1651/3/1513 1646/3/1508 1649/3/1511
f 1651/3/1513 1649/3/1511 1650/3/1512
f 1646/3/1508 1651/3/1513 1652/3/1514
f 1651/3/1513 1650/3/1512 1653/3/1515
f 1652/3/1514 1654/3/1516 1646/3/1508
f 1644/3/1506 1646/3/1508 1654/3/1516
f 1654/3/1516 1652/3/1514 1655/3/1517
f 1654/3/1516 1655/3/1517 1656/3/1518
f 1653/3/1515 1650/3/1512 1657/3/1519
f 1657/3/1519 1658/3/1520 1653/3/1515
f 1657/3/1519 1656/3/1518 1658/3/1520
f 1654/3/1516 1656/3/1518 1659/3/1521
f 1656/3/1518 1657/3/1519 1659/3/1521
f 1654/3/1516 1660/3/1522 1644/3/1506
f 1660/3/1522 1654/3/1516 1659/3/1521
f 1659/3/1521 1657/3/1519 1660/3/1522
f 1644/3/1506 1660/3/1522 1645/3/1507
f 1657/3/1519 1650/3/1512 1661/3/1523
f 1657/3/1519 1661/3/1523 1660/3/1522
f 1660/3/1522 1661/3/1523 1645/3/1507
f 1650/3/1512 1648/3/1510 1661/3/1523
f 1661/3/1523 1648/3/1510 1645/3/1507
f 1662/3/1524 1663/3/1525 1664/3/1526
f 1665/3/1527 1663/3/1525 1662/3/1524
f 1666/3/1528 1662/3/1524 1664/3/1526
f 1666/3/1528 1665/3/1527 1662/3/1524
f 1663/3/1525 1667/3/1529 1664/3/1526
f 1667/3/1529 1668/3/1530 1664/3/1526
f 1669/3/1531 1666/3/1528 1664/3/1526
f 1668/3/1530 1669/3/1531 1664/3/1526
f 1667/3/1529 1670/3/1532 1668/3/1530
f 1670/3/1532 1669/3/1531 1668/3/1530
f 1663/3/1525 1671/3/1533 1667/3/1529
f 1670/3/1532 1667/3/1529 1671/3/1533
f 1671/3/1533 1663/3/1525 1672/3/1534
f 1663/3/1525 1665/3/1527 1672/3/1534
f 1673/3/1535 1671/3/1533 1672/3/1534
f 1673/3/1535 1670/3/1532 1671/3/1533
f 1672/3/1534 1674/3/1536 1673/3/1535
f 1665/3/1527 1674/3/1536 1672/3/1534
f 1670/3/1532 1673/3/1535 1675/3/1537
f 1674/3/1536 1665/3/1527 1676/3/1538
f 1677/3/1539 1670/3/1532 1675/3/1537
f 1665/3/1527 1678/3/1540 1676/3/1538
f 1678/3/1540 1665/3/1527 1679/3/1541
f 1679/3/1541 1677/3/1539 1678/3/1540
f 1665/3/1527 1666/3/1528 1679/3/1541
f 1670/3/1532 1677/3/1539 1680/3/1542
f 1677/3/1539 1679/3/1541 1680/3/1542
f 1666/3/1528 1680/3/1542 1679/3/1541
f 1669/3/1531 1670/3/1532 1680/3/1542
f 1680/3/1542 1666/3/1528 1669/3/1531
f 1681/3/1543 1682/3/1544 1683/3/1545
f 1684/3/1546 1682/3/1544 1681/3/1543
f 1685/3/1547 1681/3/1543 1683/3/1545
f 1685/3/1547 1684/3/1546 1681/3/1543
f 1684/3/1546 1685/3/1547 1686/3/1548
f 1687/3/1549 1685/3/1547 1683/3/1545
f 1685/3/1547 1688/3/1550 1686/3/1548
f 1688/3/1550 1685/3/1547 1687/3/1549
f 1689/3/1551 1687/3/1549 1683/3/1545
f 1688/3/1550 1690/3/1552 1686/3/1548
f 1690/3/1552 1684/3/1546 1686/3/1548
f 1690/3/1552 1688/3/1550 1691/3/1553
f 1684/3/1546 1690/3/1552 1692/3/1554
f 1688/3/1550 1693/3/1555 1691/3/1553
f 1684/3/1546 1692/3/1554 1694/3/1556
f 1687/3/1549 1695/3/1557 1688/3/1550
f 1695/3/1557 1687/3/1549 1689/3/1551
f 1693/3/1555 1688/3/1550 1695/3/1557
f 1684/3/1546 1694/3/1556 1696/3/1558
f 1682/3/1544 1684/3/1546 1696/3/1558
f 1697/3/1559 1696/3/1558 1694/3/1556
f 1693/3/1555 1698/3/1560 1697/3/1559
f 1697/3/1559 1698/3/1560 1696/3/1558
f 1698/3/1560 1693/3/1555 1695/3/1557
f 1696/3/1558 1699/3/1561 1682/3/1544
f 1699/3/1561 1696/3/1558 1698/3/1560
f 1695/3/1557 1699/3/1561 1698/3/1560
f 1699/3/1561 1695/3/1557 1689/3/1551
f 1682/3/1544 1699/3/1561 1683/3/1545
f 1699/3/1561 1689/3/1551 1683/3/1545
f 1700/3/1562 1701/3/1563 1702/3/1564
f 1703/3/1565 1701/3/1563 1700/3/1562
f 1704/3/1566 1700/3/1562 1702/3/1564
f 1703/3/1565 1700/3/1562 1704/3/1566
f 1701/3/1563 1705/3/1567 1702/3/1564
f 1705/3/1567 1706/3/1568 1702/3/1564
f 1707/3/1569 1705/3/1567 1701/3/1563
f 1701/3/1563 1703/3/1565 1707/3/1569
f 1708/3/1570 1706/3/1568 1705/3/1567
f 1706/3/1568 1709/3/1571 1702/3/1564
f 1709/3/1571 1704/3/1566 1702/3/1564
f 1708/3/1570 1709/3/1571 1706/3/1568
f 1704/3/1566 1709/3/1571 1710/3/1572
f 1710/3/1572 1703/3/1565 1704/3/1566
f 1711/3/1573 1710/3/1572 1709/3/1571
f 1709/3/1571 1708/3/1570 1711/3/1573
f 1712/3/1574 1703/3/1565 1710/3/1572
f 1712/3/1574 1710/3/1572 1711/3/1573
f 1703/3/1565 1712/3/1574 1713/3/1575
f 1712/3/1574 1711/3/1573 1714/3/1576
f 1714/3/1576 1711/3/1573 1708/3/1570
f 1703/3/1565 1713/3/1575 1715/3/1577
f 1715/3/1577 1707/3/1569 1703/3/1565
f 1708/3/1570 1716/3/1578 1714/3/1576
f 1708/3/1570 1717/3/1579 1716/3/1578
f 1718/3/1580 1715/3/1577 1717/3/1579
f 1717/3/1579 1708/3/1570 1718/3/1580
f 1715/3/1577 1718/3/1580 1707/3/1569
f 1718/3/1580 1708/3/1570 1705/3/1567
f 1705/3/1567 1707/3/1569 1718/3/1580
o RenderMesh_112249900602211
v 0.348558 0.422209 0.268687
v 0.336810 0.402226 0.285203
v 0.351546 0.409767 0.284104
v 0.363923 0.394138 0.282113
v 0.367235 0.411246 0.269239
v 0.373313 0.390952 0.264701
v 0.357948 0.419023 0.251276
v 0.370326 0.403394 0.249283
v 0.361834 0.393734 0.238806
v 0.345339 0.414558 0.241461
v 0.365815 0.377155 0.259349
v 0.353302 0.381401 0.282548
v 0.320055 0.357783 0.244963
v 0.317824 0.367079 0.233444
v 0.313040 0.360164 0.257970
v 0.303792 0.371840 0.259459
v 0.301560 0.381136 0.247940
v 0.308576 0.378755 0.234933
v 0.332829 0.418804 0.264659
v 0.045225 -0.340009 0.380533
v 0.034193 -0.324176 0.385926
v 0.025556 -0.343841 0.388770
v 0.051285 -0.335023 0.365918
v 0.036271 -0.357217 0.375517
v 0.014207 -0.325551 0.386301
v 0.005254 -0.342759 0.381283
v 0.036586 -0.313926 0.373102
v 0.016285 -0.358592 0.375892
v -0.001974 -0.338687 0.366917
v 0.009957 -0.315759 0.373601
v 0.029411 -0.308980 0.322111
v 0.014480 -0.310007 0.322390
v 0.037653 -0.320809 0.318081
v 0.007790 -0.322864 0.318641
v 0.030964 -0.333665 0.314333
v 0.016032 -0.334692 0.314613
v 0.039355 -0.357951 0.359232
v 0.012725 -0.359783 0.359731
v -0.363495 -0.099191 -0.143945
v -0.361704 -0.082018 -0.154111
v -0.373313 -0.097885 -0.163213
v -0.366989 -0.116315 -0.153743
v -0.347968 -0.101527 -0.138590
v -0.368693 -0.116267 -0.173707
v -0.345581 -0.078645 -0.152135
v -0.366902 -0.099094 -0.183873
v -0.363406 -0.081970 -0.174074
v -0.347849 -0.078581 -0.178736
v -0.298015 -0.096360 -0.162121
v -0.299352 -0.109190 -0.154526
v -0.299286 -0.096324 -0.177036
v -0.301964 -0.121984 -0.161846
v -0.352506 -0.101398 -0.191791
v -0.301897 -0.109118 -0.184355
v -0.303235 -0.121948 -0.176762
v -0.354892 -0.124279 -0.178245
v -0.352624 -0.124344 -0.151646
v 0.262609 -0.409488 -0.338414
v 0.277103 -0.396081 -0.335003
v 0.282829 -0.416943 -0.336179
v 0.269974 -0.386276 -0.323680
v 0.293864 -0.401638 -0.325532
v 0.264876 -0.428451 -0.332354
v 0.250661 -0.404139 -0.328223
v 0.250152 -0.385764 -0.275899
v 0.281635 -0.434007 -0.322883
v 0.239324 -0.395781 -0.278448
v 0.292305 -0.393679 -0.311060
v 0.262673 -0.389915 -0.268824
v 0.296129 -0.420600 -0.319472
v 0.295322 -0.418946 -0.302985
v 0.264365 -0.404083 -0.264296
v 0.276011 -0.436809 -0.307528
v 0.253537 -0.414099 -0.266843
v 0.241016 -0.409948 -0.273919
v 0.253680 -0.429406 -0.320148
v 0.127154 0.279735 -0.334455
v 0.118477 0.264372 -0.343949
v 0.108162 0.283422 -0.344207
v 0.132141 0.272550 -0.320358
v 0.115962 0.294842 -0.327529
v 0.098608 0.264116 -0.346518
v 0.096092 0.294586 -0.330097
v 0.087415 0.279223 -0.339592
v 0.079192 0.271867 -0.327202
v 0.090753 0.292338 -0.314552
v 0.117228 0.292679 -0.311130
v 0.091938 0.259387 -0.274691
v 0.106783 0.259578 -0.272770
v 0.085455 0.247909 -0.281783
v 0.115144 0.248292 -0.277946
v 0.093817 0.236623 -0.286958
v 0.108662 0.236814 -0.285039
v 0.094105 0.251738 -0.336430
v 0.120579 0.252079 -0.333008
v -0.086294 -0.221048 -0.368637
v -0.069393 -0.210130 -0.388770
v -0.078070 -0.226809 -0.381844
v -0.066878 -0.241254 -0.373626
v -0.057323 -0.228103 -0.387947
v -0.049524 -0.207896 -0.387478
v -0.038332 -0.222340 -0.379259
v -0.047009 -0.239019 -0.372333
v -0.033345 -0.215093 -0.365194
v -0.048258 -0.195846 -0.376144
v -0.074733 -0.198824 -0.377865
v -0.058703 -0.184041 -0.326872
v -0.073548 -0.185711 -0.327837
v -0.050341 -0.194833 -0.320733
v -0.080030 -0.198172 -0.322664
v -0.056824 -0.207294 -0.315558
v -0.071668 -0.208964 -0.316523
v -0.044906 -0.237317 -0.355965
v -0.071381 -0.240294 -0.357686
v -0.343293 -0.301975 -0.156781
v -0.343863 -0.315039 -0.171962
v -0.357593 -0.318202 -0.155502
v -0.327713 -0.317657 -0.174712
v -0.350496 -0.333693 -0.168883
v -0.349355 -0.307567 -0.138521
v -0.326953 -0.300251 -0.154483
v -0.355986 -0.326221 -0.135440
v -0.284391 -0.335775 -0.153011
v -0.283964 -0.326015 -0.141668
v -0.289344 -0.349712 -0.150711
v -0.288493 -0.330192 -0.128026
v -0.336550 -0.342513 -0.170609
v -0.293873 -0.353889 -0.137068
v -0.335029 -0.307701 -0.130153
v -0.293447 -0.344129 -0.125726
v -0.343866 -0.332557 -0.126050
v -0.344626 -0.349963 -0.146278
v -0.356556 -0.339285 -0.150623
v 0.332870 0.384895 -0.213556
v 0.333440 0.397959 -0.228738
v 0.347170 0.401122 -0.212279
v 0.317291 0.400577 -0.231487
v 0.340073 0.416613 -0.225659
v 0.338932 0.390487 -0.195295
v 0.316531 0.383171 -0.211259
v 0.345564 0.409141 -0.192217
v 0.346134 0.422205 -0.207398
v 0.333444 0.415477 -0.182825
v 0.334203 0.432883 -0.203053
v 0.326128 0.425433 -0.227385
v 0.283450 0.436809 -0.193843
v 0.278922 0.432632 -0.207485
v 0.273968 0.418695 -0.209787
v 0.273542 0.408935 -0.198444
v 0.283024 0.427049 -0.182501
v 0.278069 0.413112 -0.184802
v 0.324607 0.390621 -0.186927
vn 0.0395 0.9597 0.2783
vn -0.4027 0.2061 0.8918
vn 0.1512 0.4929 0.8568
vn 0.6158 -0.0941 0.7823
vn 0.7644 0.5660 0.3087
vn 0.9685 -0.2132 0.1287
vn 0.3922 0.8399 -0.3752
vn 0.8561 0.2540 -0.4502
vn 0.5313 -0.1109 -0.8399
vn -0.0844 0.6664 -0.7408
vn 0.6799 -0.7297 -0.0731
vn 0.2128 -0.5712 0.7927
vn 0.4283 -0.8882 -0.1663
vn 0.2832 -0.2832 -0.9163
vn -0.0275 -0.7335 0.6792
vn -0.6298 0.0266 0.7763
vn -0.7752 0.6311 0.0271
vn -0.3185 0.4765 -0.8194
vn -0.5513 0.8249 0.1250
vn 0.7751 -0.1444 0.6151
vn 0.3613 0.4492 0.8171
vn 0.0384 -0.2981 0.9538
vn 0.9972 0.0430 0.0610
vn 0.4393 -0.7907 0.4265
vn -0.3890 0.3977 0.8310
vn -0.7244 -0.2484 0.6431
vn 0.4489 0.8306 0.3294
vn -0.3104 -0.8425 0.4402
vn -0.9907 -0.0931 0.0990
vn -0.5454 0.7624 0.3483
vn 0.4265 0.9040 0.0277
vn -0.5448 0.8374 0.0455
vn 0.9628 0.1344 -0.2344
vn -0.9801 0.0003 -0.1984
vn 0.5272 -0.7024 -0.4782
vn -0.4439 -0.7689 -0.4601
vn 0.5519 -0.8125 -0.1880
vn -0.4423 -0.8808 -0.1691
vn -0.5855 0.0985 0.8047
vn -0.5183 0.7429 0.4236
vn -0.9847 0.1527 0.0844
vn -0.7164 -0.5437 0.4371
vn 0.0016 0.0100 0.9999
vn -0.7803 -0.5420 -0.3120
vn 0.0910 0.8645 0.4944
vn -0.7131 0.1025 -0.6935
vn -0.5817 0.7452 -0.3260
vn 0.0063 0.8669 -0.4985
vn 0.3930 0.7976 0.4576
vn 0.3060 -0.0369 0.9513
vn 0.3106 0.8000 -0.5133
vn 0.1358 -0.8694 0.4750
vn -0.1675 0.0147 -0.9858
vn 0.1406 -0.0328 -0.9895
vn 0.0531 -0.8668 -0.4958
vn -0.2568 -0.8387 -0.4803
vn -0.1719 -0.8412 0.5126
vn -0.3522 0.0566 -0.9342
vn 0.1921 0.5601 -0.8058
vn 0.4196 -0.2301 -0.8781
vn -0.0769 0.9236 -0.3755
vn 0.8206 0.3511 -0.4508
vn -0.2672 -0.6550 -0.7068
vn -0.7982 0.2569 -0.5448
vn -0.2053 0.9740 -0.0956
vn 0.3620 -0.8635 -0.3510
vn -0.9098 0.3223 -0.2614
vn 0.7561 0.6474 0.0958
vn 0.6091 0.7040 0.3653
vn 0.9056 -0.3604 -0.2234
vn 0.8686 -0.2960 0.3973
vn 0.7196 -0.2174 0.6595
vn 0.1483 -0.9625 0.2271
vn 0.0150 -0.8695 0.4936
vn -0.7996 -0.5997 0.0329
vn -0.6858 -0.6860 -0.2430
vn 0.8158 0.3251 -0.4783
vn 0.4902 -0.2514 -0.8346
vn 0.1065 0.4785 -0.8716
vn 0.9971 0.0527 0.0542
vn 0.3962 0.8917 -0.2188
vn -0.2549 -0.2611 -0.9310
vn -0.3501 0.8822 -0.3149
vn -0.6757 0.3056 -0.6709
vn -0.9792 0.0275 -0.2010
vn -0.5477 0.7915 0.2712
vn 0.4408 0.8040 0.3992
vn -0.5678 0.6262 0.5344
vn 0.3976 0.6383 0.6591
vn -0.9900 -0.1209 0.0727
vn 0.9417 -0.0960 0.3225
vn -0.4457 -0.8554 -0.2637
vn 0.5199 -0.8428 -0.1390
vn -0.4223 -0.7240 -0.5455
vn 0.5656 -0.7111 -0.4177
vn -0.9791 -0.1474 -0.1400
vn -0.3501 0.2597 -0.9000
vn -0.6754 -0.3661 -0.6402
vn -0.2549 -0.9084 -0.3315
vn 0.1065 -0.4281 -0.8974
vn 0.3958 0.3436 -0.8516
vn 0.8159 -0.1981 -0.5433
vn 0.4902 -0.8243 -0.2833
vn 0.9971 0.0751 -0.0108
vn 0.4405 0.7935 -0.4199
vn -0.5474 0.6826 -0.4842
vn 0.3972 0.9080 -0.1333
vn -0.5680 0.7992 -0.1964
vn 0.9417 0.2057 0.2663
vn -0.9900 -0.0116 0.1406
vn 0.5195 -0.6051 0.6033
vn -0.4456 -0.7139 0.5402
vn 0.5656 -0.7543 0.3333
vn -0.4220 -0.8658 0.2691
vn -0.3645 0.8943 -0.2597
vn -0.3861 0.4044 -0.8291
vn -0.9303 0.2946 -0.2186
vn 0.2232 0.3029 -0.9265
vn -0.6351 -0.2963 -0.7134
vn -0.5919 0.6845 0.4256
vn 0.2514 0.9526 -0.1712
vn -0.8408 -0.0156 0.5412
vn 0.5053 0.2053 -0.8382
vn 0.5333 0.8400 -0.1001
vn 0.1832 -0.7018 -0.6884
vn 0.2386 0.5682 0.7875
vn -0.1066 -0.6249 -0.7734
vn -0.1112 -0.9737 0.1991
vn -0.0498 0.6745 0.7366
vn -0.0839 -0.3390 0.9370
vn -0.3792 -0.2534 0.8900
vn -0.4077 -0.9031 0.1351
vn -0.8622 -0.5058 -0.0286
vn 0.3645 -0.8943 -0.2596
vn 0.3859 -0.4041 -0.8294
vn 0.9304 -0.2942 -0.2187
vn -0.2233 -0.3029 -0.9265
vn 0.6348 0.2959 -0.7138
vn 0.5915 -0.6849 0.4255
vn -0.2519 -0.9525 -0.1713
vn 0.8407 0.0158 0.5413
vn 0.8622 0.5058 -0.0286
vn 0.3796 0.2527 0.8900
vn 0.4080 0.9030 0.1348
vn 0.1066 0.6249 -0.7734
vn 0.1115 0.9736 0.1992
vn -0.1831 0.7018 -0.6884
vn -0.5055 -0.2049 -0.8381
vn -0.5329 -0.8402 -0.1002
vn 0.0837 0.3386 0.9372
vn -0.2387 -0.5682 0.7875
vn 0.0502 -0.6744 0.7367
vt 0.000000 0.000000
s 1
f 1719/4/1581 1720/4/1582 1721/4/1583
f 1720/4/1582 1722/4/1584 1721/4/1583
f 1721/4/1583 1722/4/1584 1723/4/1585
f 1719/4/1581 1721/4/1583 1723/4/1585
f 1722/4/1584 1724/4/1586 1723/4/1585
f 1725/4/1587 1719/4/1581 1723/4/1585
f 1726/4/1588 1725/4/1587 1723/4/1585
f 1724/4/1586 1726/4/1588 1723/4/1585
f 1727/4/1589 1725/4/1587 1726/4/1588
f 1724/4/1586 1727/4/1589 1726/4/1588
f 1728/4/1590 1719/4/1581 1725/4/1587
f 1725/4/1587 1727/4/1589 1728/4/1590
f 1727/4/1589 1724/4/1586 1729/4/1591
f 1730/4/1592 1724/4/1586 1722/4/1584
f 1724/4/1586 1730/4/1592 1729/4/1591
f 1722/4/1584 1720/4/1582 1730/4/1592
f 1731/4/1593 1727/4/1589 1729/4/1591
f 1730/4/1592 1731/4/1593 1729/4/1591
f 1727/4/1589 1731/4/1593 1732/4/1594
f 1732/4/1594 1728/4/1590 1727/4/1589
f 1731/4/1593 1730/4/1592 1733/4/1595
f 1720/4/1582 1733/4/1595 1730/4/1592
f 1733/4/1595 1720/4/1582 1734/4/1596
f 1720/4/1582 1735/4/1597 1734/4/1596
f 1728/4/1590 1732/4/1594 1736/4/1598
f 1735/4/1597 1720/4/1582 1737/4/1599
f 1737/4/1599 1736/4/1598 1735/4/1597
f 1736/4/1598 1737/4/1599 1728/4/1590
f 1720/4/1582 1719/4/1581 1737/4/1599
f 1719/4/1581 1728/4/1590 1737/4/1599
f 1738/4/1600 1739/4/1601 1740/4/1602
f 1741/4/1603 1739/4/1601 1738/4/1600
f 1742/4/1604 1738/4/1600 1740/4/1602
f 1741/4/1603 1738/4/1600 1742/4/1604
f 1739/4/1601 1743/4/1605 1740/4/1602
f 1743/4/1605 1744/4/1606 1740/4/1602
f 1745/4/1607 1743/4/1605 1739/4/1601
f 1739/4/1601 1741/4/1603 1745/4/1607
f 1744/4/1606 1746/4/1608 1740/4/1602
f 1746/4/1608 1742/4/1604 1740/4/1602
f 1744/4/1606 1743/4/1605 1747/4/1609
f 1747/4/1609 1746/4/1608 1744/4/1606
f 1743/4/1605 1745/4/1607 1748/4/1610
f 1748/4/1610 1747/4/1609 1743/4/1605
f 1749/4/1611 1748/4/1610 1745/4/1607
f 1749/4/1611 1745/4/1607 1741/4/1603
f 1748/4/1610 1749/4/1611 1750/4/1612
f 1750/4/1612 1747/4/1609 1748/4/1610
f 1741/4/1603 1751/4/1613 1749/4/1611
f 1747/4/1609 1750/4/1612 1752/4/1614
f 1741/4/1603 1753/4/1615 1751/4/1613
f 1747/4/1609 1752/4/1614 1754/4/1616
f 1753/4/1615 1741/4/1603 1755/4/1617
f 1755/4/1617 1741/4/1603 1742/4/1604
f 1756/4/1618 1754/4/1616 1753/4/1615
f 1753/4/1615 1755/4/1617 1756/4/1618
f 1754/4/1616 1756/4/1618 1747/4/1609
f 1742/4/1604 1756/4/1618 1755/4/1617
f 1746/4/1608 1747/4/1609 1756/4/1618
f 1756/4/1618 1742/4/1604 1746/4/1608
f 1757/4/1619 1758/4/1620 1759/4/1621
f 1760/4/1622 1757/4/1619 1759/4/1621
f 1760/4/1622 1761/4/1623 1757/4/1619
f 1761/4/1623 1758/4/1620 1757/4/1619
f 1762/4/1624 1760/4/1622 1759/4/1621
f 1758/4/1620 1761/4/1623 1763/4/1625
f 1764/4/1626 1762/4/1624 1759/4/1621
f 1758/4/1620 1765/4/1627 1759/4/1621
f 1765/4/1627 1764/4/1626 1759/4/1621
f 1763/4/1625 1766/4/1628 1758/4/1620
f 1758/4/1620 1766/4/1628 1765/4/1627
f 1767/4/1629 1766/4/1628 1763/4/1625
f 1761/4/1623 1767/4/1629 1763/4/1625
f 1761/4/1623 1768/4/1630 1767/4/1629
f 1766/4/1628 1767/4/1629 1769/4/1631
f 1761/4/1623 1770/4/1632 1768/4/1630
f 1771/4/1633 1765/4/1627 1766/4/1628
f 1769/4/1631 1771/4/1633 1766/4/1628
f 1765/4/1627 1771/4/1633 1764/4/1626
f 1771/4/1633 1762/4/1624 1764/4/1626
f 1771/4/1633 1769/4/1631 1772/4/1634
f 1773/4/1635 1771/4/1633 1772/4/1634
f 1762/4/1624 1771/4/1633 1774/4/1636
f 1773/4/1635 1774/4/1636 1771/4/1633
f 1762/4/1624 1774/4/1636 1775/4/1637
f 1773/4/1635 1775/4/1637 1774/4/1636
f 1775/4/1637 1773/4/1635 1770/4/1632
f 1770/4/1632 1761/4/1623 1775/4/1637
f 1762/4/1624 1775/4/1637 1760/4/1622
f 1761/4/1623 1760/4/1622 1775/4/1637
f 1776/4/1638 1777/4/1639 1778/4/1640
f 1777/4/1639 1776/4/1638 1779/4/1641
f 1777/4/1639 1780/4/1642 1778/4/1640
f 1779/4/1641 1780/4/1642 1777/4/1639
f 1781/4/1643 1776/4/1638 1778/4/1640
f 1782/4/1644 1779/4/1641 1776/4/1638
f 1782/4/1644 1776/4/1638 1781/4/1643
f 1783/4/1645 1779/4/1641 1782/4/1644
f 1784/4/1646 1781/4/1643 1778/4/1640
f 1782/4/1644 1785/4/1647 1783/4/1645
f 1783/4/1645 1786/4/1648 1779/4/1641
f 1780/4/1642 1779/4/1641 1786/4/1648
f 1786/4/1648 1783/4/1645 1787/4/1649
f 1780/4/1642 1788/4/1650 1778/4/1640
f 1786/4/1648 1788/4/1650 1780/4/1642
f 1788/4/1650 1784/4/1646 1778/4/1640
f 1787/4/1649 1789/4/1651 1786/4/1648
f 1788/4/1650 1786/4/1648 1789/4/1651
f 1789/4/1651 1787/4/1649 1790/4/1652
f 1788/4/1650 1791/4/1653 1784/4/1646
f 1791/4/1653 1788/4/1650 1789/4/1651
f 1790/4/1652 1791/4/1653 1789/4/1651
f 1791/4/1653 1781/4/1643 1784/4/1646
f 1791/4/1653 1790/4/1652 1792/4/1654
f 1791/4/1653 1792/4/1654 1793/4/1655
f 1781/4/1643 1791/4/1653 1794/4/1656
f 1791/4/1653 1793/4/1655 1794/4/1656
f 1794/4/1656 1782/4/1644 1781/4/1643
f 1794/4/1656 1793/4/1655 1785/4/1647
f 1785/4/1647 1782/4/1644 1794/4/1656
f 1795/4/1657 1796/4/1658 1797/4/1659
f 1798/4/1660 1796/4/1658 1795/4/1657
f 1799/4/1661 1795/4/1657 1797/4/1659
f 1799/4/1661 1798/4/1660 1795/4/1657
f 1796/4/1658 1800/4/1662 1797/4/1659
f 1801/4/1663 1799/4/1661 1797/4/1659
f 1802/4/1664 1801/4/1663 1797/4/1659
f 1800/4/1662 1802/4/1664 1797/4/1659
f 1803/4/1665 1801/4/1663 1802/4/1664
f 1800/4/1662 1803/4/1665 1802/4/1664
f 1804/4/1666 1799/4/1661 1801/4/1663
f 1801/4/1663 1803/4/1665 1804/4/1666
f 1799/4/1661 1804/4/1666 1805/4/1667
f 1798/4/1660 1799/4/1661 1805/4/1667
f 1806/4/1668 1805/4/1667 1804/4/1666
f 1803/4/1665 1806/4/1668 1804/4/1666
f 1805/4/1667 1806/4/1668 1807/4/1669
f 1807/4/1669 1798/4/1660 1805/4/1667
f 1806/4/1668 1803/4/1665 1808/4/1670
f 1798/4/1660 1807/4/1669 1809/4/1671
f 1803/4/1665 1810/4/1672 1808/4/1670
f 1811/4/1673 1798/4/1660 1809/4/1671
f 1810/4/1672 1803/4/1665 1812/4/1674
f 1803/4/1665 1800/4/1662 1812/4/1674
f 1810/4/1672 1813/4/1675 1811/4/1673
f 1798/4/1660 1811/4/1673 1813/4/1675
f 1813/4/1675 1810/4/1672 1812/4/1674
f 1800/4/1662 1813/4/1675 1812/4/1674
f 1796/4/1658 1798/4/1660 1813/4/1675
f 1813/4/1675 1800/4/1662 1796/4/1658
f 1814/4/1676 1815/4/1677 1816/4/1678
f 1814/4/1676 1816/4/1678 1817/4/1679
f 1816/4/1678 1815/4/1677 1818/4/1680
f 1817/4/1679 1816/4/1678 1818/4/1680
f 1815/4/1677 1819/4/1681 1818/4/1680
f 1819/4/1681 1820/4/1682 1818/4/1680
f 1821/4/1683 1817/4/1679 1818/4/1680
f 1820/4/1682 1821/4/1683 1818/4/1680
f 1822/4/1684 1820/4/1682 1819/4/1681
f 1822/4/1684 1821/4/1683 1820/4/1682
f 1815/4/1677 1823/4/1685 1819/4/1681
f 1823/4/1685 1822/4/1684 1819/4/1681
f 1823/4/1685 1815/4/1677 1824/4/1686
f 1815/4/1677 1814/4/1676 1824/4/1686
f 1825/4/1687 1823/4/1685 1824/4/1686
f 1825/4/1687 1822/4/1684 1823/4/1685
f 1824/4/1686 1826/4/1688 1825/4/1687
f 1826/4/1688 1824/4/1686 1814/4/1676
f 1822/4/1684 1825/4/1687 1827/4/1689
f 1814/4/1676 1828/4/1690 1826/4/1688
f 1822/4/1684 1827/4/1689 1829/4/1691
f 1814/4/1676 1830/4/1692 1828/4/1690
f 1821/4/1683 1822/4/1684 1831/4/1693
f 1829/4/1691 1831/4/1693 1822/4/1684
f 1831/4/1693 1817/4/1679 1821/4/1683
f 1832/4/1694 1829/4/1691 1830/4/1692
f 1829/4/1691 1832/4/1694 1831/4/1693
f 1830/4/1692 1814/4/1676 1832/4/1694
f 1817/4/1679 1831/4/1693 1832/4/1694
f 1832/4/1694 1814/4/1676 1817/4/1679
f 1833/4/1695 1834/4/1696 1835/4/1697
f 1833/4/1695 1836/4/1698 1834/4/1696
f 1834/4/1696 1837/4/1699 1835/4/1697
f 1836/4/1698 1837/4/1699 1834/4/1696
f 1838/4/1700 1833/4/1695 1835/4/1697
f 1833/4/1695 1839/4/1701 1836/4/1698
f 1838/4/1700 1839/4/1701 1833/4/1695
f 1840/4/1702 1838/4/1700 1835/4/1697
f 1839/4/1701 1841/4/1703 1836/4/1698
f 1839/4/1701 1842/4/1704 1841/4/1703
f 1843/4/1705 1836/4/1698 1841/4/1703
f 1839/4/1701 1844/4/1706 1842/4/1704
f 1836/4/1698 1843/4/1705 1845/4/1707
f 1837/4/1699 1836/4/1698 1845/4/1707
f 1845/4/1707 1843/4/1705 1846/4/1708
f 1844/4/1706 1839/4/1701 1847/4/1709
f 1839/4/1701 1838/4/1700 1847/4/1709
f 1847/4/1709 1848/4/1710 1844/4/1706
f 1838/4/1700 1849/4/1711 1847/4/1709
f 1848/4/1710 1847/4/1709 1849/4/1711
f 1849/4/1711 1846/4/1708 1848/4/1710
f 1849/4/1711 1838/4/1700 1840/4/1702
f 1846/4/1708 1850/4/1712 1845/4/1707
f 1846/4/1708 1849/4/1711 1850/4/1712
f 1845/4/1707 1850/4/1712 1837/4/1699
f 1851/4/1713 1849/4/1711 1840/4/1702
f 1849/4/1711 1851/4/1713 1850/4/1712
f 1850/4/1712 1851/4/1713 1837/4/1699
f 1851/4/1713 1840/4/1702 1835/4/1697
f 1837/4/1699 1851/4/1713 1835/4/1697
f 1852/4/1714 1853/4/1715 1854/4/1716
f 1852/4/1714 1855/4/1717 1853/4/1715
f 1853/4/1715 1856/4/1718 1854/4/1716
f 1855/4/1717 1856/4/1718 1853/4/1715
f 1857/4/1719 1852/4/1714 1854/4/1716
f 1855/4/1717 1852/4/1714 1858/4/1720
f 1852/4/1714 1857/4/1719 1858/4/1720
f 1859/4/1721 1857/4/1719 1854/4/1716
f 1856/4/1718 1860/4/1722 1854/4/1716
f 1860/4/1722 1859/4/1721 1854/4/1716
f 1861/4/1723 1857/4/1719 1859/4/1721
f 1861/4/1723 1859/4/1721 1860/4/1722
f 1856/4/1718 1862/4/1724 1860/4/1722
f 1862/4/1724 1861/4/1723 1860/4/1722
f 1862/4/1724 1856/4/1718 1863/4/1725
f 1856/4/1718 1855/4/1717 1863/4/1725
f 1864/4/1726 1861/4/1723 1862/4/1724
f 1863/4/1725 1864/4/1726 1862/4/1724
f 1864/4/1726 1863/4/1725 1865/4/1727
f 1865/4/1727 1863/4/1725 1855/4/1717
f 1855/4/1717 1866/4/1728 1865/4/1727
f 1866/4/1728 1855/4/1717 1858/4/1720
f 1858/4/1720 1867/4/1729 1866/4/1728
f 1861/4/1723 1864/4/1726 1868/4/1730
f 1858/4/1720 1869/4/1731 1867/4/1729
f 1868/4/1730 1870/4/1732 1861/4/1723
f 1870/4/1732 1868/4/1730 1869/4/1731
f 1869/4/1731 1858/4/1720 1870/4/1732
f 1857/4/1719 1861/4/1723 1870/4/1732
f 1870/4/1732 1858/4/1720 1857/4/1719
