# Blender 5.2.0 LTS
# www.blender.org
mtllib m4a1 mag.mtl
o m4a1_mag
v -0.141275 -0.354451 -0.044478
v -0.104981 -0.363054 -0.044466
v -0.142433 -0.357995 -0.042150
v -0.106004 -0.366137 -0.042138
v -0.104981 -0.363054 -0.044466
v -0.294136 -0.318190 -0.044454
v -0.279160 -0.321733 -0.044454
v -0.295496 -0.322246 -0.042126
v -0.272896 -0.327288 -0.042114
v -0.279160 -0.321733 -0.044454
v -0.271671 -0.323524 -0.044454
v -0.272896 -0.327288 -0.042114
v -0.295496 -0.322246 -0.042126
v -0.279160 -0.321733 -0.044454
v -0.204504 0.348491 -0.044442
v -0.209772 0.348483 -0.043932
v -0.210453 0.346048 -0.044454
v -0.126197 0.351734 -0.044454
v -0.062277 0.351688 -0.044454
v -0.109937 0.348408 -0.044454
v -0.063754 0.353826 -0.044454
v -0.179384 0.353947 -0.044454
v -0.037471 0.363074 -0.038322
v 0.030295 0.362688 -0.038568
v -0.025936 0.360734 -0.040483
v -0.059967 0.356440 -0.042960
v -0.054693 0.360919 -0.040224
v -0.058348 0.355484 -0.043392
v -0.052329 0.360974 -0.040332
v -0.054693 0.360919 -0.040224
v 0.017515 0.328016 -0.030990
v 0.040797 0.325711 -0.026748
v 0.017493 0.319508 -0.033474
v 0.040809 0.330298 -0.021745
v 0.046204 0.327721 -0.020130
v 0.040797 0.325711 -0.026748
v 0.040797 0.325711 -0.026748
v 0.017515 0.328016 -0.030990
v 0.040809 0.330298 -0.021745
v -0.160016 0.325940 -0.018672
v -0.153528 0.327837 -0.019873
v -0.160023 0.323421 -0.021427
v 0.061611 0.360543 -0.040375
v 0.041227 0.360327 -0.040638
v 0.030295 0.362688 -0.038568
v 0.044993 0.355010 -0.043500
v -0.052329 0.360974 -0.040332
v -0.042679 0.360635 -0.040585
v -0.058348 0.355484 -0.043392
v -0.062277 0.351688 -0.044454
v -0.051480 0.348569 -0.044454
v -0.037344 0.360505 -0.039840
v -0.037471 0.363074 -0.038322
v -0.031472 0.360770 -0.040464
v -0.087783 0.328292 -0.030990
v -0.087806 0.319783 -0.033474
v -0.121625 0.319872 -0.024834
v 0.017515 0.328016 -0.030990
v 0.008193 -0.191447 -0.022800
v 0.029569 -0.121065 -0.022800
v 0.010690 -0.192009 -0.021726
v -0.056077 -0.374644 -0.022800
v -0.031472 0.360770 -0.040464
v -0.037471 0.363074 -0.038322
v -0.025936 0.360734 -0.040483
v -0.028921 0.355451 -0.043404
v -0.037344 0.360505 -0.039840
v -0.031472 0.360770 -0.040464
v -0.028921 0.355451 -0.043404
v -0.027315 0.349270 -0.044527
v 0.025366 0.360390 -0.040638
v 0.030295 0.362688 -0.038568
v 0.030155 0.360263 -0.039859
v 0.030155 0.360263 -0.039859
v 0.022855 0.355365 -0.043380
v 0.021150 0.349275 -0.044521
v 0.022855 0.355365 -0.043380
v 0.061329 0.355088 -0.043447
v 0.059283 0.348823 -0.044497
v 0.044993 0.355010 -0.043500
v 0.061611 0.360543 -0.040375
v 0.040797 0.325711 -0.026748
v 0.046195 0.324217 -0.023953
v 0.040780 0.319447 -0.028585
v 0.046182 0.319432 -0.025351
v 0.040780 0.319447 -0.028585
v 0.046195 0.324217 -0.023953
v -0.058348 0.355484 -0.043392
v -0.062277 0.351688 -0.044454
v -0.059967 0.356440 -0.042960
v 0.033528 0.358444 -0.040686
v 0.035938 0.352498 -0.042943
v 0.030155 0.360263 -0.039859
v 0.045830 -0.123907 -0.020898
v 0.024246 -0.195037 -0.020898
v 0.042927 -0.123393 -0.021738
v 0.059102 -0.056720 -0.021738
v 0.021344 -0.194397 -0.021726
v 0.032133 -0.121511 -0.021744
v 0.048240 -0.055278 -0.021744
v 0.079408 0.067049 -0.020898
v -0.187119 0.312563 -0.039204
v -0.187099 0.320384 -0.039204
v -0.197491 0.320411 -0.039204
v -0.197511 0.312590 -0.039204
v -0.047281 0.355411 -0.043428
v -0.058348 0.355484 -0.043392
v -0.042679 0.360635 -0.040585
v -0.051480 0.348569 -0.044454
v 0.030295 0.362688 -0.038568
v 0.036026 0.360291 -0.040693
v 0.030155 0.360263 -0.039859
v 0.033528 0.358444 -0.040686
v -0.160023 0.323421 -0.021427
v -0.153536 0.324504 -0.023508
v -0.160032 0.319972 -0.022434
v -0.042679 0.360635 -0.040585
v -0.037471 0.363074 -0.038322
v -0.037344 0.360505 -0.039840
v -0.047281 0.355411 -0.043428
v -0.037344 0.360505 -0.039840
v -0.046283 0.349067 -0.044454
v -0.138025 0.346128 0.039834
v -0.126068 0.349699 0.039834
v -0.135954 0.338708 0.034590
v -0.153548 0.319955 -0.024834
v -0.160032 0.319972 -0.022434
v -0.153536 0.324504 -0.023508
v -0.135954 0.338708 0.034590
v -0.144992 0.340443 0.039834
v -0.138025 0.346128 0.039834
v 0.040780 0.319447 -0.028585
v 0.017493 0.319508 -0.033474
v 0.040797 0.325711 -0.026748
v 0.036026 0.360291 -0.040693
v 0.038309 0.355000 -0.043512
v 0.033528 0.358444 -0.040686
v 0.017493 0.319508 -0.033474
v -0.087806 0.319783 -0.033474
v 0.017515 0.328016 -0.030990
v -0.121625 0.319872 -0.024834
v -0.153548 0.319955 -0.024834
v -0.121613 0.324420 -0.023508
v -0.087783 0.328292 -0.030990
v -0.121625 0.319872 -0.024834
v -0.135954 0.338708 0.034590
v -0.126292 0.340982 0.033570
v -0.136176 0.330327 0.032226
v -0.126068 0.349699 0.039834
v -0.037149 -0.363919 -0.021756
v 0.021344 -0.194397 -0.021726
v -0.034582 -0.363041 -0.020898
v -0.153536 0.324504 -0.023508
v -0.121613 0.324420 -0.023508
v -0.153548 0.319955 -0.024834
v -0.053581 -0.375239 -0.021756
v -0.056077 -0.374644 -0.022800
v 0.010690 -0.192009 -0.021726
v -0.034649 -0.181881 -0.044466
v -0.013881 -0.113498 -0.044466
v -0.026079 -0.183790 -0.039864
v -0.098779 -0.364528 -0.044466
v -0.019950 -0.112437 -0.044466
v -0.004868 -0.048292 -0.044466
v 0.001748 -0.049156 -0.044466
v -0.005176 -0.115012 -0.039864
v 0.010520 -0.050312 -0.039864
v -0.126322 0.329350 0.028577
v -0.136176 0.330327 0.032226
v -0.126292 0.340982 0.033570
v -0.098779 -0.364528 -0.044466
v -0.104981 -0.363054 -0.044466
v -0.034649 -0.181881 -0.044466
v -0.090210 -0.366552 -0.039864
v -0.026079 -0.183790 -0.039864
v 0.029569 -0.121065 -0.022800
v 0.045604 -0.054936 -0.022807
v 0.032133 -0.121511 -0.021744
v 0.010690 -0.192009 -0.021726
v 0.030155 0.360263 -0.039859
v 0.030254 0.140432 -0.039865
v 0.021150 0.349275 -0.044521
v 0.062073 -0.057113 -0.020898
v 0.059102 -0.056720 -0.021738
v 0.073367 0.004227 -0.020898
v 0.045830 -0.123907 -0.020898
v 0.070402 0.004487 -0.021738
v 0.073367 0.004227 -0.020898
v 0.076437 0.067221 -0.021738
v 0.059399 0.005446 -0.021744
v 0.065433 0.067855 -0.021744
v 0.048240 -0.055278 -0.021744
v 0.056768 0.005667 -0.022807
v 0.062802 0.068000 -0.022807
v 0.045604 -0.054936 -0.022807
v 0.048240 -0.055278 -0.021744
v 0.032133 -0.121511 -0.021744
v 0.080550 0.324221 -0.021684
v 0.083186 0.324159 -0.020707
v 0.079460 0.140276 -0.021738
v -0.135954 0.338708 0.034590
v -0.136176 0.330327 0.032226
v -0.144992 0.340443 0.039834
v 0.073367 0.004227 -0.020898
v 0.076437 0.067221 -0.021738
v 0.079460 0.140276 -0.021738
v 0.065433 0.067855 -0.021744
v 0.068394 0.140316 -0.021745
v 0.070402 0.004487 -0.021738
v 0.059399 0.005446 -0.021744
v 0.062802 0.068000 -0.022807
v 0.065762 0.140322 -0.022807
v 0.066311 0.349894 -0.022836
v 0.069276 0.349677 -0.021757
v -0.109672 0.140886 -0.039828
v -0.112283 0.329428 -0.039738
v -0.103935 0.140855 -0.044454
v -0.106531 0.077655 -0.044454
v -0.128126 0.078889 -0.032617
v -0.125600 0.140928 -0.032617
v -0.112468 0.078006 -0.039810
v -0.101618 0.329367 -0.044454
v -0.103935 0.140855 -0.044454
v -0.112283 0.329428 -0.039738
v -0.114961 0.337476 -0.040801
v -0.126322 0.329350 -0.032629
v -0.126294 0.339931 -0.039127
v -0.112283 0.329428 -0.039738
v -0.109672 0.140886 -0.039828
v -0.126322 0.329350 -0.032629
v 0.003863 -0.116586 -0.044502
v -0.017175 -0.185782 -0.044502
v -0.017175 -0.185782 -0.044502
v -0.090210 -0.366552 -0.039864
v -0.081373 -0.368655 -0.044502
v -0.071795 -0.370929 -0.044508
v -0.008338 -0.187752 -0.044508
v -0.063092 -0.372992 -0.044508
v 0.003863 -0.116586 -0.044502
v 0.012634 -0.118122 -0.044508
v 0.001173 -0.189889 -0.044508
v -0.063092 -0.372992 -0.044508
v 0.019627 -0.051518 -0.044509
v 0.010520 -0.050312 -0.039864
v 0.019627 -0.051518 -0.044509
v 0.030649 0.007935 -0.044509
v 0.001748 -0.049156 -0.044466
v -0.013881 -0.113498 -0.044466
v 0.001173 -0.189889 -0.044508
v 0.021407 0.008730 -0.039864
v 0.012633 0.009495 -0.044466
v 0.018530 0.070524 -0.044466
v 0.006017 0.010073 -0.044466
v 0.021407 0.008730 -0.039864
v 0.012521 0.070865 -0.044466
v -0.023584 0.072928 -0.044478
v 0.018530 0.070524 -0.044466
v 0.027371 0.070023 -0.039865
v 0.018530 0.070524 -0.044466
v 0.027371 0.070023 -0.039865
v 0.030649 0.007935 -0.044509
v 0.010520 -0.050312 -0.039864
v 0.036619 0.069498 -0.044509
v 0.039288 0.007176 -0.044509
v 0.045120 0.069008 -0.044509
v 0.028399 -0.052674 -0.044509
v 0.022419 -0.119830 -0.044508
v 0.038453 -0.053999 -0.044509
v 0.028399 -0.052674 -0.044509
v 0.049544 0.006286 -0.044509
v 0.039288 0.007176 -0.044509
v 0.045120 0.069008 -0.044509
v 0.055583 0.068403 -0.044509
v 0.049544 0.006286 -0.044509
v -0.127636 -0.093681 -0.044454
v -0.113168 -0.034005 -0.044454
v -0.086749 -0.100812 -0.044454
v -0.106628 -0.165808 -0.044454
v -0.100014 -0.167294 -0.044454
v -0.163807 -0.349106 -0.044454
v -0.092258 -0.169019 -0.039889
v -0.080134 -0.101956 -0.044454
v -0.046283 0.349067 -0.044454
v -0.037344 0.360505 -0.039840
v -0.046355 0.140666 -0.044454
v -0.192768 0.346178 -0.044454
v -0.193369 0.348660 -0.044454
v -0.179049 0.351779 -0.044454
v -0.193369 0.348660 -0.044454
v -0.192768 0.346178 -0.044454
v -0.204504 0.348491 -0.044442
v -0.171564 -0.347271 -0.044454
v -0.106628 -0.165808 -0.044454
v -0.163807 -0.349106 -0.044454
v -0.198916 -0.145195 -0.044454
v -0.261345 -0.323133 -0.044454
v -0.271671 -0.323524 -0.044454
v -0.218102 -0.333041 -0.044454
v -0.155605 -0.154884 -0.044454
v -0.210481 -0.335366 -0.044454
v -0.212297 0.029004 -0.044454
v -0.164919 0.024887 -0.044454
v -0.221602 -0.019685 -0.044454
v -0.207088 0.083408 -0.044454
v -0.218167 0.029377 -0.044460
v -0.227471 -0.019048 -0.044460
v -0.212963 0.083676 -0.044460
v -0.235110 -0.074942 -0.044454
v -0.221602 -0.019685 -0.044454
v -0.188489 -0.083066 -0.044454
v -0.252814 -0.133146 -0.044454
v -0.209570 -0.142813 -0.044454
v -0.294136 -0.318190 -0.044454
v -0.235110 -0.074942 -0.044454
v -0.321662 -0.311958 -0.044460
v -0.258548 -0.132146 -0.044460
v -0.315927 -0.313013 -0.044454
v -0.052565 0.140687 -0.044454
v -0.056858 0.074819 -0.044454
v -0.097992 0.140834 -0.044454
v -0.097025 0.331115 -0.044454
v -0.046355 0.140666 -0.044454
v -0.049098 0.074376 -0.044454
v -0.052565 0.140687 -0.044454
v -0.051480 0.348569 -0.044454
v -0.046283 0.349067 -0.044454
v -0.051480 0.348569 -0.044454
v -0.047281 0.355411 -0.043428
v -0.046283 0.349067 -0.044454
v -0.023584 0.072928 -0.044478
v -0.022058 0.140602 -0.044478
v 0.012521 0.070865 -0.044466
v 0.015608 0.140476 -0.044466
v 0.018530 0.070524 -0.044466
v -0.020971 0.349270 -0.044527
v 0.048680 0.140367 -0.044509
v 0.045120 0.069008 -0.044509
v 0.039503 0.140402 -0.044509
v 0.055583 0.068403 -0.044509
v 0.039642 0.349045 -0.044497
v 0.047609 0.348986 -0.044497
v 0.044993 0.355010 -0.043500
v -0.101618 0.329367 -0.044454
v -0.104358 0.339181 -0.044454
v -0.097025 0.331115 -0.044454
v -0.103935 0.140855 -0.044454
v -0.192768 0.346178 -0.044454
v -0.179049 0.351779 -0.044454
v -0.156113 0.141030 -0.044454
v -0.204510 0.346175 -0.044454
v -0.210453 0.346048 -0.044454
v -0.204504 0.348491 -0.044442
v -0.210453 0.346048 -0.044454
v -0.210649 0.141211 -0.044460
v -0.204510 0.346175 -0.044454
v -0.204504 0.348491 -0.044442
v -0.192768 0.346178 -0.044454
v -0.204778 0.141190 -0.044454
v -0.207088 0.083408 -0.044454
v -0.204778 0.141190 -0.044454
v -0.159644 0.080693 -0.044454
v -0.212963 0.083676 -0.044460
v -0.210649 0.141211 -0.044460
v -0.204778 0.141190 -0.044454
v -0.207088 0.083408 -0.044454
v -0.210649 0.141211 -0.044460
v -0.204510 0.346175 -0.044454
v 0.047609 0.348986 -0.044497
v 0.044993 0.355010 -0.043500
v 0.059283 0.348823 -0.044497
v 0.048680 0.140367 -0.044509
v 0.058470 0.140336 -0.044509
v 0.055583 0.068403 -0.044509
v 0.059283 0.348823 -0.044497
v -0.041458 -0.180372 -0.044466
v -0.019950 -0.112437 -0.044466
v -0.034649 -0.181881 -0.044466
v -0.104981 -0.363054 -0.044466
v -0.075324 -0.172793 -0.044478
v -0.055576 -0.106228 -0.044478
v -0.039550 -0.043685 -0.044478
v -0.004868 -0.048292 -0.044466
v 0.006017 0.010073 -0.044466
v -0.028870 0.013085 -0.044478
v -0.023584 0.072928 -0.044478
v -0.146674 -0.353161 -0.044478
v -0.082813 -0.171123 -0.044478
v -0.141275 -0.354451 -0.044478
v -0.210481 -0.335366 -0.044454
v -0.271671 -0.323524 -0.044454
v -0.218102 -0.333041 -0.044454
v -0.179384 0.353947 -0.044454
v -0.179049 0.351779 -0.044454
v -0.193369 0.348660 -0.044454
v -0.271671 -0.323524 -0.044454
v -0.210481 -0.335366 -0.044454
v -0.171564 -0.347271 -0.044454
v 0.030295 0.362688 -0.038568
v 0.025366 0.360390 -0.040638
v 0.020571 0.360425 -0.040621
v 0.022855 0.355365 -0.043380
v 0.018127 0.355372 -0.043380
v 0.022855 0.355365 -0.043380
v 0.021150 0.349275 -0.044521
v 0.016628 0.349276 -0.044521
v 0.021150 0.349275 -0.044521
v 0.021345 0.140461 -0.044466
v 0.021345 0.140461 -0.044466
v 0.030254 0.140432 -0.039865
v 0.027371 0.070023 -0.039865
v 0.015608 0.140476 -0.044466
v 0.016628 0.349276 -0.044521
v 0.018530 0.070524 -0.044466
v 0.018530 0.070524 -0.044466
v 0.027371 0.070023 -0.039865
v 0.030254 0.140432 -0.039865
v 0.036619 0.069498 -0.044509
v 0.039503 0.140402 -0.044509
v 0.045120 0.069008 -0.044509
v 0.039642 0.349045 -0.044497
v 0.038309 0.355000 -0.043512
v 0.044993 0.355010 -0.043500
v 0.041227 0.360327 -0.040638
v 0.036026 0.360291 -0.040693
v 0.030295 0.362688 -0.038568
v -0.055576 -0.106228 -0.044478
v -0.075324 -0.172793 -0.044478
v -0.062659 -0.104989 -0.044478
v -0.141275 -0.354451 -0.044478
v -0.104981 -0.363054 -0.044466
v -0.047514 -0.042653 -0.044478
v -0.039550 -0.043685 -0.044478
v -0.057162 -0.041384 -0.039889
v -0.037036 0.013800 -0.044478
v -0.028870 0.013085 -0.044478
v -0.037036 0.013800 -0.044478
v -0.046757 0.014639 -0.039889
v -0.031277 0.073372 -0.044478
v -0.040999 0.073920 -0.039889
v -0.040999 0.073920 -0.039889
v -0.023584 0.072928 -0.044478
v -0.028870 0.013085 -0.044478
v -0.046757 0.014639 -0.039889
v -0.049098 0.074376 -0.044454
v -0.054784 0.015326 -0.044454
v -0.065126 -0.040340 -0.044454
v -0.056858 0.074819 -0.044454
v -0.062342 0.015984 -0.044454
v -0.072344 -0.039398 -0.044454
v -0.098565 0.077200 -0.044454
v -0.103511 0.019545 -0.044454
v -0.125600 0.140928 -0.032617
v -0.126322 0.329350 -0.032629
v -0.109672 0.140886 -0.039828
v -0.112468 0.078006 -0.039810
v -0.109672 0.140886 -0.039828
v -0.106531 0.077655 -0.044454
v -0.103935 0.140855 -0.044454
v -0.098565 0.077200 -0.044454
v -0.097992 0.140834 -0.044454
v -0.098565 0.077200 -0.044454
v -0.056858 0.074819 -0.044454
v -0.097025 0.331115 -0.044454
v -0.052565 0.140687 -0.044454
v -0.049098 0.074376 -0.044454
v -0.051480 0.348569 -0.044454
v -0.099360 0.340059 -0.044454
v -0.062277 0.351688 -0.044454
v -0.109937 0.348408 -0.044454
v -0.062277 0.351688 -0.044454
v -0.063754 0.353826 -0.044454
v -0.059967 0.356440 -0.042960
v -0.046355 0.140666 -0.044454
v -0.040999 0.073920 -0.039889
v -0.038326 0.140650 -0.039889
v -0.037344 0.360505 -0.039840
v -0.031277 0.073372 -0.044478
v -0.028536 0.140624 -0.044478
v -0.023584 0.072928 -0.044478
v -0.028536 0.140624 -0.044478
v 0.035938 0.352498 -0.042943
v 0.033528 0.358444 -0.040686
v 0.038309 0.355000 -0.043512
v -0.156118 -0.350936 -0.039889
v -0.163807 -0.349106 -0.044454
v -0.146674 -0.353161 -0.044478
v -0.082813 -0.171123 -0.044478
v -0.092258 -0.169019 -0.039889
v -0.156118 -0.350936 -0.039889
v -0.072243 -0.103325 -0.039889
v -0.080134 -0.101956 -0.044454
v -0.065126 -0.040340 -0.044454
v -0.086749 -0.100812 -0.044454
v -0.072344 -0.039398 -0.044454
v -0.065126 -0.040340 -0.044454
v -0.054784 0.015326 -0.044454
v -0.113168 -0.034005 -0.044454
v -0.062342 0.015984 -0.044454
v -0.057162 -0.041384 -0.039889
v -0.046757 0.014639 -0.039889
v -0.072243 -0.103325 -0.039889
v -0.062659 -0.104989 -0.044478
v -0.082813 -0.171123 -0.044478
v -0.141275 -0.354451 -0.044478
v -0.127636 -0.093681 -0.044454
v -0.122007 -0.032832 -0.044454
v -0.103511 0.019545 -0.044454
v -0.056858 0.074819 -0.044454
v -0.112011 0.020293 -0.044454
v -0.106531 0.077655 -0.044454
v -0.098565 0.077200 -0.044454
v -0.112011 0.020293 -0.044454
v -0.112468 0.078006 -0.039810
v -0.117953 0.020821 -0.039810
v -0.112468 0.078006 -0.039810
v -0.127876 -0.032058 -0.039816
v -0.112468 0.078006 -0.039810
v -0.128126 0.078889 -0.032617
v -0.027315 0.349270 -0.044527
v -0.022058 0.140602 -0.044478
v -0.023584 0.072928 -0.044478
v -0.027315 0.349270 -0.044527
v -0.020971 0.349270 -0.044527
v -0.022577 0.355440 -0.043398
v -0.037344 0.360505 -0.039840
v -0.038326 0.140650 -0.039889
v -0.028921 0.355451 -0.043404
v -0.022577 0.355440 -0.043398
v -0.025936 0.360734 -0.040483
v -0.020971 0.349270 -0.044527
v 0.016628 0.349276 -0.044521
v 0.015608 0.140476 -0.044466
v 0.018127 0.355372 -0.043380
v -0.022577 0.355440 -0.043398
v 0.020571 0.360425 -0.040621
v -0.025936 0.360734 -0.040483
v 0.030295 0.362688 -0.038568
v -0.156113 0.141030 -0.044454
v -0.153311 0.333787 -0.044454
v -0.148888 0.141011 -0.044454
v -0.151343 0.080226 -0.044454
v -0.151343 0.080226 -0.044454
v -0.143110 0.079737 -0.037981
v -0.159644 0.080693 -0.044454
v -0.156113 0.141030 -0.044454
v -0.204778 0.141190 -0.044454
v -0.192768 0.346178 -0.044454
v -0.145620 -0.157104 -0.044454
v -0.106628 -0.165808 -0.044454
v -0.210481 -0.335366 -0.044454
v -0.136474 -0.092140 -0.044454
v -0.122007 -0.032832 -0.044454
v -0.142141 -0.091135 -0.039822
v -0.127876 -0.032058 -0.039816
v -0.155605 -0.154884 -0.044454
v -0.145620 -0.157104 -0.044454
v -0.210481 -0.335366 -0.044454
v -0.136474 -0.092140 -0.044454
v -0.171564 -0.347271 -0.044454
v -0.162280 -0.153365 -0.039750
v -0.224916 -0.331660 -0.039750
v -0.142141 -0.091135 -0.039822
v -0.157656 -0.088449 -0.032617
v -0.143397 -0.030010 -0.032617
v -0.127876 -0.032058 -0.039816
v -0.176450 -0.150209 -0.032617
v -0.239086 -0.328674 -0.032616
v -0.112011 0.020293 -0.044454
v -0.117953 0.020821 -0.039810
v -0.133610 0.022165 -0.032617
v -0.128126 0.078889 -0.032617
v -0.157656 -0.088449 -0.032617
v -0.158311 -0.028057 -0.037975
v -0.143397 -0.030010 -0.032617
v -0.166404 -0.026974 -0.044454
v -0.148521 0.023447 -0.037981
v -0.172434 -0.085875 -0.037968
v -0.133610 0.022165 -0.032617
v -0.143110 0.079737 -0.037981
v -0.148521 0.023447 -0.037981
v -0.158311 -0.028057 -0.037975
v -0.156686 0.024178 -0.044454
v -0.151343 0.080226 -0.044454
v -0.143110 0.079737 -0.037981
v -0.151343 0.080226 -0.044454
v -0.156686 0.024178 -0.044454
v -0.159644 0.080693 -0.044454
v -0.164919 0.024887 -0.044454
v -0.174502 -0.025897 -0.044454
v -0.159644 0.080693 -0.044454
v -0.207088 0.083408 -0.044454
v -0.212297 0.029004 -0.044454
v -0.212963 0.083676 -0.044460
v -0.261345 -0.323133 -0.044454
v -0.218102 -0.333041 -0.044454
v -0.271671 -0.323524 -0.044454
v -0.252441 -0.325411 -0.038040
v -0.189940 -0.147215 -0.038040
v -0.224916 -0.331660 -0.039750
v -0.155605 -0.154884 -0.044454
v -0.224916 -0.331660 -0.039750
v -0.239086 -0.328674 -0.032616
v -0.162280 -0.153365 -0.039750
v 0.079460 0.140276 -0.021738
v 0.068394 0.140316 -0.021745
v 0.080550 0.324221 -0.021684
v 0.076437 0.067221 -0.021738
v 0.082432 0.140262 -0.020898
v 0.079408 0.067049 -0.020898
v 0.083186 0.324159 -0.020707
v 0.065762 0.140322 -0.022807
v 0.069276 0.349677 -0.021757
v 0.065433 0.067855 -0.021744
v -0.209570 -0.142813 -0.044454
v -0.188489 -0.083066 -0.044454
v -0.198916 -0.145195 -0.044454
v -0.279160 -0.321733 -0.044454
v -0.271671 -0.323524 -0.044454
v -0.235110 -0.074942 -0.044454
v -0.271671 -0.323524 -0.044454
v -0.209570 -0.142813 -0.044454
v -0.279160 -0.321733 -0.044454
v -0.294136 -0.318190 -0.044454
v -0.315927 -0.313013 -0.044454
v -0.252814 -0.133146 -0.044454
v -0.180392 -0.084473 -0.044454
v -0.174502 -0.025897 -0.044454
v -0.221602 -0.019685 -0.044454
v -0.164919 0.024887 -0.044454
v -0.227471 -0.019048 -0.044460
v -0.212297 0.029004 -0.044454
v -0.240845 -0.074151 -0.044460
v -0.252814 -0.133146 -0.044454
v -0.258548 -0.132146 -0.044460
v -0.315927 -0.313013 -0.044454
v -0.198916 -0.145195 -0.044454
v -0.189940 -0.147215 -0.038040
v -0.261345 -0.323133 -0.044454
v -0.166404 -0.026974 -0.044454
v -0.252441 -0.325411 -0.038040
v -0.158311 -0.028057 -0.037975
v -0.174502 -0.025897 -0.044454
v -0.156686 0.024178 -0.044454
v -0.180392 -0.084473 -0.044454
v 0.024246 -0.195037 -0.020898
v -0.034582 -0.363041 -0.020898
v 0.021344 -0.194397 -0.021726
v 0.042927 -0.123393 -0.021738
v 0.010690 -0.192009 -0.021726
v -0.043227 -0.366076 -0.021756
v 0.032133 -0.121511 -0.021744
v -0.140923 0.348759 -0.044454
v -0.138025 0.346128 -0.044454
v -0.149443 0.341923 -0.044454
v -0.153311 0.333787 -0.044454
v -0.179049 0.351779 -0.044454
v -0.156113 0.141030 -0.044454
v -0.144992 0.340443 -0.044454
v -0.138025 0.346128 -0.044454
v -0.149443 0.341923 -0.044454
v -0.153311 0.333787 -0.044454
v -0.149204 0.330895 -0.044454
v -0.148888 0.141011 -0.044454
v -0.149204 0.330895 -0.044454
v -0.137660 0.330331 -0.038862
v -0.148888 0.141011 -0.044454
v 0.038309 0.355000 -0.043512
v 0.039642 0.349045 -0.044497
v 0.035938 0.352498 -0.042943
v 0.076502 0.324325 -0.021618
v 0.068394 0.140316 -0.021745
v 0.076569 0.349812 -0.021667
v 0.069276 0.349677 -0.021757
v 0.076569 0.349812 -0.021667
v 0.068394 0.140316 -0.021745
v 0.059102 -0.056720 -0.021738
v 0.042927 -0.123393 -0.021738
v 0.048240 -0.055278 -0.021744
v 0.070402 0.004487 -0.021738
v -0.037149 -0.363919 -0.021756
v -0.043227 -0.366076 -0.021756
v 0.021344 -0.194397 -0.021726
v -0.053581 -0.375239 -0.021756
v 0.010690 -0.192009 -0.021726
v -0.043227 -0.366076 -0.021756
v -0.041277 -0.368908 -0.021756
v -0.053581 -0.375239 -0.021756
v -0.043227 -0.366076 -0.021756
v -0.239086 -0.328674 -0.032616
v -0.252441 -0.325411 -0.038040
v -0.176450 -0.150209 -0.032617
v 0.076502 0.324325 -0.021618
v 0.080550 0.324221 -0.021684
v 0.068394 0.140316 -0.021745
v 0.067040 0.319719 -0.016092
v 0.067020 0.311903 -0.016092
v 0.055834 0.319748 -0.016092
v 0.055814 0.311933 -0.016092
v 0.056035 0.319748 -0.034525
v 0.056015 0.311932 -0.034525
v -0.121351 0.320212 -0.034548
v -0.121371 0.312391 -0.034548
v -0.121351 0.320212 -0.025645
v -0.121371 0.312391 -0.025645
v -0.184467 0.320377 -0.025645
v -0.184487 0.312556 -0.025645
v -0.149204 0.330895 0.039834
v -0.136176 0.330327 0.032226
v -0.148888 0.141011 0.039858
v -0.144992 0.340443 0.039834
v -0.125600 0.140928 -0.032617
v -0.140859 0.140968 -0.037963
v -0.126322 0.329350 -0.032629
v -0.128126 0.078889 -0.032617
v -0.143110 0.079737 -0.037981
v -0.140859 0.140968 -0.037963
v -0.128126 0.078889 -0.032617
v -0.109937 0.348408 -0.044454
v -0.099360 0.340059 -0.044454
v -0.112441 0.346083 -0.044454
v -0.104358 0.339181 -0.044454
v -0.097025 0.331115 -0.044454
v -0.126068 0.349699 -0.044454
v -0.126197 0.351734 -0.044454
v -0.112441 0.346083 -0.044454
v -0.126294 0.339931 -0.039127
v -0.104358 0.339181 -0.044454
v -0.114961 0.337476 -0.040801
v -0.101618 0.329367 -0.044454
v -0.114961 0.337476 -0.040801
v -0.138025 0.346128 -0.044454
v -0.134468 0.337659 -0.040146
v -0.134468 0.337659 -0.040146
v -0.144992 0.340443 -0.044454
v -0.140923 0.348759 -0.044454
v -0.126294 0.339931 -0.039127
v -0.137660 0.330331 -0.038862
v -0.126294 0.339931 -0.039127
v -0.126068 0.349699 -0.044454
v -0.179049 0.351779 -0.044454
v -0.149443 0.341923 -0.044454
v -0.179384 0.353947 -0.044454
v -0.112441 0.346083 0.039834
v -0.104358 0.339181 0.039834
v -0.114958 0.338527 0.035250
v -0.101618 0.329367 0.039834
v -0.114958 0.338527 0.035250
v -0.136176 0.330327 0.032226
v -0.126322 0.329350 0.028577
v -0.139036 0.140963 0.032058
v 0.030254 0.140432 -0.039865
v 0.030155 0.360263 -0.039859
v 0.035938 0.352498 -0.042943
v 0.035938 0.352498 -0.042943
v 0.039642 0.349045 -0.044497
v -0.137660 0.330331 -0.038862
v -0.126322 0.329350 -0.032629
v -0.140859 0.140968 -0.037963
v -0.114961 0.337476 -0.040801
v -0.112283 0.329428 -0.039738
v -0.126294 0.339931 -0.039127
v -0.112441 0.346083 -0.044454
v -0.140859 0.140968 -0.037963
v -0.148888 0.141011 -0.044454
v -0.137660 0.330331 -0.038862
v -0.143110 0.079737 -0.037981
v -0.209839 0.348373 0.036797
v -0.206131 0.346537 0.036569
v -0.210586 0.346340 0.036773
v -0.206798 0.349388 0.036743
v -0.206131 0.346537 0.036569
v -0.206131 0.346537 0.036569
v -0.206798 0.349388 0.036743
v -0.193916 0.346439 0.036755
v 0.060909 0.349930 0.026136
v 0.061018 0.366017 0.026208
v 0.065497 0.349791 0.026148
v -0.101618 0.329367 0.039834
v -0.104358 0.339181 0.039834
v -0.065717 0.351455 0.039834
v -0.112441 0.346083 0.039834
v -0.126068 0.349699 0.039834
v -0.112441 0.346083 0.039834
v -0.126292 0.340982 0.033570
v -0.114958 0.338527 0.035250
v -0.112441 0.346083 0.039834
v -0.113834 0.329432 0.033102
v -0.126292 0.340982 0.033570
v -0.065717 0.351455 0.039834
v -0.179456 0.351747 0.039852
v -0.138025 0.346128 0.039834
v -0.144992 0.340443 0.039834
v -0.149204 0.330895 0.039834
v 0.065537 0.365285 0.026142
v 0.065497 0.349791 0.026148
v 0.061018 0.366017 0.026208
v -0.272896 -0.327288 0.028842
v -0.295563 -0.322224 0.028848
v -0.271604 -0.323529 0.028842
v -0.294203 -0.318168 0.028848
v -0.106004 -0.366137 0.028860
v -0.142500 -0.357979 0.028866
v -0.104981 -0.363060 0.028860
v -0.141342 -0.354434 0.028866
v 0.061018 0.366017 0.026208
v -0.048936 0.366371 0.026142
v -0.046638 0.368703 0.026136
v -0.044681 0.368780 0.026142
v 0.061833 0.368512 0.026142
v 0.065537 0.365285 0.026142
v 0.061018 0.366017 0.026208
v 0.061833 0.368512 0.026142
v -0.064834 0.354346 0.038760
v -0.066526 0.351457 0.038760
v -0.179449 0.354640 0.038772
v -0.103935 0.140855 0.039852
v -0.101618 0.329367 0.039834
v -0.065717 0.351455 0.039834
v -0.103935 0.140855 0.039852
v 0.021258 0.235221 0.040583
v 0.060429 0.141310 0.039834
v -0.149204 0.330895 0.039834
v -0.148888 0.141011 0.039858
v -0.206666 0.142009 0.039846
v -0.193916 0.346439 0.039846
v -0.149204 0.330895 0.039834
v -0.206666 0.142009 0.039846
v -0.206131 0.346537 0.039846
v -0.193916 0.346439 0.039846
v -0.206666 0.142009 0.039846
v -0.193916 0.346439 0.039846
v -0.179456 0.351747 0.039852
v -0.149204 0.330895 0.039834
v -0.179449 0.354640 0.038772
v -0.179456 0.351747 0.038772
v -0.193908 0.349332 0.036755
v -0.066526 0.351457 0.038760
v -0.027749 0.260314 0.040613
v 0.021118 0.260252 0.040601
v 0.060979 0.351123 0.039834
v -0.027954 0.235344 0.040601
v 0.060986 0.354022 0.039834
v -0.103935 0.140855 0.039852
v 0.021258 0.235221 0.040583
v 0.021258 0.235221 0.040583
v 0.021118 0.260252 0.040601
v 0.060429 0.141310 0.039834
v 0.060429 0.141310 0.039834
v 0.021118 0.260252 0.040601
v 0.060979 0.351123 0.039834
v -0.113834 0.329432 0.033102
v -0.111562 0.140891 0.033924
v -0.126322 0.329350 0.028577
v -0.126292 0.340982 0.033570
v -0.113834 0.329432 0.033102
v -0.113834 0.329432 0.033102
v -0.114958 0.338527 0.035250
v -0.101618 0.329367 0.039834
v -0.103935 0.140855 0.039852
v 0.078526 0.324232 0.018636
v 0.078047 0.141264 0.018636
v 0.076502 0.324325 0.018587
v 0.076023 0.141269 0.018593
v 0.068463 0.141289 0.018636
v 0.069009 0.349909 0.018636
v 0.076569 0.349812 0.018575
v 0.065095 0.349897 0.019421
v 0.064549 0.141299 0.019421
v 0.062124 0.349932 0.022026
v 0.061578 0.141307 0.022026
v -0.064160 0.354349 0.039834
v 0.060995 0.357234 0.040026
v -0.060773 0.357564 0.040026
v -0.056108 0.361269 0.037734
v 0.061004 0.360952 0.037758
v -0.111562 0.140891 0.033924
v -0.113834 0.329432 0.033102
v -0.125600 0.140928 0.029292
v -0.126322 0.329350 0.028577
v -0.139036 0.140963 0.032058
v -0.126322 0.329350 0.028577
v -0.148888 0.141011 0.039858
v -0.136176 0.330327 0.032226
v -0.126322 0.329350 -0.032629
v -0.137660 0.330331 -0.038862
v -0.126294 0.339931 -0.039127
v -0.134468 0.337659 -0.040146
v -0.144992 0.340443 -0.044454
v 0.079540 0.324229 0.017916
v 0.079061 0.141261 0.017916
v 0.078526 0.324232 0.018636
v 0.078047 0.141264 0.018636
v -0.193908 0.349332 0.036755
v -0.193916 0.346439 0.036755
v -0.206798 0.349388 0.036743
v -0.179456 0.351747 0.038772
v -0.043227 -0.366076 -0.021756
v -0.040459 -0.365115 -0.020562
v -0.041277 -0.368908 -0.021756
v -0.038642 -0.367683 -0.020562
v -0.038433 -0.364416 -0.018522
v -0.036750 -0.366835 -0.018522
v -0.209839 0.348373 0.036797
v -0.209772 0.348483 0.044880
v -0.206798 0.349388 0.036743
v -0.209839 0.348373 -0.035851
v -0.206798 0.349388 -0.035796
v -0.209772 0.348483 -0.043932
v -0.193841 0.349337 0.043686
v -0.179449 0.354651 0.043650
v -0.193908 0.349332 0.036755
v -0.193369 0.348660 0.045395
v -0.179384 0.353947 0.045401
v -0.193841 0.349337 -0.042744
v -0.193908 0.349332 -0.035814
v -0.179449 0.354651 -0.042703
v -0.179449 0.354640 0.038772
v -0.193908 0.349332 0.036755
v -0.179449 0.354651 0.043650
v -0.179449 0.354640 -0.037830
v -0.179449 0.354651 -0.042703
v -0.193908 0.349332 -0.035814
v -0.205650 0.349363 0.042275
v -0.206798 0.349388 0.036743
v -0.209772 0.348483 0.044880
v -0.205650 0.349363 -0.041335
v -0.209772 0.348483 -0.043932
v -0.206798 0.349388 -0.035796
v -0.179449 0.354651 -0.042703
v -0.179384 0.353947 -0.044454
v -0.193841 0.349337 -0.042744
v -0.179449 0.354651 0.043650
v -0.193841 0.349337 0.043686
v -0.179384 0.353947 0.045401
v -0.193369 0.348660 -0.044454
v -0.193841 0.349337 -0.042744
v -0.179384 0.353947 -0.044454
v 0.061758 0.365685 -0.034189
v 0.061833 0.368512 -0.025200
v 0.065532 0.363398 -0.031657
v 0.061758 0.365685 0.035129
v 0.065532 0.363398 0.032603
v 0.061833 0.368512 0.026142
v -0.046638 0.368703 0.026136
v -0.048603 0.365870 0.035214
v -0.044681 0.368780 0.026142
v -0.046638 0.368703 0.026136
v -0.051779 0.364432 0.033017
v 0.061833 0.368512 0.026142
v 0.061758 0.365685 0.035129
v -0.046445 0.365903 -0.034381
v 0.061758 0.365685 -0.034189
v -0.037471 0.363074 -0.038322
v -0.044681 0.368780 -0.025200
v 0.061833 0.368512 -0.025200
v 0.061758 0.365685 -0.034189
v 0.083186 0.324159 0.021653
v 0.079540 0.324229 0.017916
v 0.080550 0.324221 0.022632
v 0.078526 0.324232 0.018636
v 0.076502 0.324325 0.022566
v 0.076502 0.324325 0.018587
v 0.076502 0.324325 0.022566
v 0.076569 0.349812 0.018575
v 0.076569 0.349812 0.022607
v 0.069276 0.349677 0.022703
v 0.069009 0.349909 0.018636
v 0.076569 0.349812 0.018575
v 0.066311 0.349894 0.023784
v 0.065095 0.349897 0.019421
v 0.062124 0.349932 0.022026
v 0.060909 0.349930 0.026136
v 0.065497 0.349791 0.026148
v 0.084062 0.324162 0.019494
v 0.079540 0.324229 -0.016974
v 0.084062 0.324162 -0.018546
v 0.083186 0.324159 -0.020707
v 0.080550 0.324221 -0.021684
v 0.078526 0.324232 -0.017688
v 0.076502 0.324325 -0.021618
v 0.076502 0.324325 -0.017647
v 0.076502 0.324325 -0.021618
v 0.076569 0.349812 -0.017635
v 0.076569 0.349812 -0.021667
v 0.069276 0.349677 -0.021757
v 0.069009 0.349909 -0.017688
v 0.076569 0.349812 -0.017635
v 0.066311 0.349894 -0.022836
v 0.065095 0.349897 -0.018475
v 0.062124 0.349932 -0.021078
v 0.060909 0.349930 -0.025200
v 0.065497 0.349791 -0.025207
v -0.193908 0.349332 -0.035814
v -0.193841 0.349337 -0.042744
v -0.205650 0.349363 -0.041335
v -0.204504 0.348491 -0.044442
v -0.209772 0.348483 -0.043932
v -0.205650 0.349363 -0.041335
v -0.204504 0.348491 -0.044442
v -0.209772 0.348483 0.044880
v -0.204504 0.348491 0.045389
v -0.204504 0.348491 0.045389
v -0.205650 0.349363 0.042275
v -0.205650 0.349363 0.042275
v -0.193841 0.349337 0.043686
v -0.193908 0.349332 0.036755
v -0.206131 0.346537 0.036569
v -0.206131 0.346537 -0.035622
v -0.210586 0.346340 0.036773
v -0.210586 0.346340 -0.035832
v 0.061758 0.365685 0.035129
v -0.046445 0.365903 0.035321
v -0.037471 0.363074 0.039269
v -0.044681 0.368780 0.026142
v -0.037471 0.363074 0.039269
v -0.042679 0.360635 0.041532
v -0.044681 0.368780 0.026142
v -0.048603 0.365870 0.035214
v -0.054693 0.360919 0.041165
v -0.052329 0.360974 0.041274
v -0.046445 0.365903 0.035321
v 0.066311 0.349894 -0.022836
v 0.065497 0.349791 -0.025207
v 0.062124 0.349932 -0.021078
v 0.066311 0.349894 0.023784
v 0.062124 0.349932 0.022026
v 0.065497 0.349791 0.026148
v -0.193908 0.349332 0.036755
v -0.206798 0.349388 0.036743
v -0.205650 0.349363 0.042275
v -0.193908 0.349332 -0.035814
v -0.205650 0.349363 -0.041335
v -0.206798 0.349388 -0.035796
v -0.193369 0.348660 -0.044454
v -0.204504 0.348491 -0.044442
v -0.193841 0.349337 -0.042744
v -0.193369 0.348660 0.045395
v -0.193841 0.349337 0.043686
v -0.204504 0.348491 0.045389
v -0.063754 0.353826 -0.044454
v -0.179384 0.353947 -0.044454
v -0.064160 0.354349 -0.038892
v -0.064834 0.354346 -0.037818
v -0.179449 0.354640 -0.037830
v -0.179449 0.354651 -0.042703
v -0.064160 0.354349 -0.038892
v -0.179384 0.353947 -0.044454
v -0.179449 0.354651 0.043650
v -0.064160 0.354349 0.039834
v -0.179449 0.354640 0.038772
v -0.064834 0.354346 0.038760
v -0.179384 0.353947 0.045401
v -0.064160 0.354349 0.039834
v -0.063754 0.353826 0.045395
v -0.179384 0.353947 0.045401
v 0.040809 0.330298 -0.021745
v 0.017531 0.334247 -0.024193
v 0.040813 0.331981 -0.014911
v 0.040813 0.331981 -0.014911
v 0.046208 0.329002 -0.014911
v 0.040809 0.330298 -0.021745
v -0.160014 0.326864 -0.014911
v -0.153524 0.329052 -0.014911
v -0.160016 0.325940 -0.018672
v -0.046638 0.368703 -0.025200
v -0.044681 0.368780 -0.025200
v -0.048603 0.365870 -0.034273
v -0.051779 0.364432 -0.032077
v -0.046638 0.368703 -0.025200
v 0.040813 0.331981 -0.014911
v 0.017537 0.336525 -0.014911
v 0.040809 0.330298 -0.008071
v -0.087761 0.336800 -0.014911
v 0.017537 0.336525 -0.014911
v -0.087767 0.334518 -0.024193
v -0.121604 0.327753 -0.019873
v 0.046208 0.329002 -0.014911
v 0.040813 0.331981 -0.014911
v 0.046204 0.327721 -0.009690
v 0.040809 0.330298 -0.008071
v 0.046204 0.327721 -0.009690
v 0.040813 0.331981 -0.014911
v -0.153524 0.329052 -0.014911
v -0.121601 0.328969 -0.014911
v -0.153528 0.327837 -0.019873
v -0.121601 0.328969 -0.014911
v -0.121604 0.327753 -0.009949
v -0.087767 0.334518 -0.005629
v -0.121601 0.328969 -0.014911
v -0.087761 0.336800 -0.014911
v -0.121604 0.327753 -0.019873
v -0.153528 0.327837 -0.019873
v -0.121601 0.328969 -0.014911
v 0.046204 0.327721 -0.020130
v 0.040809 0.330298 -0.021745
v 0.046208 0.329002 -0.014911
v -0.160016 0.325940 -0.011148
v -0.153528 0.327837 -0.009949
v -0.160014 0.326864 -0.014911
v -0.160016 0.325940 -0.018672
v -0.153528 0.327837 -0.019873
v -0.153524 0.329052 -0.014911
v 0.017531 0.334242 -0.005629
v 0.040809 0.330298 -0.008071
v 0.017537 0.336525 -0.014911
v -0.087761 0.336800 -0.014911
v 0.084062 0.324162 0.019494
v 0.079540 0.324229 0.017916
v 0.083186 0.324159 0.021653
v -0.087767 0.334518 -0.005629
v 0.017531 0.334242 -0.005629
v -0.087761 0.336800 -0.014911
v -0.121601 0.328969 -0.014911
v 0.061758 0.365685 -0.034189
v 0.061611 0.360543 -0.040375
v 0.030295 0.362688 -0.038568
v -0.037471 0.363074 -0.038322
v 0.030295 0.362688 -0.038568
v 0.061758 0.365685 -0.034189
v -0.054693 0.360919 -0.040224
v -0.056108 0.361269 -0.036799
v -0.048603 0.365870 -0.034273
v -0.054693 0.360919 0.041165
v -0.048603 0.365870 0.035214
v -0.056108 0.361269 0.037734
v -0.153524 0.329052 -0.014911
v -0.160014 0.326864 -0.014911
v -0.153528 0.327837 -0.009949
v -0.121604 0.327753 -0.009949
v -0.153524 0.329052 -0.014911
v 0.061758 0.365685 0.035129
v 0.030295 0.362688 0.039509
v 0.061611 0.360543 0.041316
v -0.037471 0.363074 0.039269
v 0.030295 0.362688 0.039509
v 0.061758 0.365685 0.035129
v -0.200055 0.320407 0.036347
v -0.184467 0.320366 0.036347
v -0.184467 0.320366 0.025194
v -0.197424 0.320400 0.038681
v -0.187099 0.320373 0.038681
v -0.184467 0.320377 -0.025645
v -0.121351 0.320201 0.025194
v -0.200122 0.320418 -0.036870
v -0.184467 0.320377 -0.036870
v -0.187099 0.320384 -0.039204
v -0.197491 0.320411 -0.039204
v -0.121351 0.320212 -0.025645
v 0.055499 0.319749 0.015672
v -0.121351 0.320201 0.034098
v 0.055360 0.319749 0.034098
v 0.055834 0.319748 -0.016092
v -0.121351 0.320212 -0.034548
v 0.056035 0.319748 -0.034525
v 0.066700 0.319720 0.015672
v 0.067040 0.319719 -0.016092
v -0.052329 0.360974 -0.040332
v -0.054693 0.360919 -0.040224
v -0.046445 0.365903 -0.034381
v -0.048603 0.365870 -0.034273
v -0.046445 0.365903 -0.034381
v -0.044681 0.368780 -0.025200
v -0.051779 0.364432 0.033017
v -0.056108 0.361269 0.037734
v -0.048603 0.365870 0.035214
v -0.051779 0.364432 -0.032077
v -0.048603 0.365870 -0.034273
v -0.056108 0.361269 -0.036799
v -0.037471 0.363074 -0.038322
v -0.042679 0.360635 -0.040585
v -0.046445 0.365903 -0.034381
v 0.017537 0.336525 -0.014911
v 0.040813 0.331981 -0.014911
v 0.017531 0.334247 -0.024193
v -0.087767 0.334518 -0.024193
v 0.017515 0.328016 -0.030990
v -0.087783 0.328292 -0.030990
v -0.056108 0.361269 -0.036799
v -0.054693 0.360919 -0.040224
v -0.060773 0.357564 -0.039084
v -0.056108 0.361269 0.037734
v -0.060773 0.357564 0.040026
v -0.054693 0.360919 0.041165
v -0.063754 0.353826 -0.044454
v -0.064160 0.354349 -0.038892
v -0.059967 0.356440 -0.042960
v -0.063754 0.353826 0.045395
v -0.059967 0.356440 0.043901
v -0.064160 0.354349 0.039834
v -0.059967 0.356440 -0.042960
v -0.060773 0.357564 -0.039084
v -0.054693 0.360919 -0.040224
v -0.059967 0.356440 0.043901
v -0.054693 0.360919 0.041165
v -0.060773 0.357564 0.040026
v 0.046195 0.324217 -0.023953
v 0.040797 0.325711 -0.026748
v 0.046204 0.327721 -0.020130
v 0.017531 0.334247 -0.024193
v 0.040809 0.330298 -0.021745
v 0.017515 0.328016 -0.030990
v -0.153536 0.324504 -0.023508
v -0.160023 0.323421 -0.021427
v -0.153528 0.327837 -0.019873
v -0.121604 0.327753 -0.019873
v -0.087767 0.334518 -0.024193
v -0.121613 0.324420 -0.023508
v -0.153536 0.324504 -0.023508
v 0.046204 0.327721 -0.009690
v 0.040809 0.330298 -0.008071
v 0.046195 0.324217 -0.005869
v -0.153528 0.327837 -0.019873
v -0.121604 0.327753 -0.019873
v -0.153536 0.324504 -0.023508
v -0.160023 0.323421 -0.008395
v -0.153536 0.324504 -0.006318
v -0.160016 0.325940 -0.011148
v -0.052329 0.360974 -0.040332
v -0.046445 0.365903 -0.034381
v -0.042679 0.360635 -0.040585
v -0.052329 0.360974 0.041274
v -0.042679 0.360635 0.041532
v -0.046445 0.365903 0.035321
v -0.087767 0.334518 -0.005629
v -0.121604 0.327753 -0.009949
v -0.087783 0.328292 0.001170
v 0.017515 0.328016 0.001170
v -0.087767 0.334518 -0.024193
v 0.017531 0.334247 -0.024193
v -0.087783 0.328292 -0.030990
v -0.121613 0.324420 -0.023508
v 0.021258 0.235221 0.040583
v 0.012818 0.235254 0.050550
v 0.021258 0.235221 0.045431
v -0.027954 0.235344 0.045437
v -0.019719 0.235312 0.050556
v -0.027954 0.235344 0.040601
v 0.076023 0.141269 0.018593
v 0.079061 0.141261 0.017916
v 0.068463 0.141289 0.018636
v 0.078047 0.141264 0.018636
v 0.079061 0.141261 0.017916
v 0.076023 0.141269 0.018593
v 0.079061 0.141261 -0.016974
v 0.068463 0.141289 0.018636
v 0.076023 0.141269 -0.017647
v 0.078047 0.141264 -0.017688
v 0.068463 0.141289 -0.017688
v 0.064549 0.141299 0.019421
v 0.064549 0.141299 -0.018474
v 0.061578 0.141307 0.022026
v 0.061578 0.141307 -0.021078
v 0.060362 0.141310 -0.024805
v 0.060362 0.141310 0.025751
v -0.103935 0.140855 0.039852
v 0.060429 0.141310 0.039834
v -0.103935 0.140855 -0.038904
v 0.060429 0.141310 -0.038886
v -0.111562 0.140891 -0.032982
v -0.125600 0.140928 -0.028350
v -0.125600 0.140928 0.029292
v -0.139036 0.140963 -0.031117
v -0.148888 0.141011 -0.038911
v -0.148888 0.141011 0.039858
v -0.206666 0.142009 -0.038904
v -0.206666 0.142009 0.039846
v -0.261345 -0.323133 0.045401
v -0.218102 -0.333041 0.045395
v -0.252441 -0.325411 0.038988
v -0.224916 -0.331660 0.040698
v -0.239086 -0.328674 0.033564
v -0.252441 -0.325411 -0.038040
v -0.239086 -0.328674 -0.032616
v -0.224916 -0.331660 -0.039750
v -0.218102 -0.333041 -0.044454
v -0.261345 -0.323133 -0.044454
v 0.065537 0.365285 -0.025207
v 0.065532 0.363398 -0.031657
v 0.061833 0.368512 -0.025200
v 0.065537 0.365285 0.026142
v 0.061833 0.368512 0.026142
v 0.065532 0.363398 0.032603
v 0.076502 0.324325 0.018587
v 0.076502 0.324325 0.022566
v 0.076569 0.349812 0.018575
v 0.076569 0.349812 0.022607
v 0.076502 0.324325 -0.017647
v 0.076502 0.324325 -0.021618
v 0.076569 0.349812 -0.017635
v 0.076569 0.349812 -0.021667
v 0.065532 0.363398 -0.031657
v 0.065522 0.359642 -0.036499
v 0.061758 0.365685 -0.034189
v 0.065532 0.363398 0.032603
v 0.061758 0.365685 0.035129
v 0.065522 0.359642 0.037439
v 0.061611 0.360543 -0.040375
v 0.061758 0.365685 -0.034189
v 0.065522 0.359642 -0.036499
v 0.061611 0.360543 0.041316
v 0.065522 0.359642 0.037439
v 0.061758 0.365685 0.035129
v 0.046204 0.327721 -0.020130
v 0.046208 0.329002 -0.014911
v 0.051727 0.322795 -0.017040
v 0.046204 0.327721 -0.009690
v 0.051727 0.322795 -0.012781
v 0.046208 0.329002 -0.014911
v 0.065513 0.356006 -0.038886
v 0.061329 0.355088 -0.043447
v 0.065522 0.359642 -0.036499
v 0.065513 0.356006 0.039834
v 0.065522 0.359642 0.037439
v 0.061329 0.355088 0.044393
v 0.046204 0.327721 -0.020130
v 0.051727 0.322795 -0.017040
v 0.046195 0.324217 -0.023953
v 0.061611 0.360543 -0.040375
v 0.065522 0.359642 -0.036499
v 0.061329 0.355088 -0.043447
v 0.061611 0.360543 0.041316
v 0.061329 0.355088 0.044393
v 0.065522 0.359642 0.037439
v 0.046195 0.324217 -0.005869
v 0.051727 0.322795 -0.012781
v 0.046204 0.327721 -0.009690
v -0.033160 -0.362538 0.018810
v -0.033160 -0.362538 -0.017868
v 0.025327 -0.195282 0.018810
v -0.034582 -0.363041 -0.020898
v 0.024246 -0.195037 -0.020898
v -0.033160 -0.362538 -0.017868
v -0.034582 -0.363041 0.021846
v -0.033160 -0.362538 0.018810
v 0.024246 -0.195037 0.021845
v 0.051727 0.322795 -0.017040
v 0.051719 0.319418 -0.019170
v 0.046195 0.324217 -0.023953
v 0.051719 0.319418 -0.010656
v 0.051719 0.319418 -0.019170
v 0.051727 0.322795 -0.012781
v 0.051727 0.322795 -0.017040
v 0.046208 0.329002 -0.014911
v 0.051719 0.319418 -0.019170
v -0.056952 -0.374438 -0.025392
v 0.007313 -0.191253 -0.025392
v -0.056077 -0.374644 -0.022800
v -0.056952 -0.374438 0.026340
v -0.056077 -0.374644 0.023748
v 0.007313 -0.191253 0.026340
v -0.056952 -0.374444 -0.038436
v 0.007313 -0.191258 -0.038436
v -0.056952 -0.374438 -0.025392
v 0.051719 0.319418 -0.010656
v 0.051727 0.322795 -0.012781
v 0.046195 0.324217 -0.005869
v 0.062073 -0.057113 0.021845
v 0.063216 -0.057259 0.018810
v 0.073367 0.004227 0.021845
v 0.046978 -0.124102 0.018810
v 0.007313 -0.191258 0.039384
v 0.007313 -0.191253 0.026340
v 0.028694 -0.120914 0.039384
v -0.056952 -0.374438 0.026340
v -0.056952 -0.374444 0.039384
v 0.028694 -0.120914 0.026340
v 0.044729 -0.054824 0.039384
v 0.044729 -0.054824 0.026340
v 0.055888 0.005746 0.039384
v 0.029569 -0.121065 0.023747
v 0.008193 -0.191447 0.023748
v 0.044729 -0.054824 0.026340
v 0.008193 -0.191447 0.023748
v -0.056077 -0.374644 0.023748
v 0.028694 -0.120914 0.026340
v 0.044729 -0.054824 -0.025392
v 0.044729 -0.054824 -0.038436
v 0.055888 0.005746 -0.025392
v 0.028694 -0.120914 -0.025392
v 0.028694 -0.120914 -0.038436
v 0.056768 0.005667 -0.022807
v 0.044729 -0.054824 -0.025392
v 0.061927 0.068051 -0.025392
v 0.007313 -0.191253 -0.025392
v 0.007313 -0.191258 -0.038436
v -0.056952 -0.374438 -0.025392
v 0.029569 -0.121065 -0.022800
v 0.008193 -0.191447 -0.022800
v 0.044729 -0.054824 -0.025392
v 0.008193 -0.191447 -0.022800
v -0.056077 -0.374644 -0.022800
v 0.028694 -0.120914 -0.025392
v 0.046195 0.324217 -0.023953
v 0.051719 0.319418 -0.019170
v 0.046182 0.319432 -0.025351
v 0.080551 0.066980 -0.017869
v 0.074449 0.004130 -0.017869
v 0.079408 0.067049 -0.020898
v 0.082432 0.140262 -0.020898
v 0.083186 0.324159 -0.020707
v 0.084062 0.324162 -0.018546
v 0.082432 0.140262 -0.020898
v 0.083186 0.324159 0.021653
v 0.082432 0.140262 0.021845
v 0.084062 0.324162 0.019494
v 0.079408 0.067049 0.021845
v 0.080551 0.066980 0.018810
v 0.082432 0.140262 0.021845
v 0.074449 0.004130 0.018810
v 0.045604 -0.054936 -0.022807
v 0.044729 -0.054824 -0.025392
v 0.056768 0.005667 -0.022807
v 0.029569 -0.121065 -0.022800
v 0.045830 -0.123907 0.021845
v 0.046978 -0.124102 0.018810
v 0.062073 -0.057113 0.021845
v 0.025327 -0.195282 0.018810
v 0.046978 -0.124102 -0.017869
v 0.063216 -0.057259 0.018810
v 0.025327 -0.195282 -0.017869
v 0.025327 -0.195282 0.018810
v -0.033160 -0.362538 -0.017868
v 0.024246 -0.195037 -0.020898
v 0.045830 -0.123907 -0.020898
v 0.024246 -0.195037 0.021845
v 0.045830 -0.123907 0.021845
v -0.033160 -0.362538 0.018810
v 0.045830 -0.123907 -0.020898
v 0.062073 -0.057113 -0.020898
v 0.025327 -0.195282 -0.017869
v 0.063216 -0.057259 -0.017869
v 0.063216 -0.057259 0.018810
v 0.074449 0.004130 0.018810
v 0.074449 0.004130 -0.017869
v 0.074449 0.004130 0.018810
v 0.073367 0.004227 -0.020898
v 0.062073 -0.057113 -0.020898
v 0.079408 0.067049 -0.020898
v 0.080551 0.066980 -0.017869
v 0.080551 0.066980 0.018810
v 0.083580 0.140259 0.018809
v 0.073367 0.004227 0.021845
v 0.063216 -0.057259 0.018810
v 0.079408 0.067049 0.021845
v 0.083580 0.140259 -0.017869
v 0.084062 0.324162 0.019494
v 0.082432 0.140262 0.021845
v 0.080551 0.066980 0.018810
v 0.084062 0.324162 -0.018546
v 0.083580 0.140259 -0.017869
v 0.082432 0.140262 -0.020898
v 0.080551 0.066980 -0.017869
v -0.184467 0.320377 -0.025645
v -0.184487 0.312556 -0.025645
v -0.184467 0.320377 -0.036870
v -0.184487 0.312556 -0.036870
v -0.187119 0.312563 -0.039204
v -0.187099 0.320384 -0.039204
v -0.184467 0.320366 0.036347
v -0.184487 0.312551 0.036347
v -0.184467 0.320366 0.025194
v -0.184487 0.312551 0.025194
v 0.065497 0.349791 0.026148
v 0.064881 0.140325 0.026340
v 0.066311 0.349894 0.023784
v 0.065513 0.356006 -0.038886
v 0.065497 0.349791 -0.025207
v 0.064881 0.140325 -0.038436
v 0.065522 0.359642 -0.036499
v 0.065532 0.363398 -0.031657
v 0.065537 0.365285 -0.025207
v 0.065762 0.140322 -0.022807
v 0.064881 0.140325 -0.025392
v 0.066311 0.349894 -0.022836
v 0.062802 0.068000 -0.022807
v 0.064881 0.140325 -0.038436
v 0.065497 0.349791 -0.025207
v 0.061927 0.068051 -0.025392
v 0.061927 0.068051 -0.038436
v 0.055888 0.005746 -0.038436
v 0.061927 0.068051 -0.038436
v 0.055888 0.005746 -0.038436
v 0.055583 0.068403 -0.044509
v 0.044729 -0.054824 0.026340
v 0.045604 -0.054936 0.023747
v 0.055888 0.005746 0.026340
v 0.029569 -0.121065 0.023747
v 0.056768 0.005667 0.023747
v 0.055888 0.005746 0.026340
v 0.045604 -0.054936 0.023747
v 0.061927 0.068051 0.026340
v 0.044729 -0.054824 0.026340
v 0.061927 0.068051 0.039384
v 0.061927 0.068051 0.026340
v 0.064881 0.140325 0.039384
v 0.064881 0.140325 0.026340
v 0.065762 0.140322 0.023747
v 0.062802 0.068000 0.023747
v 0.066311 0.349894 0.023784
v 0.065497 0.349791 0.026148
v 0.065513 0.356006 0.039834
v 0.065522 0.359642 0.037439
v 0.065532 0.363398 0.032603
v 0.065537 0.365285 0.026142
v 0.055583 0.068403 -0.044509
v 0.058470 0.140336 -0.044509
v 0.061927 0.068051 -0.038436
v 0.064881 0.140325 -0.038436
v 0.061927 0.068051 -0.038436
v 0.058470 0.140336 -0.044509
v 0.065513 0.356006 -0.038886
v 0.059283 0.348823 -0.044497
v 0.065513 0.356006 -0.038886
v 0.058470 0.140336 -0.044509
v 0.046182 0.319432 -0.004471
v 0.051719 0.319418 -0.010656
v 0.046195 0.324217 -0.005869
v 0.064881 0.140325 0.039384
v 0.065513 0.356006 0.039834
v 0.058470 0.140336 0.045455
v 0.061927 0.068051 0.039384
v 0.055583 0.068403 0.045455
v 0.061927 0.068051 0.039384
v 0.058470 0.140336 0.045455
v 0.055888 0.005746 0.039384
v 0.059283 0.348823 0.045437
v 0.058470 0.140336 0.045455
v 0.065513 0.356006 0.039834
v -0.106004 -0.366137 0.043085
v -0.106004 -0.366137 0.028860
v -0.104981 -0.363054 0.045407
v -0.104981 -0.363060 0.028860
v -0.104981 -0.363060 -0.027912
v -0.106004 -0.366137 -0.027912
v -0.104981 -0.363054 -0.044466
v -0.106004 -0.366137 -0.042138
v 0.065513 0.356006 -0.038886
v 0.059283 0.348823 -0.044497
v 0.061329 0.355088 -0.043447
v 0.059283 0.348823 0.045437
v 0.065513 0.356006 0.039834
v 0.061329 0.355088 0.044393
v 0.063216 -0.057259 -0.017869
v 0.046978 -0.124102 -0.017869
v 0.062073 -0.057113 -0.020898
v 0.074449 0.004130 -0.017869
v 0.056768 0.005667 -0.022807
v 0.062802 0.068000 -0.022807
v 0.061927 0.068051 -0.025392
v 0.064881 0.140325 -0.025392
v -0.063092 -0.372992 0.045456
v 0.022419 -0.119830 0.045456
v -0.056952 -0.374444 0.039384
v 0.001173 -0.189889 0.045456
v 0.007313 -0.191258 0.039384
v 0.022419 -0.119830 0.045456
v -0.056952 -0.374444 0.039384
v 0.028694 -0.120914 0.039384
v 0.038453 -0.053999 0.045456
v 0.007313 -0.191258 0.039384
v 0.038453 -0.053999 0.045456
v 0.044729 -0.054824 0.039384
v 0.049544 0.006286 0.045456
v 0.028694 -0.120914 0.039384
v 0.066311 0.349894 -0.022836
v 0.065497 0.349791 -0.025207
v 0.064881 0.140325 -0.025392
v 0.056768 0.005667 0.023747
v 0.062802 0.068000 0.023747
v 0.061927 0.068051 0.026340
v 0.064881 0.140325 0.026340
v 0.049544 0.006286 0.045456
v 0.055888 0.005746 0.039384
v 0.044729 -0.054824 0.039384
v 0.055583 0.068403 0.045455
v -0.063092 -0.372992 -0.044508
v 0.001173 -0.189889 -0.044508
v -0.056952 -0.374444 -0.038436
v 0.022419 -0.119830 -0.044508
v 0.007313 -0.191258 -0.038436
v -0.056952 -0.374444 -0.038436
v 0.022419 -0.119830 -0.044508
v 0.038453 -0.053999 -0.044509
v 0.028694 -0.120914 -0.038436
v 0.007313 -0.191258 -0.038436
v 0.038453 -0.053999 -0.044509
v 0.044729 -0.054824 -0.038436
v 0.028694 -0.120914 -0.038436
v 0.055888 0.005746 -0.038436
v 0.049544 0.006286 -0.044509
v 0.055583 0.068403 -0.044509
v 0.055888 0.005746 -0.038436
v 0.038453 -0.053999 -0.044509
v -0.027954 0.235344 0.045437
v -0.027954 0.235344 0.040601
v -0.027749 0.260314 0.045486
v -0.027749 0.260314 0.040613
v 0.055360 0.319749 0.034098
v 0.055340 0.311934 0.034098
v 0.055499 0.319749 0.015672
v 0.055479 0.311934 0.015672
v 0.066700 0.319720 0.015672
v 0.066680 0.311904 0.015672
v 0.067040 0.319719 -0.016092
v 0.067020 0.311903 -0.016092
v 0.055834 0.319748 -0.016092
v 0.055814 0.311933 -0.016092
v 0.056035 0.319748 -0.034525
v 0.056015 0.311932 -0.034525
v -0.272896 -0.327288 -0.027894
v -0.272896 -0.327288 -0.042114
v -0.271604 -0.323529 -0.027894
v -0.271671 -0.323524 -0.044454
v -0.272896 -0.327288 0.028842
v -0.271604 -0.323529 0.028842
v -0.272896 -0.327288 0.043056
v -0.271671 -0.323524 0.045401
v -0.065717 0.351455 0.039834
v -0.066526 0.351457 0.038760
v -0.064160 0.354349 0.039834
v -0.065717 0.351455 -0.038886
v -0.064160 0.354349 -0.038892
v -0.066526 0.351457 -0.037818
v -0.064834 0.354346 0.038760
v -0.064160 0.354349 0.039834
v -0.066526 0.351457 0.038760
v -0.064834 0.354346 -0.037818
v -0.066526 0.351457 -0.037818
v -0.064160 0.354349 -0.038892
v -0.206131 0.346537 0.039846
v -0.206666 0.142009 0.039846
v -0.206131 0.346537 0.036569
v -0.206666 0.142009 -0.038904
v -0.206131 0.346537 -0.035622
v -0.206131 0.346537 -0.038905
v -0.038433 -0.364416 -0.018522
v -0.036750 -0.366835 -0.018522
v -0.037149 -0.363936 -0.014676
v -0.036750 -0.366835 -0.018522
v -0.035533 -0.366217 -0.014676
v -0.035533 -0.366217 0.015623
v -0.037149 -0.363936 0.015623
v -0.036750 -0.366835 0.019470
v -0.038433 -0.364416 0.019470
v -0.037149 -0.363936 0.015623
v -0.106004 -0.366137 0.043085
v -0.104981 -0.363054 0.045407
v -0.142433 -0.357995 0.043097
v -0.141275 -0.354451 0.045425
v -0.104981 -0.363054 0.045407
v -0.294136 -0.318196 0.045401
v -0.295496 -0.322246 0.043067
v -0.279160 -0.321733 0.045401
v -0.272896 -0.327288 0.043056
v -0.271671 -0.323524 0.045401
v -0.272896 -0.327288 0.043056
v -0.279160 -0.321733 0.045401
v -0.295496 -0.322246 0.043067
v -0.209772 0.348483 0.044880
v -0.210453 0.346048 0.045401
v -0.204504 0.348491 0.045389
v -0.054693 0.360919 0.041165
v -0.052329 0.360974 0.041274
v -0.058348 0.355484 0.044339
v -0.063754 0.353826 0.045395
v -0.179384 0.353947 0.045401
v -0.126197 0.351734 0.045395
v -0.062277 0.351688 0.045395
v -0.109937 0.348408 0.045401
v -0.037471 0.363074 0.039269
v -0.025936 0.360734 0.041423
v 0.030295 0.362688 0.039509
v 0.040797 0.325711 -0.003072
v 0.046195 0.324217 -0.005869
v 0.040809 0.330298 -0.008071
v 0.041227 0.360327 0.041585
v 0.044993 0.355010 0.044448
v 0.061611 0.360543 0.041316
v 0.030295 0.362688 0.039509
v 0.040809 0.330298 -0.008071
v 0.017531 0.334242 -0.005629
v 0.040797 0.325711 -0.003072
v -0.153528 0.327837 -0.009949
v -0.160016 0.325940 -0.011148
v -0.153536 0.324504 -0.006318
v -0.059967 0.356440 0.043901
v -0.058348 0.355484 0.044339
v -0.054693 0.360919 0.041165
v -0.062277 0.351688 0.045395
v -0.051480 0.348569 0.045401
v -0.052329 0.360974 0.041274
v -0.042679 0.360635 0.041532
v 0.017515 0.328016 0.001170
v 0.040797 0.325711 -0.003072
v 0.017531 0.334242 -0.005629
v -0.087767 0.334518 -0.005629
v -0.121613 0.324420 -0.006318
v -0.087783 0.328292 0.001170
v -0.121604 0.327753 -0.009949
v -0.153528 0.327837 -0.009949
v -0.153536 0.324504 -0.006318
v -0.121613 0.324420 -0.006318
v -0.153528 0.327837 -0.009949
v -0.037471 0.363074 0.039269
v -0.037344 0.360505 0.040775
v -0.031472 0.360770 0.041405
v 0.018127 0.355372 0.044327
v 0.022855 0.355365 0.044321
v 0.020571 0.360425 0.041568
v 0.022855 0.355365 0.044321
v 0.021150 0.349275 0.045461
v 0.025366 0.360390 0.041585
v 0.030295 0.362688 0.039509
v 0.030155 0.360263 0.040805
v 0.025366 0.360390 0.041585
v 0.021150 0.349275 0.045461
v 0.022855 0.355365 0.044321
v 0.030295 0.362688 0.039509
v 0.030155 0.360263 0.040805
v 0.008193 -0.191447 0.023748
v -0.056077 -0.374644 0.023748
v 0.010690 -0.192009 0.022673
v 0.029569 -0.121065 0.023747
v -0.053581 -0.375239 0.022704
v -0.043227 -0.366076 0.022704
v 0.010690 -0.192009 0.022673
v 0.021344 -0.194397 0.022673
v 0.032133 -0.121511 0.022685
v 0.024246 -0.195037 0.021845
v -0.034582 -0.363041 0.021846
v 0.042927 -0.123393 0.022685
v -0.031472 0.360770 0.041405
v -0.037344 0.360505 0.040775
v -0.028921 0.355451 0.044345
v -0.028921 0.355451 0.044345
v -0.027315 0.349270 0.045474
v -0.031472 0.360770 0.041405
v -0.025936 0.360734 0.041423
v -0.037471 0.363074 0.039269
v 0.061329 0.355088 0.044393
v 0.044993 0.355010 0.044448
v 0.059283 0.348823 0.045437
v 0.061611 0.360543 0.041316
v -0.126292 0.340982 -0.032629
v -0.126068 0.349699 -0.038892
v -0.135954 0.338708 -0.033649
v -0.058348 0.355484 0.044339
v -0.059967 0.356440 0.043901
v -0.062277 0.351688 0.045395
v 0.045830 -0.123907 0.021845
v 0.042927 -0.123393 0.022685
v 0.059102 -0.056720 0.022685
v 0.024246 -0.195037 0.021845
v 0.032133 -0.121511 0.022685
v 0.021344 -0.194397 0.022673
v 0.048240 -0.055278 0.022685
v 0.079408 0.067049 0.021845
v 0.076437 0.067221 0.022685
v 0.073367 0.004227 0.021845
v 0.079460 0.140276 0.022685
v 0.065433 0.067850 0.022685
v 0.070402 0.004487 0.022685
v 0.068394 0.140316 0.022685
v 0.062802 0.068000 0.023747
v 0.059399 0.005446 0.022685
v 0.065762 0.140322 0.023747
v -0.200055 0.320407 0.036347
v -0.200076 0.312592 0.036347
v -0.197424 0.320400 0.038681
v -0.197444 0.312585 0.038681
v -0.187099 0.320373 0.038681
v -0.187119 0.312558 0.038681
v -0.184467 0.320366 0.036347
v -0.184487 0.312551 0.036347
v -0.047281 0.355411 0.044369
v -0.042679 0.360635 0.041532
v -0.058348 0.355484 0.044339
v -0.051480 0.348569 0.045401
v -0.037344 0.360505 0.040775
v -0.047281 0.355411 0.044369
v -0.046283 0.349067 0.045401
v -0.037344 0.360505 0.040775
v -0.042679 0.360635 0.041532
v -0.037471 0.363074 0.039269
v -0.042679 0.360635 0.041532
v 0.029569 -0.121065 0.023747
v 0.032133 -0.121511 0.022685
v 0.045604 -0.054936 0.023747
v 0.010690 -0.192009 0.022673
v -0.138025 0.346128 -0.038892
v -0.135954 0.338708 -0.033649
v -0.126068 0.349699 -0.038892
v -0.144992 0.340443 -0.038892
v -0.135954 0.338708 -0.033649
v -0.138025 0.346128 -0.038892
v 0.046195 0.324217 -0.005869
v 0.040797 0.325711 -0.003072
v 0.046182 0.319432 -0.004471
v 0.040780 0.319447 -0.001237
v 0.046182 0.319432 -0.004471
v 0.040797 0.325711 -0.003072
v -0.037149 -0.363919 0.022698
v -0.034582 -0.363041 0.021846
v 0.021344 -0.194397 0.022673
v 0.039642 0.349045 0.045437
v 0.038309 0.355000 0.044460
v 0.030155 0.360263 0.040805
v 0.038309 0.355000 0.044460
v 0.036026 0.360291 0.041633
v 0.030295 0.362688 0.039509
v 0.036026 0.360291 0.041633
v -0.053581 -0.375239 0.022704
v 0.010690 -0.192009 0.022673
v -0.056077 -0.374644 0.023748
v -0.153536 0.324504 -0.006318
v -0.160023 0.323421 -0.008395
v -0.153548 0.319955 -0.004987
v -0.160032 0.319972 -0.007386
v -0.153548 0.319955 -0.004987
v -0.160023 0.323421 -0.008395
v -0.090210 -0.366552 0.040806
v -0.026079 -0.183790 0.040805
v -0.098779 -0.364528 0.045407
v -0.034649 -0.181881 0.045407
v -0.104981 -0.363054 0.045407
v 0.021258 0.235221 0.045431
v 0.030238 0.210876 0.040805
v 0.021118 0.260252 0.045443
v 0.040797 0.325711 -0.003072
v 0.017515 0.328016 0.001170
v 0.040780 0.319447 -0.001237
v 0.017493 0.319508 0.003653
v 0.040780 0.319447 -0.001237
v 0.017515 0.328016 0.001170
v 0.030192 0.348861 0.040805
v 0.021118 0.260252 0.045443
v 0.030238 0.210876 0.040805
v 0.012687 0.210939 0.050544
v 0.010719 0.206654 0.050538
v 0.021261 0.210790 0.045425
v 0.021261 0.210790 0.045425
v 0.021258 0.235221 0.045431
v 0.012634 -0.118122 0.045456
v 0.003863 -0.116586 0.045450
v -0.008338 -0.187752 0.045456
v 0.019627 -0.051518 0.045449
v 0.001173 -0.189889 0.045456
v -0.063092 -0.372992 0.045456
v 0.022419 -0.119830 0.045456
v 0.028399 -0.052674 0.045456
v 0.019627 -0.051518 0.045449
v 0.038453 -0.053999 0.045456
v 0.028399 -0.052674 0.045456
v 0.039288 0.007176 0.045456
v 0.030649 0.007935 0.045449
v 0.036619 0.069498 0.045449
v 0.045120 0.069008 0.045455
v 0.039503 0.140402 0.045449
v 0.027371 0.070023 0.040805
v 0.030254 0.140432 0.040805
v 0.039503 0.140402 0.045449
v 0.080550 0.324221 0.022632
v 0.079460 0.140276 0.022685
v 0.083186 0.324159 0.021653
v 0.030192 0.348861 0.040805
v 0.030155 0.360263 0.040805
v 0.021150 0.349275 0.045461
v 0.021118 0.260252 0.045443
v 0.016628 0.349276 0.045461
v 0.016256 0.260265 0.045449
v 0.016628 0.349276 0.045461
v -0.020971 0.349270 0.045467
v 0.016256 0.260265 0.045449
v -0.022577 0.355440 0.044345
v -0.028921 0.355451 0.044345
v -0.027315 0.349270 0.045474
v -0.025936 0.360734 0.041423
v 0.018127 0.355372 0.044327
v -0.022577 0.355440 0.044345
v 0.020571 0.360425 0.041568
v -0.025936 0.360734 0.041423
v 0.030295 0.362688 0.039509
v 0.066311 0.349894 0.023784
v 0.065762 0.140322 0.023747
v 0.069276 0.349677 0.022703
v 0.017515 0.328016 0.001170
v -0.087783 0.328292 0.001170
v 0.017493 0.319508 0.003653
v -0.121625 0.319872 -0.004987
v -0.087806 0.319783 0.003653
v -0.121613 0.324420 -0.006318
v -0.153536 0.324504 -0.006318
v 0.059102 -0.056720 0.022685
v 0.062073 -0.057113 0.021845
v 0.070402 0.004487 0.022685
v 0.045830 -0.123907 0.021845
v -0.087806 0.319783 0.003653
v 0.017493 0.319508 0.003653
v -0.087783 0.328292 0.001170
v -0.121613 0.324420 -0.006318
v -0.103935 0.140855 0.045395
v -0.109672 0.140886 0.040775
v -0.106531 0.077655 0.045395
v -0.112283 0.329428 0.040680
v 0.073367 0.004227 0.021845
v 0.070402 0.004487 0.022685
v 0.062073 -0.057113 0.021845
v 0.076437 0.067221 0.022685
v 0.059399 0.005446 0.022685
v 0.065433 0.067850 0.022685
v 0.059102 -0.056720 0.022685
v 0.056768 0.005667 0.023747
v 0.062802 0.068000 0.023747
v 0.048240 -0.055278 0.022685
v -0.101618 0.329367 0.045401
v -0.112283 0.329428 0.040680
v -0.103935 0.140855 0.045395
v -0.112283 0.329428 0.040680
v -0.114961 0.337476 0.041748
v 0.048680 0.140367 0.045455
v 0.045120 0.069008 0.045455
v 0.039642 0.349045 0.045437
v 0.047609 0.348986 0.045437
v 0.044993 0.355010 0.044448
v 0.055583 0.068403 0.045455
v 0.049544 0.006286 0.045456
v 0.039288 0.007176 0.045456
v 0.049544 0.006286 0.045456
v 0.038453 -0.053999 0.045456
v -0.153548 0.319955 -0.004987
v -0.121625 0.319872 -0.004987
v -0.153536 0.324504 -0.006318
v 0.017461 0.203138 0.045510
v 0.021261 0.210790 0.045425
v 0.010719 0.206654 0.050538
v -0.112283 0.329428 0.040680
v -0.126322 0.329350 0.033576
v -0.109672 0.140886 0.040775
v -0.126322 0.329350 0.033576
v -0.126294 0.339931 0.040068
v 0.030238 0.210876 0.040805
v 0.018530 0.070524 0.045407
v 0.021345 0.140461 0.045407
v 0.021407 0.008730 0.040805
v 0.027371 0.070023 0.040805
v 0.012633 0.009495 0.045407
v 0.010520 -0.050312 0.040805
v 0.021407 0.008730 0.040805
v 0.018530 0.070524 0.045407
v 0.010520 -0.050312 0.040805
v -0.005176 -0.115012 0.040805
v -0.017175 -0.185782 0.045450
v -0.013881 -0.113498 0.045407
v -0.026079 -0.183790 0.040805
v 0.001748 -0.049156 0.045407
v 0.012633 0.009495 0.045407
v 0.006017 0.010073 0.045407
v -0.004868 -0.048292 0.045407
v -0.013881 -0.113498 0.045407
v 0.012521 0.070865 0.045407
v -0.023584 0.072928 0.045419
v 0.018530 0.070524 0.045407
v -0.022058 0.140602 0.045593
v 0.015608 0.140476 0.045593
v -0.020431 0.195383 0.045593
v -0.028175 0.202103 0.045431
v 0.004606 0.192832 0.045593
v -0.011590 0.192852 0.045593
v -0.011109 0.197619 0.045593
v 0.004078 0.197585 0.045593
v 0.006123 0.203932 0.050538
v -0.012983 0.204032 0.050544
v 0.010719 0.206654 0.050538
v 0.013596 0.196268 0.045593
v 0.021305 0.202050 0.045425
v 0.010900 0.199300 0.045593
v 0.017461 0.203138 0.045510
v 0.010900 0.199300 0.045593
v 0.004078 0.197585 0.045593
v 0.006123 0.203932 0.050538
v 0.021345 0.140461 0.045407
v 0.030238 0.210876 0.040805
v 0.030254 0.140432 0.040805
v 0.027371 0.070023 0.040805
v -0.017765 0.206805 0.050544
v 0.010719 0.206654 0.050538
v 0.012687 0.210939 0.050544
v -0.019850 0.211024 0.050550
v 0.012818 0.235254 0.050550
v -0.019719 0.235312 0.050556
v 0.012818 0.235254 0.050550
v 0.021258 0.235221 0.045431
v 0.015608 0.140476 0.045593
v 0.021345 0.140461 0.045407
v 0.021305 0.202050 0.045425
v 0.018530 0.070524 0.045407
v -0.020971 0.349270 0.045467
v -0.027315 0.349270 0.045474
v -0.022620 0.260306 0.045455
v -0.022577 0.355440 0.044345
v 0.021305 0.202050 0.045425
v 0.021261 0.210790 0.045425
v 0.017461 0.203138 0.045510
v -0.047281 0.355411 0.044369
v -0.051480 0.348569 0.045401
v -0.046283 0.349067 0.045401
v -0.046283 0.349067 0.045401
v -0.046355 0.140666 0.045401
v -0.046355 0.140666 0.045401
v -0.037441 0.348862 0.040781
v -0.037344 0.360505 0.040775
v -0.127876 -0.032058 0.040763
v -0.143397 -0.030010 0.033564
v -0.142141 -0.091141 0.040763
v -0.133610 0.022165 0.033564
v -0.117953 0.020821 0.040763
v -0.128126 0.078889 0.033564
v -0.122007 -0.032838 0.045395
v -0.136474 -0.092140 0.045395
v -0.155605 -0.154884 0.045395
v -0.145620 -0.157104 0.045395
v -0.210481 -0.335366 0.045395
v -0.136474 -0.092140 0.045395
v -0.142141 -0.091141 0.040763
v -0.127876 -0.032058 0.040763
v -0.127636 -0.093687 0.045395
v -0.122007 -0.032838 0.045395
v -0.145620 -0.157104 0.045395
v -0.106628 -0.165808 0.045401
v -0.210481 -0.335366 0.045395
v 0.047609 0.348986 0.045437
v 0.048680 0.140367 0.045455
v 0.059283 0.348823 0.045437
v 0.044993 0.355010 0.044448
v 0.058470 0.140336 0.045455
v 0.055583 0.068403 0.045455
v 0.059283 0.348823 0.045437
v -0.020431 0.195383 0.045593
v -0.018393 0.199091 0.045599
v -0.028175 0.202103 0.045431
v -0.027749 0.260314 0.045486
v -0.022620 0.260306 0.045455
v -0.027315 0.349270 0.045474
v -0.192768 0.346178 0.045401
v -0.179049 0.351779 0.045395
v -0.193369 0.348660 0.045395
v -0.193369 0.348660 0.045395
v -0.204504 0.348491 0.045389
v -0.192768 0.346178 0.045401
v -0.041391 -0.180373 0.045407
v -0.104981 -0.363054 0.045407
v -0.034649 -0.181881 0.045407
v -0.075325 -0.172798 0.045419
v -0.055576 -0.106228 0.045419
v -0.019950 -0.112437 0.045407
v -0.004868 -0.048292 0.045407
v -0.039550 -0.043685 0.045419
v -0.028870 0.013085 0.045419
v 0.006017 0.010073 0.045407
v -0.023584 0.072928 0.045419
v -0.082813 -0.171123 0.045425
v -0.141275 -0.354451 0.045425
v -0.062659 -0.104989 0.045425
v -0.062659 -0.104989 0.045425
v -0.072243 -0.103325 0.040836
v -0.057162 -0.041384 0.040836
v -0.065126 -0.040340 0.045401
v -0.054784 0.015326 0.045401
v -0.072243 -0.103325 0.040836
v -0.080134 -0.101956 0.045401
v -0.065126 -0.040340 0.045401
v -0.092258 -0.169019 0.040836
v -0.082813 -0.171123 0.045425
v -0.156118 -0.350936 0.040836
v -0.146674 -0.353161 0.045425
v -0.156118 -0.350936 0.040836
v -0.092258 -0.169019 0.040836
v -0.163807 -0.349106 0.045401
v -0.100014 -0.167294 0.045401
v -0.080134 -0.101956 0.045401
v -0.163807 -0.349106 0.045401
v -0.106628 -0.165808 0.045401
v -0.086749 -0.100812 0.045401
v -0.127636 -0.093687 0.045395
v -0.113168 -0.034005 0.045395
v -0.171564 -0.347271 0.045401
v -0.086749 -0.100812 0.045401
v -0.072344 -0.039403 0.045401
v -0.113168 -0.034005 0.045395
v -0.062342 0.015984 0.045401
v -0.103511 0.019545 0.045395
v -0.056858 0.074819 0.045401
v -0.052565 0.140687 0.045401
v -0.097992 0.140834 0.045395
v -0.097025 0.331115 0.045401
v -0.112011 0.020293 0.045395
v -0.106531 0.077655 0.045395
v -0.098565 0.077200 0.045395
v -0.103935 0.140855 0.045395
v -0.117953 0.020821 0.040763
v -0.122007 -0.032838 0.045395
v -0.112401 0.078006 0.040757
v -0.112401 0.078006 0.040757
v -0.128126 0.078889 0.033564
v -0.125600 0.140928 0.033564
v -0.112401 0.078006 0.040757
v -0.109672 0.140886 0.040775
v -0.112011 0.020293 0.045395
v -0.109672 0.140886 0.040775
v -0.125600 0.140928 0.033564
v -0.126322 0.329350 0.033576
v -0.097992 0.140834 0.045395
v -0.097025 0.331115 0.045401
v -0.098565 0.077200 0.045395
v -0.056858 0.074819 0.045401
v -0.103511 0.019545 0.045395
v -0.051480 0.348569 0.045401
v -0.052565 0.140687 0.045401
v -0.099360 0.340059 0.045401
v -0.062277 0.351688 0.045395
v -0.109937 0.348408 0.045401
v -0.062277 0.351688 0.045395
v -0.063754 0.353826 0.045395
v -0.059967 0.356440 0.043901
v -0.049098 0.074376 0.045401
v -0.054784 0.015326 0.045401
v -0.062342 0.015984 0.045401
v -0.046757 0.014639 0.040836
v -0.057162 -0.041384 0.040836
v -0.040999 0.073920 0.040836
v -0.046757 0.014639 0.040836
v -0.046355 0.140666 0.045401
v -0.047514 -0.042653 0.045425
v -0.037036 0.013800 0.045425
v -0.040999 0.073920 0.040836
v -0.055576 -0.106228 0.045419
v -0.075325 -0.172798 0.045419
v -0.141275 -0.354451 0.045425
v -0.104981 -0.363054 0.045407
v -0.039550 -0.043685 0.045419
v -0.019950 -0.112437 0.045407
v -0.041391 -0.180373 0.045407
v -0.028870 0.013085 0.045419
v -0.146674 -0.353161 0.045425
v -0.141275 -0.354451 0.045425
v -0.082813 -0.171123 0.045425
v -0.046355 0.140666 0.045401
v -0.052565 0.140687 0.045401
v -0.049098 0.074376 0.045401
v -0.051480 0.348569 0.045401
v 0.021118 0.260252 0.045443
v 0.021150 0.349275 0.045461
v 0.016256 0.260265 0.045449
v -0.022620 0.260306 0.045455
v 0.016256 0.260265 0.045449
v -0.020971 0.349270 0.045467
v -0.204778 0.141190 0.045401
v -0.210649 0.141211 0.045407
v -0.207088 0.083408 0.045401
v -0.204510 0.346175 0.045401
v -0.210453 0.346048 0.045401
v -0.210649 0.141211 0.045407
v -0.204510 0.346175 0.045401
v -0.204504 0.348491 0.045389
v -0.210453 0.346048 0.045401
v -0.101618 0.329367 0.045401
v -0.103935 0.140855 0.045395
v -0.097025 0.331115 0.045401
v -0.104358 0.339181 0.045401
v -0.192768 0.346178 0.045401
v -0.156113 0.141030 0.045401
v -0.179049 0.351779 0.045395
v -0.218102 -0.333041 0.045395
v -0.210481 -0.335366 0.045395
v -0.155605 -0.154884 0.045395
v -0.210481 -0.335366 0.045395
v -0.218102 -0.333041 0.045395
v -0.271671 -0.323524 0.045401
v -0.171564 -0.347271 0.045401
v -0.163807 -0.349106 0.045401
v -0.106628 -0.165808 0.045401
v -0.235110 -0.074942 0.045401
v -0.188489 -0.083066 0.045401
v -0.221602 -0.019685 0.045401
v -0.261345 -0.323133 0.045401
v -0.198916 -0.145195 0.045401
v -0.271671 -0.323524 0.045401
v -0.252814 -0.133146 0.045401
v -0.209570 -0.142813 0.045401
v -0.235110 -0.074942 0.045401
v -0.294136 -0.318196 0.045401
v -0.321662 -0.311958 0.045407
v -0.315927 -0.313013 0.045401
v -0.258548 -0.132146 0.045407
v -0.204510 0.346175 0.045401
v -0.192768 0.346178 0.045401
v -0.204504 0.348491 0.045389
v -0.204778 0.141190 0.045401
v -0.210481 -0.335366 0.045395
v -0.271671 -0.323524 0.045401
v -0.171564 -0.347271 0.045401
v -0.179384 0.353947 0.045401
v -0.193369 0.348660 0.045395
v -0.179049 0.351779 0.045395
v -0.031277 0.073366 0.045425
v -0.023584 0.072928 0.045419
v -0.028870 0.013085 0.045419
v -0.028536 0.140624 0.045407
v -0.038326 0.140650 0.040848
v -0.037441 0.348862 0.040781
v -0.028536 0.140624 0.045407
v -0.032146 0.205562 0.043553
v -0.028175 0.202103 0.045431
v -0.022058 0.140602 0.045593
v -0.023584 0.072928 0.045419
v -0.135954 0.338708 -0.033649
v -0.136176 0.330327 -0.031284
v -0.126292 0.340982 -0.032629
v -0.261345 -0.323133 0.045401
v -0.271671 -0.323524 0.045401
v -0.218102 -0.333041 0.045395
v -0.155605 -0.154884 0.045395
v -0.224916 -0.331660 0.040698
v -0.224916 -0.331660 0.040698
v -0.162280 -0.153365 0.040698
v -0.239086 -0.328674 0.033564
v -0.143110 0.079737 0.038921
v -0.140859 0.140968 0.038909
v -0.143110 0.079737 0.038921
v -0.133610 0.022165 0.033564
v -0.148521 0.023447 0.038921
v -0.143397 -0.030010 0.033564
v -0.158311 -0.028057 0.038922
v -0.148521 0.023447 0.038921
v -0.151343 0.080226 0.045401
v -0.148888 0.141011 0.045401
v -0.157656 -0.088449 0.033564
v -0.153311 0.333787 0.045401
v -0.156113 0.141030 0.045401
v -0.151343 0.080226 0.045401
v -0.156686 0.024178 0.045401
v -0.158311 -0.028057 0.038922
v -0.159644 0.080693 0.045401
v -0.156686 0.024178 0.045401
v -0.156113 0.141030 0.045401
v -0.204778 0.141190 0.045401
v -0.192768 0.346178 0.045401
v -0.164919 0.024887 0.045401
v -0.166404 -0.026974 0.045401
v -0.159644 0.080693 0.045401
v -0.207088 0.083408 0.045401
v -0.204778 0.141190 0.045401
v -0.166404 -0.026974 0.045401
v -0.158311 -0.028057 0.038922
v -0.172434 -0.085875 0.038915
v -0.212963 0.083676 0.045407
v -0.212297 0.029004 0.045401
v -0.210649 0.141211 0.045407
v -0.157656 -0.088449 0.033564
v -0.176450 -0.150209 0.033564
v -0.162280 -0.153365 0.040698
v -0.239086 -0.328674 0.033564
v -0.224916 -0.331660 0.040698
v -0.126322 0.329350 -0.027637
v -0.113834 0.329432 -0.032154
v -0.126292 0.340982 -0.032629
v 0.082432 0.140262 0.021845
v 0.079460 0.140276 0.022685
v 0.079408 0.067049 0.021845
v 0.083186 0.324159 0.021653
v 0.080550 0.324221 0.022632
v 0.068394 0.140316 0.022685
v 0.076437 0.067221 0.022685
v 0.069276 0.349677 0.022703
v 0.065762 0.140322 0.023747
v 0.065433 0.067850 0.022685
v -0.024929 0.204448 0.045599
v -0.028175 0.202103 0.045431
v -0.018393 0.199091 0.045599
v -0.028084 0.210919 0.045431
v -0.032146 0.205562 0.043553
v -0.028175 0.202103 0.045431
v -0.024929 0.204448 0.045599
v -0.028084 0.210919 0.045431
v -0.027954 0.235344 0.045437
v -0.020431 0.195383 0.045593
v -0.011109 0.197619 0.045593
v -0.011590 0.192852 0.045593
v -0.022058 0.140602 0.045593
v -0.012983 0.204032 0.050544
v -0.018393 0.199091 0.045599
v -0.227471 -0.019048 0.045407
v -0.221602 -0.019685 0.045401
v -0.218167 0.029377 0.045407
v -0.235110 -0.074942 0.045401
v -0.240845 -0.074151 0.045407
v -0.252814 -0.133146 0.045401
v -0.258548 -0.132146 0.045407
v -0.315927 -0.313013 0.045401
v -0.174502 -0.025897 0.045401
v -0.212297 0.029004 0.045401
v -0.188489 -0.083066 0.045401
v -0.209570 -0.142813 0.045401
v -0.279160 -0.321733 0.045401
v -0.271671 -0.323524 0.045401
v -0.198916 -0.145195 0.045401
v -0.180392 -0.084473 0.045401
v -0.209570 -0.142813 0.045401
v -0.271671 -0.323524 0.045401
v -0.279160 -0.321733 0.045401
v -0.294136 -0.318196 0.045401
v -0.315927 -0.313013 0.045401
v -0.252814 -0.133146 0.045401
v -0.166404 -0.026974 0.045401
v -0.189940 -0.147215 0.038988
v -0.252441 -0.325411 0.038988
v -0.198916 -0.145195 0.045401
v -0.261345 -0.323133 0.045401
v -0.174502 -0.025897 0.045401
v -0.180392 -0.084473 0.045401
v -0.164919 0.024887 0.045401
v -0.212297 0.029004 0.045401
v -0.207088 0.083408 0.045401
v -0.218167 0.029377 0.045407
v -0.212963 0.083676 0.045407
v -0.221602 -0.019685 0.045401
v -0.071795 -0.370929 0.045456
v -0.063092 -0.372992 0.045456
v -0.017175 -0.185782 0.045450
v -0.081373 -0.368655 0.045450
v -0.090210 -0.366552 0.040806
v -0.026079 -0.183790 0.040805
v -0.005176 -0.115012 0.040805
v -0.034649 -0.181881 0.045407
v -0.098779 -0.364528 0.045407
v 0.048240 -0.055278 0.022685
v 0.059102 -0.056720 0.022685
v 0.059399 0.005446 0.022685
v 0.042927 -0.123393 0.022685
v 0.045604 -0.054936 0.023747
v 0.032133 -0.121511 0.022685
v 0.056768 0.005667 0.023747
v -0.144992 0.340443 0.045401
v -0.138025 0.346128 0.045401
v -0.149443 0.341923 0.045401
v -0.140923 0.348759 0.045401
v -0.138025 0.346128 0.045401
v -0.153311 0.333787 0.045401
v -0.179049 0.351779 0.045395
v -0.156113 0.141030 0.045401
v -0.149443 0.341923 0.045401
v -0.153311 0.333787 0.045401
v -0.149204 0.330895 0.045401
v -0.148888 0.141011 0.045401
v -0.149204 0.330895 0.045401
v -0.137660 0.330331 0.039804
v -0.148888 0.141011 0.045401
v 0.076502 0.324325 0.022566
v 0.076569 0.349812 0.022607
v 0.068394 0.140316 0.022685
v -0.027954 0.235344 0.045437
v -0.027749 0.260314 0.045486
v -0.032541 0.235598 0.043337
v -0.032146 0.205562 0.043553
v -0.032541 0.235598 0.043337
v -0.038326 0.140650 0.040848
v -0.032146 0.205562 0.043553
v -0.037344 0.360505 0.040775
v -0.037441 0.348862 0.040781
v -0.027315 0.349270 0.045474
v -0.027749 0.260314 0.045486
v -0.027749 0.260314 0.045486
v -0.037441 0.348862 0.040781
v -0.032541 0.235598 0.043337
v -0.038326 0.140650 0.040848
v 0.069276 0.349677 0.022703
v 0.068394 0.140316 0.022685
v 0.076569 0.349812 0.022607
v -0.239086 -0.328674 0.033564
v -0.176450 -0.150209 0.033564
v -0.252441 -0.325411 0.038988
v -0.037149 -0.363919 0.022698
v 0.021344 -0.194397 0.022673
v -0.043227 -0.366076 0.022704
v -0.053581 -0.375239 0.022704
v -0.041277 -0.368908 0.022704
v -0.043227 -0.366076 0.022704
v 0.076502 0.324325 0.022566
v 0.068394 0.140316 0.022685
v 0.080550 0.324221 0.022632
v -0.027954 0.235344 0.045437
v -0.028084 0.210919 0.045431
v -0.019719 0.235312 0.050556
v -0.028084 0.210919 0.045431
v -0.024929 0.204448 0.045599
v -0.019850 0.211024 0.050550
v -0.019719 0.235312 0.050556
v -0.028084 0.210919 0.045431
v -0.121371 0.312386 0.034098
v -0.121351 0.320201 0.034098
v -0.121371 0.312386 0.025194
v 0.055360 0.319749 0.034098
v -0.121351 0.320201 0.025194
v -0.184487 0.312551 0.025194
v -0.184467 0.320366 0.025194
v 0.055340 0.311934 0.034098
v 0.055499 0.319749 0.015672
v 0.055479 0.311934 0.015672
v 0.066700 0.319720 0.015672
v 0.066680 0.311904 0.015672
v 0.038309 0.355000 0.044460
v 0.039642 0.349045 0.045437
v 0.044993 0.355010 0.044448
v 0.041227 0.360327 0.041585
v 0.036026 0.360291 0.041633
v 0.036026 0.360291 0.041633
v 0.030295 0.362688 0.039509
v 0.039503 0.140402 0.045449
v 0.030238 0.210876 0.040805
v 0.021261 0.210790 0.045425
v 0.021258 0.235221 0.045431
v 0.021305 0.202050 0.045425
v 0.010900 0.199300 0.045593
v 0.017461 0.203138 0.045510
v 0.006123 0.203932 0.050538
v -0.149204 0.330895 -0.038892
v -0.148888 0.141011 -0.038911
v -0.136176 0.330327 -0.031284
v -0.144992 0.340443 -0.038892
v 0.010719 0.206654 0.050538
v 0.006123 0.203932 0.050538
v 0.017461 0.203138 0.045510
v -0.252441 -0.325411 0.038988
v -0.189940 -0.147215 0.038988
v -0.261345 -0.323133 0.045401
v -0.125600 0.140928 0.033564
v -0.140859 0.140968 0.038909
v -0.128126 0.078889 0.033564
v -0.126322 0.329350 0.033576
v -0.109937 0.348408 0.045401
v -0.112441 0.346083 0.045401
v -0.099360 0.340059 0.045401
v -0.104358 0.339181 0.045401
v -0.097025 0.331115 0.045401
v -0.126068 0.349699 0.045401
v -0.126197 0.351734 0.045395
v -0.126294 0.339931 0.040068
v -0.112441 0.346083 0.045401
v -0.104358 0.339181 0.045401
v -0.114961 0.337476 0.041748
v -0.114961 0.337476 0.041748
v -0.101618 0.329367 0.045401
v -0.138025 0.346128 0.045401
v -0.134468 0.337659 0.041088
v -0.144992 0.340443 0.045401
v -0.134468 0.337659 0.041088
v -0.140923 0.348759 0.045401
v -0.179049 0.351779 0.045395
v -0.149443 0.341923 0.045401
v -0.179384 0.353947 0.045401
v -0.137660 0.330331 0.039804
v -0.126294 0.339931 0.040068
v -0.126294 0.339931 0.040068
v -0.126068 0.349699 0.045401
v -0.104358 0.339181 -0.038892
v -0.114958 0.338527 -0.034303
v -0.101618 0.329367 -0.038892
v -0.112441 0.346083 -0.038892
v -0.114958 0.338527 -0.034303
v -0.136176 0.330327 -0.031284
v -0.139036 0.140963 -0.031117
v -0.126322 0.329350 -0.027637
v -0.126292 0.340982 -0.032629
v -0.017765 0.206805 0.050544
v -0.019850 0.211024 0.050550
v -0.024929 0.204448 0.045599
v 0.030192 0.348861 0.040805
v 0.030238 0.210876 0.040805
v 0.039642 0.349045 0.045437
v 0.030155 0.360263 0.040805
v -0.137660 0.330331 0.039804
v -0.140859 0.140968 0.038909
v -0.126322 0.329350 0.033576
v -0.114961 0.337476 0.041748
v -0.126294 0.339931 0.040068
v -0.112283 0.329428 0.040680
v -0.112441 0.346083 0.045401
v -0.126068 0.349699 -0.038892
v -0.112441 0.346083 -0.038892
v -0.065717 0.351455 -0.038886
v -0.104358 0.339181 -0.038892
v -0.101618 0.329367 -0.038892
v -0.126292 0.340982 -0.032629
v -0.112441 0.346083 -0.038892
v -0.114958 0.338527 -0.034303
v -0.112441 0.346083 -0.038892
v -0.126292 0.340982 -0.032629
v -0.113834 0.329432 -0.032154
v -0.144992 0.340443 -0.038892
v -0.138025 0.346128 -0.038892
v -0.179456 0.351747 -0.038905
v -0.135954 0.338708 -0.033649
v -0.136176 0.330327 -0.031284
v -0.018393 0.199091 0.045599
v -0.012983 0.204032 0.050544
v -0.024929 0.204448 0.045599
v -0.140859 0.140968 0.038909
v -0.137660 0.330331 0.039804
v -0.148888 0.141011 0.045401
v -0.143110 0.079737 0.038921
v -0.206131 0.346537 -0.035622
v -0.209839 0.348373 -0.035851
v -0.210586 0.346340 -0.035832
v -0.206131 0.346537 -0.035622
v -0.206798 0.349388 -0.035796
v -0.206131 0.346537 -0.035622
v -0.193916 0.346439 -0.035814
v -0.206798 0.349388 -0.035796
v 0.060909 0.349930 -0.025200
v 0.065497 0.349791 -0.025207
v 0.061018 0.366017 -0.025243
v 0.065537 0.365285 -0.025207
v 0.061018 0.366017 -0.025243
v 0.065497 0.349791 -0.025207
v 0.061833 0.368512 -0.025200
v -0.044681 0.368780 -0.025200
v 0.061018 0.366017 -0.025243
v -0.046638 0.368703 -0.025200
v -0.048936 0.366371 -0.025207
v -0.141342 -0.354434 -0.027918
v -0.142500 -0.357979 -0.027918
v -0.104981 -0.363060 -0.027912
v -0.106004 -0.366137 -0.027912
v -0.294203 -0.318168 -0.027906
v -0.295563 -0.322224 -0.027906
v -0.271604 -0.323529 -0.027894
v -0.272896 -0.327288 -0.027894
v 0.061018 0.366017 -0.025243
v 0.065537 0.365285 -0.025207
v 0.061833 0.368512 -0.025200
v -0.125600 0.140928 -0.028350
v -0.111562 0.140891 -0.032982
v -0.126322 0.329350 -0.027637
v -0.103935 0.140855 -0.038904
v -0.113834 0.329432 -0.032154
v -0.126322 0.329350 -0.027637
v -0.139036 0.140963 -0.031117
v -0.136176 0.330327 -0.031284
v -0.148888 0.141011 -0.038911
v -0.017765 0.206805 0.050544
v -0.024929 0.204448 0.045599
v -0.012983 0.204032 0.050544
v -0.064834 0.354346 -0.037818
v -0.179449 0.354640 -0.037830
v -0.066526 0.351457 -0.037818
v -0.193916 0.346439 -0.038905
v -0.149204 0.330895 -0.038892
v -0.179456 0.351747 -0.038905
v -0.138025 0.346128 -0.038892
v -0.126068 0.349699 -0.038892
v -0.179456 0.351747 -0.038905
v -0.148888 0.141011 -0.038911
v -0.149204 0.330895 -0.038892
v -0.206666 0.142009 -0.038904
v -0.144992 0.340443 -0.038892
v -0.179456 0.351747 -0.038905
v -0.149204 0.330895 -0.038892
v -0.149204 0.330895 -0.038892
v -0.193916 0.346439 -0.038905
v -0.206666 0.142009 -0.038904
v -0.193916 0.346439 -0.038905
v -0.206131 0.346537 -0.038905
v -0.206666 0.142009 -0.038904
v -0.103935 0.140855 -0.038904
v 0.060429 0.141310 -0.038886
v -0.065717 0.351455 -0.038886
v -0.101618 0.329367 -0.038892
v -0.103935 0.140855 -0.038904
v -0.065717 0.351455 -0.038886
v -0.179449 0.354640 -0.037830
v -0.193908 0.349332 -0.035814
v -0.179456 0.351747 -0.037830
v -0.066526 0.351457 -0.037818
v -0.113834 0.329432 -0.032154
v -0.126322 0.329350 -0.027637
v -0.111562 0.140891 -0.032982
v -0.101618 0.329367 -0.038892
v -0.113834 0.329432 -0.032154
v -0.103935 0.140855 -0.038904
v -0.114958 0.338527 -0.034303
v -0.126068 0.349699 -0.038892
v -0.065717 0.351455 -0.038886
v -0.179456 0.351747 -0.038905
v 0.060979 0.351123 -0.038886
v 0.060429 0.141310 -0.038886
v 0.060986 0.354022 -0.038892
v -0.064160 0.354349 -0.038892
v 0.060995 0.357234 -0.039084
v -0.060773 0.357564 -0.039084
v -0.056108 0.361269 -0.036799
v 0.061004 0.360952 -0.036817
v 0.076023 0.141269 -0.017647
v 0.076502 0.324325 -0.017647
v 0.068463 0.141289 -0.017688
v 0.078047 0.141264 -0.017688
v 0.078526 0.324232 -0.017688
v 0.069009 0.349909 -0.017688
v 0.076569 0.349812 -0.017635
v 0.065095 0.349897 -0.018475
v 0.064549 0.141299 -0.018474
v 0.062124 0.349932 -0.021078
v 0.061578 0.141307 -0.021078
v -0.126322 0.329350 0.033576
v -0.126294 0.339931 0.040068
v -0.137660 0.330331 0.039804
v -0.134468 0.337659 0.041088
v -0.144992 0.340443 0.045401
v 0.078047 0.141264 -0.017688
v 0.079061 0.141261 -0.016974
v 0.078526 0.324232 -0.017688
v 0.079540 0.324229 -0.016974
v -0.193908 0.349332 -0.035814
v -0.206798 0.349388 -0.035796
v -0.193916 0.346439 -0.035814
v -0.179456 0.351747 -0.037830
v -0.036750 -0.366835 0.019470
v -0.038433 -0.364416 0.019470
v -0.038642 -0.367683 0.021510
v -0.040459 -0.365115 0.021510
v -0.041277 -0.368908 0.022704
v -0.043227 -0.366076 0.022704
v -0.104981 -0.363060 -0.027912
v -0.098779 -0.364528 -0.044466
v -0.104981 -0.363060 0.028860
v -0.104981 -0.363054 -0.044466
v -0.098779 -0.364528 0.045407
v -0.104981 -0.363054 0.045407
v -0.090210 -0.366552 0.040806
v -0.090210 -0.366552 -0.039864
v -0.081373 -0.368655 0.045450
v -0.081373 -0.368655 -0.044502
v -0.071795 -0.370929 0.045456
v -0.071795 -0.370929 -0.044508
v -0.063092 -0.372992 0.045456
v -0.063092 -0.372992 -0.044508
v -0.056952 -0.374438 0.026340
v -0.056952 -0.374444 0.039384
v -0.056952 -0.374438 -0.025392
v -0.056952 -0.374444 -0.038436
v -0.056077 -0.374644 -0.022800
v -0.056077 -0.374644 0.023748
v -0.053581 -0.375239 -0.021756
v -0.053581 -0.375239 0.022704
v -0.041277 -0.368908 -0.021756
v -0.041277 -0.368908 0.022704
v -0.038642 -0.367683 0.021510
v -0.038642 -0.367683 -0.020562
v -0.036750 -0.366835 -0.018522
v -0.036750 -0.366835 0.019470
v -0.035533 -0.366217 -0.014676
v -0.035533 -0.366217 0.015623
v -0.295563 -0.322224 -0.027906
v -0.295496 -0.322246 -0.042126
v -0.272896 -0.327288 -0.027894
v -0.295563 -0.322224 0.028848
v -0.272896 -0.327288 0.028842
v -0.295496 -0.322246 0.043067
v -0.106004 -0.366137 -0.042138
v -0.106004 -0.366137 -0.027912
v -0.142433 -0.357995 -0.042150
v -0.142500 -0.357979 -0.027918
v -0.106004 -0.366137 -0.027912
v -0.294136 -0.318196 0.045401
v -0.315927 -0.313013 0.045401
v -0.294203 -0.318168 0.028848
v -0.315927 -0.313013 -0.044454
v -0.294203 -0.318168 -0.027906
v -0.294136 -0.318190 -0.044454
v -0.271604 -0.323529 0.028842
v -0.271604 -0.323529 -0.027894
v -0.171564 -0.347271 -0.044454
v -0.271671 -0.323524 -0.044454
v -0.171564 -0.347271 0.045401
v -0.271671 -0.323524 0.045401
v -0.163807 -0.349106 0.045401
v -0.163807 -0.349106 -0.044454
v -0.156118 -0.350936 0.040836
v -0.156118 -0.350936 -0.039889
v -0.146674 -0.353161 -0.044478
v -0.146674 -0.353161 0.045425
v -0.141342 -0.354434 0.028866
v -0.141275 -0.354451 0.045425
v -0.141342 -0.354434 -0.027918
v -0.141275 -0.354451 -0.044478
v -0.142500 -0.357979 0.028866
v -0.106004 -0.366137 0.028860
v -0.142433 -0.357995 0.043097
v -0.106004 -0.366137 0.043085
v -0.106004 -0.366137 0.028860
v -0.295496 -0.322246 -0.042126
v -0.272896 -0.327288 -0.042114
v -0.272896 -0.327288 -0.027894
v -0.295496 -0.322246 0.043067
v -0.272896 -0.327288 0.043056
v -0.272896 -0.327288 0.028842
v -0.321662 -0.311958 0.045407
v -0.321662 -0.311958 -0.044460
v -0.315927 -0.313013 0.045401
v -0.315927 -0.313013 -0.044454
v -0.037149 -0.363919 -0.021756
v -0.034582 -0.363041 -0.020898
v -0.034582 -0.363041 0.021846
v -0.033160 -0.362538 -0.017868
v -0.033160 -0.362538 0.018810
v -0.037149 -0.363936 -0.014676
v -0.038433 -0.364416 -0.018522
v -0.040459 -0.365115 -0.020562
v -0.038433 -0.364416 -0.018522
v -0.043227 -0.366076 -0.021756
v -0.037149 -0.363919 -0.021756
v -0.037149 -0.363936 0.015623
v -0.037149 -0.363936 -0.014676
v -0.037149 -0.363919 0.022698
v -0.038433 -0.364416 0.019470
v -0.040459 -0.365115 0.021510
v -0.043227 -0.366076 0.022704
v -0.139036 0.140963 0.032058
v -0.125600 0.140928 0.029292
v -0.148888 0.141011 0.039858
v -0.111562 0.140891 0.033924
v -0.103935 0.140855 0.039852
v -0.125600 0.140928 0.029292
v -0.056108 0.361269 -0.036799
v 0.061004 0.360952 -0.036817
v -0.051779 0.364432 -0.032077
v 0.061013 0.364136 -0.032004
v -0.048936 0.366371 -0.025207
v -0.056108 0.361269 0.037734
v 0.061004 0.360952 0.037758
v -0.051779 0.364432 0.033017
v 0.061013 0.364136 0.032951
v -0.048936 0.366371 0.026142
v 0.061018 0.366017 0.026208
v 0.016256 0.260265 0.045449
v 0.021118 0.260252 0.040601
v 0.021118 0.260252 0.045443
v -0.022620 0.260306 0.045455
v -0.027749 0.260314 0.040613
v -0.027749 0.260314 0.045486
v -0.193916 0.346439 0.036755
v -0.193916 0.346439 0.039846
v -0.179456 0.351747 0.039852
v -0.193916 0.346439 -0.035814
v -0.193916 0.346439 -0.038905
v -0.179456 0.351747 -0.038905
v -0.193916 0.346439 -0.035814
v -0.206131 0.346537 -0.035622
v -0.193916 0.346439 -0.038905
v -0.206131 0.346537 -0.038905
v -0.193916 0.346439 -0.038905
v -0.206131 0.346537 -0.035622
v -0.193916 0.346439 0.036755
v -0.193916 0.346439 0.039846
v -0.206131 0.346537 0.036569
v -0.206131 0.346537 0.039846
v -0.206131 0.346537 0.036569
v -0.193916 0.346439 0.039846
v -0.065717 0.351455 -0.038886
v -0.066526 0.351457 -0.037818
v -0.179456 0.351747 -0.038905
v -0.179456 0.351747 -0.037830
v -0.179456 0.351747 -0.038905
v -0.066526 0.351457 -0.037818
v -0.065717 0.351455 0.039834
v -0.179456 0.351747 0.039852
v -0.066526 0.351457 0.038760
v -0.179456 0.351747 0.038772
v -0.066526 0.351457 0.038760
v -0.179456 0.351747 0.039852
v 0.061018 0.366017 -0.025243
v -0.048936 0.366371 -0.025207
v 0.061013 0.364136 -0.032004
v -0.179456 0.351747 -0.037830
v -0.193916 0.346439 -0.035814
v -0.179456 0.351747 -0.038905
v -0.179456 0.351747 0.038772
v -0.179456 0.351747 0.039852
v -0.193916 0.346439 0.036755
v -0.160016 0.325940 -0.011148
v -0.160014 0.326864 -0.014911
v -0.163463 0.323347 -0.012793
v -0.160023 0.323421 -0.021427
v -0.163463 0.323347 -0.017029
v -0.160016 0.325940 -0.018672
v -0.160016 0.325940 -0.018672
v -0.163463 0.323347 -0.017029
v -0.160014 0.326864 -0.014911
v -0.209839 0.348373 -0.035851
v -0.209772 0.348483 -0.043932
v -0.210586 0.346340 -0.035832
v -0.209772 0.348483 0.044880
v -0.209839 0.348373 0.036797
v -0.210453 0.346048 0.045401
v -0.060773 0.357564 -0.039084
v -0.059967 0.356440 -0.042960
v -0.064160 0.354349 -0.038892
v -0.060773 0.357564 0.040026
v -0.064160 0.354349 0.039834
v -0.059967 0.356440 0.043901
v -0.160016 0.325940 -0.011148
v -0.163463 0.323347 -0.012793
v -0.160023 0.323421 -0.008395
v -0.163463 0.323347 -0.017029
v -0.163463 0.323347 -0.012793
v -0.160014 0.326864 -0.014911
v -0.163472 0.319981 -0.019152
v -0.163463 0.323347 -0.012793
v -0.048936 0.366371 0.026142
v -0.051779 0.364432 0.033017
v -0.046638 0.368703 0.026136
v -0.048936 0.366371 -0.025207
v -0.046638 0.368703 -0.025200
v -0.051779 0.364432 -0.032077
v -0.163472 0.319981 -0.019152
v -0.163463 0.323347 -0.017029
v -0.160023 0.323421 -0.021427
v -0.210649 0.141211 -0.044460
v -0.212963 0.083676 -0.044460
v -0.210649 0.141211 0.045407
v -0.210586 0.346340 -0.035832
v -0.210586 0.346340 0.036773
v -0.212963 0.083676 0.045407
v -0.218167 0.029377 -0.044460
v -0.218167 0.029377 0.045407
v -0.227471 -0.019048 0.045407
v -0.227471 -0.019048 -0.044460
v -0.240845 -0.074151 0.045407
v -0.240845 -0.074151 -0.044460
v -0.258548 -0.132146 -0.044460
v -0.258548 -0.132146 0.045407
v -0.321662 -0.311958 -0.044460
v -0.321662 -0.311958 0.045407
v -0.163463 0.323347 -0.012793
v -0.163472 0.319981 -0.010668
v -0.160023 0.323421 -0.008395
v -0.210586 0.346340 0.036773
v -0.210453 0.346048 0.045401
v -0.209839 0.348373 0.036797
v -0.210649 0.141211 0.045407
v -0.210453 0.346048 -0.044454
v -0.210649 0.141211 -0.044460
v -0.210586 0.346340 -0.035832
v -0.209772 0.348483 -0.043932
v -0.197491 0.320411 -0.039204
v -0.197511 0.312590 -0.039204
v -0.200122 0.320418 -0.036870
v -0.200143 0.312597 -0.036870
v -0.200055 0.320407 0.036347
v -0.200076 0.312592 0.036347
v -0.160023 0.323421 -0.021427
v -0.160032 0.319972 -0.022434
v -0.163472 0.319981 -0.019152
v -0.160023 0.323421 -0.008395
v -0.163472 0.319981 -0.010668
v -0.160032 0.319972 -0.007386
v -0.163472 0.319981 -0.010668
v -0.163463 0.323347 -0.012793
v -0.163472 0.319981 -0.019152
v -0.294136 -0.318190 -0.044454
v -0.295496 -0.322246 -0.042126
v -0.294203 -0.318168 -0.027906
v -0.295563 -0.322224 -0.027906
v -0.295563 -0.322224 0.028848
v -0.295496 -0.322246 0.043067
v -0.294203 -0.318168 0.028848
v -0.294136 -0.318196 0.045401
v -0.121371 0.312386 0.034098
v -0.121351 0.320201 0.034098
v -0.121371 0.312386 0.025194
v -0.121351 0.320201 0.025194
v -0.121351 0.320212 -0.034548
v -0.121371 0.312391 -0.034548
v -0.121351 0.320212 -0.025645
v -0.121371 0.312391 -0.025645
v -0.142500 -0.357979 0.028866
v -0.142433 -0.357995 0.043097
v -0.141342 -0.354434 0.028866
v -0.141275 -0.354451 0.045425
v -0.141275 -0.354451 -0.044478
v -0.142433 -0.357995 -0.042150
v -0.141342 -0.354434 -0.027918
v -0.142500 -0.357979 -0.027918
v 0.062124 0.349932 0.022026
v 0.061578 0.141307 0.022026
v 0.060909 0.349930 0.026136
v 0.060362 0.141310 0.025751
v 0.062124 0.349932 -0.021078
v 0.061578 0.141307 -0.021078
v 0.060909 0.349930 -0.025200
v 0.060362 0.141310 -0.024805
v 0.021118 0.260252 0.045443
v 0.021118 0.260252 0.040601
v 0.021258 0.235221 0.045431
v 0.021258 0.235221 0.040583
v 0.061018 0.366017 -0.025243
v 0.061013 0.364136 -0.032004
v 0.060909 0.349930 -0.025200
v 0.061004 0.360952 -0.036817
v 0.060995 0.357234 -0.039084
v 0.060986 0.354022 -0.038892
v 0.060979 0.351123 -0.038886
v 0.060429 0.141310 -0.038886
v 0.060362 0.141310 -0.024805
v 0.060362 0.141310 0.025751
v 0.060429 0.141310 0.039834
v 0.060909 0.349930 0.026136
v 0.060979 0.351123 0.039834
v 0.060986 0.354022 0.039834
v 0.060995 0.357234 0.040026
v 0.061004 0.360952 0.037758
v 0.061013 0.364136 0.032951
v 0.061018 0.366017 0.026208
v 0.079540 0.324229 -0.016974
v 0.079061 0.141261 -0.016974
v 0.079540 0.324229 0.017916
v 0.079061 0.141261 0.017916
vn -0.1248 -0.5133 -0.8491
vn -0.1248 -0.5630 -0.8170
vn -0.1944 -0.8613 -0.4695
vn -0.1936 -0.8741 -0.4454
vn -0.1943 -0.8613 -0.4695
vn -0.1117 -0.4658 -0.8778
vn -0.1112 -0.4886 -0.8654
vn -0.1936 -0.8499 -0.4900
vn -0.1183 -0.4978 -0.8592
vn -0.1943 -0.8530 -0.4844
vn -0.1943 -0.8530 -0.4843
vn -0.1455 0.7406 -0.6560
vn -0.0256 0.6255 -0.7798
vn -0.0626 0.1635 -0.9846
vn -0.0000 -0.0000 -1.0000
vn 0.0494 0.0860 -0.9951
vn -0.0461 0.5931 -0.8038
vn -0.1070 0.6172 -0.7795
vn -0.0116 0.7102 -0.7039
vn 0.0018 0.6985 -0.7156
vn 0.0015 0.5846 -0.8114
vn -0.2915 0.6620 -0.6905
vn -0.2611 0.7625 -0.5920
vn -0.0128 0.4085 -0.9127
vn -0.0518 0.7248 -0.6870
vn -0.2611 0.7624 -0.5920
vn 0.0975 0.5306 -0.8420
vn 0.3492 0.5029 -0.7907
vn 0.0981 0.2814 -0.9546
vn 0.3373 0.8297 -0.4448
vn 0.6007 0.7074 -0.3725
vn 0.3493 0.5029 -0.7906
vn 0.3492 0.5030 -0.7906
vn 0.0975 0.5307 -0.8420
vn 0.3372 0.8297 -0.4448
vn -0.4871 0.7707 -0.4108
vn -0.1559 0.8742 -0.4599
vn -0.5113 0.4556 -0.7287
vn 0.0015 0.5754 -0.8179
vn 0.3478 0.5855 -0.7323
vn 0.0008 0.3242 -0.9460
vn 0.0015 0.5900 -0.8074
vn 0.0492 0.5689 -0.8209
vn 0.0216 0.2730 -0.9618
vn 0.0494 0.0861 -0.9951
vn 0.0216 0.2729 -0.9618
vn 0.0002 0.0686 -0.9976
vn 0.0079 0.3667 -0.9303
vn -0.0116 0.7101 -0.7040
vn -0.0462 0.5600 -0.8272
vn -0.1172 0.2814 -0.9524
vn -0.1250 0.2832 -0.9509
vn -0.1151 0.5300 -0.8402
vn 0.6802 -0.2197 -0.6993
vn 0.6880 -0.1926 -0.6997
vn 0.1828 -0.0609 -0.9813
vn 0.6774 -0.2369 -0.6964
vn 0.0015 0.5845 -0.8114
vn -0.1463 0.2667 -0.9526
vn -0.0462 0.5599 -0.8272
vn -0.1462 0.2667 -0.9526
vn -0.1463 0.2666 -0.9526
vn -0.1895 0.0609 -0.9800
vn 0.0631 0.5382 -0.8405
vn 0.0286 0.3391 -0.9403
vn 0.1752 0.2567 -0.9505
vn 0.2117 0.0600 -0.9755
vn 0.1753 0.2566 -0.9505
vn 0.0285 0.3390 -0.9403
vn 0.3998 0.2177 -0.8904
vn 0.3272 0.0428 -0.9440
vn 0.0008 0.3241 -0.9460
vn 0.3477 0.5855 -0.7323
vn 0.3492 0.5029 -0.7906
vn 0.6167 0.4161 -0.6682
vn 0.3417 0.2606 -0.9030
vn 0.6063 0.2223 -0.7636
vn -0.1599 0.2919 -0.9430
vn -0.3930 0.0712 -0.9168
vn 0.6415 -0.1738 -0.7472
vn 0.6327 -0.2095 -0.7455
vn 0.1337 -0.0349 -0.9904
vn 0.1338 -0.0263 -0.9907
vn 0.1326 -0.0432 -0.9902
vn 0.1828 -0.0523 -0.9818
vn 0.1829 -0.0437 -0.9822
vn 0.3489 -0.0009 -0.9372
vn -0.3489 0.0009 -0.9372
vn 0.0839 0.2975 -0.9510
vn -0.0744 0.5066 -0.8589
vn 0.0285 0.3391 -0.9403
vn -0.1638 0.5239 -0.8359
vn -0.4951 0.2482 -0.8326
vn 0.0492 0.5690 -0.8209
vn 0.0840 0.2975 -0.9510
vn 0.0839 0.2974 -0.9511
vn -0.1109 0.2399 -0.9645
vn -0.0063 0.2472 -0.9689
vn -0.2919 0.3775 -0.8788
vn -0.1596 0.2740 -0.9484
vn -0.2920 0.3774 -0.8788
vn -0.1958 0.1468 -0.9696
vn -0.1109 0.2398 -0.9645
vn 0.3416 0.2606 -0.9030
vn -0.0744 0.5067 -0.8589
vn -0.1663 0.2737 -0.9473
vn -0.1595 0.2740 -0.9484
vn -0.1218 0.5296 -0.8395
vn -0.1151 0.5300 -0.8401
vn -0.2919 0.3774 -0.8788
vn -0.0057 0.4658 -0.8849
vn -0.3922 0.1500 -0.9076
vn -0.0063 0.2473 -0.9689
vn 0.1051 -0.0347 -0.9939
vn 0.1326 -0.0433 -0.9902
vn 0.5830 -0.1985 -0.7878
vn -0.1637 0.5239 -0.8359
vn 0.2463 -0.0855 -0.9654
vn 0.2262 -0.0787 -0.9709
vn 0.2332 -0.0614 -0.9705
vn 0.2245 -0.0782 -0.9713
vn 0.2333 -0.0527 -0.9710
vn 0.0005 0.1886 -0.9821
vn -0.0057 0.4657 -0.8849
vn 0.2244 -0.0781 -0.9714
vn 0.0001 -0.0000 -1.0000
vn 0.2261 -0.0787 -0.9709
vn 0.0068 -0.0010 -1.0000
vn 0.2245 -0.0781 -0.9713
vn 0.6973 -0.1476 -0.7014
vn 0.1829 -0.0523 -0.9817
vn 0.6495 -0.1377 -0.7478
vn 0.6573 -0.0924 -0.7480
vn 0.6415 -0.1737 -0.7472
vn 0.1408 -0.0177 -0.9899
vn 0.6572 -0.0924 -0.7480
vn 0.1408 -0.0090 -0.9900
vn 0.1831 -0.0264 -0.9827
vn 0.1900 -0.0091 -0.9817
vn 0.1407 -0.0176 -0.9899
vn 0.7014 -0.1026 -0.7054
vn 0.7081 -0.0476 -0.7045
vn 0.1830 -0.0437 -0.9821
vn 0.1683 -0.0004 -0.9857
vn 0.6767 -0.0018 -0.7362
vn 0.1408 -0.0003 -0.9900
vn -0.3923 0.1500 -0.9075
vn -0.1959 0.1467 -0.9696
vn 0.6594 -0.0472 -0.7503
vn 0.6573 -0.0923 -0.7480
vn 0.1408 -0.0004 -0.9900
vn 0.1899 -0.0091 -0.9818
vn 0.1900 -0.0005 -0.9818
vn 0.1407 -0.0177 -0.9899
vn 0.7088 -0.0201 -0.7051
vn 0.7010 -0.0018 -0.7132
vn 0.1833 -0.0005 -0.9831
vn 0.7088 -0.0202 -0.7051
vn -0.5293 0.0103 -0.8484
vn -0.3986 -0.1560 -0.9038
vn -0.3187 0.0008 -0.9479
vn -0.3122 0.0183 -0.9498
vn -0.0490 0.0001 -0.9988
vn -0.5200 0.0368 -0.8534
vn -0.1764 -0.0342 -0.9837
vn -0.3186 0.0008 -0.9479
vn -0.3985 -0.1560 -0.9038
vn -0.2462 -0.2404 -0.9390
vn 0.0063 -0.2571 -0.9664
vn 0.0195 -0.4392 -0.8982
vn -0.3985 -0.1561 -0.9038
vn -0.2181 0.0611 -0.9740
vn -0.2179 0.0697 -0.9735
vn -0.2179 0.0696 -0.9735
vn 0.0070 -0.0000 -1.0000
vn -0.2178 0.0782 -0.9729
vn -0.0003 0.0001 -1.0000
vn -0.0001 -0.0000 -1.0000
vn 0.3485 -0.1232 -0.9292
vn -0.2180 0.0610 -0.9740
vn 0.3489 -0.1146 -0.9301
vn -0.2183 0.0438 -0.9749
vn -0.2184 0.0352 -0.9752
vn 0.2332 -0.0613 -0.9705
vn 0.0006 0.0048 -1.0000
vn 0.2334 -0.0527 -0.9710
vn -0.0070 0.0001 -1.0000
vn 0.2402 -0.0353 -0.9701
vn 0.2404 -0.0180 -0.9705
vn -0.0070 -0.0000 -1.0000
vn 0.0002 -0.0000 -1.0000
vn 0.2403 -0.0180 -0.9705
vn -0.2252 0.0179 -0.9741
vn 0.0003 0.0048 -1.0000
vn 0.3559 -0.0971 -0.9295
vn 0.3564 -0.0797 -0.9309
vn 0.3633 -0.0535 -0.9301
vn 0.3638 -0.0272 -0.9311
vn 0.3633 -0.0534 -0.9301
vn 0.2461 -0.0784 -0.9661
vn 0.2393 -0.0871 -0.9670
vn 0.0279 -0.0086 -0.9996
vn 0.2464 -0.0698 -0.9667
vn 0.2537 -0.0093 -0.9672
vn -0.1014 0.4959 -0.8625
vn -0.0255 0.6256 -0.7797
vn 0.2825 -0.0962 -0.9544
vn 0.1404 -0.0521 -0.9887
vn -0.1335 0.0521 -0.9897
vn -0.2762 0.0877 -0.9571
vn 0.2536 -0.0093 -0.9673
vn 0.2536 -0.0180 -0.9671
vn 0.0002 0.0685 -0.9976
vn 0.2116 0.0600 -0.9755
vn 0.0003 -0.0001 -1.0000
vn 0.0002 0.0856 -0.9963
vn -0.2253 0.0006 -0.9743
vn -0.1760 0.0524 -0.9830
vn -0.1267 -0.0773 -0.9889
vn -0.0000 0.0086 -1.0000
vn -0.0626 0.1634 -0.9846
vn -0.0256 0.6256 -0.7797
vn -0.0000 0.0001 -1.0000
vn 0.3639 -0.0097 -0.9314
vn 0.0002 -0.0001 -1.0000
vn -0.2044 0.0698 -0.9764
vn -0.1336 0.0522 -0.9897
vn -0.1071 0.6172 -0.7795
vn -0.1014 0.4959 -0.8624
vn 0.0009 0.3393 -0.9407
vn 0.1752 0.2566 -0.9505
vn 0.2116 0.0601 -0.9755
vn 0.0009 0.3392 -0.9407
vn 0.0002 0.0940 -0.9956
vn 0.2319 -0.0006 -0.9727
vn 0.2320 -0.0006 -0.9727
vn -0.0000 -0.0001 -1.0000
vn 0.0002 0.0941 -0.9956
vn -0.2253 0.0179 -0.9741
vn -0.2252 0.0179 -0.9742
vn -0.1760 0.0523 -0.9830
vn -0.1663 0.2738 -0.9473
vn 0.0015 0.5753 -0.8179
vn -0.0743 0.5067 -0.8589
vn -0.2046 0.0612 -0.9769
vn -0.2115 0.0439 -0.9764
vn 0.0279 -0.0087 -0.9996
vn -0.2118 0.0265 -0.9770
vn -0.2117 0.0265 -0.9770
vn 0.0280 -0.0001 -0.9996
vn -0.2118 0.0266 -0.9770
vn -0.2119 0.0179 -0.9771
vn 0.0281 0.0024 -0.9996
vn -0.2118 0.0179 -0.9772
vn 0.2537 -0.0179 -0.9671
vn 0.2535 -0.0352 -0.9667
vn 0.2467 -0.0526 -0.9677
vn 0.0063 -0.2572 -0.9663
vn -0.5201 0.0368 -0.8533
vn -0.3122 0.0183 -0.9499
vn -0.3121 0.0182 -0.9499
vn -0.3186 0.0009 -0.9479
vn 0.2536 -0.0179 -0.9671
vn 0.0493 0.0860 -0.9951
vn 0.2537 -0.0180 -0.9671
vn 0.0350 -0.0001 -0.9994
vn -0.2118 0.0179 -0.9771
vn -0.2118 0.0005 -0.9773
vn -0.2119 0.0006 -0.9773
vn -0.3930 0.0713 -0.9168
vn -0.1664 0.2737 -0.9473
vn 0.0347 -0.0099 -0.9993
vn 0.2394 -0.0871 -0.9670
vn 0.0280 -0.0087 -0.9996
vn -0.2045 0.0698 -0.9764
vn 0.0350 -0.0087 -0.9994
vn 0.0280 -0.0086 -0.9996
vn 0.2463 -0.0698 -0.9667
vn 0.2466 -0.0526 -0.9677
vn 0.2534 -0.0352 -0.9667
vn -0.2045 0.0699 -0.9764
vn -0.3113 0.0703 -0.9477
vn -0.3118 0.0443 -0.9491
vn -0.3119 0.0443 -0.9491
vn -0.5137 0.0724 -0.8549
vn -0.5120 0.1076 -0.8522
vn -0.1896 0.0609 -0.9800
vn -0.1895 0.0608 -0.9800
vn -0.1462 0.2666 -0.9526
vn 0.3274 -0.0096 -0.9449
vn 0.3185 -0.0182 -0.9477
vn 0.3186 -0.0182 -0.9477
vn 0.3274 -0.0096 -0.9448
vn 0.4770 -0.0367 -0.8782
vn -0.3108 0.0876 -0.9464
vn -0.5043 0.1429 -0.8516
vn -0.3109 0.0876 -0.9464
vn -0.2763 0.0877 -0.9571
vn -0.4798 0.1596 -0.8627
vn -0.4736 0.1687 -0.8645
vn -0.0489 0.0173 -0.9987
vn -0.0489 0.0087 -0.9988
vn -0.5119 0.1076 -0.8523
vn -0.0419 0.0173 -0.9990
vn -0.0349 0.0087 -0.9994
vn -0.5136 0.0724 -0.8549
vn 0.4692 -0.0987 -0.8776
vn -0.0485 0.0119 -0.9988
vn 0.4692 -0.0987 -0.8775
vn 0.3177 -0.0702 -0.9456
vn 0.4760 -0.0721 -0.8765
vn 0.4678 -0.1250 -0.8750
vn -0.0489 0.0001 -0.9988
vn 0.4769 -0.0367 -0.8782
vn 0.4759 -0.0721 -0.8765
vn 0.3206 -0.0446 -0.9462
vn 0.1405 -0.0521 -0.9887
vn 0.4451 -0.1599 -0.8811
vn 0.4521 -0.1422 -0.8806
vn -0.4735 0.1687 -0.8645
vn -0.0350 0.0087 -0.9994
vn -0.4798 0.1596 -0.8628
vn 0.1682 -0.0004 -0.9858
vn 0.1407 -0.0090 -0.9900
vn 0.6602 -0.0108 -0.7511
vn 0.1409 -0.0004 -0.9900
vn 0.1901 -0.0005 -0.9818
vn 0.7088 -0.0202 -0.7052
vn 0.3198 -0.0794 -0.9441
vn 0.2826 -0.0962 -0.9544
vn 0.3199 -0.0794 -0.9441
vn 0.4520 -0.1422 -0.8806
vn 0.1405 -0.0522 -0.9887
vn 0.4450 -0.1599 -0.8811
vn 0.3176 -0.0702 -0.9456
vn 0.3198 -0.0794 -0.9442
vn 0.5830 -0.1984 -0.7878
vn 0.1327 -0.0432 -0.9902
vn 0.1338 -0.0349 -0.9904
vn 0.1827 -0.0609 -0.9813
vn 0.0774 0.0515 -0.9957
vn 0.0833 -0.1715 -0.9817
vn 0.1474 -0.1213 -0.9816
vn 0.1965 -0.0436 -0.9795
vn 0.1966 -0.0436 -0.9795
vn 0.1475 -0.1213 -0.9816
vn 0.4060 -0.1673 -0.8984
vn -0.1761 0.0524 -0.9830
vn -0.3929 0.0712 -0.9168
vn 0.0140 -0.0000 -0.9999
vn 0.1832 -0.0005 -0.9831
vn 0.2459 -0.0870 -0.9654
vn 0.1619 0.1117 -0.9805
vn 0.2459 -0.0869 -0.9654
vn 0.0350 -0.0005 -0.9994
vn 0.6685 -0.0018 -0.7437
vn 0.6685 -0.0017 -0.7437
vn -0.6644 0.0017 -0.7474
vn -0.6644 0.0018 -0.7474
vn -0.2250 0.0438 -0.9734
vn -0.3923 0.1499 -0.9075
vn -0.3187 0.0009 -0.9479
vn 0.4828 -0.0101 -0.8757
vn -0.0912 -0.1626 -0.9825
vn -0.1268 -0.0773 -0.9889
vn 0.0065 -0.1885 -0.9820
vn 0.0065 -0.1886 -0.9820
vn -0.0912 -0.1627 -0.9824
vn 0.0195 -0.4393 -0.8981
vn -0.0913 -0.1627 -0.9824
vn -0.1268 -0.0774 -0.9889
vn -0.2461 -0.2404 -0.9390
vn -0.2461 -0.2403 -0.9390
vn 0.0833 -0.1716 -0.9816
vn 0.2291 -0.3257 -0.9173
vn 0.2292 -0.3256 -0.9173
vn 0.0834 -0.1716 -0.9816
vn 0.2291 -0.3256 -0.9173
vn 0.0190 -0.4386 -0.8985
vn 0.1119 0.2132 -0.9706
vn 0.1622 0.0946 -0.9822
vn 0.2958 0.3182 -0.9007
vn 0.2186 0.0427 -0.9749
vn 0.2958 0.3181 -0.9007
vn -0.4210 0.0011 -0.9071
vn 0.0063 -0.2572 -0.9664
vn 0.4829 -0.0101 -0.8756
vn -0.0418 0.0430 -0.9982
vn -0.0149 -0.4324 -0.9016
vn -0.0489 0.0259 -0.9985
vn -0.0138 0.0515 -0.9986
vn 0.1591 -0.7501 -0.6419
vn 0.0221 0.6733 -0.7391
vn -0.0070 -0.0171 -0.9998
vn 0.0088 0.8099 -0.5865
vn 0.2185 0.0427 -0.9749
vn 0.1119 0.2131 -0.9706
vn -0.0063 0.2472 -0.9690
vn -0.0056 0.4658 -0.8849
vn -0.0056 0.4657 -0.8849
vn 0.3930 0.1479 -0.9076
vn -0.1109 0.2397 -0.9645
vn -0.1958 0.1467 -0.9696
vn -0.0140 -0.0085 -0.9999
vn 0.0086 0.8099 -0.5865
vn -0.0070 -0.0172 -0.9998
vn -0.0002 0.0001 -1.0000
vn -0.0001 0.0001 -1.0000
vn 0.0001 -0.0001 -1.0000
vn -0.0000 0.0172 -0.9999
vn -0.0071 -0.0257 -0.9996
vn -0.0140 -0.0086 -0.9999
vn 0.5185 -0.2935 -0.8032
vn 0.2358 -0.7090 -0.6646
vn 0.0559 -0.0001 -0.9984
vn 0.3186 0.0079 -0.9479
vn -0.0140 -0.0000 -0.9999
vn -0.0070 0.0086 -0.9999
vn -0.2249 0.0437 -0.9734
vn -0.2249 0.0438 -0.9734
vn 0.1810 -0.6821 -0.7085
vn 0.0768 -0.0002 -0.9970
vn 0.2359 -0.7090 -0.6646
vn 0.0070 -0.0001 -1.0000
vn 0.0001 0.0343 -0.9994
vn 0.3186 0.0078 -0.9479
vn 0.4683 -0.0012 -0.8836
vn 0.0005 0.1885 -0.9821
vn 0.3930 0.1480 -0.9075
vn 0.3931 0.1479 -0.9075
vn 0.2959 0.3181 -0.9007
vn 0.3187 0.0078 -0.9478
vn 0.0210 -0.0001 -0.9998
vn 0.0208 -0.0001 -0.9998
vn -0.0983 0.0003 -0.9952
vn -0.1052 0.0003 -0.9944
vn -0.4358 0.0012 -0.9000
vn -0.4358 0.0011 -0.9000
vn -0.8406 0.0022 -0.5417
vn -0.8304 0.0022 -0.5571
vn -0.0000 0.0171 -0.9999
vn -0.0006 -0.2472 -0.9690
vn -0.0003 -0.1034 -0.9946
vn -0.0017 -0.6307 -0.7760
vn -0.0017 -0.6942 -0.7198
vn 0.4684 -0.0012 -0.8835
vn 0.3186 0.0050 -0.9479
vn 0.0560 -0.0002 -0.9984
vn -0.4209 0.0011 -0.9071
vn 0.4060 -0.1674 -0.8984
vn -0.5787 0.0015 -0.8156
vn -0.5786 0.0015 -0.8156
vn -0.5789 0.0015 -0.8154
vn 0.4507 0.3143 -0.8355
vn 0.1620 0.1117 -0.9804
vn 0.4564 0.3133 -0.8328
vn 0.6879 0.4823 -0.5424
vn 0.6910 0.4844 -0.5366
vn -0.3145 0.9492 -0.0074
vn -0.1455 0.7406 0.6560
vn -0.1520 0.9884 0.0072
vn -0.3145 0.9492 0.0074
vn -0.1520 0.9884 -0.0073
vn -0.1661 0.9632 0.2115
vn -0.1657 0.9692 0.1819
vn -0.1659 0.9861 -0.0000
vn -0.1014 0.4959 0.8625
vn -0.1070 0.6172 0.7795
vn -0.1660 0.9632 0.2116
vn -0.1661 0.9632 -0.2115
vn -0.1659 0.9862 -0.0000
vn -0.1657 0.9692 -0.1820
vn -0.1784 0.9840 -0.0000
vn -0.1657 0.9692 -0.1819
vn -0.0684 0.9900 0.1234
vn -0.1520 0.9884 0.0073
vn -0.0684 0.9900 -0.1234
vn -0.1660 0.9632 -0.2115
vn -0.1657 0.9692 0.1820
vn -0.1071 0.6172 0.7795
vn -0.1014 0.4958 -0.8625
vn 0.3181 0.8324 -0.4537
vn 0.2926 0.9137 -0.2819
vn 0.6467 0.6854 -0.3348
vn 0.3181 0.8324 0.4537
vn 0.6466 0.6854 0.3348
vn 0.2926 0.9138 0.2819
vn -0.2877 0.9396 0.1855
vn -0.2349 0.8985 0.3708
vn -0.0169 0.9542 0.2988
vn -0.2350 0.8985 0.3707
vn -0.5115 0.8504 0.1233
vn 0.2925 0.9138 0.2819
vn 0.3181 0.8324 0.4538
vn -0.0043 0.8608 -0.5088
vn 0.0025 0.9542 -0.2991
vn 0.2925 0.9138 -0.2819
vn 0.0025 0.9543 -0.2989
vn 0.0154 0.9999 -0.0000
vn 0.0155 0.9999 -0.0000
vn 0.0219 0.9997 -0.0071
vn 0.0219 0.9998 -0.0000
vn 0.6421 0.7666 -0.0079
vn 0.6588 0.7523 -0.0000
vn 0.6210 0.7838 -0.0000
vn 0.6294 0.7769 0.0159
vn 0.0538 0.9976 0.0432
vn 0.0218 0.9991 0.0361
vn 0.0155 0.9995 0.0288
vn 0.0024 1.0000 0.0001
vn 0.0154 0.9999 0.0072
vn 0.0220 0.6732 -0.7391
vn 0.0087 0.8099 -0.5866
vn 0.0219 0.9997 0.0071
vn 0.6421 0.7666 0.0079
vn 0.0538 0.9976 -0.0432
vn 0.6294 0.7769 -0.0158
vn 0.0218 0.9991 -0.0361
vn 0.0154 0.9995 -0.0289
vn 0.0024 1.0000 -0.0001
vn 0.0155 0.9999 -0.0072
vn 0.0221 0.6732 0.7391
vn 0.0088 0.8071 0.5904
vn -0.1658 0.9862 -0.0000
vn -0.0255 0.6255 -0.7798
vn -0.1455 0.7407 -0.6559
vn -0.0255 0.6255 0.7798
vn -0.1455 0.7407 0.6559
vn -0.1660 0.9632 0.2115
vn -0.0423 0.9991 -0.0000
vn -0.0173 0.8822 0.4705
vn -0.0048 0.7064 0.7078
vn -0.0049 0.7064 0.7078
vn -0.0173 0.8822 0.4706
vn 0.0492 0.5690 0.8209
vn -0.2611 0.7625 0.5920
vn -0.0254 0.6565 0.7539
vn 0.0154 0.9999 -0.0072
vn 0.0154 0.9995 0.0289
vn 0.0155 0.9999 0.0072
vn -0.1519 0.9884 -0.0072
vn -0.0256 0.6256 -0.7798
vn -0.1014 0.4958 0.8625
vn -0.0460 0.5931 -0.8038
vn -0.2189 0.9678 -0.1246
vn 0.0026 1.0000 -0.0000
vn -0.2189 0.9678 -0.1245
vn -0.1783 0.9840 -0.0000
vn -0.1657 0.9693 -0.1820
vn -0.1656 0.9692 -0.1820
vn -0.2189 0.9678 0.1245
vn -0.0461 0.5931 0.8038
vn -0.2189 0.9678 0.1246
vn 0.0944 0.8797 -0.4661
vn 0.3313 0.9435 -0.0000
vn 0.3314 0.9435 -0.0000
vn 0.5953 0.8035 -0.0001
vn -0.4854 0.8743 -0.0000
vn -0.1520 0.9884 -0.0000
vn -0.4871 0.7707 -0.4107
vn -0.2937 0.9378 -0.1851
vn -0.0364 0.9557 -0.2920
vn -0.2349 0.8985 -0.3707
vn -0.5115 0.8504 -0.1233
vn -0.2938 0.9378 -0.1851
vn 0.0928 0.9957 -0.0000
vn 0.3372 0.8297 0.4447
vn -0.1067 0.9943 -0.0000
vn -0.1093 0.8784 -0.4652
vn -0.1158 0.8778 -0.4649
vn 0.5953 0.8035 -0.0000
vn 0.6007 0.7074 0.3725
vn 0.3372 0.8297 0.4448
vn -0.1519 0.9884 -0.0000
vn -0.1130 0.9936 -0.0000
vn -0.1559 0.8742 -0.4598
vn -0.1158 0.8778 0.4649
vn -0.1093 0.8784 0.4652
vn -0.1130 0.9936 -0.0001
vn 0.3372 0.8297 -0.4447
vn -0.4871 0.7707 0.4108
vn -0.1559 0.8742 0.4598
vn -0.4855 0.8743 -0.0000
vn 0.0944 0.8797 0.4661
vn 0.3372 0.8298 0.4447
vn -0.1066 0.9943 -0.0000
vn 0.0944 0.8797 0.4662
vn -0.1131 0.9936 -0.0000
vn 0.3181 0.8324 -0.4538
vn -0.4674 0.8449 -0.2603
vn -0.2350 0.8985 -0.3707
vn -0.2612 0.7624 0.5920
vn -0.2350 0.8985 0.3708
vn -0.4674 0.8449 0.2603
vn -0.1560 0.8742 0.4598
vn 0.0018 0.6985 0.7156
vn 0.3478 0.5855 0.7323
vn 0.0027 1.0000 0.0001
vn 0.0027 1.0000 0.0002
vn 0.0026 1.0000 0.0001
vn 0.0026 1.0000 -0.0001
vn -0.0369 0.9071 -0.4194
vn -0.2349 0.8985 -0.3708
vn -0.0369 0.9070 -0.4194
vn -0.0369 0.9071 -0.4193
vn -0.2349 0.8985 0.3707
vn -0.2350 0.8985 -0.3708
vn -0.0043 0.8608 -0.5089
vn 0.0975 0.5307 -0.8419
vn -0.1151 0.5301 -0.8401
vn 0.0943 0.8796 -0.4662
vn -0.4674 0.8448 -0.2603
vn -0.5691 0.7536 -0.3290
vn -0.5691 0.7536 0.3290
vn -0.2611 0.7624 0.5920
vn -0.0461 0.5930 -0.8039
vn -0.0461 0.5930 0.8039
vn -0.2915 0.6619 0.6906
vn -0.5690 0.7536 -0.3290
vn -0.2612 0.7624 -0.5920
vn -0.2915 0.6620 0.6905
vn -0.5690 0.7536 0.3290
vn 0.6167 0.4162 -0.6682
vn 0.0944 0.8796 -0.4662
vn -0.1093 0.8784 -0.4653
vn -0.1218 0.5297 -0.8394
vn 0.6167 0.4162 0.6681
vn -0.1158 0.8777 -0.4649
vn -0.1637 0.5240 -0.8359
vn -0.5113 0.4557 0.7287
vn -0.1638 0.5240 0.8358
vn 0.0016 0.5900 -0.8074
vn 0.0492 0.5690 0.8208
vn -0.1093 0.8784 0.4653
vn -0.1158 0.8777 0.4649
vn -0.1151 0.5300 0.8401
vn 0.0975 0.5307 0.8419
vn -0.1219 0.5296 -0.8394
vn 0.0026 1.0000 0.0072
vn 0.0025 1.0000 -0.0000
vn 0.0026 1.0000 -0.0002
vn -0.0038 1.0000 -0.0000
vn 0.2239 0.9739 -0.0366
vn 0.2238 0.9739 -0.0366
vn 0.2239 0.9739 -0.0367
vn 0.2238 0.9740 0.0366
vn 0.2238 0.9739 0.0366
vn 0.2239 0.9739 0.0366
vn 0.6399 0.7377 -0.2153
vn 0.2926 0.9138 -0.2819
vn 0.6399 0.7377 0.2153
vn 0.2926 0.9137 0.2819
vn 0.6587 0.7524 -0.0003
vn 0.6293 0.7770 0.0158
vn 0.6209 0.7839 -0.0000
vn 0.6587 0.7524 -0.0000
vn 0.6420 0.7667 -0.0012
vn 0.6294 0.7770 -0.0159
vn 0.6467 0.6853 -0.3349
vn 0.6610 0.5055 -0.5546
vn 0.6467 0.6854 0.3349
vn 0.6611 0.5054 0.5546
vn 0.6610 0.5055 0.5546
vn 0.8964 0.3922 -0.2066
vn 0.8964 0.3922 0.2066
vn 0.6772 0.2420 -0.6949
vn 0.3999 0.2177 -0.8903
vn 0.6610 0.5054 -0.5546
vn 0.6772 0.2420 0.6949
vn 0.6610 0.5054 0.5546
vn 0.3999 0.2177 0.8903
vn 0.8964 0.3921 -0.2066
vn 0.6167 0.4162 -0.6681
vn 0.6168 0.4162 0.6681
vn 0.8964 0.3921 0.2067
vn 0.9247 -0.3243 0.1995
vn 0.9247 -0.3242 -0.1995
vn 0.9358 -0.3065 0.1741
vn 0.9247 -0.3242 -0.1996
vn 0.5830 -0.1985 0.7878
vn 0.9247 -0.3243 0.1996
vn 0.6327 -0.2096 0.7455
vn 0.8964 0.3921 -0.2067
vn 0.8876 0.2042 -0.4129
vn 0.6168 0.4162 -0.6681
vn 0.8876 0.2041 0.4129
vn 0.8964 0.3921 0.2066
vn 0.8876 0.2041 -0.4129
vn 0.9316 -0.3240 -0.1647
vn 0.9372 -0.3069 -0.1657
vn 0.6773 -0.2374 -0.6964
vn 0.9316 -0.3240 0.1648
vn 0.6774 -0.2369 0.6964
vn 0.9372 -0.3069 0.1657
vn 0.9424 -0.3345 -0.0000
vn 0.9518 -0.3066 -0.0000
vn 0.8876 0.2042 0.4130
vn 0.6168 0.4161 0.6681
vn 0.6495 -0.1377 0.7478
vn 0.9634 -0.2029 0.1749
vn 0.6573 -0.0924 0.7480
vn 0.9494 -0.2605 0.1752
vn 0.9518 -0.3067 -0.0000
vn 0.9654 -0.2607 -0.0000
vn 0.9316 -0.3240 0.1647
vn 0.9516 -0.2590 0.1654
vn 0.9769 -0.2137 -0.0000
vn 0.9649 -0.2032 0.1664
vn 0.9905 -0.1377 -0.0000
vn 0.6880 -0.1926 0.6996
vn 0.9516 -0.2590 0.1655
vn 0.6802 -0.2198 0.6993
vn 0.9649 -0.2032 0.1665
vn 0.9372 -0.3069 0.1658
vn 0.6774 -0.2370 0.6964
vn 0.9649 -0.2032 -0.1664
vn 0.9764 -0.1368 -0.1670
vn 0.9516 -0.2590 -0.1654
vn 0.9833 -0.0702 -0.1682
vn 0.6880 -0.1926 -0.6996
vn 0.6802 -0.2198 -0.6993
vn 0.9516 -0.2590 -0.1655
vn 0.9649 -0.2032 -0.1665
vn 0.6774 -0.2370 -0.6964
vn 0.9372 -0.3069 -0.1658
vn 0.6168 0.4161 -0.6682
vn 0.8876 0.2041 -0.4130
vn 0.6063 0.2223 -0.7635
vn 0.9818 -0.0700 -0.1768
vn 0.9749 -0.1366 -0.1756
vn 0.6602 -0.0108 -0.7510
vn 0.6768 -0.0017 -0.7362
vn 0.9792 -0.0026 -0.2028
vn 0.6767 -0.0018 0.7362
vn 0.6602 -0.0109 0.7510
vn 0.9792 -0.0026 0.2027
vn 0.6594 -0.0472 0.7503
vn 0.9818 -0.0701 0.1768
vn 0.6602 -0.0108 0.7510
vn 0.9749 -0.1366 0.1756
vn 0.7014 -0.1027 -0.7054
vn 0.6415 -0.1738 0.7471
vn 0.6495 -0.1376 0.7478
vn 0.9358 -0.3064 0.1742
vn 0.9494 -0.2606 -0.1752
vn 0.9635 -0.2029 0.1749
vn 0.9358 -0.3064 -0.1741
vn 0.6415 -0.1738 -0.7471
vn 0.6327 -0.2095 0.7455
vn 0.6416 -0.1737 0.7471
vn 0.6496 -0.1377 -0.7477
vn 0.9494 -0.2605 -0.1752
vn 0.9358 -0.3064 -0.1742
vn 0.9635 -0.2029 -0.1749
vn 0.9749 -0.1366 0.1755
vn 0.9750 -0.1366 -0.1755
vn 0.9750 -0.1366 0.1755
vn 0.6496 -0.1376 -0.7477
vn 0.9818 -0.0701 -0.1767
vn 0.9818 -0.0701 0.1767
vn 0.9839 -0.0219 0.1771
vn 0.6572 -0.0924 0.7480
vn 0.9839 -0.0219 -0.1771
vn 0.9818 -0.0700 0.1768
vn 0.9792 -0.0026 -0.2027
vn 0.9840 -0.0219 -0.1771
vn 0.9839 -0.0219 -0.1772
vn 0.9818 -0.0701 -0.1768
vn 1.0000 -0.0026 -0.0000
vn 0.9046 -0.0024 -0.4262
vn 0.3489 -0.0009 -0.9371
vn 0.9046 -0.0024 0.4262
vn 0.9046 -0.0023 0.4262
vn 0.9933 -0.0026 0.1153
vn 0.9857 -0.0218 0.1672
vn 0.7010 -0.0018 0.7131
vn 1.0000 -0.0026 -0.0001
vn 0.9933 -0.0026 -0.1153
vn 0.9998 -0.0219 -0.0000
vn 1.0000 -0.0024 -0.0000
vn 0.9857 -0.0218 -0.1673
vn 0.7011 -0.0018 -0.7131
vn 0.9857 -0.0218 -0.1672
vn 0.9998 -0.0222 -0.0000
vn 0.9833 -0.0702 -0.1681
vn 0.9975 -0.0701 -0.0000
vn 0.9905 -0.1378 -0.0000
vn 0.6880 -0.0472 -0.7242
vn 0.6818 -0.0927 -0.7256
vn 0.6973 -0.1476 0.7014
vn 0.9764 -0.1368 0.1671
vn 0.7014 -0.1026 0.7054
vn 0.9764 -0.1368 0.1670
vn 0.9832 -0.0702 0.1682
vn 0.9975 -0.0700 -0.0000
vn 0.9833 -0.0702 0.1681
vn 0.9998 -0.0218 -0.0000
vn 0.7088 -0.0202 0.7051
vn 0.9857 -0.0218 0.1673
vn 0.7081 -0.0476 0.7045
vn 0.7010 -0.0019 0.7131
vn 1.0000 -0.0028 0.0001
vn 0.3640 -0.0098 -0.9314
vn 0.6887 -0.0200 -0.7248
vn 0.3640 -0.0097 -0.9314
vn 0.6772 0.2418 -0.6949
vn 0.6772 0.2419 -0.6949
vn 0.3640 -0.0097 -0.9313
vn 0.6063 0.2223 0.7635
vn 0.6168 0.4161 0.6682
vn 0.6887 -0.0200 0.7248
vn 0.6772 0.2418 0.6949
vn 0.3640 -0.0097 0.9314
vn 0.6880 -0.0472 0.7242
vn 0.3638 -0.0273 0.9311
vn 0.6818 -0.0928 0.7256
vn 0.3272 0.0428 0.9440
vn 0.9490 -0.3153 -0.0000
vn 0.9490 -0.3152 -0.0000
vn 0.9491 -0.3151 0.0001
vn 0.9489 -0.3155 -0.0001
vn 0.9490 -0.3154 -0.0000
vn 0.3998 0.2178 -0.8903
vn 0.3272 0.0427 0.9440
vn 0.6772 0.2419 0.6949
vn 0.3998 0.2177 0.8903
vn 0.9634 -0.2029 -0.1749
vn 0.9494 -0.2605 -0.1753
vn 0.3486 -0.1233 0.9291
vn 0.6548 -0.2276 0.7207
vn 0.3490 -0.1146 0.9301
vn 0.3489 -0.1146 0.9301
vn 0.6603 -0.2180 0.7187
vn 0.3559 -0.0971 0.9295
vn 0.6692 -0.1824 0.7204
vn 0.3565 -0.0797 0.9309
vn 0.6733 -0.1471 0.7246
vn 0.3634 -0.0534 0.9301
vn 0.6693 -0.1824 0.7203
vn 0.7010 -0.0018 -0.7131
vn 0.3634 -0.0535 0.9301
vn 0.3638 -0.0272 0.9311
vn 0.3486 -0.1232 -0.9291
vn 0.3489 -0.1147 -0.9301
vn 0.6548 -0.2277 -0.7207
vn 0.6603 -0.2180 -0.7187
vn 0.3565 -0.0797 -0.9309
vn 0.6692 -0.1824 -0.7203
vn 0.6733 -0.1471 -0.7246
vn 0.6818 -0.0928 -0.7256
vn 0.3634 -0.0534 -0.9301
vn 0.9999 -0.0123 -0.0000
vn 0.6602 -0.0018 0.7511
vn 0.6602 -0.0017 0.7511
vn 0.6602 -0.0015 0.7511
vn 0.9453 -0.3261 -0.0000
vn 0.5341 -0.7533 -0.3838
vn 0.7561 -0.4211 -0.5011
vn 0.5341 -0.7533 0.3838
vn 0.7561 -0.4210 0.5011
vn 0.2358 -0.7090 0.6646
vn 0.5185 -0.2934 -0.8032
vn 0.5185 -0.2934 0.8032
vn 0.7561 -0.4211 0.5011
vn 0.6879 0.4823 -0.5423
vn 0.8020 0.5710 -0.1751
vn 0.6910 0.4845 -0.5365
vn 0.8021 0.5710 0.1751
vn 0.8020 0.5710 0.1751
vn 0.6910 0.4845 0.5365
vn 0.6879 0.4823 0.5423
vn 0.8020 0.5710 0.1752
vn -0.1937 -0.8741 0.4454
vn -0.1248 -0.5630 0.8170
vn -0.1944 -0.8613 0.4695
vn -0.1248 -0.5133 0.8491
vn -0.1117 -0.4658 0.8778
vn -0.1936 -0.8499 0.4900
vn -0.1112 -0.4886 0.8654
vn -0.1183 -0.4978 0.8592
vn -0.1944 -0.8530 0.4843
vn -0.1943 -0.8530 0.4843
vn -0.0278 0.0687 0.9973
vn -0.0256 0.6255 0.7798
vn -0.0254 0.6564 0.7540
vn 0.0078 0.3418 0.9397
vn -0.0000 -0.0000 1.0000
vn 0.0493 0.0860 0.9951
vn 0.0015 0.5845 0.8114
vn 0.3493 0.5030 0.7906
vn 0.0015 0.5754 0.8179
vn 0.0008 0.3241 0.9460
vn 0.3477 0.5855 0.7323
vn 0.0944 0.8796 0.4662
vn 0.3492 0.5029 0.7906
vn -0.1638 0.5239 0.8359
vn 0.0079 0.3418 0.9398
vn 0.0494 0.0860 0.9951
vn 0.0002 0.0686 0.9976
vn 0.0079 0.3417 0.9398
vn 0.0078 0.3417 0.9398
vn 0.3492 0.5030 0.7906
vn -0.1218 0.5296 0.8394
vn -0.1151 0.5301 0.8401
vn -0.1559 0.8742 0.4599
vn -0.1637 0.5239 0.8359
vn -0.1218 0.5297 0.8394
vn 0.0078 0.3641 0.9313
vn -0.0462 0.5599 0.8272
vn 0.0009 0.3393 0.9407
vn 0.1752 0.2566 0.9505
vn 0.0015 0.5753 0.8179
vn 0.0009 0.3392 0.9407
vn 0.2116 0.0601 0.9755
vn 0.0631 0.5382 0.8404
vn 0.1752 0.2567 0.9505
vn 0.0148 0.3492 0.9369
vn 0.0631 0.5382 0.8405
vn 0.2117 0.0600 0.9755
vn 0.1753 0.2566 0.9505
vn 0.0018 0.6984 0.7157
vn 0.6802 -0.2197 0.6993
vn 0.6774 -0.2369 0.6965
vn 0.1828 -0.0609 0.9813
vn 0.6880 -0.1926 0.6997
vn 0.1827 -0.0609 0.9813
vn 0.2459 -0.0870 0.9654
vn 0.0774 0.0515 0.9957
vn 0.1326 -0.0432 0.9902
vn 0.1828 -0.0523 0.9818
vn 0.1327 -0.0432 0.9902
vn 0.5830 -0.1984 0.7878
vn 0.1338 -0.0349 0.9904
vn -0.1463 0.2667 0.9526
vn -0.1463 0.2666 0.9526
vn -0.1895 0.0608 0.9800
vn -0.0462 0.5600 0.8272
vn -0.1462 0.2667 0.9526
vn 0.0009 0.3241 0.9460
vn -0.0057 0.4658 0.8849
vn -0.0063 0.2473 0.9689
vn -0.2919 0.3774 0.8788
vn 0.1337 -0.0349 0.9904
vn 0.6415 -0.1737 0.7472
vn 0.1338 -0.0263 0.9907
vn 0.1829 -0.0437 0.9822
vn 0.1408 -0.0090 0.9900
vn 0.6573 -0.0923 0.7480
vn 0.1408 -0.0004 0.9900
vn 0.1407 -0.0090 0.9900
vn 0.1900 -0.0091 0.9817
vn 0.1407 -0.0176 0.9899
vn 0.1900 -0.0005 0.9818
vn 0.1831 -0.0264 0.9827
vn -0.9046 0.0023 0.4262
vn -0.9046 0.0024 0.4263
vn -0.3489 0.0009 0.9372
vn 0.3489 -0.0009 0.9372
vn 0.9046 -0.0024 0.4263
vn 0.0839 0.2974 0.9510
vn 0.0079 0.3640 0.9314
vn 0.0840 0.2974 0.9511
vn 0.0079 0.3641 0.9313
vn 0.0493 0.5690 0.8209
vn 0.1829 -0.0523 0.9817
vn -0.1109 0.2398 0.9645
vn -0.0063 0.2472 0.9689
vn -0.1959 0.1467 0.9696
vn -0.2920 0.3774 0.8788
vn -0.1109 0.2399 0.9645
vn 0.6167 0.4161 0.6682
vn 0.6063 0.2223 0.7636
vn 0.3417 0.2606 0.9030
vn 0.3492 0.5029 0.7907
vn 0.1051 -0.0347 0.9939
vn -0.2032 0.0521 0.9778
vn -0.1535 0.2583 0.9538
vn -0.1535 0.2584 0.9538
vn -0.0464 0.5448 0.8373
vn 0.2460 -0.0870 0.9654
vn 0.6766 -0.2396 0.6963
vn -0.5113 0.4556 0.7287
vn -0.1596 0.2740 0.9484
vn -0.4951 0.2482 0.8326
vn -0.1595 0.2741 0.9484
vn -0.5113 0.4555 0.7287
vn 0.0070 -0.0000 1.0000
vn 0.2245 -0.0780 0.9713
vn 0.2244 -0.0781 0.9714
vn 0.2261 -0.0787 0.9709
vn 0.4829 -0.0013 0.8757
vn 0.0070 -0.0001 1.0000
vn 0.3123 -0.0008 0.9500
vn 0.0975 0.5306 0.8420
vn 0.3416 0.2606 0.9030
vn 0.0981 0.2814 0.9546
vn 0.2833 -0.0703 0.9565
vn 0.2449 -0.2417 0.9389
vn 0.4588 -0.0453 0.8874
vn 0.4588 -0.0452 0.8874
vn 0.2832 -0.0703 0.9565
vn -0.2180 0.0610 0.9740
vn -0.0003 0.0001 1.0000
vn -0.2183 0.0438 0.9749
vn 0.3485 -0.1232 0.9292
vn 0.3564 -0.0797 0.9309
vn -0.2184 0.0352 0.9752
vn -0.2252 0.0178 0.9742
vn -0.2253 0.0006 0.9743
vn -0.2254 0.0006 0.9743
vn 0.1682 -0.0004 0.9857
vn 0.1408 -0.0003 0.9900
vn 0.0002 0.0941 0.9956
vn -0.0000 -0.0001 1.0000
vn 0.2116 0.0600 0.9755
vn 0.0003 0.0941 0.9956
vn 0.0002 0.0856 0.9963
vn 0.0001 -0.0001 1.0000
vn -0.1895 0.0609 0.9800
vn 0.7010 -0.0018 0.7132
vn 0.7088 -0.0201 0.7051
vn 0.1833 -0.0005 0.9831
vn -0.1151 0.5300 0.8402
vn -0.1244 0.2733 0.9539
vn -0.1173 0.2813 0.9524
vn -0.1218 0.5296 0.8395
vn 0.6496 -0.1376 0.7478
vn 0.1408 -0.0177 0.9899
vn -0.1172 0.2813 0.9524
vn -0.3186 0.0008 0.9479
vn -0.5293 0.0103 0.8484
vn -0.3122 0.0182 0.9498
vn -0.3986 -0.1560 0.9038
vn 0.6572 -0.0923 0.7480
vn 0.1830 -0.0264 0.9828
vn 0.1899 -0.0092 0.9818
vn 0.1337 -0.0263 0.9907
vn 0.7081 -0.0477 0.7045
vn 0.1830 -0.0437 0.9821
vn -0.1764 -0.0342 0.9837
vn -0.3985 -0.1560 0.9038
vn -0.3985 -0.1561 0.9038
vn -0.2462 -0.2404 0.9389
vn -0.2031 0.0522 0.9778
vn 0.3633 -0.0534 0.9301
vn 0.1886 -0.1637 0.9683
vn 0.2449 -0.2416 0.9390
vn 0.0063 -0.2552 0.9669
vn 0.0195 -0.4393 0.8981
vn 0.2404 -0.0180 0.9705
vn 0.2537 -0.0093 0.9672
vn -0.0070 -0.0000 1.0000
vn 0.2403 -0.0353 0.9701
vn 0.2402 -0.0353 0.9701
vn -0.0070 0.0001 1.0000
vn -0.2181 0.0611 0.9740
vn -0.2180 0.0696 0.9735
vn 0.2332 -0.0614 0.9705
vn 0.2333 -0.0527 0.9710
vn 0.2402 -0.0354 0.9701
vn -0.0140 -0.0000 0.9999
vn 0.0140 -0.0000 0.9999
vn -0.2253 -0.0080 0.9743
vn -0.0285 -0.3139 0.9490
vn 0.0269 -0.3064 0.9515
vn 0.1034 -0.3676 0.9242
vn -0.1049 -0.3571 0.9281
vn 0.2448 -0.2416 0.9390
vn 0.2471 -0.0006 0.9690
vn 0.1244 -0.2732 0.9539
vn 0.1885 -0.1636 0.9683
vn -0.0001 -0.0000 1.0000
vn 0.1244 -0.2733 0.9539
vn 0.1035 -0.3677 0.9242
vn 0.0270 -0.3064 0.9515
vn 0.2472 -0.0006 0.9690
vn -0.2463 -0.2664 0.9319
vn -0.1049 -0.3570 0.9282
vn -0.2900 -0.0687 0.9546
vn 0.2623 -0.0006 0.9650
vn -0.2688 0.0007 0.9632
vn 0.2623 -0.0007 0.9650
vn 0.2536 -0.0093 0.9673
vn 0.2470 -0.0007 0.9690
vn 0.2403 -0.0180 0.9705
vn 0.1885 -0.1636 0.9684
vn 0.0839 0.2974 0.9511
vn 0.0002 0.0685 0.9976
vn 0.0210 -0.0001 0.9998
vn -0.5120 0.1076 0.8522
vn -0.0489 0.0087 0.9988
vn -0.5043 0.1429 0.8516
vn -0.5137 0.0724 0.8549
vn -0.0489 0.0001 0.9988
vn -0.3113 0.0703 0.9477
vn -0.3109 0.0876 0.9464
vn -0.2762 0.0877 0.9571
vn -0.3108 0.0876 0.9464
vn -0.2763 0.0877 0.9571
vn -0.0001 0.0001 1.0000
vn -0.0000 0.0001 1.0000
vn 0.3639 -0.0097 0.9314
vn -0.0140 0.0001 0.9999
vn -0.1192 -0.2309 0.9656
vn -0.2819 0.0007 0.9594
vn -0.1013 0.4959 0.8625
vn -0.1014 0.4959 0.8624
vn -0.0255 0.6256 0.7798
vn 0.0002 -0.0000 1.0000
vn 0.0003 -0.0001 1.0000
vn 0.2332 -0.0613 0.9705
vn -0.2044 0.0698 0.9764
vn -0.2046 0.0612 0.9769
vn 0.0280 -0.0086 0.9996
vn -0.2045 0.0698 0.9764
vn 0.0279 -0.0087 0.9996
vn 0.2467 -0.0526 0.9677
vn 0.2535 -0.0353 0.9667
vn 0.0280 -0.0087 0.9996
vn 0.2464 -0.0698 0.9667
vn 0.0350 -0.0087 0.9994
vn 0.0340 -0.0130 0.9993
vn 0.0349 -0.0087 0.9994
vn 0.0279 -0.0086 0.9996
vn 0.2393 -0.0871 0.9670
vn 0.2462 -0.0784 0.9661
vn -0.0002 -0.0000 1.0000
vn 0.2463 -0.0698 0.9667
vn 0.2461 -0.0784 0.9661
vn 0.2466 -0.0525 0.9677
vn -0.3118 0.0443 0.9491
vn -0.3121 0.0182 0.9499
vn -0.5201 0.0369 0.8533
vn -0.5200 0.0368 0.8534
vn -0.0490 0.0001 0.9988
vn -0.5136 0.0724 0.8549
vn -0.5201 0.0368 0.8533
vn -0.3122 0.0182 0.9499
vn 0.0001 -0.0000 1.0000
vn 0.0001 0.0001 1.0000
vn 0.0494 0.0861 0.9951
vn -0.2915 0.6620 0.6904
vn 0.2536 -0.0179 0.9671
vn 0.2534 -0.0352 0.9667
vn 0.2466 -0.0526 0.9677
vn 0.0280 -0.0001 0.9996
vn 0.2537 -0.0180 0.9671
vn -0.2116 0.0439 0.9764
vn -0.2045 0.0612 0.9769
vn -0.2117 0.0266 0.9770
vn 0.2536 -0.0180 0.9671
vn 0.3122 -0.0008 0.9500
vn 0.0002 -0.0001 1.0000
vn 0.0002 0.0855 0.9963
vn -0.0277 0.0686 0.9973
vn -0.0255 0.6256 0.7797
vn -0.1763 -0.0341 0.9837
vn -0.1267 -0.0773 0.9889
vn -0.1336 0.0522 0.9897
vn 0.1405 -0.0521 0.9887
vn 0.2825 -0.0962 0.9544
vn -0.2118 0.0179 0.9771
vn -0.2118 0.0179 0.9772
vn 0.0350 -0.0001 0.9994
vn 0.0210 -0.0000 0.9998
vn -0.4210 0.0011 0.9071
vn -0.2253 -0.0080 0.9742
vn -0.3922 0.1500 0.9076
vn 0.1404 -0.0521 0.9887
vn -0.1335 0.0521 0.9897
vn -0.1336 0.0521 0.9897
vn -0.4736 0.1686 0.8645
vn -0.4735 0.1687 0.8645
vn -0.4798 0.1596 0.8628
vn -0.0350 0.0087 0.9994
vn 0.4769 -0.0367 0.8782
vn -0.0489 0.0002 0.9988
vn 0.4828 -0.0101 0.8757
vn -0.0489 0.0003 0.9988
vn 0.4759 -0.0721 0.8765
vn 0.4692 -0.0987 0.8776
vn 0.4770 -0.0367 0.8782
vn 0.3186 -0.0182 0.9477
vn 0.4760 -0.0720 0.8765
vn 0.3274 -0.0096 0.9448
vn -0.0489 0.0172 0.9987
vn 0.3274 -0.0096 0.9449
vn 0.3185 -0.0182 0.9477
vn 0.3207 -0.0446 0.9461
vn 0.4760 -0.0721 0.8765
vn 0.4692 -0.0987 0.8775
vn 0.3206 -0.0446 0.9462
vn 0.3176 -0.0701 0.9456
vn 0.3177 -0.0702 0.9456
vn 0.4678 -0.1250 0.8749
vn 0.4677 -0.1250 0.8750
vn -0.0489 0.0173 0.9987
vn 0.4692 -0.0988 0.8776
vn -0.0419 0.0173 0.9990
vn -0.0350 0.0086 0.9994
vn -0.2763 0.0878 0.9571
vn -0.4736 0.1687 0.8645
vn 0.0005 0.1886 0.9821
vn 0.3930 0.1480 0.9075
vn -0.0056 0.4658 0.8849
vn 0.1682 -0.0004 0.9858
vn -0.2261 -0.1639 0.9602
vn -0.2253 -0.0081 0.9743
vn -0.2254 -0.0080 0.9742
vn -0.4444 -0.0428 0.8948
vn -0.4537 0.0012 0.8912
vn 0.3198 -0.0794 0.9441
vn 0.3199 -0.0794 0.9441
vn 0.4521 -0.1422 0.8806
vn 0.4450 -0.1599 0.8811
vn 0.2826 -0.0962 0.9544
vn 0.1405 -0.0522 0.9887
vn 0.3176 -0.0702 0.9456
vn 0.3198 -0.0794 0.9442
vn -0.2179 0.0696 0.9735
vn -0.2178 0.0782 0.9729
vn 0.0060 -0.0043 1.0000
vn 0.2262 -0.0787 0.9709
vn 0.2245 -0.0781 0.9713
vn 0.6973 -0.1475 0.7014
vn 0.7013 -0.1026 0.7054
vn 0.1474 -0.1213 0.9816
vn 0.0833 -0.1715 0.9816
vn 0.0833 -0.1715 0.9817
vn 0.1965 -0.0436 0.9795
vn 0.4060 -0.1673 0.8984
vn 0.1475 -0.1213 0.9816
vn -0.2820 0.0007 0.9594
vn -0.2819 0.0008 0.9594
vn 0.1832 -0.0005 0.9831
vn -0.0349 0.0087 0.9994
vn 0.4451 -0.1599 0.8811
vn 0.1619 0.1117 0.9805
vn 0.0349 -0.0001 0.9994
vn -0.4537 0.0012 0.8911
vn -0.2689 0.0007 0.9632
vn -0.4444 -0.0429 0.8948
vn -0.2262 -0.1639 0.9602
vn -0.2901 -0.0687 0.9545
vn -0.6644 0.0018 0.7474
vn -0.6644 0.0016 0.7474
vn 0.6602 -0.0016 0.7510
vn -0.6644 0.0017 0.7474
vn 0.6602 -0.0018 0.7510
vn 0.6602 -0.0017 0.7510
vn -0.1534 0.2584 0.9538
vn -0.0463 0.5448 0.8373
vn 0.1885 -0.1637 0.9683
vn -0.2250 0.0438 0.9734
vn -0.3187 0.0008 0.9479
vn -0.3923 0.1500 0.9075
vn -0.1958 0.1467 0.9696
vn 0.4520 -0.1422 0.8806
vn -0.0000 0.0002 1.0000
vn -0.0912 -0.1627 0.9825
vn 0.0065 -0.1885 0.9820
vn 0.0065 -0.1886 0.9820
vn -0.0912 -0.1627 0.9824
vn -0.1268 -0.0774 0.9889
vn -0.0913 -0.1627 0.9824
vn -0.2461 -0.2404 0.9390
vn -0.1268 -0.0773 0.9889
vn -0.2461 -0.2403 0.9390
vn 0.0833 -0.1716 0.9816
vn 0.2291 -0.3256 0.9173
vn -0.0001 0.0002 1.0000
vn 0.0195 -0.4392 0.8982
vn 0.1622 0.0946 0.9822
vn 0.2958 0.3181 0.9007
vn 0.2185 0.0427 0.9749
vn 0.1622 0.0947 0.9822
vn 0.1119 0.2132 0.9706
vn -0.0057 0.4657 0.8849
vn -0.2464 -0.2664 0.9318
vn 0.0062 -0.2552 0.9669
vn 0.0195 -0.4393 0.8982
vn 0.1119 0.2131 0.9706
vn -0.0001 -0.0001 1.0000
vn 0.2958 0.3182 0.9007
vn 0.3930 0.1479 0.9076
vn -0.1193 -0.2309 0.9656
vn -0.1050 -0.3571 0.9281
vn 0.4829 -0.0101 0.8756
vn -0.0149 -0.4323 0.9016
vn -0.0418 0.0430 0.9982
vn -0.0489 0.0258 0.9985
vn -0.0150 -0.4324 0.9016
vn -0.0139 0.0515 0.9986
vn -0.0149 -0.4324 0.9016
vn 0.1592 -0.7501 0.6419
vn 0.0221 0.6733 0.7391
vn 0.0087 0.8071 0.5904
vn -0.0070 -0.0086 0.9999
vn -0.0070 -0.0172 0.9998
vn -0.0000 0.0086 1.0000
vn 0.0560 -0.0002 0.9984
vn 0.4683 -0.0012 0.8836
vn 0.4684 -0.0012 0.8835
vn 0.3187 -0.0009 0.9479
vn 0.3931 0.1479 0.9075
vn 0.0559 -0.0001 0.9984
vn 0.0005 0.1885 0.9821
vn -0.4209 0.0011 0.9071
vn -0.3923 0.1499 0.9075
vn -0.2464 -0.2665 0.9318
vn -0.2249 0.0437 0.9734
vn -0.1109 0.2397 0.9645
vn -0.0063 0.2472 0.9690
vn -0.2249 0.0438 0.9734
vn 0.3186 0.0017 0.9479
vn 0.3186 -0.0008 0.9479
vn 0.0768 -0.0002 0.9970
vn 0.1811 -0.6820 0.7085
vn 0.2359 -0.7090 0.6646
vn 0.3930 0.1479 0.9075
vn 0.2185 0.0426 0.9749
vn 0.3187 -0.0008 0.9479
vn 0.0001 0.0343 0.9994
vn -0.0000 0.0173 0.9999
vn -0.0006 -0.2472 0.9690
vn -0.0003 -0.1033 0.9946
vn -0.0016 -0.6307 0.7760
vn -0.0018 -0.6942 0.7198
vn -0.0983 0.0003 0.9952
vn 0.0208 -0.0001 0.9998
vn -0.1052 0.0003 0.9944
vn -0.4358 0.0011 0.9001
vn -0.4358 0.0011 0.9000
vn -0.8406 0.0022 0.5417
vn -0.8304 0.0022 0.5571
vn 0.4060 -0.1674 0.8984
vn 0.2292 -0.3256 0.9173
vn -0.5785 0.0015 0.8156
vn -0.5785 0.0015 0.8157
vn 0.0767 -0.0002 0.9971
vn -0.0138 0.0515 0.9986
vn 0.1591 -0.7501 0.6419
vn 0.6910 0.4844 0.5366
vn 0.6879 0.4823 0.5424
vn 0.4564 0.3133 0.8328
vn 0.4507 0.3143 0.8355
vn 0.1620 0.1117 0.9805
vn -0.2302 -0.9731 -0.0000
vn -0.2302 -0.9732 -0.0000
vn -0.2303 -0.9731 -0.0000
vn -0.2304 -0.9731 -0.0001
vn -0.2305 -0.9731 0.0001
vn -0.2302 -0.9731 0.0001
vn 0.0683 -0.9977 -0.0000
vn 0.4434 -0.8963 -0.0000
vn 0.4205 -0.9073 -0.0000
vn 0.4118 -0.9113 -0.0000
vn 0.4119 -0.9112 -0.0000
vn 0.4401 -0.8979 -0.0000
vn 0.4401 -0.8980 -0.0000
vn -0.2161 -0.9764 -0.0000
vn -0.2162 -0.9764 -0.0000
vn -0.2301 -0.9732 -0.0000
vn -0.2303 -0.9731 0.0001
vn -0.2304 -0.9731 -0.0000
vn -0.1943 -0.8613 0.4695
vn -0.1936 -0.8741 0.4454
vn -0.1835 -0.9830 -0.0000
vn 0.3348 -0.9423 -0.0074
vn 0.3205 -0.9472 -0.0000
vn 0.3264 -0.9452 -0.0000
vn 0.3348 -0.9423 -0.0000
vn 0.3920 -0.9199 -0.0075
vn 0.3464 -0.9380 -0.0074
vn 0.3347 -0.9421 -0.0223
vn 0.3348 -0.9423 0.0074
vn 0.3464 -0.9380 0.0074
vn 0.3347 -0.9421 0.0223
vn -0.0026 -1.0000 0.0072
vn -0.0026 -1.0000 -0.0072
vn -0.0026 -1.0000 -0.0000
vn -0.0016 -0.6308 0.7760
vn -0.0022 -0.6943 0.7197
vn -0.0023 -0.8901 0.4557
vn -0.0024 -0.9118 0.4106
vn -0.0025 -0.9610 0.2766
vn -0.0016 -0.6308 -0.7760
vn -0.0023 -0.8901 -0.4557
vn -0.0018 -0.6943 -0.7197
vn -0.0024 -0.9118 -0.4106
vn -0.0025 -0.9629 -0.2699
vn -0.0025 -0.9635 -0.2678
vn -0.0027 -1.0000 -0.0000
vn 0.1722 -0.9851 -0.0000
vn 0.1722 -0.9851 -0.0001
vn 0.1721 -0.9851 -0.0000
vn -0.0150 -0.4324 0.9015
vn -0.0090 -1.0000 -0.0000
vn -0.0149 -0.4324 0.9015
vn 0.1592 -0.7501 -0.6419
vn -0.0149 -0.4324 -0.9015
vn -0.0150 -0.4324 -0.9015
vn 0.5341 -0.7532 0.3838
vn 0.1810 -0.6820 0.7086
vn 0.1721 -0.9851 0.0021
vn 0.5342 -0.7533 -0.3838
vn 0.1721 -0.9851 -0.0021
vn 0.1811 -0.6820 -0.7086
vn -0.0026 -0.9635 0.2679
vn -0.0029 -0.9118 0.4106
vn -0.4855 0.8742 -0.0000
vn -0.8758 0.4291 0.2211
vn -0.4871 0.7707 0.4107
vn -0.8758 0.4291 -0.2212
vn -0.4872 0.7707 -0.4108
vn -0.8758 0.4291 -0.2211
vn -0.9289 0.3702 -0.0000
vn -0.9542 0.2979 -0.0262
vn -0.9929 0.1187 -0.0089
vn -0.9605 0.2784 -0.0000
vn -0.9360 0.3511 0.0259
vn -0.9903 0.1377 0.0177
vn -0.5691 0.7536 -0.3291
vn -0.4872 0.7707 0.4108
vn -0.8683 0.2174 -0.4458
vn -0.7098 0.6988 -0.0889
vn -0.7098 0.6988 0.0890
vn -0.8683 0.2174 -0.4459
vn -0.8758 0.4290 -0.2211
vn -0.9998 0.0220 -0.0000
vn -0.9975 0.0701 -0.0000
vn -0.9998 0.0219 -0.0000
vn -0.9916 0.1281 0.0177
vn -0.9905 0.1377 -0.0000
vn -0.9769 0.2136 -0.0000
vn -0.9654 0.2607 -0.0000
vn -0.9490 0.3152 -0.0000
vn -0.9424 0.3345 -0.0000
vn -0.9424 0.3346 -0.0000
vn -0.8683 0.2174 0.4459
vn -0.9916 0.1282 0.0177
vn -0.9359 0.3512 0.0259
vn -0.9914 0.1282 -0.0266
vn -0.9929 0.1186 -0.0089
vn -0.3489 0.0009 -0.9371
vn -0.9046 0.0024 -0.4262
vn -0.9046 0.0024 0.4262
vn -0.4952 0.2482 -0.8326
vn -0.4952 0.2482 0.8326
vn -0.8683 0.2174 0.4458
vn -0.8758 0.4290 0.2211
vn -0.9490 0.3152 -0.0087
vn -0.9490 0.3153 -0.0087
vn -0.9490 0.3153 0.0087
vn -0.9490 0.3152 0.0087
vn -0.9490 0.3152 0.0086
vn -0.6643 0.0018 0.7474
vn -0.6643 0.0017 0.7474
vn -0.6643 0.0017 -0.7474
vn -0.6643 0.0018 -0.7474
vn -0.8406 0.0022 -0.5416
vn -0.8305 0.0022 -0.5571
vn -0.9597 0.0025 -0.2809
vn -0.9516 0.0025 -0.3072
vn -0.8406 0.0022 0.5416
vn -0.9621 0.0025 0.2728
vn -0.8305 0.0022 0.5571
vn -0.9517 0.0025 0.3072
vn -1.0000 -0.0071 -0.0000
vn -1.0000 -0.0070 -0.0000
vn -1.0000 0.0026 -0.0000
vt 38.004002 -7.079880
vt 37.997299 -7.081810
vt 38.004200 -7.080680
vt 37.997501 -7.082510
vt 38.032299 -7.071730
vt 38.029499 -7.072520
vt 38.032600 -7.072650
vt 38.028099 -7.072930
vt 38.028400 -7.073780
vt 38.016998 -6.920160
vt 38.015999 -6.920160
vt 38.017101 -6.920720
vt 38.001499 -6.919370
vt 37.989700 -6.919350
vt 37.998501 -6.920120
vt 37.990002 -6.918860
vt 38.011398 -6.918900
vt 37.985100 -6.916740
vt 37.972599 -6.916790
vt 37.983002 -6.917270
vt 37.989300 -6.918260
vt 37.988300 -6.917240
vt 37.988998 -6.918480
vt 37.987900 -6.917230
vt 37.974899 -6.924680
vt 37.970600 -6.925190
vt 37.974899 -6.926610
vt 37.970600 -6.924150
vt 37.969601 -6.924730
vt 38.007801 -6.925260
vt 38.006599 -6.924820
vt 38.007801 -6.925830
vt 37.970501 -6.917320
vt 37.966801 -6.917260
vt 37.969799 -6.918530
vt 37.986099 -6.917300
vt 37.987701 -6.920050
vt 37.985100 -6.917330
vt 37.984001 -6.917260
vt 37.994400 -6.926610
vt 38.000702 -6.926610
vt 37.994400 -6.924680
vt 37.976398 -7.042740
vt 37.972500 -7.026730
vt 37.975899 -7.042870
vt 37.988201 -7.084420
vt 37.983501 -6.918470
vt 37.983200 -6.919880
vt 37.973499 -6.917320
vt 37.972599 -6.917340
vt 37.973900 -6.918460
vt 37.974201 -6.919840
vt 37.966801 -6.918500
vt 37.967201 -6.919920
vt 37.969601 -6.925530
vt 37.970600 -6.926610
vt 37.969601 -6.926610
vt 37.972000 -6.917750
vt 37.971500 -6.919100
vt 37.969398 -7.027370
vt 37.973400 -7.043550
vt 37.970001 -7.027260
vt 37.966999 -7.012090
vt 37.973900 -7.043410
vt 37.972000 -7.026830
vt 37.969002 -7.011770
vt 38.012798 -6.926540
vt 38.012798 -6.928310
vt 38.014702 -6.926540
vt 38.014702 -6.928310
vt 37.986900 -6.918490
vt 37.971500 -6.917330
vt 38.006599 -6.925580
vt 38.007801 -6.926610
vt 37.986698 -6.919930
vt 38.003700 -6.920650
vt 38.001499 -6.919840
vt 38.003300 -6.922340
vt 38.006599 -6.926610
vt 38.005001 -6.921950
vt 37.971100 -6.918530
vt 38.000702 -6.925580
vt 38.001499 -6.921820
vt 38.003399 -6.924240
vt 37.984699 -7.081970
vt 37.984200 -7.081770
vt 37.987701 -7.084550
vt 37.984299 -7.040590
vt 37.980499 -7.025040
vt 37.982700 -7.041020
vt 37.996101 -7.082140
vt 37.981602 -7.024800
vt 37.978901 -7.010220
vt 37.977600 -7.010410
vt 37.978901 -7.025380
vt 37.976002 -7.010670
vt 38.001598 -6.924460
vt 37.994499 -7.082600
vt 37.969501 -7.011700
vt 37.972500 -6.967300
vt 37.966499 -7.012180
vt 37.964401 -6.998230
vt 37.965000 -6.998180
vt 37.963902 -6.983910
vt 37.966999 -6.997970
vt 37.965900 -6.983780
vt 37.967499 -6.997920
vt 37.966400 -6.983750
vt 37.963200 -6.925500
vt 37.962799 -6.925520
vt 37.963402 -6.967310
vt 37.963299 -6.983950
vt 37.965401 -6.967310
vt 37.965900 -6.967310
vt 37.965900 -6.919680
vt 37.965302 -6.919730
vt 37.998402 -6.967280
vt 37.999001 -6.924430
vt 37.997299 -6.967290
vt 37.997799 -6.981650
vt 38.001801 -6.981380
vt 38.001301 -6.967280
vt 37.998901 -6.981580
vt 37.997002 -6.924440
vt 37.999401 -6.922610
vt 38.001499 -6.922060
vt 37.977200 -7.025730
vt 37.981098 -7.041470
vt 37.992901 -7.083070
vt 37.991100 -7.083580
vt 37.979500 -7.041910
vt 37.989498 -7.084050
vt 37.975601 -7.026080
vt 37.977699 -7.042390
vt 37.974300 -7.010930
vt 37.972301 -6.997420
vt 37.973999 -6.997240
vt 37.975700 -6.997070
vt 37.974602 -6.983200
vt 37.976898 -6.996950
vt 37.975700 -6.983120
vt 37.982399 -6.982680
vt 37.973000 -6.983310
vt 37.971298 -6.983420
vt 37.970699 -6.997580
vt 37.969700 -6.983530
vt 37.972698 -7.011190
vt 37.973801 -7.026460
vt 37.970901 -7.011490
vt 37.968800 -6.997780
vt 37.967701 -6.983660
vt 38.001598 -7.020610
vt 37.998901 -7.007030
vt 37.993999 -7.022200
vt 37.997700 -7.036990
vt 37.996399 -7.037320
vt 38.008202 -7.078680
vt 37.994999 -7.037710
vt 37.992802 -7.022460
vt 37.986698 -6.967300
vt 38.013901 -6.920680
vt 38.014000 -6.920110
vt 38.011299 -6.919400
vt 38.009602 -7.078270
vt 38.014801 -7.032350
vt 38.026199 -7.072830
vt 38.018200 -7.075060
vt 38.006699 -7.034530
vt 38.016800 -7.075580
vt 38.017300 -6.992770
vt 38.008499 -6.993680
vt 38.019001 -7.003840
vt 38.016399 -6.980400
vt 38.018398 -6.992690
vt 38.020100 -7.003700
vt 38.017502 -6.980350
vt 38.021500 -7.016410
vt 38.012901 -7.018230
vt 38.024700 -7.029650
vt 38.016701 -7.031820
vt 38.037399 -7.070330
vt 38.025799 -7.029420
vt 38.036400 -7.070560
vt 37.987801 -6.967300
vt 37.988602 -6.982270
vt 37.996201 -6.967290
vt 37.996101 -6.924040
vt 37.987099 -6.982360
vt 37.982201 -6.967300
vt 37.975201 -6.967300
vt 37.981998 -6.919870
vt 37.969101 -6.967310
vt 37.970798 -6.967310
vt 37.970798 -6.919890
vt 37.969299 -6.919890
vt 37.997501 -6.922210
vt 38.007000 -6.967280
vt 38.015999 -6.920680
vt 38.017101 -6.967270
vt 38.015999 -6.967270
vt 38.007599 -6.980990
vt 37.967201 -6.967310
vt 37.985600 -7.040260
vt 37.991901 -7.038550
vt 37.988201 -7.023410
vt 37.985298 -7.009190
vt 37.983299 -6.996280
vt 38.005001 -7.079590
vt 37.993198 -7.038180
vt 37.974400 -6.917310
vt 37.974800 -6.918460
vt 37.975101 -6.919850
vt 37.974098 -6.967300
vt 37.989601 -7.023140
vt 37.986801 -7.008960
vt 37.988602 -7.008680
vt 37.984901 -6.996120
vt 37.986698 -6.995940
vt 37.983799 -6.982580
vt 37.985600 -6.982460
vt 37.988098 -6.995790
vt 37.990002 -7.008440
vt 37.989601 -6.995640
vt 37.991402 -7.008230
vt 37.996300 -6.981750
vt 37.997200 -6.994860
vt 37.996601 -6.922010
vt 37.985199 -6.967300
vt 37.983299 -6.967300
vt 38.006699 -7.079090
vt 37.991299 -7.022760
vt 38.000599 -7.006770
vt 37.998798 -6.994690
vt 37.999802 -6.994580
vt 38.001701 -7.006600
vt 37.982300 -6.918470
vt 38.006500 -6.923470
vt 38.005600 -6.967280
vt 38.006100 -6.981100
vt 38.004501 -6.981200
vt 38.004902 -7.035030
vt 38.003201 -7.020260
vt 38.004299 -7.020040
vt 38.007999 -7.034190
vt 38.019501 -7.074750
vt 38.007099 -7.019430
vt 38.004501 -7.006140
vt 38.010601 -7.033480
vt 38.022099 -7.074080
vt 38.002701 -6.994280
vt 38.007301 -7.005710
vt 38.008801 -7.005470
vt 38.005501 -6.994000
vt 38.009899 -7.018860
vt 38.007000 -6.993840
vt 38.010300 -7.005230
vt 38.024601 -7.073340
vt 38.013100 -7.032810
vt 37.962799 -6.967310
vt 38.011398 -7.018540
vt 38.022598 -7.016230
vt 37.985802 -7.082460
vt 38.004299 -6.920060
vt 38.005798 -6.921620
vt 38.005798 -6.924120
vt 38.003700 -6.924240
vt 37.964001 -6.925480
vt 37.964001 -6.919690
vt 37.985500 -7.083100
vt 37.965698 -6.926540
vt 37.965698 -6.928310
vt 37.967800 -6.926540
vt 37.967800 -6.928310
vt 38.000599 -6.926540
vt 38.000599 -6.928310
vt 38.012299 -6.926540
vt 38.012299 -6.928310
vt 38.004200 -6.967280
vt 37.999001 -6.920650
vt 38.003101 -6.922580
vt 37.999401 -6.922370
vt 38.003799 -6.967280
vt 38.016998 -6.920190
vt 38.016300 -6.920600
vt 38.017200 -6.920650
vt 38.016499 -6.919960
vt 38.014099 -6.920620
vt 37.966900 -6.919670
vt 37.966900 -6.916020
vt 37.966000 -6.919700
vt 37.990299 -6.919400
vt 37.999199 -6.924430
vt 38.011398 -6.919400
vt 37.966000 -6.916180
vt 38.032299 -7.071720
vt 37.997398 -7.082510
vt 38.004002 -7.079870
vt 37.987202 -6.916000
vt 37.986801 -6.915470
vt 37.986401 -6.915450
vt 37.966702 -6.915450
vt 37.990200 -6.918740
vt 37.990501 -6.919400
vt 38.011398 -6.918740
vt 37.974201 -6.945770
vt 37.966900 -6.967090
vt 38.016300 -6.967090
vt 38.014099 -6.919960
vt 37.983299 -6.940090
vt 37.974201 -6.940080
vt 37.966900 -6.919400
vt 37.983299 -6.945770
vt 37.966900 -6.918740
vt 37.998699 -6.967280
vt 37.963600 -6.925500
vt 37.963600 -6.967090
vt 37.964001 -6.967090
vt 37.965401 -6.967090
vt 37.965401 -6.919670
vt 37.966099 -6.919680
vt 37.966099 -6.967090
vt 37.966702 -6.919670
vt 37.966702 -6.967090
vt 37.990101 -6.918740
vt 37.966900 -6.918010
vt 37.989399 -6.918010
vt 37.988602 -6.917160
vt 37.966900 -6.917170
vt 37.963402 -6.925500
vt 37.963402 -6.967090
vt 37.985298 -7.082240
vt 37.985001 -7.082820
vt 37.984901 -7.082080
vt 37.984600 -7.082630
vt 38.007000 -7.017020
vt 38.008701 -7.017010
vt 38.007000 -7.016460
vt 37.991901 -7.017020
vt 37.991901 -7.016460
vt 37.990200 -7.017010
vt 38.008499 -7.014070
vt 38.008499 -7.011410
vt 38.007000 -7.014070
vt 38.008801 -7.013980
vt 38.008801 -7.011390
vt 37.990501 -7.014070
vt 37.991901 -7.014070
vt 37.990501 -7.011410
vt 38.007500 -7.011400
vt 37.991501 -7.011400
vt 38.008202 -7.016250
vt 37.990799 -7.016250
vt 37.990101 -7.011390
vt 37.990101 -7.013980
vt 37.992199 -6.966740
vt 37.994099 -6.966730
vt 37.992802 -6.966040
vt 38.006699 -6.966740
vt 38.006199 -6.966040
vt 38.004799 -6.966730
vt 38.004799 -6.986820
vt 38.006699 -6.987180
vt 38.004799 -6.986450
vt 38.006302 -6.987760
vt 37.992199 -6.986780
vt 37.991402 -6.985110
vt 37.994099 -6.986450
vt 38.003899 -6.962760
vt 38.003101 -6.963430
vt 38.004101 -6.963230
vt 38.003300 -6.963610
vt 38.004101 -6.963980
vt 38.003201 -6.963980
vt 38.004101 -6.965330
vt 38.003300 -6.965390
vt 38.004299 -6.965880
vt 38.003399 -6.966110
vt 38.004002 -6.966660
vt 38.004799 -6.966880
vt 38.004799 -6.966040
vt 38.003399 -6.962590
vt 37.995800 -6.963430
vt 37.995499 -6.962590
vt 37.995098 -6.962760
vt 37.994900 -6.963230
vt 37.995701 -6.963610
vt 37.994900 -6.963980
vt 37.995701 -6.963980
vt 37.994801 -6.965330
vt 37.995701 -6.965390
vt 37.994598 -6.965880
vt 37.995499 -6.966110
vt 37.994999 -6.966660
vt 37.994099 -6.966880
vt 37.994099 -6.966040
vt 37.990101 -7.016040
vt 38.008801 -7.016040
vt 38.007000 -7.016330
vt 37.992001 -7.016330
vt 38.007000 -7.017170
vt 37.991901 -7.017170
vt 38.006699 -6.986780
vt 38.007599 -6.985110
vt 38.007999 -6.986070
vt 38.007900 -6.988300
vt 38.007999 -6.987860
vt 37.990101 -6.989970
vt 37.991299 -6.990050
vt 37.991501 -6.990180
vt 38.007702 -6.990050
vt 38.007401 -6.990180
vt 38.008801 -6.989970
vt 37.994801 -6.970600
vt 37.994301 -6.974920
vt 37.996300 -6.970600
vt 37.996300 -6.969600
vt 37.996300 -7.007780
vt 37.996300 -7.006580
vt 37.995499 -7.007780
vt 37.994099 -6.986820
vt 37.992199 -6.987180
vt 37.992699 -6.987760
vt 37.996300 -6.974920
vt 37.997700 -6.970600
vt 37.996300 -6.994420
vt 37.994301 -6.994420
vt 37.995201 -7.000670
vt 37.997398 -6.969600
vt 37.996300 -7.000670
vt 37.995201 -7.006580
vt 37.997299 -7.000670
vt 37.998199 -6.994420
vt 37.995201 -6.969600
vt 37.997101 -7.007780
vt 37.997299 -7.006580
vt 37.998199 -6.974920
vt 37.991001 -6.966760
vt 37.991299 -6.972570
vt 37.991001 -6.988300
vt 37.991699 -6.988560
vt 38.007198 -6.988560
vt 38.007599 -6.972570
vt 38.007999 -6.966760
vt 38.006901 -7.015200
vt 38.006901 -7.012310
vt 38.004601 -7.012310
vt 38.007401 -7.014720
vt 38.007401 -7.012800
vt 37.993999 -7.012320
vt 38.004601 -7.000620
vt 37.991699 -7.015210
vt 37.991699 -7.012320
vt 37.991199 -7.012800
vt 37.991199 -7.014720
vt 37.993999 -7.000630
vt 38.002602 -6.967870
vt 38.006500 -7.000620
vt 38.006500 -6.967910
vt 37.995998 -6.967810
vt 37.992199 -7.000630
vt 37.992199 -6.967780
vt 38.002602 -6.965800
vt 37.995998 -6.965740
vt 37.991001 -6.987860
vt 37.990898 -6.986070
vt 37.992901 -6.974920
vt 37.992901 -6.994420
vt 37.991199 -6.989430
vt 38.007702 -6.989430
vt 37.990398 -6.989270
vt 38.008499 -6.989270
vt 37.994400 -6.969600
vt 37.993801 -6.970600
vt 37.994499 -7.006580
vt 37.994900 -7.007780
vt 37.994499 -7.000670
vt 37.998100 -6.969600
vt 37.997601 -7.007780
vt 37.998100 -7.006580
vt 37.999599 -6.994420
vt 37.999599 -6.974920
vt 38.007801 -6.974170
vt 38.009899 -6.975740
vt 38.008801 -6.974170
vt 38.008801 -6.983290
vt 38.009899 -6.981760
vt 38.007801 -6.983290
vt 37.994202 -6.966880
vt 38.004700 -6.966880
vt 38.007702 -6.997320
vt 38.007702 -6.966870
vt 37.991299 -6.997320
vt 37.991299 -6.966870
vt 37.992500 -6.998720
vt 37.993500 -7.001330
vt 38.005501 -7.001330
vt 37.992901 -7.003810
vt 37.991299 -7.005640
vt 38.007702 -7.005640
vt 37.991299 -7.016330
vt 38.007702 -7.016330
vt 38.008801 -7.026240
vt 38.008801 -7.018230
vt 38.007500 -7.024590
vt 38.007900 -7.019480
vt 38.006401 -7.022120
vt 37.991402 -7.024590
vt 37.992599 -7.022120
vt 37.991100 -7.019480
vt 37.990101 -7.018230
vt 37.990101 -7.026240
vt 38.005901 -6.916180
vt 38.007198 -6.916610
vt 38.005901 -6.915450
vt 37.995201 -6.916180
vt 37.995201 -6.915450
vt 37.993801 -6.916610
vt 37.996799 -6.925480
vt 37.996799 -6.919690
vt 37.995899 -6.925480
vt 37.995899 -6.919690
vt 38.004299 -6.925480
vt 38.005100 -6.925480
vt 38.004299 -6.919690
vt 38.005100 -6.919690
vt 38.008202 -6.917460
vt 38.007801 -6.916090
vt 37.993301 -6.916090
vt 37.992802 -6.917460
vt 38.008999 -6.917260
vt 37.992001 -6.917260
vt 38.003700 -6.924440
vt 38.004200 -6.925840
vt 38.004799 -6.924730
vt 38.002602 -6.924730
vt 38.003300 -6.925840
vt 38.008701 -6.918290
vt 38.009701 -6.918500
vt 37.992298 -6.918290
vt 37.991402 -6.918500
vt 38.005600 -6.925530
vt 38.001900 -6.925530
vt 37.996700 -7.081650
vt 38.004299 -7.081650
vt 37.996700 -7.043600
vt 38.005001 -7.081770
vt 38.005001 -7.043550
vt 37.996101 -7.081770
vt 37.996101 -7.043550
vt 38.004601 -6.926610
vt 38.002800 -6.926610
vt 38.005901 -7.084370
vt 38.005901 -7.042700
vt 38.005402 -7.084420
vt 37.995098 -7.084370
vt 37.995701 -7.084420
vt 37.995098 -7.042700
vt 38.008598 -7.084370
vt 38.008598 -7.042700
vt 37.996101 -7.012180
vt 37.996700 -7.012210
vt 37.996101 -6.998230
vt 37.996700 -7.027410
vt 37.992401 -7.042700
vt 37.992401 -7.026700
vt 37.992401 -7.084370
vt 37.995098 -7.026700
vt 37.992401 -7.011670
vt 37.995098 -7.011670
vt 37.992401 -6.997900
vt 37.995701 -7.026730
vt 37.995701 -7.042740
vt 38.005901 -7.011670
vt 38.008598 -7.011670
vt 38.005901 -6.997900
vt 38.005901 -7.026700
vt 38.008598 -7.026700
vt 38.005402 -6.997920
vt 38.005901 -6.983730
vt 38.005402 -7.026730
vt 38.005402 -7.042740
vt 38.005901 -6.926610
vt 38.004299 -6.983970
vt 38.004299 -6.998250
vt 38.005001 -6.983950
vt 38.005001 -6.967310
vt 38.004902 -6.925520
vt 38.004501 -6.925520
vt 37.996101 -6.925520
vt 37.996101 -6.967310
vt 37.996601 -6.925520
vt 37.996101 -6.983950
vt 37.996700 -6.983970
vt 37.996700 -6.998250
vt 38.005402 -7.011700
vt 37.996101 -7.027370
vt 38.004299 -7.027410
vt 38.004299 -7.043600
vt 38.005001 -7.027370
vt 38.005001 -7.012180
vt 38.004299 -7.012210
vt 38.005001 -6.998230
vt 37.996700 -6.967310
vt 38.004299 -6.967310
vt 38.006001 -6.926540
vt 38.006001 -6.928310
vt 38.008301 -6.926540
vt 38.008301 -6.928310
vt 38.008801 -6.928310
vt 38.008801 -6.926540
vt 37.993099 -6.926540
vt 37.993099 -6.928310
vt 37.995399 -6.926540
vt 37.995399 -6.928310
vt 37.995201 -6.919700
vt 37.995098 -6.967310
vt 37.995701 -6.919680
vt 38.005901 -6.919700
vt 38.008598 -6.967310
vt 38.005402 -6.967310
vt 38.005901 -6.967310
vt 38.005402 -6.919680
vt 38.005402 -6.983750
vt 38.008598 -6.983730
vt 38.008598 -6.997900
vt 38.009899 -6.983660
vt 37.995701 -7.011700
vt 37.995098 -6.997900
vt 37.995701 -6.997920
vt 37.995098 -6.983730
vt 37.992401 -6.983730
vt 37.992401 -6.967310
vt 37.995701 -6.967310
vt 37.995701 -6.983750
vt 38.009899 -6.967310
vt 38.009899 -6.919920
vt 38.001598 -6.926610
vt 37.991199 -6.967310
vt 37.991199 -6.983660
vt 37.991199 -6.919920
vt 37.991699 -7.082510
vt 37.994598 -7.082510
vt 37.991199 -7.081810
vt 37.994598 -7.081810
vt 38.006401 -7.081810
vt 38.006401 -7.082510
vt 38.009899 -7.081810
vt 38.009399 -7.082510
vt 37.991199 -7.084050
vt 37.991199 -7.042390
vt 37.991199 -7.026460
vt 37.991199 -7.011490
vt 37.991199 -6.997780
vt 38.009899 -7.084050
vt 38.009899 -7.042390
vt 38.009899 -7.026460
vt 38.009899 -7.011490
vt 38.009899 -6.997780
vt 37.991199 -6.945770
vt 37.992199 -6.945770
vt 37.991199 -6.940090
vt 37.992199 -6.940090
vt 37.993500 -6.926540
vt 37.993500 -6.928310
vt 37.997398 -6.926540
vt 37.997398 -6.928310
vt 38.004002 -6.926540
vt 38.004002 -6.928310
vt 38.007801 -6.926540
vt 38.007801 -6.928310
vt 38.006401 -7.073780
vt 38.009399 -7.073780
vt 38.006401 -7.072930
vt 38.009899 -7.072930
vt 37.994598 -7.073780
vt 37.994598 -7.072930
vt 37.991699 -7.073780
vt 37.991199 -7.072930
vt 37.992298 -6.919400
vt 37.992599 -6.919400
vt 37.992298 -6.918740
vt 38.008701 -6.919400
vt 38.008701 -6.918740
vt 38.008499 -6.919400
vt 37.992599 -6.918740
vt 38.008499 -6.918740
vt 37.992298 -6.920600
vt 37.992298 -6.967090
vt 37.993000 -6.920600
vt 38.008701 -6.967090
vt 38.007999 -6.920600
vt 38.008701 -6.920600
vt 38.004501 -7.082080
vt 38.003700 -7.081970
vt 38.004501 -7.082630
vt 38.003700 -7.082490
vt 37.997398 -7.082490
vt 37.997398 -7.081970
vt 37.996601 -7.082630
vt 37.996601 -7.082080
vt 38.002499 -7.082510
vt 38.002701 -7.081810
vt 37.995800 -7.080680
vt 37.995998 -7.079880
vt 37.967701 -7.071730
vt 37.967400 -7.072650
vt 37.970501 -7.072520
vt 37.971901 -7.072930
vt 37.971600 -7.073780
vt 37.983002 -6.920160
vt 37.982899 -6.920720
vt 37.984001 -6.920160
vt 38.012100 -6.917230
vt 38.011700 -6.917240
vt 38.011002 -6.918480
vt 38.009998 -6.918860
vt 37.988602 -6.918900
vt 37.998501 -6.919370
vt 38.010300 -6.919350
vt 38.001499 -6.920120
vt 38.014900 -6.916740
vt 38.016998 -6.917270
vt 38.027401 -6.916790
vt 38.029400 -6.925190
vt 38.030399 -6.925530
vt 38.029400 -6.924150
vt 38.029499 -6.917320
vt 38.030201 -6.918530
vt 38.033199 -6.917260
vt 38.025101 -6.923260
vt 37.993401 -6.924820
vt 37.992199 -6.925260
vt 37.993401 -6.925580
vt 38.010700 -6.918260
vt 38.012299 -6.920050
vt 38.013901 -6.917300
vt 38.025101 -6.924680
vt 38.005600 -6.923260
vt 37.999298 -6.925580
vt 38.005600 -6.924680
vt 37.999298 -6.924820
vt 38.014900 -6.917330
vt 38.015999 -6.917260
vt 38.025200 -6.918460
vt 38.026100 -6.918460
vt 38.025600 -6.917310
vt 38.025799 -6.919840
vt 38.026501 -6.917320
vt 38.027401 -6.917340
vt 38.023602 -7.042740
vt 38.011799 -7.084420
vt 38.024101 -7.042870
vt 38.027500 -7.026730
vt 38.012299 -7.084550
vt 38.014198 -7.082460
vt 38.026100 -7.043410
vt 38.028000 -7.026830
vt 38.026600 -7.043550
vt 38.015800 -7.081770
vt 38.029999 -7.027260
vt 38.016499 -6.918470
vt 38.016800 -6.919880
vt 38.033199 -6.918500
vt 38.032799 -6.919920
vt 37.998501 -6.921820
vt 37.998501 -6.919840
vt 37.996700 -6.922340
vt 38.030602 -7.027370
vt 38.033001 -7.012090
vt 38.030998 -7.011770
vt 38.036701 -6.983950
vt 38.036098 -6.983910
vt 38.035599 -6.998230
vt 38.036598 -6.967310
vt 38.034100 -6.983780
vt 38.035000 -6.998180
vt 38.034599 -6.967310
vt 38.033600 -6.983750
vt 38.033001 -6.997970
vt 38.034100 -6.967310
vt 37.984798 -6.926540
vt 37.984798 -6.928310
vt 37.985298 -6.926540
vt 37.985298 -6.928310
vt 37.987202 -6.926540
vt 37.987202 -6.928310
vt 37.987701 -6.926540
vt 37.987701 -6.928310
vt 38.013100 -6.918490
vt 38.013302 -6.919930
vt 38.030499 -7.011700
vt 37.996300 -6.920650
vt 37.994999 -6.921950
vt 38.030399 -6.926610
vt 38.029400 -6.926610
vt 38.015301 -7.081970
vt 38.029202 -6.919890
vt 38.028900 -6.918530
vt 38.028500 -6.917330
vt 37.992199 -6.925830
vt 37.993401 -6.926610
vt 37.992199 -6.926610
vt 38.005501 -7.082600
vt 38.017300 -7.041020
vt 38.003899 -7.082140
vt 38.015701 -7.040590
vt 38.025799 -6.945770
vt 38.027500 -6.951290
vt 38.025799 -6.940080
vt 38.025101 -6.926610
vt 38.027401 -6.919930
vt 38.024200 -6.951290
vt 38.023899 -6.952260
vt 38.025799 -6.951320
vt 38.024399 -7.026080
vt 38.022800 -7.025730
vt 38.020500 -7.041910
vt 38.025700 -7.010930
vt 38.022301 -7.042390
vt 38.010502 -7.084050
vt 38.026199 -7.026460
vt 38.027302 -7.011190
vt 38.029099 -7.011490
vt 38.029301 -6.997580
vt 38.027699 -6.997420
vt 38.028702 -6.983420
vt 38.030300 -6.983530
vt 38.029202 -6.967310
vt 38.027000 -6.983310
vt 38.027500 -6.967300
vt 38.036800 -6.925500
vt 38.037201 -6.925520
vt 38.024899 -6.919850
vt 38.024899 -6.940080
vt 38.018002 -6.919870
vt 38.017700 -6.918470
vt 38.034100 -6.919680
vt 38.034698 -6.919730
vt 37.999298 -6.926610
vt 38.005600 -6.926610
vt 38.033501 -7.012180
vt 38.002701 -6.967290
vt 38.001598 -6.967280
vt 38.002201 -6.981650
vt 38.000999 -6.924430
vt 38.032501 -6.997920
vt 38.002998 -6.924440
vt 38.000599 -6.922610
vt 38.030899 -6.967310
vt 38.030701 -6.919890
vt 38.032299 -6.983660
vt 38.031200 -6.997780
vt 38.025101 -6.953060
vt 37.998402 -6.924460
vt 37.998501 -6.922060
vt 38.025398 -6.983200
vt 38.025902 -6.967300
vt 38.026001 -6.997240
vt 38.024300 -6.997070
vt 38.023998 -7.010670
vt 38.021099 -7.025380
vt 38.018902 -7.041470
vt 38.019501 -7.025040
vt 38.022400 -7.010410
vt 38.023102 -6.996950
vt 38.021099 -7.010220
vt 38.024300 -6.983120
vt 38.017601 -6.982680
vt 38.017799 -6.967300
vt 38.024799 -6.967300
vt 38.018101 -6.954850
vt 38.016701 -6.953320
vt 38.022800 -6.955410
vt 38.019798 -6.955410
vt 38.019901 -6.954330
vt 38.022701 -6.954330
vt 38.022999 -6.952890
vt 38.019501 -6.952870
vt 38.024399 -6.954620
vt 38.025799 -6.953310
vt 38.023899 -6.953940
vt 38.018600 -6.952250
vt 38.018200 -6.951290
vt 38.024300 -6.945760
vt 38.018200 -6.945770
vt 38.017700 -6.940090
vt 38.013302 -6.967300
vt 38.014900 -6.919970
vt 37.998299 -7.006600
vt 37.995499 -7.006140
vt 37.995701 -7.020040
vt 37.997299 -6.994280
vt 38.000198 -6.994580
vt 37.998199 -6.981380
vt 37.999401 -7.006770
vt 37.996799 -7.020260
vt 37.993301 -7.034530
vt 37.995098 -7.035030
vt 37.983200 -7.075580
vt 37.998402 -7.020610
vt 38.002300 -7.036990
vt 38.032799 -6.967310
vt 38.018501 -6.954000
vt 38.016701 -6.940090
vt 37.986099 -6.920680
vt 37.988701 -6.919400
vt 37.986000 -6.920110
vt 38.014400 -7.040260
vt 38.008099 -7.038550
vt 38.011799 -7.023410
vt 38.018398 -7.024800
vt 38.014702 -7.009190
vt 38.016701 -6.996280
vt 38.006802 -7.038180
vt 38.010399 -7.023140
vt 38.008701 -7.022760
vt 38.011398 -7.008680
vt 38.009998 -7.008440
vt 38.011902 -6.995790
vt 38.007198 -7.022460
vt 38.005001 -7.037710
vt 37.993301 -7.079090
vt 37.994999 -7.079590
vt 37.991798 -7.078680
vt 38.003601 -7.037320
vt 38.006001 -7.022200
vt 38.001099 -7.007030
vt 37.990398 -7.078270
vt 38.008598 -7.008230
vt 38.010399 -6.995640
vt 38.002800 -6.994860
vt 38.011398 -6.982270
vt 38.012199 -6.967300
vt 38.003799 -6.967290
vt 38.003899 -6.924040
vt 38.001202 -6.994690
vt 38.003700 -6.981750
vt 38.001099 -6.981580
vt 38.003399 -6.922010
vt 38.012901 -6.982360
vt 38.013302 -6.995940
vt 38.014400 -6.982460
vt 38.013199 -7.008960
vt 38.015099 -6.996120
vt 37.984001 -6.967270
vt 37.982899 -6.967270
vt 37.983601 -6.980400
vt 37.984001 -6.920680
vt 38.002499 -6.922210
vt 37.993000 -6.967280
vt 37.981800 -7.075060
vt 37.978500 -7.016410
vt 37.987099 -7.018230
vt 37.980999 -7.003840
vt 37.973801 -7.072830
vt 37.985199 -7.032350
vt 37.975300 -7.029650
vt 37.983299 -7.031820
vt 37.962601 -7.070330
vt 37.963600 -7.070560
vt 37.974201 -7.029420
vt 38.016201 -6.982580
vt 38.016701 -6.967300
vt 38.014801 -6.967300
vt 38.015900 -6.952540
vt 37.996601 -6.924240
vt 37.980499 -7.074750
vt 37.992001 -7.034190
vt 37.977901 -7.074080
vt 37.995499 -6.981200
vt 37.995800 -6.967280
vt 37.994499 -6.994000
vt 37.992699 -7.005710
vt 37.993900 -6.981100
vt 37.994400 -6.967280
vt 37.992901 -7.019430
vt 37.993500 -6.923470
vt 37.993000 -6.993840
vt 37.992401 -6.980990
vt 37.991501 -6.993680
vt 37.991199 -7.005470
vt 37.990101 -7.018860
vt 37.982498 -6.980350
vt 37.982700 -6.992770
vt 37.989399 -7.033480
vt 38.000801 -6.924430
vt 38.037201 -6.967310
vt 38.017300 -6.952790
vt 38.016701 -6.951320
vt 38.016701 -6.945770
vt 37.979900 -7.003700
vt 37.981602 -6.992690
vt 37.977402 -7.016230
vt 37.989700 -7.005230
vt 37.988602 -7.018540
vt 37.986900 -7.032810
vt 37.975399 -7.073340
vt 38.008900 -7.083580
vt 38.007099 -7.083070
vt 37.994202 -6.921620
vt 37.995701 -6.920060
vt 37.994202 -6.924120
vt 37.996300 -6.924240
vt 38.035999 -6.925480
vt 38.035999 -6.919690
vt 38.015900 -6.945710
vt 38.014500 -7.083100
vt 37.999401 -6.926540
vt 37.999401 -6.928310
vt 38.032101 -6.926540
vt 38.032101 -6.928310
vt 38.034199 -6.926540
vt 38.034199 -6.928310
vt 38.000999 -6.920650
vt 37.996899 -6.922580
vt 38.000599 -6.922370
vt 37.996201 -6.967280
vt 38.009701 -6.919400
vt 37.988602 -6.919400
vt 37.983700 -6.920600
vt 37.983002 -6.920190
vt 37.982800 -6.920650
vt 37.983501 -6.919960
vt 37.985901 -6.920620
vt 38.033100 -6.919670
vt 38.034000 -6.919700
vt 38.033100 -6.916020
vt 38.034000 -6.916180
vt 38.033298 -6.915450
vt 38.013599 -6.915450
vt 38.013199 -6.915470
vt 38.012798 -6.916000
vt 37.995998 -7.079870
vt 38.002602 -7.082510
vt 37.967701 -7.071720
vt 38.009800 -6.918740
vt 37.988602 -6.918740
vt 38.009499 -6.919400
vt 37.983700 -6.967090
vt 38.033100 -6.967090
vt 37.985901 -6.919960
vt 38.033100 -6.919400
vt 38.033100 -6.918740
vt 38.009899 -6.918740
vt 38.033100 -6.918010
vt 38.010601 -6.918010
vt 38.011398 -6.917160
vt 38.033100 -6.917170
vt 38.035999 -6.967090
vt 38.034599 -6.967090
vt 38.036400 -6.967090
vt 38.036400 -6.925500
vt 38.034599 -6.919670
vt 38.033901 -6.919680
vt 38.033901 -6.967090
vt 38.033298 -6.919670
vt 38.033298 -6.967090
vt 38.036598 -6.967090
vt 38.036598 -6.925500
vt 38.015400 -7.082630
vt 38.015099 -7.082080
vt 38.014999 -7.082820
vt 38.014702 -7.082240
vt 38.006401 -6.997260
vt 38.009899 -6.996110
vt 37.994598 -6.997260
vt 38.009899 -6.997260
vt 37.991199 -6.996110
vt 37.991199 -6.997260
vt 37.992100 -6.994530
vt 38.008900 -6.994530
vt 37.991199 -6.992880
vt 38.009899 -6.992880
vt 37.991199 -6.991110
vt 38.009899 -6.991110
vt 37.991199 -6.989500
vt 38.009899 -6.989500
vt 37.995098 -6.988360
vt 37.992401 -6.988360
vt 38.005901 -6.988360
vt 38.008598 -6.988360
vt 38.005402 -6.988200
vt 37.995701 -6.988200
vt 38.005199 -6.987740
vt 37.995899 -6.987740
vt 38.005199 -6.985470
vt 37.995899 -6.985470
vt 37.996101 -6.984980
vt 38.004902 -6.984980
vt 38.004501 -6.984630
vt 37.996601 -6.984630
vt 38.003700 -6.984390
vt 37.997398 -6.984390
vt 38.006401 -7.032580
vt 38.009399 -7.032560
vt 38.006401 -7.028370
vt 37.994598 -7.032580
vt 37.994598 -7.028370
vt 37.991699 -7.032560
vt 38.009399 -6.997450
vt 38.006401 -6.997450
vt 38.009399 -7.004200
vt 38.006401 -7.004210
vt 37.991199 -7.032310
vt 37.991199 -7.036360
vt 37.994598 -7.032330
vt 38.009899 -7.036360
vt 38.006401 -7.032330
vt 38.009899 -7.032310
vt 37.994598 -7.028140
vt 38.006401 -7.028140
vt 38.009899 -7.009600
vt 38.009899 -7.028150
vt 37.991199 -7.009600
vt 37.991199 -7.028150
vt 37.991199 -7.008170
vt 38.009899 -7.008170
vt 37.992100 -7.006730
vt 38.008900 -7.006730
vt 38.009899 -7.004990
vt 37.991199 -7.004990
vt 37.994598 -7.004000
vt 37.991199 -7.003980
vt 38.006401 -7.004000
vt 38.009899 -7.003980
vt 37.994598 -7.004210
vt 37.994598 -6.997450
vt 37.991600 -7.004200
vt 37.991699 -6.997450
vt 38.009399 -7.028380
vt 37.991699 -7.028380
vt 37.991199 -7.037410
vt 38.009899 -7.037410
vt 38.005199 -6.984700
vt 38.005001 -6.984220
vt 37.996101 -6.984220
vt 38.004299 -6.983960
vt 37.996700 -6.983960
vt 38.003700 -6.984690
vt 38.004501 -6.984940
vt 38.004902 -6.985310
vt 38.005199 -6.985820
vt 37.997398 -6.984690
vt 37.995899 -6.984700
vt 37.996601 -6.984940
vt 37.996101 -6.985310
vt 37.995899 -6.985820
vt 37.993900 -7.003810
vt 37.994499 -7.001330
vt 37.992298 -7.005640
vt 37.993599 -6.998720
vt 37.992298 -6.997320
vt 38.008301 -6.988560
vt 38.008301 -6.966870
vt 38.007301 -6.987760
vt 38.007301 -6.966870
vt 38.005901 -6.987240
vt 37.992802 -6.988560
vt 37.993698 -6.987760
vt 37.992802 -6.966870
vt 37.993801 -6.966870
vt 37.995201 -6.987240
vt 37.995201 -6.966870
vt 37.991199 -6.975110
vt 37.992199 -6.974210
vt 37.991199 -6.974210
vt 37.991199 -6.982310
vt 37.992199 -6.983260
vt 37.991199 -6.983260
vt 37.992298 -7.014070
vt 37.993000 -7.014070
vt 37.992298 -7.011400
vt 38.008701 -7.014070
vt 38.008701 -7.011400
vt 38.008099 -7.014070
vt 38.007999 -7.016330
vt 38.008701 -7.016330
vt 37.993000 -7.016330
vt 37.992298 -7.016330
vt 38.008701 -6.990340
vt 38.008499 -6.990480
vt 38.008499 -7.011400
vt 37.992298 -6.990340
vt 37.992599 -6.990480
vt 37.992500 -7.011400
vt 38.005901 -6.966870
vt 37.996300 -6.925050
vt 37.996700 -6.925850
vt 37.997101 -6.925260
vt 37.994900 -6.925830
vt 37.995800 -6.925850
vt 37.995499 -6.925260
vt 37.991901 -6.920190
vt 37.990200 -6.920160
vt 37.991901 -6.920650
vt 38.008701 -6.920160
vt 38.007000 -6.920190
vt 38.008801 -6.920720
vt 37.991199 -6.918010
vt 37.990398 -6.918260
vt 37.991299 -6.918740
vt 38.007702 -6.918010
vt 38.007702 -6.918740
vt 38.008499 -6.918260
vt 37.997601 -6.925830
vt 37.995399 -6.926610
vt 38.004799 -6.916000
vt 38.006302 -6.916440
vt 38.004799 -6.915470
vt 37.994099 -6.916000
vt 37.994099 -6.915470
vt 37.992699 -6.916440
vt 37.990101 -6.967270
vt 37.990101 -6.980350
vt 38.008801 -6.967270
vt 38.007000 -6.920650
vt 38.008801 -6.980350
vt 37.990101 -6.992690
vt 38.008801 -6.992690
vt 38.008801 -7.003700
vt 37.990101 -7.003700
vt 38.008801 -7.016230
vt 37.990101 -7.016230
vt 37.990101 -7.029420
vt 38.008801 -7.029420
vt 37.990101 -7.070330
vt 38.008801 -7.070330
vt 37.997200 -6.926610
vt 37.990101 -6.920720
vt 37.991199 -6.926540
vt 37.991199 -6.928310
vt 37.991699 -6.926540
vt 37.991699 -6.928310
vt 38.006901 -6.926540
vt 38.006901 -6.928310
vt 37.994701 -6.926610
vt 37.997799 -6.926610
vt 37.990101 -7.071730
vt 37.990601 -7.072650
vt 37.993599 -7.071720
vt 37.993599 -7.072650
vt 38.005402 -7.072650
vt 38.008301 -7.072650
vt 38.005402 -7.071720
vt 38.008801 -7.071730
vt 38.006500 -6.928310
vt 38.006500 -6.926540
vt 38.004601 -6.928310
vt 38.004601 -6.926540
vt 37.992199 -6.926540
vt 37.992199 -6.928310
vt 37.993999 -6.926540
vt 37.993999 -6.928310
vt 38.005402 -7.080680
vt 38.008400 -7.080680
vt 38.005402 -7.079870
vt 38.008801 -7.079880
vt 37.990101 -7.079880
vt 37.990601 -7.080680
vt 37.993599 -7.079870
vt 37.993599 -7.080680
vt 38.004002 -6.919670
vt 38.004002 -6.967090
vt 38.004799 -6.919670
vt 38.004700 -6.967090
vt 37.994999 -6.919670
vt 37.994099 -6.919670
vt 37.994999 -6.967090
vt 37.994202 -6.967090
vt 38.008801 -6.940080
vt 38.007801 -6.940080
vt 38.008801 -6.945770
vt 38.007801 -6.945770
vt 37.994099 -6.916020
vt 37.991699 -6.917170
vt 37.991299 -6.919400
vt 37.991299 -6.967090
vt 38.007702 -6.967090
vt 38.007702 -6.919400
vt 38.007198 -6.917170
vt 38.006199 -6.916440
vt 38.004799 -6.916020
vt 37.995800 -6.925500
vt 37.995800 -6.967090
vt 38.003101 -6.925500
vt 38.003101 -6.967090
s 1
usemtl Meshpart1Mtl.001
f 1/1/1 2/2/2 3/3/3
f 4/4/4 3/3/5 5/2/2
f 6/5/6 7/6/7 8/7/8
f 10/6/7 11/8/9 9/9/10
f 12/9/11 13/7/8 14/6/7
f 16/10/12 15/11/13 17/12/14
f 18/13/15 19/14/16 20/15/15
f 18/13/15 21/16/17 19/14/16
f 21/16/17 18/13/15 22/17/18
f 23/18/19 24/19/20 25/20/21
f 26/21/22 27/22/23 28/23/24
f 29/24/25 28/23/24 30/22/26
f 31/25/27 32/26/28 33/27/29
f 34/28/30 35/29/31 36/26/32
f 37/26/33 38/25/34 39/28/35
f 40/30/36 41/31/37 42/32/38
f 44/33/39 45/19/20 43/34/40
f 44/33/39 43/34/40 46/35/41
f 47/24/42 48/36/43 49/23/44
f 50/14/45 49/23/46 51/37/47
f 52/38/48 53/18/49 54/39/50
f 56/40/51 57/41/52 55/42/53
f 55/42/53 58/25/27 56/40/51
f 59/43/54 60/44/55 61/45/56
f 59/43/54 61/45/56 62/46/57
f 63/39/50 64/18/19 65/20/58
f 63/39/50 65/20/58 66/47/59
f 67/38/48 68/39/60 66/47/61
f 67/38/48 69/47/62 70/48/63
f 71/49/64 72/19/20 73/50/65
f 71/49/64 74/50/65 75/51/66
f 76/52/67 77/51/68 73/50/69
f 78/53/70 79/54/71 80/35/72
f 78/53/70 80/35/72 81/34/73
f 82/26/74 83/55/75 84/56/76
f 85/57/77 86/56/76 87/55/75
f 88/23/24 89/14/45 90/21/22
f 91/58/78 92/59/79 93/50/69
f 94/60/80 95/61/81 96/62/82
f 96/62/82 97/63/83 94/60/80
f 96/62/82 98/64/84 99/65/85
f 99/65/85 100/66/86 96/62/82
f 103/67/87 102/68/87 104/69/88
f 105/70/88 104/69/88 102/68/87
f 106/71/89 107/23/46 108/36/43
f 106/71/89 109/37/47 107/23/46
f 110/19/20 111/72/90 112/50/91
f 113/58/78 112/50/91 111/72/90
f 114/32/38 115/73/92 116/74/93
f 117/36/94 118/18/49 119/38/48
f 117/36/94 119/38/48 120/71/95
f 120/71/96 121/38/48 122/75/67
f 123/76/97 124/77/98 125/78/99
f 126/79/100 127/74/93 128/73/92
f 129/78/101 130/80/102 131/76/103
f 132/56/104 133/27/29 134/26/28
f 135/72/105 136/81/106 137/58/78
f 138/27/29 139/40/51 140/25/27
f 141/41/52 142/79/107 143/82/108
f 143/82/108 144/42/109 145/41/52
f 146/78/110 147/83/111 148/84/112
f 147/83/111 146/78/110 149/77/113
f 150/85/114 151/64/115 152/86/116
f 153/73/117 154/82/108 155/79/107
f 156/87/118 157/46/57 158/45/56
f 159/88/119 160/89/120 161/90/15
f 159/88/119 161/90/15 162/91/121
f 160/89/120 159/88/119 163/92/15
f 163/92/15 164/93/15 160/89/120
f 165/94/122 160/89/120 164/93/15
f 166/95/15 161/90/15 160/89/120
f 166/95/15 160/89/120 167/96/15
f 168/97/123 169/84/112 170/83/124
f 171/91/125 172/2/126 173/88/127
f 174/98/128 171/91/129 175/90/15
f 176/44/55 177/99/130 178/65/131
f 178/65/131 179/45/56 176/44/55
f 180/50/69 181/100/15 182/52/67
f 183/101/132 184/63/83 185/102/133
f 183/101/132 186/60/134 184/63/83
f 187/103/135 188/102/136 184/63/83
f 187/103/135 189/104/137 188/102/136
f 190/105/138 191/106/139 187/103/140
f 190/105/138 187/103/140 192/66/86
f 193/107/141 194/108/142 190/105/138
f 193/107/141 190/105/138 195/99/130
f 196/66/143 195/99/130 190/105/138
f 196/66/143 197/65/131 195/99/130
f 198/109/144 199/110/145 200/111/146
f 201/78/101 202/84/147 203/80/148
f 101/112/149 204/102/150 205/104/137
f 205/104/137 206/111/151 101/112/149
f 207/106/152 208/113/153 205/104/137
f 205/104/137 209/103/154 207/106/152
f 207/106/139 210/105/138 211/108/142
f 211/108/142 212/114/155 207/106/139
f 213/115/156 214/116/157 212/114/158
f 215/117/159 216/118/160 217/119/161
f 217/119/161 218/120/162 215/117/159
f 219/121/163 220/122/163 221/123/164
f 222/124/165 223/119/166 224/118/167
f 224/118/167 225/125/168 222/124/165
f 226/97/169 227/126/170 228/118/171
f 228/118/160 229/117/159 230/97/169
f 166/95/15 167/96/15 231/127/172
f 231/127/172 232/128/173 166/95/15
f 161/90/15 166/95/15 233/128/174
f 161/90/15 233/128/174 234/98/175
f 235/129/176 234/98/175 233/128/174
f 235/129/176 233/128/174 236/130/177
f 237/131/178 236/130/177 233/128/174
f 236/130/177 237/131/178 238/132/179
f 233/128/174 239/127/180 237/131/178
f 240/133/15 237/131/15 231/127/180
f 237/131/15 240/133/15 241/134/181
f 241/134/181 242/132/179 237/131/15
f 231/127/180 243/135/182 240/133/15
f 243/135/182 239/127/172 244/96/15
f 245/135/182 244/96/15 246/136/183
f 247/94/122 244/96/15 248/89/184
f 244/96/185 165/94/186 250/137/187
f 251/138/188 252/139/189 250/137/190
f 165/94/122 164/93/15 251/138/188
f 253/140/15 251/138/188 164/93/15
f 251/138/188 254/137/190 165/94/122
f 253/140/15 255/141/191 251/138/188
f 255/141/191 253/140/15 256/142/15
f 257/139/192 251/138/188 255/141/191
f 258/143/15 254/137/190 259/139/189
f 254/137/190 260/143/15 261/136/183
f 254/137/190 261/136/183 262/96/15
f 263/144/193 261/136/183 258/143/194
f 261/136/183 263/144/193 264/145/15
f 265/146/15 264/145/15 263/144/193
f 261/136/183 264/145/15 243/135/182
f 266/147/15 243/135/182 264/145/15
f 266/147/15 240/133/15 243/135/182
f 240/133/15 266/147/15 267/148/195
f 267/148/195 249/134/181 240/133/15
f 268/149/196 267/148/195 269/147/15
f 268/149/196 269/147/15 270/150/197
f 271/145/15 270/150/197 269/147/15
f 271/145/15 272/146/15 270/150/197
f 273/151/198 274/150/199 272/146/15
f 275/152/15 276/153/15 277/154/15
f 277/154/15 278/155/15 275/152/15
f 278/155/15 277/154/15 279/156/200
f 279/156/200 280/157/201 278/155/15
f 279/156/200 281/158/202 280/157/201
f 279/156/200 282/159/203 281/158/202
f 283/75/67 284/38/48 285/160/204
f 286/161/15 287/162/205 288/163/15
f 289/162/205 290/161/15 291/11/206
f 292/164/15 293/155/15 294/157/201
f 295/165/207 296/166/208 297/8/15
f 298/167/209 299/168/210 300/169/178
f 301/170/15 302/171/15 303/172/15
f 301/170/15 304/173/15 302/171/15
f 305/174/15 301/170/15 306/175/15
f 305/174/15 307/176/15 301/170/15
f 308/177/15 309/172/15 310/178/15
f 311/179/15 312/180/15 313/5/15
f 311/179/15 314/177/15 312/180/15
f 315/181/126 316/182/126 317/183/126
f 318/184/15 319/185/15 320/186/15
f 320/186/15 321/187/15 318/184/15
f 322/160/211 323/188/212 324/184/15
f 324/184/15 325/37/213 322/160/211
f 326/75/214 322/160/211 327/37/213
f 327/37/47 328/71/96 329/75/214
f 330/142/15 331/189/15 332/141/126
f 333/190/215 332/141/126 331/189/15
f 332/141/126 333/190/215 334/139/192
f 331/189/15 335/191/216 333/190/215
f 336/192/15 337/146/15 338/193/217
f 337/146/15 336/192/15 339/151/198
f 338/193/217 340/194/218 336/192/15
f 341/195/216 336/192/15 340/194/218
f 341/195/216 340/194/218 342/35/72
f 343/124/165 344/196/219 345/187/15
f 346/119/166 343/124/165 345/187/15
f 347/161/15 348/163/15 349/197/15
f 350/198/220 351/12/221 352/11/206
f 353/12/15 350/198/220 354/199/15
f 355/198/220 356/11/222 357/161/223
f 358/200/15 355/198/220 357/161/223
f 359/173/15 360/200/15 361/201/15
f 362/176/15 363/199/15 359/173/15
f 364/200/15 365/173/15 366/199/15
f 364/200/15 366/199/15 367/198/220
f 368/195/216 369/35/72 370/54/71
f 368/195/216 370/54/71 371/192/223
f 372/202/224 373/151/198 371/192/15
f 372/202/224 371/192/15 374/54/71
f 375/203/225 376/92/15 377/88/127
f 375/203/225 377/88/127 378/2/15
f 375/203/225 378/2/15 379/204/215
f 379/204/215 380/205/15 375/203/225
f 376/92/15 375/203/225 380/205/15
f 380/205/15 381/206/15 376/92/15
f 382/93/15 376/92/15 381/206/15
f 382/93/15 381/206/15 383/140/178
f 384/207/15 383/140/178 381/206/15
f 384/207/15 385/142/15 383/140/178
f 386/208/226 387/209/226 388/1/126
f 389/169/126 390/8/126 391/167/227
f 392/17/228 393/163/15 394/162/229
f 395/8/15 396/169/15 397/164/15
f 398/19/20 399/49/64 400/210/39
f 399/49/64 401/51/66 400/210/39
f 402/211/230 400/210/39 403/51/231
f 401/51/231 404/52/232 402/211/233
f 405/212/234 402/211/233 406/52/214
f 406/52/214 407/213/235 405/212/234
f 408/213/236 404/52/67 409/100/15
f 409/100/15 410/143/15 408/213/236
f 411/190/237 412/212/238 408/213/235
f 408/213/235 413/139/192 411/190/237
f 414/139/189 408/213/236 415/143/15
f 415/143/15 416/100/15 417/144/239
f 417/144/240 418/193/217 419/146/15
f 338/193/217 417/144/239 416/100/15
f 338/193/217 416/100/15 420/194/241
f 421/81/242 422/35/72 420/194/218
f 422/35/72 421/81/242 423/33/243
f 424/72/244 423/33/243 421/81/242
f 423/33/243 424/72/244 425/19/20
f 426/205/15 427/204/15 428/214/245
f 429/1/15 427/204/15 430/2/15
f 428/214/245 431/215/246 426/205/15
f 432/206/15 426/205/15 431/215/246
f 431/215/246 428/214/245 433/216/247
f 431/215/246 433/216/247 434/217/248
f 432/206/15 431/215/246 435/207/15
f 436/217/249 435/207/15 431/215/246
f 437/218/250 436/217/251 433/216/202
f 436/217/249 438/219/252 435/207/15
f 437/218/250 439/220/250 436/217/251
f 438/219/252 436/217/249 440/220/253
f 441/142/15 442/207/15 438/219/254
f 440/220/250 443/218/250 444/188/255
f 445/221/256 444/188/212 437/218/250
f 445/221/256 437/218/250 446/222/257
f 444/188/212 445/221/256 447/185/15
f 448/223/15 447/185/15 445/221/256
f 448/223/15 445/221/256 449/224/15
f 450/225/15 447/185/15 451/226/15
f 452/122/163 453/97/258 454/117/159
f 454/117/159 455/123/164 452/122/163
f 455/123/259 456/117/159 457/120/260
f 457/120/261 458/119/166 459/225/15
f 460/186/15 461/225/15 458/119/262
f 461/225/15 460/186/15 462/185/15
f 460/186/15 458/119/262 463/187/15
f 462/185/15 464/184/15 465/188/263
f 466/37/213 464/184/15 463/187/15
f 467/227/15 466/37/213 463/187/15
f 466/37/213 467/227/15 468/14/16
f 469/15/15 470/14/264 467/227/15
f 471/16/17 472/21/22 470/14/16
f 465/188/265 473/160/204 474/220/250
f 475/228/266 474/220/250 473/160/204
f 475/228/266 473/160/204 476/38/48
f 474/220/250 475/228/266 477/219/267
f 477/219/254 478/229/268 479/142/15
f 480/229/269 477/219/267 475/228/266
f 481/59/270 482/58/78 483/81/271
f 484/230/272 485/157/273 281/158/274
f 486/208/275 484/230/276 487/209/275
f 488/158/277 487/209/275 489/230/276
f 488/158/277 490/231/247 487/209/275
f 490/231/247 488/158/277 491/159/203
f 491/159/203 492/222/257 490/231/247
f 491/159/278 279/156/200 493/154/15
f 493/154/15 494/224/15 491/159/278
f 495/222/279 491/159/278 494/224/15
f 495/222/279 494/224/15 496/221/280
f 494/224/15 493/154/15 497/153/15
f 494/224/15 497/153/15 498/223/15
f 499/216/277 495/222/257 500/218/250
f 499/216/277 501/231/247 495/222/257
f 490/231/277 499/216/274 502/214/245
f 502/214/245 503/209/281 490/231/277
f 379/204/15 504/1/178 503/209/226
f 503/209/226 428/214/245 379/204/15
f 497/153/15 505/152/15 506/232/282
f 497/153/15 506/232/282 507/226/15
f 507/226/15 498/223/15 497/153/15
f 498/223/15 507/226/15 508/185/15
f 509/233/283 507/226/15 506/232/282
f 509/233/283 510/120/261 507/226/15
f 511/225/15 507/226/15 510/120/261
f 510/120/260 512/233/284 513/123/259
f 514/234/285 515/123/259 509/233/284
f 514/234/285 509/233/284 516/235/286
f 517/123/164 514/234/285 518/121/163
f 480/229/269 475/228/266 519/48/287
f 520/189/237 521/142/15 480/229/269
f 480/229/269 522/48/63 520/189/237
f 523/191/216 520/189/237 522/48/63
f 523/191/216 522/48/63 524/236/233
f 525/38/48 522/48/288 526/228/266
f 527/47/289 528/236/233 519/48/63
f 528/236/233 527/47/289 529/20/58
f 530/191/216 528/236/233 531/212/238
f 531/212/238 532/190/15 530/191/216
f 533/211/233 531/212/238 534/236/230
f 533/211/233 534/236/230 535/210/39
f 536/20/58 535/210/39 534/236/230
f 535/210/39 536/20/58 537/19/20
f 538/197/15 539/237/15 540/238/290
f 540/238/290 541/239/291 538/197/15
f 542/239/292 540/238/293 543/240/294
f 544/201/15 545/197/15 542/239/291
f 545/197/15 544/201/15 546/200/15
f 546/200/15 547/161/15 545/197/15
f 548/241/15 505/152/15 549/155/15
f 548/241/15 549/155/15 550/169/15
f 505/152/15 548/241/15 551/242/295
f 551/242/295 552/232/282 505/152/15
f 553/243/296 554/235/286 551/242/297
f 551/242/297 555/168/298 553/243/296
f 556/241/15 557/169/15 555/168/210
f 555/168/210 558/242/295 556/241/15
f 559/164/15 557/169/15 278/155/15
f 560/244/299 555/168/298 561/245/300
f 560/244/299 562/243/296 555/168/298
f 562/243/296 560/244/299 563/246/301
f 563/246/301 564/247/302 562/243/296
f 565/235/303 562/243/296 564/247/302
f 566/248/304 563/246/301 560/244/299
f 566/248/304 560/244/299 567/249/305
f 506/232/282 558/242/297 565/235/286
f 506/232/282 565/235/286 568/233/283
f 565/235/303 564/247/302 569/234/306
f 570/250/302 569/234/306 564/247/302
f 570/250/302 571/121/163 569/234/306
f 564/247/302 572/246/301 573/251/307
f 574/247/308 573/251/307 570/250/302
f 573/251/309 575/252/310 576/253/311
f 573/251/309 577/254/312 575/252/310
f 571/121/313 578/250/302 579/240/314
f 580/253/315 579/240/314 578/250/302
f 580/253/315 578/250/302 581/251/307
f 582/255/316 580/253/311 575/252/310
f 582/255/316 583/239/291 580/253/311
f 584/240/294 580/253/311 585/239/292
f 585/239/291 586/255/316 587/201/15
f 588/171/15 582/255/316 589/256/15
f 588/171/15 590/201/15 582/255/316
f 590/201/15 588/171/15 591/173/15
f 591/173/15 592/170/15 593/176/15
f 594/166/317 595/167/227 596/8/15
f 597/257/318 594/166/317 598/258/319
f 595/167/227 599/245/300 600/168/298
f 601/245/320 602/249/321 603/244/322
f 604/111/151 605/113/153 606/109/323
f 604/111/151 607/104/324 605/113/153
f 608/259/325 609/112/149 604/111/326
f 608/259/325 604/111/326 610/110/145
f 605/113/327 611/114/328 612/116/157
f 605/113/327 613/106/139 611/114/328
f 614/180/15 615/178/15 616/165/207
f 617/6/15 614/180/15 618/8/15
f 615/178/15 614/180/15 619/177/15
f 616/165/207 620/8/15 621/180/15
f 622/6/15 623/5/15 621/180/15
f 623/5/15 624/183/15 625/179/15
f 626/260/329 616/165/207 615/178/15
f 615/178/15 627/256/15 626/260/329
f 627/256/15 615/178/15 628/172/15
f 627/256/15 628/172/15 629/171/15
f 628/172/15 619/177/15 630/175/15
f 628/172/15 630/175/15 631/170/15
f 632/261/15 630/175/15 619/177/15
f 619/177/15 633/179/15 632/261/15
f 634/182/15 632/261/15 633/179/15
f 633/179/15 635/183/15 634/182/15
f 636/165/330 626/260/331 637/258/332
f 636/165/330 637/258/332 638/166/333
f 577/254/312 637/258/332 626/260/331
f 626/260/331 639/252/310 577/254/312
f 637/258/332 577/254/312 566/248/304
f 637/258/332 566/248/304 640/257/334
f 563/246/301 566/248/304 577/254/312
f 577/254/312 641/251/307 563/246/301
f 639/252/335 642/256/15 643/255/316
f 639/252/335 644/260/336 642/256/15
f 645/61/81 646/86/337 647/64/338
f 647/64/338 648/62/339 645/61/81
f 649/45/340 647/64/84 650/262/341
f 649/45/340 651/65/85 647/64/84
f 652/263/15 653/76/342 654/264/15
f 654/264/15 655/237/15 656/163/15
f 657/197/15 656/163/15 655/237/15
f 658/80/343 654/264/15 659/76/342
f 660/264/15 658/80/343 661/237/15
f 662/265/344 661/237/15 658/80/343
f 661/237/15 662/265/344 663/238/290
f 664/265/345 658/80/346 665/266/347
f 664/265/345 665/266/347 666/238/293
f 667/81/106 668/194/348 669/59/349
f 670/267/266 671/113/153 672/268/350
f 673/116/351 674/268/350 675/113/153
f 676/63/83 677/62/82 678/66/86
f 676/63/83 678/66/86 679/103/154
f 680/85/114 681/262/341 682/64/84
f 683/87/352 684/45/340 685/262/341
f 686/269/353 687/87/354 688/262/341
f 689/249/305 690/257/318 691/248/304
f 692/267/355 693/109/323 694/113/153
f 695/270/356 696/271/357 697/272/356
f 698/273/356 697/272/356 696/271/357
f 699/272/356 700/273/357 701/274/358
f 702/275/359 701/274/358 700/273/357
f 703/274/358 704/275/358 705/276/15
f 706/277/15 705/276/15 704/275/358
f 707/265/360 708/84/361 709/238/362
f 707/265/360 710/80/102 708/84/361
f 711/122/313 712/278/363 713/97/258
f 711/122/313 714/121/313 712/278/363
f 715/240/314 716/278/363 717/121/313
f 718/15/15 719/227/15 720/279/364
f 721/196/365 720/279/364 719/227/15
f 719/227/15 722/187/15 721/196/365
f 720/279/364 723/77/366 718/15/15
f 724/13/15 718/15/15 723/77/366
f 723/77/367 725/279/368 726/126/369
f 725/279/370 727/196/371 728/125/372
f 727/196/371 729/124/165 730/125/373
f 723/77/366 731/76/374 724/13/15
f 731/76/374 723/77/366 732/280/375
f 733/280/376 734/80/346 731/76/377
f 735/263/15 724/13/15 731/76/374
f 732/280/378 736/126/379 737/266/347
f 738/126/369 732/280/375 739/77/367
f 735/263/15 740/163/15 724/13/15
f 735/263/15 741/264/15 740/163/15
f 740/163/15 742/17/228 724/13/15
f 743/279/380 744/196/381 745/281/382
f 744/196/381 746/124/383 747/281/384
f 748/84/112 749/97/123 750/282/385
f 751/100/15 752/50/65 753/59/79
f 754/59/79 755/194/218 751/100/15
f 756/266/347 757/97/386 758/278/363
f 759/125/372 760/118/171 761/126/170
f 759/125/372 761/126/170 762/279/370
f 763/278/387 764/238/293 765/266/347
f 763/278/387 766/240/294 764/238/293
f 767/283/388 768/284/389 769/285/390
f 770/286/391 771/284/389 767/283/388
f 772/284/389 773/286/391 774/287/392
f 775/288/393 776/289/394 777/290/395
f 778/124/396 779/196/381 780/291/15
f 779/196/381 781/279/397 780/291/15
f 781/279/397 782/77/398 780/291/15
f 782/77/113 783/279/380 784/83/399
f 785/281/382 784/83/400 786/279/380
f 785/281/384 787/292/401 788/83/124
f 789/291/15 782/77/398 790/293/237
f 782/77/398 791/76/402 790/293/237
f 791/76/402 792/80/403 790/293/237
f 792/80/403 793/265/360 790/293/237
f 794/294/404 795/290/405 796/289/406
f 797/9/225 798/7/177 799/8/407
f 800/295/177 799/8/407 798/7/177
f 801/296/407 802/3/408 803/2/407
f 804/297/409 803/2/407 802/3/408
f 805/289/406 806/298/15 807/299/15
f 807/299/15 808/300/410 805/289/406
f 809/301/411 805/289/406 808/300/410
f 810/294/412 811/289/406 812/301/411
f 813/302/413 814/303/414 815/304/415
f 816/119/416 817/124/396 818/291/409
f 819/119/416 820/305/417 821/306/418
f 822/265/419 823/238/262 824/307/407
f 825/287/15 826/265/360 827/307/15
f 828/284/15 829/287/15 830/307/15
f 831/287/15 832/293/15 833/265/420
f 834/304/415 835/293/421 836/308/422
f 835/293/421 834/304/415 837/303/423
f 838/309/350 789/291/15 839/310/417
f 840/311/15 839/310/417 789/291/15
f 838/309/350 841/312/424 789/291/15
f 840/311/15 789/291/15 842/313/425
f 789/291/15 841/312/424 843/119/426
f 841/312/424 844/305/417 843/119/426
f 845/305/417 846/310/417 847/306/418
f 848/306/418 849/310/417 850/311/15
f 851/292/401 852/314/427 853/97/428
f 853/97/428 854/83/399 855/292/429
f 856/292/430 857/281/431 858/124/396
f 858/124/396 859/119/432 856/292/430
f 860/315/433 861/316/434 862/267/190
f 863/317/190 862/267/190 861/316/434
f 863/317/190 864/318/435 862/267/190
f 865/319/436 862/267/190 864/318/435
f 866/268/190 862/267/190 865/319/436
f 865/319/436 864/318/435 867/320/437
f 868/321/438 867/320/437 864/318/435
f 867/320/437 868/321/438 869/322/439
f 870/323/440 869/322/439 868/321/438
f 871/324/441 842/313/425 789/291/15
f 842/313/425 871/324/441 872/325/442
f 873/326/443 872/325/442 871/324/441
f 873/326/443 874/327/444 872/325/442
f 875/328/445 872/325/442 874/327/444
f 876/314/446 877/292/430 843/119/447
f 878/122/448 879/97/123 876/314/427
f 878/122/415 880/282/449 881/97/428
f 880/282/385 882/238/166 883/84/361
f 884/97/169 885/266/450 886/126/369
f 887/280/378 885/266/450 888/80/346
f 889/329/451 890/330/452 891/315/451
f 892/316/453 891/315/451 890/330/452
f 893/308/422 894/287/392 895/286/391
f 894/287/392 893/308/422 896/293/421
f 897/262/341 898/331/454 899/269/455
f 900/332/456 899/269/455 898/331/454
f 898/331/454 901/333/457 900/332/456
f 902/334/458 900/332/456 901/333/457
f 903/335/459 904/336/460 905/337/461
f 906/338/462 907/339/463 908/340/12
f 909/341/464 910/342/465 911/343/466
f 912/344/467 913/345/468 909/341/469
f 914/346/470 915/347/471 916/348/472
f 917/349/473 918/343/471 919/342/465
f 920/350/473 921/348/474 922/347/466
f 923/351/475 924/337/476 925/336/460
f 926/352/477 927/340/12 928/339/463
f 929/348/472 930/353/18 931/346/478
f 932/342/479 933/341/464 934/345/480
f 935/354/481 936/346/470 937/353/228
f 938/355/482 939/356/483 940/357/484
f 941/358/485 942/359/486 943/360/487
f 944/361/488 945/362/489 946/363/490
f 945/362/491 947/361/488 948/364/492
f 949/360/493 946/363/490 950/358/494
f 951/365/495 952/355/482 953/366/19
f 951/365/495 954/367/496 952/355/482
f 955/356/497 956/355/482 954/367/498
f 957/368/499 958/369/500 959/370/501
f 960/371/502 959/370/501 958/369/500
f 959/370/501 960/371/502 961/372/503
f 962/373/504 963/372/503 960/371/502
f 965/372/505 964/373/506 966/374/507
f 967/375/508 966/374/507 968/373/506
f 966/374/507 967/375/508 969/376/509
f 970/377/510 969/376/509 967/375/508
f 971/378/511 969/376/509 970/377/510
f 972/379/512 973/380/513 971/378/511
f 958/369/499 974/381/500 975/382/500
f 976/383/499 975/382/500 974/381/500
f 975/382/500 976/383/499 977/384/499
f 977/384/499 978/385/514 975/382/500
f 979/386/502 975/382/500 978/385/514
f 978/385/514 980/387/515 979/386/502
f 981/388/504 979/386/502 982/387/515
f 984/387/505 985/389/516 983/388/517
f 986/390/518 987/388/517 985/389/516
f 985/389/516 988/391/519 986/390/518
f 989/392/520 986/390/518 988/391/519
f 988/391/519 990/393/521 989/392/520
f 991/394/522 990/393/521 992/395/523
f 993/347/524 994/346/478 995/352/477
f 995/352/477 994/346/478 996/396/525
f 998/352/477 999/396/13 997/340/526
f 1002/397/527 1003/351/475 1000/336/528
f 1004/351/475 1001/397/527 1005/341/529
f 1005/341/529 1006/343/524 1004/351/475
f 1007/398/530 1008/399/530 1009/400/530
f 1010/401/530 1009/400/530 1008/399/530
f 1011/358/485 1012/402/531 1013/403/532
f 1012/402/531 1011/358/485 1014/363/490
f 1015/403/533 1012/402/534 1016/404/535
f 1012/402/531 1017/363/490 1018/362/489
f 1018/362/489 1019/405/536 1012/402/531
f 1020/406/537 1021/402/531 1019/405/536
f 1022/391/519 1023/395/523 1024/393/538
f 1025/376/539 1026/378/540 1027/380/513
f 1028/343/524 1029/337/476 1030/351/475
f 1031/347/524 1032/352/477 1033/339/541
f 1034/354/205 1035/396/542 1036/346/478
f 1037/344/543 1038/341/529 1039/397/527
f 1040/407/544 1041/353/228 1042/408/545
f 1043/409/546 1042/408/547 1044/350/548
f 1045/348/549 1044/350/548 1042/408/547
f 1045/348/550 1046/408/545 1047/353/228
f 1048/342/479 1049/410/551 1050/349/548
f 1051/411/546 1050/349/548 1049/410/551
f 1048/342/479 1052/345/480 1053/410/551
f 1054/412/552 1049/410/553 1055/345/480
f 1056/413/35 1057/414/554 1058/415/555
f 1059/415/556 1060/416/557 1061/413/35
f 1062/417/558 1063/418/559 1064/419/560
f 1065/420/561 1066/367/562 1067/421/563
f 1067/421/563 1068/422/564 1069/420/565
f 1070/415/555 1071/423/566 1072/424/567
f 1073/425/568 1074/423/566 1075/426/569
f 1075/426/569 1076/427/570 1073/425/568
f 1077/416/571 1078/415/555 1079/428/572
f 1080/424/573 1081/428/572 1082/415/555
f 1083/418/574 1084/429/575 1085/430/576
f 1086/429/575 1083/418/559 1087/431/577
f 1087/431/577 1088/432/578 1086/429/575
f 1089/429/575 1090/425/568 1091/427/570
f 1091/427/570 1092/430/576 1093/429/579
f 1094/433/31 1095/413/580 1096/416/571
f 1097/434/581 1098/435/582 1099/417/583
f 1101/430/576 1100/419/36 1102/418/559
f 1103/436/584 1104/424/585 1105/423/566
f 1105/423/566 1106/425/586 1103/436/584
f 1107/381/500 1108/369/500 1109/368/500
f 1110/432/578 1111/436/587 1112/425/568
f 1112/425/568 1113/429/588 1110/432/578
f 1114/355/589 1115/437/40 1116/438/20
f 1118/438/20 1117/366/19 1119/355/482
f 1120/439/26 1121/440/590 1122/421/591
f 1123/405/592 1124/362/593 1125/441/594
f 1126/418/559 1127/417/583 1128/435/595
f 1128/435/582 1129/431/577 1130/418/574
f 1131/358/494 1132/442/596 1133/443/597
f 1135/442/596 1136/358/494 1134/403/532
f 1137/444/598 1138/445/546 1139/446/599
f 1137/444/598 1140/447/546 1138/445/546
f 1141/448/546 1138/445/546 1140/447/546
f 1139/446/599 1142/449/600 1137/444/598
f 1139/446/599 1143/450/600 1142/449/600
f 1144/451/600 1137/444/598 1142/449/600
f 1145/452/546 1144/451/600 1142/449/600
f 1145/452/546 1146/453/601 1144/451/600
f 1147/454/600 1144/451/600 1146/453/601
f 1148/455/600 1142/449/600 1143/450/600
f 1143/450/600 1149/456/546 1148/455/600
f 1143/450/600 1150/457/546 1149/456/546
f 1151/458/546 1149/456/546 1150/457/546
f 1152/459/546 1148/455/600 1149/456/546
f 1148/455/600 1152/459/546 1153/460/546
f 1154/461/546 1153/460/546 1152/459/546
f 1149/456/546 1155/462/546 1152/459/546
f 1156/463/546 1152/459/546 1155/462/546
f 1157/464/25 1158/439/26 1159/365/602
f 1160/421/603 1161/365/604 1158/439/26
f 1159/365/605 1160/421/563 1162/367/562
f 1163/364/492 1164/441/594 1165/362/606
f 1166/422/564 1167/421/607 1168/440/590
f 1169/366/19 1170/465/94 1171/365/608
f 1172/423/566 1173/415/555 1174/414/554
f 1174/414/554 1175/426/569 1172/423/566
f 1176/466/609 1177/467/610 1174/414/611
f 1178/440/612 1179/439/26 1180/468/613
f 1181/441/594 1182/469/614 1183/405/615
f 1184/407/616 1185/408/545 1186/470/22
f 1187/412/617 1188/471/618 1189/410/553
f 1190/470/22 1191/468/619 1192/439/620
f 1193/471/621 1194/405/592 1195/469/622
f 1196/472/623 1197/473/33 1198/433/31
f 1199/414/624 1200/413/35 1201/466/34
f 1202/474/92 1203/475/38 1204/430/37
f 1205/427/570 1206/426/625 1207/476/626
f 1207/476/626 1208/474/117 1205/427/570
f 1209/428/572 1210/424/573 1211/477/627
f 1212/430/37 1213/427/628 1214/474/629
f 1215/478/630 1216/479/631 1217/434/581
f 1218/464/632 1219/365/608 1220/465/94
f 1221/406/537 1222/404/633 1223/402/531
f 1224/432/634 1225/431/635 1226/480/636
f 1226/480/636 1227/481/637 1224/432/634
f 1228/426/625 1229/414/624 1230/467/109
f 1230/467/109 1231/476/638 1228/426/625
f 1232/482/546 1233/483/639 1234/484/546
f 1235/485/600 1233/483/639 1232/482/546
f 1236/486/639 1233/483/639 1235/485/600
f 1237/487/640 1235/485/600 1232/482/546
f 1238/373/546 1239/369/546 1240/375/546
f 1241/371/546 1242/369/546 1243/373/546
f 1242/369/546 1244/382/546 1245/375/546
f 1245/375/546 1244/382/546 1246/388/546
f 1246/388/546 1244/382/546 1247/386/641
f 1248/390/546 1245/375/546 1246/388/546
f 1245/375/546 1248/390/546 1249/377/546
f 1250/392/546 1249/377/546 1248/390/546
f 1249/377/546 1250/392/546 1251/378/546
f 1252/393/546 1251/378/546 1250/392/546
f 1252/393/546 1253/488/546 1251/378/546
f 1254/489/642 1251/378/546 1253/488/546
f 1254/489/642 1253/488/546 1255/490/642
f 1256/491/642 1254/489/642 1255/490/642
f 1257/492/642 1255/490/642 1253/488/546
f 1253/488/546 1258/493/642 1257/492/642
f 1257/492/642 1259/494/546 1255/490/642
f 1255/490/642 1259/494/546 1260/495/598
f 1261/496/546 1255/490/642 1260/495/598
f 1260/495/598 1262/497/546 1261/496/546
f 1262/497/546 1263/498/499 1261/496/546
f 1261/496/546 1263/498/499 1264/499/499
f 1263/498/499 1265/500/499 1264/499/499
f 1266/501/499 1264/499/499 1265/500/499
f 1267/502/643 1268/503/644 1269/504/644
f 1270/505/643 1269/504/644 1268/503/644
f 1271/506/645 1269/504/644 1270/505/643
f 1272/507/646 1273/508/647 1274/509/647
f 1274/509/647 1275/510/648 1272/507/646
f 1276/511/647 1272/507/646 1275/510/648
f 1277/512/649 1278/513/484 1279/514/650
f 1280/515/651 1281/516/652 1282/517/486
f 1283/518/653 1285/519/654 1284/520/503
f 1286/521/655 1284/520/503 1285/519/654
f 1287/522/656 1288/523/657 1289/524/658
f 1290/525/655 1289/524/658 1288/523/657
f 1291/513/659 1292/526/660 1293/527/589
f 1294/517/661 1295/528/494 1296/529/662
f 1297/530/40 1298/527/589 1299/526/660
f 1300/531/597 1301/529/663 1302/528/494
f 1304/532/571 1305/533/664 1303/534/31
f 1306/535/572 1307/536/665 1308/532/571
f 1309/537/666 1310/538/667 1311/526/668
f 1312/539/669 1313/529/670 1314/540/671
f 1315/534/31 1316/533/672 1317/541/673
f 1318/530/40 1319/526/668 1320/538/667
f 1321/531/597 1322/540/671 1323/529/662
f 1324/542/674 1325/536/675 1326/535/572
f 1327/543/676 1328/544/677 1329/545/678
f 1330/546/116 1331/547/81 1332/544/679
f 1333/548/680 1334/543/681 1335/549/682
f 1336/533/683 1337/550/684 1338/541/685
f 1339/551/686 1340/550/684 1341/536/687
f 1341/536/687 1342/533/672 1343/532/571
f 1342/533/672 1341/536/687 1344/550/688
f 1345/552/689 1346/553/690 1347/554/691
f 1348/555/692 1349/556/693 1350/557/694
f 1351/558/695 1352/559/696 1353/552/689
f 1354/551/697 1355/536/675 1356/542/698
f 1357/560/699 1358/561/700 1359/562/701
f 1358/561/700 1357/560/699 1360/563/702
f 1361/564/703 1362/557/694 1363/565/704
f 1362/557/694 1361/564/703 1364/555/705
f 1365/566/695 1364/555/705 1361/564/703
f 1366/567/706 1363/565/704 1362/557/694
f 1363/565/704 1366/567/706 1367/568/707
f 1368/569/708 1367/568/707 1366/567/706
f 1367/568/707 1368/569/708 1369/570/709
f 1370/571/710 1366/567/711 1371/572/712
f 1366/567/711 1370/571/710 1372/569/713
f 1373/572/712 1362/557/714 1374/556/715
f 1362/557/714 1373/572/712 1375/567/711
f 1376/573/716 1377/574/707 1378/575/717
f 1376/573/716 1379/576/718 1377/574/707
f 1380/577/704 1377/574/707 1379/576/718
f 1378/575/717 1381/578/141 1382/573/716
f 1378/575/717 1383/579/719 1381/578/141
f 1379/576/718 1384/553/690 1380/577/704
f 1385/559/696 1380/577/704 1384/553/690
f 1384/553/690 1386/552/689 1385/559/696
f 1387/580/720 1388/581/721 1379/576/722
f 1379/576/722 1389/573/723 1387/580/720
f 1390/581/54 1391/554/724 1384/553/725
f 1384/553/725 1392/576/722 1390/581/54
f 1393/541/726 1394/550/727 1395/582/728
f 1396/583/729 1397/584/730 1398/585/149
f 1398/585/149 1399/586/731 1396/583/729
f 1400/587/732 1401/588/733 1402/586/731
f 1403/589/734 1404/590/735 1405/591/736
f 1406/592/737 1407/593/738 1408/590/739
f 1407/593/738 1406/592/737 1409/594/740
f 1410/595/130 1411/573/716 1412/578/741
f 1410/595/130 1413/580/720 1411/573/716
f 1414/596/742 1415/563/702 1416/560/743
f 1415/563/702 1414/596/742 1417/545/744
f 1415/563/702 1418/597/745 1419/561/746
f 1418/597/745 1415/563/702 1420/598/747
f 1421/545/678 1420/598/747 1415/563/702
f 1420/598/747 1421/545/678 1422/544/677
f 1420/598/747 1422/544/677 1423/547/81
f 1423/547/81 1424/599/748 1420/598/747
f 1425/549/749 1421/545/744 1426/596/750
f 1421/545/744 1425/549/749 1427/543/681
f 1428/599/748 1429/600/751 1418/597/752
f 1418/597/752 1430/598/753 1428/599/748
f 1431/601/754 1432/561/746 1418/597/752
f 1432/561/746 1431/601/754 1433/594/755
f 1434/584/756 1435/594/757 1431/601/754
f 1436/602/136 1434/584/730 1437/600/758
f 1436/602/136 1438/585/149 1434/584/730
f 1434/584/756 1439/583/759 1435/594/757
f 1440/593/760 1435/594/757 1439/583/759
f 1440/593/760 1439/583/759 1441/603/761
f 1435/594/740 1442/562/762 1443/561/746
f 1442/562/762 1435/594/740 1444/592/737
f 1445/604/763 1441/603/761 1439/583/759
f 1441/603/761 1445/604/763 1446/591/736
f 1441/603/761 1446/591/736 1447/590/735
f 1441/603/761 1447/590/735 1448/593/764
f 1449/588/765 1446/591/736 1450/604/766
f 1445/604/767 1451/586/731 1449/588/765
f 1445/604/767 1452/583/768 1451/586/731
f 1453/605/769 1454/606/769 1455/607/770
f 1456/608/770 1455/607/770 1454/606/769
f 1456/608/770 1457/609/87 1455/607/770
f 1455/607/770 1457/609/87 1458/610/771
f 1459/611/772 1460/612/773 1461/613/769
f 1462/614/769 1461/613/769 1460/612/773
f 1463/615/774 1464/616/775 1465/617/776
f 1466/537/777 1467/618/778 1468/619/779
f 1467/618/778 1466/537/777 1469/526/780
f 1469/526/780 1470/513/769 1467/618/778
f 1470/513/769 1471/512/769 1467/618/778
f 1472/620/155 1473/621/781 1474/622/782
f 1472/620/155 1475/623/142 1473/621/781
f 1473/621/783 1476/619/784 1477/618/778
f 1473/621/783 1478/579/785 1476/619/784
f 1479/624/786 1476/619/784 1478/579/785
f 1478/579/785 1378/575/717 1479/624/786
f 1480/625/787 1479/624/786 1378/575/717
f 1480/625/787 1378/575/717 1377/574/707
f 1481/624/788 1482/625/789 1483/626/198
f 1484/569/708 1485/627/790 1486/628/791
f 1485/627/790 1484/569/708 1487/571/710
f 1488/629/792 1489/628/793 1490/627/790
f 1489/628/793 1488/629/792 1491/630/794
f 1489/628/793 1369/570/709 1492/569/708
f 1369/570/709 1489/628/793 1493/631/795
f 1494/630/796 1493/631/795 1489/628/793
f 1493/631/795 1494/630/796 1495/632/797
f 1496/616/775 1495/632/797 1494/630/796
f 1497/633/798 1496/616/799 1498/634/800
f 1497/633/798 1499/617/801 1496/616/799
f 1496/616/775 1500/615/774 1495/632/797
f 1501/539/802 1495/632/797 1500/615/774
f 1501/539/802 1500/615/774 1502/529/769
f 1503/517/769 1502/529/769 1500/615/774
f 1504/515/769 1503/517/769 1500/615/774
f 1505/626/198 1506/635/803 1507/624/788
f 1508/619/804 1509/624/788 1510/635/805
f 1508/619/804 1510/635/805 1511/537/806
f 1512/636/71 1513/537/807 1514/635/808
f 1515/637/809 1516/551/697 1517/542/810
f 1518/632/811 1519/539/812 1520/638/813
f 1518/632/811 1520/638/813 1521/631/814
f 1522/639/815 1523/631/814 1524/638/813
f 1523/631/814 1522/639/815 1525/570/816
f 1526/640/817 1527/638/813 1528/539/812
f 1529/641/818 1530/642/819 1531/643/819
f 1532/644/819 1531/643/819 1530/642/819
f 1533/645/820 1534/646/821 1535/647/822
f 1536/648/819 1535/647/822 1534/646/821
f 1537/537/807 1538/636/71 1539/538/823
f 1540/640/824 1541/539/825 1542/540/826
f 1543/601/827 1544/597/828 1545/600/758
f 1543/601/827 1545/600/758 1546/584/730
f 1548/623/142 1547/578/141 1549/579/719
f 1549/579/719 1550/621/783 1548/623/142
f 1551/649/829 1553/566/830 1554/650/831
f 1554/650/832 1555/564/833 1556/651/834
f 1555/564/833 1554/650/832 1557/566/830
f 1552/651/834 1558/565/835 1559/652/836
f 1558/565/835 1552/651/834 1560/564/833
f 1561/652/836 1562/568/837 1563/653/838
f 1562/568/837 1561/652/836 1564/565/839
f 1566/618/778 1565/622/840 1567/621/783
f 1569/634/800 1570/630/794 1568/629/792
f 1570/630/794 1569/634/800 1571/616/799
f 1573/570/816 1572/653/841 1574/568/837
f 1572/653/841 1573/570/816 1575/639/842
f 1576/654/843 1577/655/844 1578/558/845
f 1577/655/181 1579/656/195 1580/559/846
f 1580/559/846 1581/558/845 1577/655/181
f 1582/656/195 1583/657/847 1584/577/848
f 1584/577/848 1585/559/846 1582/656/195
f 1587/574/849 1588/577/848 1586/657/847
f 1587/574/849 1586/657/847 1589/625/850
f 1590/658/851 1591/626/198 1592/625/850
f 1590/658/851 1592/625/850 1593/657/847
f 1594/659/852 1595/660/852 1596/661/852
f 1597/662/852 1596/661/852 1595/660/852
f 1598/663/853 1599/664/854 1600/665/854
f 1601/666/854 1600/665/854 1599/664/854
f 1602/665/853 1603/666/855 1604/667/356
f 1605/668/357 1604/667/356 1603/666/855
f 1606/667/356 1607/668/356 1608/669/356
f 1609/670/357 1608/669/356 1607/668/356
f 1610/671/819 1611/672/856 1612/673/819
f 1613/674/856 1612/673/819 1611/672/856
f 1614/675/819 1615/676/819 1616/677/856
f 1617/678/819 1616/677/856 1615/676/819
f 1618/679/857 1619/680/414 1620/681/858
f 1621/682/859 1622/683/860 1623/684/861
f 1624/685/862 1625/681/858 1626/680/414
f 1627/686/863 1628/684/861 1629/683/864
f 1630/687/769 1631/688/769 1632/689/769
f 1631/688/769 1633/690/769 1632/689/769
f 1633/690/769 1634/691/769 1632/689/769
f 1635/692/769 1634/691/769 1633/690/769
f 1636/693/865 1638/694/866 1639/695/867
f 1640/696/866 1637/695/867 1638/694/866
f 1640/696/866 1638/694/866 1641/697/868
f 1642/698/869 1641/697/868 1638/694/866
f 1641/697/868 1642/698/869 1643/699/870
f 1644/700/871 1643/699/870 1645/698/872
f 1646/701/873 1647/702/874 1648/703/875
f 1649/704/876 1648/703/875 1650/702/874
f 1651/705/877 1652/706/878 1653/707/879
f 1655/708/880 1653/707/879 1654/709/881
f 1656/709/882 1657/707/879 1658/706/878
f 1659/710/528 1660/711/883 1661/712/884
f 1663/713/885 1662/714/536 1664/715/886
f 1665/716/552 1666/717/480 1667/718/887
f 1665/716/552 1667/718/887 1668/719/888
f 1668/719/888 1667/718/887 1669/720/887
f 1670/721/532 1671/722/889 1672/723/596
f 1673/724/890 1674/725/627 1675/726/573
f 1676/727/891 1677/728/892 1678/729/893
f 1676/727/891 1678/729/893 1679/723/596
f 1680/726/573 1681/730/894 1682/724/895
f 1683/731/595 1684/732/581 1685/733/896
f 1686/734/621 1687/715/897 1688/714/592
f 1689/719/898 1690/735/899 1687/715/900
f 1691/713/885 1687/715/901 1692/736/535
f 1693/737/637 1694/724/902 1695/730/894
f 1695/730/894 1696/738/634 1693/737/637
f 1697/739/903 1698/740/904 1699/741/577
f 1699/741/577 1700/731/905 1697/739/903
f 1701/733/906 1702/739/907 1703/731/905
f 1704/721/533 1705/742/908 1706/743/909
f 1707/744/910 1708/745/911 1709/746/912
f 1710/745/911 1707/744/913 1711/747/914
f 1712/748/915 1709/746/891 1710/745/916
f 1712/748/915 1713/723/596 1709/746/891
f 1714/749/917 1715/748/918 1710/745/916
f 1716/747/919 1714/749/917 1717/745/920
f 1718/723/921 1715/748/918 1719/749/917
f 1720/750/922 1721/751/923 1722/752/924
f 1720/750/922 1722/752/924 1723/753/925
f 1722/752/926 1724/754/927 1725/755/928
f 1726/752/926 1725/755/928 1727/756/929
f 1726/752/926 1727/756/929 1728/757/930
f 1729/758/749 1727/756/931 1730/759/932
f 1727/756/931 1729/758/749 1731/760/933
f 1732/743/909 1733/742/908 1734/761/934
f 1735/761/935 1733/742/908 1736/762/936
f 1737/743/937 1734/761/938 1738/722/889
f 1738/722/889 1739/721/532 1737/743/937
f 1740/763/671 1741/728/939 1742/764/817
f 1740/763/671 1743/729/597 1741/728/939
f 1744/765/940 1745/766/941 1746/767/942
f 1747/715/901 1748/734/621 1749/719/888
f 1751/760/943 1750/768/944 1752/769/945
f 1750/768/944 1751/760/943 1753/758/749
f 1751/760/943 1754/757/930 1755/756/929
f 1754/757/930 1751/760/943 1756/770/946
f 1757/771/737 1758/772/947 1759/773/948
f 1758/772/947 1757/771/737 1760/774/949
f 1758/772/950 1761/775/951 1762/776/952
f 1761/775/951 1758/772/950 1763/777/953
f 1761/775/951 1764/778/800 1765/779/954
f 1764/778/800 1761/775/951 1766/780/798
f 1767/781/955 1768/782/956 1769/783/957
f 1770/784/957 1769/783/957 1768/782/956
f 1769/783/957 1770/784/957 1771/785/958
f 1772/786/958 1771/785/958 1770/784/957
f 1771/785/958 1772/786/958 1773/787/959
f 1774/788/773 1773/787/959 1772/786/958
f 1775/789/960 1776/736/535 1777/715/900
f 1775/789/960 1777/715/900 1778/735/899
f 1779/742/961 1780/789/962 1781/790/919
f 1782/742/963 1783/736/964 1780/789/960
f 1784/721/532 1785/736/535 1782/742/963
f 1786/753/925 1787/757/965 1788/791/790
f 1787/757/965 1786/753/925 1789/752/924
f 1790/792/966 1791/767/942 1792/766/967
f 1793/793/968 1794/767/969 1795/792/970
f 1796/725/971 1797/724/895 1798/794/972
f 1799/795/973 1800/794/809 1801/724/974
f 1802/796/975 1803/759/680 1804/756/931
f 1805/797/976 1806/798/977 1807/749/917
f 1807/749/917 1808/798/978 1809/799/979
f 1810/723/596 1807/749/917 1811/799/979
f 1812/754/980 1813/752/924 1814/751/981
f 1815/733/896 1816/800/982 1817/801/983
f 1818/802/984 1819/801/985 1820/800/986
f 1821/803/987 1822/804/887 1823/805/988
f 1823/805/989 1824/806/990 1825/702/887
f 1826/807/991 1827/808/992 1828/809/993
f 1829/724/974 1830/737/994 1831/795/995
f 1832/810/996 1833/795/995 1834/737/994
f 1835/811/987 1836/809/993 1837/808/992
f 1838/812/997 1839/813/998 1840/814/999
f 1841/814/1000 1842/807/991 1838/812/1001
f 1843/815/887 1844/816/1002 1845/817/1003
f 1844/816/1002 1843/815/887 1846/818/1004
f 1845/817/1003 1847/819/832 1843/815/887
f 1847/819/832 1845/817/1003 1848/820/1005
f 1849/821/834 1843/815/887 1847/819/832
f 1843/815/887 1849/821/834 1850/822/887
f 1850/822/887 1851/818/1004 1843/815/887
f 1852/823/1006 1853/822/887 1849/821/834
f 1850/822/887 1852/823/836 1854/824/887
f 1854/824/887 1855/825/1007 1850/822/887
f 1851/818/1004 1850/822/887 1855/825/1007
f 1855/825/1007 1854/824/887 1856/826/1008
f 1857/827/887 1856/826/1008 1854/824/887
f 1856/826/1008 1857/827/887 1858/828/1009
f 1856/826/1008 1859/829/887 1855/825/1007
f 1859/829/887 1856/826/1008 1860/830/887
f 1861/828/1010 1860/830/887 1856/826/1008
f 1862/831/1011 1863/774/1012 1864/832/734
f 1865/811/987 1866/749/917 1867/747/919
f 1868/809/993 1865/811/987 1867/747/919
f 1869/833/1013 1870/834/1014 1867/747/1015
f 1869/833/1013 1867/747/1015 1707/744/913
f 1871/833/1016 1872/835/1017 1873/834/1018
f 1872/835/1017 1871/833/1016 1874/836/913
f 1875/761/938 1876/762/1019 1874/836/910
f 1874/836/910 1877/722/889 1875/761/938
f 1878/744/913 1879/836/910 1871/833/1013
f 1878/744/913 1880/746/891 1879/836/910
f 1881/722/889 1879/836/910 1880/746/891
f 1880/746/891 1882/723/596 1881/722/889
f 1883/837/1020 1884/780/1021 1885/838/1022
f 1886/737/994 1887/740/1023 1888/810/996
f 1889/839/1024 1890/840/1025 1891/739/1026
f 1891/739/1026 1892/733/906 1889/839/1024
f 1893/769/945 1894/841/1027 1895/776/1028
f 1894/841/1027 1893/769/945 1896/768/750
f 1897/840/1029 1898/810/996 1899/740/636
f 1899/740/636 1900/739/1026 1897/840/1029
f 1901/842/1030 1902/843/1031 1903/844/1032
f 1902/843/1031 1901/842/1030 1904/845/1033
f 1905/773/1034 1906/776/1028 1907/841/743
f 1906/776/1028 1905/773/1034 1908/772/947
f 1909/779/1035 1906/776/952 1910/775/1036
f 1906/776/952 1909/779/1035 1911/769/1037
f 1912/846/792 1909/779/954 1913/778/1038
f 1909/779/954 1912/846/792 1914/770/1039
f 1915/847/1040 1916/845/1041 1917/842/1030
f 1918/845/1042 1915/847/1040 1919/848/1043
f 1920/849/887 1861/828/1009 1921/827/887
f 1861/828/1009 1920/849/887 1922/797/1044
f 1923/850/1017 1922/797/1044 1920/849/887
f 1923/850/1017 1924/728/892 1922/797/1044
f 1921/827/887 1925/851/842 1920/849/887
f 1925/851/842 1921/827/887 1926/852/1045
f 1927/824/887 1928/852/1045 1921/827/887
f 1928/852/1045 1927/824/887 1929/823/1006
f 1930/801/985 1931/839/1024 1932/733/906
f 1933/853/1046 1934/814/999 1935/813/1047
f 1936/845/1041 1937/854/1048 1938/843/1031
f 1939/854/1048 1936/845/1042 1940/855/1049
f 1941/808/987 1860/830/887 1861/828/1010
f 1942/856/1050 1859/829/887 1943/857/1051
f 1859/829/887 1942/856/1050 1944/858/1052
f 1944/858/1052 1855/825/1007 1945/829/887
f 1855/825/1007 1944/858/1052 1846/818/1004
f 1944/858/1052 1946/859/1053 1947/860/887
f 1946/859/1054 1948/858/1052 1949/856/1050
f 1950/860/887 1851/818/1004 1948/858/1055
f 1851/818/1004 1950/860/887 1844/816/1056
f 1951/861/887 1844/816/1056 1950/860/887
f 1844/816/1056 1951/861/887 1952/862/1057
f 1951/861/887 1950/860/887 1953/863/1058
f 1951/861/887 1953/863/1058 1954/804/887
f 1955/864/1059 1953/863/1058 1950/860/887
f 1955/864/1059 1950/860/887 1956/859/1060
f 1946/859/1054 1957/865/887 1955/864/1059
f 1958/866/887 1955/864/1059 1957/865/887
f 1955/864/1059 1958/866/887 1959/863/1058
f 1957/865/887 1946/859/1054 1960/867/1014
f 1960/867/1014 1961/868/887 1957/865/887
f 1962/856/1050 1960/867/1014 1946/859/1054
f 1961/868/887 1960/867/1014 1963/869/1061
f 1960/867/1014 1962/856/1050 1964/870/1062
f 1964/870/1062 1963/869/1061 1960/867/1014
f 1963/869/1061 1965/871/1061 1966/872/1063
f 1964/870/1062 1967/873/887 1963/869/1061
f 1968/874/887 1963/869/1061 1967/873/887
f 1968/874/887 1967/873/887 1969/875/1064
f 1970/876/1065 1969/875/1064 1967/873/887
f 1970/876/1065 1971/877/1066 1969/875/1064
f 1972/878/1067 1969/875/1064 1971/877/1066
f 1971/877/1066 1973/813/1068 1972/878/1067
f 1964/870/1062 1974/879/1062 1967/873/887
f 1964/870/1062 1975/880/1069 1974/879/1062
f 1974/879/1062 1976/881/1070 1967/873/887
f 1975/880/1069 1977/853/1071 1974/879/1062
f 1978/881/1070 1974/879/1062 1977/853/1071
f 1979/876/1065 1967/873/1072 1978/881/1070
f 1976/881/1073 1980/877/1074 1979/876/1075
f 1975/880/1076 1981/857/1051 1982/808/987
f 1983/830/887 1982/808/987 1981/857/1051
f 1983/830/887 1981/857/1051 1984/829/887
f 1985/882/1077 1972/878/1078 1986/813/1068
f 1986/813/1068 1987/812/1001 1985/882/1077
f 1988/883/1079 1985/882/1077 1987/812/1001
f 1987/812/1001 1989/884/1080 1988/883/1079
f 1990/885/1081 1988/883/1079 1989/884/1080
f 1991/884/1082 1987/812/1001 1992/807/991
f 1993/870/1062 1994/857/1083 1995/880/1084
f 1994/857/1083 1993/870/1062 1996/856/1085
f 1997/835/1017 1998/762/1019 1999/886/887
f 1997/835/1017 2000/836/913 1998/762/1019
f 2001/880/1069 2002/814/1000 2003/853/1086
f 2004/789/1087 2005/735/899 2006/790/1015
f 2007/790/1015 2005/735/1088 2008/887/1083
f 2006/790/919 2009/887/1051 2010/888/1089
f 2006/790/919 2010/888/1089 2011/742/963
f 2012/889/1090 2013/890/1091 2014/891/1092
f 2013/890/1091 2012/889/1090 2015/892/1091
f 2016/893/1093 2015/892/1091 2012/889/1090
f 2015/892/1091 2016/893/1093 2017/894/1094
f 2012/889/1090 2018/895/1095 2016/893/1093
f 2018/895/1095 2012/889/1090 2019/896/1096
f 2020/897/1097 2021/898/887 2019/896/1098
f 2021/898/887 2020/897/1097 2022/899/887
f 2023/896/1096 2024/891/1092 2020/897/1099
f 2024/891/1092 2023/896/1096 2025/889/1090
f 2023/896/1098 2026/900/887 2027/895/1095
f 2026/900/887 2023/896/1098 2028/898/1072
f 2028/898/1072 2029/901/1072 2026/900/887
f 2028/898/1072 2030/899/1100 2029/901/1072
f 2031/850/1017 2032/849/1101 2033/764/817
f 2031/850/1017 2033/764/817 2034/728/892
f 2035/902/1102 2032/849/887 2036/851/842
f 2035/902/1102 2037/764/824 2032/849/887
f 2038/871/1103 2039/903/1104 2040/872/1063
f 2041/904/1105 2042/886/887 2043/762/1019
f 2044/905/887 2045/906/887 2046/907/1106
f 2047/907/1107 2048/712/1108 2049/905/887
f 2050/908/1109 2051/702/887 2052/806/990
f 2050/908/1109 2053/909/1110 2051/702/887
f 2053/909/1110 2050/908/1109 2054/910/887
f 2050/908/1109 2052/806/990 2055/911/887
f 1953/863/1111 2055/911/887 2052/806/990
f 2055/911/887 1953/863/1111 2056/866/887
f 2056/866/887 2057/912/887 2055/911/887
f 2057/912/887 2056/866/887 2058/913/887
f 2059/865/1072 2058/913/887 2056/866/887
f 2058/913/887 2059/865/1072 2060/868/887
f 2053/909/887 2061/914/1112 2062/704/887
f 2061/914/1112 2053/909/887 2063/915/1113
f 2064/915/1113 2065/916/1114 2061/914/1115
f 2065/916/1114 2064/915/1113 2066/917/1116
f 2067/918/1117 2066/917/1116 2068/919/1118
f 2066/917/1116 2067/918/1117 2069/916/1119
f 2070/920/1120 2065/916/1116 2071/918/1117
f 2065/916/1116 2070/920/1120 2072/921/1119
f 2072/921/1119 2073/914/1115 2065/916/1116
f 2072/921/1119 2074/922/1121 2073/914/1115
f 2075/923/1115 2073/914/1115 2076/922/1122
f 2076/922/1123 2077/921/1124 2078/924/1125
f 2079/925/1126 2077/921/1116 2080/920/1120
f 2079/925/1126 2081/924/1125 2077/921/1116
f 2079/925/1126 2082/901/887 2081/924/1125
f 2082/901/887 2079/925/1126 2083/926/1072
f 2083/926/1072 2084/900/1072 2082/901/887
f 2084/900/1072 2083/926/1072 2085/927/1072
f 2086/928/1127 2082/901/1127 2022/899/1127
f 2070/920/1128 2087/926/887 2079/925/1129
f 2087/926/887 2070/920/1128 2088/929/1072
f 2067/918/1130 2088/929/1072 2070/920/1128
f 2088/929/1072 2089/927/1072 2087/926/887
f 2088/929/1072 2067/918/1130 2090/930/1072
f 2090/930/1072 2091/931/1072 2088/929/1072
f 2089/927/1072 2088/929/1072 2091/931/1072
f 2090/930/1072 2092/932/1127 2091/931/1072
f 2093/933/1072 2094/934/1072 2092/932/1072
f 2094/934/1072 2093/933/1072 2095/935/1072
f 2091/931/1072 2096/936/1131 2089/927/1072
f 2018/895/1095 2089/927/1072 2096/936/1131
f 2089/927/1072 2018/895/1095 2026/900/887
f 2096/936/1131 2091/931/1072 2097/844/1132
f 2098/937/887 2097/844/1132 2091/931/1072
f 2097/844/1132 2098/937/887 2099/842/1030
f 2096/936/1131 2100/893/1093 2101/895/1095
f 2100/893/1093 2096/936/1131 2102/938/1133
f 2103/938/1134 2104/894/1135 2100/893/1136
f 2104/894/1135 2103/938/1134 2105/314/1094
f 2106/938/1137 2097/844/1138 2107/843/1031
f 2097/844/1138 2106/938/1137 2108/936/1131
f 2109/843/1031 2110/314/1135 2106/938/1134
f 2110/314/1135 2109/843/1031 2111/854/1048
f 2099/842/1030 2112/934/887 2113/935/1139
f 2112/934/887 2099/842/1030 2114/937/1072
f 2114/937/1072 2115/932/1072 2112/934/887
f 2114/937/1072 2116/931/1072 2115/932/1072
f 2117/735/1088 2113/935/887 2118/933/887
f 2117/735/1088 2119/939/1101 2113/935/887
f 2117/735/1088 2120/719/888 2119/939/1101
f 2121/720/1140 2119/939/1140 2122/719/888
f 2123/716/552 2122/719/1141 2124/734/1142
f 2115/932/887 2125/940/1143 2118/933/887
f 2125/940/1143 2115/932/887 2126/919/1144
f 2127/930/887 2126/919/1144 2115/932/887
f 2126/919/1144 2127/930/887 2067/918/1145
f 2126/919/1144 2128/941/1146 2125/940/1143
f 2128/941/1146 2126/919/1144 2129/917/1116
f 2130/942/1146 2125/940/1147 2131/941/1146
f 2125/940/1147 2130/942/1146 2132/887/1051
f 2129/917/1116 2133/943/1148 2128/941/1146
f 2133/943/1148 2129/917/1116 2063/915/1149
f 2134/944/1150 2128/941/1146 2133/943/1148
f 2128/941/1146 2134/944/1150 2135/942/1146
f 2063/915/1149 2136/910/887 2133/943/1148
f 2136/910/887 2063/915/1149 2137/909/887
f 2138/704/887 2139/702/887 2137/909/887
f 2140/912/887 2133/943/1148 2136/910/887
f 2133/943/1148 2140/912/887 2134/944/1150
f 2136/910/887 2141/911/1072 2140/912/887
f 2141/911/1072 2136/910/887 2142/908/1110
f 2143/913/887 2134/944/1150 2140/912/887
f 2144/923/1112 2145/704/887 2146/914/1112
f 2147/887/1083 2148/933/887 2149/940/1151
f 2148/933/887 2147/887/1083 2150/735/1088
f 2151/809/1152 2152/747/1015 2153/834/887
f 2154/886/1153 2155/834/1153 2156/835/1154
f 2157/945/887 2158/946/887 2159/947/887
f 2157/945/887 2160/948/887 2158/946/887
f 2161/711/1155 2162/946/1072 2163/948/1072
f 2163/948/887 2164/712/1156 2165/711/1155
f 2166/847/1157 2167/842/1030 2168/935/887
f 2166/847/1157 2168/935/887 2169/949/1158
f 2170/905/887 2171/950/887 2172/906/887
f 2173/951/1159 2174/899/887 2175/897/1097
f 2176/899/887 2177/951/1159 2178/708/887
f 2179/928/887 2180/924/1125 2181/901/887
f 2182/952/887 2183/953/887 2184/954/887
f 2185/955/1160 2186/956/1161 2187/708/887
f 2188/957/887 2189/958/887 2190/952/887
f 2188/957/887 2191/705/887 2189/958/887
f 2192/959/887 2193/960/887 2194/961/887
f 2195/948/887 2196/905/1101 2197/712/1108
f 2195/948/887 2198/945/887 2196/905/1101
f 2199/899/1014 2200/708/1014 2201/928/1014
f 2202/717/468 2203/907/1107 2204/906/887
f 2134/944/1150 2143/913/887 2205/962/1162
f 2205/962/1162 2130/942/1146 2134/944/1150
f 2206/868/887 2205/962/1163 2207/913/1072
f 2205/962/1163 2206/868/887 2208/963/1009
f 2130/942/1146 2205/962/1162 2209/964/1164
f 2209/964/1164 2132/887/1051 2130/942/1146
f 2209/964/1164 2210/888/1165 2132/887/1051
f 2211/963/1009 2209/964/1164 2205/962/1162
f 2212/965/1166 2209/964/1164 2211/963/1009
f 2213/872/1167 2212/965/1166 2211/963/1009
f 2211/963/1009 2214/869/1061 2213/872/1167
f 2214/869/1061 2211/963/1009 2215/868/887
f 2216/767/942 2217/966/1168 2218/765/940
f 2219/955/1169 2220/708/887 2221/951/1170
f 2221/951/1171 2222/897/1099 2223/967/1172
f 2224/967/1173 2225/968/1174 2226/969/1175
f 2227/970/1176 2017/894/1177 2228/971/1178
f 2017/894/1179 2229/970/1176 2230/892/1091
f 2231/972/1180 2230/892/1091 2229/970/1176
f 2230/892/1091 2231/972/1180 2232/890/1091
f 2233/973/1181 2232/890/1091 2234/972/1180
f 2227/970/1182 2235/974/1183 2231/972/1184
f 2235/974/1183 2227/970/1182 2236/975/1185
f 2013/890/1091 2233/973/1181 2237/976/1186
f 2238/977/887 2239/950/887 2236/975/1187
f 2236/975/1187 2239/950/887 2240/974/1188
f 2241/978/1189 2231/972/1190 2240/974/1188
f 2231/972/1190 2241/978/1189 2242/973/1191
f 2235/974/1188 2243/979/887 2244/978/1192
f 2243/979/887 2235/974/1188 2245/950/887
f 2245/950/887 2246/945/887 2243/979/887
f 2246/945/887 2245/950/887 2247/905/887
f 2241/978/1192 2248/980/887 2249/981/1193
f 2248/980/887 2241/978/1192 2250/979/887
f 2250/979/887 2251/947/887 2248/980/887
f 2251/947/887 2250/979/887 2252/945/887
f 2253/981/1194 2254/973/1191 2241/978/1189
f 2254/973/1191 2253/981/1194 2255/982/1195
f 2251/947/887 2256/983/887 2257/984/887
f 2256/983/887 2251/947/887 2258/946/887
f 2255/982/1196 2259/976/1197 2242/973/1198
f 2259/976/1197 2255/982/1196 2260/985/1199
f 2260/985/1199 2261/968/1174 2259/976/1197
f 2260/985/1199 2262/969/1200 2261/968/1174
f 2014/891/1092 2259/976/1197 2261/968/1174
f 2259/976/1197 2014/891/1092 2013/890/1091
f 2261/968/1174 2020/897/1201 2014/891/1092
f 2261/968/1174 2263/967/1202 2020/897/1201
f 2264/854/1203 2265/986/1204 2266/765/1205
f 2267/987/739 2268/774/949 2269/771/737
f 2267/987/739 2270/832/734 2268/774/949
f 2268/774/949 2271/831/1206 2272/777/953
f 2268/774/949 2272/777/953 2273/772/947
f 2272/777/953 2274/838/1022 2275/780/798
f 2272/777/953 2275/780/798 2276/775/951
f 2277/988/1207 2278/872/1208 2279/903/1104
f 2278/872/1209 2280/989/1210 2281/965/1166
f 2280/989/1210 2282/872/1063 2283/988/1207
f 2284/989/1210 2285/990/1211 2281/965/1166
f 2279/903/1104 2286/871/1061 2287/875/1064
f 2288/874/887 2287/875/1064 2286/871/1061
f 2289/869/1061 2288/874/887 2286/871/1061
f 2290/878/1067 2291/903/1104 2287/875/1064
f 2292/991/887 2293/954/887 2294/992/887
f 2293/954/887 2292/991/887 2295/952/887
f 2296/993/1072 2295/952/887 2292/991/887
f 2295/952/887 2296/993/1072 2297/957/887
f 2298/961/887 2297/957/887 2296/993/1072
f 2297/957/887 2298/961/887 2299/960/887
f 2293/954/887 2300/994/887 2301/984/887
f 2300/994/887 2293/954/887 2302/953/887
f 2302/953/887 2295/952/887 2303/958/887
f 2304/707/887 2305/708/887 2303/958/887
f 2303/958/887 2306/956/1161 2302/953/887
f 2302/953/887 2307/995/1212 2300/994/887
f 2307/995/1212 2302/953/887 2306/956/1161
f 2306/956/1161 2308/958/887 2309/708/887
f 2310/707/887 2308/958/887 2311/705/887
f 2312/960/887 2311/705/887 2313/957/887
f 2307/995/1213 2255/982/1196 2314/981/1194
f 2255/982/1196 2307/995/1213 2315/996/1214
f 2315/996/1214 2260/985/1199 2255/982/1196
f 2315/996/1214 2316/997/1215 2260/985/1199
f 2317/956/1216 2315/996/1214 2307/995/1213
f 2317/956/1216 2318/955/1217 2315/996/1214
f 2314/981/1218 2319/994/887 2320/995/1219
f 2319/994/887 2314/981/1218 2321/980/887
f 2321/980/887 2322/984/887 2319/994/887
f 2322/984/887 2321/980/887 2323/947/887
f 2324/992/887 2322/984/887 2325/983/887
f 2322/984/887 2324/992/887 2326/954/887
f 2327/998/1003 2328/820/1005 1845/817/1003
f 1845/817/1003 2329/862/1220 2327/998/1003
f 2329/862/1220 1845/817/1003 1844/816/1002
f 2330/999/1221 2327/998/1003 2329/862/1220
f 2330/999/1221 2329/862/1220 2331/803/1222
f 2332/804/887 2331/803/1222 2329/862/1220
f 2332/804/887 2329/862/1220 2333/861/887
f 2334/806/1223 2332/804/887 1959/863/1058
f 2334/806/1223 2335/805/1224 2332/804/887
f 2336/770/946 2337/769/1037 2338/779/1035
f 2337/769/1037 2336/770/946 2339/760/943
f 2336/770/1039 2340/791/1225 2341/757/965
f 2340/791/1225 2336/770/1039 2342/846/1226
f 2343/793/1227 2344/792/1228 2345/1000/887
f 2346/1001/887 2345/1000/887 2347/792/1229
f 2348/977/1139 2345/1000/1153 2349/906/1127
f 2349/906/1127 2350/950/1127 2348/977/1139
f 2351/1000/887 2352/977/887 2343/793/1227
f 2353/1002/1230 2343/793/1227 2352/977/887
f 2353/1002/1230 2352/977/887 2354/975/1187
f 2355/1002/1230 2356/1003/1231 2343/793/1232
f 2355/1002/1230 2357/975/1185 2356/1003/1231
f 2358/1004/1164 2359/1005/1062 2360/777/953
f 2361/990/1211 2362/904/1233 2363/1006/1166
f 2363/1006/1166 2364/965/1166 2361/990/1211
f 2365/1006/1166 2366/964/1164 2367/965/1166
f 2368/742/963 2369/888/1165 2370/762/936
f 2371/904/1234 2370/762/936 2369/888/1165
f 2372/904/1105 2373/888/1089 2374/1006/1166
f 2373/888/1089 2375/964/1164 2374/1006/1166
f 2376/838/1235 2377/777/953 2378/1005/1062
f 2379/969/1236 2380/985/1199 2381/997/1237
f 2382/796/975 2383/756/929 2384/755/928
f 2385/754/927 2386/1007/1238 2387/755/928
f 2388/1004/1239 2389/777/953 2390/831/1206
f 2391/990/1240 2392/989/1210 2393/885/1241
f 2394/989/1242 2395/988/1243 2396/883/1244
f 2396/883/1244 2397/885/1241 2398/989/1210
f 2400/1008/1245 2399/1009/1246 2402/1010/1247
f 2401/1009/1248 2403/1008/1248 2404/788/887
f 2405/787/887 2404/788/887 2403/1008/1248
f 2406/1011/1249 2402/1010/1247 2399/1009/1246
f 2407/1010/1250 2408/1011/1250 2409/1012/1249
f 2410/1013/1250 2409/1012/1249 2408/1011/1250
f 2411/798/1251 2412/797/1044 2413/728/892
f 2413/728/892 2414/727/912 2411/798/1251
f 2415/799/1252 2411/798/1251 2414/727/912
f 2416/799/979 2414/727/891 2417/723/596
f 2418/828/1009 2412/797/976 2419/808/987
f 2420/814/1000 2419/808/987 2421/807/991
f 2422/880/1069 2419/808/987 2420/814/1000
f 2423/881/1073 2424/853/1253 2425/877/1074
f 2426/1002/1254 2427/975/1255 2428/966/1256
f 2426/1002/1254 2428/966/1256 2429/793/1257
f 2430/813/998 2431/877/1074 2432/853/1253
f 2433/997/1237 2434/996/1258 2435/955/1160
f 2436/314/1094 2437/971/1178 2438/894/1094
f 2436/314/1094 2439/854/1048 2437/971/1178
f 2440/720/1259 2441/1014/1260 2442/939/887
f 2443/949/1158 2442/939/887 2441/1014/1260
f 2442/939/887 2443/949/1158 2444/935/1072
f 2441/1014/1260 2440/720/1259 2445/766/1261
f 2446/718/887 2445/766/1261 2440/720/1259
f 2445/766/1262 2447/855/1049 2448/1014/1263
f 2449/949/1264 2448/1014/1265 2450/848/1266
f 2449/949/1267 2451/848/1268 2452/847/1040
f 2445/766/1261 2446/718/887 2453/792/1269
f 2453/792/1269 2454/1015/1270 2445/766/1261
f 2455/793/1232 2456/1015/1270 2453/792/1269
f 2457/1001/887 2453/792/1269 2446/718/887
f 2458/906/887 2457/1001/887 2446/718/887
f 2459/1000/1271 2457/1001/887 2458/906/887
f 2458/906/887 2446/718/887 2460/717/480
f 2454/1015/1270 2461/1003/1231 2462/855/1272
f 2463/855/1049 2464/766/1262 2454/1015/1270
f 2465/949/1273 2466/1016/1274 2467/847/1275
f 2465/949/1276 2468/1014/1277 2469/1016/1274
f 2470/966/1168 2471/1017/1166 2472/854/1203
f 2472/854/1203 2473/765/1278 2470/966/1168
f 2474/882/1279 2475/883/1244 2476/988/1243
f 2477/811/987 2478/808/987 2479/797/976
f 2480/749/917 2477/811/987 2479/797/976
f 2481/1003/1231 2482/971/1178 2483/854/1280
f 2484/848/1266 2485/855/1281 2486/845/1041
f 2484/848/1266 2487/1014/1265 2485/855/1281
f 2488/766/967 2489/1014/1282 2490/1018/1283
f 2489/1014/1282 2491/949/1273 2490/1018/1283
f 2491/949/1273 2492/847/1275 2490/1018/1283
f 2488/766/967 2493/765/1205 2494/1014/1277
f 2495/1016/1284 2496/1014/1277 2493/765/1205
f 2495/1016/1274 2497/765/1278 2498/986/1285
f 2499/793/1257 2500/792/966 2501/1019/1101
f 2502/767/969 2499/793/1257 2503/966/1256
f 2504/903/1286 2505/878/1287 2506/988/1243
f 2507/971/1288 2508/1003/1231 2509/975/1185
f 2507/971/1288 2509/975/1185 2510/970/1182
f 2511/1020/1289 2512/1021/1290 2513/1022/1291
f 2514/1020/1292 2515/1023/1293 2512/1021/1290
f 2516/1020/1294 2517/1024/1295 2518/1023/1293
f 2519/1025/1296 2520/1026/1297 2521/1027/1298
f 2522/1028/1052 2523/1027/1298 2524/1026/1297
f 2525/1029/1299 2526/1030/1300 2527/1027/1298
f 2528/1031/887 2527/1027/1298 2526/1030/1300
f 2529/1032/887 2527/1027/1298 2528/1031/887
f 2530/1033/1018 2531/703/1100 2532/702/1100
f 2533/1034/1100 2532/702/1100 2531/703/1100
f 2534/1035/1072 2535/706/887 2536/708/887
f 2537/709/1139 2536/708/887 2535/706/887
f 2538/1027/1298 2539/1028/1052 2540/1029/1299
f 2541/314/1301 2542/122/1302 2543/854/1203
f 2542/122/1303 2544/842/1304 2545/986/1305
f 2541/314/1306 2546/854/1307 2547/1017/1308
f 2547/1017/1166 2548/966/1309 2549/975/1255
f 2550/882/1310 2551/988/1207 2552/878/1287
f 2553/1036/863 2554/1037/1306 2555/1038/861
f 2556/1024/1014 2557/1002/1311 2558/1019/1014
f 2559/792/1312 2560/766/1313 2561/1019/887
f 2562/975/1030 2563/1002/1254 2564/1039/1018
f 2565/793/1257 2566/1019/1003 2567/1002/1311
f 2568/1002/1314 2569/1024/887 2570/1039/887
f 2571/1024/887 2572/1020/887 2573/1039/887
f 2574/842/1315 2575/1040/1283 2576/1018/1283
f 2577/847/1275 2578/842/1316 2579/1018/1283
f 2580/1037/1306 2581/1041/1317 2582/1019/1318
f 2582/1019/1318 2583/1038/1319 2580/1037/1306
f 2584/986/1320 2585/854/1203 2586/122/1302
f 2587/847/1321 2588/986/1320 2589/842/1322
f 2588/986/1320 2587/847/1321 2590/1016/1274
f 2591/766/967 2592/1018/887 2593/1019/887
f 2594/1042/887 2592/1018/1014 2595/1040/887
f 2594/1042/887 2596/1043/1323 2592/1018/1014
f 2597/1044/1324 2592/1018/1014 2596/1043/1323
f 2596/1043/1323 2598/1045/1325 2597/1044/1324
f 2599/1046/1326 2597/1044/1324 2598/1045/1325
f 2599/1046/1326 2598/1045/1325 2600/1047/1327
f 2601/1048/1328 2600/1047/1327 2598/1045/1325
f 2602/1049/1052 2603/1004/1052 2604/1050/1329
f 2602/1049/1052 2605/1051/1330 2603/1004/1052
f 2606/1052/1330 2603/1004/1052 2605/1051/1330
f 2607/1053/1331 2604/1050/1329 2603/1004/1052
f 2603/1004/1052 2608/1005/1055 2607/1053/1331
f 2607/1053/1331 2609/1054/1332 2604/1050/1329
f 2610/1055/1333 2604/1050/1329 2609/1054/1332
f 2609/1054/1332 2611/1056/1334 2610/1055/1333
f 2612/1057/1335 2610/1055/1333 2611/1056/1334
f 2613/854/1048 2614/855/1049 2615/1003/1336
f 2616/1015/1337 2617/793/1232 2615/1003/1336
f 2618/1051/1338 2619/1058/1338 2620/1052/1339
f 2621/1059/1339 2620/1052/1339 2619/1058/1338
f 2622/1041/1340 2623/1023/1341 2624/1024/1342
f 2624/1024/1342 2625/1019/1318 2622/1041/1340
f 2626/1060/1343 2627/1061/1344 2628/1062/1345
f 2629/1063/1346 2628/1062/1345 2627/1061/1344
f 2628/1062/1345 2629/1063/1346 2630/1007/1347
f 2631/755/928 2630/1007/1347 2629/1063/1346
f 2632/1064/1348 2633/1065/1349 2634/1066/1349
f 2633/1065/1349 2632/1064/1348 2635/1067/1348
f 2636/1068/1350 2634/1066/1349 2633/1065/1349
f 2634/1066/1349 2636/1068/1350 2637/1069/1348
f 2636/1068/1350 2633/1065/1349 2638/1070/1350
f 2639/1071/1350 2638/1070/1350 2633/1065/1349
f 2638/1070/1350 2639/1071/1350 2640/1072/1348
f 2641/1073/1348 2640/1072/1348 2639/1071/1350
f 2640/1072/1348 2641/1073/1348 2642/1074/1348
f 2643/1075/1348 2642/1074/1348 2641/1073/1348
f 2642/1074/1348 2643/1075/1348 2644/1076/1351
f 2645/1077/1352 2644/1076/1351 2643/1075/1348
f 2644/1076/1351 2645/1077/1352 2646/1078/1348
f 2647/1079/1348 2644/1076/1351 2646/1078/1348
f 2645/1077/1352 2648/1080/1348 2646/1078/1348
f 2649/1081/1353 2648/1080/1348 2645/1077/1352
f 2648/1080/1348 2650/1082/1348 2646/1078/1348
f 2651/1083/1348 2646/1078/1348 2650/1082/1348
f 2650/1082/1348 2652/1084/1354 2651/1083/1348
f 2653/1085/1354 2651/1083/1348 2652/1084/1354
f 2652/1084/1354 2654/1086/1355 2653/1085/1354
f 2655/1087/1355 2653/1085/1354 2654/1086/1355
f 2655/1087/1355 2654/1086/1355 2656/1088/1356
f 2657/1089/1356 2656/1088/1356 2654/1086/1355
f 2657/1089/1356 2658/1090/1357 2656/1088/1356
f 2659/1091/1358 2656/1088/1356 2658/1090/1357
f 2658/1090/1357 2660/1092/1359 2659/1091/1358
f 2661/1093/1360 2659/1091/1358 2660/1092/1359
f 2662/1094/1361 2663/1095/8 2664/1096/1361
f 2665/1097/1361 2666/1098/1361 2667/1099/878
f 2668/1100/4 2669/1101/1361 2670/1102/3
f 2671/1103/1362 2670/1102/3 2672/1101/1362
f 2673/1104/1348 2674/1105/1349 2675/1106/1363
f 2674/1105/1349 2676/1107/1350 2675/1106/1363
f 2677/1108/1348 2675/1106/1363 2676/1107/1350
f 2676/1107/1350 2678/1109/1348 2677/1108/1348
f 2675/1106/1363 2677/1108/1348 2679/1110/1348
f 2680/1111/1349 2679/1110/1348 2677/1108/1348
f 2680/1111/1349 2681/1112/1350 2679/1110/1348
f 2682/1113/1364 2681/1112/1350 2680/1111/1349
f 2683/1114/1350 2679/1110/1348 2681/1112/1350
f 2684/1115/1348 2679/1110/1348 2683/1114/1350
f 2683/1114/1350 2681/1112/1350 2685/1116/1348
f 2686/1117/1350 2685/1116/1348 2681/1112/1350
f 2685/1116/1348 2686/1117/1350 2687/1118/1363
f 2688/1119/1365 2687/1118/1363 2686/1117/1350
f 2688/1119/1365 2689/1120/1363 2687/1118/1363
f 2690/1121/1348 2687/1118/1363 2689/1120/1363
f 2690/1121/1348 2689/1120/1363 2691/1122/1348
f 2692/1123/1348 2690/1121/1348 2691/1122/1348
f 2693/1124/1363 2691/1122/1348 2689/1120/1363
f 2689/1120/1363 2694/1125/1348 2693/1124/1363
f 2691/1122/1348 2693/1124/1363 2634/1066/1349
f 2632/1064/1348 2634/1066/1349 2693/1124/1363
f 2695/1126/1361 2696/1127/1361 2697/1128/1366
f 2698/1129/1367 2697/1128/875 2699/1127/1361
f 2701/1130/11 2702/1096/1361 2700/1095/8
f 2704/1131/882 2703/1099/878 2705/1098/1361
f 2706/1132/1368 2707/1133/1368 2708/1105/1368
f 2709/1107/1368 2708/1105/1368 2707/1133/1368
f 2710/1134/1369 2711/1135/1370 2712/1136/1371
f 2711/1135/1370 2713/1137/1371 2712/1136/1371
f 2714/1138/1372 2712/1136/1371 2713/1137/1371
f 2715/1139/1373 2710/1134/1369 2712/1136/1371
f 2710/1134/1369 2715/1139/1373 2716/1140/1374
f 2717/1141/1375 2710/1134/1369 2718/1140/1374
f 2717/1141/1375 2719/1142/1375 2720/1134/1369
f 2721/1143/1372 2722/1139/1373 2712/1136/1371
f 2723/1144/1376 2721/1143/1372 2712/1136/1371
f 2721/1143/1372 2723/1144/1376 2724/1145/1377
f 2723/1144/1376 2725/1146/1378 2724/1145/1377
f 2726/1147/1378 2725/1146/1378 2723/1144/1376
f 2727/1148/1379 2728/1149/1379 2729/1150/1379
f 2730/1151/1380 2731/1152/1380 2732/1149/1381
f 2733/1153/1382 2734/1154/1383 2735/1155/1384
f 2736/1156/1385 2735/1155/1384 2734/1154/1383
f 2735/1155/1384 2736/1156/1385 2737/1157/1386
f 2738/1158/1387 2740/1159/1388 2739/1160/1389
f 2741/1161/1390 2739/1160/1389 2740/1159/1388
f 2740/1159/1388 2742/1162/1391 2741/1161/1390
f 2743/1163/1392 2741/1161/1390 2742/1162/1391
f 2744/1164/1381 2745/1165/1381 2746/1166/1381
f 2744/1164/1381 2747/1167/1393 2745/1165/1381
f 2748/1168/1381 2745/1165/1381 2747/1167/1393
f 2749/1169/1381 2748/1168/1381 2747/1167/1393
f 2751/1170/1394 2750/1171/392 2752/1172/1395
f 2754/1173/1396 2755/1174/1396 2753/1175/1342
f 2756/1175/1295 2757/1176/1397 2758/1173/1396
f 2759/1177/1398 2760/1173/1396 2761/1176/1399
f 2762/1171/1400 2763/1170/1396 2764/1178/1401
f 2765/1179/1398 2766/1178/1402 2767/1170/1396
f 2768/1180/1403 2769/1181/1319 2770/1174/1396
f 2771/1182/1404 2772/1174/1405 2773/1181/861
f 2774/1183/1406 2775/1172/1407 2776/1184/414
f 2777/1185/1408 2778/1184/414 2779/1172/1396
f 2780/1186/1409 2781/1157/1386 2782/1156/1410
f 2783/1182/1404 2784/1175/1342 2785/1174/1396
f 2786/1185/1408 2787/1172/1396 2788/1171/392
f 2790/1187/1411 2791/1188/1412 2789/1189/1413
f 2792/1190/38 2793/1191/1414 2794/1192/36
f 2795/1192/1415 2796/1191/1416 2797/1187/1411
f 2798/1193/1417 2799/1194/1418 2800/1195/1419
f 2801/1196/1420 2802/1197/1421 2803/1198/1422
f 2804/1199/1423 2805/1200/22 2806/1201/545
f 2807/1202/614 2808/1203/553 2809/1204/621
f 2810/1189/1424 2811/1188/1412 2812/1205/982
f 2813/1191/1416 2814/1188/1412 2815/1187/1411
f 2813/1191/1416 2816/1206/1425 2817/1188/1412
f 2818/1207/1426 2819/1208/492 2820/1209/488
f 2821/1210/1427 2822/1211/561 2823/1212/564
f 2824/1206/1428 2825/1191/1429 2826/1190/38
f 2827/1213/1430 2828/1214/1431 2829/1215/1432
f 2827/1213/1430 2829/1215/1432 2830/1195/1419
f 2831/1216/1433 2830/1195/1419 2829/1215/1432
f 2832/1217/1431 2829/1215/1432 2828/1214/1431
f 2828/1214/1431 2833/1218/1434 2832/1217/1431
f 2834/1219/1434 2832/1217/1431 2833/1218/1434
f 2834/1219/1434 2833/1218/1434 2835/1220/1435
f 2836/1221/1435 2835/1220/1435 2833/1218/1434
f 2835/1220/1435 2836/1221/1435 2837/1222/1436
f 2838/1223/1436 2837/1222/1436 2836/1221/1435
f 2838/1223/1436 2839/1224/1437 2837/1222/1436
f 2840/1225/1437 2837/1222/1436 2839/1224/1437
f 2839/1224/1437 2841/1226/1438 2840/1225/1437
f 2842/1227/1439 2840/1225/1437 2841/1226/1438
f 2843/1188/1412 2844/1228/1440 2845/1205/982
f 2846/1216/1441 2847/1198/1422 2848/1197/1442
f 2847/1198/1422 2846/1216/1441 2849/1215/1432
f 2850/1229/1443 2851/1213/1432 2852/1195/1444
f 2850/1229/1443 2852/1195/1444 2853/1194/1418
f 2854/1230/1445 2855/1231/88 2856/1232/1446
f 2857/1233/1446 2856/1232/1446 2855/1231/88
f 2856/1232/1446 2857/1233/1446 2858/1234/955
f 2859/1235/1447 2858/1234/955 2857/1233/1446
f 2861/1236/1448 2862/1206/1428 2860/1190/38
f 2863/1205/982 2864/1228/1440 2865/1237/1449
f 2866/1228/1450 2867/1188/1451 2868/1206/1428
f 2869/1238/1452 2870/1239/1452 2871/1240/1452
f 2872/1241/1453 2871/1240/1452 2870/1239/1452
f 2873/1242/1454 2874/1243/1455 2875/1244/1455
f 2876/1245/1456 2875/1244/1455 2874/1243/1455
f 2877/1246/1457 2878/1247/1458 2879/1248/1458
f 2880/1249/1458 2879/1248/1458 2878/1247/1458
f 2881/1250/1459 2882/1251/1460 2883/1252/1459
f 2884/1253/1459 2883/1252/1459 2882/1251/1460
f 2885/1254/1455 2886/1255/1437 2887/1256/1455
f 2888/1257/1437 2887/1256/1455 2886/1255/1437
f 2889/1258/1437 2890/1259/1437 2891/1260/1452
f 2892/1261/1452 2891/1260/1452 2890/1259/1437
f 2893/1262/1461 2894/1263/1462 2895/1264/1463
f 2896/1265/1464 2895/1264/1463 2894/1263/1462
f 2897/1266/1465 2899/1267/1466 2898/1268/1467
f 2900/1269/1468 2898/1268/1467 2899/1267/1466
f 2901/1270/1469 2902/1271/1469 2903/1272/1470
f 2904/1273/1469 2903/1272/1470 2902/1271/1469
f 2905/1274/1471 2906/1212/1471 2907/1267/1471
f 2906/1212/1471 2908/1275/1471 2907/1267/1471
f 2908/1275/1471 2909/1199/1471 2907/1267/1471
f 2909/1199/1471 2910/1201/1471 2907/1267/1471
f 2910/1201/1471 2911/1276/1471 2907/1267/1471
f 2911/1276/1471 2912/1277/1471 2907/1267/1471
f 2913/1269/1471 2907/1267/1471 2912/1277/1471
f 2914/1265/1471 2915/1278/1471 2916/1264/1471
f 2917/1279/1471 2916/1264/1471 2915/1278/1471
f 2917/1279/1471 2918/1203/1471 2916/1264/1471
f 2918/1203/1471 2919/1202/1471 2916/1264/1471
f 2919/1202/1471 2920/1280/1471 2916/1264/1471
f 2920/1280/1471 2921/1281/1471 2916/1264/1471
f 2921/1281/1471 2922/1282/1471 2916/1264/1471
f 2923/1283/1471 2924/1284/1471 2925/1285/1471
f 2926/1286/1471 2925/1285/1471 2924/1284/1471
