# Blender 5.1.2
# www.blender.org
mtllib magnum 1.mtl
o magnum_1
v 1.133963 0.312664 0.005031
v 1.133906 0.326079 0.008432
v 1.133780 0.322745 0.016129
v 1.133749 0.336837 0.018028
v 1.133821 0.312664 0.013627
v 1.133662 0.330830 0.023330
v 1.133780 0.302583 0.016129
v 1.133492 0.335316 0.033627
v 1.133906 0.299250 0.008432
v 1.133524 0.342808 0.031729
v 1.133749 0.288491 0.018028
v 1.133303 0.335316 0.045123
v 1.133662 0.294499 0.023330
v 1.133272 0.342808 0.047022
v 1.133492 0.290013 0.033627
v 1.133132 0.330830 0.055520
v 1.133524 0.282521 0.031728
v 1.133045 0.336837 0.060821
v 1.133303 0.290013 0.045123
v 1.133015 0.322745 0.062622
v 1.133272 0.282521 0.047022
v 1.132889 0.326079 0.070318
v 1.133132 0.294499 0.055520
v 1.132972 0.312664 0.065222
v 1.133045 0.288491 0.060821
v 1.132833 0.312664 0.073719
v 1.133015 0.302583 0.062622
v 1.132889 0.299250 0.070318
v 1.121016 0.355754 0.039221
v 1.121835 0.355754 -0.010566
v 1.121016 0.385733 0.039221
v 1.121835 0.385733 -0.010566
v 1.120200 0.385733 0.088809
v 1.122177 0.343273 0.008444
v 1.120200 0.355754 0.088809
v 1.121671 0.343273 0.039237
v 1.121169 0.343273 0.069733
v 1.120975 0.255989 0.041723
v 1.120325 0.277947 0.081213
v 1.120225 0.255989 0.087315
v 1.120330 0.278227 0.080915
v 1.120715 0.285262 0.057521
v 1.120578 0.292775 0.065819
v 1.121005 0.255989 0.039923
v 1.120722 0.284933 0.057116
v 1.120746 0.284566 0.055621
v 1.121060 0.255989 0.036521
v 1.121018 0.280585 0.039122
v 1.121315 0.284933 0.021029
v 1.121335 0.286042 0.019823
v 1.121711 0.277566 -0.003068
v 1.121810 0.255989 -0.009071
v 1.121710 0.277947 -0.002968
v 1.121355 0.287098 0.018625
v 1.121456 0.292751 0.012425
v 1.121335 0.286042 0.019823
v 1.121060 0.255989 0.036521
v 1.121355 0.287098 0.018625
v 1.121874 0.338706 -0.002964
v 1.121666 0.330850 0.009629
v 1.121695 0.329268 0.007928
v 1.121479 0.341147 0.021033
v 1.121581 0.357882 0.014831
v 1.121440 0.341722 0.023428
v 1.121182 0.345496 0.039126
v 1.121182 0.364901 0.039126
v 1.120782 0.357882 0.063420
v 1.120925 0.341722 0.054725
v 1.120886 0.341147 0.057120
v 1.120489 0.338706 0.081217
v 1.120696 0.330850 0.068622
v 1.120668 0.329268 0.070316
v 1.120382 0.312510 0.087716
v 1.120590 0.313040 0.075122
v 1.120591 0.312510 0.075015
v 1.120668 0.296812 0.070316
v 1.120489 0.286315 0.081217
v 1.120708 0.294604 0.067922
v 1.120886 0.284933 0.057120
v 1.120782 0.267137 0.063420
v 1.120933 0.284237 0.054221
v 1.121182 0.280585 0.039126
v 1.121182 0.260119 0.039126
v 1.121581 0.267137 0.014831
v 1.121432 0.284237 0.023931
v 1.121479 0.284933 0.021033
v 1.121874 0.286315 -0.002964
v 1.121655 0.294604 0.010331
v 1.121695 0.296812 0.007928
v 1.121980 0.312510 -0.009464
v 1.121772 0.312510 0.003230
v 1.121775 0.313040 0.003031
v 1.121106 0.397248 -0.001183
v 1.120442 0.384129 0.039207
v 1.121106 0.384129 -0.001183
v 1.120442 0.399741 0.039207
v 1.120931 0.413580 0.009512
v 1.120442 0.419178 0.039207
v 1.119958 0.413580 0.068604
v 1.119783 0.397248 0.079299
v 1.119783 0.384129 0.079299
v 0.967213 0.379033 -0.014348
v 0.965579 0.379033 0.085027
v 0.967213 0.361891 -0.014348
v 0.965579 0.361891 0.085027
v 1.129729 0.346691 0.047935
v 1.133524 0.342808 0.031729
v 1.130014 0.346691 0.030643
v 1.133272 0.342808 0.047022
v 1.129729 0.346691 0.047935
v 1.129473 0.339951 0.063534
v 1.133272 0.342808 0.047022
v 1.133045 0.336837 0.060821
v 1.133524 0.342808 0.031729
v 1.130269 0.339951 0.015143
v 1.130014 0.346691 0.030643
v 1.133749 0.336837 0.018028
v 1.129297 0.327807 0.074228
v 1.133045 0.336837 0.060821
v 1.129473 0.339951 0.063534
v 1.132889 0.326079 0.070318
v 1.130447 0.327807 0.004342
v 1.133749 0.336837 0.018028
v 1.133906 0.326079 0.008432
v 1.130269 0.339951 0.015143
v 1.121810 0.255989 -0.009071
v 1.121060 0.255989 0.036521
v 1.120914 0.254557 -0.009490
v 1.120115 0.254557 0.039100
v 1.105396 0.231208 -0.003367
v 1.121032 0.255989 0.038222
v 1.093871 0.214115 0.014153
v 1.121018 0.255989 0.039122
v 1.089371 0.207858 0.038348
v 1.121005 0.255989 0.039923
v 1.093071 0.214115 0.062743
v 1.104011 0.231208 0.080814
v 1.120975 0.255989 0.041723
v 1.119315 0.254557 0.087689
v 1.120225 0.255989 0.087315
v 1.129232 0.312664 0.078134
v 1.132889 0.326079 0.070318
v 1.129297 0.327807 0.074228
v 1.132833 0.312664 0.073719
v 1.129297 0.297522 0.074228
v 1.132889 0.299250 0.070318
v 1.133906 0.326079 0.008432
v 1.133963 0.312664 0.005031
v 1.130509 0.312664 0.000543
v 1.130447 0.327807 0.004342
v 1.130447 0.297522 0.004342
v 1.133906 0.299250 0.008432
v 0.779062 0.379033 -0.018951
v 0.777427 0.379033 0.080424
v 0.779062 0.361891 -0.018951
v 0.777427 0.361891 0.080424
v 1.129473 0.285377 0.063534
v 1.132889 0.299250 0.070318
v 1.129297 0.297522 0.074228
v 1.133045 0.288491 0.060821
v 1.133906 0.299250 0.008432
v 1.130269 0.285377 0.015143
v 1.130447 0.297522 0.004342
v 1.133749 0.288491 0.018028
v -0.663025 -0.354603 -0.004521
v -0.658980 -0.356601 0.033687
v -0.661602 -0.351943 0.033622
v -0.672290 -0.340119 -0.004748
v -0.663025 -0.354603 -0.004521
v -0.663025 -0.354603 -0.004521
v -0.672290 -0.340119 -0.004748
v -0.660347 -0.351943 -0.042664
v -0.657725 -0.356601 -0.042600
v -0.663025 -0.354603 -0.004521
v 1.129473 0.285377 0.063534
v 1.133272 0.282521 0.047022
v 1.133045 0.288491 0.060821
v 1.129729 0.278638 0.047935
v 1.133524 0.282521 0.031728
v 1.130269 0.285377 0.015143
v 1.133749 0.288491 0.018028
v 1.130014 0.278638 0.030643
v 1.133524 0.282521 0.031728
v 1.129729 0.278638 0.047935
v 1.130014 0.278638 0.030643
v 1.133272 0.282521 0.047022
v -0.658980 -0.356601 0.033687
v -0.645517 -0.362594 0.062922
v -0.661602 -0.351943 0.033622
v -0.643313 -0.362594 -0.071054
v -0.657725 -0.356601 -0.042600
v -0.660347 -0.351943 -0.042664
v -0.651173 -0.346144 0.062783
v -0.667341 -0.341624 0.033482
v -0.661602 -0.351943 0.033622
v -0.666085 -0.341624 -0.042805
v -0.648969 -0.346144 -0.071193
v -0.660347 -0.351943 -0.042664
v -0.645517 -0.362594 0.062922
v -0.651173 -0.346144 0.062783
v -0.661602 -0.351943 0.033622
v -0.648969 -0.346144 -0.071193
v -0.643313 -0.362594 -0.071054
v -0.660347 -0.351943 -0.042664
v -0.643677 -0.364602 -0.004049
v -0.657615 -0.357987 -0.004389
v -0.657725 -0.356601 -0.042600
v -0.657615 -0.357987 -0.004389
v -0.663025 -0.354603 -0.004521
v -0.663025 -0.354603 -0.004521
v -0.657615 -0.357987 -0.004389
v -0.658980 -0.356601 0.033687
v -0.657615 -0.357987 -0.004389
v -0.643677 -0.364602 -0.004049
v 1.076364 0.436499 0.046332
v 1.119514 0.415531 0.030783
v 1.076637 0.436499 0.029734
v 1.119241 0.415531 0.047381
v 1.065624 0.436499 0.046069
v 1.065897 0.436499 0.029471
v 0.587877 0.379033 -0.023628
v 0.586242 0.379033 0.075747
v 0.587877 0.361891 -0.023628
v 0.586242 0.361891 0.075747
v -0.643677 -0.364602 -0.004049
v -0.620065 -0.373310 -0.003471
v -0.621197 -0.372763 0.060311
v -0.644749 -0.364100 0.046137
v -0.658980 -0.356601 0.033687
v -0.585632 -0.382969 -0.002629
v -0.586512 -0.382405 0.065761
v -0.619097 -0.372763 -0.067363
v -0.583150 -0.380717 -0.093787
v -0.541752 -0.390208 -0.092577
v -0.543681 -0.391898 -0.070013
v -0.584262 -0.382405 -0.071006
v -0.619097 -0.372763 -0.067363
v -0.618747 -0.371121 -0.088653
v -0.619097 -0.372763 -0.067363
v -0.643313 -0.362594 -0.071054
v -0.643096 -0.364100 -0.054345
v -0.657725 -0.356601 -0.042600
v -0.643096 -0.364100 -0.054345
v -0.619097 -0.372763 -0.067363
v -0.675569 -0.321670 -0.004828
v -0.672290 -0.340119 -0.004748
v -0.670210 -0.322984 0.033412
v -0.672290 -0.340119 -0.004748
v -0.667341 -0.341624 0.033482
v -0.667341 -0.341624 0.033482
v -0.661602 -0.351943 0.033622
v -0.669257 -0.291763 -0.004674
v -0.664062 -0.293364 0.033562
v -0.664062 -0.293364 0.033562
v -0.655878 -0.261039 0.034663
v -0.660649 -0.259037 -0.004463
v -0.669257 -0.291763 -0.004674
v -0.672290 -0.340119 -0.004748
v -0.668955 -0.322984 -0.042875
v -0.669257 -0.291763 -0.004674
v -0.662807 -0.293364 -0.042724
v -0.666085 -0.341624 -0.042805
v -0.672290 -0.340119 -0.004748
v -0.666085 -0.341624 -0.042805
v -0.660347 -0.351943 -0.042664
v -0.662807 -0.293364 -0.042724
v -0.654595 -0.261039 -0.043325
v -0.669257 -0.291763 -0.004674
v -0.660649 -0.259037 -0.004463
v -0.643096 -0.364100 -0.054345
v -0.657725 -0.356601 -0.042600
v -0.584262 -0.382405 -0.071006
v -0.545928 -0.391898 0.066655
v -0.543681 -0.391898 -0.070013
v -0.545296 -0.392463 -0.001642
v -0.504141 -0.400676 -0.000635
v -0.504523 -0.400112 0.067469
v -0.502282 -0.400112 -0.068802
v -0.480288 -0.403879 0.050061
v -0.478639 -0.403879 -0.050222
v -0.472004 -0.405791 0.000151
v -0.458724 -0.405989 0.000476
v -0.470404 -0.404096 0.067404
v -0.458724 -0.405989 0.000476
v -0.468191 -0.404096 -0.067067
v -0.470404 -0.404096 0.067404
v -0.502591 -0.398418 0.089624
v -0.499623 -0.398418 -0.090844
v -0.468191 -0.404096 -0.067067
v -0.504523 -0.400112 0.067469
v -0.480288 -0.403879 0.050061
v -0.545928 -0.391898 0.066655
v -0.544743 -0.390208 0.089287
v -0.544743 -0.390208 0.089287
v -0.586149 -0.380717 0.088579
v -0.586512 -0.382405 0.065761
v -0.621197 -0.372763 0.060311
v -0.621548 -0.371121 0.081609
v -0.621197 -0.372763 0.060311
v -0.645517 -0.362594 0.062922
v -0.644749 -0.364100 0.046137
v -0.621197 -0.372763 0.060311
v -0.644749 -0.364100 0.046137
v -0.658980 -0.356601 0.033687
v -0.502282 -0.400112 -0.068802
v -0.478639 -0.403879 -0.050222
v -0.541752 -0.390208 -0.092577
v -0.636759 -0.240769 0.069034
v -0.634861 -0.219009 0.073285
v -0.651205 -0.212467 0.039676
v -0.652640 -0.234293 0.037237
v -0.655878 -0.261039 0.034663
v -0.640128 -0.267047 0.064450
v -0.647238 -0.298164 0.062880
v -0.655878 -0.261039 0.034663
v -0.634861 -0.219009 0.073285
v -0.632005 -0.201450 0.074149
v -0.648506 -0.194903 0.040246
v -0.627656 -0.181963 0.074057
v -0.664062 -0.293364 0.033562
v -0.647238 -0.298164 0.062880
v -0.670210 -0.322984 0.033412
v -0.652650 -0.326927 0.062747
v -0.651173 -0.346144 0.062783
v -0.667341 -0.341624 0.033482
v -0.651173 -0.346144 0.062783
v -0.637608 -0.146439 0.040909
v -0.648506 -0.194903 0.040246
v -0.620457 -0.151664 0.075134
v -0.611749 -0.115215 0.074248
v -0.657451 -0.232134 -0.004385
v -0.652640 -0.234293 0.037237
v -0.651205 -0.212467 0.039676
v -0.655878 -0.261039 0.034663
v -0.660649 -0.259037 -0.004463
v -0.656139 -0.210286 -0.004353
v -0.653434 -0.192721 -0.004286
v -0.648506 -0.194903 0.040246
v -0.637608 -0.146439 0.040909
v -0.642202 -0.142058 -0.004012
v -0.637608 -0.146439 0.040909
v -0.631791 -0.097988 -0.003757
v -0.626453 -0.099146 0.040786
v -0.621366 -0.083679 0.040704
v -0.626625 -0.082573 -0.003631
v -0.616622 -0.059472 -0.003386
v -0.611508 -0.060649 0.039648
v -0.592684 -0.008696 -0.002800
v -0.587702 -0.010049 0.038330
v -0.570895 0.020158 0.038741
v -0.575960 0.021387 -0.002391
v -0.548577 0.063977 -0.001721
v -0.634361 -0.240769 -0.076734
v -0.637877 -0.267047 -0.072425
v -0.654595 -0.261039 -0.043325
v -0.651275 -0.234293 -0.045746
v -0.645035 -0.298164 -0.071096
v -0.654595 -0.261039 -0.043325
v -0.649761 -0.212467 -0.048105
v -0.632325 -0.219009 -0.080889
v -0.645035 -0.298164 -0.071096
v -0.662807 -0.293364 -0.042724
v -0.668955 -0.322984 -0.042875
v -0.650445 -0.326927 -0.071229
v -0.648969 -0.346144 -0.071193
v -0.648969 -0.346144 -0.071193
v -0.666085 -0.341624 -0.042805
v -0.629441 -0.201450 -0.081718
v -0.632325 -0.219009 -0.080889
v -0.647046 -0.194903 -0.048543
v -0.625098 -0.181963 -0.081406
v -0.636135 -0.146439 -0.048672
v -0.647046 -0.194903 -0.048543
v -0.617871 -0.151664 -0.082130
v -0.609198 -0.115215 -0.080819
v -0.657451 -0.232134 -0.004385
v -0.656139 -0.210286 -0.004353
v -0.649761 -0.212467 -0.048105
v -0.653434 -0.192721 -0.004286
v -0.651275 -0.234293 -0.045746
v -0.654595 -0.261039 -0.043325
v -0.660649 -0.259037 -0.004463
v -0.647046 -0.194903 -0.048543
v -0.636135 -0.146439 -0.048672
v -0.642202 -0.142058 -0.004012
v -0.631791 -0.097988 -0.003757
v -0.636135 -0.146439 -0.048672
v -0.624993 -0.099146 -0.048004
v -0.619910 -0.083679 -0.047779
v -0.626625 -0.082573 -0.003631
v -0.616622 -0.059472 -0.003386
v -0.610095 -0.060649 -0.046235
v -0.592684 -0.008696 -0.002800
v -0.586353 -0.010049 -0.043655
v -0.569547 0.020158 -0.043243
v -0.575960 0.021387 -0.002391
v -0.548577 0.063977 -0.001721
v 0.399724 0.379033 -0.028231
v 0.398089 0.379033 0.071144
v 0.399724 0.361891 -0.028231
v 0.398089 0.361891 0.071144
v -0.486925 0.179484 -0.000213
v -0.490532 0.146392 -0.000301
v -0.487662 0.146373 0.039678
v -0.501355 0.126345 -0.000566
v -0.484330 0.179484 0.036555
v -0.483370 0.211838 0.032977
v -0.486022 0.211787 -0.000191
v -0.483370 0.211838 0.032977
v -0.483401 0.229466 -0.000127
v -0.480792 0.229672 0.030842
v -0.476999 0.241137 0.029538
v -0.479545 0.240708 -0.000033
v -0.486925 0.179484 -0.000213
v -0.483123 0.179484 -0.036825
v -0.486348 0.146373 -0.040208
v -0.482282 0.211838 -0.033210
v -0.490532 0.146392 -0.000301
v -0.501355 0.126345 -0.000566
v -0.486022 0.211787 -0.000191
v -0.482282 0.211838 -0.033210
v -0.483401 0.229466 -0.000127
v -0.479774 0.229672 -0.031043
v -0.476027 0.241137 -0.029555
v -0.479545 0.240708 -0.000033
v -0.475194 0.179484 0.064486
v -0.474271 0.211993 0.058205
v -0.483370 0.211838 0.032977
v -0.471832 0.230290 0.054564
v -0.480792 0.229672 0.030842
v -0.471832 0.230290 0.054564
v -0.483370 0.211838 0.032977
v -0.476999 0.241137 0.029538
v -0.468266 0.242425 0.052156
v -0.484330 0.179484 0.036555
v -0.475194 0.179484 0.064486
v -0.487662 0.146373 0.039678
v -0.477667 0.146316 0.070126
v -0.484993 0.126042 0.071847
v -0.468481 0.024551 0.000337
v -0.468481 0.085579 0.000337
v -0.467966 0.085579 -0.030961
v -0.467966 0.244865 -0.030961
v -0.451633 0.086919 -0.061565
v -0.451633 0.249394 -0.061565
v -0.451633 0.024669 -0.061565
v -0.468481 0.244865 0.000337
v -0.467966 0.024551 -0.030961
v -0.451633 0.018634 -0.061565
v -0.467966 0.018634 -0.030961
v -0.468481 0.018634 0.000337
v -0.468993 0.018634 0.031428
v -0.468993 0.024551 0.031428
v -0.453679 0.018634 0.062815
v -0.453679 0.024669 0.062815
v -0.468993 0.085579 0.031428
v -0.453679 0.086919 0.062815
v -0.468993 0.244865 0.031428
v -0.453679 0.249394 0.062815
v -0.473075 0.179484 -0.064386
v -0.475359 0.146316 -0.070143
v -0.486348 0.146373 -0.040208
v -0.482623 0.126042 -0.072220
v -0.483123 0.179484 -0.036825
v -0.482282 0.211838 -0.033210
v -0.470043 0.230290 -0.054209
v -0.472359 0.211993 -0.058065
v -0.473075 0.179484 -0.064386
v -0.482282 0.211838 -0.033210
v -0.479774 0.229672 -0.031043
v -0.470043 0.230290 -0.054209
v -0.476027 0.241137 -0.029555
v -0.466559 0.242425 -0.051628
v -0.594581 -0.064181 0.072570
v -0.571240 -0.014107 0.069737
v -0.611508 -0.060649 0.039648
v -0.621366 -0.083679 0.040704
v -0.603801 -0.086997 0.074640
v -0.608721 -0.102620 0.074719
v -0.621366 -0.083679 0.040704
v -0.626453 -0.099146 0.040786
v -0.611749 -0.115215 0.074248
v -0.626453 -0.099146 0.040786
v -0.637608 -0.146439 0.040909
v -0.592100 -0.064181 -0.078203
v -0.601243 -0.086997 -0.080822
v -0.619910 -0.083679 -0.047779
v -0.610095 -0.060649 -0.046235
v -0.568870 -0.014107 -0.074330
v -0.606157 -0.102620 -0.081149
v -0.619910 -0.083679 -0.047779
v -0.624993 -0.099146 -0.048004
v -0.609198 -0.115215 -0.080819
v -0.636135 -0.146439 -0.048672
v -0.624993 -0.099146 -0.048004
v -0.302867 0.433187 -0.011010
v -0.305289 0.430476 -0.013374
v -0.305326 0.430476 -0.011071
v -0.302821 0.433187 -0.013810
v -0.305828 0.430235 0.019417
v -0.306214 0.423305 0.042912
v -0.303369 0.433088 0.019477
v -0.303804 0.425268 0.045977
v -0.543513 0.063204 0.039411
v -0.548577 0.063977 -0.001721
v -0.570895 0.020158 0.038741
v -0.515719 0.103703 0.040091
v -0.304942 0.423385 -0.034473
v -0.302821 0.433187 -0.013810
v -0.302433 0.425268 -0.037411
v -0.305289 0.430476 -0.013374
v -0.548577 0.063977 -0.001721
v -0.542165 0.063204 -0.042574
v -0.569547 0.020158 -0.043243
v -0.514371 0.103703 -0.041894
v -0.501355 0.126345 -0.000566
v -0.497683 0.126269 0.040532
v -0.487662 0.146373 0.039678
v -0.515719 0.103703 0.040091
v -0.501355 0.126345 -0.000566
v -0.496335 0.126269 -0.041452
v -0.514371 0.103703 -0.041894
v -0.486348 0.146373 -0.040208
v -0.571240 -0.014107 0.069737
v -0.587702 -0.010049 0.038330
v -0.611508 -0.060649 0.039648
v -0.571240 -0.014107 0.069737
v -0.570895 0.020158 0.038741
v -0.554188 0.016472 0.070154
v -0.526968 0.060884 0.070820
v -0.568870 -0.014107 -0.074330
v -0.586353 -0.010049 -0.043655
v -0.569547 0.020158 -0.043243
v -0.551818 0.016472 -0.073913
v -0.524598 0.060884 -0.073247
v -0.568870 -0.014107 -0.074330
v -0.610095 -0.060649 -0.046235
v -0.484993 0.126042 0.071847
v -0.497683 0.126269 0.040532
v -0.515719 0.103703 0.040091
v -0.487662 0.146373 0.039678
v -0.501355 0.126345 -0.000566
v -0.520374 0.103991 -0.001031
v -0.515719 0.103703 0.040091
v -0.548577 0.063977 -0.001721
v -0.515719 0.103703 0.040091
v -0.482623 0.126042 -0.072220
v -0.496335 0.126269 -0.041452
v -0.486348 0.146373 -0.040208
v -0.514371 0.103703 -0.041894
v -0.548577 0.063977 -0.001721
v -0.520374 0.103991 -0.001031
v -0.514371 0.103703 -0.041894
v -0.501355 0.126345 -0.000566
v -0.514371 0.103703 -0.041894
v -0.526968 0.060884 0.070820
v -0.484993 0.126042 0.071847
v -0.515719 0.103703 0.040091
v -0.482623 0.126042 -0.072220
v -0.524598 0.060884 -0.073247
v -0.514371 0.103703 -0.041894
v -0.475194 0.179484 0.064486
v -0.477667 0.146316 0.070126
v -0.462073 0.146214 0.089509
v -0.484993 0.126042 0.071847
v -0.460020 0.212267 0.074358
v -0.474271 0.211993 0.058205
v -0.460020 0.212267 0.074358
v -0.471832 0.230290 0.054564
v -0.543513 0.063204 0.039411
v -0.526968 0.060884 0.070820
v -0.515719 0.103703 0.040091
v -0.570895 0.020158 0.038741
v -0.468266 0.242425 0.052156
v -0.471832 0.230290 0.054564
v -0.454889 0.244719 0.066585
v -0.473075 0.179484 -0.064386
v -0.457589 0.212267 -0.073409
v -0.459142 0.146214 -0.088655
v -0.475359 0.146316 -0.070143
v -0.482623 0.126042 -0.072220
v -0.472359 0.211993 -0.058065
v -0.457589 0.212267 -0.073409
v -0.470043 0.230290 -0.054209
v -0.542165 0.063204 -0.042574
v -0.524598 0.060884 -0.073247
v -0.569547 0.020158 -0.043243
v -0.514371 0.103703 -0.041894
v -0.470043 0.230290 -0.054209
v -0.466559 0.242425 -0.051628
v -0.452718 0.244719 -0.065392
v -0.454889 0.244719 0.066585
v -0.471832 0.230290 0.054564
v -0.460020 0.212267 0.074358
v -0.636759 -0.240769 0.069034
v -0.640128 -0.267047 0.064450
v -0.609937 -0.277747 0.083792
v -0.647238 -0.298164 0.062880
v -0.615809 -0.306715 0.081749
v -0.620729 -0.333698 0.081629
v -0.652650 -0.326927 0.062747
v -0.651173 -0.346144 0.062783
v -0.620729 -0.333698 0.081629
v -0.621713 -0.365544 0.081605
v -0.603071 -0.230661 0.095162
v -0.609937 -0.277747 0.083792
v -0.634861 -0.219009 0.073285
v -0.632005 -0.201450 0.074149
v -0.634861 -0.219009 0.073285
v -0.599413 -0.213111 0.097152
v -0.595970 -0.198984 0.097236
v -0.627656 -0.181963 0.074057
v -0.470043 0.230290 -0.054209
v -0.452718 0.244719 -0.065392
v -0.457589 0.212267 -0.073409
v -0.484993 0.126042 0.071847
v -0.465555 0.125636 0.091827
v -0.462073 0.146214 0.089509
v -0.476297 0.101299 0.091564
v -0.634361 -0.240769 -0.076734
v -0.599839 -0.230661 -0.101293
v -0.607076 -0.277747 -0.090168
v -0.632325 -0.219009 -0.080889
v -0.637877 -0.267047 -0.072425
v -0.607076 -0.277747 -0.090168
v -0.645035 -0.298164 -0.071096
v -0.613008 -0.306715 -0.088513
v -0.617928 -0.333698 -0.088633
v -0.650445 -0.326927 -0.071229
v -0.648969 -0.346144 -0.071193
v -0.617928 -0.333698 -0.088633
v -0.618912 -0.365544 -0.088657
v -0.648969 -0.346144 -0.071193
v -0.632325 -0.219009 -0.080889
v -0.629441 -0.201450 -0.081718
v -0.596120 -0.213111 -0.103002
v -0.592677 -0.198984 -0.102918
v -0.625098 -0.181963 -0.081406
v -0.588002 -0.176885 -0.102911
v -0.617871 -0.151664 -0.082130
v -0.482623 0.126042 -0.072220
v -0.462544 0.125636 -0.091234
v -0.473286 0.101299 -0.091497
v -0.459142 0.146214 -0.088655
v -0.350608 0.215502 -0.080292
v -0.351355 0.215502 -0.034906
v -0.350608 0.229364 -0.080292
v -0.342830 0.194758 -0.034698
v -0.342083 0.194758 -0.080084
v -0.351355 0.229364 -0.034906
v -0.342083 0.250109 -0.080084
v -0.342830 0.250109 -0.034698
v -0.301304 0.436833 -0.006272
v -0.228319 0.436833 -0.015589
v -0.301121 0.436833 -0.017370
v -0.228501 0.436833 -0.004491
v -0.301772 0.436833 0.022218
v -0.228851 0.436833 0.016699
v -0.301653 0.436833 0.014918
v -0.228970 0.436833 0.023999
v -0.302867 0.433187 -0.011010
v -0.300934 0.433187 -0.013764
v -0.302821 0.433187 -0.013810
v -0.300980 0.433187 -0.010964
v -0.302301 0.427337 0.054317
v -0.228970 0.436833 0.023999
v -0.301772 0.436833 0.022218
v -0.229498 0.427337 0.056098
v -0.303804 0.425268 0.045977
v -0.301482 0.433088 0.019524
v -0.303369 0.433088 0.019477
v -0.301918 0.425268 0.046023
v -0.301121 0.436833 -0.017370
v -0.227854 0.427337 -0.043888
v -0.300656 0.427337 -0.045669
v -0.228319 0.436833 -0.015589
v -0.301653 0.422142 0.014918
v -0.228501 0.422142 -0.004491
v -0.301304 0.422142 -0.006272
v -0.228851 0.422142 0.016699
v -0.305723 0.418915 0.013018
v -0.301088 0.418915 -0.004474
v -0.305434 0.418915 -0.004580
v -0.300980 0.420936 -0.010964
v -0.305326 0.420936 -0.011071
v -0.301377 0.418915 0.013124
v -0.305822 0.420804 0.019021
v -0.301477 0.420830 0.019227
v -0.305828 0.420936 0.019417
v -0.301482 0.420936 0.019524
v -0.302821 0.433187 -0.013810
v -0.300547 0.425268 -0.037365
v -0.302433 0.425268 -0.037411
v -0.300934 0.433187 -0.013764
v -0.484993 0.126042 0.071847
v -0.526968 0.060884 0.070820
v -0.476297 0.101299 0.091564
v -0.524598 0.060884 -0.073247
v -0.482623 0.126042 -0.072220
v -0.473286 0.101299 -0.091497
v -0.230420 -0.091353 0.047268
v -0.199410 -0.141020 0.006919
v -0.192298 -0.129885 0.048201
v -0.237615 -0.102489 0.005985
v -0.452659 0.249394 0.000823
v -0.400229 0.267677 -0.060308
v -0.451633 0.249394 -0.061565
v -0.467966 0.244865 -0.030961
v -0.468481 0.244865 0.000337
v -0.468993 0.244865 0.031428
v -0.453679 0.249394 0.062815
v -0.401256 0.267677 0.002081
v -0.402275 0.267677 0.064072
v -0.391828 0.272692 -0.012592
v -0.305129 0.319636 -0.057981
v -0.305910 0.319636 -0.010490
v -0.392073 0.272692 0.002305
v -0.392312 0.272692 0.016805
v -0.307175 0.319636 0.066399
v -0.306394 0.319636 0.018907
v -0.237615 -0.102489 0.005985
v -0.229065 -0.091353 -0.035112
v -0.199410 -0.141020 0.006919
v -0.190944 -0.129885 -0.034180
v -0.392312 0.260893 0.016805
v -0.296890 0.308933 -0.010269
v -0.391828 0.260893 -0.012592
v -0.297374 0.308933 0.019128
v -0.476297 0.101299 0.091564
v -0.526968 0.060884 0.070820
v -0.533028 -0.005714 0.090177
v -0.304942 0.418822 -0.034473
v -0.305280 0.418822 -0.013870
v -0.304942 0.423385 -0.034473
v -0.305289 0.430476 -0.013374
v -0.304942 0.381782 -0.034473
v -0.305280 0.381782 -0.013870
v -0.305823 0.381782 0.019120
v -0.305326 0.420936 -0.011071
v -0.305326 0.430476 -0.011071
v -0.305434 0.418915 -0.004580
v -0.305823 0.418822 0.019120
v -0.306214 0.381782 0.042911
v -0.305723 0.418915 0.013018
v -0.306214 0.418822 0.042911
v -0.305822 0.420804 0.019021
v -0.305828 0.420936 0.019417
v -0.306214 0.423305 0.042912
v -0.305828 0.430235 0.019417
v -0.305910 0.355755 -0.010490
v -0.305129 0.355755 -0.057981
v -0.305910 0.319636 -0.010490
v -0.305129 0.319636 -0.057981
v -0.305910 0.377172 -0.010490
v -0.305129 0.385733 -0.057981
v -0.306155 0.385733 0.004407
v -0.306155 0.377172 0.004407
v -0.306394 0.377172 0.018907
v -0.307175 0.385733 0.066399
v -0.307175 0.355755 0.066399
v -0.306394 0.355755 0.018907
v -0.307175 0.319636 0.066399
v -0.306394 0.319636 0.018907
v -0.591296 -0.176885 0.097351
v -0.620457 -0.151664 0.075134
v -0.585885 -0.151165 0.097483
v -0.611749 -0.115215 0.074248
v -0.578344 -0.122069 0.097668
v -0.608721 -0.102620 0.074719
v -0.575720 -0.108809 0.097732
v -0.571684 -0.092906 0.096732
v -0.603801 -0.086997 0.074640
v -0.594581 -0.064181 0.072570
v -0.603801 -0.086997 0.074640
v -0.571684 -0.092906 0.096732
v -0.553215 -0.045338 0.090781
v -0.571240 -0.014107 0.069737
v -0.594581 -0.064181 0.072570
v -0.533028 -0.005714 0.090177
v -0.554188 0.016472 0.070154
v -0.526968 0.060884 0.070820
v -0.554188 0.016472 0.070154
v -0.241015 0.419178 -0.036611
v -0.188054 0.419178 0.049503
v -0.186660 0.419178 -0.035281
v -0.242410 0.419178 0.048173
v -0.042697 0.396157 -0.031759
v -0.044092 0.396157 0.053025
v -0.350608 0.215502 -0.080292
v -0.340736 0.196179 -0.082157
v -0.342083 0.194758 -0.080084
v -0.348852 0.215904 -0.082356
v -0.350608 0.229364 -0.080292
v -0.348852 0.215904 -0.082356
v -0.348852 0.228963 -0.082356
v -0.350608 0.229364 -0.080292
v -0.340736 0.248687 -0.082157
v -0.342083 0.250109 -0.080084
v -0.300656 0.419607 -0.045669
v -0.301121 0.419607 -0.017370
v -0.300656 0.427337 -0.045669
v -0.301121 0.436833 -0.017370
v -0.300656 0.371945 -0.045669
v -0.301121 0.371945 -0.017370
v -0.301772 0.371945 0.022218
v -0.301304 0.422142 -0.006272
v -0.301304 0.436833 -0.006272
v -0.301772 0.419607 0.022218
v -0.302301 0.371945 0.054317
v -0.302301 0.419607 0.054317
v -0.302301 0.427337 0.054317
v -0.301653 0.422142 0.014918
v -0.301772 0.436833 0.022218
v -0.301653 0.436833 0.014918
v -0.524598 0.060884 -0.073247
v -0.473286 0.101299 -0.091497
v -0.530017 -0.005714 -0.092885
v 0.199849 0.379033 -0.033120
v 0.198214 0.379033 0.066255
v 0.199849 0.361891 -0.033120
v 0.198214 0.361891 0.066255
v -0.297374 0.308933 0.019128
v -0.297374 0.381269 0.019128
v -0.296890 0.381269 -0.010269
v -0.296890 0.308933 -0.010269
v -0.582591 -0.151165 -0.102779
v -0.609198 -0.115215 -0.080819
v -0.575051 -0.122069 -0.102487
v -0.606157 -0.102620 -0.081149
v -0.572427 -0.108809 -0.102423
v -0.568427 -0.092906 -0.101326
v -0.601243 -0.086997 -0.080822
v -0.601243 -0.086997 -0.080822
v -0.592100 -0.064181 -0.078203
v -0.568427 -0.092906 -0.101326
v -0.550169 -0.045338 -0.094377
v -0.592100 -0.064181 -0.078203
v -0.568870 -0.014107 -0.074330
v -0.530017 -0.005714 -0.092885
v -0.551818 0.016472 -0.073913
v -0.551818 0.016472 -0.073913
v -0.524598 0.060884 -0.073247
v -0.458724 -0.405989 0.000476
v -0.468191 -0.404096 -0.067067
v -0.458240 -0.398337 -0.063825
v -0.423797 -0.387466 0.001330
v -0.458724 -0.405989 0.000476
v -0.423797 -0.387466 0.001330
v -0.460355 -0.398337 0.064750
v -0.470404 -0.404096 0.067404
v -0.242372 0.385733 0.005968
v -0.219454 0.385733 -0.055885
v -0.241345 0.385733 -0.056421
v -0.306155 0.385733 0.004407
v -0.305129 0.385733 -0.057981
v -0.307175 0.385733 0.066399
v -0.243391 0.385733 0.067959
v -0.220481 0.385733 0.006503
v -0.179611 0.385733 -0.054911
v -0.221501 0.385733 0.068495
v -0.180638 0.385733 0.007478
v -0.176742 0.385733 -0.054840
v -0.181657 0.385733 0.069469
v -0.177769 0.385733 0.007548
v 0.070765 0.385733 -0.048786
v -0.178788 0.385733 0.069539
v 0.069739 0.385733 0.013603
v 0.147338 0.385733 -0.046912
v 0.068719 0.385733 0.075594
v 0.146312 0.385733 0.015476
v 0.145292 0.385733 0.077468
v 0.154594 0.385733 -0.034227
v 0.152959 0.385733 0.065148
v 0.153774 0.385733 0.015560
v 1.121835 0.385733 -0.010566
v 1.121016 0.385733 0.039221
v 1.120200 0.385733 0.088809
v -0.175995 0.346220 0.034399
v -0.219279 0.291196 -0.006768
v -0.219708 0.291196 0.019327
v -0.175107 0.346220 -0.019591
v -0.243046 -0.045185 0.046959
v -0.250159 -0.056321 0.005678
v -0.230420 -0.091353 0.047268
v -0.237615 -0.102489 0.005985
v -0.250159 -0.056321 0.005678
v -0.229065 -0.091353 -0.035112
v -0.237615 -0.102489 0.005985
v -0.241690 -0.045185 -0.035421
v -0.176794 0.325143 0.082988
v -0.219708 0.291196 0.019327
v -0.220094 0.281019 0.042821
v -0.175995 0.346220 0.034399
v -0.423797 -0.387466 0.001330
v -0.437537 -0.385579 0.058807
v -0.460355 -0.398337 0.064750
v -0.218893 0.281019 -0.030162
v -0.175107 0.346220 -0.019591
v -0.174308 0.325143 -0.068181
v -0.219279 0.291196 -0.006768
v -0.435637 -0.385579 -0.056771
v -0.423797 -0.387466 0.001330
v -0.458240 -0.398337 -0.063825
v 0.198214 0.361891 0.066255
v 0.338238 0.361891 -0.029735
v 0.199849 0.361891 -0.033120
v 0.336602 0.361891 0.069640
v 0.398089 0.361891 0.071144
v 0.538113 0.361891 -0.024845
v 0.399724 0.361891 -0.028231
v 0.536477 0.361891 0.074530
v 0.586242 0.361891 0.075747
v 0.726265 0.361891 -0.020243
v 0.587877 0.361891 -0.023628
v 0.724630 0.361891 0.079132
v 0.777427 0.361891 0.080424
v 0.917450 0.361891 -0.015566
v 0.779062 0.361891 -0.018951
v 0.915815 0.361891 0.083809
v 0.965579 0.361891 0.085027
v 1.105603 0.361891 -0.010963
v 0.967213 0.361891 -0.014348
v 1.103967 0.361891 0.088412
v -0.192298 -0.129885 0.048201
v -0.151368 -0.150834 0.008095
v -0.155568 -0.139699 0.049099
v -0.199410 -0.141020 0.006919
v -0.113185 -0.136620 0.050136
v -0.108981 -0.147755 0.009132
v -0.024150 -0.104145 0.052314
v -0.108981 -0.147755 0.009132
v -0.019949 -0.115281 0.011310
v -0.290679 0.248159 -0.078826
v -0.286997 0.200695 -0.083239
v -0.290679 0.196708 -0.078826
v -0.286997 0.244172 -0.083239
v -0.199410 -0.141020 0.006919
v -0.190944 -0.129885 -0.034180
v -0.151368 -0.150834 0.008095
v -0.154213 -0.139699 -0.033281
v -0.111829 -0.136620 -0.032244
v -0.108981 -0.147755 0.009132
v -0.022795 -0.104145 -0.030066
v -0.108981 -0.147755 0.009132
v -0.019949 -0.115281 0.011310
v -0.306214 0.381782 0.042911
v -0.303804 0.418822 0.045977
v -0.306214 0.418822 0.042911
v -0.303804 0.379071 0.045977
v -0.306214 0.423305 0.042912
v -0.303804 0.425268 0.045977
v -0.220360 0.262680 0.059015
v -0.176794 0.325143 0.082988
v -0.220094 0.281019 0.042821
v -0.177346 0.287167 0.116581
v -0.340736 0.248687 -0.082157
v -0.328472 0.256585 -0.079751
v -0.328027 0.254725 -0.081846
v -0.342083 0.250109 -0.080084
v 0.056112 0.346691 0.004372
v 1.130269 0.339951 0.015143
v 0.056367 0.339952 -0.011128
v 1.130014 0.346691 0.030643
v 0.055828 0.346691 0.021664
v 1.129729 0.346691 0.047935
v 0.055571 0.339952 0.037263
v 1.129473 0.339951 0.063534
v -0.218893 0.281019 -0.030162
v -0.173753 0.287167 -0.101873
v -0.218625 0.262680 -0.046463
v -0.174308 0.325143 -0.068181
v -0.304942 0.423385 -0.034473
v -0.302433 0.418822 -0.037411
v -0.304942 0.418822 -0.034473
v -0.302433 0.425268 -0.037411
v -0.304942 0.381782 -0.034473
v -0.302433 0.379071 -0.037411
v 0.146343 0.261971 0.058484
v 0.147052 0.279669 0.015395
v 0.146239 0.279669 0.064785
v 0.147560 0.261971 -0.015498
v 0.147638 0.264842 -0.020197
v 0.147868 0.279669 -0.034194
v 0.147787 0.265838 -0.029297
v 0.147052 0.299491 0.015395
v 0.146194 0.299491 0.067585
v 0.147914 0.299491 -0.036993
v 0.146210 0.318811 0.066586
v 0.147897 0.318811 -0.035994
v 0.147052 0.318811 0.015395
v 0.146424 0.343273 0.053587
v 0.147683 0.343273 -0.022996
v 0.147052 0.343273 0.015395
v -0.243046 -0.008058 0.046959
v -0.250159 -0.019193 0.005678
v -0.243046 -0.045185 0.046959
v -0.250159 -0.056321 0.005678
v -0.250159 -0.019193 0.005678
v -0.241690 -0.045185 -0.035421
v -0.250159 -0.056321 0.005678
v -0.241690 -0.008058 -0.035421
v -0.241015 0.384129 -0.036611
v -0.242410 0.384129 0.048173
v -0.241015 0.419178 -0.036611
v -0.242410 0.419178 0.048173
v 0.145292 0.385733 0.077468
v 0.145292 0.355755 0.077468
v 0.152959 0.355755 0.065148
v 0.152959 0.385733 0.065148
v -0.380592 -0.271669 0.002388
v -0.369443 -0.266727 0.002661
v -0.383521 -0.262946 0.065729
v -0.394067 -0.269096 0.063670
v -0.383521 -0.262946 0.065729
v -0.432002 -0.261377 0.096151
v -0.394067 -0.269096 0.063670
v -0.383521 -0.262946 0.065729
v -0.394446 0.258605 0.002049
v -0.453559 0.245755 0.000603
v -0.405561 0.256290 0.049486
v -0.468266 0.242425 0.052156
v -0.403992 0.256290 -0.045893
v -0.466559 0.242425 -0.051628
v -0.476999 0.241137 0.029538
v -0.468266 0.242425 0.052156
v -0.476027 0.241137 -0.029555
v -0.466559 0.242425 -0.051628
v -0.479545 0.240708 -0.000033
v -0.476027 0.241137 -0.029555
v -0.476999 0.241137 0.029538
v -0.380592 -0.271669 0.002388
v -0.392039 -0.269096 -0.059603
v -0.381435 -0.262946 -0.061046
v -0.369443 -0.266727 0.002661
v -0.381435 -0.262946 -0.061046
v 0.154594 0.385733 -0.034227
v 0.154594 0.355755 -0.034227
v 0.147338 0.355755 -0.046912
v 0.147338 0.385733 -0.046912
v -0.392039 -0.269096 -0.059603
v -0.428877 -0.261377 -0.093814
v -0.381435 -0.262946 -0.061046
v -0.241690 -0.008058 -0.035421
v -0.242372 0.018634 0.005968
v -0.241345 0.018634 -0.056421
v -0.250159 -0.019193 0.005678
v -0.243391 0.018634 0.067959
v -0.242372 0.018634 0.005968
v -0.243046 -0.008058 0.046959
v -0.250159 -0.019193 0.005678
v 0.122621 0.053732 0.014797
v 0.123481 0.063882 -0.037492
v 0.122702 0.125925 0.014799
v 0.123547 0.068649 -0.041489
v 0.123517 0.070639 -0.039689
v 0.123570 0.067127 -0.042892
v 0.123400 0.057868 -0.037494
v 0.123498 0.066500 -0.043489
v 0.122540 0.046732 0.014795
v 0.121685 0.057868 0.066787
v 0.121766 0.063882 0.066789
v 0.121585 0.066500 0.072882
v 0.121690 0.068061 0.071388
v 0.121699 0.068649 0.070885
v 0.121730 0.070639 0.068985
v 0.121730 0.072689 0.068985
v 0.121847 0.125925 0.066791
v 0.121768 0.119161 0.071589
v 0.121811 0.116417 0.068987
v 0.121811 0.114367 0.068987
v 0.121847 0.133115 0.066791
v 0.121730 0.072689 0.068985
v 0.121811 0.114367 0.068987
v 0.121728 0.072737 0.069084
v 0.122702 0.133115 0.014799
v 0.132127 0.152511 0.055138
v 0.121729 0.109297 0.073983
v 0.121728 0.072737 0.069084
v 0.121656 0.109297 0.078385
v 0.121656 0.109297 0.078385
v 0.121648 0.077759 0.073981
v 0.121575 0.077759 0.078383
v 0.132787 0.152511 0.015046
v 0.146393 0.177911 0.055487
v 0.133450 0.152511 -0.025245
v 0.123562 0.133115 -0.037490
v 0.123562 0.125925 -0.037490
v 0.123598 0.114367 -0.039687
v 0.123517 0.072554 -0.039689
v 0.123598 0.116417 -0.039687
v 0.123639 0.119161 -0.042188
v 0.123517 0.072737 -0.039689
v 0.123679 0.109297 -0.044592
v 0.123751 0.109297 -0.048985
v 0.123598 0.077759 -0.044594
v 0.123751 0.109297 -0.048985
v 0.123670 0.077759 -0.048987
v 0.147052 0.177911 0.015395
v 0.147715 0.177911 -0.024896
v 0.147052 0.199228 0.015395
v 0.147782 0.199228 -0.028999
v 0.146326 0.199228 0.059484
v 0.147638 0.204102 -0.020197
v 0.147803 0.202997 -0.030296
v 0.147402 0.212933 -0.005903
v 0.147052 0.218548 0.015395
v 0.146215 0.218548 0.066288
v 0.147350 0.218548 -0.002698
v 0.146215 0.232928 0.066288
v 0.147270 0.226699 0.002100
v 0.147052 0.232928 0.015395
v 0.147270 0.232928 0.002100
v 0.146343 0.259206 0.058484
v 0.147270 0.242244 0.002100
v 0.147052 0.259206 0.015395
v 0.147402 0.256010 -0.005903
v 0.147487 0.259206 -0.011097
v 0.147052 0.261971 0.015395
v -0.024150 -0.104145 0.052314
v -0.019949 -0.115281 0.011310
v 0.012086 -0.070049 0.053201
v 0.016206 -0.081185 0.012194
v -0.391086 0.258201 0.002131
v -0.393803 0.257450 -0.042142
v -0.403992 0.256290 -0.045893
v -0.395255 0.257450 0.046135
v -0.405561 0.256290 0.049486
v -0.405561 0.256290 0.049486
v -0.405822 0.255195 0.065382
v -0.420831 0.251935 0.070319
v -0.403730 0.255195 -0.061790
v -0.403992 0.256290 -0.045893
v -0.418564 0.251935 -0.067457
v -0.438075 0.248165 0.071598
v -0.405561 0.256290 0.049486
v -0.468266 0.242425 0.052156
v -0.454889 0.244719 0.066585
v -0.435751 0.248165 -0.069677
v -0.403992 0.256290 -0.045893
v -0.466559 0.242425 -0.051628
v -0.452718 0.244719 -0.065392
v -0.439280 0.146062 -0.094565
v -0.438253 0.125027 -0.097141
v -0.459142 0.146214 -0.088655
v -0.439736 0.179484 -0.086776
v -0.457589 0.212267 -0.073409
v -0.459142 0.146214 -0.088655
v -0.465555 0.125636 0.091827
v -0.441478 0.125027 0.098917
v -0.462073 0.146214 0.089509
v -0.476297 0.101299 0.091564
v -0.442419 0.146062 0.096292
v -0.462073 0.146214 0.089509
v -0.442621 0.179484 0.088587
v -0.460020 0.212267 0.074358
v -0.462073 0.146214 0.089509
v -0.440345 0.233045 0.074938
v -0.454889 0.244719 0.066585
v -0.460020 0.212267 0.074358
v -0.442621 0.179484 0.088587
v -0.440345 0.233045 0.074938
v -0.438075 0.248165 0.071598
v -0.019949 -0.115281 0.011310
v 0.013441 -0.070049 -0.029180
v 0.016206 -0.081185 0.012194
v -0.022795 -0.104145 -0.030066
v 0.123517 0.072554 -0.039689
v 0.123517 0.072737 -0.039689
v 0.123598 0.114367 -0.039687
v 0.123517 0.072554 -0.039689
v 0.123481 0.063882 -0.037492
v 0.123517 0.070639 -0.039689
v 0.121730 0.072689 0.068985
v 0.121730 0.072554 0.068985
v 0.121766 0.063882 0.066789
v 0.121766 0.063882 0.066789
v 0.121730 0.072554 0.068985
v 0.121730 0.070639 0.068985
v -0.452718 0.244719 -0.065392
v -0.437911 0.233045 -0.073027
v -0.457589 0.212267 -0.073409
v -0.439736 0.179484 -0.086776
v -0.435751 0.248165 -0.069677
v -0.437911 0.233045 -0.073027
v -0.218625 0.216942 -0.046463
v -0.219494 0.239811 0.006329
v -0.218530 0.239811 -0.052261
v -0.218625 0.262680 -0.046463
v -0.218893 0.198602 -0.030162
v -0.218893 0.281019 -0.030162
v -0.219279 0.188425 -0.006768
v -0.219279 0.291196 -0.006768
v -0.219708 0.188425 0.019327
v -0.219708 0.291196 0.019327
v -0.220094 0.198602 0.042821
v -0.220094 0.281019 0.042821
v -0.220360 0.216942 0.059015
v -0.220360 0.262680 0.059015
v -0.220456 0.239811 0.064819
v -0.423797 -0.387466 0.001330
v -0.402892 -0.371711 0.001842
v -0.417594 -0.369598 0.052991
v -0.402892 -0.371711 0.001842
v -0.423797 -0.387466 0.001330
v -0.415898 -0.369598 -0.050084
v -0.220456 0.239811 0.064819
v -0.177544 0.239811 0.128580
v -0.220360 0.262680 0.059015
v -0.177346 0.287167 0.116581
v -0.220360 0.216942 0.059015
v -0.177346 0.192455 0.116581
v -0.329219 0.256585 -0.034365
v -0.297237 0.256585 -0.078986
v -0.328472 0.256585 -0.079751
v -0.297984 0.256585 -0.033601
v -0.342830 0.250109 -0.034698
v -0.342083 0.250109 -0.080084
v -0.218625 0.262680 -0.046463
v -0.173753 0.287167 -0.101873
v -0.218530 0.239811 -0.052261
v -0.173556 0.239811 -0.113871
v -0.173753 0.192455 -0.101873
v -0.218625 0.216942 -0.046463
v 0.052180 0.294499 0.029076
v 1.133303 0.290013 0.045123
v 0.052351 0.290014 0.018680
v 1.133132 0.294499 0.055520
v 1.133492 0.290013 0.033627
v 0.052540 0.290014 0.007184
v 0.052709 0.294499 -0.003113
v 1.133662 0.294499 0.023330
v -0.143147 -0.012245 0.016896
v -0.144623 0.016309 0.016859
v -0.144335 0.016309 -0.000639
v -0.142859 -0.012245 -0.000603
v -0.131259 -0.054561 0.017186
v -0.130971 -0.054561 -0.000312
v -0.088054 -0.091244 0.018243
v -0.087766 -0.091244 0.000745
v -0.067723 -0.093987 0.018741
v -0.067435 -0.093987 0.001242
v -0.535942 -0.204389 -0.111633
v -0.475057 -0.223796 -0.108344
v -0.475259 -0.235209 -0.111149
v -0.475057 -0.223796 -0.108344
v -0.421497 -0.242866 -0.093634
v -0.421497 -0.242866 -0.093634
v -0.419975 -0.251602 -0.096397
v -0.419975 -0.251602 -0.096397
v -0.428877 -0.261377 -0.093814
v -0.428877 -0.261377 -0.093814
v -0.482027 -0.248545 -0.108514
v -0.482027 -0.248545 -0.108514
v -0.542336 -0.230633 -0.111790
v -0.482027 -0.248545 -0.108514
v -0.491226 -0.265376 -0.102642
v -0.537558 -0.216283 -0.113077
v -0.535942 -0.204389 -0.111633
v -0.548473 -0.248170 -0.107743
v -0.491226 -0.265376 -0.102642
v -0.553913 -0.269630 -0.101070
v -0.491226 -0.265376 -0.102642
v -0.498888 -0.287277 -0.095626
v -0.559013 -0.293824 -0.095196
v -0.504477 -0.311079 -0.089963
v -0.498888 -0.287277 -0.095626
v -0.535942 -0.204389 -0.111633
v -0.592677 -0.198984 -0.102918
v -0.588002 -0.176885 -0.102911
v -0.542336 -0.230633 -0.111790
v -0.596120 -0.213111 -0.103002
v -0.599839 -0.230661 -0.101293
v -0.548473 -0.248170 -0.107743
v -0.553913 -0.269630 -0.101070
v -0.553913 -0.269630 -0.101070
v -0.607076 -0.277747 -0.090168
v -0.559013 -0.293824 -0.095196
v -0.539567 -0.204389 0.108719
v -0.478623 -0.223796 0.108410
v -0.480605 -0.211260 0.104165
v -0.478916 -0.235209 0.111203
v -0.424622 -0.242866 0.096331
v -0.478623 -0.223796 0.108410
v -0.423191 -0.251602 0.099167
v -0.424622 -0.242866 0.096331
v -0.485592 -0.248545 0.108239
v -0.432002 -0.261377 0.096151
v -0.432002 -0.261377 0.096151
v -0.423191 -0.251602 0.099167
v -0.545961 -0.230633 0.108563
v -0.485592 -0.248545 0.108239
v -0.485592 -0.248545 0.108239
v -0.494591 -0.265376 0.101922
v -0.541229 -0.216283 0.110083
v -0.539567 -0.204389 0.108719
v -0.551959 -0.248170 0.104219
v -0.494591 -0.265376 0.101922
v -0.557176 -0.269630 0.097285
v -0.494591 -0.265376 0.101922
v -0.502016 -0.287277 0.094537
v -0.502016 -0.287277 0.094537
v -0.507415 -0.311079 0.088606
v -0.562079 -0.293824 0.091167
v -0.539567 -0.204389 0.108719
v -0.595970 -0.198984 0.097236
v -0.591296 -0.176885 0.097351
v -0.545961 -0.230633 0.108563
v -0.599413 -0.213111 0.097152
v -0.603071 -0.230661 0.095162
v -0.551959 -0.248170 0.104219
v -0.557176 -0.269630 0.097285
v -0.557176 -0.269630 0.097285
v -0.609937 -0.277747 0.083792
v -0.562079 -0.293824 0.091167
v 0.143875 0.294604 0.044025
v 1.120886 0.284933 0.057120
v 0.144053 0.284933 0.033223
v 1.120708 0.294604 0.067922
v 0.144101 0.284237 0.030325
v 1.120933 0.284237 0.054221
v 0.144349 0.280585 0.015230
v 1.121182 0.280585 0.039126
v 1.121432 0.284237 0.023931
v 0.144599 0.284237 0.000035
v 1.121479 0.284933 0.021033
v 0.144646 0.284933 -0.002863
v 1.121655 0.294604 0.010331
v 0.144822 0.294604 -0.013565
v -0.538957 -0.192728 0.106537
v -0.537714 -0.179082 0.105766
v -0.591296 -0.176885 0.097351
v -0.539567 -0.204389 0.108719
v -0.585885 -0.151165 0.097483
v -0.534939 -0.164005 0.106635
v -0.530057 -0.148051 0.108952
v -0.578344 -0.122069 0.097668
v -0.525734 -0.132370 0.110462
v -0.524401 -0.118107 0.109090
v -0.575720 -0.108809 0.097732
v -0.571684 -0.092906 0.096732
v 0.144053 0.284933 0.033223
v 1.120715 0.285262 0.057521
v 1.120722 0.284933 0.057116
v 1.120578 0.292775 0.065819
v 1.120746 0.284566 0.055621
v 0.144086 0.284446 0.031225
v 1.121018 0.280585 0.039122
v 0.144349 0.280585 0.015230
v 0.144612 0.284446 -0.000766
v 1.121315 0.284933 0.021029
v 0.144646 0.284933 -0.002863
v 1.121335 0.286042 0.019823
v 1.066087 0.419178 0.037878
v 1.120931 0.413580 0.009512
v 1.066576 0.413580 0.008183
v 1.120442 0.419178 0.039207
v 0.922124 0.396156 0.034356
v 0.922612 0.390559 0.004661
v 1.065605 0.413580 0.067275
v 1.119958 0.413580 0.068604
v 1.066087 0.419178 0.037878
v 0.921640 0.390559 0.063753
v 0.922124 0.396156 0.034356
v -0.535404 -0.192728 -0.109423
v -0.535942 -0.204389 -0.111633
v -0.588002 -0.176885 -0.102911
v -0.534186 -0.179082 -0.108691
v -0.582591 -0.151165 -0.102779
v -0.531387 -0.164005 -0.109324
v -0.526432 -0.148051 -0.111401
v -0.575051 -0.122069 -0.102487
v -0.522063 -0.132370 -0.112698
v -0.520776 -0.118107 -0.111262
v -0.572427 -0.108809 -0.102423
v -0.568427 -0.092906 -0.101326
v -0.394067 -0.269096 0.063670
v -0.432002 -0.261377 0.096151
v -0.408600 -0.281756 0.059713
v -0.428877 -0.261377 -0.093814
v -0.392039 -0.269096 -0.059603
v -0.406692 -0.281756 -0.056261
v -0.328472 0.256585 -0.079751
v -0.297941 0.254725 -0.081110
v -0.328027 0.254725 -0.081846
v -0.297237 0.256585 -0.078986
v -0.311129 -0.043775 0.082502
v -0.350504 -0.046522 0.082836
v -0.344658 -0.050707 0.061575
v -0.392954 -0.052999 0.085805
v -0.344658 -0.050707 0.061575
v -0.181433 0.063459 0.015959
v -0.181145 0.063459 -0.001539
v -0.181433 0.038430 0.015959
v -0.181145 0.038430 -0.001539
v -0.390200 -0.052999 -0.081567
v -0.347883 -0.046522 -0.076533
v -0.342739 -0.050707 -0.055101
v -0.308551 -0.043775 -0.074265
v -0.342739 -0.050707 -0.055101
v -0.144623 0.016309 0.016859
v -0.181433 0.038430 0.015959
v -0.181145 0.038430 -0.001539
v -0.144335 0.016309 -0.000639
v -0.586149 -0.380717 0.088579
v -0.578524 -0.362270 0.088765
v -0.621713 -0.365544 0.081605
v -0.621548 -0.371121 0.081609
v -0.620729 -0.333698 0.081629
v -0.645517 -0.362594 0.062922
v -0.621713 -0.365544 0.081605
v -0.651173 -0.346144 0.062783
v -0.645517 -0.362594 0.062922
v -0.566965 -0.319563 0.089048
v -0.615809 -0.306715 0.081749
v -0.515751 -0.354092 0.086898
v -0.609937 -0.277747 0.083792
v -0.437537 -0.385579 0.058807
v -0.423797 -0.387466 0.001330
v -0.417594 -0.369598 0.052991
v 0.047523 0.024167 0.012960
v 0.024384 -0.000631 0.053501
v 0.028586 -0.011766 0.012497
v 0.043143 0.035303 0.064866
v 0.054246 0.031063 0.013125
v 0.051014 0.042198 0.065058
v 0.047523 0.024167 0.012960
v 0.043143 0.035303 0.064866
v -0.286997 0.244172 -0.083239
v -0.257475 0.248159 -0.078014
v -0.259123 0.244172 -0.082557
v -0.290679 0.248159 -0.078826
v -0.256902 -0.042573 -0.073002
v -0.246895 -0.042333 -0.053153
v -0.249849 -0.043552 -0.038024
v -0.257224 -0.044174 -0.053406
v -0.308551 -0.043775 -0.074265
v -0.308791 -0.045735 -0.054667
v -0.342739 -0.050707 -0.055101
v -0.362967 -0.066780 0.002819
v -0.369162 -0.063334 -0.054245
v -0.309676 -0.046388 0.004123
v -0.308791 -0.045735 -0.054667
v -0.342739 -0.050707 -0.055101
v -0.341897 -0.052102 0.003335
v -0.341897 -0.052102 0.003335
v -0.344658 -0.050707 0.061575
v -0.310724 -0.045735 0.062908
v -0.259159 -0.044174 0.064170
v -0.258192 -0.044708 0.005382
v -0.249849 -0.043552 -0.038024
v -0.247862 -0.043870 0.005635
v -0.251282 -0.043552 0.049062
v -0.259481 -0.042573 0.083766
v -0.251282 -0.043552 0.049062
v -0.248829 -0.042333 0.064422
v -0.311129 -0.043775 0.082502
v -0.310724 -0.045735 0.062908
v -0.344658 -0.050707 0.061575
v -0.371034 -0.063334 0.059533
v -0.362967 -0.066780 0.002819
v -0.423797 -0.387466 0.001330
v -0.435637 -0.385579 -0.056771
v -0.415898 -0.369598 -0.050084
v 0.028586 -0.011766 0.012497
v 0.025740 -0.000631 -0.028879
v 0.047523 0.024167 0.012960
v 0.044859 0.035303 -0.039415
v 0.052729 0.042198 -0.039223
v 0.047523 0.024167 0.012960
v 0.044859 0.035303 -0.039415
v 0.054246 0.031063 0.013125
v -0.452623 -0.299764 0.083345
v -0.444122 -0.276121 0.090054
v -0.494591 -0.265376 0.101922
v 1.065428 0.397248 0.077970
v 0.921640 0.390559 0.063753
v 0.921464 0.386993 0.074448
v 1.065605 0.413580 0.067275
v -0.176794 0.154477 0.082988
v -0.177346 0.192455 0.116581
v -0.220360 0.216942 0.059015
v -0.220094 0.198602 0.042821
v -0.507623 -0.333613 -0.088140
v -0.563965 -0.319563 -0.093318
v -0.504477 -0.311079 -0.089963
v -0.559013 -0.293824 -0.095196
v -0.559013 -0.293824 -0.095196
v -0.607076 -0.277747 -0.090168
v -0.613008 -0.306715 -0.088513
v -0.617928 -0.333698 -0.088633
v -0.575524 -0.362270 -0.093601
v -0.618912 -0.365544 -0.088657
v -0.291425 0.248159 -0.033440
v -0.257475 0.248159 -0.078014
v -0.290679 0.248159 -0.078826
v -0.258221 0.248159 -0.032628
v 0.922612 0.390559 0.004661
v 1.066753 0.397248 -0.002512
v 0.922788 0.386993 -0.006034
v 1.066576 0.413580 0.008183
v -0.441187 -0.276121 -0.088315
v -0.449901 -0.299764 -0.082126
v -0.491226 -0.265376 -0.102642
v -0.432002 -0.261377 0.096151
v -0.444122 -0.276121 0.090054
v -0.408600 -0.281756 0.059713
v -0.423191 -0.251602 0.099167
v -0.432002 -0.261377 0.096151
v -0.383521 -0.262946 0.065729
v -0.174308 0.154477 -0.068181
v -0.218625 0.216942 -0.046463
v -0.173753 0.192455 -0.101873
v -0.218893 0.198602 -0.030162
v -0.441187 -0.276121 -0.088315
v -0.428877 -0.261377 -0.093814
v -0.406692 -0.281756 -0.056261
v -0.428877 -0.261377 -0.093814
v -0.419975 -0.251602 -0.096397
v -0.381435 -0.262946 -0.061046
v 0.016206 -0.081185 0.012194
v 0.013441 -0.070049 -0.029180
v 0.028421 -0.027220 0.012493
v 0.025576 -0.016085 -0.028883
v 0.012086 -0.070049 0.053201
v 0.028421 -0.027220 0.012493
v 0.024221 -0.016085 0.053497
v 0.016206 -0.081185 0.012194
v -0.496242 -0.032194 0.097578
v -0.533028 -0.005714 0.090177
v -0.553215 -0.045338 0.090781
v -0.508151 -0.055678 0.098485
v -0.571684 -0.092906 0.096732
v -0.517141 -0.079925 0.101668
v -0.553215 -0.045338 0.090781
v 0.145041 0.280753 -0.026861
v 0.346616 0.265955 -0.025532
v 0.145102 0.265970 -0.030561
v 1.121711 0.277566 -0.003068
v 1.121710 0.277947 -0.002968
v 1.000780 0.292919 0.009274
v 0.144827 0.294834 -0.013863
v 1.121456 0.292751 0.012425
v -0.396006 -0.283635 0.002011
v -0.380592 -0.271669 0.002388
v -0.408600 -0.281756 0.059713
v -0.504888 -0.055678 -0.099870
v -0.513765 -0.079925 -0.103590
v -0.550169 -0.045338 -0.094377
v -0.568427 -0.092906 -0.101326
v -0.550169 -0.045338 -0.094377
v -0.493017 -0.032194 -0.098481
v -0.530017 -0.005714 -0.092885
v -0.380592 -0.271669 0.002388
v -0.396006 -0.283635 0.002011
v -0.406692 -0.281756 -0.056261
v 0.144646 0.284933 -0.002863
v 1.121355 0.287098 0.018625
v 1.000780 0.292919 0.009274
v 1.121456 0.292751 0.012425
v 0.144827 0.294834 -0.013863
v 1.121335 0.286042 0.019823
v -0.175995 0.133402 0.034399
v -0.176794 0.154477 0.082988
v -0.219708 0.188425 0.019327
v -0.220094 0.198602 0.042821
v -0.524401 -0.118107 0.109090
v -0.517141 -0.079925 0.101668
v -0.571684 -0.092906 0.096732
v -0.452659 0.018634 0.000823
v -0.451633 0.018634 -0.061565
v -0.401256 0.018634 0.002081
v -0.467966 0.018634 -0.030961
v -0.468481 0.018634 0.000337
v -0.468993 0.018634 0.031428
v -0.453679 0.018634 0.062815
v -0.402275 0.018634 0.064072
v -0.400229 0.018634 -0.060308
v -0.307175 0.018634 0.066399
v -0.306155 0.018634 0.004407
v -0.243391 0.018634 0.067959
v -0.305129 0.018634 -0.057981
v -0.242372 0.018634 0.005968
v -0.241345 0.018634 -0.056421
v -0.175107 0.133402 -0.019591
v -0.219279 0.188425 -0.006768
v -0.218893 0.198602 -0.030162
v -0.174308 0.154477 -0.068181
v 0.070684 0.057982 -0.038784
v 0.054246 0.031063 0.013125
v 0.052729 0.042198 -0.039223
v 0.069824 0.046846 0.013506
v 0.070684 0.057982 -0.038784
v 0.122540 0.046732 0.014795
v 0.123400 0.057868 -0.037494
v 0.069824 0.046846 0.013506
v 0.121685 0.057868 0.066787
v 0.068968 0.057982 0.065497
v 0.054246 0.031063 0.013125
v 0.051014 0.042198 0.065058
v 0.387450 0.294516 0.049884
v 0.144053 0.284933 0.033223
v 0.143872 0.294834 0.044223
v 1.120578 0.292775 0.065819
v -0.380592 -0.271669 0.002388
v -0.394067 -0.269096 0.063670
v -0.408600 -0.281756 0.059713
v -0.530057 -0.148051 0.108952
v -0.471901 -0.159340 0.108574
v -0.466536 -0.143659 0.111506
v -0.524401 -0.118107 0.109090
v -0.471901 -0.159340 0.108574
v -0.478390 -0.176354 0.104219
v -0.534939 -0.164005 0.106635
v -0.478390 -0.176354 0.104219
v -0.480909 -0.194554 0.102753
v -0.538957 -0.192728 0.106537
v -0.480605 -0.211260 0.104165
v -0.392039 -0.269096 -0.059603
v -0.380592 -0.271669 0.002388
v -0.406692 -0.281756 -0.056261
v -0.513765 -0.079925 -0.103590
v -0.520776 -0.118107 -0.111262
v -0.568427 -0.092906 -0.101326
v -0.219279 0.188425 -0.006768
v -0.175107 0.133402 -0.019591
v -0.175995 0.133402 0.034399
v -0.219708 0.188425 0.019327
v -0.328472 0.188282 -0.079751
v -0.342083 0.194758 -0.080084
v -0.340736 0.196179 -0.082157
v -0.328027 0.190142 -0.081846
v -0.438253 0.125027 -0.097141
v -0.411739 0.123782 -0.093494
v -0.410586 0.096311 -0.093863
v -0.418580 0.145751 -0.091563
v -0.473286 0.101299 -0.091497
v -0.458339 0.050546 -0.097632
v -0.530017 -0.005714 -0.092885
v -0.429608 -0.010661 -0.094129
v -0.438253 0.125027 -0.097141
v -0.473286 0.101299 -0.091497
v -0.462544 0.125636 -0.091234
v -0.473286 0.101299 -0.091497
v -0.459142 0.146214 -0.088655
v -0.454780 -0.067186 -0.094646
v -0.390200 -0.052999 -0.081567
v -0.504888 -0.055678 -0.099870
v 0.024221 -0.016085 0.053497
v 0.028586 -0.011766 0.012497
v 0.024384 -0.000631 0.053501
v 0.028421 -0.027220 0.012493
v 1.065428 0.384129 0.077970
v 1.119783 0.397248 0.079299
v 1.065428 0.397248 0.077970
v 1.119783 0.384129 0.079299
v 1.119958 0.413580 0.068604
v 1.065605 0.413580 0.067275
v 0.921464 0.386993 0.074448
v 0.921464 0.384129 0.074448
v 0.025740 -0.000631 -0.028879
v 0.028586 -0.011766 0.012497
v 0.025576 -0.016085 -0.028883
v 0.028421 -0.027220 0.012493
v -0.244418 -0.042253 0.005719
v -0.247862 -0.043870 0.005635
v -0.249849 -0.043552 -0.038024
v -0.246895 -0.042333 -0.053153
v -0.244418 -0.042253 0.005719
v -0.244418 -0.042253 0.005719
v -0.248829 -0.042333 0.064422
v -0.251282 -0.043552 0.049062
v -0.247862 -0.043870 0.005635
v -0.244418 -0.042253 0.005719
v 1.121106 0.384129 -0.001183
v 1.066753 0.384129 -0.002512
v 1.066753 0.397248 -0.002512
v 1.121106 0.397248 -0.001183
v 0.922788 0.386993 -0.006034
v 0.922788 0.384129 -0.006034
v 1.066576 0.413580 0.008183
v 1.120931 0.413580 0.009512
v 0.052571 0.342808 0.005285
v 0.052320 0.342808 0.020578
v 0.056112 0.346691 0.004372
v 0.055828 0.346691 0.021664
v 0.121685 0.057868 0.066787
v 0.096252 0.066523 0.072162
v 0.068968 0.057982 0.065497
v 0.068870 0.066536 0.071492
v 0.121585 0.066500 0.072882
v -0.286997 0.200695 -0.083239
v -0.286997 0.244172 -0.083239
v -0.259123 0.200695 -0.082557
v -0.259123 0.244172 -0.082557
v -0.254041 0.237535 -0.082433
v -0.254041 0.207332 -0.082433
v -0.249450 0.219530 -0.082320
v -0.249450 0.225337 -0.082320
v 0.346213 0.212933 -0.001039
v 0.144726 0.211936 -0.007669
v 0.144698 0.212933 -0.005969
v 0.346272 0.210710 -0.004639
v 0.198053 0.210407 -0.008761
v 0.144767 0.210349 -0.010164
v 0.357561 0.214573 -0.002860
v 0.357615 0.212502 -0.006162
v 0.360758 0.214137 -0.007780
v 0.367289 0.217710 -0.010924
v 0.367249 0.219241 -0.008521
v -0.292365 0.197394 -0.080974
v -0.297941 0.254725 -0.081110
v -0.292365 0.247473 -0.080974
v -0.297941 0.190142 -0.081110
v -0.328027 0.254725 -0.081846
v -0.328027 0.190142 -0.081846
v -0.340736 0.196179 -0.082157
v -0.340736 0.248687 -0.082157
v -0.348852 0.228963 -0.082356
v -0.348852 0.215904 -0.082356
v -0.021547 0.042453 -0.041040
v -0.023263 0.042453 0.063241
v -0.047454 0.058238 -0.041674
v -0.011948 0.035558 0.063518
v -0.010233 0.035558 -0.040763
v -0.049170 0.058238 0.062607
v -0.151411 0.058462 -0.044217
v -0.153126 0.058462 0.060064
v -0.162888 0.058487 -0.044498
v -0.164604 0.058487 0.059783
v 0.121648 0.077759 0.073981
v 0.068850 0.077759 0.072690
v 0.068932 0.072700 0.067694
v 0.121728 0.072737 0.069084
v 0.121730 0.072689 0.068985
v 0.068932 0.072689 0.067694
v 0.096033 0.066513 -0.044161
v 0.070684 0.057982 -0.038784
v 0.070782 0.066536 -0.044778
v 0.123400 0.057868 -0.037494
v 0.123498 0.066500 -0.043489
v -0.414868 0.123782 0.096669
v -0.441478 0.125027 0.098917
v -0.413725 0.096311 0.096994
v -0.421637 0.145751 0.094306
v -0.442419 0.146062 0.096292
v -0.421637 0.145751 0.094306
v -0.442621 0.179484 0.088587
v -0.422810 0.223993 0.075970
v -0.442419 0.146062 0.096292
v -0.461564 0.050546 0.098426
v -0.476297 0.101299 0.091564
v -0.533028 -0.005714 0.090177
v -0.432743 -0.010661 0.096430
v -0.457910 -0.067186 0.095715
v -0.392954 -0.052999 0.085805
v -0.508151 -0.055678 0.098485
v -0.517141 -0.079925 0.101668
v -0.465917 -0.091398 0.098717
v -0.517141 -0.079925 0.101668
v -0.468779 -0.113210 0.103348
v -0.524401 -0.118107 0.109090
v -0.468779 -0.113210 0.103348
v -0.467229 -0.129456 0.108689
v -0.468779 -0.113210 0.103348
v -0.412869 -0.077567 0.084813
v -0.392954 -0.052999 0.085805
v -0.467229 -0.129456 0.108689
v -0.392954 -0.052999 0.085805
v -0.371034 -0.063334 0.059533
v -0.344658 -0.050707 0.061575
v 0.070720 0.072700 -0.040980
v 0.123598 0.077759 -0.044594
v 0.123517 0.072737 -0.039689
v 0.070800 0.077759 -0.045885
v 0.123517 0.072689 -0.039689
v 0.070720 0.072689 -0.040980
v -0.440345 0.233045 0.074938
v -0.422810 0.223993 0.075970
v -0.420831 0.251935 0.070319
v -0.438075 0.248165 0.071598
v -0.440345 0.233045 0.074938
v -0.442621 0.179484 0.088587
v 0.055571 0.339952 0.037263
v 0.055828 0.346691 0.021664
v 0.052093 0.336838 0.034377
v 0.052320 0.342808 0.020578
v 0.052796 0.336838 -0.008415
v 0.056112 0.346691 0.004372
v 0.056367 0.339952 -0.011128
v 0.052571 0.342808 0.005285
v -0.369162 -0.063334 -0.054245
v -0.390200 -0.052999 -0.081567
v -0.342739 -0.050707 -0.055101
v 0.068859 0.109297 0.077093
v 0.121575 0.077759 0.078383
v 0.121656 0.109297 0.078385
v 0.068777 0.077759 0.077091
v -0.221501 0.319636 0.068495
v -0.181657 0.125181 0.069469
v -0.181657 0.319636 0.069469
v -0.178788 0.126442 0.069539
v -0.178788 0.319636 0.069539
v -0.178788 0.355755 0.069539
v -0.178788 0.052424 0.069539
v -0.181657 0.355755 0.069469
v -0.178788 0.385733 0.069539
v 0.068719 0.385733 0.075594
v 0.068719 0.355755 0.075594
v 0.145292 0.385733 0.077468
v 0.145292 0.355755 0.077468
v -0.181657 0.385733 0.069469
v -0.221501 0.355755 0.068495
v -0.221501 0.385733 0.068495
v -0.243391 0.355755 0.067959
v -0.243391 0.385733 0.067959
v -0.307175 0.355755 0.066399
v -0.307175 0.385733 0.066399
v -0.307175 0.319636 0.066399
v -0.243391 0.319636 0.067959
v -0.307175 0.107705 0.066399
v -0.402275 0.267677 0.064072
v -0.243391 0.107705 0.067959
v -0.402275 0.092329 0.064072
v -0.453679 0.249394 0.062815
v -0.453679 0.086919 0.062815
v -0.307175 0.026506 0.066399
v -0.420355 0.223993 -0.073300
v -0.437911 0.233045 -0.073027
v -0.418564 0.251935 -0.067457
v -0.435751 0.248165 -0.069677
v -0.439736 0.179484 -0.086776
v -0.437911 0.233045 -0.073027
v -0.064975 -0.086720 0.001302
v -0.065263 -0.086720 0.018801
v -0.067435 -0.093987 0.001242
v -0.067723 -0.093987 0.018741
v -0.387830 0.121469 0.088424
v -0.384904 0.093689 0.089999
v -0.353716 0.086285 0.083758
v -0.355271 0.108091 0.083422
v -0.387830 0.121469 0.088424
v -0.316459 0.092053 0.082372
v -0.350436 -0.023248 0.083738
v -0.386060 0.037887 0.090467
v -0.387830 0.121469 0.088424
v -0.311129 -0.043775 0.082502
v -0.259233 0.068368 0.083772
v -0.259481 -0.042573 0.083766
v -0.350504 -0.046522 0.082836
v -0.392954 -0.052999 0.085805
v -0.392954 -0.052999 0.085805
v -0.421107 0.043759 0.097012
v -0.441478 0.125027 0.098917
v -0.441478 0.125027 0.098917
v -0.476297 0.101299 0.091564
v -0.387830 0.121469 0.088424
v -0.414868 0.123782 0.096669
v -0.421637 0.145751 0.094306
v 0.123670 0.077759 -0.048987
v 0.070872 0.077759 -0.050278
v 0.070954 0.109297 -0.050276
v 0.123751 0.109297 -0.048985
v 0.147270 0.242244 0.002100
v 0.070123 0.242244 0.000212
v 0.070255 0.256010 -0.007790
v 0.147402 0.256010 -0.005903
v 0.147270 0.232928 0.002100
v 0.070123 0.233042 0.000212
v 0.147270 0.226699 0.002100
v 0.070123 0.226699 0.000212
v 0.147350 0.218548 -0.002698
v 0.070201 0.218663 -0.004487
v 0.147402 0.212933 -0.005903
v 0.070255 0.212933 -0.007790
v 0.147638 0.204102 -0.020197
v 0.070490 0.204102 -0.022084
v 0.070654 0.203002 -0.032084
v 0.147803 0.202997 -0.030296
v -0.502591 -0.398418 0.089624
v -0.470404 -0.404096 0.067404
v -0.460355 -0.398337 0.064750
v -0.476314 -0.379918 0.082765
v -0.402275 0.025147 0.064072
v -0.453679 0.024669 0.062815
v -0.402275 0.018634 0.064072
v -0.453679 0.018634 0.062815
v -0.307175 0.018634 0.066399
v -0.243391 0.026506 0.067959
v -0.243391 0.018634 0.067959
v -0.221501 0.107705 0.068495
v -0.221501 0.026506 0.068495
v -0.181657 0.050678 0.069469
v -0.221501 0.018634 0.068495
v -0.232961 -0.008058 0.047206
v -0.181657 0.043455 0.069469
v -0.243046 -0.008058 0.046959
v -0.178788 0.045247 0.069539
v -0.232961 -0.041892 0.047206
v -0.243046 -0.045185 0.046959
v -0.230420 -0.091353 0.047268
v -0.220419 -0.088060 0.047513
v -0.191642 -0.119065 0.048217
v -0.192298 -0.129885 0.048201
v -0.157864 -0.126476 0.049043
v -0.155568 -0.139699 0.049099
v -0.119168 -0.124197 0.049990
v -0.113185 -0.136620 0.050136
v -0.030134 -0.091722 0.052168
v -0.024150 -0.104145 0.052314
v -0.006030 -0.064817 0.052757
v 0.012086 -0.070049 0.053201
v 0.006102 -0.015830 0.053054
v 0.024221 -0.016085 0.053497
v 0.024384 -0.000631 0.053501
v 0.006347 -0.000376 0.053060
v -0.011948 0.035558 0.063518
v 0.043143 0.035303 0.064866
v 0.051014 0.042198 0.065058
v -0.023263 0.042453 0.063241
v 0.068968 0.057982 0.065497
v -0.049170 0.058238 0.062607
v 0.068968 0.063997 0.065497
v -0.049170 0.064252 0.062607
v -0.049006 0.126295 0.062611
v 0.069050 0.126039 0.065499
v -0.153043 0.064478 0.060066
v -0.152961 0.126520 0.060068
v -0.153126 0.058462 0.060064
v -0.164520 0.126545 0.059785
v -0.164604 0.064502 0.059783
v -0.164604 0.058487 0.059783
v -0.305129 0.107705 -0.057981
v -0.241345 0.107705 -0.056421
v -0.241345 0.026506 -0.056421
v -0.305129 0.319636 -0.057981
v -0.241345 0.319636 -0.056421
v -0.219454 0.107705 -0.055885
v -0.305129 0.355755 -0.057981
v -0.219454 0.319636 -0.055885
v -0.179611 0.125181 -0.054911
v -0.241345 0.355755 -0.056421
v -0.305129 0.385733 -0.057981
v -0.241345 0.385733 -0.056421
v -0.219454 0.355755 -0.055885
v -0.219454 0.385733 -0.055885
v -0.179611 0.319636 -0.054911
v -0.176742 0.126442 -0.054841
v -0.176742 0.319636 -0.054840
v -0.179611 0.355755 -0.054911
v -0.176742 0.355755 -0.054840
v -0.179611 0.385733 -0.054911
v -0.176742 0.385733 -0.054840
v 0.070765 0.355755 -0.048786
v 0.070765 0.385733 -0.048786
v 0.147338 0.355755 -0.046912
v 0.147338 0.385733 -0.046912
v 0.069050 0.126039 0.065499
v 0.100043 0.119172 0.071057
v 0.121847 0.125925 0.066791
v 0.121768 0.119161 0.071589
v 0.068971 0.119201 0.070297
v 0.121847 0.133115 0.066791
v 0.069050 0.133229 0.065499
v 0.069245 0.152624 0.053600
v 0.132127 0.152511 0.055138
v 0.069245 0.178025 0.053600
v 0.146393 0.177911 0.055487
v 0.146326 0.199228 0.059484
v 0.069179 0.199342 0.057597
v 0.146215 0.218548 0.066288
v 0.069068 0.218663 0.064401
v 0.146215 0.232928 0.066288
v 0.069068 0.233042 0.064401
v 0.146343 0.259206 0.058484
v 0.069196 0.259320 0.056597
v 0.146343 0.261971 0.058484
v 0.069196 0.262086 0.056597
v 0.146239 0.279669 0.064785
v 0.069092 0.279783 0.062898
v 0.146194 0.299491 0.067585
v 0.069046 0.299605 0.065697
v 0.146210 0.318811 0.066586
v 0.069063 0.318925 0.064699
v 0.146424 0.343273 0.053587
v 0.069277 0.343387 0.051700
v 0.070638 0.265833 -0.031085
v 0.147868 0.279669 -0.034194
v 0.147787 0.265838 -0.029297
v 0.070720 0.279783 -0.036081
v 0.147914 0.299491 -0.036993
v 0.070767 0.299605 -0.038881
v 0.147897 0.318811 -0.035994
v 0.070750 0.318925 -0.037881
v 0.147683 0.343273 -0.022996
v 0.070536 0.343387 -0.024883
v 0.069014 0.116417 0.067696
v 0.121811 0.114367 0.068987
v 0.121811 0.116417 0.068987
v 0.069014 0.114367 0.067696
v 0.100043 0.119172 0.071057
v 0.121768 0.119161 0.071589
v 0.068971 0.119201 0.070297
v 0.368878 0.254885 -0.027788
v 1.121810 0.255989 -0.009071
v 1.120914 0.254557 -0.009490
v 0.367559 0.256904 -0.027324
v 0.369126 0.254557 -0.027881
v 0.363529 0.259703 -0.026622
v 0.357937 0.263600 -0.025758
v 0.374012 0.246449 -0.025762
v 0.374896 0.241370 -0.024542
v 0.375370 0.237547 -0.023532
v 0.375444 0.235443 -0.023026
v 0.375441 0.234546 -0.022828
v -0.302301 0.419607 0.054317
v -0.229498 0.427337 0.056098
v -0.302301 0.427337 0.054317
v -0.229498 0.419607 0.056098
v -0.302301 0.371945 0.054317
v -0.229498 0.371945 0.056098
v -0.451633 0.024669 -0.061565
v -0.451633 0.086919 -0.061565
v -0.400229 0.025147 -0.060308
v -0.400229 0.018634 -0.060308
v -0.451633 0.018634 -0.061565
v -0.305129 0.018634 -0.057981
v -0.400229 0.092329 -0.060308
v -0.451633 0.249394 -0.061565
v -0.400229 0.267677 -0.060308
v -0.305129 0.026506 -0.057981
v -0.241345 0.018634 -0.056421
v -0.219454 0.018634 -0.055885
v -0.231607 -0.008058 -0.035174
v -0.241690 -0.008058 -0.035421
v -0.231607 -0.041892 -0.035174
v -0.241690 -0.045185 -0.035421
v -0.229065 -0.091353 -0.035112
v -0.219064 -0.088060 -0.034868
v -0.190287 -0.119065 -0.034164
v -0.190944 -0.129885 -0.034180
v -0.156509 -0.126476 -0.033337
v -0.154213 -0.139699 -0.033281
v -0.117814 -0.124197 -0.032391
v -0.111829 -0.136620 -0.032244
v -0.028779 -0.091722 -0.030213
v -0.022795 -0.104145 -0.030066
v -0.004676 -0.064817 -0.029623
v 0.013441 -0.070049 -0.029180
v 0.007457 -0.015830 -0.029326
v 0.025576 -0.016085 -0.028883
v 0.025740 -0.000631 -0.028879
v 0.007702 -0.000376 -0.029320
v -0.010233 0.035558 -0.040763
v 0.044859 0.035303 -0.039415
v 0.052729 0.042198 -0.039223
v -0.021547 0.042453 -0.041040
v 0.070684 0.057982 -0.038784
v -0.047454 0.058238 -0.041674
v 0.070684 0.063997 -0.038784
v -0.047454 0.064252 -0.041674
v -0.047290 0.126295 -0.041670
v 0.070765 0.126039 -0.038782
v -0.151328 0.064478 -0.044215
v -0.151246 0.126520 -0.044213
v -0.151411 0.058462 -0.044217
v -0.162805 0.126545 -0.044496
v -0.162888 0.064502 -0.044498
v -0.162888 0.058487 -0.044498
v -0.176742 0.052424 -0.054841
v -0.176742 0.045247 -0.054841
v -0.179611 0.050678 -0.054911
v -0.179611 0.043455 -0.054911
v -0.219454 0.026506 -0.055885
v 0.724630 0.361891 0.079132
v 0.777427 0.379033 0.080424
v 0.724630 0.379033 0.079132
v 0.777427 0.361891 0.080424
v 0.152959 0.385733 0.065148
v 0.915815 0.379033 0.083809
v 0.586242 0.379033 0.075747
v 0.536477 0.361891 0.074530
v 0.586242 0.361891 0.075747
v 0.536477 0.379033 0.074530
v 0.398089 0.379033 0.071144
v 1.120200 0.385733 0.088809
v 0.965579 0.379033 0.085027
v 0.915815 0.361891 0.083809
v 0.965579 0.361891 0.085027
v 1.103967 0.379033 0.088412
v 1.120200 0.355754 0.088809
v 1.103967 0.361891 0.088412
v 0.152959 0.355755 0.065148
v 0.336602 0.361891 0.069640
v 0.398089 0.361891 0.071144
v 0.198214 0.361891 0.066255
v 0.336602 0.379033 0.069640
v 0.198214 0.379033 0.066255
v -0.499623 -0.398418 -0.090844
v -0.473594 -0.379918 -0.082607
v -0.458240 -0.398337 -0.063825
v -0.468191 -0.404096 -0.067067
v -0.384993 0.121469 -0.084041
v -0.352626 0.108091 -0.077343
v -0.351060 0.086285 -0.077709
v -0.313881 0.092053 -0.074396
v -0.382018 0.093689 -0.085464
v -0.384993 0.121469 -0.084041
v -0.347785 -0.023248 -0.077422
v -0.383159 0.037887 -0.085896
v -0.384993 0.121469 -0.084041
v -0.308551 -0.043775 -0.074265
v -0.256654 0.068368 -0.072996
v -0.256902 -0.042573 -0.073002
v -0.347883 -0.046522 -0.076533
v -0.390200 -0.052999 -0.081567
v -0.390200 -0.052999 -0.081567
v -0.417963 0.043759 -0.094149
v -0.438253 0.125027 -0.097141
v -0.411739 0.123782 -0.093494
v -0.384993 0.121469 -0.084041
v -0.418580 0.145751 -0.091563
v 0.070800 0.077759 -0.045885
v 0.123670 0.077759 -0.048987
v 0.123598 0.077759 -0.044594
v 0.070872 0.077759 -0.050278
v 0.123598 0.114367 -0.039687
v 0.070801 0.114367 -0.040978
v 0.070801 0.116417 -0.040978
v 0.123598 0.116417 -0.039687
v 0.092650 0.119191 -0.042946
v 0.070842 0.119201 -0.043480
v 0.123639 0.119161 -0.042188
v 0.121575 0.077759 0.078383
v 0.068777 0.077759 0.077091
v 0.068850 0.077759 0.072690
v 0.121648 0.077759 0.073981
v -0.562079 -0.293824 0.091167
v -0.562079 -0.293824 0.091167
v -0.507415 -0.311079 0.088606
v -0.510498 -0.333613 0.086630
v -0.476314 -0.379918 0.082765
v -0.459672 -0.363259 0.078166
v -0.456201 -0.345766 0.076550
v -0.507415 -0.311079 0.088606
v -0.456885 -0.325311 0.078234
v -0.452623 -0.299764 0.083345
v -0.502016 -0.287277 0.094537
v -0.502016 -0.287277 0.094537
v -0.494591 -0.265376 0.101922
v -0.432002 -0.261377 0.096151
v -0.485592 -0.248545 0.108239
v -0.444122 -0.276121 0.090054
v -0.432002 -0.261377 0.096151
v -0.456885 -0.325311 0.078234
v -0.507415 -0.311079 0.088606
v -0.459672 -0.363259 0.078166
v -0.417594 -0.369598 0.052991
v -0.416003 -0.354171 0.051031
v -0.417594 -0.369598 0.052991
v -0.420203 -0.334852 0.052027
v -0.456885 -0.325311 0.078234
v -0.452623 -0.299764 0.083345
v -0.456885 -0.325311 0.078234
v -0.418580 0.145751 -0.091563
v -0.439736 0.179484 -0.086776
v -0.420355 0.223993 -0.073300
v -0.439280 0.146062 -0.094565
v -0.303804 0.418822 0.045977
v -0.301918 0.425268 0.046023
v -0.303804 0.425268 0.045977
v -0.301918 0.418822 0.046023
v -0.303804 0.379071 0.045977
v -0.301918 0.379071 0.046023
v 0.587877 0.361891 -0.023628
v 0.538113 0.361891 -0.024845
v 0.538113 0.379033 -0.024845
v 0.587877 0.379033 -0.023628
v 0.154594 0.355755 -0.034227
v 1.121835 0.385733 -0.010566
v 0.779062 0.361891 -0.018951
v 0.726265 0.379033 -0.020243
v 0.726265 0.361891 -0.020243
v 0.779062 0.379033 -0.018951
v 0.917450 0.361891 -0.015566
v 0.917450 0.379033 -0.015566
v 0.399724 0.379033 -0.028231
v 0.967213 0.361891 -0.014348
v 0.967213 0.379033 -0.014348
v 1.121835 0.355754 -0.010566
v 1.105603 0.361891 -0.010963
v 1.105603 0.379033 -0.010963
v 0.338238 0.379033 -0.029735
v 0.154594 0.385733 -0.034227
v 0.399724 0.361891 -0.028231
v 0.199849 0.379033 -0.033120
v 0.338238 0.361891 -0.029735
v 0.199849 0.361891 -0.033120
v -0.227854 0.419607 -0.043888
v -0.300656 0.419607 -0.045669
v -0.300656 0.427337 -0.045669
v -0.227854 0.427337 -0.043888
v -0.227854 0.371945 -0.043888
v -0.300656 0.371945 -0.045669
v -0.242410 0.384129 0.048173
v -0.188054 0.419178 0.049503
v -0.242410 0.419178 0.048173
v -0.188054 0.384129 0.049503
v -0.044092 0.396157 0.053025
v -0.044092 0.384129 0.053025
v 0.070765 0.126039 -0.038782
v 0.123562 0.125925 -0.037490
v 0.092650 0.119191 -0.042946
v 0.123639 0.119161 -0.042188
v 0.070842 0.119201 -0.043480
v 0.123562 0.133115 -0.037490
v 0.070765 0.133229 -0.038782
v 0.070567 0.152624 -0.026783
v 0.133450 0.152511 -0.025245
v 0.070567 0.178025 -0.026783
v 0.147715 0.177911 -0.024896
v 0.147782 0.199228 -0.028999
v 0.070635 0.199342 -0.030886
v 0.147803 0.202997 -0.030296
v 0.070654 0.203002 -0.032084
v 0.387450 0.294516 0.049884
v 1.120330 0.278227 0.080915
v 1.120578 0.292775 0.065819
v 0.143872 0.294834 0.044223
v 0.143656 0.280753 0.057320
v 1.120325 0.277947 0.081213
v 1.120225 0.255989 0.087315
v 1.119315 0.254557 0.087689
v 0.143550 0.254557 0.063819
v 1.104011 0.231208 0.080814
v 0.143656 0.228362 0.057320
v 1.093071 0.214115 0.062743
v 0.143949 0.209186 0.039524
v 0.068932 0.109297 0.072692
v 0.121811 0.114367 0.068987
v 0.069014 0.114367 0.067696
v 0.121729 0.109297 0.073983
v -0.241015 0.384129 -0.036611
v -0.241015 0.419178 -0.036611
v -0.186660 0.384129 -0.035281
v -0.186660 0.419178 -0.035281
v -0.042697 0.396157 -0.031759
v -0.042697 0.384129 -0.031759
v 0.055395 0.327808 0.047957
v 1.129473 0.339951 0.063534
v 0.055571 0.339952 0.037263
v 1.129297 0.327807 0.074228
v 0.055331 0.312665 0.051863
v 1.129232 0.312664 0.078134
v 0.055395 0.297522 0.047957
v 1.129297 0.297522 0.074228
v 0.055571 0.285378 0.037263
v 1.129473 0.285377 0.063534
v -0.300547 0.425268 -0.037365
v -0.300547 0.418822 -0.037365
v -0.302433 0.425268 -0.037411
v -0.302433 0.418822 -0.037411
v -0.300547 0.379071 -0.037365
v -0.302433 0.379071 -0.037411
v -0.512863 -0.354092 -0.088665
v -0.583150 -0.380717 -0.093787
v -0.618747 -0.371121 -0.088653
v -0.643313 -0.362594 -0.071054
v -0.618912 -0.365544 -0.088657
v -0.643313 -0.362594 -0.071054
v -0.648969 -0.346144 -0.071193
v -0.536432 -0.384462 -0.091843
v -0.541752 -0.390208 -0.092577
v -0.499623 -0.398418 -0.090844
v -0.473594 -0.379918 -0.082607
v -0.499623 -0.398418 -0.090844
v -0.457117 -0.363259 -0.077198
v -0.473594 -0.379918 -0.082607
v -0.453700 -0.345766 -0.075520
v -0.504477 -0.311079 -0.089963
v -0.498888 -0.287277 -0.095626
v -0.449901 -0.299764 -0.082126
v -0.454328 -0.325311 -0.077228
v -0.498888 -0.287277 -0.095626
v -0.491226 -0.265376 -0.102642
v -0.428877 -0.261377 -0.093814
v -0.441187 -0.276121 -0.088315
v -0.482027 -0.248545 -0.108514
v -0.428877 -0.261377 -0.093814
v -0.454328 -0.325311 -0.077228
v -0.504477 -0.311079 -0.089963
v -0.457117 -0.363259 -0.077198
v -0.415898 -0.369598 -0.050084
v -0.414375 -0.354171 -0.047948
v -0.415898 -0.369598 -0.050084
v -0.418539 -0.334852 -0.049149
v -0.454328 -0.325311 -0.077228
v -0.454328 -0.325311 -0.077228
v -0.449901 -0.299764 -0.082126
v 0.143949 0.357882 0.039524
v 1.121182 0.364901 0.039126
v 0.144349 0.364901 0.015230
v 1.120782 0.357882 0.063420
v 0.143656 0.338706 0.057320
v 1.120489 0.338706 0.081217
v 0.143550 0.312510 0.063819
v 1.120382 0.312510 0.087716
v 0.143656 0.286315 0.057320
v 1.120489 0.286315 0.081217
v 0.143949 0.267138 0.039524
v 1.120782 0.267137 0.063420
v 1.121182 0.260119 0.039126
v 0.144349 0.260119 0.015230
v 0.070881 0.109297 -0.045883
v 0.123598 0.114367 -0.039687
v 0.123679 0.109297 -0.044592
v 0.070801 0.114367 -0.040978
v 0.055571 0.339952 0.037263
v 0.051936 0.326079 0.043874
v 0.055395 0.327808 0.047957
v 0.052093 0.336838 0.034377
v 0.056607 0.312665 -0.025728
v 1.130447 0.327807 0.004342
v 1.130509 0.312664 0.000543
v 0.056545 0.327808 -0.021929
v 1.130269 0.339951 0.015143
v 0.056367 0.339952 -0.011128
v 0.056545 0.297522 -0.021929
v 1.130447 0.297522 0.004342
v 0.056367 0.285378 -0.011128
v 1.130269 0.285377 0.015143
v 0.052955 0.326079 -0.018011
v 0.056367 0.339952 -0.011128
v 0.056545 0.327808 -0.021929
v 0.052796 0.336838 -0.008415
v 0.145148 0.312510 -0.033360
v 1.121874 0.338706 -0.002964
v 1.121980 0.312510 -0.009464
v 0.145041 0.338706 -0.026861
v 0.145041 0.286315 -0.026861
v 1.121581 0.357882 0.014831
v 1.121874 0.286315 -0.002964
v 0.144749 0.357882 -0.009065
v 0.144349 0.364901 0.015230
v 1.121182 0.364901 0.039126
v 0.144749 0.267138 -0.009065
v 1.121581 0.267137 0.014831
v 1.121182 0.260119 0.039126
v 0.144349 0.260119 0.015230
v -0.513765 -0.079925 -0.103590
v -0.462680 -0.091398 -0.098044
v -0.513765 -0.079925 -0.103590
v -0.465389 -0.113210 -0.102811
v -0.520776 -0.118107 -0.111262
v -0.465389 -0.113210 -0.102811
v -0.463663 -0.129456 -0.108065
v -0.465389 -0.113210 -0.102811
v -0.390200 -0.052999 -0.081567
v -0.410133 -0.077567 -0.081550
v -0.410133 -0.077567 -0.081550
v -0.418617 -0.103750 -0.084260
v -0.462680 -0.091398 -0.098044
v -0.465389 -0.113210 -0.102811
v -0.418631 -0.126756 -0.088458
v -0.413218 -0.141796 -0.093431
v -0.463663 -0.129456 -0.108065
v -0.413218 -0.141796 -0.093431
v -0.462879 -0.143659 -0.110846
v -0.463663 -0.129456 -0.108065
v -0.410055 -0.153482 -0.096154
v -0.417070 -0.166421 -0.093525
v -0.413218 -0.141796 -0.093431
v -0.417070 -0.166421 -0.093525
v -0.468336 -0.159340 -0.108179
v -0.425992 -0.183429 -0.089646
v -0.474962 -0.176354 -0.104144
v -0.468336 -0.159340 -0.108179
v -0.468336 -0.159340 -0.108179
v -0.526432 -0.148051 -0.111401
v -0.520776 -0.118107 -0.111262
v -0.468336 -0.159340 -0.108179
v -0.474962 -0.176354 -0.104144
v -0.531387 -0.164005 -0.109324
v -0.474962 -0.176354 -0.104144
v -0.477528 -0.194554 -0.102803
v -0.535404 -0.192728 -0.109423
v -0.477177 -0.211260 -0.104199
v -0.477177 -0.211260 -0.104199
v -0.502591 -0.398418 0.089624
v -0.476314 -0.379918 0.082765
v -0.539404 -0.384462 0.088822
v -0.544743 -0.390208 0.089287
v -0.502591 -0.398418 0.089624
v 0.068932 0.072689 0.067694
v 0.121730 0.072554 0.068985
v 0.121730 0.072689 0.068985
v 0.068932 0.072657 0.067694
v 0.121730 0.070639 0.068985
v 0.068932 0.070639 0.067694
v 0.068903 0.068694 0.069494
v 0.121699 0.068649 0.070885
v 0.068880 0.067162 0.070897
v 0.121690 0.068061 0.071388
v 0.068870 0.066536 0.071492
v 0.096252 0.066523 0.072162
v 0.121585 0.066500 0.072882
v -0.459672 -0.363259 0.078166
v -0.476314 -0.379918 0.082765
v -0.417594 -0.369598 0.052991
v -0.437537 -0.385579 0.058807
v -0.460355 -0.398337 0.064750
v -0.476314 -0.379918 0.082765
v -0.437537 -0.385579 0.058807
v 0.123517 0.072554 -0.039689
v 0.070720 0.072657 -0.040980
v 0.070720 0.072689 -0.040980
v 0.123517 0.072689 -0.039689
v 0.123517 0.070639 -0.039689
v 0.070720 0.070639 -0.040980
v 0.070749 0.068694 -0.042781
v 0.123547 0.068649 -0.041489
v 0.070758 0.068111 -0.043284
v 0.123570 0.067127 -0.042892
v 0.096033 0.066513 -0.044161
v 0.123498 0.066500 -0.043489
v 0.070782 0.066536 -0.044778
v -0.302433 0.379071 -0.037411
v -0.302821 0.379071 -0.013810
v -0.304942 0.381782 -0.034473
v -0.305280 0.381782 -0.013870
v -0.303364 0.379071 0.019180
v -0.305823 0.381782 0.019120
v -0.306214 0.381782 0.042911
v -0.303804 0.379071 0.045977
v -0.473594 -0.379918 -0.082607
v -0.457117 -0.363259 -0.077198
v -0.415898 -0.369598 -0.050084
v -0.435637 -0.385579 -0.056771
v -0.473594 -0.379918 -0.082607
v -0.435637 -0.385579 -0.056771
v -0.458240 -0.398337 -0.063825
v 0.346213 0.256010 -0.001039
v 0.144685 0.254557 -0.005167
v 0.144698 0.256010 -0.005969
v 0.144595 0.245253 0.000233
v 0.346082 0.242244 0.006963
v 0.144566 0.242244 0.002034
v 0.144566 0.229919 0.002034
v 0.346082 0.226699 0.006963
v 0.144566 0.226699 0.002034
v 0.144698 0.212933 -0.005969
v 0.346213 0.212933 -0.001039
v 1.051932 0.415061 0.045734
v 1.076364 0.436499 0.046332
v 1.065624 0.436499 0.046069
v 1.119241 0.415531 0.047381
v -0.181433 0.063459 0.015959
v -0.108304 0.038430 0.017748
v -0.096417 0.063459 0.018039
v -0.181433 0.038430 0.015959
v -0.144623 0.016309 0.016859
v -0.115846 0.019628 0.017563
v -0.118715 -0.012245 0.017493
v -0.143147 -0.012245 0.016896
v -0.113305 -0.040240 0.017626
v -0.131259 -0.054561 0.017186
v -0.085513 -0.078333 0.018305
v -0.088054 -0.091244 0.018243
v -0.067723 -0.093987 0.018741
v -0.065263 -0.086720 0.018801
v -0.042697 0.396157 -0.031759
v -0.044092 0.396157 0.053025
v -0.042697 0.384129 -0.031759
v -0.044092 0.384129 0.053025
v -0.048151 0.126295 0.010620
v 0.070765 0.126039 -0.038782
v -0.047290 0.126295 -0.041670
v 0.069905 0.126039 0.013508
v -0.151246 0.126520 -0.044213
v -0.049006 0.126295 0.062611
v 0.069050 0.126039 0.065499
v -0.152961 0.126520 0.060068
v -0.152106 0.126520 0.008077
v -0.162805 0.126545 -0.044496
v -0.164520 0.126545 0.059785
v -0.163665 0.126545 0.007794
v -0.177769 0.126442 0.007548
v -0.176742 0.126442 -0.054841
v -0.178788 0.126442 0.069539
v 1.052205 0.415061 0.029136
v 1.076637 0.436499 0.029734
v 1.119514 0.415531 0.030783
v 1.065897 0.436499 0.029471
v -0.108016 0.038430 0.000249
v -0.181145 0.038430 -0.001539
v -0.181145 0.063459 -0.001539
v -0.096129 0.063459 0.000540
v -0.144335 0.016309 -0.000639
v -0.115558 0.019628 0.000065
v -0.118427 -0.012245 -0.000005
v -0.142859 -0.012245 -0.000603
v -0.113017 -0.040240 0.000127
v -0.130971 -0.054561 -0.000312
v -0.085225 -0.078333 0.000807
v -0.087766 -0.091244 0.000745
v -0.067435 -0.093987 0.001242
v -0.064975 -0.086720 0.001302
v -0.328472 0.188282 -0.079751
v -0.297941 0.190142 -0.081110
v -0.297237 0.188282 -0.078986
v -0.328027 0.190142 -0.081846
v -0.444122 -0.276121 0.090054
v -0.452623 -0.299764 0.083345
v -0.408600 -0.281756 0.059713
v 0.587877 0.361891 -0.023628
v 0.726265 0.361891 -0.020243
v 0.779062 0.361891 -0.018951
v 0.536477 0.361891 0.074530
v 0.398089 0.361891 0.071144
v 0.336602 0.361891 0.069640
v 1.103967 0.361891 0.088412
v 0.965579 0.361891 0.085027
v 0.915815 0.361891 0.083809
v 1.103967 0.361891 0.088412
v 0.915815 0.361891 0.083809
v 0.777427 0.361891 0.080424
v 0.336602 0.361891 0.069640
v 0.777427 0.361891 0.080424
v 0.724630 0.361891 0.079132
v 0.536477 0.361891 0.074530
v 0.336602 0.361891 0.069640
v 0.724630 0.361891 0.079132
v 0.724630 0.361891 0.079132
v 0.586242 0.361891 0.075747
v 0.536477 0.361891 0.074530
v 1.121060 0.255989 0.036521
v 1.121018 0.255989 0.039122
v 1.121032 0.255989 0.038222
v 1.121060 0.255989 0.036521
v 1.121005 0.255989 0.039923
v 1.121018 0.255989 0.039122
v -0.257475 0.196708 -0.078014
v -0.290679 0.196708 -0.078826
v -0.286997 0.200695 -0.083239
v -0.259123 0.200695 -0.082557
v -0.449901 -0.299764 -0.082126
v -0.441187 -0.276121 -0.088315
v -0.406692 -0.281756 -0.056261
v -0.301304 0.422142 -0.006272
v -0.228501 0.436833 -0.004491
v -0.301304 0.436833 -0.006272
v -0.228501 0.422142 -0.004491
v -0.421434 -0.103749 0.087007
v -0.412869 -0.077567 0.084813
v -0.465917 -0.091398 0.098717
v -0.468779 -0.113210 0.103348
v -0.421588 -0.126756 0.091300
v -0.467229 -0.129456 0.108689
v -0.416343 -0.141796 0.096534
v -0.416343 -0.141796 0.096534
v -0.420195 -0.166421 0.096439
v -0.413272 -0.153482 0.099409
v -0.416343 -0.141796 0.096534
v -0.471901 -0.159340 0.108574
v -0.420195 -0.166421 0.096439
v -0.428980 -0.183429 0.092020
v -0.478390 -0.176354 0.104219
v -0.471901 -0.159340 0.108574
v -0.296890 0.308933 -0.010269
v -0.305910 0.355755 -0.010490
v -0.305910 0.319636 -0.010490
v -0.391828 0.272692 -0.012592
v -0.391828 0.260893 -0.012592
v -0.296890 0.381269 -0.010269
v -0.305910 0.377172 -0.010490
v -0.300980 0.420936 -0.010964
v -0.305326 0.430476 -0.011071
v -0.305326 0.420936 -0.011071
v -0.302867 0.433187 -0.011010
v -0.300980 0.433187 -0.010964
v -0.179611 0.043455 -0.054911
v -0.181657 0.043455 0.069469
v -0.219454 0.018634 -0.055885
v -0.221501 0.018634 0.068495
v -0.178788 0.045247 0.069539
v -0.176742 0.045247 -0.054841
v -0.162888 0.058487 -0.044498
v -0.164604 0.058487 0.059783
v 0.123751 0.109297 -0.048985
v 0.070881 0.109297 -0.045883
v 0.123679 0.109297 -0.044592
v 0.123751 0.109297 -0.048985
v 0.070954 0.109297 -0.050276
v 0.070954 0.109297 -0.050276
v 0.123751 0.109297 -0.048985
v 0.123751 0.109297 -0.048985
v 0.070881 0.109297 -0.045883
v 0.068932 0.109297 0.072692
v 0.121656 0.109297 0.078385
v 0.121729 0.109297 0.073983
v 0.121656 0.109297 0.078385
v 0.068859 0.109297 0.077093
v 0.068859 0.109297 0.077093
v 0.121656 0.109297 0.078385
v 0.068932 0.109297 0.072692
v 0.121656 0.109297 0.078385
v -0.228851 0.422142 0.016699
v -0.301653 0.422142 0.014918
v -0.301653 0.436833 0.014918
v -0.228851 0.436833 0.016699
v -0.250917 0.239625 -0.077853
v -0.259123 0.244172 -0.082557
v -0.257475 0.248159 -0.078014
v -0.254041 0.237535 -0.082433
v 1.133780 0.322745 0.016129
v 0.052828 0.322745 -0.010315
v 0.052869 0.312665 -0.012816
v 1.133662 0.330830 0.023330
v 0.052709 0.330830 -0.003113
v 1.133821 0.312664 0.013627
v 0.052828 0.302584 -0.010315
v 1.133780 0.302583 0.016129
v 0.052709 0.294499 -0.003113
v 1.133662 0.294499 0.023330
v -0.303369 0.433088 0.019477
v -0.301482 0.420936 0.019524
v -0.305828 0.430235 0.019417
v -0.305828 0.420936 0.019417
v -0.301482 0.433088 0.019524
v -0.297374 0.381269 0.019128
v -0.306394 0.355755 0.018907
v -0.306394 0.377172 0.018907
v -0.297374 0.308933 0.019128
v -0.306394 0.319636 0.018907
v -0.392312 0.272692 0.016805
v -0.392312 0.260893 0.016805
v -0.452623 -0.299764 0.083345
v -0.417551 -0.307195 0.055297
v -0.408600 -0.281756 0.059713
v 1.133015 0.322745 0.062622
v 0.052063 0.322745 0.036178
v 0.052180 0.330830 0.029076
v 1.133132 0.330830 0.055520
v 0.052021 0.312665 0.038778
v 1.132972 0.312664 0.065222
v 0.052063 0.302584 0.036178
v 1.133015 0.302583 0.062622
v 0.052180 0.294499 0.029076
v 1.133132 0.294499 0.055520
v 0.145292 0.355755 0.077468
v 0.146424 0.343273 0.053587
v 0.152959 0.355755 0.065148
v 0.153928 0.343273 0.046071
v -0.422810 0.223993 0.075970
v -0.406812 0.224971 0.070662
v -0.420831 0.251935 0.070319
v -0.407387 0.179484 0.080644
v -0.405822 0.255195 0.065382
v -0.420831 0.251935 0.070319
v -0.362967 -0.066780 0.002819
v -0.341897 -0.052102 0.003335
v -0.344658 -0.050707 0.061575
v -0.341897 -0.052102 0.003335
v -0.362967 -0.066780 0.002819
v -0.342739 -0.050707 -0.055101
v 0.375352 0.233378 -0.022433
v 0.374844 0.229727 -0.021438
v 1.105396 0.231208 -0.003367
v 0.374758 0.229042 -0.021241
v 0.373886 0.225603 -0.018066
v 0.367289 0.217710 -0.010924
v 0.360758 0.214137 -0.007780
v 1.093871 0.214115 0.014153
v 0.357615 0.212502 -0.006162
v 0.346272 0.210710 -0.004639
v 0.144749 0.209186 -0.009065
v 0.198053 0.210407 -0.008761
v 0.144749 0.209186 -0.009065
v 0.144767 0.210349 -0.010164
v -0.329219 0.188282 -0.034365
v -0.328472 0.188282 -0.079751
v -0.297984 0.188282 -0.033601
v -0.297237 0.188282 -0.078986
v -0.342083 0.194758 -0.080084
v -0.342830 0.194758 -0.034698
v -0.415780 -0.307195 -0.052385
v -0.449901 -0.299764 -0.082126
v -0.406692 -0.281756 -0.056261
v -0.404546 0.224971 -0.067114
v -0.420355 0.223993 -0.073300
v -0.418564 0.251935 -0.067457
v -0.404790 0.179484 -0.077223
v -0.403730 0.255195 -0.061790
v -0.418564 0.251935 -0.067457
v -0.291425 0.196708 -0.033440
v -0.258221 0.248159 -0.032628
v -0.291425 0.248159 -0.033440
v -0.258221 0.196708 -0.032628
v -0.297984 0.188282 -0.033601
v -0.251663 0.205243 -0.032467
v -0.297984 0.256585 -0.033601
v -0.251663 0.239625 -0.032467
v -0.246663 0.226122 -0.032345
v -0.246663 0.218745 -0.032345
v -0.329219 0.188282 -0.034365
v -0.329219 0.256585 -0.034365
v -0.342830 0.194758 -0.034698
v -0.342830 0.250109 -0.034698
v -0.351355 0.215502 -0.034906
v -0.351355 0.229364 -0.034906
v -0.290679 0.248159 -0.078826
v -0.297941 0.254725 -0.081110
v -0.297237 0.256585 -0.078986
v -0.292365 0.247473 -0.080974
v -0.387830 0.121469 0.088424
v -0.402575 0.145172 0.087263
v -0.421637 0.145751 0.094306
v -0.407387 0.179484 0.080644
v -0.421637 0.145751 0.094306
v -0.422810 0.223993 0.075970
v -0.404790 0.179484 -0.077223
v -0.418580 0.145751 -0.091563
v -0.420355 0.223993 -0.073300
v -0.399767 0.145172 -0.083502
v -0.418580 0.145751 -0.091563
v -0.384993 0.121469 -0.084041
v -0.392954 -0.052999 0.085805
v -0.412869 -0.077567 0.084813
v -0.384852 -0.085991 0.056997
v 0.346082 0.226699 0.006963
v 0.346082 0.242244 0.006963
v 0.357439 0.241653 0.004540
v 0.357439 0.227291 0.004540
v 0.357561 0.214573 -0.002860
v 0.357439 0.227291 0.004540
v 0.346213 0.212933 -0.001039
v -0.410133 -0.077567 -0.081550
v -0.390200 -0.052999 -0.081567
v -0.383052 -0.085991 -0.052485
v 0.055395 0.327808 0.047957
v 0.051880 0.312665 0.047276
v 0.055331 0.312665 0.051863
v 0.051936 0.326079 0.043874
v 0.055395 0.297522 0.047957
v 0.051936 0.299250 0.043874
v -0.181433 0.063459 0.015959
v -0.096129 0.063459 0.000540
v -0.181145 0.063459 -0.001539
v -0.096417 0.063459 0.018039
v 0.053010 0.312665 -0.021412
v 0.052955 0.326079 -0.018011
v 0.056545 0.327808 -0.021929
v 0.056607 0.312665 -0.025728
v 0.056545 0.297522 -0.021929
v 0.052955 0.299250 -0.018011
v -0.250917 0.239625 -0.077853
v -0.245917 0.226122 -0.077731
v -0.249450 0.225337 -0.082320
v -0.254041 0.237535 -0.082433
v 1.121695 0.329268 0.007928
v 0.144862 0.329268 -0.015969
v 0.144943 0.313040 -0.020866
v 1.121775 0.313040 0.003031
v 1.121666 0.330850 0.009629
v 0.144940 0.312510 -0.020667
v 0.144834 0.330850 -0.014267
v 0.144646 0.341148 -0.002863
v 1.121479 0.341147 0.021033
v 1.121772 0.312510 0.003230
v 0.144862 0.296812 -0.015969
v 1.121695 0.296812 0.007928
v 0.144822 0.294604 -0.013565
v 1.121655 0.294604 0.010331
v -0.028779 -0.091722 -0.030213
v -0.030134 -0.091722 0.052168
v -0.004676 -0.064817 -0.029623
v -0.006030 -0.064817 0.052757
v 0.007457 -0.015830 -0.029326
v 0.006102 -0.015830 0.053054
v 0.007702 -0.000376 -0.029320
v 0.006347 -0.000376 0.053060
v -0.010233 0.035558 -0.040763
v -0.011948 0.035558 0.063518
v 1.120696 0.330850 0.068622
v 0.143864 0.330850 0.044726
v 0.144053 0.341148 0.033223
v 1.120886 0.341147 0.057120
v 0.143836 0.329268 0.046420
v 1.120668 0.329268 0.070316
v 0.143757 0.313040 0.051226
v 1.120590 0.313040 0.075122
v 0.143759 0.312510 0.051119
v 1.120591 0.312510 0.075015
v 0.143836 0.296812 0.046420
v 1.120668 0.296812 0.070316
v 1.120708 0.294604 0.067922
v 0.143875 0.294604 0.044025
v -0.291425 0.196708 -0.033440
v -0.290679 0.196708 -0.078826
v -0.258221 0.196708 -0.032628
v -0.257475 0.196708 -0.078014
v 0.143949 0.209186 0.039524
v 1.089371 0.207858 0.038348
v 1.093071 0.214115 0.062743
v 0.144349 0.202166 0.015230
v 0.144749 0.209186 -0.009065
v 1.093871 0.214115 0.014153
v -0.108304 0.038430 0.017748
v -0.108016 0.038430 0.000249
v -0.096417 0.063459 0.018039
v -0.096129 0.063459 0.000540
v -0.115558 0.019628 0.000065
v -0.115846 0.019628 0.017563
v -0.118427 -0.012245 -0.000005
v -0.118715 -0.012245 0.017493
v -0.113017 -0.040240 0.000127
v -0.113305 -0.040240 0.017626
v -0.085225 -0.078333 0.000807
v -0.085513 -0.078333 0.018305
v -0.064975 -0.086720 0.001302
v -0.065263 -0.086720 0.018801
v -0.249450 0.225337 -0.082320
v -0.245917 0.218745 -0.077731
v -0.249450 0.219530 -0.082320
v -0.245917 0.226122 -0.077731
v -0.429637 -0.229870 0.092004
v -0.431583 -0.207318 0.090659
v -0.480605 -0.211260 0.104165
v -0.478390 -0.176354 0.104219
v -0.428980 -0.183429 0.092020
v -0.428980 -0.183429 0.092020
v -0.394354 -0.186757 0.061160
v -0.397208 -0.215877 0.060190
v -0.393862 -0.243858 0.061172
v -0.429637 -0.229870 0.092004
v -0.250917 0.205243 -0.077853
v -0.257475 0.196708 -0.078014
v -0.259123 0.200695 -0.082557
v -0.254041 0.207332 -0.082433
v -0.417551 -0.307195 0.055297
v -0.452623 -0.299764 0.083345
v -0.420203 -0.334852 0.052027
v -0.428639 -0.207318 -0.088306
v -0.477177 -0.211260 -0.104199
v -0.426649 -0.229870 -0.089662
v -0.474962 -0.176354 -0.104144
v -0.425992 -0.183429 -0.089646
v -0.426649 -0.229870 -0.089662
v -0.391918 -0.243858 -0.056999
v -0.395294 -0.215877 -0.056181
v -0.392410 -0.186757 -0.057011
v -0.425992 -0.183429 -0.089646
v 0.052828 0.322745 -0.010315
v 0.053010 0.312665 -0.021412
v 0.052869 0.312665 -0.012816
v 0.052828 0.302584 -0.010315
v 0.052955 0.326079 -0.018011
v 0.052955 0.299250 -0.018011
v 0.052709 0.330830 -0.003113
v 0.052709 0.294499 -0.003113
v 0.052796 0.336838 -0.008415
v 0.052796 0.288491 -0.008415
v 0.052571 0.342808 0.005285
v 0.052571 0.282521 0.005284
v 0.052540 0.335316 0.007184
v 0.052540 0.290014 0.007184
v 0.052351 0.335316 0.018680
v 0.052320 0.282521 0.020578
v 0.052320 0.342808 0.020578
v 0.052351 0.290014 0.018680
v 0.052180 0.330830 0.029076
v 0.052180 0.294499 0.029076
v 0.052093 0.336838 0.034377
v 0.052093 0.288491 0.034377
v 0.051936 0.326079 0.043874
v 0.051936 0.299250 0.043874
v 0.052063 0.322745 0.036178
v 0.052063 0.302584 0.036178
v 0.051880 0.312665 0.047276
v 0.052021 0.312665 0.038778
v 0.147638 0.264842 -0.020197
v 0.070490 0.264842 -0.022084
v 0.070638 0.265833 -0.031085
v 0.147787 0.265838 -0.029297
v 0.070416 0.262086 -0.017584
v 0.147560 0.261971 -0.015498
v 0.147487 0.259206 -0.011097
v 0.070344 0.259320 -0.013190
v 0.147402 0.256010 -0.005903
v 0.070255 0.256010 -0.007790
v -0.449901 -0.299764 -0.082126
v -0.415780 -0.307195 -0.052385
v -0.418539 -0.334852 -0.049149
v -0.249450 0.219530 -0.082320
v -0.250917 0.205243 -0.077853
v -0.254041 0.207332 -0.082433
v -0.245917 0.218745 -0.077731
v -0.387830 0.121469 0.088424
v -0.355271 0.108091 0.083422
v -0.352709 0.110452 0.062377
v -0.316459 0.092053 0.082372
v -0.297237 0.256585 -0.078986
v -0.297984 0.256585 -0.033601
v -0.290679 0.248159 -0.078826
v -0.291425 0.248159 -0.033440
v -0.313881 0.092053 -0.074396
v -0.352626 0.108091 -0.077343
v -0.350758 0.110452 -0.056198
v -0.384993 0.121469 -0.084041
v -0.290679 0.196708 -0.078826
v -0.297237 0.188282 -0.078986
v -0.297941 0.190142 -0.081110
v -0.292365 0.197394 -0.080974
v -0.256654 0.068368 -0.072996
v -0.313881 0.092053 -0.074396
v -0.256977 0.069872 -0.053400
v -0.248701 0.065945 -0.037996
v -0.314284 0.093895 -0.054802
v -0.350758 0.110452 -0.056198
v -0.316218 0.093895 0.062774
v -0.316459 0.092053 0.082372
v -0.258911 0.069872 0.064176
v -0.352709 0.110452 0.062377
v -0.259233 0.068368 0.083772
v -0.250134 0.065945 0.049090
v -0.416343 -0.141796 0.096534
v -0.375238 -0.160300 0.065833
v -0.388520 -0.137710 0.060609
v -0.416343 -0.141796 0.096534
v -0.413272 -0.153482 0.099409
v -0.420195 -0.166421 0.096439
v -0.375238 -0.160300 0.065833
v -0.420195 -0.166421 0.096439
v -0.383491 -0.170154 0.063929
v -0.420195 -0.166421 0.096439
v -0.394354 -0.186757 0.061160
v -0.428980 -0.183429 0.092020
v 0.144932 0.264842 -0.020263
v 0.346616 0.265955 -0.025532
v 0.346448 0.264841 -0.015333
v 0.145102 0.265970 -0.030561
v 0.357776 0.262529 -0.015956
v 0.357937 0.263600 -0.025758
v 0.363529 0.259703 -0.026622
v 0.367414 0.255946 -0.018521
v 0.367559 0.256904 -0.027324
v 0.346213 0.256010 -0.001039
v 0.144698 0.256010 -0.005969
v 0.346448 0.264841 -0.015333
v 0.357561 0.254371 -0.002860
v 0.357776 0.262529 -0.015956
v 0.367249 0.249702 -0.008521
v 0.367414 0.255946 -0.018521
v 0.346082 0.242244 0.006963
v 0.357561 0.254371 -0.002860
v 0.357439 0.241653 0.004540
v 0.346213 0.256010 -0.001039
v 0.070881 0.109297 -0.045883
v 0.070954 0.109297 -0.050276
v 0.070720 0.072700 -0.040980
v 0.070801 0.114367 -0.040978
v 0.070800 0.077759 -0.045885
v 0.070954 0.109297 -0.050276
v 0.070872 0.077759 -0.050278
v 0.070765 0.126039 -0.038782
v 0.070801 0.116417 -0.040978
v 0.070842 0.119201 -0.043480
v 0.070720 0.072689 -0.040980
v 0.070684 0.063997 -0.038784
v 0.070720 0.070639 -0.040980
v 0.070720 0.072657 -0.040980
v 0.070749 0.068694 -0.042781
v 0.070758 0.068111 -0.043284
v 0.070782 0.066536 -0.044778
v 0.070684 0.057982 -0.038784
v 0.070720 0.072689 -0.040980
v 0.070720 0.072657 -0.040980
v 0.070684 0.063997 -0.038784
v 0.070720 0.072700 -0.040980
v 0.070720 0.072689 -0.040980
v 0.070765 0.126039 -0.038782
v 0.068932 0.072700 0.067694
v 0.068859 0.109297 0.077093
v 0.068932 0.109297 0.072692
v 0.069014 0.114367 0.067696
v 0.068850 0.077759 0.072690
v 0.068859 0.109297 0.077093
v 0.068777 0.077759 0.077091
v 0.069050 0.126039 0.065499
v 0.069014 0.116417 0.067696
v 0.068971 0.119201 0.070297
v 0.068968 0.063997 0.065497
v 0.068932 0.072689 0.067694
v 0.068932 0.070639 0.067694
v 0.068932 0.072657 0.067694
v 0.068903 0.068694 0.069494
v 0.068880 0.067162 0.070897
v 0.068968 0.057982 0.065497
v 0.068870 0.066536 0.071492
v 0.068968 0.063997 0.065497
v 0.068932 0.072657 0.067694
v 0.068932 0.072689 0.067694
v 0.069050 0.126039 0.065499
v 0.068932 0.072689 0.067694
v 0.068932 0.072700 0.067694
v 0.070765 0.126039 -0.038782
v 0.069905 0.126039 0.013508
v 0.070765 0.133229 -0.038782
v 0.069905 0.133229 0.013508
v 0.069050 0.126039 0.065499
v 0.069050 0.133229 0.065499
v 0.070567 0.152624 -0.026783
v 0.069245 0.152624 0.053600
v 0.069905 0.152624 0.013508
v 0.070567 0.178025 -0.026783
v 0.069905 0.178025 0.013508
v 0.069245 0.178025 0.053600
v 0.069905 0.199342 0.013508
v 0.070635 0.199342 -0.030886
v 0.069179 0.199342 0.057597
v 0.070490 0.204102 -0.022084
v 0.070654 0.203002 -0.032084
v 0.070255 0.212933 -0.007790
v 0.069905 0.218663 0.013508
v 0.070201 0.218663 -0.004487
v 0.069068 0.218663 0.064401
v 0.070123 0.226699 0.000212
v 0.069905 0.233042 0.013508
v 0.069068 0.233042 0.064401
v 0.070123 0.233042 0.000212
v 0.069196 0.259320 0.056597
v 0.070123 0.242244 0.000212
v 0.069905 0.259320 0.013508
v 0.070255 0.256010 -0.007790
v 0.070344 0.259320 -0.013190
v 0.069905 0.262086 0.013508
v 0.069196 0.262086 0.056597
v 0.070416 0.262086 -0.017584
v 0.069905 0.279783 0.013508
v 0.069092 0.279783 0.062898
v 0.070490 0.264842 -0.022084
v 0.070720 0.279783 -0.036081
v 0.070638 0.265833 -0.031085
v 0.069905 0.299605 0.013508
v 0.069046 0.299605 0.065697
v 0.070767 0.299605 -0.038881
v 0.069063 0.318925 0.064699
v 0.070750 0.318925 -0.037881
v 0.069905 0.318925 0.013508
v 0.069277 0.343387 0.051700
v 0.070536 0.343387 -0.024883
v 0.069905 0.343387 0.013508
v 0.069739 0.355755 0.013603
v 0.068719 0.355755 0.075594
v 0.070765 0.355755 -0.048786
v -0.425992 -0.183429 -0.089646
v -0.417070 -0.166421 -0.093525
v -0.392410 -0.186757 -0.057011
v -0.381463 -0.170154 -0.059345
v -0.417070 -0.166421 -0.093525
v -0.373154 -0.160300 -0.060844
v -0.417070 -0.166421 -0.093525
v -0.410055 -0.153482 -0.096154
v -0.413218 -0.141796 -0.093431
v -0.373154 -0.160300 -0.060844
v -0.413218 -0.141796 -0.093431
v -0.386598 -0.137710 -0.056274
v -0.374196 0.126037 0.002545
v -0.350996 0.111239 0.003112
v -0.350758 0.110452 -0.056198
v -0.315252 0.094508 0.003987
v -0.350758 0.110452 -0.056198
v -0.314284 0.093895 -0.054802
v -0.256977 0.069872 -0.053400
v -0.315252 0.094508 0.003987
v -0.350758 0.110452 -0.056198
v -0.257944 0.070373 0.005389
v -0.248701 0.065945 -0.037996
v -0.258911 0.069872 0.064176
v -0.250134 0.065945 0.049090
v -0.316218 0.093895 0.062774
v -0.352709 0.110452 0.062377
v -0.315252 0.094508 0.003987
v -0.257944 0.070373 0.005389
v -0.246467 0.065074 0.005669
v -0.242697 0.062051 0.005762
v -0.245499 0.063630 -0.053119
v -0.350996 0.111239 0.003112
v -0.352709 0.110452 0.062377
v -0.374196 0.126037 0.002545
v -0.352709 0.110452 0.062377
v -0.246467 0.065074 0.005669
v -0.257944 0.070373 0.005389
v -0.247434 0.063630 0.064456
v -0.242697 0.062051 0.005762
v -0.173753 0.192455 -0.101873
v -0.175995 0.133402 0.034399
v -0.174308 0.154477 -0.068181
v -0.175107 0.133402 -0.019591
v -0.177346 0.287167 0.116581
v -0.176794 0.154477 0.082988
v -0.177346 0.192455 0.116581
v -0.177544 0.239811 0.128580
v -0.175107 0.346220 -0.019591
v -0.176794 0.325143 0.082988
v -0.175995 0.346220 0.034399
v -0.174308 0.325143 -0.068181
v -0.173556 0.239811 -0.113871
v -0.173753 0.287167 -0.101873
v -0.292365 0.197394 -0.080974
v -0.292365 0.247473 -0.080974
v -0.290679 0.248159 -0.078826
v -0.290679 0.196708 -0.078826
v -0.378228 0.124895 0.063157
v -0.387830 0.121469 0.088424
v -0.352709 0.110452 0.062377
v -0.259233 0.068368 0.083772
v -0.247434 0.063630 0.064456
v -0.250134 0.065945 0.049090
v -0.245499 0.063630 -0.053119
v -0.256654 0.068368 -0.072996
v -0.248701 0.065945 -0.037996
v 0.055571 0.285378 0.037263
v 0.051936 0.299250 0.043874
v 0.052093 0.288491 0.034377
v 0.055395 0.297522 0.047957
v -0.177769 0.319636 0.007548
v -0.176742 0.319636 -0.054840
v -0.177769 0.355755 0.007548
v -0.176742 0.355755 -0.054840
v -0.178788 0.355755 0.069539
v -0.176742 0.126442 -0.054841
v -0.178788 0.319636 0.069539
v -0.177769 0.126442 0.007548
v -0.178788 0.126442 0.069539
v -0.384993 0.121469 -0.084041
v -0.376230 0.124895 -0.058316
v -0.350758 0.110452 -0.056198
v 0.056367 0.285378 -0.011128
v 0.052955 0.299250 -0.018011
v 0.056545 0.297522 -0.021929
v 0.052796 0.288491 -0.008415
v -0.416343 -0.141796 0.096534
v -0.421588 -0.126756 0.091300
v -0.468779 -0.113210 0.103348
v -0.418631 -0.126756 -0.088458
v -0.413218 -0.141796 -0.093431
v -0.465389 -0.113210 -0.102811
v -0.478623 -0.223796 0.108410
v -0.424622 -0.242866 0.096331
v -0.480605 -0.211260 0.104165
v -0.374196 0.126037 0.002545
v -0.378228 0.124895 0.063157
v -0.352709 0.110452 0.062377
v 0.055571 0.285378 0.037263
v 1.129729 0.278638 0.047935
v 1.129473 0.285377 0.063534
v 0.055828 0.278638 0.021664
v 1.130014 0.278638 0.030643
v 0.056112 0.278638 0.004372
v 1.130269 0.285377 0.015143
v 0.056367 0.285378 -0.011128
v -0.376230 0.124895 -0.058316
v -0.374196 0.126037 0.002545
v -0.350758 0.110452 -0.056198
v -0.421497 -0.242866 -0.093634
v -0.475057 -0.223796 -0.108344
v -0.477177 -0.211260 -0.104199
v -0.390363 -0.113341 0.057862
v -0.421434 -0.103749 0.087007
v -0.388520 -0.137710 0.060609
v -0.384852 -0.085991 0.056997
v -0.371034 -0.063334 0.059533
v -0.392954 -0.052999 0.085805
v -0.412869 -0.077567 0.084813
v -0.384852 -0.085991 0.056997
v -0.421588 -0.126756 0.091300
v -0.388520 -0.137710 0.060609
v -0.242697 0.062051 0.005762
v -0.246467 0.065074 0.005669
v -0.250134 0.065945 0.049090
v -0.246467 0.065074 0.005669
v -0.242697 0.062051 0.005762
v -0.248701 0.065945 -0.037996
v 0.145292 0.355755 0.077468
v 0.068719 0.355755 0.075594
v 0.069277 0.343387 0.051700
v 0.146424 0.343273 0.053587
v -0.390200 -0.052999 -0.081567
v -0.369162 -0.063334 -0.054245
v -0.383052 -0.085991 -0.052485
v -0.388530 -0.113341 -0.053520
v -0.418617 -0.103750 -0.084260
v -0.386598 -0.137710 -0.056274
v -0.418631 -0.126756 -0.088458
v -0.386598 -0.137710 -0.056274
v -0.410133 -0.077567 -0.081550
v -0.383052 -0.085991 -0.052485
v 0.070536 0.343387 -0.024883
v 0.147338 0.355755 -0.046912
v 0.147683 0.343273 -0.022996
v 0.070765 0.355755 -0.048786
v 0.055828 0.278638 0.021664
v 0.052093 0.288491 0.034377
v 0.052320 0.282521 0.020578
v 0.055571 0.285378 0.037263
v 0.052571 0.282521 0.005284
v 0.052796 0.288491 -0.008415
v 0.056112 0.278638 0.004372
v 0.056367 0.285378 -0.011128
v 0.123517 0.072554 -0.039689
v 0.123517 0.072689 -0.039689
v 0.123517 0.072737 -0.039689
v -0.424622 -0.242866 0.096331
v -0.429637 -0.229870 0.092004
v -0.480605 -0.211260 0.104165
v -0.219454 0.018634 -0.055885
v -0.221501 0.018634 0.068495
v -0.231607 -0.008058 -0.035174
v -0.232961 -0.008058 0.047206
v -0.231607 -0.041892 -0.035174
v -0.232961 -0.041892 0.047206
v -0.219064 -0.088060 -0.034868
v -0.220419 -0.088060 0.047513
v 0.056112 0.278638 0.004372
v 0.055828 0.278638 0.021664
v 0.052571 0.282521 0.005284
v 0.052320 0.282521 0.020578
v 0.357439 0.227291 0.004540
v 0.367249 0.219241 -0.008521
v 0.357561 0.214573 -0.002860
v 0.367156 0.228976 -0.002823
v -0.228319 0.419607 -0.015589
v -0.227854 0.427337 -0.043888
v -0.228319 0.436833 -0.015589
v -0.227854 0.419607 -0.043888
v -0.227854 0.371945 -0.043888
v -0.228319 0.371945 -0.015589
v -0.228501 0.422142 -0.004491
v -0.228501 0.436833 -0.004491
v -0.228970 0.419607 0.023999
v -0.228970 0.371945 0.023999
v -0.228851 0.422142 0.016699
v -0.229498 0.419607 0.056098
v -0.229498 0.371945 0.056098
v -0.229498 0.427337 0.056098
v -0.228970 0.436833 0.023999
v -0.228851 0.436833 0.016699
v -0.426649 -0.229870 -0.089662
v -0.421497 -0.242866 -0.093634
v -0.477177 -0.211260 -0.104199
v 1.133492 0.335316 0.033627
v 0.052540 0.335316 0.007184
v 0.052709 0.330830 -0.003113
v 1.133662 0.330830 0.023330
v 1.133303 0.335316 0.045123
v 0.052351 0.335316 0.018680
v 0.052180 0.330830 0.029076
v 1.133132 0.330830 0.055520
v 0.145041 0.280753 -0.026861
v 0.145102 0.265970 -0.030561
v 0.144932 0.264842 -0.020263
v 0.144698 0.256010 -0.005969
v 0.144349 0.254557 0.015230
v 0.144685 0.254557 -0.005167
v 0.144595 0.245253 0.000233
v 0.144566 0.242244 0.002034
v 0.144566 0.229919 0.002034
v 0.144646 0.284933 -0.002863
v 0.144827 0.294834 -0.013863
v 0.144612 0.284446 -0.000766
v 0.144349 0.280585 0.015230
v 0.144086 0.284446 0.031225
v 0.144053 0.284933 0.033223
v 0.143656 0.280753 0.057320
v 0.143872 0.294834 0.044223
v 0.143550 0.254557 0.063819
v 0.143656 0.228362 0.057320
v 0.143949 0.209186 0.039524
v 0.144349 0.202166 0.015230
v 0.144566 0.226699 0.002034
v 0.144698 0.212933 -0.005969
v 0.144749 0.209186 -0.009065
v 0.144726 0.211936 -0.007669
v 0.144767 0.210349 -0.010164
v 0.144862 0.329268 -0.015969
v 0.144834 0.330850 -0.014267
v 0.145041 0.338706 -0.026861
v 0.144646 0.341148 -0.002863
v 0.144749 0.357882 -0.009065
v 0.144607 0.341722 -0.000469
v 0.144349 0.345496 0.015230
v 0.144349 0.364901 0.015230
v 0.143949 0.357882 0.039524
v 0.144093 0.341722 0.030829
v 0.144053 0.341148 0.033223
v 0.143656 0.338706 0.057320
v 0.143864 0.330850 0.044726
v 0.143836 0.329268 0.046420
v 0.143550 0.312510 0.063819
v 0.143757 0.313040 0.051226
v 0.143759 0.312510 0.051119
v 0.143836 0.296812 0.046420
v 0.143656 0.286315 0.057320
v 0.143875 0.294604 0.044025
v 0.144053 0.284933 0.033223
v 0.143949 0.267138 0.039524
v 0.144101 0.284237 0.030325
v 0.144349 0.280585 0.015230
v 0.144349 0.260119 0.015230
v 0.144749 0.267138 -0.009065
v 0.144599 0.284237 0.000035
v 0.144646 0.284933 -0.002863
v 0.145041 0.286315 -0.026861
v 0.144822 0.294604 -0.013565
v 0.144862 0.296812 -0.015969
v 0.145148 0.312510 -0.033360
v 0.144940 0.312510 -0.020667
v 0.144943 0.313040 -0.020866
v -0.244418 -0.042253 0.005719
v -0.242697 0.062051 0.005762
v -0.248829 -0.042333 0.064422
v -0.247434 0.063630 0.064456
v -0.247434 0.063630 0.064456
v -0.259233 0.068368 0.083772
v -0.259481 -0.042573 0.083766
v -0.242697 0.062051 0.005762
v -0.246895 -0.042333 -0.053153
v -0.245499 0.063630 -0.053119
v -0.256654 0.068368 -0.072996
v -0.245499 0.063630 -0.053119
v -0.256902 -0.042573 -0.073002
v -0.245917 0.226122 -0.077731
v -0.246663 0.226122 -0.032345
v -0.245917 0.218745 -0.077731
v -0.246663 0.218745 -0.032345
v -0.251663 0.239625 -0.032467
v -0.250917 0.205243 -0.077853
v -0.250917 0.239625 -0.077853
v -0.258221 0.248159 -0.032628
v -0.257475 0.248159 -0.078014
v -0.251663 0.205243 -0.032467
v -0.257475 0.196708 -0.078014
v -0.258221 0.196708 -0.032628
v 0.144607 0.341722 -0.000469
v 1.121182 0.345496 0.039126
v 0.144349 0.345496 0.015230
v 0.144093 0.341722 0.030829
v 1.121440 0.341722 0.023428
v 0.144646 0.341148 -0.002863
v 1.121479 0.341147 0.021033
v 1.120925 0.341722 0.054725
v 0.144053 0.341148 0.033223
v 1.120886 0.341147 0.057120
v 0.154936 0.343273 -0.015218
v 0.147052 0.343273 0.015395
v 0.147683 0.343273 -0.022996
v 0.154430 0.343273 0.015576
v 1.122177 0.343273 0.008444
v 0.153928 0.343273 0.046071
v 0.146424 0.343273 0.053587
v 1.121671 0.343273 0.039237
v 1.121169 0.343273 0.069733
v 0.153928 0.343273 0.046071
v 1.120200 0.355754 0.088809
v 0.152959 0.355755 0.065148
v 0.154936 0.343273 -0.015218
v 1.121835 0.355754 -0.010566
v 0.154594 0.355755 -0.034227
v 0.147683 0.343273 -0.022996
v 0.154594 0.355755 -0.034227
v 0.147338 0.355755 -0.046912
v 0.069739 0.355755 0.013603
v -0.177769 0.355755 0.007548
v -0.176742 0.355755 -0.054840
v 0.070765 0.355755 -0.048786
v -0.178788 0.355755 0.069539
v 0.068719 0.355755 0.075594
v 0.357439 0.227291 0.004540
v 0.357439 0.241653 0.004540
v 0.367156 0.239968 -0.002823
v 0.367156 0.228976 -0.002823
v -0.220419 -0.088060 0.047513
v -0.190287 -0.119065 -0.034164
v -0.219064 -0.088060 -0.034868
v -0.191642 -0.119065 0.048217
v -0.156509 -0.126476 -0.033337
v -0.157864 -0.126476 0.049043
v -0.117814 -0.124197 -0.032391
v -0.119168 -0.124197 0.049990
v -0.028779 -0.091722 -0.030213
v -0.030134 -0.091722 0.052168
v -0.387830 0.121469 0.088424
v -0.378228 0.124895 0.063157
v -0.391408 0.146029 0.061637
v -0.376230 0.124895 -0.058316
v -0.384993 0.121469 -0.084041
v -0.389451 0.146029 -0.057342
v -0.402575 0.145172 0.087263
v -0.387830 0.121469 0.088424
v -0.391408 0.146029 0.061637
v -0.370427 -0.171397 0.002637
v -0.361735 -0.162572 0.002849
v -0.375238 -0.160300 0.065833
v -0.383491 -0.170154 0.063929
v -0.370427 -0.171397 0.002637
v -0.383491 -0.170154 0.063929
v -0.394354 -0.186757 0.061160
v -0.381986 -0.187867 0.002354
v -0.397208 -0.215877 0.060190
v -0.384938 -0.218730 0.002282
v -0.393862 -0.243858 0.061172
v -0.381167 -0.248521 0.002374
v -0.384993 0.121469 -0.084041
v -0.399767 0.145172 -0.083502
v -0.389451 0.146029 -0.057342
v -0.290679 0.196708 -0.078826
v -0.291425 0.196708 -0.033440
v -0.297237 0.188282 -0.078986
v -0.297984 0.188282 -0.033601
v -0.228319 0.371945 -0.015589
v -0.301121 0.371945 -0.017370
v -0.300656 0.371945 -0.045669
v -0.227854 0.371945 -0.043888
v -0.228970 0.371945 0.023999
v -0.301772 0.371945 0.022218
v -0.229498 0.371945 0.056098
v -0.302301 0.371945 0.054317
v -0.300547 0.379071 -0.037365
v -0.300934 0.379071 -0.013764
v -0.302433 0.379071 -0.037411
v -0.302821 0.379071 -0.013810
v -0.301477 0.379071 0.019227
v -0.303364 0.379071 0.019180
v -0.301918 0.379071 0.046023
v -0.303804 0.379071 0.045977
v 0.198214 0.379033 0.066255
v 0.199849 0.379033 -0.033120
v 0.336602 0.379033 0.069640
v 0.338238 0.379033 -0.029735
v 0.398089 0.379033 0.071144
v 0.399724 0.379033 -0.028231
v 0.536477 0.379033 0.074530
v 0.538113 0.379033 -0.024845
v 0.586242 0.379033 0.075747
v 0.587877 0.379033 -0.023628
v 0.724630 0.379033 0.079132
v 0.726265 0.379033 -0.020243
v 0.777427 0.379033 0.080424
v 0.779062 0.379033 -0.018951
v 0.915815 0.379033 0.083809
v 0.917450 0.379033 -0.015566
v 0.965579 0.379033 0.085027
v 0.967213 0.379033 -0.014348
v 1.103967 0.379033 0.088412
v 1.105603 0.379033 -0.010963
v 1.066087 0.384129 0.037878
v 1.066753 0.384129 -0.002512
v 1.120442 0.384129 0.039207
v 1.121106 0.384129 -0.001183
v 1.119783 0.384129 0.079299
v 0.922788 0.384129 -0.006034
v 1.065428 0.384129 0.077970
v 0.922124 0.384129 0.034356
v 0.921464 0.384129 0.074448
v -0.242410 0.384129 0.048173
v -0.241015 0.384129 -0.036611
v -0.188054 0.384129 0.049503
v -0.186660 0.384129 -0.035281
v -0.044092 0.384129 0.053025
v -0.042697 0.384129 -0.031759
v -0.300934 0.418822 -0.013764
v -0.300547 0.425268 -0.037365
v -0.300934 0.433187 -0.013764
v -0.300547 0.418822 -0.037365
v -0.300547 0.379071 -0.037365
v -0.300934 0.379071 -0.013764
v -0.300980 0.420936 -0.010964
v -0.300980 0.433187 -0.010964
v -0.301088 0.418915 -0.004474
v -0.301477 0.418822 0.019227
v -0.301377 0.418915 0.013124
v -0.301477 0.420830 0.019227
v -0.301477 0.379071 0.019227
v -0.301482 0.420936 0.019524
v -0.301918 0.418822 0.046023
v -0.301918 0.379071 0.046023
v -0.301918 0.425268 0.046023
v -0.301482 0.433088 0.019524
v -0.381986 -0.187867 0.002354
v -0.394354 -0.186757 0.061160
v -0.381986 -0.187867 0.002354
v -0.392410 -0.186757 -0.057011
v -0.381167 -0.248521 0.002374
v -0.391918 -0.243858 -0.056999
v -0.395294 -0.215877 -0.056181
v -0.392410 -0.186757 -0.057011
v -0.370427 -0.171397 0.002637
v -0.381986 -0.187867 0.002354
v -0.381463 -0.170154 -0.059345
v -0.381463 -0.170154 -0.059345
v -0.373154 -0.160300 -0.060844
v -0.361735 -0.162572 0.002849
v -0.370427 -0.171397 0.002637
v 0.357439 0.241653 0.004540
v 0.357561 0.254371 -0.002860
v 0.367249 0.249702 -0.008521
v 0.367156 0.239968 -0.002823
v 1.119241 0.415531 0.047381
v 1.051932 0.415061 0.045734
v 1.052205 0.415061 0.029136
v 1.119514 0.415531 0.030783
v -0.395759 0.179484 0.056829
v -0.407387 0.179484 0.080644
v -0.391408 0.146029 0.061637
v -0.395588 0.213794 0.051431
v -0.406812 0.224971 0.070662
v -0.407387 0.179484 0.080644
v -0.395255 0.257450 0.046135
v -0.405822 0.255195 0.065382
v -0.379281 -0.116539 0.002420
v -0.390363 -0.113341 0.057862
v -0.388520 -0.137710 0.060609
v -0.376656 -0.141363 0.002484
v -0.384852 -0.085991 0.056997
v -0.374770 -0.088800 0.002531
v -0.362967 -0.066780 0.002819
v -0.374770 -0.088800 0.002531
v -0.384852 -0.085991 0.056997
v -0.362967 -0.066780 0.002819
v -0.371034 -0.063334 0.059533
v -0.393961 0.213794 -0.047449
v -0.404546 0.224971 -0.067114
v -0.393803 0.257450 -0.042142
v -0.403730 0.255195 -0.061790
v -0.404790 0.179484 -0.077223
v -0.393957 0.179484 -0.052752
v -0.404790 0.179484 -0.077223
v -0.389451 0.146029 -0.057342
v -0.379281 -0.116539 0.002420
v -0.376656 -0.141363 0.002484
v -0.386598 -0.137710 -0.056274
v -0.388530 -0.113341 -0.053520
v -0.383052 -0.085991 -0.052485
v -0.362967 -0.066780 0.002819
v -0.374770 -0.088800 0.002531
v -0.374770 -0.088800 0.002531
v -0.383052 -0.085991 -0.052485
v -0.369162 -0.063334 -0.054245
v -0.362967 -0.066780 0.002819
v -0.407387 0.179484 0.080644
v -0.402575 0.145172 0.087263
v -0.391408 0.146029 0.061637
v -0.405106 -0.309672 0.001788
v -0.396006 -0.283635 0.002011
v -0.408600 -0.281756 0.059713
v -0.417551 -0.307195 0.055297
v -0.420203 -0.334852 0.052027
v -0.401990 -0.356973 0.001865
v -0.407320 -0.338032 0.001734
v -0.405106 -0.309672 0.001788
v -0.417551 -0.307195 0.055297
v -0.408600 -0.281756 0.059713
v -0.405106 -0.309672 0.001788
v -0.415780 -0.307195 -0.052385
v -0.406692 -0.281756 -0.056261
v -0.407320 -0.338032 0.001734
v -0.418539 -0.334852 -0.049149
v -0.401990 -0.356973 0.001865
v -0.415780 -0.307195 -0.052385
v -0.405106 -0.309672 0.001788
v -0.396006 -0.283635 0.002011
v -0.406692 -0.281756 -0.056261
v -0.399767 0.145172 -0.083502
v -0.404790 0.179484 -0.077223
v -0.389451 0.146029 -0.057342
v -0.424622 -0.242866 0.096331
v -0.423191 -0.251602 0.099167
v -0.383521 -0.262946 0.065729
v -0.419975 -0.251602 -0.096397
v -0.421497 -0.242866 -0.093634
v -0.381435 -0.262946 -0.061046
v -0.421588 -0.126756 0.091300
v -0.416343 -0.141796 0.096534
v -0.388520 -0.137710 0.060609
v -0.413218 -0.141796 -0.093431
v -0.418631 -0.126756 -0.088458
v -0.386598 -0.137710 -0.056274
v 0.367289 0.217710 -0.010924
v 0.373869 0.226230 -0.017066
v 0.373886 0.225603 -0.018066
v 0.367249 0.219241 -0.008521
v 0.367156 0.228976 -0.002823
v 0.373869 0.226230 -0.017066
v 0.367249 0.219241 -0.008521
v 0.373820 0.231497 -0.014061
v -0.306155 0.377172 0.004407
v -0.305910 0.377172 -0.010490
v -0.296890 0.381269 -0.010269
v -0.297374 0.381269 0.019128
v -0.306394 0.377172 0.018907
v -0.391086 0.179484 0.002131
v -0.386822 0.146314 0.002236
v -0.389451 0.146029 -0.057342
v -0.374196 0.126037 0.002545
v -0.389451 0.146029 -0.057342
v -0.376230 0.124895 -0.058316
v -0.393957 0.179484 -0.052752
v -0.393961 0.213794 -0.047449
v -0.391086 0.258201 0.002131
v -0.393803 0.257450 -0.042142
v -0.395588 0.213794 0.051431
v -0.395255 0.257450 0.046135
v -0.391086 0.179484 0.002131
v -0.395759 0.179484 0.056829
v -0.391408 0.146029 0.061637
v -0.386822 0.146314 0.002236
v -0.391408 0.146029 0.061637
v -0.374196 0.126037 0.002545
v -0.378228 0.124895 0.063157
v -0.429637 -0.229870 0.092004
v -0.424622 -0.242866 0.096331
v -0.393862 -0.243858 0.061172
v -0.421497 -0.242866 -0.093634
v -0.426649 -0.229870 -0.089662
v -0.391918 -0.243858 -0.056999
v -0.392073 0.272692 0.002305
v -0.392312 0.260893 0.016805
v -0.391828 0.260893 -0.012592
v -0.392312 0.272692 0.016805
v -0.391828 0.272692 -0.012592
v -0.424622 -0.242866 0.096331
v -0.383521 -0.262946 0.065729
v -0.393862 -0.243858 0.061172
v -0.381435 -0.262946 -0.061046
v -0.421497 -0.242866 -0.093634
v -0.391918 -0.243858 -0.056999
v -0.401990 -0.356973 0.001865
v -0.416003 -0.354171 0.051031
v -0.417594 -0.369598 0.052991
v -0.402892 -0.371711 0.001842
v -0.416003 -0.354171 0.051031
v -0.420203 -0.334852 0.052027
v 0.373820 0.237446 -0.014061
v 0.367249 0.249702 -0.008521
v 0.373869 0.242714 -0.017066
v 0.367156 0.239968 -0.002823
v 0.373820 0.231497 -0.014061
v 0.367156 0.228976 -0.002823
v 0.367156 0.239968 -0.002823
v -0.401990 -0.356973 0.001865
v -0.414375 -0.354171 -0.047948
v -0.418539 -0.334852 -0.049149
v -0.414375 -0.354171 -0.047948
v -0.415898 -0.369598 -0.050084
v -0.402892 -0.371711 0.001842
v 0.338238 0.361891 -0.029735
v 0.336602 0.361891 0.069640
v 0.338238 0.379033 -0.029735
v 0.336602 0.379033 0.069640
v 0.367249 0.249702 -0.008521
v 0.373960 0.246094 -0.022566
v 0.373869 0.242714 -0.017066
v 0.367414 0.255946 -0.018521
v 0.373869 0.226230 -0.017066
v 0.374758 0.229042 -0.021241
v 0.373886 0.225603 -0.018066
v 0.374844 0.229727 -0.021438
v -0.375238 -0.160300 0.065833
v -0.367310 -0.154633 0.002713
v -0.388520 -0.137710 0.060609
v -0.361735 -0.162572 0.002849
v -0.367310 -0.154633 0.002713
v -0.367310 -0.154633 0.002713
v -0.373154 -0.160300 -0.060844
v -0.386598 -0.137710 -0.056274
v -0.367310 -0.154633 0.002713
v -0.361735 -0.162572 0.002849
v -0.367310 -0.154633 0.002713
v -0.376656 -0.141363 0.002484
v -0.388520 -0.137710 0.060609
v -0.376656 -0.141363 0.002484
v -0.367310 -0.154633 0.002713
v -0.386598 -0.137710 -0.056274
v 0.368878 0.254885 -0.027788
v 0.367414 0.255946 -0.018521
v 0.367559 0.256904 -0.027324
v 0.369126 0.254557 -0.027881
v 0.368878 0.254885 -0.027788
v 0.374012 0.246449 -0.025762
v 0.373960 0.246094 -0.022566
v 0.375444 0.235443 -0.023026
v 0.373820 0.237446 -0.014061
v 0.375370 0.237547 -0.023532
v 0.373869 0.242714 -0.017066
v 0.375441 0.234546 -0.022828
v 0.373820 0.237446 -0.014061
v 0.375352 0.233378 -0.022433
v 0.373820 0.231497 -0.014061
v 0.374844 0.229727 -0.021438
v 0.373869 0.226230 -0.017066
v 0.375370 0.237547 -0.023532
v 0.373869 0.242714 -0.017066
v 0.374896 0.241370 -0.024542
v 0.373960 0.246094 -0.022566
v 0.374012 0.246449 -0.025762
v 0.374896 0.241370 -0.024542
v 0.373960 0.246094 -0.022566
v -0.372804 -0.261766 0.002579
v -0.381435 -0.262946 -0.061046
v -0.391918 -0.243858 -0.056999
v -0.369443 -0.266727 0.002661
v -0.381435 -0.262946 -0.061046
v -0.383521 -0.262946 0.065729
v -0.372804 -0.261766 0.002579
v -0.393862 -0.243858 0.061172
v -0.369443 -0.266727 0.002661
v -0.383521 -0.262946 0.065729
v -0.372804 -0.261766 0.002579
v -0.381167 -0.248521 0.002374
v -0.393862 -0.243858 0.061172
v -0.381167 -0.248521 0.002374
v -0.372804 -0.261766 0.002579
v -0.391918 -0.243858 -0.056999
v 0.538113 0.361891 -0.024845
v 0.536477 0.361891 0.074530
v 0.538113 0.379033 -0.024845
v 0.536477 0.379033 0.074530
v 1.065624 0.436499 0.046069
v 1.065897 0.436499 0.029471
v 1.051932 0.415061 0.045734
v 1.052205 0.415061 0.029136
v 0.726265 0.361891 -0.020243
v 0.724630 0.361891 0.079132
v 0.726265 0.379033 -0.020243
v 0.724630 0.379033 0.079132
v 0.917450 0.361891 -0.015566
v 0.915815 0.361891 0.083809
v 0.917450 0.379033 -0.015566
v 0.915815 0.379033 0.083809
v 0.922788 0.384129 -0.006034
v 0.922124 0.384129 0.034356
v 0.922788 0.386993 -0.006034
v 0.922124 0.389486 0.034356
v 0.922612 0.390559 0.004661
v 0.922124 0.396156 0.034356
v 0.921640 0.390559 0.063753
v 0.921464 0.386993 0.074448
v 0.921464 0.384129 0.074448
v 1.105603 0.361891 -0.010963
v 1.103967 0.361891 0.088412
v 1.105603 0.379033 -0.010963
v 1.103967 0.379033 0.088412
vn 0.9999 -0.0000 0.0165
vn 0.9999 -0.0000 0.0164
vn 0.9995 0.0286 0.0164
vn 0.9995 0.0287 0.0164
vn 0.9986 0.0502 0.0164
vn 0.9986 0.0501 0.0164
vn 0.9999 0.0001 0.0164
vn 0.9999 0.0001 0.0165
vn 0.9999 0.0001 0.0163
vn 0.9999 -0.0001 0.0163
vn 0.9999 -0.0002 0.0163
vn 0.9999 -0.0001 0.0165
vn 0.9999 -0.0002 0.0164
vn 0.9999 0.0002 0.0164
vn 0.7480 0.6471 0.1476
vn 0.7534 0.6460 -0.1227
vn 0.7480 0.6470 0.1479
vn 0.7542 0.5276 0.3909
vn 0.7542 0.5277 0.3909
vn 0.7534 0.6460 -0.1229
vn 0.7691 0.5252 -0.3641
vn 0.7692 0.5252 -0.3641
vn 0.7622 0.3030 0.5720
vn 0.7542 0.5275 0.3911
vn 0.7542 0.5275 0.3910
vn 0.7622 0.3032 0.5720
vn 0.7841 0.3010 -0.5427
vn 0.7692 0.5251 -0.3642
vn 0.7692 0.5250 -0.3642
vn 0.8365 -0.5478 0.0138
vn 0.8366 -0.5477 0.0138
vn 0.8365 -0.5477 0.0138
vn 0.7677 -0.0000 0.6408
vn 0.7622 0.3029 0.5721
vn 0.7622 0.3030 0.5721
vn 0.7622 -0.3030 0.5721
vn 0.7841 0.3009 -0.5428
vn 0.7922 0.0001 -0.6102
vn 0.7923 0.0001 -0.6101
vn 0.7841 -0.3009 -0.5428
vn 0.7841 -0.3008 -0.5428
vn 0.7542 -0.5275 0.3910
vn 0.7622 -0.3030 0.5720
vn 0.7622 -0.3031 0.5720
vn 0.7841 -0.3011 -0.5427
vn 0.7692 -0.5250 -0.3642
vn 0.7841 -0.3010 -0.5427
vn 0.7692 -0.5251 -0.3642
vn -0.7717 -0.6358 -0.0126
vn -0.6362 -0.7676 0.0785
vn -0.8616 -0.4607 0.2132
vn -0.9399 -0.3412 -0.0154
vn -0.7717 -0.6359 -0.0126
vn -0.7717 -0.6359 -0.0127
vn -0.9398 -0.3413 -0.0155
vn -0.8531 -0.4621 -0.2421
vn -0.6323 -0.7683 -0.0994
vn -0.7717 -0.6358 -0.0127
vn -0.8532 -0.4621 -0.2420
vn 0.7542 -0.5276 0.3909
vn 0.7480 -0.6471 0.1479
vn 0.7480 -0.6471 0.1478
vn 0.7534 -0.6460 -0.1230
vn 0.7691 -0.5252 -0.3641
vn 0.7692 -0.5252 -0.3641
vn 0.7534 -0.6460 -0.1229
vn 0.7534 -0.6460 -0.1227
vn 0.7480 -0.6471 0.1476
vn -0.6360 -0.7677 0.0785
vn -0.6945 -0.6085 0.3838
vn -0.6782 -0.6112 -0.4081
vn -0.6323 -0.7683 -0.0995
vn -0.8531 -0.4621 -0.2422
vn -0.7694 -0.1797 0.6130
vn -0.9118 -0.3093 0.2701
vn -0.8616 -0.4607 0.2133
vn -0.9016 -0.3105 -0.3011
vn -0.7444 -0.1811 -0.6427
vn -0.6945 -0.6085 0.3839
vn -0.7694 -0.1797 0.6129
vn -0.8617 -0.4605 0.2133
vn -0.7445 -0.1810 -0.6426
vn -0.4005 -0.9163 -0.0066
vn -0.4810 -0.8767 -0.0079
vn -0.6322 -0.7684 -0.0994
vn -0.4811 -0.8766 -0.0079
vn -0.7716 -0.6360 -0.0127
vn -0.7716 -0.6360 -0.0126
vn 0.2242 0.9745 0.0037
vn 0.4413 0.8973 0.0073
vn 0.4414 0.8973 0.0073
vn -0.0000 1.0000 -0.0000
vn -0.4004 -0.9163 -0.0066
vn -0.3081 -0.9513 -0.0051
vn -0.3188 -0.9471 0.0370
vn -0.4251 -0.9047 0.0278
vn -0.6360 -0.7677 0.0784
vn -0.2490 -0.9685 -0.0041
vn -0.2512 -0.9672 0.0383
vn -0.3169 -0.9473 -0.0475
vn -0.2478 -0.9654 -0.0818
vn -0.2050 -0.9748 -0.0883
vn -0.2062 -0.9771 -0.0530
vn -0.2492 -0.9673 -0.0467
vn -0.3168 -0.9473 -0.0476
vn -0.3234 -0.9433 -0.0755
vn -0.2479 -0.9653 -0.0818
vn -0.3169 -0.9473 -0.0476
vn -0.6780 -0.6112 -0.4082
vn -0.4236 -0.9049 -0.0418
vn -0.4235 -0.9049 -0.0418
vn -0.6780 -0.6113 -0.4083
vn -0.9998 0.0143 -0.0164
vn -0.9399 -0.3411 -0.0154
vn -0.9461 0.0295 0.3225
vn -0.9119 -0.3092 0.2700
vn -0.9461 0.0294 0.3226
vn -0.9118 -0.3093 0.2699
vn -0.9398 -0.3413 -0.0154
vn -0.9745 0.2238 -0.0160
vn -0.9214 0.2061 0.3294
vn -0.9214 0.2062 0.3294
vn -0.9392 0.1476 0.3100
vn -0.9821 0.1877 -0.0161
vn -0.9399 -0.3411 -0.0155
vn -0.9998 0.0144 -0.0165
vn -0.9343 0.0297 -0.3551
vn -0.9745 0.2238 -0.0161
vn -0.9092 0.2072 -0.3612
vn -0.9017 -0.3105 -0.3009
vn -0.9343 0.0295 -0.3552
vn -0.9398 -0.3413 -0.0156
vn -0.9016 -0.3107 -0.3010
vn -0.8532 -0.4621 -0.2421
vn -0.9278 0.1483 -0.3422
vn -0.9745 0.2238 -0.0162
vn -0.9821 0.1877 -0.0162
vn -0.2492 -0.9673 -0.0466
vn -0.2087 -0.9769 0.0462
vn -0.2063 -0.9770 -0.0530
vn -0.2142 -0.9768 -0.0035
vn -0.1729 -0.9849 -0.0029
vn -0.1571 -0.9865 0.0470
vn -0.1547 -0.9866 -0.0522
vn -0.0962 -0.9948 0.0340
vn -0.0945 -0.9948 -0.0370
vn -0.0861 -0.9963 -0.0014
vn 0.2404 -0.9707 0.0039
vn 0.2185 -0.9388 0.2662
vn 0.2403 -0.9707 0.0039
vn 0.2312 -0.9379 -0.2586
vn 0.2186 -0.9388 0.2662
vn -0.1576 -0.9841 0.0824
vn -0.0962 -0.9948 0.0339
vn -0.1535 -0.9843 -0.0876
vn 0.2311 -0.9379 -0.2586
vn -0.0945 -0.9948 -0.0371
vn -0.1571 -0.9865 0.0472
vn -0.2090 -0.9745 0.0815
vn -0.2091 -0.9745 0.0815
vn -0.2515 -0.9650 0.0736
vn -0.3188 -0.9471 0.0371
vn -0.2516 -0.9650 0.0735
vn -0.3267 -0.9429 0.0648
vn -0.3189 -0.9471 0.0370
vn -0.6944 -0.6087 0.3839
vn -0.6944 -0.6086 0.3839
vn -0.3189 -0.9471 0.0371
vn -0.4252 -0.9047 0.0278
vn -0.1546 -0.9866 -0.0524
vn -0.1534 -0.9843 -0.0875
vn -0.0944 -0.9948 -0.0372
vn -0.2049 -0.9748 -0.0883
vn -0.7854 -0.0233 0.6185
vn -0.7649 0.0157 0.6439
vn -0.9562 0.0806 0.2813
vn -0.9559 0.0586 0.2877
vn -0.9392 0.1476 0.3101
vn -0.7383 0.0555 0.6722
vn -0.7018 0.1279 0.7008
vn -0.7382 0.0555 0.6722
vn -0.7649 0.0157 0.6440
vn -0.7232 0.1112 0.6817
vn -0.9562 0.0807 0.2813
vn -0.9298 0.1768 0.3229
vn -0.7370 0.1582 0.6571
vn -0.9213 0.2061 0.3296
vn -0.7018 0.1280 0.7008
vn -0.9392 0.1476 0.3102
vn -0.9460 0.0294 0.3228
vn -0.7115 0.0400 0.7015
vn -0.7694 -0.1796 0.6130
vn -0.9118 -0.3092 0.2701
vn -0.9460 0.0293 0.3228
vn -0.9306 0.2139 0.2970
vn -0.9298 0.1768 0.3230
vn -0.7020 0.1600 0.6940
vn -0.7309 0.1747 0.6597
vn -0.9961 0.0864 -0.0163
vn -0.9560 0.0587 0.2875
vn -0.9563 0.0807 0.2810
vn -0.9392 0.1476 0.3099
vn -0.9821 0.1876 -0.0161
vn -0.9940 0.1078 -0.0163
vn -0.9298 0.1768 0.3228
vn -0.9307 0.2139 0.2968
vn -0.9745 0.2238 -0.0159
vn -0.9307 0.2139 0.2967
vn -0.9613 0.2751 -0.0157
vn -0.9111 0.2446 0.3318
vn -0.8936 0.3408 0.2919
vn -0.9342 0.3565 -0.0153
vn -0.9126 0.4085 -0.0150
vn -0.8641 0.4089 0.2934
vn -0.8911 0.4535 -0.0145
vn -0.8489 0.4392 0.2942
vn -0.8258 0.4847 0.2884
vn -0.8567 0.5156 -0.0140
vn -0.8307 0.5566 -0.0136
vn -0.7604 -0.0236 -0.6490
vn -0.7104 0.0559 -0.7016
vn -0.9277 0.1483 -0.3425
vn -0.9454 0.0588 -0.3204
vn -0.6722 0.1290 -0.7290
vn -0.9277 0.1484 -0.3425
vn -0.9460 0.0810 -0.3138
vn -0.7386 0.0158 -0.6739
vn -0.9090 0.2072 -0.3615
vn -0.9342 0.0296 -0.3554
vn -0.6821 0.0404 -0.7302
vn -0.7445 -0.1809 -0.6426
vn -0.7446 -0.1809 -0.6425
vn -0.9017 -0.3105 -0.3010
vn -0.9342 0.0294 -0.3554
vn -0.6947 0.1121 -0.7105
vn -0.9460 0.0810 -0.3139
vn -0.9178 0.1777 -0.3551
vn -0.7097 0.1595 -0.6862
vn -0.9196 0.2149 -0.3289
vn -0.6727 0.1612 -0.7222
vn -0.7035 0.1761 -0.6885
vn -0.9961 0.0864 -0.0164
vn -0.9940 0.1078 -0.0164
vn -0.9461 0.0810 -0.3136
vn -0.9821 0.1876 -0.0163
vn -0.9455 0.0588 -0.3202
vn -0.9179 0.1777 -0.3549
vn -0.9197 0.2149 -0.3286
vn -0.9613 0.2751 -0.0158
vn -0.9197 0.2150 -0.3286
vn -0.8987 0.2458 -0.3632
vn -0.8825 0.3423 -0.3226
vn -0.9342 0.3565 -0.0154
vn -0.8527 0.4106 -0.3230
vn -0.8911 0.4535 -0.0147
vn -0.8373 0.4410 -0.3231
vn -0.8142 0.4866 -0.3166
vn -0.8567 0.5156 -0.0142
vn -0.8307 0.5566 -0.0137
vn -0.9973 0.0716 -0.0163
vn -0.9547 0.2972 -0.0157
vn -0.9410 0.2769 0.1943
vn -0.8332 0.5528 -0.0137
vn -0.9779 0.0799 0.1931
vn -0.9723 0.1092 0.2068
vn -0.9973 0.0715 -0.0164
vn -0.9713 0.2374 -0.0159
vn -0.9467 0.2471 0.2068
vn -0.7785 0.6079 0.1562
vn -0.6718 0.7407 -0.0110
vn -0.9973 0.0716 -0.0164
vn -0.9708 0.0802 -0.2259
vn -0.9337 0.2778 -0.2259
vn -0.9647 0.1096 -0.2394
vn -0.9961 0.0865 -0.0164
vn -0.9713 0.2374 -0.0160
vn -0.9389 0.2479 -0.2386
vn -0.7719 0.6092 -0.1819
vn -0.6717 0.7407 -0.0111
vn -0.8815 0.1284 0.4544
vn -0.8544 0.1671 0.4920
vn -0.9722 0.1092 0.2070
vn -0.8422 0.2648 0.4697
vn -0.9466 0.2471 0.2070
vn -0.9722 0.1092 0.2069
vn -0.8544 0.1672 0.4919
vn -0.9466 0.2472 0.2070
vn -0.7784 0.6080 0.1562
vn -0.4651 0.8619 0.2019
vn -0.9779 0.0799 0.1933
vn -0.8815 0.1284 0.4543
vn -0.9410 0.2769 0.1946
vn -0.8547 0.2435 0.4584
vn -0.7661 0.3935 0.5081
vn -0.9999 -0.0000 -0.0165
vn -0.9694 -0.0000 -0.2453
vn -0.9694 -0.0000 -0.2454
vn -0.8829 -0.0000 -0.4696
vn -0.8829 -0.0000 -0.4695
vn -0.9695 -0.0000 -0.2452
vn -0.9772 -0.0000 0.2124
vn -0.9772 -0.0000 0.2125
vn -0.8993 -0.0000 0.4373
vn -0.8993 -0.0000 0.4374
vn -0.9772 -0.0000 0.2123
vn -0.9771 -0.0000 0.2127
vn -0.8642 0.1292 -0.4862
vn -0.8370 0.2450 -0.4892
vn -0.9337 0.2778 -0.2260
vn -0.7454 0.3959 -0.5363
vn -0.9708 0.0802 -0.2261
vn -0.9647 0.1096 -0.2395
vn -0.8239 0.2665 -0.5002
vn -0.8354 0.1683 -0.5232
vn -0.9647 0.1096 -0.2397
vn -0.8354 0.1682 -0.5232
vn -0.9647 0.1096 -0.2396
vn -0.9389 0.2479 -0.2387
vn -0.8238 0.2665 -0.5003
vn -0.8238 0.2666 -0.5002
vn -0.9389 0.2480 -0.2387
vn -0.7719 0.6092 -0.1820
vn -0.4557 0.8632 -0.2173
vn -0.6803 0.3424 0.6481
vn -0.6852 0.3644 0.6306
vn -0.8640 0.4089 0.2937
vn -0.8936 0.3408 0.2921
vn -0.7030 0.2852 0.6515
vn -0.7014 0.1919 0.6865
vn -0.9110 0.2446 0.3320
vn -0.7310 0.1747 0.6597
vn -0.7014 0.1918 0.6865
vn -0.9306 0.2140 0.2970
vn -0.9110 0.2445 0.3320
vn -0.6526 0.3448 -0.6747
vn -0.6755 0.2873 -0.6791
vn -0.8824 0.3423 -0.3227
vn -0.8526 0.4106 -0.3232
vn -0.6584 0.3670 -0.6571
vn -0.6756 0.2873 -0.6790
vn -0.6724 0.1934 -0.7145
vn -0.8986 0.2458 -0.3635
vn -0.7035 0.1760 -0.6886
vn -0.9196 0.2150 -0.3289
vn -0.6725 0.1933 -0.7144
vn -0.7391 0.6735 -0.0122
vn -0.7437 0.6577 -0.1199
vn -0.7479 0.6397 0.1774
vn -0.7478 0.6398 0.1773
vn -0.7479 0.6397 0.1773
vn -0.8050 0.5248 0.2768
vn -0.8257 0.4847 0.2884
vn -0.7873 0.5774 0.2164
vn -0.7404 0.6342 -0.2228
vn -0.7404 0.6341 -0.2229
vn -0.7938 0.5267 -0.3041
vn -0.8142 0.4867 -0.3166
vn -0.7783 0.5790 -0.2428
vn -0.8240 0.5297 0.2012
vn -0.9410 0.2771 0.1944
vn -0.8158 0.5312 -0.2288
vn -0.9336 0.2780 -0.2259
vn -0.8489 0.4391 0.2943
vn -0.8488 0.4392 0.2943
vn -0.6852 0.3645 0.6306
vn -0.8257 0.4847 0.2885
vn -0.6549 0.3746 0.6564
vn -0.6872 0.4243 0.5897
vn -0.6584 0.3671 -0.6571
vn -0.8372 0.4411 -0.3234
vn -0.8142 0.4866 -0.3168
vn -0.6265 0.3772 -0.6821
vn -0.6621 0.4270 -0.6159
vn -0.8373 0.4409 -0.3234
vn -0.8239 0.5297 0.2014
vn -0.7872 0.5774 0.2166
vn -0.9409 0.2771 0.1946
vn -0.8331 0.5529 -0.0137
vn -0.7921 0.6103 -0.0130
vn -0.7872 0.5774 0.2165
vn -0.7921 0.6102 -0.0130
vn -0.7454 0.3960 -0.5363
vn -0.8157 0.5312 -0.2290
vn -0.9336 0.2779 -0.2260
vn -0.7782 0.5791 -0.2430
vn -0.8307 0.5566 -0.0138
vn -0.7921 0.6102 -0.0131
vn -0.7783 0.5790 -0.2429
vn -0.8331 0.5529 -0.0138
vn -0.7783 0.5791 -0.2428
vn -0.7873 0.5773 0.2167
vn -0.6621 0.4271 -0.6158
vn -0.7783 0.5789 -0.2430
vn -0.8814 0.1284 0.4545
vn -0.8546 0.2435 0.4586
vn -0.5546 0.1981 0.8082
vn -0.7661 0.3934 0.5082
vn -0.5788 0.2302 0.7823
vn -0.8544 0.1671 0.4921
vn -0.8421 0.2648 0.4698
vn -0.8049 0.5247 0.2770
vn -0.7873 0.5773 0.2166
vn -0.8257 0.4847 0.2886
vn -0.4652 0.8619 0.2019
vn -0.5199 0.4823 0.7051
vn -0.8641 0.1292 -0.4864
vn -0.5439 0.2318 -0.8065
vn -0.5182 0.1995 -0.8316
vn -0.8369 0.2450 -0.4894
vn -0.7453 0.3959 -0.5364
vn -0.8353 0.1683 -0.5233
vn -0.7937 0.5267 -0.3044
vn -0.8141 0.4867 -0.3168
vn -0.8237 0.2665 -0.5004
vn -0.4557 0.8632 -0.2174
vn -0.4878 0.4850 -0.7258
vn -0.5199 0.4822 0.7052
vn -0.8421 0.2648 0.4699
vn -0.7853 -0.0234 0.6187
vn -0.7381 0.0555 0.6724
vn -0.3786 -0.0682 0.9231
vn -0.7016 0.1279 0.7010
vn -0.3334 0.0257 0.9424
vn -0.3687 0.0341 0.9289
vn -0.7113 0.0401 0.7018
vn -0.7112 0.0400 0.7018
vn -0.3686 0.0341 0.9290
vn -0.4059 -0.0255 0.9135
vn -0.4145 -0.1021 0.9043
vn -0.7852 -0.0234 0.6188
vn -0.3787 -0.0682 0.9230
vn -0.7648 0.0157 0.6441
vn -0.7230 0.1112 0.6818
vn -0.7648 0.0157 0.6440
vn -0.4145 -0.1020 0.9043
vn -0.3953 0.0340 0.9179
vn -0.3622 0.0773 0.9289
vn -0.7368 0.1582 0.6574
vn -0.4878 0.4850 -0.7259
vn -0.7661 0.3933 0.5083
vn -0.5056 0.2000 0.8393
vn -0.5545 0.1981 0.8082
vn -0.4383 0.2110 0.8737
vn -0.7603 -0.0236 -0.6491
vn -0.3720 -0.1027 -0.9225
vn -0.3351 -0.0687 -0.9397
vn -0.7385 0.0158 -0.6740
vn -0.7102 0.0559 -0.7017
vn -0.3350 -0.0686 -0.9397
vn -0.6720 0.1289 -0.7293
vn -0.2883 0.0259 -0.9572
vn -0.3246 0.0343 -0.9452
vn -0.6817 0.0404 -0.7305
vn -0.7444 -0.1810 -0.6427
vn -0.6818 0.0403 -0.7304
vn -0.3246 0.0342 -0.9452
vn -0.3629 -0.0256 -0.9315
vn -0.7444 -0.1809 -0.6427
vn -0.7385 0.0158 -0.6741
vn -0.6945 0.1121 -0.7107
vn -0.3720 -0.1026 -0.9225
vn -0.3520 0.0342 -0.9354
vn -0.3180 0.0776 -0.9449
vn -0.7095 0.1594 -0.6864
vn -0.2895 0.0949 -0.9525
vn -0.6725 0.1612 -0.7223
vn -0.4671 0.2013 -0.8610
vn -0.3975 0.2123 -0.8927
vn -0.5182 0.1995 -0.8317
vn -0.9808 -0.1946 -0.0161
vn -0.9808 0.1946 -0.0161
vn -0.9256 -0.3782 -0.0152
vn -0.9256 0.3782 -0.0152
vn -0.9256 0.3781 -0.0152
vn 0.0040 0.9866 -0.1632
vn -0.0035 0.9898 0.1424
vn -0.0070 0.9585 0.2851
vn -0.0035 0.9898 0.1426
vn -0.0034 0.9898 0.1426
vn 0.0040 0.9865 -0.1635
vn 0.0078 0.9488 -0.3158
vn 0.0078 0.9488 -0.3157
vn 0.0036 0.9887 -0.1496
vn -0.0036 0.9888 0.1495
vn -0.0037 0.9888 0.1495
vn -0.0073 0.9537 0.3005
vn -0.0073 0.9538 0.3003
vn 0.0036 0.9887 -0.1498
vn 0.0073 0.9538 -0.3003
vn 0.0073 0.9538 -0.3004
vn 0.0040 0.9865 -0.1634
vn 0.0039 0.9865 -0.1634
vn -0.7660 0.3934 0.5084
vn -0.6871 0.4242 0.5899
vn -0.4383 0.2109 0.8737
vn -0.6620 0.4270 -0.6160
vn -0.7453 0.3958 -0.5365
vn -0.3975 0.2122 -0.8927
vn -0.8397 -0.4688 0.2742
vn -0.4907 -0.8713 -0.0080
vn -0.4786 -0.8273 0.2942
vn -0.8704 -0.4921 -0.0143
vn -0.3080 0.9514 -0.0051
vn -0.4345 0.9006 -0.0071
vn -0.2751 0.9614 -0.0045
vn -0.2745 0.9616 -0.0045
vn -0.2743 0.9616 -0.0045
vn -0.4078 0.9130 -0.0067
vn -0.4345 0.9006 -0.0072
vn -0.4810 0.8767 -0.0079
vn -0.4809 0.8767 -0.0079
vn -0.8705 -0.4920 -0.0144
vn -0.8305 -0.4715 -0.2967
vn -0.4908 -0.8712 -0.0081
vn -0.4649 -0.8292 -0.3105
vn -0.4513 0.8923 -0.0074
vn -0.4382 0.2109 0.8738
vn -0.3691 0.1964 0.9084
vn -0.9999 -0.0000 -0.0164
vn -0.9999 0.0001 -0.0164
vn -0.9999 -0.0001 -0.0165
vn -0.3342 0.0945 0.9378
vn -0.7018 0.1600 0.6942
vn -0.3518 0.0600 0.9341
vn -0.7308 0.1747 0.6599
vn -0.3703 0.0771 0.9257
vn -0.7013 0.1918 0.6866
vn -0.3878 0.1109 0.9150
vn -0.3759 0.2119 0.9021
vn -0.7028 0.2851 0.6518
vn -0.6801 0.3424 0.6483
vn -0.7028 0.2852 0.6517
vn -0.3759 0.2120 0.9021
vn -0.2969 0.2065 0.9323
vn -0.6851 0.3644 0.6307
vn -0.6800 0.3424 0.6483
vn -0.2968 0.2065 0.9323
vn -0.6546 0.3746 0.6566
vn -0.6872 0.4242 0.5898
vn 0.0776 0.9970 0.0013
vn 0.0777 0.9970 0.0013
vn 0.1549 0.9879 0.0025
vn -0.7375 -0.1501 -0.6585
vn -0.5256 -0.5021 -0.6867
vn -0.5257 -0.5021 -0.6867
vn -0.7375 -0.1500 -0.6585
vn -0.7375 0.1499 -0.6585
vn -0.7375 -0.1498 -0.6585
vn -0.7375 0.1497 -0.6585
vn -0.7375 0.1500 -0.6585
vn -0.5257 0.5021 -0.6867
vn -0.9999 -0.0001 -0.0164
vn -0.6620 0.4268 -0.6161
vn -0.3261 0.1974 -0.9245
vn -0.3074 0.0603 -0.9497
vn -0.7033 0.1760 -0.6887
vn -0.3263 0.0775 -0.9421
vn -0.6723 0.1933 -0.7146
vn -0.3445 0.1115 -0.9321
vn -0.3332 0.2130 -0.9185
vn -0.6753 0.2872 -0.6793
vn -0.6754 0.2873 -0.6792
vn -0.6524 0.3448 -0.6749
vn -0.3331 0.2132 -0.9185
vn -0.2522 0.2074 -0.9452
vn -0.6582 0.3670 -0.6573
vn -0.3260 0.1974 -0.9245
vn -0.6263 0.3772 -0.6823
vn -0.6263 0.3772 -0.6822
vn 0.2406 -0.9706 0.0039
vn 0.2314 -0.9379 -0.2586
vn 0.5422 -0.6973 -0.4689
vn 0.5626 -0.8267 0.0092
vn 0.2406 -0.9706 0.0040
vn 0.5626 -0.8267 0.0093
vn 0.5209 -0.7001 0.4884
vn 0.2188 -0.9387 0.2662
vn -0.7928 0.5998 0.1083
vn -0.7880 0.6007 -0.1345
vn -0.7928 0.5998 0.1084
vn -0.7881 0.6007 -0.1346
vn -0.9710 -0.1310 0.2001
vn -0.9915 -0.1291 -0.0162
vn -0.8398 -0.4686 0.2741
vn -0.8704 -0.4921 -0.0142
vn -0.9915 -0.1291 -0.0164
vn -0.8307 -0.4713 -0.2965
vn -0.8705 -0.4920 -0.0143
vn -0.9636 -0.1314 -0.2327
vn -0.8046 0.4912 0.3336
vn -0.7928 0.5998 0.1086
vn -0.7928 0.5997 0.1085
vn 0.5700 -0.6338 0.5229
vn -0.7912 0.4934 -0.3614
vn -0.7881 0.6007 -0.1347
vn -0.7911 0.4934 -0.3615
vn -0.7881 0.6006 -0.1348
vn 0.5923 -0.6308 -0.5013
vn 0.5627 -0.8266 0.0092
vn 0.5421 -0.6973 -0.4689
vn 0.0173 0.7087 -0.7053
vn -0.9706 0.1235 0.2065
vn -0.8314 0.4129 -0.3718
vn -0.7718 0.0939 0.6289
vn -0.7355 0.4414 -0.5139
vn -0.1930 -0.4751 -0.8585
vn -0.4783 -0.8274 0.2942
vn -0.0776 -0.9970 -0.0011
vn -0.0850 -0.9592 0.2697
vn 0.1931 -0.9421 0.2740
vn 0.2060 -0.9785 0.0035
vn 0.5061 -0.8176 0.2747
vn 0.1933 -0.9421 0.2741
vn 0.2061 -0.9785 0.0034
vn 0.5321 -0.8466 0.0088
vn -0.7606 -0.0000 -0.6492
vn -0.4907 -0.8713 -0.0082
vn -0.4647 -0.8293 -0.3104
vn -0.0776 -0.9970 -0.0013
vn -0.0717 -0.9595 -0.2724
vn 0.2062 -0.9413 -0.2672
vn 0.2061 -0.9785 0.0033
vn 0.5146 -0.8184 -0.2556
vn 0.2063 -0.9785 0.0034
vn 0.2064 -0.9413 -0.2672
vn 0.5321 -0.8467 0.0087
vn -0.7856 -0.0000 0.6187
vn -0.7856 -0.0000 0.6188
vn -0.7857 -0.0000 0.6186
vn -0.8217 0.2767 0.4982
vn -0.8046 0.4912 0.3337
vn -0.8045 0.4912 0.3338
vn -0.5255 0.5022 -0.6868
vn -0.1468 0.7190 -0.6794
vn -0.1469 0.7190 -0.6793
vn -0.5254 0.5023 -0.6867
vn 0.0049 0.9799 -0.1993
vn 0.0143 0.8123 -0.5831
vn 0.0049 0.9799 -0.1992
vn -0.0049 0.9799 0.1993
vn -0.0143 0.8123 0.5831
vn -0.7912 0.4933 -0.3616
vn -0.8021 0.2785 -0.5283
vn -0.7911 0.4933 -0.3616
vn -0.7604 -0.0000 -0.6494
vn -0.7607 -0.0000 -0.6491
vn 0.9999 -0.0001 0.0164
vn -0.9922 0.0504 0.1136
vn -0.9986 0.0501 -0.0164
vn -0.9710 -0.1309 0.2000
vn -0.9915 -0.1290 -0.0162
vn -0.9986 0.0501 -0.0165
vn -0.9637 -0.1313 -0.2326
vn -0.9915 -0.1290 -0.0164
vn -0.9889 0.0506 -0.1400
vn 0.8489 -0.0000 0.5286
vn 0.8490 -0.0000 0.5283
vn 0.8488 -0.0000 0.5287
vn 0.5380 -0.8429 0.0089
vn 0.4005 -0.9163 0.0067
vn 0.8225 -0.1999 0.5325
vn 0.4735 -0.7934 0.3825
vn 0.5381 -0.8429 0.0089
vn 0.8224 -0.1999 0.5326
vn 0.2667 -0.5384 0.7994
vn 0.4735 -0.7933 0.3826
vn 0.8225 -0.1997 0.5325
vn -0.0691 0.9976 -0.0012
vn -0.1979 0.9802 -0.0032
vn -0.1738 0.9843 0.0325
vn -0.4651 0.8619 0.2020
vn -0.1720 0.9843 -0.0382
vn -0.4556 0.8632 -0.2174
vn -0.1978 0.9802 -0.0032
vn -0.7718 0.6093 -0.1820
vn -0.1980 0.9802 -0.0032
vn -0.4556 0.8632 -0.2175
vn -0.6718 0.7407 -0.0111
vn 0.5381 -0.8429 0.0087
vn 0.4905 -0.7911 -0.3654
vn 0.8421 -0.1985 -0.5015
vn 0.4004 -0.9163 0.0065
vn 0.5380 -0.8429 0.0087
vn 0.8420 -0.1985 -0.5017
vn 0.8680 -0.0000 -0.4965
vn 0.4905 -0.7910 -0.3657
vn 0.3045 -0.5364 -0.7871
vn -0.9889 0.0506 -0.1399
vn -0.9948 0.1007 -0.0164
vn -0.9916 0.1005 -0.0809
vn -0.9986 0.0503 -0.0165
vn -0.9938 0.1005 0.0482
vn -0.9948 0.1007 -0.0163
vn -0.9923 0.0505 0.1134
vn -0.9986 0.0502 -0.0164
vn 1.0000 -0.0000 0.0099
vn 0.9999 -0.0000 0.0100
vn 0.9997 -0.0000 0.0230
vn 0.9997 -0.0000 0.0229
vn 0.9713 -0.2374 0.0160
vn 0.8786 -0.4774 0.0144
vn -0.0000 -0.0000 -1.0000
vn 0.9673 -0.2529 0.0159
vn 0.8785 -0.4775 0.0144
vn 0.9999 -0.0000 0.0101
vn 0.9673 -0.2530 0.0159
vn 0.9674 -0.2528 0.0159
vn 0.5062 -0.8175 0.2747
vn 0.5322 -0.8466 0.0088
vn 0.8525 -0.4765 0.2150
vn 0.8736 -0.4865 0.0144
vn -0.0689 0.9976 -0.0012
vn 0.1211 0.9926 0.0020
vn -0.0250 0.9988 -0.0429
vn -0.1719 0.9844 -0.0383
vn -0.0270 0.9988 0.0420
vn -0.1735 0.9843 0.0326
vn -0.1736 0.9843 0.0326
vn -0.1393 0.9879 0.0683
vn -0.0269 0.9988 0.0420
vn -0.1989 0.9786 0.0531
vn -0.1360 0.9880 -0.0728
vn -0.0249 0.9988 -0.0429
vn -0.1962 0.9787 -0.0596
vn -0.2168 0.9751 0.0459
vn -0.1990 0.9786 0.0531
vn -0.1738 0.9842 0.0326
vn -0.5198 0.4822 0.7052
vn -0.2145 0.9753 -0.0531
vn -0.1720 0.9843 -0.0383
vn -0.4555 0.8633 -0.2174
vn -0.4876 0.4850 -0.7260
vn -0.0719 0.1743 -0.9821
vn -0.0528 0.0877 -0.9947
vn -0.5179 0.1995 -0.8318
vn -0.0717 0.2342 -0.9695
vn -0.5437 0.2318 -0.8066
vn -0.5053 0.2000 0.8394
vn -0.1013 0.0876 0.9910
vn -0.5543 0.1981 0.8084
vn -0.1012 0.0876 0.9910
vn -0.1196 0.1741 0.9774
vn -0.1189 0.2339 0.9650
vn -0.1188 0.2339 0.9650
vn -0.5785 0.2302 0.7825
vn -0.5544 0.1981 0.8083
vn -0.1381 0.2434 0.9600
vn -0.5197 0.4822 0.7053
vn -0.5787 0.2302 0.7824
vn -0.1381 0.2434 0.9601
vn -0.1571 0.2346 0.9593
vn -0.5197 0.4821 0.7053
vn 0.5322 -0.8466 0.0087
vn 0.8600 -0.4752 -0.1862
vn 0.8735 -0.4866 0.0143
vn 0.5149 -0.8183 -0.2556
vn -0.4877 0.4849 -0.7259
vn -0.0911 0.2438 -0.9655
vn -0.5438 0.2319 -0.8065
vn -0.0716 0.2342 -0.9695
vn -0.1103 0.2350 -0.9657
vn -0.0913 0.2438 -0.9655
vn 0.5627 -0.8266 0.0093
vn 0.8834 -0.4684 0.0145
vn 0.7416 -0.3053 0.5973
vn 0.7650 -0.3031 -0.5683
vn -0.8266 -0.0000 0.5627
vn -0.8267 -0.0000 0.5627
vn -0.8217 0.2765 0.4983
vn -0.8218 -0.2765 0.4982
vn -0.8217 -0.2765 0.4983
vn -0.2241 0.9746 -0.0037
vn -0.2242 0.9745 -0.0037
vn -0.8021 0.2784 -0.5284
vn -0.8045 -0.0000 -0.5939
vn -0.8021 -0.2784 -0.5283
vn -0.8020 -0.2784 -0.5284
vn 0.0142 0.8123 -0.5831
vn 0.0143 0.8123 -0.5830
vn -0.0049 0.9799 0.1992
vn -0.0142 0.8123 0.5831
vn -0.9861 -0.1653 -0.0162
vn -0.9986 -0.0501 -0.0164
vn -0.8455 -0.5337 -0.0139
vn -0.4106 -0.9118 -0.0067
vn -0.4108 -0.9117 -0.0067
vn -0.1380 -0.9904 -0.0023
vn -0.1379 -0.9904 -0.0022
vn 0.0241 0.1750 -0.9843
vn 0.2493 0.2841 -0.9258
vn 0.1582 -0.0000 -0.9874
vn 0.2495 0.2840 -0.9258
vn 0.5247 0.3788 -0.7624
vn 0.1584 0.0001 -0.9874
vn 0.4661 -0.0843 -0.8807
vn 0.1582 0.0002 -0.9874
vn 0.4659 -0.0843 -0.8808
vn 0.3043 -0.5363 -0.7873
vn 0.1582 -0.0001 -0.9874
vn 0.0806 -0.2952 -0.9520
vn 0.1583 -0.0002 -0.9874
vn 0.0804 -0.2951 -0.9521
vn -0.0902 -0.1304 -0.9874
vn -0.0904 -0.1304 -0.9873
vn 0.0804 -0.2952 -0.9520
vn 0.0796 -0.3364 -0.9383
vn -0.0616 0.0349 -0.9975
vn -0.0903 -0.2338 -0.9681
vn -0.0902 -0.1304 -0.9873
vn 0.0796 -0.3364 -0.9384
vn -0.0721 -0.2443 -0.9670
vn -0.0904 -0.2338 -0.9681
vn 0.0797 -0.3364 -0.9383
vn 0.0994 -0.2947 -0.9504
vn -0.0522 -0.1480 -0.9876
vn -0.0720 -0.2443 -0.9670
vn 0.1195 -0.1656 -0.9789
vn 0.0992 -0.2947 -0.9504
vn 0.0240 0.1750 -0.9843
vn -0.0618 0.0349 -0.9975
vn -0.3177 0.0776 -0.9450
vn -0.2892 0.0949 -0.9525
vn -0.0905 -0.1304 -0.9873
vn -0.3518 0.0342 -0.9354
vn -0.3718 -0.1027 -0.9226
vn -0.0905 -0.2338 -0.9681
vn -0.3717 -0.1027 -0.9226
vn -0.0722 -0.2443 -0.9670
vn -0.3347 -0.0687 -0.9398
vn -0.0523 -0.1480 -0.9876
vn -0.0240 0.1750 0.9843
vn 0.2045 0.2851 0.9364
vn 0.1947 0.1989 0.9605
vn 0.1100 0.0001 0.9939
vn 0.4901 0.3812 0.7839
vn 0.2047 0.2850 0.9364
vn 0.1102 0.0002 0.9939
vn 0.4253 -0.0848 0.9011
vn 0.4902 0.3812 0.7839
vn 0.1101 0.0003 0.9939
vn 0.0340 -0.2953 0.9548
vn 0.2667 -0.5383 0.7994
vn 0.1101 -0.0002 0.9939
vn 0.2666 -0.5383 0.7995
vn 0.4252 -0.0850 0.9011
vn 0.1100 -0.0002 0.9939
vn -0.1382 -0.1302 0.9818
vn 0.0338 -0.2953 0.9548
vn 0.1100 -0.0000 0.9939
vn 0.0338 -0.2955 0.9548
vn 0.0338 -0.3367 0.9410
vn -0.1102 0.0348 0.9933
vn -0.0241 0.1750 0.9843
vn -0.1373 -0.2334 0.9626
vn -0.1374 -0.2334 0.9626
vn -0.1192 -0.2439 0.9624
vn 0.0337 -0.3367 0.9410
vn 0.0528 -0.2950 0.9540
vn -0.1190 -0.2439 0.9625
vn 0.0717 -0.1659 0.9835
vn -0.1003 -0.1478 0.9839
vn -0.1104 0.0348 0.9933
vn -0.3618 0.0772 0.9290
vn -0.3340 0.0945 0.9378
vn -0.1384 -0.1301 0.9818
vn -0.3951 0.0340 0.9180
vn -0.4142 -0.1021 0.9044
vn -0.1193 -0.2439 0.9624
vn -0.3784 -0.0683 0.9231
vn -0.1004 -0.1477 0.9839
vn 0.0164 0.7434 -0.6687
vn 0.0093 0.9237 -0.3831
vn 0.0112 0.8888 -0.4582
vn 0.0164 0.7432 -0.6688
vn 0.0057 0.9721 -0.2345
vn 0.0057 0.9721 -0.2346
vn 0.0020 0.9970 -0.0777
vn -0.0000 1.0000 0.0001
vn -0.0057 0.9720 0.2348
vn -0.0057 0.9721 0.2347
vn -0.0112 0.8889 0.4580
vn -0.0112 0.8888 0.4582
vn -0.0164 0.7432 0.6689
vn -0.0340 0.1225 0.9919
vn -0.0438 0.0088 0.9990
vn -0.3516 0.0599 0.9342
vn -0.0817 -0.0783 0.9936
vn -0.1104 -0.1048 0.9883
vn -0.3701 0.0771 0.9258
vn -0.1199 0.0262 0.9924
vn -0.0720 0.1565 0.9851
vn -0.3875 0.1109 0.9152
vn -0.3756 0.2119 0.9022
vn 0.0140 0.8212 -0.5705
vn 0.0164 0.7433 -0.6688
vn 0.0112 0.8889 -0.4580
vn 0.0164 0.7432 -0.6689
vn 0.0057 0.9720 -0.2347
vn 0.0057 0.9721 -0.2347
vn -0.0000 1.0000 -0.0001
vn -0.0057 0.9721 0.2346
vn -0.0094 0.9237 0.3831
vn -0.0144 0.8087 0.5880
vn -0.0164 0.7432 0.6688
vn -0.0775 0.9970 -0.0014
vn 0.0045 0.9827 -0.1852
vn -0.0504 0.8796 -0.4730
vn -0.0000 1.0000 -0.0002
vn -0.1549 0.9879 -0.0027
vn -0.1130 0.9107 -0.3973
vn -0.0822 0.8787 0.4702
vn -0.0045 0.9827 0.1854
vn -0.0776 0.9970 -0.0012
vn -0.1419 0.9076 0.3952
vn -0.1549 0.9879 -0.0024
vn 0.0146 0.1225 -0.9924
vn -0.2892 0.0949 -0.9526
vn 0.0051 0.0088 -0.9999
vn -0.3071 0.0603 -0.9498
vn -0.0330 -0.0784 -0.9964
vn -0.0621 -0.1049 -0.9925
vn -0.3262 0.0773 -0.9421
vn -0.0713 0.0261 -0.9971
vn -0.0237 0.1566 -0.9874
vn -0.3442 0.1115 -0.9322
vn -0.3330 0.2130 -0.9186
vn 0.4736 -0.7933 0.3826
vn 0.2668 -0.5383 0.7994
vn 0.6792 -0.5673 0.4657
vn 0.3046 -0.5364 -0.7871
vn 0.4905 -0.7910 -0.3658
vn 0.6981 -0.5642 -0.4409
vn -0.1466 0.7190 -0.6794
vn 0.3410 0.6399 -0.6886
vn 0.3410 0.6400 -0.6886
vn 0.0661 -0.9904 0.1215
vn 0.1164 -0.9678 0.2233
vn 0.2630 -0.9502 0.1670
vn 0.1166 -0.9677 0.2234
vn 0.3135 -0.4394 0.8418
vn 0.2631 -0.9502 0.1670
vn 0.3527 -0.4374 -0.8272
vn 0.1273 -0.9673 -0.2192
vn 0.2709 -0.9495 -0.1581
vn 0.1272 -0.9674 -0.2191
vn 0.0720 -0.9903 -0.1192
vn 0.2707 -0.9496 -0.1581
vn -0.5164 -0.8563 -0.0085
vn -0.0914 0.0348 0.9952
vn -0.0723 0.0174 0.9972
vn -0.4057 -0.0255 0.9136
vn -0.4242 -0.0085 0.9055
vn -0.3684 0.0341 0.9290
vn -0.6943 -0.6088 0.3838
vn -0.4244 -0.0085 0.9054
vn -0.4059 -0.0255 0.9136
vn -0.7694 -0.1796 0.6131
vn -0.4058 -0.0258 0.9136
vn -0.0628 -0.0263 0.9977
vn -0.3331 0.0256 0.9425
vn 0.1006 0.0175 0.9948
vn 0.5699 -0.6340 0.5228
vn 0.5628 -0.8265 0.0093
vn 0.7418 -0.3052 0.5971
vn 0.7922 -0.6102 0.0131
vn 0.9548 -0.2548 0.1533
vn 0.7721 -0.6023 0.2025
vn 0.6882 -0.7254 0.0113
vn 0.6723 -0.7157 0.1893
vn 0.7921 -0.6103 0.0132
vn 0.7719 -0.6026 0.2025
vn 0.3427 0.6351 -0.6922
vn 0.3427 0.6351 -0.6923
vn 0.1308 -0.9890 -0.0685
vn 0.2330 -0.9720 -0.0315
vn 0.2168 -0.9757 -0.0318
vn 0.0787 -0.9957 -0.0482
vn 0.0720 -0.9903 -0.1190
vn 0.0881 -0.9946 -0.0554
vn 0.2709 -0.9495 -0.1580
vn 0.7084 -0.7057 0.0116
vn 0.6072 -0.7004 -0.3753
vn 0.2710 -0.9495 -0.1580
vn 0.0947 -0.9955 0.0015
vn 0.0787 -0.9957 -0.0480
vn 0.2708 -0.9496 -0.1579
vn 0.3832 -0.9237 0.0063
vn 0.3831 -0.9237 0.0063
vn 0.2632 -0.9502 0.1668
vn 0.0853 -0.9947 0.0583
vn 0.0763 -0.9958 0.0507
vn 0.0689 -0.9976 0.0012
vn 0.2166 -0.9757 -0.0318
vn 0.2584 -0.9660 0.0043
vn 0.2149 -0.9759 0.0389
vn 0.1274 -0.9892 0.0728
vn 0.2149 -0.9758 0.0390
vn 0.2313 -0.9721 0.0392
vn 0.0661 -0.9904 0.1213
vn 0.2631 -0.9502 0.1668
vn 0.5905 -0.7030 0.3963
vn 0.2633 -0.9502 0.1669
vn 0.7649 -0.3032 -0.5684
vn 0.9673 -0.2530 0.0158
vn 0.9595 -0.2543 -0.1215
vn 0.7922 -0.6102 0.0130
vn 0.7796 -0.6009 -0.1765
vn 0.6798 -0.7142 -0.1667
vn 0.7921 -0.6103 0.0130
vn 0.7795 -0.6011 -0.1766
vn 0.6882 -0.7254 0.0112
vn 0.3601 -0.2970 0.8844
vn 0.3313 -0.4718 0.8171
vn 0.0340 -0.3367 0.9410
vn -0.0513 0.3724 0.9266
vn -0.1136 0.7951 0.5957
vn -0.0823 0.8787 0.4703
vn -0.8046 -0.4912 0.3337
vn -0.8218 -0.2766 0.4982
vn -0.8217 -0.2767 0.4982
vn -0.8046 -0.4911 0.3338
vn 0.1487 -0.0611 -0.9870
vn -0.0140 -0.0262 -0.9996
vn -0.0521 -0.1478 -0.9876
vn -0.0523 -0.1478 -0.9876
vn -0.3347 -0.0686 -0.9398
vn -0.2881 0.0259 -0.9572
vn -0.3243 0.0343 -0.9453
vn -0.0235 0.0174 -0.9996
vn -0.3627 -0.0256 -0.9316
vn 0.0036 0.3727 -0.9279
vn -0.0665 0.7972 -0.6001
vn 0.3693 -0.4697 -0.8019
vn 0.4009 -0.2954 -0.8672
vn 0.0799 -0.3364 -0.9383
vn 0.2669 -0.5384 0.7993
vn 0.3316 -0.4719 0.8169
vn 0.6793 -0.5670 0.4659
vn 0.2668 -0.5384 0.7994
vn -0.7911 -0.4933 -0.3616
vn -0.8021 -0.2785 -0.5283
vn -0.7911 -0.4934 -0.3615
vn 0.3696 -0.4698 -0.8017
vn 0.6980 -0.5644 -0.4409
vn 0.4660 -0.0843 -0.8807
vn 0.8736 -0.4864 0.0142
vn 0.8601 -0.4749 -0.1862
vn 0.9932 -0.1150 0.0163
vn 0.9883 -0.1150 -0.1002
vn 0.8527 -0.4761 0.2150
vn 0.9932 -0.1150 0.0164
vn 0.9844 -0.1152 0.1329
vn 0.8736 -0.4864 0.0144
vn -0.0532 0.0350 0.9980
vn -0.3688 0.1963 0.9085
vn -0.2966 0.2065 0.9324
vn -0.0340 0.0966 0.9947
vn -0.0050 0.1652 0.9862
vn -0.2967 0.2065 0.9324
vn -0.0051 0.1652 0.9862
vn 0.0212 0.4953 -0.8685
vn 0.0241 0.2434 -0.9696
vn 0.0237 0.2433 -0.9697
vn 0.0236 0.2515 -0.9676
vn 0.0211 0.5052 -0.8628
vn 0.0174 0.7008 -0.7131
vn 0.0180 0.6801 -0.7329
vn 0.0168 0.7206 -0.6931
vn 0.8149 -0.5794 0.0135
vn 0.5382 -0.8428 0.0089
vn 0.6794 -0.5671 0.4656
vn 0.0147 0.0966 -0.9952
vn 0.0431 0.1652 -0.9853
vn -0.2518 0.2074 -0.9453
vn -0.0044 0.0350 -0.9994
vn -0.2518 0.2073 -0.9453
vn -0.3256 0.1973 -0.9247
vn 0.5381 -0.8428 0.0087
vn 0.8149 -0.5794 0.0133
vn 0.6981 -0.5643 -0.4407
vn -0.0164 0.7434 0.6687
vn -0.0164 0.7433 0.6688
vn -0.7928 -0.5997 0.1086
vn -0.8046 -0.4912 0.3336
vn -0.7928 -0.5997 0.1085
vn -0.8045 -0.4913 0.3337
vn -0.0720 0.1565 0.9850
vn -0.0053 0.1653 0.9862
vn -0.3757 0.2120 0.9022
vn -0.0000 -1.0000 -0.0000
vn -0.7881 -0.6006 -0.1348
vn -0.7881 -0.6007 -0.1348
vn -0.7912 -0.4934 -0.3614
vn 0.3736 -0.9062 -0.1978
vn 0.6797 -0.7143 -0.1666
vn 0.3760 -0.9266 0.0061
vn 0.3759 -0.9266 0.0062
vn 0.3734 -0.9063 -0.1978
vn -0.0000 -1.0000 -0.0001
vn 0.0050 -0.9785 -0.2060
vn 0.3761 -0.9266 0.0063
vn -0.0051 -0.9785 0.2060
vn 0.3641 -0.9073 0.2101
vn 0.6722 -0.7157 0.1893
vn 0.0141 0.8211 -0.5707
vn 0.0165 0.7433 -0.6688
vn 0.5382 -0.8428 0.0090
vn 0.4736 -0.7934 0.3825
vn 0.0720 -0.2443 0.9670
vn 0.1100 -0.0001 0.9939
vn -0.1197 0.0260 0.9925
vn -0.0717 0.1565 0.9851
vn 0.0719 -0.2443 0.9670
vn 0.1000 -0.1739 0.9797
vn -0.0815 -0.0783 0.9936
vn -0.0435 0.0088 0.9990
vn 0.1000 -0.1738 0.9797
vn 0.1476 -0.0086 0.9890
vn -0.0338 0.1225 0.9919
vn 0.1946 0.1988 0.9605
vn 0.4905 -0.7910 -0.3656
vn 0.5382 -0.8427 0.0088
vn -0.0236 0.1566 -0.9874
vn -0.3330 0.2131 -0.9186
vn -0.7880 -0.6007 -0.1345
vn -0.7881 -0.6007 -0.1346
vn -0.7928 -0.5998 0.1083
vn -0.7928 -0.5998 0.1084
vn -0.1468 -0.7190 -0.6793
vn -0.5254 -0.5022 -0.6868
vn -0.5255 -0.5023 -0.6867
vn -0.1469 -0.7190 -0.6793
vn -0.0525 0.0877 -0.9948
vn 0.2428 0.0955 -0.9654
vn 0.2046 0.0087 -0.9788
vn 0.2691 0.1983 -0.9425
vn -0.3974 0.2122 -0.8928
vn -0.0139 0.0175 -0.9998
vn -0.3258 0.1973 -0.9246
vn 0.1487 -0.0523 -0.9875
vn -0.0141 0.0176 -0.9997
vn -0.3973 0.2120 -0.8928
vn -0.4669 0.2013 -0.8611
vn -0.3974 0.2121 -0.8928
vn 0.1862 -0.0087 -0.9825
vn 0.3526 -0.4374 -0.8272
vn 0.0148 0.0966 -0.9952
vn 0.9844 -0.1151 0.1328
vn 0.9674 -0.2528 0.0160
vn 0.9548 -0.2546 0.1532
vn 0.9932 -0.1148 0.0164
vn -0.0245 -0.0000 0.9997
vn -0.0235 0.2857 0.9580
vn -0.0511 0.3722 0.9267
vn -0.0244 -0.0000 0.9997
vn -0.0205 0.5464 0.8373
vn -0.0822 0.8787 0.4703
vn 0.9595 -0.2540 -0.1215
vn 0.9883 -0.1148 -0.1002
vn 0.9932 -0.1149 0.0163
vn 0.2587 -0.9660 0.0042
vn 0.2169 -0.9757 -0.0318
vn 0.2332 -0.9719 -0.0314
vn 0.3759 -0.9266 0.0061
vn 0.2315 -0.9721 0.0392
vn 0.2151 -0.9758 0.0390
vn 0.2587 -0.9660 0.0043
vn 0.3761 -0.9266 0.0062
vn 0.2151 -0.9758 0.0389
vn 0.0244 -0.0000 -0.9997
vn 0.0245 -0.0000 -0.9997
vn 0.0037 0.3725 -0.9280
vn 0.0234 0.2858 -0.9580
vn 0.0205 0.5464 -0.8372
vn -0.7480 0.6471 -0.1476
vn -0.7534 0.6460 0.1228
vn -0.0199 -0.5768 0.8166
vn -0.0200 -0.5767 0.8167
vn 0.0246 -0.0000 -0.9997
vn -0.0919 0.6971 -0.7111
vn 0.0128 0.8510 -0.5251
vn -0.0586 0.8468 -0.5286
vn 0.0129 0.8510 -0.5250
vn -0.4555 0.6470 -0.6115
vn -0.4003 0.7753 -0.4886
vn -0.5822 0.6886 -0.4323
vn -0.6832 0.6159 -0.3924
vn -0.7511 0.4555 -0.4779
vn -0.5225 -0.8526 -0.0086
vn -0.5226 -0.8525 -0.0086
vn -0.2743 -0.9616 -0.0045
vn -0.7390 -0.6736 -0.0122
vn -0.0175 -0.6970 0.7169
vn -0.0175 -0.6970 0.7168
vn -0.0176 -0.6970 0.7169
vn -0.0181 -0.6971 0.7167
vn -0.0178 -0.6971 0.7168
vn -0.0175 -0.6972 0.7167
vn 0.0199 -0.5768 -0.8166
vn 0.0199 -0.5767 -0.8167
vn 0.1961 0.0959 0.9759
vn -0.1010 0.0876 0.9910
vn 0.1569 0.0087 0.9876
vn 0.2236 0.1990 0.9542
vn -0.1193 0.1741 0.9775
vn -0.1009 0.0876 0.9910
vn 0.2235 0.1990 0.9542
vn -0.1186 0.2339 0.9650
vn 0.2236 0.1990 0.9541
vn 0.1956 0.2170 0.9564
vn -0.0628 0.0174 0.9979
vn -0.4380 0.2109 0.8739
vn -0.3688 0.1964 0.9085
vn 0.1005 -0.0525 0.9935
vn 0.1383 -0.0087 0.9903
vn 0.3132 -0.4393 0.8419
vn -0.0338 0.0966 0.9948
vn 0.1863 0.1219 0.9749
vn -0.0049 0.1652 0.9862
vn 0.2138 0.2504 0.9442
vn 0.1754 0.2588 0.9499
vn 0.2138 0.2505 0.9442
vn 0.4328 -0.2197 0.8743
vn 0.1384 -0.0088 0.9903
vn 0.1754 0.2586 0.9499
vn 0.3134 -0.4394 0.8418
vn 0.5903 -0.7031 0.3965
vn 0.2632 -0.9502 0.1669
vn 0.0176 -0.6969 -0.7169
vn 0.0175 -0.6971 -0.7168
vn 0.0177 -0.6970 -0.7169
vn 0.0175 -0.6968 -0.7170
vn 0.0176 -0.6972 -0.7167
vn -0.1379 0.2434 0.9601
vn 0.1662 0.1818 0.9692
vn -0.1567 0.2346 0.9594
vn -0.7691 0.5252 0.3641
vn -0.7534 0.6460 0.1229
vn -0.7692 0.5252 0.3641
vn -0.7534 0.6460 0.1230
vn -0.7542 0.5277 -0.3909
vn -0.7480 0.6471 -0.1479
vn -0.7542 0.5276 -0.3909
vn -0.7480 0.6470 -0.1479
vn 0.6071 -0.7004 -0.3754
vn 0.1862 -0.0000 0.9825
vn 0.2882 -0.0000 0.9576
vn 0.2414 0.2162 -0.9460
vn -0.0910 0.2438 -0.9655
vn 0.2129 0.1813 -0.9601
vn -0.1101 0.2350 -0.9657
vn -0.0713 0.2342 -0.9696
vn 0.2415 0.2163 -0.9460
vn 0.9453 -0.3258 0.0156
vn 0.9453 -0.3258 0.0155
vn 0.9454 -0.3257 0.0156
vn 0.4730 0.4147 0.7773
vn 0.2242 0.0434 0.9736
vn 0.1383 0.0261 0.9900
vn 0.1007 0.0263 0.9946
vn 0.4730 0.4148 0.7773
vn 0.0235 0.0088 0.9997
vn 0.0911 -0.0263 0.9955
vn 0.1861 -0.0175 0.9824
vn 0.1569 0.0086 0.9876
vn 0.4730 0.4149 0.7773
vn -0.0051 -0.0088 0.9999
vn 0.5217 -0.0000 0.8531
vn 0.5382 -0.0000 0.8428
vn 0.0427 -0.0350 0.9985
vn 0.3135 -0.4393 0.8418
vn 0.3134 -0.4393 0.8419
vn 0.1100 -0.0263 0.9936
vn -0.1009 0.0874 0.9910
vn -0.0630 0.0175 0.9979
vn -0.4381 0.2109 0.8738
vn 0.1571 0.0088 0.9875
vn 0.2237 0.1990 0.9541
vn 0.0236 -0.2616 -0.9649
vn 0.0241 -0.1751 -0.9843
vn 0.0174 -0.7006 -0.7133
vn 0.0159 -0.7578 -0.6523
vn 0.0241 0.1751 -0.9843
vn 0.0228 0.3473 -0.9375
vn 0.0211 0.5051 -0.8628
vn 0.0211 0.5050 -0.8629
vn 0.0187 0.6377 -0.7701
vn 0.0174 0.7008 -0.7132
vn 0.0078 0.9468 -0.3219
vn 0.0079 0.9467 -0.3222
vn 0.0026 0.9943 -0.1065
vn 0.2795 -0.1378 0.9502
vn 0.5208 -0.7001 0.4885
vn 0.3347 -0.1459 0.9310
vn -0.0238 -0.2268 0.9736
vn -0.0230 -0.3371 0.9412
vn -0.0231 -0.3371 0.9412
vn 0.2881 -0.0000 0.9576
vn -0.0242 -0.1482 0.9887
vn 0.2884 -0.0000 0.9575
vn 0.2334 -0.0002 -0.9724
vn 0.0247 -0.0000 -0.9997
vn -0.0233 0.3037 0.9525
vn -0.0200 0.5768 0.8166
vn -0.0221 0.4046 0.9142
vn -0.0199 0.5769 0.8166
vn -0.0199 0.5767 0.8167
vn -0.0235 0.2777 0.9604
vn -0.0235 0.2775 0.9604
vn -0.0244 -0.0958 0.9951
vn -0.0245 -0.0958 0.9951
vn -0.0236 -0.2614 0.9649
vn -0.0236 -0.2615 0.9649
vn -0.0241 -0.1653 0.9860
vn -0.0241 -0.1652 0.9860
vn -0.0242 0.1482 0.9887
vn -0.0241 -0.1750 0.9843
vn -0.0241 -0.1751 0.9843
vn -0.0238 -0.2432 0.9697
vn -0.0238 -0.2434 0.9696
vn -0.0245 -0.0445 0.9987
vn -0.0245 -0.0443 0.9987
vn -0.0235 0.2695 0.9627
vn -0.0234 0.2695 0.9627
vn -0.0209 0.4693 0.8828
vn 0.0228 -0.3370 -0.9412
vn 0.0238 -0.2432 -0.9697
vn 0.0230 -0.3371 -0.9412
vn 0.0244 -0.0441 -0.9987
vn 0.0244 -0.0443 -0.9987
vn 0.0236 0.2695 -0.9627
vn 0.0239 0.2692 -0.9628
vn 0.0223 0.4693 -0.8828
vn 0.0217 0.4693 -0.8828
vn -0.0216 -0.4889 0.8721
vn -0.0227 -0.3726 0.9277
vn -0.0179 -0.6802 0.7328
vn 0.0235 0.2696 -0.9627
vn 0.0235 0.2695 -0.9627
vn 0.0239 -0.2002 -0.9795
vn 0.0244 0.0176 -0.9995
vn 0.0238 0.2434 -0.9696
vn 0.0238 -0.2434 -0.9696
vn 0.0238 -0.2433 -0.9697
vn 0.0236 -0.2515 -0.9676
vn 0.0238 -0.2269 -0.9736
vn 0.0238 -0.2268 -0.9736
vn 0.0230 -0.3372 -0.9412
vn 0.0242 -0.1482 -0.9887
vn 0.3336 -0.0002 -0.9427
vn 0.3333 -0.0000 -0.9428
vn 0.3334 -0.0000 -0.9428
vn -0.0245 0.0001 0.9997
vn -0.0245 0.0003 0.9997
vn -0.0245 -0.0002 0.9997
vn -0.0245 0.0002 0.9997
vn 0.3241 -0.1372 -0.9360
vn 0.3780 -0.1450 -0.9144
vn 0.5421 -0.6973 -0.4690
vn 0.5075 0.4125 -0.7565
vn 0.1488 0.0262 -0.9885
vn 0.1862 0.0261 -0.9822
vn 0.0722 0.0088 -0.9973
vn 0.2704 0.0432 -0.9618
vn 0.5076 0.4123 -0.7565
vn 0.1395 -0.0263 -0.9899
vn 0.2332 -0.0174 -0.9723
vn 0.2045 0.0086 -0.9788
vn 0.5074 0.4125 -0.7566
vn 0.0437 -0.0088 -0.9990
vn 0.5589 -0.0000 -0.8292
vn 0.5748 -0.0000 -0.8183
vn 0.0913 -0.0348 -0.9952
vn 0.3528 -0.4374 -0.8272
vn 0.3526 -0.4374 -0.8273
vn 0.1582 -0.0261 -0.9871
vn -0.0525 0.0875 -0.9948
vn 0.2429 0.0955 -0.9653
vn 0.5075 0.4124 -0.7565
vn 0.2692 0.1983 -0.9424
vn 0.0213 -0.4888 -0.8722
vn 0.0227 -0.3725 -0.9278
vn 0.0179 -0.6801 -0.7329
vn 0.0179 -0.6800 -0.7330
vn 0.0179 -0.6802 -0.7328
vn 0.0717 -0.1658 0.9835
vn 0.1004 -0.0612 0.9931
vn 0.3347 -0.1455 0.9310
vn 0.3437 -0.0257 0.9387
vn 0.3709 -0.0086 0.9286
vn 0.3693 -0.1530 0.9166
vn 0.3601 -0.2969 0.8844
vn 0.0718 -0.1659 0.9835
vn 0.0530 -0.2950 0.9540
vn 0.0530 -0.2951 0.9540
vn 0.2666 -0.5384 0.7994
vn 0.0340 -0.2955 0.9547
vn 0.0339 -0.3368 0.9410
vn 0.2665 -0.5384 0.7995
vn 0.3694 -0.1530 0.9166
vn 0.3713 -0.0086 0.9285
vn 0.3439 -0.0257 0.9387
vn 0.7418 -0.3052 0.5972
vn 0.8183 0.0696 0.5706
vn 0.8321 -0.0077 0.5546
vn 0.3696 -0.1530 0.9165
vn 0.3604 -0.2970 0.8842
vn 0.3695 -0.1530 0.9165
vn 0.2690 0.1983 -0.9425
vn -0.0714 0.2342 -0.9696
vn 0.2414 0.2163 -0.9460
vn -0.0715 0.1743 -0.9821
vn -0.0524 0.0877 -0.9948
vn 0.0245 -0.0001 -0.9997
vn 0.0244 0.0003 -0.9997
vn 0.0245 -0.0003 -0.9997
vn 0.0244 0.0004 -0.9997
vn 0.0245 0.0002 -0.9997
vn 0.0245 0.0001 -0.9997
vn 0.0245 0.0003 -0.9997
vn 0.0245 -0.0002 -0.9997
vn 0.0226 0.4046 -0.9142
vn 0.0236 0.3038 -0.9524
vn 0.0199 0.5768 -0.8166
vn 0.0241 0.2777 -0.9604
vn 0.0237 0.2776 -0.9604
vn 0.0237 0.2775 -0.9604
vn 0.0235 0.2777 -0.9604
vn 0.0244 -0.0957 -0.9951
vn 0.0244 -0.0958 -0.9951
vn 0.0236 -0.2614 -0.9649
vn 0.0230 -0.3294 -0.9439
vn -0.0174 0.7008 0.7132
vn -0.0177 0.6928 0.7210
vn -0.0170 0.7206 0.6931
vn -0.0179 0.6801 0.7329
vn -0.0215 0.3800 0.9247
vn -0.0212 0.4954 0.8684
vn -0.0235 0.2696 0.9627
vn -0.0244 0.0871 0.9959
vn -0.0245 -0.0088 0.9997
vn -0.0212 -0.5017 0.8648
vn -0.0123 -0.8648 0.5019
vn -0.0175 0.6971 0.7168
vn -0.0175 0.6970 0.7168
vn -0.0216 0.4721 0.8813
vn -0.0142 0.8121 0.5833
vn -0.0144 0.8121 0.5833
vn -0.0216 -0.4721 0.8813
vn -0.0143 -0.8121 0.5833
vn -0.0141 -0.8121 0.5833
vn 0.1489 0.0175 -0.9887
vn -0.0427 0.0349 -0.9985
vn -0.3817 -0.0086 -0.9242
vn -0.3821 -0.0086 -0.9241
vn -0.6781 -0.6113 -0.4081
vn -0.3630 -0.0256 -0.9314
vn -0.7444 -0.1809 -0.6428
vn -0.3630 -0.0258 -0.9314
vn 0.0817 0.0697 -0.9942
vn 0.0531 0.0785 -0.9955
vn 0.3239 -0.1371 -0.9361
vn 0.3777 -0.1448 -0.9145
vn 0.3240 -0.1371 -0.9361
vn 0.3871 -0.0255 -0.9217
vn 0.3779 -0.1448 -0.9145
vn 0.4136 -0.0085 -0.9104
vn 0.1198 -0.1656 -0.9789
vn 0.0995 -0.2947 -0.9504
vn 0.4010 -0.2954 -0.8671
vn 0.4115 -0.1521 -0.8986
vn 0.3043 -0.5364 -0.7872
vn 0.3694 -0.4697 -0.8019
vn 0.0798 -0.3365 -0.9383
vn 0.0805 -0.2952 -0.9520
vn 0.0799 -0.3365 -0.9383
vn 0.3873 -0.0256 -0.9216
vn 0.4139 -0.0085 -0.9103
vn 0.7650 -0.3032 -0.5683
vn 0.8393 0.0692 -0.5393
vn 0.7650 -0.3031 -0.5682
vn 0.8523 -0.0077 -0.5230
vn 0.4118 -0.1521 -0.8985
vn 0.4012 -0.2954 -0.8670
vn 0.8523 -0.0077 -0.5229
vn -0.0127 0.8542 0.5197
vn 0.0001 1.0000 -0.0000
vn -0.0215 0.4791 0.8775
vn -0.0215 -0.4791 0.8775
vn -0.0215 -0.4792 0.8774
vn -0.0127 -0.8543 0.5196
vn -0.0127 -0.8542 0.5198
vn 0.0175 0.6970 -0.7168
vn -0.7692 0.5250 0.3642
vn -0.7841 0.3010 0.5427
vn 0.0216 0.4722 -0.8812
vn 0.0216 0.4725 -0.8810
vn 0.0143 0.8121 -0.5833
vn 0.0142 0.8121 -0.5833
vn 0.0216 -0.4723 -0.8812
vn 0.0216 -0.4722 -0.8813
vn 0.0143 -0.8121 -0.5833
vn -0.7622 0.3031 -0.5720
vn -0.7542 0.5275 -0.3912
vn -0.7542 0.5275 -0.3910
vn 0.0215 0.4791 -0.8775
vn 0.0215 -0.4791 -0.8775
vn 0.0127 0.8543 -0.5196
vn 0.0215 -0.4792 -0.8775
vn 0.0127 0.8542 -0.5197
vn -0.0001 1.0000 -0.0001
vn 0.0127 -0.8542 -0.5198
vn 0.0433 0.1652 -0.9853
vn 0.2331 0.1215 -0.9648
vn 0.2590 0.2495 -0.9331
vn -0.0234 0.1566 -0.9874
vn 0.2589 0.2495 -0.9331
vn 0.2210 0.2579 -0.9405
vn -0.0235 0.1566 -0.9874
vn 0.2590 0.2496 -0.9331
vn 0.4723 -0.2183 -0.8540
vn 0.1862 -0.0088 -0.9825
vn 0.4724 -0.2182 -0.8539
vn 0.5421 0.0417 -0.8393
vn 0.1863 -0.0087 -0.9825
vn 0.2333 0.1215 -0.9648
vn 0.2591 0.2495 -0.9331
vn 0.5583 0.3030 -0.7724
vn 0.5073 0.3707 -0.7779
vn 0.2213 0.2579 -0.9405
vn 0.2591 0.2496 -0.9331
vn 0.5073 0.3708 -0.7779
vn 0.1584 0.0002 -0.9874
vn 0.2211 0.2579 -0.9405
vn 0.4919 -0.0336 -0.8700
vn 0.4142 -0.4093 -0.8130
vn 0.1583 -0.0000 -0.9874
vn 0.4141 -0.4094 -0.8130
vn 0.1193 -0.2439 -0.9624
vn 0.1584 -0.0000 -0.9874
vn 0.4141 -0.4093 -0.8130
vn 0.4706 -0.2594 -0.8434
vn 0.1477 -0.1736 -0.9737
vn 0.1190 -0.2439 -0.9625
vn -0.0711 0.0261 -0.9971
vn -0.0619 -0.1050 -0.9925
vn 0.1475 -0.1736 -0.9737
vn 0.0054 0.0088 -0.9999
vn 0.1477 -0.1735 -0.9737
vn 0.1953 -0.0087 -0.9807
vn 0.0146 0.1224 -0.9924
vn 0.2407 0.1981 -0.9502
vn 0.2408 0.1982 -0.9501
vn 0.0147 0.1225 -0.9924
vn 0.2408 0.1983 -0.9501
vn 0.2792 -0.1376 0.9503
vn 0.3346 -0.1456 0.9310
vn 0.0330 0.0697 0.9970
vn 0.0044 0.0785 0.9969
vn 0.2792 -0.1377 0.9503
vn -0.0217 0.4889 0.8721
vn -0.0228 0.3725 0.9278
vn -0.0179 0.6800 0.7330
vn -0.0178 0.6802 0.7328
vn -0.0180 0.6802 0.7328
vn -0.0179 0.6802 0.7328
vn 0.3439 -0.0259 0.9387
vn 0.3347 -0.1457 0.9310
vn 0.7417 -0.3053 0.5973
vn 0.5207 -0.7002 0.4885
vn 0.0213 0.4887 -0.8722
vn 0.0227 0.3733 -0.9275
vn 0.0182 0.6801 -0.7329
vn 0.0179 0.6800 -0.7329
vn 0.0179 0.6801 -0.7329
vn 0.0179 0.6802 -0.7328
vn 0.0179 0.6802 -0.7329
vn -0.7391 -0.6735 -0.0122
vn -0.7391 -0.6734 -0.0122
vn -0.7392 -0.6734 -0.0122
vn 0.3874 -0.0256 -0.9216
vn 0.7649 -0.3032 -0.5683
vn 0.3780 -0.1449 -0.9144
vn 0.7648 -0.3033 -0.5684
vn 0.3779 -0.1450 -0.9144
vn 0.5420 -0.6973 -0.4690
vn -0.0551 -0.6398 -0.7665
vn 0.0211 -0.5050 -0.8628
vn 0.0174 -0.7007 -0.7133
vn 0.0211 -0.5052 -0.8627
vn -0.0906 -0.2601 -0.9613
vn -0.0718 0.2094 -0.9752
vn 0.0236 0.2616 -0.9649
vn 0.0174 0.7007 -0.7133
vn -0.0919 0.6968 -0.7113
vn -0.0085 1.0000 -0.0002
vn -0.1466 -0.7190 -0.6794
vn 0.3410 -0.6399 -0.6886
vn 0.3316 -0.4718 0.8170
vn 0.3605 -0.2970 0.8842
vn 0.6794 -0.5670 0.4658
vn -0.7719 0.0939 0.6288
vn -0.4273 0.3742 -0.8230
vn -0.9706 0.1235 0.2064
vn 0.0173 0.7088 -0.7052
vn 0.4522 -0.3097 -0.8364
vn -0.8314 0.4129 -0.3719
vn -0.1931 -0.4750 -0.8585
vn -0.1932 -0.4750 -0.8585
vn -0.4707 -0.2595 0.8433
vn -0.7355 0.4415 -0.5140
vn -0.9706 0.1236 0.2065
vn -0.7355 0.4414 -0.5140
vn -0.8314 0.4129 -0.3720
vn -0.9706 0.1235 0.2066
vn 0.3427 -0.6352 -0.6922
vn 0.0164 -0.7432 -0.6688
vn 0.4014 -0.2954 -0.8670
vn 0.3697 -0.4697 -0.8017
vn 0.6981 -0.5641 -0.4409
vn 0.5042 0.0420 0.8626
vn 0.4330 -0.2197 0.8742
vn 0.1384 -0.0087 0.9903
vn 0.1865 0.1219 0.9749
vn 0.2140 0.2504 0.9442
vn 0.5236 0.3050 0.7955
vn 0.1757 0.2587 0.9499
vn 0.4718 0.3731 0.7989
vn 0.2140 0.2505 0.9442
vn 0.4718 0.3730 0.7989
vn 0.1757 0.2586 0.9499
vn 0.1103 -0.0000 0.9939
vn 0.3760 -0.4115 0.8303
vn 0.4519 -0.0338 0.8914
vn 0.1102 -0.0000 0.9939
vn 0.0721 -0.2443 0.9670
vn 0.3761 -0.4115 0.8302
vn 0.4316 -0.2610 0.8635
vn 0.1002 -0.1739 0.9797
vn 0.0722 -0.2443 0.9670
vn -0.0246 -0.0000 0.9997
vn -0.0247 -0.0000 0.9997
vn 0.5321 -0.8467 0.0088
vn 0.7609 -0.6488 0.0125
vn 0.7608 -0.6488 0.0125
vn 0.6102 -0.7922 0.0100
vn -0.0000 -0.0000 1.0000
vn -0.0001 1.0000 -0.0000
vn -0.0001 1.0000 0.0001
vn 0.6804 0.3667 -0.6345
vn 0.3430 0.6350 -0.6922
vn 0.3430 0.6350 -0.6921
vn -0.0216 -0.4723 0.8812
vn -0.0142 -0.8121 0.5833
vn -0.0216 0.4724 0.8811
vn -0.0143 0.8121 0.5833
vn 0.0249 -0.0000 -0.9997
vn 0.8157 -0.2542 0.5196
vn 0.6794 -0.5670 0.4657
vn 0.0216 -0.4724 -0.8811
vn 0.0216 -0.4720 -0.8813
vn 0.0142 -0.8121 -0.5833
vn 0.0216 0.4723 -0.8812
vn 0.2966 -0.8333 0.4665
vn 0.2965 -0.8334 0.4665
vn 0.2971 -0.8057 0.5125
vn 0.1507 -0.9538 0.2601
vn 0.1957 0.2169 0.9564
vn 0.6499 0.1299 0.7489
vn 0.1665 0.1818 0.9691
vn 0.7190 0.1754 0.6725
vn 0.6424 0.1139 0.7578
vn 0.7084 -0.7057 0.0117
vn 0.3835 -0.9235 0.0063
vn 0.2633 -0.9502 0.1670
vn 0.3834 -0.9236 0.0063
vn 0.0235 -0.2697 -0.9627
vn 0.0236 -0.2696 -0.9627
vn 0.0191 -0.6237 -0.7814
vn 0.0212 -0.4954 -0.8684
vn 0.0180 -0.6801 -0.7329
vn 0.0180 -0.6802 -0.7328
vn 0.0174 -0.7008 -0.7132
vn 0.0146 -0.8023 -0.5967
vn 0.0169 -0.7243 -0.6892
vn 0.0169 -0.7244 -0.6892
vn 0.0149 -0.7958 -0.6054
vn -0.2243 -0.9745 -0.0037
vn -0.2241 -0.9746 -0.0037
vn -0.4345 -0.9006 -0.0072
vn -0.4346 -0.9006 -0.0072
vn 0.8349 -0.2525 -0.4890
vn 0.6807 0.1289 -0.7212
vn 0.2416 0.2162 -0.9460
vn 0.2131 0.1813 -0.9601
vn 0.7456 0.1741 -0.6433
vn 0.6737 0.1130 -0.7304
vn 0.6807 0.1288 -0.7212
vn 0.7247 0.2364 -0.6473
vn 0.3412 0.6399 -0.6886
vn 0.3413 0.6399 -0.6885
vn 0.7247 0.2363 -0.6473
vn 0.4728 0.4149 0.7774
vn 0.6575 0.3271 0.6787
vn 0.2238 0.1990 0.9541
vn 0.7190 0.1755 0.6724
vn 0.7190 0.1755 0.6725
vn 0.1959 0.2170 0.9563
vn 0.7456 0.1742 -0.6433
vn 0.2693 0.1983 -0.9424
vn 0.2417 0.2163 -0.9459
vn 0.7455 0.1743 -0.6433
vn 0.6854 0.3247 -0.6518
vn 0.5075 0.4123 -0.7566
vn 0.3135 -0.4395 0.8418
vn 0.4332 -0.2197 0.8741
vn 0.8233 -0.3346 0.4584
vn -0.0720 0.2094 -0.9752
vn -0.0908 -0.2598 -0.9614
vn -0.4314 -0.2356 -0.8709
vn -0.4313 0.2356 -0.8709
vn -0.4554 0.6468 -0.6117
vn -0.0720 0.2096 -0.9751
vn -0.4314 0.2358 -0.8708
vn -0.0920 0.6969 -0.7112
vn 0.4726 -0.2184 -0.8538
vn 0.3528 -0.4374 -0.8271
vn 0.8401 -0.3325 -0.4285
vn -0.7841 0.3009 0.5428
vn -0.7922 -0.0000 0.6103
vn -0.7841 -0.3008 0.5428
vn -0.7841 -0.3009 0.5428
vn -0.7677 -0.0000 -0.6408
vn -0.7622 0.3029 -0.5721
vn -0.7622 -0.3029 -0.5721
vn -0.7622 -0.3030 -0.5721
vn 0.6805 0.3665 -0.6345
vn 0.7649 0.1335 -0.6302
vn -0.0206 -0.5367 0.8435
vn -0.0206 -0.5369 0.8434
vn -0.0164 -0.7432 0.6688
vn -0.0234 0.2857 0.9580
vn -0.0094 -0.9236 0.3832
vn -0.0112 -0.8888 0.4582
vn -0.0235 0.2856 0.9581
vn -0.0206 0.5367 0.8435
vn -0.5628 0.8265 -0.0093
vn -0.8863 0.4629 -0.0146
vn -0.9916 0.1287 -0.0163
vn -0.9745 -0.2238 -0.0160
vn 0.0164 -0.7433 -0.6688
vn 0.0094 -0.9237 -0.3831
vn 0.0112 -0.8888 -0.4582
vn 0.0206 -0.5368 -0.8434
vn 0.0244 0.0958 -0.9951
vn 0.0234 0.2856 -0.9581
vn 0.0235 0.2856 -0.9581
vn 0.0218 0.4558 -0.8898
vn 0.0206 0.5368 -0.8435
vn -0.0123 -0.8649 0.5018
vn 0.0087 -1.0000 0.0002
vn -0.0122 -0.8649 0.5018
vn 0.0149 -0.7959 -0.6053
vn 0.0147 -0.8024 -0.5966
vn 0.9154 -0.4024 0.0151
vn 0.9031 -0.4291 0.0149
vn 0.9029 -0.4296 0.0149
vn 0.9729 -0.2308 0.0160
vn 0.9729 -0.2307 0.0160
vn 0.9986 0.0503 0.0164
vn 0.9193 0.3934 0.0152
vn 0.9192 0.3934 0.0152
vn 0.6242 0.7812 0.0103
vn 0.6241 0.7813 0.0103
vn 0.3830 0.9237 0.0063
vn 0.3833 0.9236 0.0063
vn 0.7649 0.1334 -0.6302
vn 0.7649 -0.1334 -0.6302
vn 0.5175 0.2820 0.8078
vn 0.4771 -0.0000 0.8789
vn 0.1949 0.1989 0.9605
vn 0.1478 -0.0088 0.9890
vn 0.1002 -0.1738 0.9797
vn 0.4318 -0.2610 0.8634
vn 0.4774 -0.0000 0.8787
vn 0.8119 -0.3292 0.4821
vn 0.8733 0.0076 0.4870
vn 0.8432 0.3246 0.4285
vn 0.5178 0.2820 0.8077
vn 0.6804 -0.3667 -0.6345
vn 0.3430 -0.6350 -0.6921
vn 0.8158 -0.2541 0.5196
vn 0.3604 -0.2969 0.8843
vn 0.1955 -0.0087 -0.9807
vn 0.5161 -0.0000 -0.8565
vn 0.2409 0.1982 -0.9501
vn 0.5529 0.2801 -0.7848
vn 0.1477 -0.1734 -0.9737
vn 0.4707 -0.2593 -0.8434
vn 0.5531 0.2801 -0.7846
vn 0.5164 -0.0000 -0.8564
vn 0.8586 0.3229 -0.3982
vn 0.8905 0.0076 -0.4549
vn 0.8298 -0.3272 -0.4522
vn 0.4707 -0.2594 -0.8433
vn -0.9999 0.0001 -0.0165
vn 0.0079 -0.9467 -0.3221
vn 0.0026 -0.9943 -0.1065
vn 0.0026 -0.9943 -0.1066
vn 0.0128 -0.8509 -0.5251
vn 0.0128 -0.8510 -0.5250
vn 0.0128 -0.8509 -0.5252
vn 0.0160 -0.7579 -0.6521
vn 0.0174 -0.7009 -0.7130
vn 0.8349 -0.2524 -0.4890
vn 0.7648 -0.1335 -0.6302
vn 0.6805 -0.3665 -0.6345
vn 0.6805 -0.3666 -0.6344
vn 0.3890 0.9095 0.1463
vn 0.4474 0.8889 0.0979
vn 0.3891 0.9153 0.1042
vn 0.7921 0.6103 0.0130
vn 0.7921 0.6102 0.0130
vn 0.3936 0.9147 -0.0913
vn 0.3955 0.9087 -0.1333
vn 0.4516 0.8884 -0.0830
vn 0.7247 -0.2364 -0.6473
vn 0.3413 -0.6399 -0.6885
vn 0.4518 0.8904 -0.0553
vn 0.3936 0.9147 -0.0912
vn 0.4183 0.9076 -0.0351
vn 0.5073 0.8616 -0.0194
vn 0.4011 0.9150 -0.0423
vn 0.4516 0.8884 -0.0829
vn 0.3989 0.9153 0.0555
vn 0.3891 0.9153 0.1041
vn 0.4163 0.9079 0.0488
vn 0.4472 0.8891 0.0978
vn 0.4490 0.8908 0.0702
vn 0.5060 0.8618 0.0361
vn 0.4720 0.3731 0.7988
vn 0.8639 -0.0608 0.5001
vn 0.8460 0.3332 0.4162
vn 0.4521 -0.0338 0.8913
vn 0.8639 -0.0608 0.5000
vn 0.4521 -0.0339 0.8913
vn 0.3763 -0.4115 0.8301
vn 0.3762 -0.4116 0.8301
vn 0.6857 -0.5879 0.4291
vn 0.8639 -0.0607 0.5000
vn 0.6858 -0.5878 0.4292
vn 0.8119 -0.3293 0.4821
vn 0.0079 -0.9467 -0.3220
vn -0.1008 -0.9891 -0.1077
vn -0.0971 -0.9409 -0.3245
vn -0.4465 -0.8563 -0.2596
vn -0.3992 -0.9109 -0.1047
vn -0.5770 -0.8107 -0.0990
vn -0.7827 -0.5975 -0.1742
vn -0.7317 -0.6761 -0.0864
vn -0.0553 -0.6401 -0.7663
vn 0.0079 -0.9466 -0.3222
vn -0.0971 -0.9408 -0.3247
vn -0.4207 -0.6331 -0.6498
vn -0.4465 -0.8563 -0.2597
vn -0.7509 -0.4557 -0.4779
vn -0.0908 -0.2602 -0.9613
vn -0.4205 -0.6330 -0.6499
vn -0.4313 -0.2357 -0.8709
vn -0.0553 -0.6399 -0.7665
vn -0.9999 -0.0000 -0.0101
vn -1.0000 -0.0000 -0.0100
vn -1.0000 0.0001 -0.0100
vn -0.9999 -0.0000 -0.0100
vn -1.0000 -0.0000 -0.0099
vn -0.9997 -0.0000 -0.0229
vn -0.9997 -0.0000 -0.0228
vn -0.9997 -0.0000 -0.0230
vn -0.9998 -0.0071 -0.0165
vn -0.9998 -0.0069 -0.0165
vn -0.9998 -0.0143 -0.0165
vn 0.4144 -0.4094 -0.8128
vn 0.8297 -0.3273 -0.4522
vn 0.7029 -0.5852 -0.4044
vn 0.8816 -0.0603 -0.4681
vn 0.4920 -0.0337 -0.8699
vn 0.8817 -0.0604 -0.4680
vn 0.4921 -0.0336 -0.8699
vn 0.5076 0.3707 -0.7778
vn 0.8816 -0.0604 -0.4681
vn 0.5075 0.3708 -0.7778
vn 0.8610 0.3314 -0.3859
vn 0.7043 0.7098 0.0115
vn 0.4810 0.8767 0.0079
vn 0.4005 0.9163 0.0066
vn 0.4011 0.9150 -0.0422
vn 0.4004 0.9163 0.0066
vn 0.4182 0.9077 -0.0350
vn 0.4105 0.9118 0.0067
vn 0.4183 0.9077 -0.0349
vn 0.5071 0.8617 -0.0194
vn 0.3989 0.9153 0.0554
vn 0.4474 0.8890 0.0977
vn 0.4163 0.9079 0.0487
vn 0.5225 0.8526 0.0086
vn 0.9029 0.4296 0.0149
vn 0.8559 0.4876 -0.1721
vn 0.4474 0.8890 0.0978
vn 0.7042 0.7099 0.0116
vn 0.4475 0.8889 0.0978
vn 0.4105 0.9118 0.0068
vn 0.8489 0.4889 0.2007
vn 0.7248 -0.2360 -0.6473
vn 0.7247 0.2361 -0.6473
vn 0.7248 0.2361 -0.6473
vn 0.7247 -0.2361 -0.6473
vn 0.6784 0.7062 0.2026
vn 0.4728 0.4150 0.7773
vn 0.8490 0.4889 0.2006
vn 0.5071 0.8616 -0.0194
vn -0.7692 -0.5251 0.3642
vn -0.7841 -0.3010 0.5427
vn -0.7692 -0.5250 0.3642
vn 0.6863 0.7047 -0.1797
vn 0.4516 0.8883 -0.0831
vn -0.7542 -0.5275 -0.3910
vn -0.7622 -0.3031 -0.5720
vn -0.7622 -0.3030 -0.5720
vn -0.7542 -0.5274 -0.3910
vn 0.5236 0.3052 0.7954
vn 0.5583 0.3031 -0.7723
vn 0.2591 0.2496 -0.9330
vn 0.2048 0.2851 0.9364
vn 0.1949 0.1989 0.9604
vn 0.7043 0.7098 0.0116
vn 0.4474 0.8889 0.0978
vn -0.0142 -0.8123 0.5831
vn -0.0049 -0.9800 0.1991
vn -0.0049 -0.9799 0.1993
vn 0.0049 -0.9799 -0.1992
vn 0.0143 -0.8123 -0.5831
vn 0.0142 -0.8123 -0.5831
vn 0.6864 0.7047 -0.1797
vn 0.2496 0.2841 -0.9257
vn 0.8827 -0.0226 0.4694
vn 0.5045 0.0420 0.8624
vn 0.8234 -0.3345 0.4584
vn 0.5905 -0.7029 0.3965
vn 0.4331 -0.2197 0.8742
vn 0.5044 0.0418 0.8624
vn 0.5238 0.3050 0.7954
vn 0.8461 0.3331 0.4162
vn 0.5227 0.8525 0.0086
vn 0.9029 0.4297 0.0149
vn 0.5073 0.8615 -0.0193
vn 0.2963 -0.8334 0.4665
vn -0.0114 -0.8859 0.4638
vn 0.3529 -0.4374 -0.8271
vn 0.6072 -0.7003 -0.3753
vn 0.8402 -0.3326 -0.4284
vn 0.8991 -0.0225 -0.4372
vn 0.5425 0.0417 -0.8390
vn 0.8610 0.3313 -0.3859
vn 0.5584 0.3029 -0.7723
vn 0.5424 0.0417 -0.8391
vn 0.5424 0.0416 -0.8391
vn 0.4726 -0.2183 -0.8538
vn 0.0114 -0.8859 -0.4638
vn 0.3093 -0.8310 -0.4624
vn 0.3094 -0.8310 -0.4623
vn -0.7534 -0.6460 0.1230
vn -0.7691 -0.5252 0.3641
vn -0.7480 -0.6470 -0.1479
vn -0.7542 -0.5276 -0.3909
vn -0.7480 -0.6471 -0.1479
vn 0.5177 0.2822 0.8077
vn 0.7610 -0.6486 0.0126
vn 0.9779 -0.2084 0.0161
vn 0.9915 0.1291 0.0163
vn 0.8755 0.4830 0.0144
vn -0.7480 -0.6471 -0.1477
vn -0.7534 -0.6460 0.1228
vn -0.4316 0.2357 -0.8707
vn -0.7509 0.4555 -0.4782
vn -0.4555 0.6468 -0.6117
vn -0.7608 0.1651 -0.6277
vn 0.9999 -0.0000 0.0167
vn 0.5529 0.2802 -0.7847
vn 0.5248 0.3788 -0.7623
vn 0.2409 0.1984 -0.9501
vn -0.0049 -0.9799 0.1992
vn -0.0143 -0.8123 0.5831
vn 0.0049 -0.9799 -0.1993
vn 0.0049 -0.9800 -0.1991
vn -0.9999 -0.0002 -0.0165
vn 0.9998 -0.0143 0.0165
vn 0.9029 0.4295 0.0150
vn 0.9563 -0.0073 0.2922
vn 0.8489 0.4890 0.2006
vn 0.5218 -0.0000 0.8531
vn 0.9563 -0.0073 0.2924
vn 0.9029 0.4297 0.0148
vn 0.9998 -0.0144 0.0164
vn 0.9658 -0.0073 -0.2593
vn 0.8558 0.4877 -0.1722
vn 0.5590 -0.0000 -0.8292
vn 0.8559 0.4877 -0.1721
vn 0.9657 -0.0073 -0.2596
vn 0.9837 0.1793 0.0162
vn 0.9837 0.1792 0.0162
vn 0.9837 -0.1792 0.0162
vn 0.9837 -0.1793 0.0162
vn 0.8756 0.4829 0.0144
vn 0.8755 -0.4829 0.0144
vn 0.8755 0.4829 0.0144
vn 0.7922 0.6101 0.0130
vn 0.8755 -0.4831 0.0144
vn 0.7922 -0.6101 0.0130
vn -0.0057 -0.9721 0.2346
vn 0.0057 -0.9721 -0.2346
vn -0.0094 -0.9237 0.3830
vn -0.0112 -0.8889 0.4579
vn 0.0057 -0.9721 -0.2345
vn 0.0094 -0.9237 -0.3830
vn 0.0112 -0.8889 -0.4579
vn 0.1630 -0.9514 -0.2613
vn 0.0068 -0.9604 -0.2784
vn 0.1506 -0.9538 0.2600
vn -0.0069 -0.9604 0.2784
vn 0.1507 -0.9537 0.2601
vn -0.0069 -0.9604 0.2786
vn -0.0134 -0.8364 0.5480
vn 0.2969 -0.8057 0.5126
vn 0.1629 -0.9514 -0.2614
vn 0.0134 -0.8364 -0.5480
vn 0.0067 -0.9604 -0.2786
vn 0.3119 -0.8029 -0.5080
vn 0.3096 -0.8309 -0.4623
vn 0.3121 -0.8028 -0.5080
vn 0.1630 -0.9514 -0.2614
vn -0.4315 0.2356 -0.8708
vn -0.4315 -0.2356 -0.8708
vn -0.7607 -0.1649 -0.6278
vn -0.7607 0.1649 -0.6279
vn 0.8754 0.4832 0.0144
vn 0.5005 0.8657 0.0082
vn 0.0778 0.9970 0.0013
vn -0.2061 0.9785 -0.0034
vn -0.2060 0.9785 -0.0034
vn -0.5626 0.8267 -0.0093
vn 0.6786 0.7061 0.2026
vn 0.9084 0.3464 0.2340
vn 0.6865 0.7046 -0.1797
vn 0.9162 0.3453 -0.2032
vn 0.6578 0.3271 0.6785
vn 0.9085 0.3464 0.2339
vn 0.7785 -0.6275 0.0129
vn 0.7122 -0.7019 0.0118
vn 0.8639 -0.0606 0.4999
vn 0.6859 -0.5879 0.4289
vn 0.7786 -0.6274 0.0129
vn 0.8638 -0.0607 0.5001
vn 0.7786 -0.6274 0.0128
vn 0.8120 -0.3292 0.4820
vn 0.9398 -0.3413 0.0155
vn 0.8735 0.0076 0.4868
vn 0.9998 0.0143 0.0165
vn 0.8433 0.3247 0.4283
vn 0.9422 0.3346 0.0155
vn 0.6854 0.3248 -0.6517
vn 0.7921 -0.6102 0.0130
vn 0.9998 0.0143 0.0166
vn 0.9399 -0.3411 0.0155
vn 0.9399 -0.3411 0.0154
vn 0.9998 0.0143 0.0163
vn 0.9998 0.0143 0.0164
vn 0.9422 0.3347 0.0154
vn 0.8587 0.3228 -0.3981
vn 0.8906 0.0076 -0.4547
vn 0.8298 -0.3272 -0.4521
vn 0.9398 -0.3413 0.0154
vn 0.7031 -0.5851 -0.4041
vn 0.7786 -0.6274 0.0127
vn 0.7030 -0.5852 -0.4042
vn 0.8817 -0.0602 -0.4679
vn 0.7122 -0.7019 0.0116
vn -0.4315 -0.2358 -0.8707
vn -0.4208 -0.6329 -0.6499
vn -0.7509 -0.4555 -0.4781
vn -0.7606 -0.1652 -0.6278
vn 0.9606 0.1019 0.2584
vn 0.7191 0.1754 0.6724
vn 0.9085 0.3463 0.2339
vn 0.9599 0.0364 0.2780
vn 0.6501 0.1299 0.7487
vn 0.7192 0.1755 0.6723
vn 0.9340 0.0370 0.3554
vn 0.6426 0.1139 0.7577
vn 0.9992 -0.0358 0.0165
vn 0.8827 -0.0226 0.4693
vn 0.8461 0.3332 0.4160
vn 0.9376 0.3474 0.0155
vn 0.9475 -0.3193 0.0156
vn 0.7085 -0.7056 0.0118
vn 0.9992 -0.0360 0.0165
vn 0.9476 -0.3192 0.0157
vn 0.7085 -0.7056 0.0117
vn 0.5906 -0.7029 0.3964
vn 0.9688 0.0363 -0.2452
vn 0.6808 0.1289 -0.7210
vn 0.9458 0.0368 -0.3227
vn 0.6738 0.1130 -0.7302
vn 0.7457 0.1741 -0.6431
vn 0.9689 0.1016 -0.2257
vn 0.9688 0.0362 -0.2452
vn 0.9163 0.3452 -0.2033
vn 0.9992 -0.0358 0.0163
vn 0.9376 0.3475 0.0154
vn 0.8611 0.3313 -0.3858
vn 0.8991 -0.0225 -0.4371
vn 0.8402 -0.3325 -0.4284
vn 0.7085 -0.7056 0.0116
vn 0.9475 -0.3194 0.0156
vn 0.8401 -0.3326 -0.4284
vn 0.9475 -0.3192 0.0156
vn 0.9992 -0.0359 0.0164
vn 0.6072 -0.7004 -0.3752
vn 0.7191 0.1755 0.6723
vn 0.6578 0.3270 0.6785
vn 0.9085 0.3463 0.2340
vn 0.9745 -0.2238 0.0161
vn 0.8150 -0.5792 0.0134
vn 0.8159 -0.2541 0.5194
vn 0.8321 -0.0077 0.5545
vn 0.9961 0.0865 0.0164
vn 0.9948 0.1007 0.0164
vn 0.9745 -0.2237 0.0161
vn 0.8158 -0.2542 0.5195
vn 0.9745 -0.2239 0.0160
vn 0.8350 -0.2525 -0.4889
vn 0.9745 -0.2238 0.0160
vn 0.9948 0.1007 0.0163
vn 0.8524 -0.0077 -0.5228
vn 0.9961 0.0865 0.0163
vn 0.8350 -0.2524 -0.4889
vn 0.9745 -0.2238 0.0159
vn 0.8150 -0.5793 0.0134
vn 0.6855 0.3246 -0.6517
vn 0.7457 0.1742 -0.6431
vn 0.9162 0.3453 -0.2033
vn 0.4904 0.3812 0.7838
vn 0.4252 -0.0848 0.9011
vn 0.5249 0.3788 -0.7622
vn 0.5238 0.3052 0.7953
vn 0.4720 0.3731 0.7987
vn 0.8460 0.3333 0.4163
vn 0.5076 0.3708 -0.7778
vn 0.5584 0.3031 -0.7722
vn -0.6834 0.6157 -0.3923
vn -0.9382 0.2355 -0.2537
vn -0.9330 0.2996 -0.1995
vn -0.7511 0.4554 -0.4779
vn -0.7609 0.1650 -0.6276
vn -0.9382 0.2353 -0.2538
vn -0.7512 0.4553 -0.4779
vn -0.9405 0.0887 -0.3280
vn 0.4175 -0.9086 0.0068
vn 0.4175 -0.9086 0.0069
vn 0.9973 0.0716 0.0164
vn 0.9422 0.3347 0.0155
vn 0.9163 0.3453 -0.2031
vn 0.9422 0.3348 0.0154
vn 0.7045 0.7096 0.0116
vn 0.9163 0.3453 -0.2030
vn 0.6866 0.7045 -0.1796
vn 0.9689 0.1016 -0.2255
vn 0.9163 0.3452 -0.2031
vn 0.9689 0.0362 -0.2450
vn 0.9459 0.0368 -0.3224
vn 0.9600 0.0364 0.2777
vn 0.9341 0.0370 0.3552
vn 0.9607 0.1019 0.2582
vn 0.9085 0.3464 0.2338
vn 0.9085 0.3463 0.2338
vn 0.7044 0.7097 0.0117
vn 0.9421 0.3349 0.0155
vn 0.6786 0.7061 0.2025
vn 0.5177 0.2821 0.8077
vn 0.4903 0.3812 0.7838
vn 0.8431 0.3247 0.4286
vn 0.5250 0.3788 -0.7622
vn 0.5531 0.2802 -0.7846
vn 0.8585 0.3229 -0.3982
vn 0.4904 0.3812 0.7837
vn 0.8225 -0.2000 0.5325
vn 0.8420 -0.1986 -0.5016
vn 0.9961 0.0864 0.0164
vn 0.8183 0.0695 0.5706
vn 0.7418 -0.3053 0.5972
vn 0.8183 0.0697 0.5706
vn -0.9517 -0.0662 -0.2999
vn -0.7512 -0.4553 -0.4779
vn -0.9382 -0.2353 -0.2538
vn -0.7608 -0.1650 -0.6277
vn -0.9517 -0.0660 -0.2999
vn -0.9405 0.0886 -0.3280
vn -0.7608 0.1649 -0.6277
vn -0.7608 -0.1649 -0.6277
vn 0.9961 0.0865 0.0162
vn 0.8393 0.0692 -0.5392
vn 0.8524 -0.0076 -0.5229
vn 0.8394 0.0690 -0.5391
vn 0.7649 -0.3031 -0.5683
vn -0.7511 -0.4555 -0.4779
vn -0.9357 -0.3289 -0.1274
vn -0.9382 -0.2353 -0.2537
vn -0.7828 -0.5974 -0.1742
vn -0.9382 0.2353 -0.2537
vn -0.9825 0.1519 -0.1075
vn -0.9331 0.2993 -0.1994
vn -0.9836 0.1150 -0.1393
vn 0.8638 -0.0610 0.5001
vn 0.8272 0.5617 0.0136
vn 0.8460 0.3332 0.4161
vn 0.8150 0.5793 0.0135
vn 0.8638 -0.0609 0.5001
vn 0.8272 0.5617 0.0135
vn 0.8610 0.3314 -0.3858
vn 0.8150 0.5793 0.0133
vn 0.8817 -0.0605 -0.4680
vn 0.8272 0.5617 0.0137
vn 0.9375 0.3476 0.0155
vn 0.8461 0.3333 0.4160
vn 0.9375 0.3476 0.0154
vn 0.8610 0.3314 -0.3857
vn -0.8486 -0.5238 -0.0737
vn -0.7318 -0.6760 -0.0864
vn -0.8486 -0.5239 -0.0737
vn -0.9067 -0.4173 -0.0611
vn -0.9357 -0.3290 -0.1272
vn -0.9842 -0.0432 -0.1718
vn -0.9518 -0.0661 -0.2997
vn -0.9835 -0.1151 -0.1393
vn -0.9826 -0.0000 -0.1859
vn -0.9518 -0.0660 -0.2997
vn -0.9842 -0.0432 -0.1717
vn -0.9842 0.0432 -0.1718
vn -0.9406 0.0886 -0.3278
vn -0.9836 -0.1151 -0.1392
vn -0.9835 -0.1651 -0.0744
vn -0.9358 -0.3289 -0.1272
vn -0.9068 -0.4172 -0.0610
vn -0.9835 -0.1651 -0.0743
vn 0.8423 0.5388 0.0138
vn 0.8587 0.3229 -0.3980
vn 0.8246 0.5655 0.0135
vn 0.8419 -0.1985 -0.5017
vn 0.8423 0.5388 0.0139
vn 0.8432 0.3247 0.4283
vn 0.8246 0.5655 0.0136
vn 0.8587 0.3229 -0.3981
vn -0.8426 0.5384 -0.0139
vt 0.753135 0.056242
vt 0.752334 0.059756
vt 0.750521 0.058882
vt 0.750087 0.062574
vt 0.751123 0.056242
vt 0.748833 0.061000
vt 0.750521 0.053601
vt 0.746394 0.062175
vt 0.752334 0.052728
vt 0.746842 0.064138
vt 0.750087 0.049910
vt 0.743687 0.062175
vt 0.748833 0.051484
vt 0.743239 0.064138
vt 0.746394 0.050309
vt 0.741248 0.061000
vt 0.746842 0.048346
vt 0.739993 0.062574
vt 0.743687 0.050309
vt 0.739560 0.058882
vt 0.743239 0.048346
vt 0.737747 0.059756
vt 0.741248 0.051484
vt 0.738958 0.056242
vt 0.739993 0.049910
vt 0.736946 0.056242
vt 0.739560 0.053601
vt 0.737747 0.052728
vt 0.593687 0.053863
vt 0.605439 0.053863
vt 0.593687 0.061716
vt 0.605439 0.061716
vt 0.582007 0.061716
vt 0.600943 0.050594
vt 0.582007 0.053863
vt 0.593701 0.050594
vt 0.586503 0.050594
vt 0.920858 0.983509
vt 0.911547 0.989261
vt 0.910107 0.983509
vt 0.911609 0.989334
vt 0.917132 0.991177
vt 0.915165 0.993145
vt 0.921264 0.983509
vt 0.917218 0.991091
vt 0.917577 0.990994
vt 0.922075 0.983509
vt 0.921467 0.989952
vt 0.925715 0.991091
vt 0.926006 0.991381
vt 0.931408 0.989161
vt 0.932827 0.983509
vt 0.931386 0.989261
vt 0.926282 0.991658
vt 0.927762 0.993138
vt 0.879691 0.290007
vt 0.876716 0.287950
vt 0.877130 0.287536
vt 0.874020 0.290647
vt 0.875498 0.295031
vt 0.873459 0.290798
vt 0.869771 0.291786
vt 0.869771 0.296869
vt 0.864044 0.295031
vt 0.866084 0.290798
vt 0.865523 0.290647
vt 0.859852 0.290007
vt 0.862827 0.287950
vt 0.862413 0.287536
vt 0.858317 0.283146
vt 0.861274 0.283285
vt 0.861311 0.283146
vt 0.862413 0.279034
vt 0.859852 0.276284
vt 0.862991 0.278455
vt 0.865523 0.275922
vt 0.864044 0.271261
vt 0.866203 0.275740
vt 0.869771 0.274783
vt 0.869771 0.269423
vt 0.875498 0.271261
vt 0.873340 0.275740
vt 0.874020 0.275922
vt 0.879691 0.276284
vt 0.876552 0.278455
vt 0.877130 0.279034
vt 0.881225 0.283146
vt 0.878231 0.283146
vt 0.878269 0.283285
vt 0.965124 0.781935
vt 0.955603 0.778498
vt 0.965124 0.778498
vt 0.955610 0.782588
vt 0.962606 0.786213
vt 0.955613 0.787679
vt 0.948677 0.786213
vt 0.946158 0.781935
vt 0.946158 0.778498
vt 0.101445 0.187990
vt 0.078013 0.187990
vt 0.101445 0.183500
vt 0.078013 0.183500
vt 0.672922 0.683316
vt 0.676757 0.682299
vt 0.676989 0.683316
vt 0.673154 0.682299
vt 0.743007 0.065155
vt 0.739343 0.063389
vt 0.750738 0.063389
vt 0.747074 0.065155
vt 0.736808 0.060208
vt 0.753273 0.060208
vt 0.932921 0.983134
vt 0.921467 0.983134
vt 0.931386 0.977018
vt 0.921670 0.983509
vt 0.927194 0.972540
vt 0.921467 0.983509
vt 0.921467 0.970902
vt 0.915740 0.972540
vt 0.911547 0.977018
vt 0.910013 0.983134
vt 0.735903 0.056242
vt 0.736808 0.052275
vt 0.754178 0.056242
vt 0.753273 0.052275
vt 0.668457 0.029545
vt 0.645025 0.029545
vt 0.668457 0.025055
vt 0.645025 0.025055
vt 0.739343 0.049094
vt 0.750738 0.049094
vt 0.658613 0.502531
vt 0.667600 0.502007
vt 0.667600 0.503227
vt 0.658613 0.506325
vt 0.649625 0.503227
vt 0.649625 0.502007
vt 0.743007 0.047329
vt 0.747074 0.047329
vt 0.701855 0.993145
vt 0.698021 0.992127
vt 0.702087 0.992127
vt 0.698253 0.993145
vt 0.674396 0.500437
vt 0.642829 0.500437
vt 0.674396 0.504746
vt 0.667600 0.505930
vt 0.649625 0.505930
vt 0.642829 0.504746
vt 0.386186 0.634731
vt 0.386186 0.630729
vt 0.395173 0.630517
vt 0.386186 0.629179
vt 0.377199 0.630517
vt 0.971023 0.986115
vt 0.974943 0.973793
vt 0.974943 0.986115
vt 0.971023 0.973793
vt 0.971023 0.989202
vt 0.974943 0.989202
vt 0.244185 0.023737
vt 0.220753 0.023737
vt 0.244185 0.019247
vt 0.220753 0.019247
vt 0.386186 0.641521
vt 0.371141 0.641517
vt 0.374348 0.634681
vt 0.386186 0.651437
vt 0.370072 0.651505
vt 0.401230 0.641517
vt 0.407671 0.651706
vt 0.407616 0.663621
vt 0.402286 0.663179
vt 0.402299 0.651505
vt 0.406245 0.641502
vt 0.401969 0.634532
vt 0.398024 0.634681
vt 0.658613 0.511157
vt 0.667600 0.510813
vt 0.658613 0.518991
vt 0.667600 0.518572
vt 0.667798 0.527039
vt 0.658613 0.527563
vt 0.649625 0.510813
vt 0.649625 0.518572
vt 0.649427 0.527039
vt 0.370086 0.663179
vt 0.386186 0.663032
vt 0.386186 0.674859
vt 0.370126 0.675075
vt 0.402245 0.675075
vt 0.374370 0.681964
vt 0.398001 0.681964
vt 0.386186 0.684096
vt 0.386186 0.687923
vt 0.370344 0.684874
vt 0.402028 0.684874
vt 0.364918 0.675725
vt 0.407453 0.675725
vt 0.364755 0.663621
vt 0.364701 0.651706
vt 0.366126 0.641502
vt 0.370402 0.634532
vt 0.675788 0.532349
vt 0.676783 0.538048
vt 0.668959 0.539762
vt 0.668392 0.534045
vt 0.674744 0.525465
vt 0.674396 0.517314
vt 0.676983 0.542648
vt 0.669073 0.544363
vt 0.676934 0.547752
vt 0.674396 0.509780
vt 0.669164 0.557057
vt 0.677143 0.555689
vt 0.676885 0.565236
vt 0.658613 0.534610
vt 0.658613 0.540333
vt 0.658613 0.544934
vt 0.658613 0.558205
vt 0.658613 0.569748
vt 0.669073 0.569445
vt 0.669043 0.573497
vt 0.658613 0.573786
vt 0.658613 0.579838
vt 0.668730 0.579529
vt 0.658613 0.593138
vt 0.668276 0.592783
vt 0.668276 0.600696
vt 0.658613 0.601017
vt 0.658613 0.612174
vt 0.641437 0.532349
vt 0.642481 0.525465
vt 0.648833 0.534045
vt 0.642829 0.517314
vt 0.648267 0.539762
vt 0.640442 0.538048
vt 0.642829 0.509780
vt 0.640242 0.542648
vt 0.648153 0.544363
vt 0.640291 0.547752
vt 0.648061 0.557057
vt 0.640082 0.555689
vt 0.640340 0.565236
vt 0.648153 0.569445
vt 0.648182 0.573497
vt 0.648495 0.579529
vt 0.648949 0.592783
vt 0.648949 0.600696
vt 0.705593 0.029545
vt 0.682161 0.029545
vt 0.705593 0.025055
vt 0.682161 0.025055
vt 0.658613 0.642429
vt 0.658613 0.633761
vt 0.668022 0.633756
vt 0.658613 0.628510
vt 0.667258 0.642429
vt 0.666411 0.650904
vt 0.658613 0.650891
vt 0.658613 0.655522
vt 0.665909 0.655576
vt 0.665577 0.658579
vt 0.658613 0.658467
vt 0.649967 0.642429
vt 0.649204 0.633756
vt 0.650814 0.650904
vt 0.651317 0.655576
vt 0.651648 0.658579
vt 0.673796 0.642429
vt 0.672309 0.650945
vt 0.671426 0.655738
vt 0.670845 0.658916
vt 0.675137 0.633741
vt 0.675584 0.628431
vt 0.758676 0.878682
vt 0.758676 0.894668
vt 0.751300 0.894668
vt 0.751300 0.936391
vt 0.744000 0.895019
vt 0.744000 0.937577
vt 0.744000 0.878713
vt 0.758676 0.936391
vt 0.751300 0.878682
vt 0.744000 0.877132
vt 0.751300 0.877132
vt 0.758676 0.877132
vt 0.766007 0.877132
vt 0.766007 0.878682
vt 0.773308 0.877132
vt 0.773308 0.878713
vt 0.766007 0.894668
vt 0.773308 0.895019
vt 0.766007 0.936391
vt 0.773308 0.937577
vt 0.643429 0.642429
vt 0.642088 0.633741
vt 0.641641 0.628431
vt 0.645799 0.655738
vt 0.644916 0.650945
vt 0.646381 0.658916
vt 0.676382 0.578604
vt 0.675584 0.591720
vt 0.676931 0.572628
vt 0.676983 0.568535
vt 0.640843 0.578604
vt 0.640294 0.572628
vt 0.641641 0.591720
vt 0.640242 0.568535
vt 0.554885 0.061716
vt 0.554347 0.061006
vt 0.554885 0.061006
vt 0.554219 0.061716
vt 0.562070 0.060942
vt 0.567593 0.059127
vt 0.562070 0.061690
vt 0.568303 0.059642
vt 0.668276 0.611971
vt 0.668276 0.622579
vt 0.549362 0.059148
vt 0.548652 0.059642
vt 0.648949 0.611971
vt 0.648949 0.622579
vt 0.668276 0.628490
vt 0.648949 0.628490
vt 0.675584 0.599730
vt 0.675584 0.611364
vt 0.641641 0.599730
vt 0.641641 0.611364
vt 0.658613 0.622655
vt 0.245855 0.786907
vt 0.245158 0.778219
vt 0.249735 0.778193
vt 0.243068 0.772908
vt 0.250260 0.795494
vt 0.246085 0.795422
vt 0.246774 0.800215
vt 0.247771 0.803394
vt 0.251700 0.803995
vt 0.256984 0.973313
vt 0.252579 0.981900
vt 0.253104 0.964598
vt 0.257680 0.964625
vt 0.259771 0.959314
vt 0.256754 0.981828
vt 0.256065 0.986621
vt 0.255068 0.989800
vt 0.251138 0.990400
vt 0.199448 0.676826
vt 0.198466 0.669943
vt 0.207217 0.667140
vt 0.196424 0.661792
vt 0.205542 0.659552
vt 0.204111 0.652484
vt 0.194854 0.654258
vt 0.195283 0.649224
vt 0.203830 0.644143
vt 0.209253 0.679474
vt 0.200021 0.682526
vt 0.200837 0.687125
vt 0.210316 0.684071
vt 0.211315 0.687771
vt 0.202089 0.692230
vt 0.248750 0.772802
vt 0.245655 0.766427
vt 0.303391 0.863232
vt 0.293586 0.865879
vt 0.295622 0.853546
vt 0.302818 0.868931
vt 0.304373 0.856349
vt 0.306414 0.848198
vt 0.297297 0.845958
vt 0.298728 0.838890
vt 0.307985 0.840663
vt 0.307556 0.835630
vt 0.299009 0.830548
vt 0.302002 0.873531
vt 0.292523 0.870476
vt 0.291524 0.874177
vt 0.300749 0.878635
vt 0.290185 0.879965
vt 0.298684 0.886572
vt 0.254089 0.959208
vt 0.257184 0.952833
vt 0.946625 0.984079
vt 0.957320 0.984079
vt 0.946625 0.987711
vt 0.957320 0.978646
vt 0.946625 0.978646
vt 0.957320 0.987711
vt 0.946625 0.993145
vt 0.957320 0.993145
vt 0.984735 0.471014
vt 0.987337 0.450095
vt 0.987337 0.471014
vt 0.984735 0.450095
vt 0.250021 0.169789
vt 0.251730 0.148871
vt 0.251730 0.169789
vt 0.250021 0.148871
vt 0.533698 0.040580
vt 0.534364 0.040045
vt 0.534364 0.040580
vt 0.533698 0.040045
vt 0.911057 0.067181
vt 0.931965 0.069669
vt 0.911057 0.069669
vt 0.931965 0.067181
vt 0.987257 0.377468
vt 0.987792 0.379516
vt 0.987257 0.379516
vt 0.987792 0.377468
vt 0.035830 0.069418
vt 0.014921 0.066931
vt 0.035830 0.066931
vt 0.014921 0.069418
vt 0.968253 0.351656
vt 0.973258 0.330737
vt 0.973258 0.351656
vt 0.968253 0.330737
vt 0.565759 0.673873
vt 0.569917 0.672627
vt 0.569917 0.673873
vt 0.571431 0.672627
vt 0.571431 0.673873
vt 0.565759 0.672627
vt 0.564344 0.673873
vt 0.564325 0.672627
vt 0.564246 0.673873
vt 0.564246 0.672627
vt 0.986735 0.612023
vt 0.986200 0.609949
vt 0.986735 0.609949
vt 0.986200 0.612023
vt 0.230996 0.755841
vt 0.271843 0.942247
vt 0.787012 0.866846
vt 0.796695 0.875562
vt 0.787012 0.877816
vt 0.796695 0.864592
vt 0.801621 0.730009
vt 0.816320 0.715222
vt 0.816320 0.730009
vt 0.809019 0.734554
vt 0.801643 0.734554
vt 0.794312 0.734554
vt 0.787012 0.730009
vt 0.801621 0.715222
vt 0.787012 0.715222
vt 0.805130 0.712581
vt 0.816320 0.687871
vt 0.805130 0.687871
vt 0.801621 0.712581
vt 0.798201 0.712581
vt 0.787012 0.687871
vt 0.798201 0.687871
vt 0.806437 0.866846
vt 0.806437 0.877816
vt 0.952680 0.155159
vt 0.945751 0.167742
vt 0.945751 0.155159
vt 0.952680 0.167742
vt 0.229358 0.738396
vt 0.549362 0.057953
vt 0.554219 0.057953
vt 0.549362 0.048251
vt 0.554219 0.048251
vt 0.561991 0.048251
vt 0.554885 0.058507
vt 0.556398 0.057977
vt 0.561991 0.057953
vt 0.567593 0.048251
vt 0.560557 0.057977
vt 0.567593 0.057953
vt 0.561971 0.058472
vt 0.562070 0.058507
vt 0.650339 0.075289
vt 0.639149 0.075289
vt 0.650339 0.065828
vt 0.639149 0.065828
vt 0.650339 0.080899
vt 0.639149 0.083141
vt 0.653848 0.083141
vt 0.653848 0.080899
vt 0.657267 0.080899
vt 0.668457 0.083141
vt 0.668457 0.075289
vt 0.657267 0.075289
vt 0.668457 0.065828
vt 0.657267 0.065828
vt 0.212654 0.693560
vt 0.204154 0.700166
vt 0.214206 0.700297
vt 0.206674 0.709714
vt 0.216381 0.707918
vt 0.207534 0.713013
vt 0.217133 0.711392
vt 0.218281 0.715557
vt 0.208954 0.717105
vt 0.211596 0.723082
vt 0.223550 0.728017
vt 0.218279 0.736198
vt 0.223174 0.744208
vt 0.558499 0.218347
vt 0.538509 0.202734
vt 0.558499 0.202734
vt 0.538509 0.218347
vt 0.558499 0.161326
vt 0.538509 0.161326
vt 0.817091 0.054393
vt 0.814263 0.049332
vt 0.814630 0.048960
vt 0.816604 0.054499
vt 0.817091 0.058025
vt 0.816604 0.057920
vt 0.814263 0.063086
vt 0.814630 0.063459
vt 0.910775 0.694030
vt 0.917451 0.694030
vt 0.910775 0.696054
vt 0.917451 0.698542
vt 0.910775 0.681545
vt 0.917451 0.681545
vt 0.926769 0.681545
vt 0.920054 0.694693
vt 0.920054 0.698542
vt 0.926769 0.694030
vt 0.934338 0.681545
vt 0.934338 0.694030
vt 0.934338 0.696054
vt 0.925060 0.694693
vt 0.926769 0.698542
vt 0.925060 0.698542
vt 0.273481 0.924802
vt 0.481746 0.032824
vt 0.458314 0.032824
vt 0.481746 0.028334
vt 0.458314 0.028334
vt 0.952680 0.186690
vt 0.945751 0.186690
vt 0.288633 0.886703
vt 0.296165 0.896119
vt 0.286458 0.894324
vt 0.295305 0.899418
vt 0.285706 0.897797
vt 0.284558 0.901963
vt 0.293885 0.903511
vt 0.291243 0.909487
vt 0.279289 0.914423
vt 0.284560 0.922603
vt 0.279665 0.930613
vt 0.401335 0.687755
vt 0.386186 0.697960
vt 0.371036 0.687755
vt 0.336298 0.974794
vt 0.350997 0.968504
vt 0.350997 0.974794
vt 0.336298 0.993145
vt 0.350997 0.993145
vt 0.321689 0.993145
vt 0.321689 0.974794
vt 0.336298 0.968504
vt 0.350997 0.957048
vt 0.321689 0.968504
vt 0.336298 0.957048
vt 0.350997 0.956221
vt 0.321689 0.957048
vt 0.336298 0.956221
vt 0.350997 0.885056
vt 0.321689 0.956221
vt 0.336298 0.885056
vt 0.350997 0.863026
vt 0.321689 0.885056
vt 0.336298 0.863026
vt 0.321689 0.863026
vt 0.348059 0.860898
vt 0.324627 0.860898
vt 0.336307 0.860898
vt 0.348059 0.582752
vt 0.336307 0.582752
vt 0.324627 0.582752
vt 0.528110 0.674592
vt 0.518681 0.660180
vt 0.524822 0.660180
vt 0.515393 0.674592
vt 0.102380 0.153073
vt 0.092697 0.150156
vt 0.102380 0.140979
vt 0.092697 0.138062
vt 0.082954 0.140979
vt 0.082954 0.153073
vt 0.539568 0.669072
vt 0.530355 0.657514
vt 0.372570 0.694282
vt 0.513147 0.657514
vt 0.503935 0.669072
vt 0.399801 0.694282
vt 0.834108 0.789506
vt 0.857540 0.749711
vt 0.857540 0.789506
vt 0.834108 0.749711
vt 0.821181 0.179410
vt 0.844613 0.139615
vt 0.844613 0.179410
vt 0.821181 0.139615
vt 0.834108 0.843011
vt 0.857540 0.803217
vt 0.857540 0.843011
vt 0.834108 0.803217
vt 0.727272 0.181834
vt 0.750704 0.142039
vt 0.750704 0.181834
vt 0.727272 0.142039
vt 0.837687 0.498437
vt 0.861119 0.458643
vt 0.861119 0.498437
vt 0.837687 0.458643
vt 0.796695 0.889381
vt 0.787012 0.888376
vt 0.787012 0.900560
vt 0.796695 0.901565
vt 0.787012 0.926159
vt 0.796695 0.927164
vt 0.959025 0.764788
vt 0.957981 0.752355
vt 0.959025 0.751310
vt 0.957981 0.763743
vt 0.806437 0.888376
vt 0.806437 0.900560
vt 0.806437 0.926159
vt 0.986547 0.366077
vt 0.987257 0.375779
vt 0.986547 0.375779
vt 0.987257 0.365367
vt 0.986547 0.376953
vt 0.534184 0.652710
vt 0.547497 0.659124
vt 0.810720 0.065155
vt 0.810619 0.064667
vt 0.676989 0.992127
vt 0.680653 0.683316
vt 0.680653 0.992127
vt 0.672922 0.992127
vt 0.669258 0.992127
vt 0.669258 0.683316
vt 0.496006 0.659124
vt 0.509318 0.652710
vt 0.987445 0.609455
vt 0.986735 0.608260
vt 0.987445 0.608260
vt 0.987445 0.598558
vt 0.986735 0.597848
vt 0.644922 0.465430
vt 0.655061 0.470066
vt 0.643435 0.470066
vt 0.662360 0.465430
vt 0.663448 0.466182
vt 0.666759 0.470066
vt 0.665598 0.466443
vt 0.655059 0.475258
vt 0.642768 0.475258
vt 0.667426 0.475258
vt 0.643008 0.480319
vt 0.667186 0.480319
vt 0.655060 0.480319
vt 0.646067 0.486727
vt 0.664128 0.486727
vt 0.655070 0.486727
vt 0.102380 0.162798
vt 0.092697 0.159881
vt 0.082954 0.162798
vt 0.187059 0.037448
vt 0.207049 0.037448
vt 0.187059 0.046628
vt 0.207049 0.046628
vt 0.179022 0.993145
vt 0.179022 0.985292
vt 0.181150 0.985292
vt 0.181150 0.993145
vt 0.037311 0.148691
vt 0.037311 0.151915
vt 0.022374 0.148165
vt 0.022781 0.145110
vt 0.014921 0.134365
vt 0.219666 0.145331
vt 0.219666 0.162312
vt 0.208429 0.148288
vt 0.207434 0.166310
vt 0.230904 0.148288
vt 0.231898 0.166310
vt 0.212701 0.168920
vt 0.226631 0.168920
vt 0.219666 0.169789
vt 0.051841 0.145110
vt 0.052248 0.148165
vt 0.617956 0.273236
vt 0.617956 0.265383
vt 0.620084 0.265383
vt 0.620084 0.273236
vt 0.059701 0.134365
vt 0.092712 0.169789
vt 0.078013 0.169789
vt 0.107321 0.169789
vt 0.655060 0.410884
vt 0.667381 0.413543
vt 0.655060 0.429794
vt 0.668336 0.414791
vt 0.667901 0.415313
vt 0.668669 0.414393
vt 0.667381 0.411967
vt 0.668806 0.414229
vt 0.655060 0.409051
vt 0.642813 0.411967
vt 0.642813 0.413543
vt 0.641389 0.414229
vt 0.641730 0.414638
vt 0.641858 0.414791
vt 0.642293 0.415313
vt 0.642293 0.415850
vt 0.642813 0.429794
vt 0.641693 0.428023
vt 0.642293 0.427304
vt 0.642293 0.426767
vt 0.642813 0.431678
vt 0.642282 0.415862
vt 0.655060 0.431678
vt 0.645622 0.436758
vt 0.641131 0.425439
vt 0.640090 0.425439
vt 0.640082 0.425439
vt 0.641131 0.417178
vt 0.640082 0.417178
vt 0.655068 0.436758
vt 0.645622 0.443411
vt 0.664572 0.436758
vt 0.667381 0.431678
vt 0.667381 0.429794
vt 0.667901 0.426767
vt 0.667901 0.415814
vt 0.667901 0.427304
vt 0.668501 0.428023
vt 0.667912 0.415862
vt 0.669063 0.425439
vt 0.670104 0.425439
vt 0.669063 0.417178
vt 0.670112 0.425439
vt 0.670112 0.417178
vt 0.655068 0.443411
vt 0.664572 0.443411
vt 0.655065 0.448995
vt 0.665520 0.448995
vt 0.644675 0.448995
vt 0.663448 0.450272
vt 0.665831 0.449983
vt 0.660099 0.452585
vt 0.655060 0.454056
vt 0.643077 0.454056
vt 0.659327 0.454056
vt 0.643077 0.457823
vt 0.658207 0.456191
vt 0.655060 0.457823
vt 0.658207 0.457823
vt 0.644922 0.464706
vt 0.658207 0.460263
vt 0.655066 0.464706
vt 0.660099 0.463869
vt 0.661311 0.464706
vt 0.655066 0.465430
vt 0.787012 0.936572
vt 0.796695 0.937577
vt 0.219666 0.144346
vt 0.230070 0.145335
vt 0.209262 0.145335
vt 0.204683 0.148299
vt 0.203433 0.152586
vt 0.234649 0.148299
vt 0.235900 0.152586
vt 0.203016 0.157541
vt 0.204120 0.162378
vt 0.236317 0.157541
vt 0.235212 0.162378
vt 0.247426 0.964558
vt 0.247136 0.959048
vt 0.247522 0.973313
vt 0.255703 0.772643
vt 0.255413 0.778153
vt 0.255317 0.786907
vt 0.255901 0.800937
vt 0.256535 0.804898
vt 0.806437 0.936572
vt 0.642293 0.415814
vt 0.246938 0.987342
vt 0.246304 0.991303
vt 0.509318 0.640729
vt 0.521751 0.646720
vt 0.507952 0.646720
vt 0.513147 0.635926
vt 0.518681 0.633260
vt 0.524822 0.633260
vt 0.530355 0.635926
vt 0.534184 0.640729
vt 0.535550 0.646720
vt 0.386186 0.703988
vt 0.374036 0.699995
vt 0.398335 0.699995
vt 0.550326 0.646720
vt 0.547497 0.634315
vt 0.939316 0.582947
vt 0.950011 0.573966
vt 0.950011 0.582947
vt 0.939316 0.573966
vt 0.939316 0.586859
vt 0.950011 0.586859
vt 0.493176 0.646720
vt 0.496006 0.634315
vt 0.762945 0.698572
vt 0.765384 0.387726
vt 0.765384 0.698572
vt 0.762945 0.387726
vt 0.768092 0.387726
vt 0.768092 0.698572
vt 0.770531 0.698572
vt 0.770531 0.387726
vt 0.966901 0.470683
vt 0.966901 0.470248
vt 0.971031 0.470248
vt 0.971031 0.470683
vt 0.966901 0.474093
vt 0.971031 0.474093
vt 0.966901 0.486531
vt 0.971031 0.486531
vt 0.966901 0.492363
vt 0.971031 0.492363
vt 0.275266 0.872761
vt 0.257766 0.867677
vt 0.257847 0.864688
vt 0.242307 0.862683
vt 0.241886 0.860394
vt 0.244435 0.857834
vt 0.259766 0.861195
vt 0.277119 0.865887
vt 0.262379 0.856786
vt 0.275746 0.869645
vt 0.278849 0.861293
vt 0.280395 0.855672
vt 0.264544 0.851049
vt 0.281833 0.849335
vt 0.266136 0.844815
vt 0.227572 0.686356
vt 0.245073 0.681272
vt 0.244484 0.684556
vt 0.244992 0.678282
vt 0.260531 0.676277
vt 0.260953 0.673989
vt 0.243073 0.674789
vt 0.258404 0.671428
vt 0.225719 0.679481
vt 0.240460 0.670380
vt 0.227093 0.683240
vt 0.223990 0.674888
vt 0.222443 0.669266
vt 0.238295 0.664644
vt 0.236703 0.658409
vt 0.221006 0.662929
vt 0.641994 0.993145
vt 0.644525 0.712237
vt 0.644525 0.993145
vt 0.641994 0.712237
vt 0.645205 0.993145
vt 0.645205 0.712237
vt 0.648774 0.993145
vt 0.648774 0.712237
vt 0.652343 0.712237
vt 0.652343 0.993145
vt 0.653023 0.712237
vt 0.653023 0.993145
vt 0.655554 0.712237
vt 0.655554 0.993145
vt 0.227718 0.689410
vt 0.228090 0.692984
vt 0.228882 0.696934
vt 0.230288 0.701113
vt 0.231549 0.705220
vt 0.231912 0.708956
vt 0.721508 0.993145
vt 0.721422 0.712283
vt 0.721508 0.712283
vt 0.719455 0.712283
vt 0.721867 0.712283
vt 0.721984 0.993145
vt 0.725757 0.712283
vt 0.725757 0.993145
vt 0.729529 0.993145
vt 0.730005 0.712283
vt 0.730005 0.993145
vt 0.730296 0.712283
vt 0.829596 0.896169
vt 0.836589 0.880556
vt 0.836589 0.896169
vt 0.829596 0.880556
vt 0.829596 0.937577
vt 0.836589 0.937577
vt 0.822660 0.896169
vt 0.822660 0.880556
vt 0.822660 0.937577
vt 0.275121 0.875816
vt 0.274749 0.879390
vt 0.273956 0.883339
vt 0.272551 0.887518
vt 0.271289 0.891626
vt 0.270927 0.895362
vt 0.269143 0.669406
vt 0.264949 0.666090
vt 0.233695 0.855812
vt 0.237890 0.852495
vt 0.801968 0.064667
vt 0.801743 0.065155
vt 0.765652 0.219047
vt 0.765341 0.207727
vt 0.770383 0.209292
vt 0.764408 0.195545
vt 0.124096 0.245991
vt 0.119966 0.245991
vt 0.124096 0.239435
vt 0.119966 0.239435
vt 0.803847 0.195545
vt 0.802914 0.207727
vt 0.797872 0.209292
vt 0.802603 0.219047
vt 0.966901 0.459673
vt 0.971031 0.459673
vt 0.214077 0.640168
vt 0.216281 0.645000
vt 0.203878 0.642682
vt 0.196911 0.644915
vt 0.219602 0.656187
vt 0.234314 0.647142
vt 0.868257 0.664545
vt 0.858581 0.658050
vt 0.868264 0.655133
vt 0.856010 0.667462
vt 0.909287 0.603599
vt 0.897041 0.602899
vt 0.909287 0.601651
vt 0.897041 0.600646
vt 0.949488 0.764788
vt 0.949974 0.763743
vt 0.802603 0.233896
vt 0.797984 0.236866
vt 0.794392 0.236094
vt 0.797984 0.233895
vt 0.797984 0.219069
vt 0.784127 0.203759
vt 0.797536 0.201705
vt 0.784127 0.219076
vt 0.784127 0.209814
vt 0.770271 0.219069
vt 0.770271 0.233895
vt 0.784127 0.233895
vt 0.784127 0.236861
vt 0.773863 0.236094
vt 0.765652 0.233896
vt 0.770271 0.236866
vt 0.770718 0.201705
vt 0.878007 0.658050
vt 0.880578 0.667462
vt 0.921609 0.602899
vt 0.921609 0.600646
vt 0.252420 0.661373
vt 0.254891 0.667566
vt 0.820141 0.896169
vt 0.820141 0.937577
vt 0.539568 0.624368
vt 0.267030 0.838912
vt 0.283236 0.842592
vt 0.286558 0.831406
vt 0.939316 0.572083
vt 0.950011 0.562541
vt 0.950011 0.572083
vt 0.939316 0.562541
vt 0.839108 0.896169
vt 0.839108 0.937577
vt 0.247948 0.853972
vt 0.250419 0.847778
vt 0.272197 0.671017
vt 0.503935 0.624368
vt 0.230641 0.857423
vt 0.868264 0.636949
vt 0.878007 0.639866
vt 0.868264 0.651085
vt 0.878007 0.654002
vt 0.858581 0.639866
vt 0.858581 0.654002
vt 0.239946 0.731460
vt 0.236549 0.725309
vt 0.233979 0.718957
vt 0.614082 0.421784
vt 0.556153 0.417908
vt 0.614082 0.417912
vt 0.333360 0.420949
vt 0.333360 0.421049
vt 0.368051 0.424971
vt 0.614082 0.425472
vt 0.333360 0.424927
vt 0.037311 0.144267
vt 0.023647 0.140913
vt 0.266290 0.911714
vt 0.268859 0.905363
vt 0.262893 0.917866
vt 0.050974 0.140913
vt 0.387735 0.105316
vt 0.668457 0.105883
vt 0.633766 0.107408
vt 0.668457 0.107364
vt 0.387735 0.107910
vt 0.668457 0.105607
vt 0.528110 0.618847
vt 0.163170 0.629970
vt 0.177869 0.629970
vt 0.163170 0.644758
vt 0.170568 0.625426
vt 0.163192 0.625426
vt 0.155861 0.625426
vt 0.148561 0.629970
vt 0.148561 0.644758
vt 0.177869 0.644758
vt 0.148561 0.672108
vt 0.163170 0.672108
vt 0.148561 0.690459
vt 0.177869 0.672108
vt 0.163170 0.690459
vt 0.177869 0.690459
vt 0.515393 0.618847
vt 0.921609 0.608059
vt 0.909287 0.608059
vt 0.909287 0.623239
vt 0.921609 0.623239
vt 0.897041 0.623239
vt 0.897041 0.608059
vt 0.225668 0.353097
vt 0.295689 0.350587
vt 0.295689 0.353181
vt 0.014967 0.352641
vt 0.246999 0.698155
vt 0.248563 0.702263
vt 0.245120 0.693699
vt 0.244391 0.688932
vt 0.810720 0.047264
vt 0.810619 0.047751
vt 0.239504 0.958722
vt 0.239175 0.951526
vt 0.241460 0.964477
vt 0.252916 0.939539
vt 0.244636 0.923506
vt 0.251882 0.908700
vt 0.233252 0.912416
vt 0.609840 0.075427
vt 0.625445 0.078863
vt 0.609840 0.078863
vt 0.625445 0.075427
vt 0.625445 0.083141
vt 0.609840 0.083141
vt 0.568452 0.076177
vt 0.568452 0.075427
vt 0.784127 0.237857
vt 0.497755 0.075427
vt 0.513361 0.075427
vt 0.513361 0.078863
vt 0.497755 0.078863
vt 0.554748 0.076177
vt 0.554748 0.075427
vt 0.513361 0.083141
vt 0.497755 0.083141
vt 0.676757 0.993145
vt 0.673154 0.993145
vt 0.169862 0.025929
vt 0.162575 0.028197
vt 0.154689 0.025959
vt 0.154689 0.028200
vt 0.169862 0.028190
vt 0.949974 0.752355
vt 0.948510 0.762004
vt 0.948510 0.754093
vt 0.947202 0.757288
vt 0.947202 0.758809
vt 0.963715 0.528900
vt 0.964093 0.586859
vt 0.963715 0.586859
vt 0.964558 0.528900
vt 0.964673 0.571534
vt 0.964695 0.586859
vt 0.964199 0.525645
vt 0.964985 0.525645
vt 0.965383 0.524752
vt 0.966160 0.522884
vt 0.965579 0.522884
vt 0.800348 0.049650
vt 0.800348 0.062768
vt 0.801968 0.047751
vt 0.770938 0.860169
vt 0.746370 0.860169
vt 0.770938 0.852726
vt 0.746370 0.863421
vt 0.770938 0.863421
vt 0.746370 0.852726
vt 0.770938 0.822836
vt 0.746370 0.822836
vt 0.770938 0.819516
vt 0.746370 0.819516
vt 0.169870 0.031140
vt 0.154698 0.031140
vt 0.154699 0.029814
vt 0.169871 0.029824
vt 0.169871 0.029812
vt 0.154699 0.029812
vt 0.269898 0.023834
vt 0.277172 0.021599
vt 0.277172 0.023840
vt 0.262000 0.021569
vt 0.262000 0.023830
vt 0.263335 0.772316
vt 0.263664 0.765121
vt 0.261379 0.778071
vt 0.260955 0.798566
vt 0.249923 0.753133
vt 0.258203 0.737101
vt 0.250957 0.722295
vt 0.269586 0.726011
vt 0.248676 0.715952
vt 0.247876 0.710239
vt 0.248347 0.705983
vt 0.263844 0.719575
vt 0.277163 0.025454
vt 0.261991 0.026779
vt 0.261990 0.025464
vt 0.277163 0.026779
vt 0.261990 0.025451
vt 0.277163 0.025451
vt 0.261488 0.805885
vt 0.782717 0.063389
vt 0.779053 0.065155
vt 0.782067 0.062574
vt 0.778821 0.064138
vt 0.771973 0.062574
vt 0.774986 0.065155
vt 0.771322 0.063389
vt 0.775218 0.064138
vt 0.954927 0.684551
vt 0.970068 0.676290
vt 0.970099 0.684551
vt 0.954895 0.676290
vt 0.073598 0.975831
vt 0.085047 0.924895
vt 0.085047 0.975831
vt 0.085874 0.925226
vt 0.085874 0.975831
vt 0.085874 0.985292
vt 0.085874 0.905837
vt 0.085047 0.985292
vt 0.085874 0.993145
vt 0.157003 0.993145
vt 0.157003 0.985292
vt 0.085047 0.993145
vt 0.073598 0.985292
vt 0.073598 0.993145
vt 0.067311 0.985292
vt 0.067311 0.993145
vt 0.048969 0.985292
vt 0.048969 0.993145
vt 0.048969 0.975831
vt 0.067311 0.975831
vt 0.048969 0.920318
vt 0.021632 0.962221
vt 0.067311 0.920318
vt 0.021632 0.916290
vt 0.006852 0.957432
vt 0.006852 0.914873
vt 0.048969 0.899049
vt 0.241884 0.984971
vt 0.241351 0.992290
vt 0.971031 0.493082
vt 0.966901 0.493082
vt 0.271055 0.771711
vt 0.271914 0.764434
vt 0.280840 0.762495
vt 0.280393 0.768206
vt 0.291543 0.764006
vt 0.281785 0.733803
vt 0.271578 0.749817
vt 0.293077 0.728427
vt 0.307985 0.757801
vt 0.307918 0.728741
vt 0.281763 0.727707
vt 0.261533 0.751355
vt 0.582039 0.028622
vt 0.597211 0.028622
vt 0.597179 0.036883
vt 0.582007 0.036883
vt 0.927850 0.545225
vt 0.950011 0.545225
vt 0.950011 0.548831
vt 0.927850 0.548831
vt 0.927850 0.542784
vt 0.950011 0.542814
vt 0.927850 0.541153
vt 0.950011 0.541153
vt 0.927850 0.539018
vt 0.950011 0.539048
vt 0.927850 0.537547
vt 0.950011 0.537547
vt 0.927850 0.535234
vt 0.950011 0.535234
vt 0.950011 0.534945
vt 0.927850 0.534944
vt 0.238084 0.635531
vt 0.247228 0.634044
vt 0.250108 0.635553
vt 0.245602 0.640377
vt 0.021632 0.898693
vt 0.006852 0.898567
vt 0.021632 0.896986
vt 0.006852 0.896986
vt 0.048969 0.896986
vt 0.067311 0.899049
vt 0.067311 0.896986
vt 0.073598 0.920318
vt 0.073598 0.899049
vt 0.085047 0.905380
vt 0.073598 0.896986
vt 0.070189 0.889995
vt 0.085047 0.903488
vt 0.067311 0.889995
vt 0.085874 0.903958
vt 0.070189 0.881132
vt 0.067311 0.880270
vt 0.070931 0.868176
vt 0.073810 0.869039
vt 0.082065 0.860918
vt 0.081896 0.858084
vt 0.091780 0.858977
vt 0.092451 0.855513
vt 0.102909 0.859573
vt 0.104629 0.856319
vt 0.128495 0.868080
vt 0.130215 0.864826
vt 0.135428 0.875127
vt 0.140623 0.873757
vt 0.138920 0.887959
vt 0.144114 0.887892
vt 0.144167 0.891940
vt 0.138972 0.892007
vt 0.133772 0.901420
vt 0.149609 0.901353
vt 0.151862 0.903159
vt 0.130522 0.903226
vt 0.157018 0.907293
vt 0.123083 0.907360
vt 0.157021 0.908869
vt 0.123086 0.908936
vt 0.123118 0.925187
vt 0.157053 0.925120
vt 0.093211 0.908995
vt 0.093243 0.925246
vt 0.093207 0.907419
vt 0.089924 0.925253
vt 0.089892 0.909001
vt 0.089889 0.907426
vt 0.136905 0.768975
vt 0.118564 0.768975
vt 0.118564 0.747706
vt 0.136905 0.824488
vt 0.118564 0.824488
vt 0.112277 0.768975
vt 0.136905 0.833949
vt 0.112277 0.824488
vt 0.100827 0.773553
vt 0.118564 0.833949
vt 0.136905 0.841802
vt 0.118564 0.841802
vt 0.112277 0.833949
vt 0.112277 0.841802
vt 0.100827 0.824488
vt 0.100000 0.773883
vt 0.100000 0.824488
vt 0.100827 0.833949
vt 0.100000 0.833949
vt 0.100827 0.841802
vt 0.100000 0.841802
vt 0.028871 0.833949
vt 0.028871 0.841802
vt 0.006852 0.833949
vt 0.006852 0.841802
vt 0.787016 0.566307
vt 0.795954 0.564508
vt 0.802188 0.566277
vt 0.802188 0.564505
vt 0.787016 0.564515
vt 0.802188 0.568160
vt 0.787016 0.568190
vt 0.787016 0.573270
vt 0.805086 0.573240
vt 0.787016 0.579924
vt 0.809177 0.579894
vt 0.809177 0.585478
vt 0.787016 0.585508
vt 0.809177 0.590538
vt 0.787016 0.590568
vt 0.809177 0.594305
vt 0.787016 0.594335
vt 0.809177 0.601188
vt 0.787016 0.601218
vt 0.809177 0.601913
vt 0.787016 0.601942
vt 0.809177 0.606548
vt 0.787016 0.606578
vt 0.809177 0.611740
vt 0.787016 0.611770
vt 0.809177 0.616801
vt 0.787016 0.616831
vt 0.809177 0.623209
vt 0.787016 0.623239
vt 0.932173 0.896882
vt 0.910013 0.900506
vt 0.910013 0.896883
vt 0.932173 0.900536
vt 0.910013 0.905698
vt 0.932173 0.905728
vt 0.910013 0.910759
vt 0.932173 0.910789
vt 0.910013 0.917167
vt 0.932173 0.917197
vt 0.787013 0.563786
vt 0.802184 0.563249
vt 0.802185 0.563786
vt 0.787012 0.563249
vt 0.549768 0.415008
vt 0.333360 0.415297
vt 0.333632 0.414922
vt 0.550140 0.415537
vt 0.549707 0.414922
vt 0.551295 0.416270
vt 0.552898 0.417291
vt 0.548296 0.412798
vt 0.548033 0.411468
vt 0.547891 0.410467
vt 0.547861 0.409915
vt 0.547871 0.409680
vt 0.911057 0.065157
vt 0.931965 0.065157
vt 0.911057 0.052672
vt 0.931965 0.052672
vt 0.179022 0.747225
vt 0.179022 0.763530
vt 0.164242 0.747350
vt 0.164242 0.745644
vt 0.179022 0.745644
vt 0.136905 0.745644
vt 0.164242 0.764948
vt 0.179022 0.806089
vt 0.164242 0.810878
vt 0.136905 0.747706
vt 0.118564 0.745644
vt 0.112277 0.745644
vt 0.115686 0.738652
vt 0.118564 0.738652
vt 0.115686 0.729790
vt 0.118564 0.728927
vt 0.114943 0.716834
vt 0.112065 0.717696
vt 0.103810 0.709575
vt 0.103978 0.706741
vt 0.094094 0.707634
vt 0.093424 0.704170
vt 0.082965 0.708231
vt 0.081245 0.704977
vt 0.057379 0.716737
vt 0.055660 0.713483
vt 0.050446 0.723785
vt 0.045251 0.722414
vt 0.046954 0.736617
vt 0.041760 0.736550
vt 0.041708 0.740598
vt 0.046902 0.740665
vt 0.052102 0.750077
vt 0.036266 0.750010
vt 0.034013 0.751816
vt 0.055352 0.751883
vt 0.028856 0.755951
vt 0.062792 0.756018
vt 0.028853 0.757526
vt 0.062789 0.757593
vt 0.062757 0.773845
vt 0.028821 0.773778
vt 0.092664 0.757652
vt 0.092632 0.773903
vt 0.092667 0.756076
vt 0.095951 0.773910
vt 0.095983 0.757659
vt 0.095986 0.756083
vt 0.100000 0.754495
vt 0.100000 0.752615
vt 0.100827 0.754038
vt 0.100827 0.752146
vt 0.112277 0.747706
vt 0.504271 0.245427
vt 0.519425 0.249917
vt 0.504271 0.249917
vt 0.519425 0.245427
vt 0.339950 0.251672
vt 0.559200 0.249917
vt 0.464496 0.249917
vt 0.450189 0.245427
vt 0.464496 0.245427
vt 0.450189 0.249917
vt 0.410414 0.249917
vt 0.617956 0.251672
vt 0.573507 0.249917
vt 0.559200 0.245427
vt 0.573507 0.245427
vt 0.613282 0.249917
vt 0.617956 0.243819
vt 0.613282 0.245427
vt 0.339950 0.243819
vt 0.392728 0.245427
vt 0.410414 0.245427
vt 0.352953 0.245427
vt 0.392728 0.249917
vt 0.352953 0.249917
vt 0.264755 0.821937
vt 0.257237 0.826783
vt 0.252731 0.821958
vt 0.255611 0.820450
vt 0.231784 0.958116
vt 0.222446 0.954612
vt 0.221999 0.948900
vt 0.211296 0.950411
vt 0.230925 0.950840
vt 0.221054 0.920209
vt 0.231261 0.936223
vt 0.209762 0.914832
vt 0.194854 0.944207
vt 0.194920 0.915147
vt 0.221076 0.914113
vt 0.241305 0.937761
vt 0.986950 0.240532
vt 0.987999 0.255706
vt 0.986950 0.255712
vt 0.987999 0.240526
vt 0.906437 0.638277
vt 0.921609 0.638277
vt 0.921608 0.638815
vt 0.906435 0.638815
vt 0.915348 0.639541
vt 0.921605 0.639544
vt 0.906432 0.639534
vt 0.987083 0.062593
vt 0.987083 0.047413
vt 0.988133 0.047418
vt 0.988133 0.062598
vt 0.235809 0.652507
vt 0.250368 0.644741
vt 0.251362 0.649323
vt 0.251181 0.654681
vt 0.262342 0.643080
vt 0.262782 0.647121
vt 0.261581 0.652182
vt 0.987792 0.375779
vt 0.987792 0.365367
vt 0.493410 0.266990
vt 0.507717 0.266990
vt 0.507717 0.271480
vt 0.493410 0.271480
vt 0.339950 0.273236
vt 0.438481 0.266990
vt 0.453635 0.271480
vt 0.453635 0.266990
vt 0.438481 0.271480
vt 0.398706 0.266990
vt 0.398706 0.271480
vt 0.547492 0.271480
vt 0.384399 0.266990
vt 0.384399 0.271480
vt 0.339950 0.265383
vt 0.344624 0.266990
vt 0.344624 0.271480
vt 0.565178 0.271480
vt 0.547492 0.266990
vt 0.604953 0.271480
vt 0.565178 0.266990
vt 0.604953 0.266990
vt 0.014921 0.064906
vt 0.035830 0.064906
vt 0.014921 0.052421
vt 0.035830 0.052421
vt 0.858317 0.141464
vt 0.873923 0.150645
vt 0.858317 0.150645
vt 0.873923 0.141464
vt 0.915310 0.144614
vt 0.915310 0.141464
vt 0.921605 0.641335
vt 0.906432 0.641305
vt 0.906432 0.643188
vt 0.921605 0.643218
vt 0.921605 0.648299
vt 0.903535 0.648269
vt 0.921605 0.654952
vt 0.899444 0.654922
vt 0.899444 0.660506
vt 0.921605 0.660536
vt 0.899444 0.661493
vt 0.921605 0.661494
vt 0.084988 0.389243
vt 0.295689 0.384976
vt 0.295689 0.388787
vt 0.014967 0.389326
vt 0.014967 0.385638
vt 0.295689 0.384903
vt 0.295689 0.379152
vt 0.295418 0.378776
vt 0.014967 0.378776
vt 0.290997 0.372660
vt 0.014967 0.371915
vt 0.287760 0.368183
vt 0.014967 0.366892
vt 0.787013 0.561921
vt 0.802185 0.561921
vt 0.930385 0.359097
vt 0.930385 0.368278
vt 0.914780 0.359097
vt 0.914780 0.368278
vt 0.873393 0.362247
vt 0.873393 0.359097
vt 0.309393 0.386146
vt 0.618050 0.389326
vt 0.309393 0.389326
vt 0.618050 0.386146
vt 0.309393 0.382179
vt 0.618050 0.382179
vt 0.309393 0.378212
vt 0.618050 0.378212
vt 0.309393 0.375031
vt 0.618050 0.375031
vt 0.986200 0.608260
vt 0.986200 0.597848
vt 0.268525 0.833548
vt 0.288762 0.826574
vt 0.298961 0.829087
vt 0.305928 0.831321
vt 0.275325 0.825593
vt 0.276853 0.824088
vt 0.252471 0.831147
vt 0.251477 0.835729
vt 0.251658 0.841087
vt 0.240497 0.829486
vt 0.240056 0.833527
vt 0.241258 0.838588
vt 0.321689 0.567203
vt 0.602456 0.569041
vt 0.321689 0.569041
vt 0.602456 0.567203
vt 0.321689 0.562180
vt 0.602456 0.562180
vt 0.321689 0.555318
vt 0.602456 0.555318
vt 0.321689 0.548456
vt 0.602456 0.548456
vt 0.321689 0.543433
vt 0.602456 0.543433
vt 0.602456 0.541595
vt 0.321689 0.541595
vt 0.921608 0.636949
vt 0.906436 0.636949
vt 0.784313 0.059756
vt 0.785252 0.060208
vt 0.618050 0.354173
vt 0.309393 0.358140
vt 0.309393 0.354173
vt 0.618050 0.358140
vt 0.309393 0.361320
vt 0.618050 0.361320
vt 0.618050 0.350206
vt 0.309393 0.350206
vt 0.618050 0.347025
vt 0.309393 0.347025
vt 0.769726 0.059756
vt 0.768787 0.060208
vt 0.602456 0.514161
vt 0.321689 0.521022
vt 0.321689 0.514161
vt 0.602456 0.521022
vt 0.602456 0.507299
vt 0.321689 0.526045
vt 0.321689 0.507299
vt 0.602456 0.526045
vt 0.602456 0.527884
vt 0.321689 0.527884
vt 0.602456 0.502276
vt 0.321689 0.502276
vt 0.321689 0.500437
vt 0.602456 0.500437
vt 0.254163 0.902358
vt 0.254962 0.896645
vt 0.254492 0.892389
vt 0.238995 0.905981
vt 0.241450 0.899123
vt 0.241474 0.893096
vt 0.239925 0.889157
vt 0.254276 0.888669
vt 0.239035 0.886096
vt 0.241034 0.882706
vt 0.255840 0.884561
vt 0.243584 0.878251
vt 0.257719 0.880105
vt 0.258448 0.875337
vt 0.258355 0.870961
vt 0.227514 0.639187
vt 0.225986 0.637682
vt 0.169871 0.029776
vt 0.154698 0.029804
vt 0.169869 0.029275
vt 0.154696 0.029275
vt 0.154692 0.028765
vt 0.169865 0.028753
vt 0.154691 0.028364
vt 0.169864 0.028600
vt 0.256631 0.638894
vt 0.261990 0.025416
vt 0.277163 0.025443
vt 0.261992 0.024914
vt 0.277165 0.024914
vt 0.277169 0.024405
vt 0.261996 0.024393
vt 0.277170 0.024252
vt 0.261998 0.023995
vt 0.873800 0.010949
vt 0.868233 0.010949
vt 0.873090 0.010239
vt 0.868233 0.010239
vt 0.860461 0.010949
vt 0.860461 0.010239
vt 0.854859 0.010239
vt 0.854149 0.010949
vt 0.246208 0.825300
vt 0.749548 0.125904
vt 0.807477 0.125524
vt 0.807477 0.125904
vt 0.807477 0.123087
vt 0.749548 0.122299
vt 0.807477 0.122299
vt 0.807477 0.119070
vt 0.749548 0.118227
vt 0.807477 0.118227
vt 0.807477 0.114621
vt 0.749548 0.114621
vt 0.877729 0.681545
vt 0.884755 0.687161
vt 0.881670 0.687161
vt 0.897071 0.681668
vt 0.787012 0.844458
vt 0.808030 0.837902
vt 0.811445 0.844458
vt 0.787012 0.837902
vt 0.797581 0.832107
vt 0.805858 0.832977
vt 0.805043 0.824628
vt 0.798016 0.824628
vt 0.806577 0.817295
vt 0.801424 0.813544
vt 0.814574 0.807317
vt 0.813855 0.803935
vt 0.819685 0.803217
vt 0.820404 0.805120
vt 0.763990 0.715623
vt 0.744000 0.715623
vt 0.763990 0.712473
vt 0.744000 0.712473
vt 0.154771 0.270149
vt 0.167092 0.236197
vt 0.167092 0.270149
vt 0.154771 0.236197
vt 0.167092 0.300040
vt 0.142525 0.270149
vt 0.142525 0.236197
vt 0.142525 0.300040
vt 0.154771 0.300040
vt 0.167092 0.303360
vt 0.142525 0.303360
vt 0.154771 0.303360
vt 0.154764 0.307412
vt 0.169463 0.307412
vt 0.140155 0.307412
vt 0.568303 0.028622
vt 0.561277 0.034238
vt 0.548961 0.028745
vt 0.564362 0.034238
vt 0.799386 0.782950
vt 0.820404 0.782950
vt 0.820404 0.789506
vt 0.795970 0.789506
vt 0.809834 0.777155
vt 0.801558 0.778024
vt 0.802373 0.769676
vt 0.809400 0.769676
vt 0.800839 0.762343
vt 0.805991 0.758591
vt 0.792841 0.752365
vt 0.793560 0.748983
vt 0.787730 0.748265
vt 0.787012 0.750168
vt 0.801743 0.047264
vt 0.638575 0.251567
vt 0.652279 0.251567
vt 0.665983 0.251567
vt 0.679687 0.251567
vt 0.693391 0.251567
vt 0.638575 0.220033
vt 0.638575 0.206322
vt 0.428548 0.121792
vt 0.427939 0.121792
vt 0.428142 0.121792
vt 0.950054 0.804284
vt 0.949243 0.804284
vt 0.949446 0.804284
vt 0.949488 0.751310
vt 0.931772 0.137600
vt 0.952680 0.141448
vt 0.931772 0.141448
vt 0.952680 0.137600
vt 0.261389 0.712717
vt 0.261365 0.706691
vt 0.262913 0.702751
vt 0.261804 0.696301
vt 0.263804 0.699690
vt 0.259255 0.691846
vt 0.148316 0.150841
vt 0.145722 0.163106
vt 0.145722 0.153645
vt 0.121025 0.141349
vt 0.121025 0.138258
vt 0.148316 0.169789
vt 0.145722 0.168716
vt 0.161966 0.091933
vt 0.160721 0.094433
vt 0.160721 0.091933
vt 0.161431 0.095143
vt 0.161966 0.095143
vt 0.773308 0.814672
vt 0.744000 0.814672
vt 0.773308 0.803217
vt 0.744000 0.803217
vt 0.744000 0.815499
vt 0.773308 0.815499
vt 0.989688 0.977961
vt 0.988647 0.993145
vt 0.988647 0.977965
vt 0.989696 0.977961
vt 0.989684 0.993141
vt 0.989696 0.993141
vt 0.988133 0.033702
vt 0.987092 0.018519
vt 0.988133 0.018522
vt 0.987083 0.018519
vt 0.987095 0.033699
vt 0.987083 0.033699
vt 0.402284 0.021569
vt 0.423193 0.021569
vt 0.423193 0.025417
vt 0.402284 0.025417
vt 0.947606 0.762552
vt 0.620084 0.331197
vt 0.309393 0.331197
vt 0.309393 0.328556
vt 0.620084 0.333315
vt 0.309393 0.333315
vt 0.620084 0.328556
vt 0.309393 0.325916
vt 0.620084 0.325916
vt 0.309393 0.323798
vt 0.620084 0.323798
vt 0.718794 0.052117
vt 0.718259 0.048934
vt 0.719504 0.051369
vt 0.719504 0.048934
vt 0.718259 0.052117
vt 0.162020 0.169789
vt 0.164614 0.163106
vt 0.164614 0.168716
vt 0.162020 0.150841
vt 0.164614 0.153645
vt 0.189312 0.141349
vt 0.189312 0.138258
vt 0.262366 0.659427
vt 0.309393 0.307970
vt 0.620084 0.307970
vt 0.620084 0.310087
vt 0.309393 0.310087
vt 0.620084 0.305329
vt 0.309393 0.305329
vt 0.620084 0.302689
vt 0.309393 0.302689
vt 0.620084 0.300571
vt 0.309393 0.300571
vt 0.873393 0.317415
vt 0.879016 0.314146
vt 0.876330 0.317415
vt 0.880826 0.314146
vt 0.265517 0.798822
vt 0.265408 0.786907
vt 0.265773 0.806739
vt 0.547887 0.409374
vt 0.548022 0.408418
vt 0.338053 0.408806
vt 0.548057 0.408239
vt 0.548296 0.407338
vt 0.550140 0.405270
vt 0.552006 0.404335
vt 0.341289 0.404329
vt 0.552898 0.403906
vt 0.556153 0.403437
vt 0.614082 0.403037
vt 0.598765 0.403357
vt 0.614082 0.403342
vt 0.160721 0.057817
vt 0.171416 0.057817
vt 0.160721 0.066798
vt 0.171416 0.066798
vt 0.171416 0.053905
vt 0.160721 0.053905
vt 0.240473 0.845832
vt 0.237322 0.985227
vt 0.237431 0.973313
vt 0.237066 0.993145
vt 0.838411 0.081073
vt 0.847948 0.094550
vt 0.838411 0.094550
vt 0.847948 0.081073
vt 0.836529 0.078866
vt 0.849830 0.083308
vt 0.836529 0.096757
vt 0.849830 0.092314
vt 0.851278 0.088777
vt 0.851278 0.086845
vt 0.827552 0.078866
vt 0.827552 0.096757
vt 0.823643 0.080562
vt 0.823643 0.095061
vt 0.821181 0.085996
vt 0.821181 0.089627
vt 0.799861 0.062948
vt 0.266820 0.777920
vt 0.236019 0.964325
vt 0.271761 0.717368
vt 0.746294 0.122144
vt 0.746294 0.118382
vt 0.746294 0.115050
vt 0.231077 0.903774
vt 0.785114 0.056242
vt 0.786157 0.056242
vt 0.785252 0.052275
vt 0.784313 0.052728
vt 0.969250 0.071859
vt 0.973379 0.047413
vt 0.973379 0.071859
vt 0.969250 0.047413
vt 0.768925 0.056242
vt 0.767882 0.056242
vt 0.768787 0.052275
vt 0.769726 0.052728
vt 0.946158 0.759015
vt 0.602456 0.448432
vt 0.321689 0.448432
vt 0.321689 0.444181
vt 0.602456 0.444181
vt 0.602456 0.448846
vt 0.321689 0.444042
vt 0.321689 0.448846
vt 0.321689 0.451543
vt 0.602456 0.451543
vt 0.602456 0.444042
vt 0.321689 0.439930
vt 0.602456 0.439930
vt 0.321689 0.439352
vt 0.602456 0.439352
vt 0.482086 0.131325
vt 0.501512 0.131325
vt 0.482086 0.138373
vt 0.501512 0.138373
vt 0.482086 0.151204
vt 0.501512 0.151204
vt 0.482086 0.155252
vt 0.501512 0.155252
vt 0.479515 0.164665
vt 0.504083 0.164665
vt 0.014921 0.330617
vt 0.295689 0.330617
vt 0.295689 0.333315
vt 0.014921 0.333315
vt 0.295689 0.330203
vt 0.014921 0.330203
vt 0.295689 0.325952
vt 0.014921 0.325952
vt 0.295689 0.325813
vt 0.014921 0.325813
vt 0.295689 0.321701
vt 0.014921 0.321701
vt 0.014921 0.321123
vt 0.295689 0.321123
vt 0.160721 0.068681
vt 0.171416 0.068681
vt 0.160721 0.078223
vt 0.171416 0.078223
vt 0.694297 0.395658
vt 0.700024 0.667403
vt 0.694297 0.668588
vt 0.700024 0.395658
vt 0.705751 0.395658
vt 0.705751 0.668588
vt 0.954895 0.731043
vt 0.959025 0.731043
vt 0.954895 0.737599
vt 0.959025 0.737599
vt 0.959025 0.726118
vt 0.954895 0.726118
vt 0.959025 0.717769
vt 0.954895 0.717769
vt 0.959025 0.710437
vt 0.954895 0.710437
vt 0.959025 0.700458
vt 0.954895 0.700458
vt 0.959025 0.698261
vt 0.954895 0.698261
vt 0.946158 0.757083
vt 0.259068 0.679681
vt 0.258493 0.685588
vt 0.269067 0.690974
vt 0.268244 0.683346
vt 0.269188 0.676017
vt 0.947606 0.753546
vt 0.244346 0.871994
vt 0.243771 0.866086
vt 0.233651 0.862423
vt 0.234595 0.869752
vt 0.233772 0.877380
vt 0.771539 0.058882
vt 0.770937 0.056242
vt 0.771539 0.053601
vt 0.773227 0.061000
vt 0.773227 0.051484
vt 0.771973 0.049910
vt 0.775218 0.048346
vt 0.775666 0.062175
vt 0.775666 0.050309
vt 0.778373 0.062175
vt 0.778821 0.048346
vt 0.778373 0.050309
vt 0.780812 0.061000
vt 0.780812 0.051484
vt 0.782067 0.049910
vt 0.782500 0.058882
vt 0.782500 0.053601
vt 0.783102 0.056242
vt 0.969734 0.177331
vt 0.969734 0.155159
vt 0.971873 0.155159
vt 0.971883 0.177331
vt 0.968688 0.155159
vt 0.968645 0.177331
vt 0.967596 0.177331
vt 0.967640 0.155159
vt 0.966384 0.177331
vt 0.966384 0.155159
vt 0.710051 0.237857
vt 0.711439 0.228514
vt 0.716405 0.227877
vt 0.711902 0.217359
vt 0.748854 0.217359
vt 0.749316 0.228514
vt 0.744350 0.227877
vt 0.750704 0.237857
vt 0.799861 0.049470
vt 0.748854 0.200908
vt 0.744235 0.200907
vt 0.740642 0.198468
vt 0.744235 0.217379
vt 0.716521 0.217379
vt 0.716521 0.200907
vt 0.711902 0.200908
vt 0.720113 0.198468
vt 0.274570 0.697904
vt 0.270730 0.703821
vt 0.272194 0.695323
vt 0.927437 0.381988
vt 0.929838 0.439947
vt 0.927437 0.439947
vt 0.929871 0.381988
vt 0.927666 0.443202
vt 0.929974 0.443202
vt 0.930201 0.444806
vt 0.928320 0.445963
vt 0.930385 0.445963
vt 0.924087 0.439947
vt 0.924087 0.381988
vt 0.924572 0.443202
vt 0.925951 0.445963
vt 0.746294 0.125475
vt 0.985918 0.867693
vt 0.984880 0.867693
vt 0.987078 0.858107
vt 0.987080 0.869021
vt 0.985918 0.859432
vt 0.984869 0.867693
vt 0.984869 0.859432
vt 0.987600 0.872079
vt 0.987080 0.869558
vt 0.986471 0.870288
vt 0.987080 0.858104
vt 0.987600 0.855828
vt 0.987080 0.857567
vt 0.987080 0.858096
vt 0.986655 0.857058
vt 0.986528 0.856905
vt 0.986183 0.856493
vt 0.987600 0.854252
vt 0.895661 0.273278
vt 0.897858 0.282864
vt 0.896821 0.282864
vt 0.895658 0.284192
vt 0.896821 0.274603
vt 0.897870 0.282864
vt 0.897870 0.274603
vt 0.895139 0.287250
vt 0.895658 0.284729
vt 0.896267 0.285458
vt 0.895139 0.270998
vt 0.895658 0.273275
vt 0.895658 0.272738
vt 0.895658 0.273267
vt 0.896084 0.272228
vt 0.896419 0.271827
vt 0.895139 0.269423
vt 0.896555 0.271663
vt 0.746370 0.729334
vt 0.758691 0.729334
vt 0.746370 0.731217
vt 0.758691 0.731217
vt 0.770938 0.729334
vt 0.770938 0.731217
vt 0.749179 0.736298
vt 0.768129 0.736298
vt 0.758683 0.736298
vt 0.749179 0.742951
vt 0.758683 0.742951
vt 0.768129 0.742951
vt 0.758686 0.748535
vt 0.748231 0.748535
vt 0.769076 0.748535
vt 0.750303 0.749782
vt 0.747929 0.749494
vt 0.753652 0.752095
vt 0.758690 0.753596
vt 0.754440 0.753596
vt 0.770674 0.753596
vt 0.755544 0.755701
vt 0.758690 0.757362
vt 0.770674 0.757362
vt 0.755544 0.757362
vt 0.768829 0.764246
vt 0.755544 0.759773
vt 0.758685 0.764246
vt 0.753652 0.763379
vt 0.752397 0.764246
vt 0.758685 0.764970
vt 0.768829 0.764970
vt 0.751348 0.764970
vt 0.758689 0.769606
vt 0.770316 0.769606
vt 0.750303 0.765692
vt 0.746992 0.769606
vt 0.748163 0.765952
vt 0.758691 0.774798
vt 0.770983 0.774798
vt 0.746325 0.774798
vt 0.770743 0.779859
vt 0.746565 0.779859
vt 0.758691 0.779859
vt 0.767684 0.786266
vt 0.749623 0.786266
vt 0.758681 0.786266
vt 0.758699 0.789506
vt 0.773308 0.789506
vt 0.744000 0.789506
vt 0.230645 0.881729
vt 0.228269 0.884310
vt 0.232108 0.890227
vt 0.730378 0.234330
vt 0.730378 0.227664
vt 0.730378 0.217386
vt 0.730378 0.200907
vt 0.730378 0.197613
vt 0.730378 0.196521
vt 0.744235 0.197618
vt 0.716521 0.197618
vt 0.132027 0.650182
vt 0.099923 0.634714
vt 0.124098 0.640234
vt 0.112640 0.634714
vt 0.080536 0.674991
vt 0.088465 0.640234
vt 0.080536 0.650182
vt 0.077706 0.662587
vt 0.112640 0.690459
vt 0.088465 0.684939
vt 0.099923 0.690459
vt 0.124098 0.684939
vt 0.134857 0.662587
vt 0.132027 0.674991
vt 0.716058 0.235211
vt 0.782717 0.049094
vt 0.311547 0.263775
vt 0.326246 0.263775
vt 0.311547 0.273236
vt 0.326246 0.273236
vt 0.296938 0.273236
vt 0.326246 0.213170
vt 0.296938 0.263775
vt 0.311547 0.213170
vt 0.296938 0.213170
vt 0.744697 0.235211
vt 0.771322 0.049094
vt 0.694357 0.683316
vt 0.694357 0.992127
vt 0.698021 0.683316
vt 0.702087 0.683316
vt 0.705751 0.992127
vt 0.705751 0.683316
vt 0.270181 0.710204
vt 0.275744 0.723303
vt 0.619143 0.061524
vt 0.619143 0.039494
vt 0.624767 0.039544
vt 0.624767 0.061716
vt 0.227095 0.909709
vt 0.232658 0.896610
vt 0.473849 0.690699
vt 0.479472 0.712679
vt 0.473849 0.712871
vt 0.479472 0.690649
vt 0.779053 0.047329
vt 0.774986 0.047329
vt 0.859689 0.345386
vt 0.830381 0.345386
vt 0.854748 0.338394
vt 0.835322 0.338394
vt 0.854748 0.329532
vt 0.835322 0.329532
vt 0.854748 0.317438
vt 0.835322 0.317438
vt 0.701855 0.682299
vt 0.698253 0.682299
vt 0.743535 0.116273
vt 0.743535 0.118823
vt 0.423398 0.081309
vt 0.430074 0.083334
vt 0.423398 0.085821
vt 0.430074 0.081309
vt 0.430074 0.068824
vt 0.423398 0.068824
vt 0.420795 0.081973
vt 0.420795 0.085821
vt 0.414080 0.081309
vt 0.414080 0.068824
vt 0.415789 0.081973
vt 0.406511 0.081309
vt 0.406511 0.068824
vt 0.406511 0.083334
vt 0.414080 0.085821
vt 0.415789 0.085821
vt 0.746802 0.698572
vt 0.746802 0.387726
vt 0.749241 0.387726
vt 0.749241 0.698572
vt 0.744095 0.698572
vt 0.744095 0.387726
vt 0.741656 0.387726
vt 0.741656 0.698572
vt 0.068716 0.093700
vt 0.067850 0.089828
vt 0.070284 0.089532
vt 0.073634 0.087219
vt 0.078635 0.086838
vt 0.073833 0.086838
vt 0.075112 0.084401
vt 0.075525 0.083613
vt 0.075525 0.080384
vt 0.074387 0.094795
vt 0.071794 0.097389
vt 0.074863 0.094667
vt 0.078635 0.093656
vt 0.082408 0.094667
vt 0.082884 0.094795
vt 0.088554 0.093700
vt 0.085476 0.097389
vt 0.090089 0.086838
vt 0.088554 0.079977
vt 0.084362 0.074954
vt 0.078635 0.073115
vt 0.075525 0.079541
vt 0.073634 0.075935
vt 0.072908 0.074954
vt 0.073255 0.075674
vt 0.072654 0.075258
vt 0.842306 0.435598
vt 0.842720 0.436012
vt 0.839746 0.438070
vt 0.845416 0.438710
vt 0.843938 0.443093
vt 0.845978 0.438860
vt 0.849665 0.439849
vt 0.849665 0.444932
vt 0.855392 0.443093
vt 0.853352 0.438860
vt 0.853914 0.438710
vt 0.859584 0.438070
vt 0.856610 0.436012
vt 0.857024 0.435598
vt 0.861119 0.431208
vt 0.858162 0.431347
vt 0.858125 0.431208
vt 0.857024 0.427097
vt 0.859584 0.424347
vt 0.856445 0.426518
vt 0.853914 0.423985
vt 0.855392 0.419324
vt 0.853234 0.423803
vt 0.849665 0.422846
vt 0.849665 0.417485
vt 0.843938 0.419324
vt 0.846096 0.423803
vt 0.845416 0.423985
vt 0.839746 0.424347
vt 0.842885 0.426518
vt 0.842306 0.427097
vt 0.838211 0.431208
vt 0.841205 0.431208
vt 0.841168 0.431347
vt 0.819091 0.964168
vt 0.819091 0.991490
vt 0.805234 0.964148
vt 0.805234 0.991903
vt 0.800615 0.993145
vt 0.800615 0.964085
vt 0.832948 0.964148
vt 0.832948 0.991903
vt 0.837567 0.993145
vt 0.837567 0.964085
vt 0.140985 0.033634
vt 0.130290 0.033634
vt 0.140985 0.031702
vt 0.130290 0.031702
vt 0.130290 0.037171
vt 0.140985 0.028165
vt 0.140985 0.037171
vt 0.130290 0.039407
vt 0.140985 0.039407
vt 0.130290 0.028165
vt 0.140985 0.025929
vt 0.130290 0.025929
vt 0.727391 0.417664
vt 0.723704 0.698572
vt 0.723704 0.417664
vt 0.720016 0.417664
vt 0.727391 0.698572
vt 0.727952 0.417664
vt 0.727952 0.698572
vt 0.720016 0.698572
vt 0.719455 0.417664
vt 0.719455 0.698572
vt 0.472038 0.714999
vt 0.464790 0.712871
vt 0.464796 0.714999
vt 0.472038 0.993145
vt 0.457598 0.714999
vt 0.455787 0.712871
vt 0.464796 0.993145
vt 0.457598 0.993145
vt 0.453102 0.992953
vt 0.453102 0.714808
vt 0.476534 0.992953
vt 0.476534 0.714808
vt 0.197776 0.307412
vt 0.197776 0.236247
vt 0.212474 0.236247
vt 0.212474 0.307412
vt 0.183167 0.236247
vt 0.183167 0.307412
vt 0.743535 0.121702
vt 0.822881 0.623239
vt 0.842306 0.614979
vt 0.842306 0.623239
vt 0.822881 0.614979
vt 0.842306 0.605259
vt 0.822881 0.605259
vt 0.842306 0.594124
vt 0.822881 0.594124
vt 0.842306 0.568526
vt 0.822881 0.568526
vt 0.768775 0.305912
vt 0.774782 0.306809
vt 0.775075 0.312345
vt 0.803420 0.306809
vt 0.809427 0.305912
vt 0.803127 0.312345
vt 0.768975 0.312121
vt 0.387090 0.612561
vt 0.387090 0.614873
vt 0.372158 0.615468
vt 0.372563 0.612886
vt 0.373171 0.608537
vt 0.387090 0.608247
vt 0.373373 0.600910
vt 0.387090 0.600162
vt 0.373170 0.593580
vt 0.387090 0.592359
vt 0.809227 0.312121
vt 0.926900 0.957191
vt 0.926900 0.936272
vt 0.933576 0.936272
vt 0.933576 0.957191
vt 0.917582 0.957191
vt 0.917582 0.936272
vt 0.910013 0.957191
vt 0.910013 0.936272
vt 0.873800 0.011485
vt 0.868233 0.011485
vt 0.860461 0.011485
vt 0.854149 0.011485
vt 0.836257 0.359097
vt 0.859689 0.359097
vt 0.836257 0.398891
vt 0.859689 0.398891
vt 0.837687 0.512148
vt 0.861119 0.512148
vt 0.837687 0.551943
vt 0.861119 0.551943
vt 0.764408 0.142039
vt 0.787840 0.142039
vt 0.764408 0.181834
vt 0.787840 0.181834
vt 0.830024 0.694759
vt 0.853456 0.694759
vt 0.830024 0.734554
vt 0.853456 0.734554
vt 0.442379 0.131325
vt 0.465811 0.131325
vt 0.442379 0.171119
vt 0.465811 0.171119
vt 0.615342 0.202734
vt 0.624863 0.202734
vt 0.615342 0.218347
vt 0.624863 0.218347
vt 0.605897 0.218347
vt 0.624863 0.161326
vt 0.605897 0.202734
vt 0.615342 0.161326
vt 0.605897 0.161326
vt 0.572203 0.161326
vt 0.592193 0.161326
vt 0.572203 0.176939
vt 0.592193 0.176939
vt 0.572203 0.218347
vt 0.592193 0.218347
vt 0.478484 0.057953
vt 0.484051 0.059642
vt 0.478484 0.061716
vt 0.484051 0.057953
vt 0.484051 0.047541
vt 0.478484 0.047541
vt 0.477818 0.058507
vt 0.477818 0.061716
vt 0.476305 0.057977
vt 0.470713 0.057953
vt 0.472147 0.057977
vt 0.470713 0.058479
vt 0.470713 0.047541
vt 0.470633 0.058507
vt 0.464400 0.057953
vt 0.464400 0.047541
vt 0.464400 0.059642
vt 0.470633 0.061690
vt 0.401010 0.608537
vt 0.401011 0.593580
vt 0.400808 0.600910
vt 0.401617 0.612886
vt 0.402022 0.615468
vt 0.743535 0.124252
vt 0.969327 0.255712
vt 0.969327 0.236360
vt 0.973246 0.236360
vt 0.973246 0.255712
vt 0.776187 0.321108
vt 0.770503 0.321108
vt 0.777451 0.330095
vt 0.772865 0.333023
vt 0.778697 0.341531
vt 0.774118 0.340940
vt 0.697093 0.133678
vt 0.683965 0.134516
vt 0.683320 0.128133
vt 0.697093 0.127176
vt 0.684189 0.141680
vt 0.697093 0.140944
vt 0.697093 0.146712
vt 0.683684 0.147615
vt 0.800751 0.330095
vt 0.805337 0.333023
vt 0.799505 0.341531
vt 0.804084 0.340940
vt 0.807699 0.321108
vt 0.802015 0.321108
vt 0.710865 0.128133
vt 0.710221 0.134516
vt 0.709996 0.141680
vt 0.710502 0.147615
vt 0.869674 0.615927
vt 0.869674 0.622747
vt 0.856010 0.623239
vt 0.856985 0.616575
vt 0.857756 0.609331
vt 0.869674 0.603536
vt 0.869674 0.608498
vt 0.882363 0.616575
vt 0.883337 0.623239
vt 0.881591 0.609331
vt 0.290743 0.297145
vt 0.289259 0.299377
vt 0.289022 0.299213
vt 0.291324 0.297547
vt 0.292662 0.300096
vt 0.289983 0.300757
vt 0.984432 0.205715
vt 0.987941 0.205715
vt 0.987941 0.208310
vt 0.981013 0.208310
vt 0.981013 0.205715
vt 0.789101 0.321108
vt 0.789101 0.312420
vt 0.789101 0.307108
vt 0.789101 0.341727
vt 0.521206 0.164665
vt 0.517787 0.161574
vt 0.524715 0.161574
vt 0.517787 0.164665
vt 0.524715 0.164665
vt 0.364701 0.593840
vt 0.372154 0.588580
vt 0.402027 0.588580
vt 0.409480 0.593840
vt 0.858013 0.604270
vt 0.857524 0.600229
vt 0.869674 0.599676
vt 0.289983 0.302315
vt 0.291324 0.305525
vt 0.289259 0.303695
vt 0.292662 0.302976
vt 0.881334 0.604270
vt 0.881823 0.600229
vt 0.365148 0.021569
vt 0.388580 0.021569
vt 0.365148 0.026059
vt 0.388580 0.026059
vt 0.287977 0.304580
vt 0.288956 0.307161
vt 0.288270 0.300114
vt 0.288225 0.300293
vt 0.682161 0.122216
vt 0.697093 0.123700
vt 0.697093 0.121621
vt 0.712025 0.122216
vt 0.286757 0.306883
vt 0.286890 0.307412
vt 0.286736 0.306797
vt 0.287211 0.304673
vt 0.287856 0.301791
vt 0.287732 0.302342
vt 0.287908 0.301556
vt 0.287985 0.301250
vt 0.287508 0.303343
vt 0.387090 0.588890
vt 0.387090 0.587590
vt 0.010892 0.014026
vt 0.034324 0.014026
vt 0.010892 0.018516
vt 0.034324 0.018516
vt 0.971023 0.993145
vt 0.974943 0.993145
vt 0.328012 0.021569
vt 0.351444 0.021569
vt 0.328012 0.026059
vt 0.351444 0.026059
vt 0.290876 0.021569
vt 0.314308 0.021569
vt 0.290876 0.026059
vt 0.314308 0.026059
vt 0.963758 0.888070
vt 0.973280 0.888070
vt 0.963758 0.888820
vt 0.973273 0.889473
vt 0.966277 0.889754
vt 0.973270 0.891220
vt 0.980206 0.889754
vt 0.982725 0.888820
vt 0.982725 0.888070
vt 0.183617 0.019247
vt 0.207049 0.019247
vt 0.183617 0.023737
vt 0.207049 0.023737
s 1
usemtl 3ag3741Mtl
f 1/1/1 2/2/2 3/3/2
f 4/4/2 3/3/2 2/2/2
f 1/1/1 3/3/2 5/5/1
f 3/3/2 4/4/2 6/6/2
f 7/7/2 1/1/1 5/5/1
f 4/4/2 8/8/1 6/6/2
f 1/1/1 7/7/2 9/9/2
f 8/8/1 4/4/2 10/10/1
f 7/7/2 11/11/2 9/9/2
f 10/10/1 12/12/2 8/8/1
f 11/11/2 7/7/2 13/13/2
f 12/12/2 10/10/1 14/14/2
f 15/15/1 11/11/2 13/13/2
f 14/14/2 16/16/1 12/12/2
f 11/11/2 15/15/1 17/17/1
f 16/16/1 14/14/2 18/18/1
f 17/17/1 15/15/1 19/19/2
f 18/18/1 20/20/2 16/16/1
f 21/21/2 17/17/1 19/19/2
f 20/20/2 18/18/1 22/22/2
f 23/23/1 21/21/2 19/19/2
f 22/22/2 24/24/2 20/20/2
f 25/25/1 21/21/2 23/23/1
f 22/22/2 26/26/2 24/24/2
f 27/27/2 25/25/1 23/23/1
f 28/28/2 24/24/2 26/26/2
f 25/25/1 27/27/2 28/28/2
f 24/24/2 28/28/2 27/27/2
f 29/29/3 30/30/4 31/31/1
f 30/30/4 32/32/1 31/31/1
f 29/29/3 31/31/1 33/33/1
f 30/30/4 29/29/3 34/34/5
f 35/35/4 29/29/3 33/33/1
f 36/36/6 34/34/5 29/29/3
f 37/37/6 29/29/3 35/35/4
f 29/29/3 37/37/6 36/36/6
f 38/38/2 39/39/7 40/40/1
f 38/38/2 41/41/8 39/39/7
f 42/42/7 41/41/8 38/38/2
f 41/41/8 42/42/7 43/43/8
f 38/38/2 44/44/2 42/42/7
f 42/42/7 44/44/2 45/45/9
f 44/44/2 46/46/1 45/45/9
f 47/47/2 46/46/1 44/44/2
f 48/48/2 46/46/1 47/47/2
f 47/47/2 49/49/10 48/48/2
f 47/47/2 50/50/11 49/49/10
f 51/51/8 47/47/2 52/52/2
f 47/47/2 51/51/8 53/53/12
f 47/47/2 53/53/12 54/54/2
f 54/54/2 53/53/12 55/55/2
f 56/50/13 57/47/13 58/54/13
f 59/56/2 60/57/8 61/58/8
f 59/56/2 62/59/2 60/57/8
f 62/59/2 59/56/2 63/60/2
f 63/60/2 64/61/2 62/59/2
f 63/60/2 65/62/1 64/61/2
f 65/62/1 63/60/2 66/63/1
f 66/63/1 67/64/1 65/62/1
f 65/62/1 67/64/1 68/65/1
f 69/66/1 68/65/1 67/64/1
f 67/64/1 70/67/1 69/66/1
f 69/66/1 70/67/1 71/68/1
f 72/69/1 71/68/1 70/67/1
f 73/70/1 72/69/1 70/67/1
f 72/69/1 73/70/1 74/71/1
f 73/70/1 75/72/1 74/71/1
f 76/73/1 75/72/1 73/70/1
f 76/73/1 73/70/1 77/74/1
f 77/74/1 78/75/1 76/73/1
f 77/74/1 79/76/2 78/75/1
f 79/76/2 77/74/1 80/77/1
f 80/77/1 81/78/2 79/76/2
f 80/77/1 82/79/1 81/78/2
f 82/79/1 80/77/1 83/80/1
f 83/80/1 84/81/2 82/79/1
f 84/81/2 85/82/2 82/79/1
f 86/83/2 85/82/2 84/81/2
f 87/84/2 86/83/2 84/81/2
f 86/83/2 87/84/2 88/85/12
f 89/86/12 88/85/12 87/84/2
f 90/87/2 89/86/12 87/84/2
f 89/86/12 90/87/2 91/88/14
f 92/89/14 91/88/14 90/87/2
f 90/87/2 61/58/8 92/89/14
f 90/87/2 59/56/2 61/58/8
f 93/90/2 94/91/2 95/92/2
f 94/91/2 93/90/2 96/93/2
f 97/94/2 96/93/2 93/90/2
f 96/93/2 97/94/2 98/95/1
f 98/95/1 99/96/2 96/93/2
f 100/97/2 96/93/2 99/96/2
f 96/93/2 100/97/2 94/91/2
f 101/98/2 94/91/2 100/97/2
f 102/99/2 103/100/2 104/101/2
f 105/102/2 104/101/2 103/100/2
f 106/103/15 107/104/16 108/105/16
f 107/104/16 106/103/15 109/106/15
f 110/107/17 111/108/18 112/14/17
f 112/14/17 111/108/18 113/18/19
f 114/10/20 115/109/21 116/110/20
f 115/109/21 114/10/20 117/4/22
f 118/111/23 119/18/24 120/108/25
f 119/18/24 118/111/23 121/22/26
f 122/112/27 123/4/28 124/2/27
f 123/4/28 122/112/27 125/109/29
f 126/52/30 127/47/30 128/113/31
f 129/114/32 128/113/31 127/47/30
f 128/113/31 129/114/32 130/115/30
f 131/116/31 129/114/32 127/47/30
f 130/115/30 129/114/32 132/117/30
f 133/118/32 129/114/32 131/116/31
f 132/117/30 129/114/32 134/119/30
f 135/44/30 129/114/32 133/118/32
f 134/119/30 129/114/32 136/120/30
f 136/120/30 129/114/32 137/121/32
f 138/38/30 129/114/32 135/44/30
f 137/121/32 129/114/32 139/122/32
f 138/38/30 139/122/32 129/114/32
f 139/122/32 138/38/30 140/40/32
f 141/123/33 142/22/34 143/111/35
f 142/22/34 141/123/33 144/26/33
f 145/124/36 144/26/33 141/123/33
f 144/26/33 145/124/36 146/28/36
f 147/2/37 148/1/38 149/125/39
f 149/125/39 150/112/37 147/2/37
f 151/126/40 149/125/39 148/1/38
f 148/1/38 152/9/41 151/126/40
f 153/127/1 154/128/1 155/129/1
f 156/130/1 155/129/1 154/128/1
f 157/131/42 158/28/43 159/124/44
f 158/28/43 157/131/42 160/25/42
f 161/9/45 162/132/46 163/126/47
f 162/132/46 161/9/45 164/11/48
f 165/133/49 166/134/50 167/135/51
f 168/136/52 169/133/53 167/135/51
f 170/133/54 171/136/55 172/137/56
f 173/138/57 174/133/58 172/137/59
f 175/131/60 176/21/61 177/25/60
f 176/21/61 175/131/60 178/139/62
f 179/17/63 180/132/64 181/11/65
f 180/132/64 179/17/63 182/140/66
f 183/141/67 184/142/68 185/143/67
f 184/142/68 183/141/67 186/144/68
f 187/134/69 188/145/70 189/135/51
f 190/146/71 191/138/72 192/137/73
f 193/147/74 194/148/75 195/135/76
f 196/149/77 197/150/78 198/137/73
f 199/145/79 200/147/80 201/135/81
f 202/150/82 203/146/71 204/137/73
f 205/151/83 206/152/84 207/153/85
f 208/152/86 209/154/87 207/153/85
f 210/154/88 211/152/84 212/155/69
f 213/152/84 214/151/83 212/155/69
f 215/156/89 216/157/90 217/158/89
f 216/157/90 215/156/89 218/159/91
f 217/158/89 219/160/92 215/156/89
f 219/160/92 217/158/89 220/161/92
f 221/162/1 222/163/1 223/164/1
f 224/165/1 223/164/1 222/163/1
f 225/151/93 226/166/94 227/167/95
f 228/168/96 225/151/93 227/167/95
f 225/151/93 228/168/96 229/155/97
f 226/166/94 230/169/98 227/167/95
f 230/169/98 231/170/99 227/167/95
f 226/166/94 225/151/93 232/171/100
f 230/169/98 226/166/94 232/171/100
f 233/172/101 234/173/102 235/174/103
f 236/175/104 233/172/101 235/174/103
f 233/172/101 236/175/104 237/171/105
f 238/176/106 233/172/107 239/171/108
f 240/177/109 238/176/106 239/171/108
f 240/177/109 241/178/110 242/153/85
f 243/178/111 240/177/112 244/171/108
f 245/179/113 246/136/114 247/180/115
f 248/136/114 249/148/116 247/180/117
f 250/148/118 248/136/119 251/135/51
f 252/181/120 245/179/113 247/180/115
f 253/182/121 252/181/120 247/180/115
f 252/181/120 254/182/122 255/183/123
f 256/184/124 257/181/120 255/183/123
f 258/136/125 245/179/126 259/185/127
f 245/179/126 260/181/128 259/185/127
f 260/181/128 261/186/129 259/185/127
f 262/149/130 263/136/125 259/185/131
f 263/136/132 264/149/133 265/137/134
f 266/186/129 260/181/128 267/187/135
f 268/181/136 269/184/137 267/187/135
f 225/151/93 270/178/111 232/171/100
f 270/178/111 225/151/93 271/153/85
f 272/175/138 230/169/98 232/171/100
f 231/170/99 230/169/98 273/188/139
f 230/169/98 272/175/138 274/174/140
f 230/169/98 275/189/141 273/188/139
f 275/189/141 230/169/98 274/174/140
f 275/189/141 276/190/142 273/188/139
f 276/190/142 275/189/141 274/174/140
f 276/190/142 277/191/143 273/188/139
f 278/192/144 276/190/142 274/174/140
f 277/191/143 276/190/142 279/193/145
f 276/190/142 278/192/144 280/194/146
f 276/190/142 281/195/147 279/193/145
f 281/195/147 276/190/142 280/194/146
f 281/195/147 282/196/148 279/193/145
f 282/196/148 283/197/149 279/193/145
f 284/196/150 281/195/147 280/194/146
f 285/198/151 284/196/150 280/194/146
f 286/197/152 287/199/153 279/193/154
f 288/200/155 289/198/156 280/194/157
f 287/199/153 290/191/158 291/193/145
f 290/191/158 287/199/153 292/188/139
f 287/199/153 293/201/159 292/188/139
f 294/201/160 295/202/161 292/188/139
f 295/202/161 296/170/99 292/188/139
f 296/170/99 295/202/161 297/167/162
f 295/202/163 298/203/164 299/167/165
f 298/203/164 300/204/166 299/167/165
f 300/204/167 301/168/96 302/167/168
f 303/168/169 300/204/166 304/155/69
f 305/192/170 288/200/171 306/194/172
f 288/200/171 305/192/170 235/174/103
f 307/173/173 288/200/171 235/174/103
f 308/205/174 309/206/175 310/207/176
f 311/208/177 308/205/174 310/207/176
f 308/205/174 311/208/177 312/183/178
f 313/209/179 308/205/174 312/183/178
f 314/210/180 313/209/181 315/183/178
f 316/206/182 317/211/183 310/207/184
f 317/211/183 318/212/185 310/207/184
f 317/211/183 319/213/186 318/212/185
f 320/182/187 321/210/188 315/183/189
f 321/210/188 320/182/187 322/180/190
f 323/214/191 321/210/188 322/180/190
f 324/147/192 323/214/191 322/180/190
f 325/148/193 326/147/192 322/180/194
f 319/213/186 327/215/195 328/212/196
f 319/213/186 329/216/197 327/215/195
f 329/216/197 330/217/198 327/215/195
f 331/218/199 332/208/200 333/207/201
f 332/208/200 331/218/199 334/183/202
f 331/218/199 335/184/203 334/183/202
f 336/219/204 331/218/199 333/207/201
f 337/220/203 336/219/204 333/207/201
f 338/212/205 337/220/203 333/207/201
f 339/215/206 337/220/203 338/212/205
f 340/221/207 337/220/124 341/215/208
f 342/222/209 340/221/207 341/215/208
f 342/222/209 341/215/208 343/223/210
f 342/222/209 343/223/210 344/224/211
f 345/225/212 342/222/209 344/224/211
f 346/226/213 345/225/212 344/224/211
f 347/227/214 346/226/213 344/224/211
f 348/228/215 346/226/213 347/227/214
f 349/229/216 348/228/215 347/227/214
f 348/228/215 349/229/216 350/230/217
f 351/231/218 348/228/215 350/230/217
f 352/232/219 351/231/218 350/230/217
f 353/233/220 354/234/221 355/187/222
f 356/235/223 353/233/220 355/187/222
f 354/234/221 357/236/224 358/187/225
f 353/233/220 356/235/223 359/237/226
f 360/238/227 353/233/220 359/237/226
f 361/236/224 362/186/228 358/187/225
f 362/186/228 361/236/224 363/185/229
f 361/236/224 364/239/230 363/185/229
f 364/239/230 365/150/231 363/185/229
f 366/150/232 367/149/233 363/185/234
f 368/240/235 369/238/227 359/237/236
f 370/241/237 368/240/235 359/237/236
f 371/242/238 368/240/235 370/241/237
f 372/243/239 371/242/238 373/241/237
f 374/244/240 371/242/238 372/243/239
f 375/245/241 374/244/240 372/243/239
f 376/218/242 377/219/243 378/237/244
f 377/219/243 379/220/245 378/237/244
f 380/235/246 376/218/242 378/237/244
f 376/218/242 380/235/246 381/187/135
f 382/184/137 376/218/242 381/187/135
f 379/220/245 383/241/247 378/237/244
f 379/220/245 384/243/248 383/241/247
f 379/220/245 385/221/128 384/243/248
f 385/221/128 386/222/249 387/243/250
f 387/243/250 386/222/249 388/246/251
f 388/246/251 386/222/249 389/247/252
f 386/222/249 390/225/253 389/247/252
f 390/225/253 391/226/213 389/247/252
f 391/226/213 392/248/254 389/247/252
f 391/226/213 393/228/255 392/248/254
f 393/228/255 394/249/256 392/248/254
f 394/249/256 393/228/255 395/250/257
f 393/228/255 396/231/258 395/250/257
f 396/231/258 397/232/259 395/250/257
f 398/251/1 399/252/1 400/253/1
f 401/254/1 400/253/1 399/252/1
f 402/255/260 403/256/261 404/257/262
f 403/256/261 405/258/263 404/257/262
f 406/259/264 402/255/260 404/257/262
f 402/255/260 406/259/264 407/260/265
f 408/261/242 402/255/266 409/260/265
f 410/262/267 408/261/242 409/260/265
f 411/263/268 410/262/267 409/260/265
f 410/262/267 411/263/268 412/264/269
f 413/265/270 410/262/267 412/264/269
f 414/255/271 415/266/272 416/267/273
f 415/266/272 414/255/271 417/268/274
f 418/256/261 414/255/271 416/267/273
f 419/258/263 418/256/261 416/267/273
f 414/255/271 420/261/275 421/268/274
f 420/261/275 422/262/276 421/268/274
f 422/262/276 423/269/277 421/268/274
f 423/269/277 422/262/276 424/270/278
f 422/262/276 425/265/279 424/270/278
f 426/271/280 427/272/281 428/260/282
f 429/273/283 430/263/284 428/260/285
f 427/272/286 431/273/283 432/260/285
f 430/263/287 431/273/283 433/264/288
f 431/273/283 434/274/289 433/264/288
f 435/259/290 436/271/291 432/260/285
f 436/271/291 435/259/290 437/257/292
f 438/275/293 436/271/291 437/257/292
f 439/276/294 438/275/293 437/257/292
f 440/277/295 441/278/295 442/279/296
f 443/280/297 442/279/296 441/278/295
f 443/280/297 444/281/298 442/279/296
f 444/281/298 443/280/297 445/282/298
f 446/283/299 442/279/296 444/281/298
f 441/278/295 447/284/295 443/280/297
f 442/279/296 446/283/299 448/285/300
f 442/279/296 448/285/300 440/277/295
f 449/286/298 448/285/300 446/283/299
f 448/285/300 449/286/298 450/287/300
f 450/287/300 451/288/295 448/285/300
f 440/277/295 448/285/300 451/288/295
f 451/288/295 452/289/301 440/277/295
f 453/290/302 440/277/295 452/289/301
f 441/278/295 440/277/295 453/290/302
f 452/289/301 454/291/303 453/290/302
f 455/292/304 453/290/302 454/291/303
f 453/290/302 456/293/305 441/278/295
f 456/293/305 453/290/302 455/292/304
f 447/284/295 441/278/295 456/293/305
f 455/292/304 457/294/303 456/293/305
f 456/293/305 458/295/306 447/284/295
f 458/295/306 456/293/305 457/294/303
f 457/294/303 459/296/303 458/295/306
f 460/297/307 461/298/308 462/267/309
f 461/298/308 463/299/310 462/267/309
f 464/266/311 460/297/307 462/267/309
f 460/297/307 464/266/311 465/268/312
f 466/300/313 467/301/314 465/268/315
f 467/301/316 468/297/307 469/268/317
f 470/269/318 471/300/319 469/268/317
f 466/300/320 470/269/321 472/270/322
f 473/302/323 466/300/320 472/270/322
f 474/303/324 475/304/325 476/227/326
f 474/303/324 476/227/326 477/224/327
f 478/305/328 474/303/324 477/224/327
f 479/306/329 478/305/328 480/224/327
f 481/223/330 479/306/329 480/224/327
f 482/217/331 479/306/332 483/223/330
f 484/215/333 482/217/331 481/223/334
f 485/307/335 486/308/336 487/247/337
f 488/248/338 485/307/335 487/247/337
f 489/309/339 485/307/335 488/248/338
f 486/308/340 490/310/341 491/247/337
f 490/310/341 492/246/342 491/247/337
f 493/245/343 494/243/344 492/246/342
f 490/310/345 493/245/241 495/246/342
f 496/311/346 497/312/347 498/313/346
f 497/312/347 496/311/346 499/314/347
f 500/315/348 501/316/349 502/317/350
f 503/318/348 502/317/350 501/316/349
f 504/319/351 505/232/219 506/230/352
f 505/232/219 504/319/351 507/320/353
f 508/321/354 509/314/347 510/322/355
f 509/314/347 508/321/354 511/312/347
f 512/232/259 513/323/356 514/250/357
f 513/323/356 512/232/259 515/324/358
f 516/258/263 517/325/359 518/257/360
f 517/325/359 516/258/263 519/320/353
f 520/258/263 521/326/361 522/324/358
f 521/326/361 520/258/263 523/267/362
f 524/304/325 525/229/363 526/227/326
f 525/229/364 527/304/365 528/230/366
f 527/304/365 529/327/367 528/230/366
f 529/327/367 530/328/368 528/230/366
f 531/309/369 532/249/370 533/250/371
f 534/329/372 531/309/369 533/250/371
f 535/330/373 534/329/372 533/250/371
f 532/249/374 536/309/339 537/248/338
f 538/276/294 539/325/375 540/320/376
f 539/325/375 538/276/294 541/257/377
f 542/258/378 543/331/379 544/320/380
f 543/331/381 545/232/219 546/320/353
f 547/299/382 548/326/383 549/267/384
f 548/326/383 547/299/382 550/324/385
f 551/232/386 552/331/387 553/324/388
f 552/331/379 554/258/389 555/324/390
f 556/328/368 557/276/294 558/320/391
f 559/299/382 560/330/392 561/324/393
f 562/332/394 563/333/395 564/334/396
f 563/333/395 565/335/397 564/334/396
f 566/336/398 562/332/394 564/334/396
f 567/337/399 562/332/394 568/336/398
f 569/338/400 567/337/399 568/336/398
f 570/319/401 571/328/368 572/320/402
f 571/328/368 570/319/401 573/230/403
f 574/339/404 575/338/400 576/340/405
f 577/341/406 578/342/407 579/343/408
f 580/344/409 577/341/406 579/343/408
f 581/345/410 580/344/409 579/343/408
f 577/341/406 582/346/411 583/342/407
f 582/346/411 584/347/319 583/342/407
f 585/323/412 586/330/392 587/250/413
f 586/330/392 585/323/412 588/324/393
f 589/347/414 590/348/415 591/349/416
f 592/340/417 593/338/418 594/336/398
f 595/350/419 596/351/420 597/352/421
f 596/351/420 598/353/422 597/352/421
f 598/353/422 599/354/423 597/352/421
f 599/354/423 598/353/422 600/355/424
f 598/353/422 601/356/425 600/355/424
f 601/356/426 602/357/192 603/355/427
f 602/357/192 604/358/428 603/355/427
f 605/359/429 595/350/430 606/352/431
f 607/360/432 595/350/430 605/359/429
f 608/361/433 609/360/434 605/359/435
f 610/362/436 608/361/433 605/359/435
f 608/361/433 610/362/436 611/363/437
f 612/364/438 608/361/433 611/363/437
f 613/347/319 614/349/439 615/342/407
f 616/335/440 617/365/441 618/334/442
f 617/365/441 616/335/440 619/366/443
f 620/367/444 621/368/445 622/369/446
f 620/367/444 623/370/447 621/368/445
f 624/371/448 620/367/444 625/369/449
f 626/372/450 624/371/448 625/369/449
f 627/373/451 626/372/450 625/369/449
f 626/372/450 627/373/451 628/374/452
f 629/375/453 626/372/450 628/374/452
f 630/376/454 629/375/455 631/374/456
f 632/377/457 633/376/458 631/374/452
f 634/370/459 635/378/460 621/368/461
f 635/378/460 636/379/462 621/368/461
f 636/379/462 635/378/460 637/380/463
f 635/378/460 638/381/464 637/380/463
f 638/381/464 639/382/465 637/380/463
f 638/381/464 640/383/466 639/382/465
f 641/345/410 642/384/467 643/385/468
f 642/384/467 641/345/410 644/343/469
f 645/386/470 646/387/470 647/388/471
f 646/387/470 645/386/470 648/389/472
f 649/390/472 648/389/472 645/386/470
f 650/391/471 647/388/471 646/387/470
f 647/388/471 650/391/471 651/392/473
f 652/393/474 651/392/473 650/391/471
f 653/394/92 654/395/475 655/396/475
f 654/395/475 653/394/92 656/397/92
f 657/398/476 658/399/92 659/400/92
f 658/399/92 657/398/476 660/401/476
f 661/402/92 662/403/475 663/404/475
f 662/403/475 661/402/92 664/405/92
f 665/406/477 666/407/478 667/408/479
f 666/407/478 665/406/477 668/409/477
f 669/410/477 670/411/477 671/412/477
f 670/411/477 669/410/477 672/413/477
f 673/414/480 674/415/481 675/416/482
f 674/415/481 673/414/480 676/417/480
f 677/418/92 678/419/92 679/420/92
f 678/419/92 677/418/92 680/421/92
f 681/422/483 682/423/484 683/424/485
f 684/425/486 683/424/485 682/423/484
f 683/424/485 684/425/486 685/426/487
f 682/423/484 681/422/483 686/427/488
f 687/428/489 686/427/488 681/422/483
f 686/427/488 687/428/489 688/429/489
f 689/430/490 688/429/489 687/428/489
f 688/429/489 689/430/490 690/431/489
f 691/432/491 692/433/481 693/434/482
f 692/433/481 691/432/491 694/435/492
f 695/335/493 696/436/494 697/366/495
f 698/437/496 699/345/497 700/385/498
f 701/438/499 702/439/500 703/440/501
f 702/439/500 701/438/499 704/441/502
f 705/442/503 706/443/504 707/444/503
f 708/445/505 705/442/503 707/444/503
f 705/442/503 708/445/505 709/446/506
f 710/447/507 705/442/503 709/446/506
f 711/448/503 705/442/503 710/447/507
f 711/448/503 712/449/508 705/442/503
f 706/443/504 705/442/503 712/449/508
f 712/449/508 711/448/503 713/450/509
f 706/443/504 712/449/508 714/451/510
f 714/451/510 715/452/510 706/443/504
f 715/452/510 714/451/510 716/453/510
f 714/451/510 712/449/508 717/454/511
f 712/449/508 718/455/510 717/454/511
f 718/455/510 712/449/508 713/450/509
f 719/456/510 718/455/510 713/450/509
f 718/455/510 719/456/510 720/457/510
f 721/441/512 722/458/513 723/439/514
f 722/458/513 724/459/515 723/439/514
f 725/460/516 726/461/516 727/462/516
f 726/461/516 725/460/516 728/463/516
f 729/366/517 730/436/494 731/464/518
f 732/465/519 733/466/519 734/321/519
f 735/312/519 734/321/519 733/466/519
f 732/465/519 736/467/519 737/468/519
f 737/468/519 733/466/519 732/465/519
f 733/466/519 737/468/519 738/469/519
f 735/312/519 733/466/519 739/470/520
f 739/470/520 740/313/519 735/312/519
f 741/471/295 739/470/520 733/466/519
f 742/472/519 733/466/519 738/469/519
f 742/472/519 741/471/295 733/466/519
f 742/472/519 738/469/519 743/473/519
f 741/471/295 742/472/519 744/474/521
f 745/475/519 742/472/519 743/473/519
f 742/472/519 746/476/519 744/474/521
f 745/475/519 746/476/519 742/472/519
f 746/476/519 745/475/519 747/477/521
f 748/316/519 747/477/521 745/475/519
f 748/316/519 749/315/519 747/477/521
f 750/478/295 751/479/295 752/480/295
f 751/479/295 753/481/295 752/480/295
f 754/482/295 751/479/295 750/478/295
f 751/479/295 754/482/295 755/483/295
f 756/484/295 755/483/295 754/482/295
f 756/484/295 754/482/295 757/485/295
f 756/484/295 757/485/295 758/486/519
f 759/487/519 756/484/295 758/486/519
f 759/487/519 758/486/519 760/488/519
f 761/489/519 760/488/519 758/486/519
f 760/488/519 761/489/519 762/490/519
f 761/489/519 763/491/519 762/490/519
f 764/492/522 612/364/438 611/363/437
f 765/493/523 612/364/438 764/492/522
f 766/494/524 765/493/523 764/492/522
f 767/495/525 765/493/523 766/494/524
f 768/496/526 767/495/525 766/494/524
f 769/497/527 767/495/525 768/496/526
f 770/498/528 769/497/527 768/496/526
f 769/497/527 770/498/528 771/499/529
f 772/500/530 769/497/527 771/499/529
f 773/501/531 774/500/532 771/499/529
f 773/501/531 775/499/533 776/502/534
f 777/503/535 778/501/536 776/502/537
f 779/464/518 777/503/535 776/502/537
f 780/504/538 777/503/535 779/464/518
f 781/436/539 782/504/538 779/464/518
f 783/505/92 784/506/540 785/507/541
f 784/506/540 783/505/92 786/508/92
f 784/506/540 787/509/542 785/507/541
f 787/509/542 784/506/540 788/510/542
f 789/511/543 790/512/544 791/513/545
f 790/512/544 789/511/543 792/514/546
f 793/515/547 794/514/548 789/511/548
f 794/514/548 793/515/547 795/516/549
f 796/515/550 797/517/551 795/516/547
f 796/515/550 798/518/551 797/517/551
f 799/519/295 800/520/295 801/521/295
f 802/522/295 801/521/295 800/520/295
f 799/519/295 803/523/295 804/524/295
f 804/524/295 800/520/295 799/519/295
f 800/520/295 804/524/295 805/525/519
f 802/522/295 800/520/295 806/526/521
f 807/527/295 802/522/295 806/526/521
f 808/528/519 800/520/295 805/525/519
f 800/520/295 808/528/519 806/526/521
f 808/528/519 805/525/519 809/529/519
f 810/530/519 808/528/519 809/529/519
f 811/531/519 808/528/519 810/530/519
f 806/526/521 808/528/519 812/532/552
f 808/528/519 811/531/519 813/533/519
f 813/533/519 812/532/552 808/528/519
f 812/532/552 813/533/519 814/534/519
f 815/437/553 816/385/498 817/535/554
f 818/536/1 819/537/1 820/538/1
f 821/539/1 820/538/1 819/537/1
f 822/463/295 823/540/295 824/541/295
f 824/541/295 825/461/295 822/463/295
f 640/383/466 826/542/555 639/382/465
f 640/383/466 827/543/556 826/542/555
f 827/543/556 828/544/557 826/542/555
f 827/543/556 829/545/558 828/544/557
f 829/545/558 830/546/559 828/544/557
f 830/546/559 829/545/558 831/547/560
f 829/545/558 832/548/561 831/547/560
f 833/548/562 834/549/563 831/547/564
f 835/547/564 834/549/563 836/550/565
f 837/549/563 838/551/566 836/550/565
f 838/551/566 839/535/567 836/550/565
f 838/551/566 840/552/568 839/535/567
f 841/552/569 842/437/496 839/535/554
f 843/196/570 844/198/571 845/553/572
f 846/554/573 843/196/570 845/553/572
f 847/196/574 848/554/575 849/555/576
f 850/197/577 847/196/574 849/555/576
f 851/556/92 852/557/92 853/558/92
f 854/559/92 853/558/92 855/560/92
f 853/558/92 854/559/92 851/556/92
f 856/561/92 851/556/92 854/559/92
f 851/556/92 856/561/92 857/562/92
f 852/557/92 851/556/92 858/563/92
f 857/562/92 858/563/92 851/556/92
f 858/563/92 859/564/92 852/557/92
f 858/563/92 857/562/92 860/565/92
f 859/564/92 858/563/92 861/566/92
f 860/565/92 861/566/92 858/563/92
f 861/566/92 862/567/92 859/564/92
f 861/566/92 860/565/92 863/568/92
f 862/567/92 861/566/92 864/569/92
f 863/568/92 864/569/92 861/566/92
f 864/569/92 865/570/92 862/567/92
f 864/569/92 863/568/92 866/571/92
f 865/570/92 864/569/92 867/572/92
f 866/571/92 867/572/92 864/569/92
f 867/572/92 868/573/92 865/570/92
f 867/572/92 866/571/92 869/574/92
f 868/573/92 867/572/92 870/575/92
f 869/574/92 870/575/92 867/572/92
f 870/575/92 869/574/92 871/576/92
f 868/573/92 870/575/92 872/577/92
f 873/578/92 870/575/92 871/576/92
f 872/577/92 870/575/92 874/579/92
f 870/575/92 873/578/92 874/579/92
f 874/579/92 875/580/92 872/577/92
f 875/580/92 874/579/92 876/581/92
f 873/578/92 876/581/92 874/579/92
f 876/581/92 873/578/92 877/582/92
f 878/583/578 879/584/579 880/585/580
f 879/584/579 878/583/578 881/586/581
f 882/587/582 883/588/583 884/589/584
f 883/588/583 885/590/585 884/589/584
f 886/588/586 887/591/587 888/590/588
f 887/591/587 886/588/586 889/592/589
f 890/593/590 891/585/591 892/594/590
f 891/585/591 890/593/590 893/583/592
f 894/554/575 895/595/593 896/555/576
f 897/596/594 898/586/595 899/597/596
f 898/586/595 897/596/594 900/584/597
f 901/598/598 902/554/599 903/553/600
f 904/599/92 905/600/92 906/601/92
f 905/600/92 904/599/92 907/602/92
f 908/603/601 909/604/92 910/605/92
f 909/604/92 908/603/601 911/606/602
f 912/607/603 913/608/604 914/609/92
f 913/608/604 912/607/603 915/610/605
f 916/611/92 917/612/92 918/613/92
f 917/612/92 916/611/92 919/614/606
f 920/615/603 921/616/92 922/617/92
f 921/616/92 920/615/603 923/618/92
f 924/440/607 925/619/608 926/620/609
f 925/619/608 924/440/607 927/439/500
f 926/620/609 925/619/608 928/621/610
f 925/619/608 929/622/611 928/621/610
f 930/623/612 928/621/613 931/622/614
f 931/622/614 932/624/615 930/623/612
f 933/625/616 934/626/616 935/627/616
f 934/626/616 933/625/616 936/628/616
f 937/439/617 938/459/618 939/619/619
f 938/459/618 940/629/620 939/619/619
f 941/630/621 939/619/619 940/629/620
f 939/619/619 941/630/621 942/622/622
f 943/631/623 944/622/624 941/630/625
f 944/622/624 943/631/623 945/624/626
f 946/632/627 947/633/627 948/634/628
f 947/633/627 946/632/627 949/635/629
f 950/636/627 948/634/628 947/633/627
f 950/636/627 947/633/627 951/410/629
f 952/637/630 953/593/631 954/594/632
f 953/593/631 952/637/630 955/638/630
f 956/517/633 957/639/634 958/640/635
f 957/639/634 956/517/633 959/518/636
f 960/641/637 961/642/638 962/643/638
f 961/642/638 960/641/637 963/105/639
f 964/644/640 963/105/639 960/641/637
f 963/105/639 964/644/640 965/103/640
f 966/645/641 965/103/640 964/644/640
f 965/103/640 966/645/641 967/646/641
f 968/596/642 969/647/643 970/648/643
f 969/647/643 968/596/642 971/597/644
f 972/649/645 973/650/646 974/651/645
f 973/650/646 972/649/645 975/434/645
f 976/652/645 974/651/645 973/650/646
f 973/650/646 977/653/645 976/652/645
f 978/654/1 979/655/1 980/656/2
f 981/657/2 982/658/2 979/655/1
f 982/658/2 983/659/2 979/655/1
f 983/659/2 982/658/2 984/660/647
f 985/661/2 980/656/2 979/655/1
f 979/655/1 983/659/2 985/661/2
f 980/656/2 985/661/2 986/662/2
f 987/663/2 985/661/2 983/659/2
f 986/662/2 985/661/2 988/664/2
f 989/665/2 985/661/2 987/663/2
f 990/666/2 988/664/2 985/661/2
f 985/661/2 989/665/2 990/666/2
f 988/664/2 990/666/2 991/667/2
f 992/668/2 990/666/2 989/665/2
f 990/666/2 993/669/2 991/667/2
f 990/666/2 992/668/2 993/669/2
f 994/670/648 995/671/649 996/587/650
f 995/671/649 997/588/651 996/587/650
f 998/671/652 999/592/653 1000/588/654
f 999/592/653 998/671/652 1001/672/655
f 1002/673/519 1003/674/519 1004/675/519
f 1005/676/519 1004/675/519 1003/674/519
f 1006/677/656 1007/678/657 1008/679/657
f 1008/679/657 1009/680/658 1006/677/656
f 1010/681/659 1011/682/660 1012/683/661
f 1013/684/662 1010/681/663 1014/683/664
f 1015/685/665 1016/684/666 1017/683/667
f 1018/686/668 1019/687/669 1020/688/670
f 1019/687/669 1021/689/671 1020/688/670
f 1019/687/669 1018/686/668 1022/690/672
f 1023/691/673 1019/687/669 1022/690/672
f 1019/687/674 1024/692/269 1025/689/404
f 1026/693/675 1019/687/676 1027/691/677
f 1028/694/678 1019/687/674 1029/693/278
f 1019/687/674 1028/694/678 1030/692/269
f 1031/681/679 1032/695/680 1033/696/681
f 1034/682/682 1031/681/683 1035/696/684
f 1036/697/685 1037/698/685 1038/699/685
f 1038/699/685 1039/700/685 1036/697/685
f 1040/695/686 1041/701/687 1042/696/681
f 1043/672/688 1044/702/689 1045/703/690
f 1044/702/689 1043/672/688 1046/671/691
f 1047/704/692 1048/702/693 1049/670/694
f 1048/702/693 1050/671/695 1049/670/694
f 1051/705/1 1052/706/1 1053/707/12
f 1052/706/1 1054/708/2 1055/709/696
f 1052/706/1 1056/710/697 1054/708/2
f 1056/710/697 1057/711/1 1058/712/696
f 1057/711/1 1056/710/697 1052/706/1
f 1052/706/1 1051/705/1 1057/711/1
f 1059/713/1 1057/711/1 1051/705/1
f 1051/705/1 1060/714/1 1059/713/1
f 1060/714/1 1051/705/1 1061/715/1
f 1053/707/12 1061/715/1 1051/705/1
f 1061/715/1 1062/716/1 1060/714/1
f 1062/716/1 1061/715/1 1063/717/698
f 1063/717/698 1061/715/1 1064/718/699
f 1065/719/698 1064/718/699 1061/715/1
f 1066/720/2 1061/715/1 1067/721/12
f 1061/715/1 1053/707/12 1067/721/12
f 1067/721/2 1068/722/2 1069/723/2
f 1067/721/2 1069/723/2 1070/724/2
f 1067/721/12 1053/707/12 1071/725/700
f 1072/720/1 1067/721/2 1073/724/2
f 1072/720/1 1073/724/2 1074/726/1
f 1075/727/700 1071/725/700 1053/707/12
f 1071/725/700 1075/727/700 1076/728/701
f 1070/724/1 1077/729/2 1078/726/2
f 1077/729/2 1079/730/12 1078/726/2
s 0
f 1080/731/699 1078/726/2 1079/730/702
s 1
f 1081/732/699 1078/726/1 1080/731/699
f 1081/732/699 1080/731/699 1082/733/698
f 1083/734/701 1076/728/701 1075/727/700
f 1076/728/701 1083/734/701 1084/735/703
f 1075/727/700 1085/736/704 1083/734/701
f 1085/736/704 1075/727/700 1086/737/700
f 1086/737/700 1075/727/700 1087/738/12
f 1053/707/12 1087/738/12 1075/727/700
f 1052/706/1 1087/738/12 1053/707/12
f 1087/738/12 1052/706/1 1088/739/2
f 1088/739/2 1052/706/1 1089/740/1
f 1087/738/12 1088/739/2 1090/741/2
f 1090/741/2 1091/742/2 1087/738/12
f 1092/743/1 1093/744/2 1088/739/1
f 1092/743/1 1094/745/1 1093/744/2
f 1094/745/1 1092/743/1 1095/746/697
s 0
f 1095/746/705 1096/747/702 1094/745/2
s 1
f 1095/746/697 1097/748/697 1096/747/697
f 1083/734/701 1085/736/704 1098/749/706
f 1085/736/704 1099/750/707 1098/749/706
f 1083/734/701 1098/749/706 1084/735/703
f 1098/749/706 1099/750/707 1100/751/2
f 1100/751/2 1084/735/703 1098/749/706
f 1101/752/2 1100/751/2 1099/750/707
f 1084/735/703 1100/751/2 1102/753/1
f 1100/751/2 1101/752/2 1103/754/647
f 1101/752/2 1104/755/2 1103/754/647
f 1105/756/2 1100/751/2 1103/754/647
f 1106/757/2 1102/753/1 1100/751/2
f 1100/751/2 1105/756/2 1106/757/2
f 1102/753/1 1106/757/2 1107/758/2
f 1108/759/2 1106/757/2 1105/756/2
f 1107/758/2 1106/757/2 1109/760/2
f 1110/761/2 1106/757/2 1108/759/2
f 1111/762/2 1109/760/2 1106/757/2
f 1106/757/2 1110/761/2 1111/762/2
f 1110/761/2 1112/763/2 1111/762/2
f 1109/760/2 1111/762/2 1113/764/1
f 1114/765/2 1111/762/2 1112/763/2
f 1111/762/2 1115/766/2 1113/764/1
f 1111/762/2 1114/765/2 1115/766/2
f 1114/765/2 1116/767/2 1115/766/2
f 1113/764/1 1115/766/2 978/654/1
f 1116/767/2 1117/768/12 1115/766/2
f 1115/766/2 1117/768/12 1118/769/1
f 1118/769/1 978/654/1 1115/766/2
f 981/657/2 1118/769/1 1117/768/12
f 979/655/1 978/654/1 1118/769/1
f 1118/769/1 981/657/2 979/655/1
f 1119/623/708 1120/624/709 1121/770/710
f 1120/624/709 1122/771/711 1121/770/710
f 1018/686/712 1123/772/713 1124/773/714
f 1125/690/715 1018/686/712 1124/773/714
f 1123/772/713 1018/686/712 1126/774/716
f 1018/686/712 1127/688/717 1126/774/716
f 1128/688/718 1129/775/719 1126/774/720
f 1130/776/721 1129/775/719 1128/688/718
f 1131/777/722 1132/690/715 1124/773/723
f 1131/777/722 1133/778/724 1132/690/715
f 1134/779/725 1130/776/726 1135/688/727
f 1136/689/404 1134/779/725 1135/688/727
f 1137/780/728 1134/779/725 1136/689/404
f 1133/778/724 1138/781/729 1139/690/730
f 1138/781/729 1140/691/731 1139/690/730
f 1138/781/729 1141/782/732 1140/691/731
f 1142/783/733 1143/784/734 1144/343/735
f 1145/785/736 1142/783/733 1144/343/735
f 1146/342/737 1145/785/736 1147/343/735
f 1148/365/738 1149/786/739 1150/334/740
f 1149/786/739 1148/365/738 1151/366/517
f 1149/786/741 1152/787/742 1153/334/740
f 1152/787/742 1154/788/743 1153/334/740
f 1154/788/744 1155/336/745 1156/334/746
f 1157/789/747 1158/340/748 1159/336/749
f 1160/788/743 1157/789/747 1159/336/749
f 1161/789/750 1162/790/751 1158/340/752
f 1163/624/753 1164/791/754 1165/771/755
f 1164/791/754 1163/624/753 1166/631/756
f 1167/740/1 1168/743/1 1169/739/1
f 1170/740/2 1171/706/2 1172/709/696
f 1173/720/2 1174/792/2 1175/715/2
f 1176/715/2 1177/792/2 1178/719/698
f 1179/349/757 1180/793/758 1181/342/759
f 1180/793/758 1182/785/760 1181/342/759
f 1183/794/761 1184/793/762 1179/349/732
f 1185/795/519 1186/796/519 1187/797/519
f 1187/797/519 1186/796/519 1188/648/519
f 1189/798/295 1186/796/519 1185/795/519
f 1188/648/519 1186/796/519 1190/596/295
f 1191/799/519 1186/796/519 1189/798/295
f 1190/596/295 1186/796/519 1192/584/519
f 1193/800/519 1186/796/519 1191/799/519
f 1192/584/519 1186/796/519 1194/585/519
f 1195/801/519 1186/796/519 1193/800/519
f 1194/585/519 1186/796/519 1196/594/519
f 1197/802/295 1186/796/519 1195/801/519
f 1196/594/519 1186/796/519 1198/637/295
f 1199/803/295 1186/796/519 1197/802/295
f 1198/637/295 1186/796/519 1199/803/295
f 1200/554/763 1201/804/764 1202/805/765
f 1203/804/764 1204/554/599 1205/806/766
f 1206/803/767 1207/807/768 1208/637/769
f 1208/637/769 1207/807/768 1209/638/769
f 1210/802/770 1207/807/768 1206/803/767
f 1207/807/768 1210/802/770 1211/808/771
f 1212/809/772 1213/810/92 1214/811/773
f 1213/810/92 1212/809/772 1215/812/92
f 1214/811/773 1216/813/509 1212/809/772
f 1216/813/509 1214/811/773 1217/814/509
f 1218/648/774 1219/647/774 1220/797/775
f 1219/647/774 1221/815/775 1220/797/775
f 1222/816/776 1220/797/775 1221/815/775
f 1220/797/775 1222/816/776 1223/795/777
f 1224/817/778 1225/818/637 1226/819/637
f 1225/818/637 1224/817/778 1227/820/779
f 1228/821/640 1226/819/637 1225/818/637
f 1226/819/637 1228/821/640 1229/822/780
f 1228/821/640 1230/823/641 1229/822/780
f 1230/823/641 1228/821/640 1231/824/781
f 1232/825/782 1233/826/783 1234/827/783
f 1234/827/783 1235/828/782 1232/825/782
f 1236/829/784 1232/825/782 1235/828/782
f 1235/828/782 1237/830/784 1236/829/784
f 1238/831/785 1236/829/784 1237/830/784
f 1237/830/784 1239/832/786 1238/831/785
f 1238/831/785 1239/832/786 1240/833/787
f 1239/832/786 1241/834/788 1240/833/787
f 1242/835/789 1243/836/790 1244/837/791
f 1245/836/792 1246/838/793 1244/837/794
f 1247/838/793 1248/839/795 1244/837/796
f 1249/839/797 1250/840/798 1244/837/799
f 1251/840/798 1252/841/800 1244/837/801
f 1253/841/802 1254/842/803 1244/837/791
f 1254/842/804 1255/841/805 1256/843/806
f 1254/842/803 1257/844/807 1244/837/791
f 1257/844/807 1258/835/789 1244/837/791
f 1259/845/808 1254/842/809 1260/843/810
f 1261/846/811 1259/845/812 1262/843/813
f 1263/847/814 1261/846/811 1262/843/813
f 1264/848/815 1261/846/816 1265/849/817
f 1261/846/816 1266/847/818 1265/849/817
f 1267/835/819 1257/844/820 1268/380/821
f 1269/382/822 1267/835/819 1268/380/821
f 1257/844/820 1270/842/823 1268/380/821
f 1270/842/823 1271/379/824 1268/380/821
f 1271/379/824 1270/842/823 1272/368/825
f 1270/842/823 1273/845/826 1272/368/825
f 1273/845/826 1274/846/811 1272/368/825
f 1272/368/827 1275/846/828 1276/369/829
f 1275/846/828 1277/848/830 1276/369/829
f 1278/850/831 1279/851/832 1280/852/833
f 1279/851/832 1278/850/831 1281/853/834
f 1282/854/835 1283/851/836 1281/853/837
f 1284/855/838 1285/854/839 1281/853/840
f 1286/856/841 1287/857/842 1281/853/843
f 1288/857/844 1289/855/845 1281/853/846
f 1290/858/847 1291/856/848 1281/853/849
f 1292/856/850 1290/858/847 1293/859/851
f 1294/860/852 1290/858/847 1281/853/849
f 1295/850/853 1294/860/852 1281/853/849
f 1290/858/847 1296/861/854 1297/859/851
f 1296/861/855 1298/862/856 1299/859/857
f 1298/862/856 1300/863/858 1299/859/857
f 1301/863/858 1298/862/859 1302/864/860
f 1298/862/859 1303/865/861 1302/864/860
f 1294/860/862 1304/850/853 1305/363/863
f 1304/850/853 1306/492/864 1305/363/863
f 1307/858/865 1294/860/862 1305/363/863
f 1308/362/866 1307/858/865 1305/363/863
f 1307/858/865 1308/362/866 1309/359/867
f 1310/861/855 1307/858/865 1309/359/867
f 1311/862/868 1310/861/855 1309/359/867
f 1312/862/856 1309/359/867 1313/352/869
f 1314/865/870 1312/862/856 1313/352/869
f 1315/866/871 1316/867/872 1317/868/873
f 1316/867/872 1315/866/871 1318/869/874
f 1319/870/875 1317/868/873 1316/867/872
f 1320/871/876 1319/870/875 1316/867/872
f 1319/870/875 1320/871/876 1321/872/877
f 1321/872/877 1320/871/876 1322/873/878
f 1323/874/879 1321/872/877 1322/873/878
f 1321/872/877 1323/874/879 1324/875/880
f 1325/876/881 1324/875/880 1323/874/879
f 1324/875/880 1325/876/881 1326/877/882
f 1327/878/883 1326/877/882 1325/876/881
f 1326/877/882 1327/878/883 1328/879/883
f 1329/880/884 1330/881/885 1331/492/864
f 1332/850/853 1329/880/884 1331/492/864
f 1330/881/885 1333/494/886 1331/492/864
f 1330/881/885 1334/882/887 1333/494/886
f 1334/882/887 1335/883/888 1333/494/886
f 1335/883/888 1336/496/889 1333/494/886
f 1335/883/888 1337/884/890 1336/496/889
f 1337/884/890 1338/885/891 1336/496/889
f 1338/885/891 1339/498/892 1336/496/889
f 1339/498/892 1338/885/891 1340/499/893
f 1341/886/894 1342/887/895 1343/888/896
f 1341/886/894 1344/889/897 1342/887/895
f 1345/890/898 1341/886/894 1343/888/896
f 1341/886/894 1345/890/898 1346/891/899
f 1347/892/900 1346/891/899 1345/890/898
f 1346/891/899 1347/892/900 1348/893/92
f 1347/892/900 1349/894/901 1348/893/92
f 1349/894/901 1347/892/900 1350/895/902
f 1349/894/901 1350/895/902 1351/896/903
f 1352/897/904 1351/896/903 1350/895/902
f 1353/898/905 1354/899/906 1355/900/907
f 1354/899/906 1353/898/905 1356/901/908
f 1355/900/907 1357/902/909 1353/898/905
f 1357/902/909 1355/900/907 1358/903/910
f 1356/901/92 1359/904/911 1360/905/912
f 1359/904/911 1356/901/92 1361/898/913
f 1361/898/913 1362/906/914 1359/904/911
f 1362/906/914 1361/898/913 1363/902/915
f 1364/907/916 1365/835/819 1366/382/917
f 1367/908/918 1364/907/916 1366/382/917
f 1368/542/919 1367/908/918 1366/382/917
f 1369/909/920 1367/908/918 1368/542/919
f 1370/910/921 1369/909/920 1368/542/919
f 1371/544/922 1370/910/921 1368/542/919
f 1372/911/923 1370/910/921 1371/544/922
f 1373/912/924 1372/911/923 1371/544/922
f 1374/546/925 1373/912/924 1371/544/922
f 1373/912/924 1374/546/925 1375/547/926
f 1376/913/927 1377/857/928 1378/914/929
f 1379/840/930 1380/915/931 1381/916/932
f 1382/639/933 1383/917/934 1384/640/933
f 1382/639/933 1385/918/935 1383/917/934
f 1386/919/936 1387/920/937 1388/921/938
f 1387/920/939 1389/922/940 1390/921/941
f 1391/923/519 1392/924/519 1393/925/519
f 1392/924/519 1394/926/519 1393/925/519
f 1395/927/942 1396/928/943 1397/929/944
f 1396/928/945 1398/930/946 1399/929/947
f 1400/826/948 1401/931/948 1402/932/948
f 1402/932/948 1403/827/948 1400/826/948
f 1404/933/949 1405/934/950 1406/358/951
f 1407/935/952 1404/933/949 1406/358/951
f 1406/358/951 1405/934/950 1408/355/953
f 1409/936/954 1407/935/955 1410/358/956
f 1411/357/957 1412/936/166 1410/358/958
f 1405/934/950 1413/937/959 1408/355/953
f 1413/937/959 1414/354/960 1408/355/953
f 1413/937/959 1405/934/950 1415/938/961
f 1414/354/960 1413/937/959 1416/352/869
f 1417/595/962 1418/554/963 1419/805/964
f 1420/939/965 1421/940/966 1422/941/706
f 1421/940/966 1420/939/965 1423/942/967
f 1424/943/968 1425/944/969 1426/945/970
f 1427/946/971 1426/945/970 1425/944/969
f 1428/628/874 1429/947/972 1430/948/973
f 1429/947/972 1428/628/874 1431/625/874
f 1432/949/974 1433/950/975 1434/951/976
f 1435/952/977 1432/949/974 1434/951/976
f 1436/930/978 1432/949/974 1435/952/977
f 1437/953/979 1436/930/978 1435/952/977
f 1436/930/978 1437/953/979 1438/929/980
f 1439/954/981 1440/955/982 1438/929/983
f 1441/956/984 1442/953/979 1435/952/985
f 1442/953/979 1441/956/984 1443/929/986
f 1441/956/984 1444/957/987 1443/929/986
f 1445/957/988 1441/956/984 1446/921/989
f 1441/956/984 1447/958/990 1446/921/989
f 1447/958/990 1441/956/984 1448/959/991
f 1449/960/992 1441/956/984 1435/952/985
f 1441/956/984 1449/960/992 1448/959/991
f 1449/960/992 1435/952/985 1450/951/993
f 1451/961/994 1449/960/992 1450/951/993
f 1449/960/992 1451/961/994 1452/962/995
f 1448/959/991 1449/960/992 1452/962/995
f 1453/963/996 1448/959/991 1454/962/997
f 1455/964/998 1453/963/996 1454/962/997
f 1453/963/996 1456/919/999 1448/959/991
f 1456/919/999 1457/958/990 1448/959/991
f 1457/958/990 1456/919/999 1458/921/1000
f 1459/965/1001 1460/954/981 1458/921/1002
f 1461/554/599 1462/598/598 1463/806/1003
f 1464/941/1004 1465/966/1005 1466/939/1006
f 1465/966/1005 1467/967/1007 1466/939/1006
f 1468/968/1008 1469/945/1009 1470/969/1010
f 1469/945/1009 1468/968/1008 1471/943/1011
f 1472/970/1012 1473/971/1013 1474/859/1014
f 1475/972/1015 1476/906/914 1477/973/1016
f 1476/906/914 1475/972/1015 1478/904/1017
f 1479/974/1018 1480/808/1019 1481/802/1020
f 1479/974/1018 1481/802/1020 1482/801/1021
f 1483/975/1022 1484/976/1023 1485/849/817
f 1484/976/1023 1486/848/1024 1485/849/817
f 1487/848/1025 1484/976/1023 1488/369/1026
f 1484/976/1023 1489/373/1027 1488/369/1026
f 1489/373/1027 1484/976/1023 1490/374/1028
f 1484/976/1023 1491/977/1029 1490/374/1028
f 1491/977/1029 1492/377/1030 1490/374/1028
f 1493/978/92 1494/979/92 1495/980/92
f 1494/979/92 1493/978/92 1496/981/92
f 1497/903/910 1498/982/1031 1499/983/1032
f 1498/982/1031 1497/903/910 1500/900/907
f 1501/984/1033 1502/985/1034 1503/843/1035
f 1504/857/1036 1505/971/1037 1506/914/1038
f 1507/855/838 1508/857/1039 1509/986/661
f 1510/987/1040 1511/795/1041 1512/816/1041
f 1511/795/1041 1510/987/1040 1513/798/1042
f 1514/984/1043 1515/840/930 1516/916/1044
f 1517/840/930 1518/839/1045 1519/988/681
f 1520/989/1046 1521/990/1047 1522/991/1048
f 1521/990/1047 1523/992/1049 1522/991/1048
f 1524/993/1050 1525/991/1051 1526/994/1052
f 1525/991/1051 1524/993/1050 1527/989/1053
f 1528/995/1054 1529/464/1055 1530/502/1056
f 1531/996/1057 1528/995/1054 1530/502/1056
f 1532/499/893 1533/997/1058 1530/502/1059
f 1533/997/1060 1531/996/1057 1534/502/1056
f 1535/998/1061 1536/999/1062 1537/1000/1063
f 1535/998/1061 1538/1001/1064 1536/999/1062
f 1535/998/1061 1539/1002/1065 1538/1001/1064
f 1539/1002/1065 1535/998/1061 1540/1003/1066
f 1540/1003/1066 1535/998/1061 1541/1004/1067
f 1539/1002/1065 1540/1003/1066 1542/1005/1068
f 1543/1006/1069 1544/681/1070 1545/1007/1071
f 1546/1008/1072 1547/1009/1073 1548/550/1074
f 1547/1009/1073 1549/547/926 1550/550/1074
f 1551/1010/1075 1546/1008/1072 1550/550/1076
f 1552/535/1077 1551/1010/1075 1550/550/1076
f 1553/681/1078 1554/1006/1079 1555/1011/1080
f 1556/1012/903 1557/1013/1081 1558/1014/883
f 1559/1015/904 1558/1014/883 1557/1013/1081
f 1556/1012/903 1558/1014/883 1560/1016/1082
f 1557/1013/1081 1556/1012/903 1561/1017/1082
f 1562/1018/1083 1563/974/1084 1564/800/1085
f 1564/800/1085 1563/974/1084 1565/801/1086
f 1566/885/1087 1567/997/1088 1568/499/1089
f 1569/1019/1090 1570/1020/1090 1571/1021/1090
f 1570/1020/1090 1569/1019/1090 1572/1022/1090
f 1573/1023/1090 1572/1022/1090 1569/1019/1090
f 1569/1019/1090 1574/1024/1090 1573/1023/1090
f 1574/1024/1090 1569/1019/1090 1575/1025/1090
f 1575/1025/1090 1569/1019/1090 1576/1026/1090
f 1569/1019/1090 1571/1021/1090 1576/1026/1090
f 1570/1020/1090 1577/1027/1090 1571/1021/1090
f 1578/1028/1090 1576/1026/1090 1571/1021/1090
f 1579/1029/1090 1571/1021/1090 1577/1027/1090
f 1571/1021/1090 1579/1029/1090 1578/1028/1090
f 1578/1028/1090 1579/1029/1090 1580/1030/1090
f 1577/1027/1090 1581/1031/1090 1579/1029/1090
f 1579/1029/1090 1582/1032/1090 1580/1030/1090
f 1579/1029/1090 1581/1031/1090 1582/1032/1090
f 1581/1031/1090 1583/1033/1090 1582/1032/1090
f 1584/1034/1091 1585/799/1092 1586/798/1093
f 1584/1034/1091 1586/798/1093 1587/987/1093
f 1588/1035/1094 1589/943/1011 1590/968/1095
f 1589/943/1011 1588/1035/1094 1591/1036/1096
f 1591/1036/1097 1592/1035/1098 1593/1037/1099
f 1592/1035/1098 1594/1038/1100 1593/1037/1099
f 1595/1036/1101 1593/1037/1090 1596/1039/1102
f 1597/1040/1103 1595/1036/1101 1596/1039/1102
f 1595/1036/1101 1597/1040/1103 1598/943/968
f 1599/944/1104 1598/943/968 1597/1040/1103
f 1600/1041/874 1601/1042/1105 1602/1043/1106
f 1603/1044/895 1601/1042/1105 1600/1041/874
f 1604/681/1107 1605/684/1108 1606/1007/1071
f 1607/883/888 1608/1045/1109 1609/1046/1110
f 1337/884/1111 1607/883/888 1609/1046/1110
f 1610/885/1112 1337/884/1111 1609/1046/1110
f 1611/1045/1113 1607/883/888 1612/1047/1114
f 1607/883/888 1613/882/1115 1612/1047/1114
f 1613/882/887 1330/881/1116 1614/1047/1117
f 1330/881/1116 1615/1048/1118 1614/1047/1117
f 1330/881/1116 1616/880/1119 1617/852/833
f 1615/1048/1118 1330/881/1116 1280/852/1120
f 1616/880/1119 1278/850/831 1280/852/833
f 1618/695/1121 1619/681/1122 1620/1011/1080
f 1621/1009/1073 1622/912/1123 1623/547/1124
f 1624/799/1125 1625/1034/1126 1626/1018/1127
f 1624/799/1125 1626/1018/1127 1627/800/1128
f 1628/1049/1129 1629/513/1130 1630/512/1131
f 1630/512/1131 1631/1050/1132 1628/1049/1129
f 1632/784/1133 1633/1051/1134 1634/1052/1135
f 1633/1051/1134 1632/784/1133 1635/1053/1136
f 1636/385/1137 1637/1054/1138 1638/535/1139
f 1637/1054/1138 1551/1010/1075 1638/535/1139
f 1551/1010/1075 1637/1054/1138 1639/1055/1140
f 1640/784/734 1637/1054/1141 1641/385/1142
f 1642/384/1143 1640/784/734 1643/385/1144
f 1640/784/734 1642/384/1143 1644/343/735
f 1645/1056/1145 1551/1010/1075 1639/1055/1140
f 1646/1057/1146 1645/1056/1145 1639/1055/1140
f 1647/1008/1147 1551/1010/1075 1645/1056/1145
f 1648/994/1148 1649/941/1149 1650/940/1150
f 1649/941/1149 1648/994/1148 1651/991/1151
f 1652/1058/1152 1653/1059/1153 1654/1060/1154
f 1653/1059/1153 1652/1058/1152 1655/1061/1155
f 1656/1062/1156 1654/1060/1154 1653/1059/1153
f 1654/1060/1154 1656/1062/1156 1657/1063/1157
f 1658/1064/1152 1652/1058/1152 1654/1060/1154
f 1652/1058/1152 1658/1064/1152 1659/1065/1152
f 1660/966/1158 1661/941/707 1662/992/1159
f 1663/991/1160 1662/992/1159 1661/941/707
f 1664/1066/1096 1665/961/1161 1666/951/1162
f 1667/950/1163 1668/1066/1164 1666/951/976
f 1669/1066/1097 1670/964/1165 1671/962/1166
f 1672/961/1167 1673/1066/1168 1671/962/1169
f 1674/1067/1170 1675/1068/1171 1676/1069/1172
f 1676/1069/1172 1677/1070/1173 1674/1067/1170
f 1678/1071/1171 1676/1069/1172 1675/1068/1171
f 1675/1068/1171 1679/1072/1171 1678/1071/1171
f 1680/1073/907 1677/1070/1173 1676/1069/1172
f 1677/1070/1173 1680/1073/907 1681/1074/1174
f 1682/1075/1175 1683/1076/1176 1684/641/1175
f 1685/644/1176 1684/641/1175 1683/1076/1176
f 1686/1077/1177 1687/1078/1178 1688/1079/1177
f 1689/1080/1177 1688/1079/1177 1687/1078/1178
f 1687/1078/1178 1686/1077/1177 1690/1081/1177
f 1691/626/1171 1692/628/1171 1693/1082/1170
f 1692/628/1171 1694/948/1170 1693/1082/1170
f 1695/1083/1170 1693/1082/1170 1694/948/1170
f 1693/1082/1170 1695/1083/1170 1696/1084/1170
f 1696/1084/1170 1695/1083/1170 1697/1085/1179
f 1697/1085/1179 1695/1083/1170 1698/1086/1179
f 1699/1087/1180 1700/1088/1181 1701/1089/1066
f 1700/1088/1181 1699/1087/1180 1702/1090/1182
f 1700/1088/1181 1702/1090/1182 1703/1091/1181
f 1700/1088/1181 1703/1091/1181 1704/1092/1183
f 1705/1093/1184 1702/1090/1182 1699/1087/1180
f 1702/1090/1182 1705/1093/1184 1706/1094/1185
f 1705/1093/1184 1707/1095/1186 1706/1094/1185
f 1705/1093/1184 1708/1096/1187 1707/1095/1186
f 1705/1093/1184 1709/1097/1188 1708/1096/1187
f 1710/1098/1170 1711/917/1170 1712/1099/1170
f 1713/1100/1170 1711/917/1170 1710/1098/1170
f 1711/917/1170 1713/1100/1170 1714/640/1171
f 1715/1050/1171 1714/640/1171 1713/1100/1170
f 1716/512/1171 1714/640/1171 1715/1050/1171
f 1714/640/1171 1716/512/1171 1717/517/1171
f 1717/517/1171 1716/512/1171 1718/516/1171
f 1718/516/1171 1716/512/1171 1719/514/1171
f 1720/1101/1189 1721/1102/1190 1722/1103/1191
f 1721/1102/1190 1720/1101/1189 1723/1104/1192
f 1724/1105/1192 1723/1104/1192 1720/1101/1189
f 1725/1106/1191 1722/1103/1191 1721/1102/1190
f 1726/1107/1090 1722/1103/1191 1725/1106/1191
f 1727/1108/1090 1726/1107/1090 1725/1106/1191
f 1726/1107/1090 1727/1108/1090 1728/1109/1090
f 1729/1110/1090 1728/1109/1090 1727/1108/1090
f 1730/1111/1193 1731/1112/1194 1732/1113/1195
f 1732/1113/1195 1733/1114/1196 1730/1111/1193
f 1732/1113/1195 1734/1115/1197 1733/1114/1196
f 1734/1115/1197 1732/1113/1195 1735/1116/1198
f 1736/1117/1199 1737/1118/1199 1738/1119/1200
f 1739/1120/1200 1737/1118/1199 1736/1117/1199
f 1740/1121/1199 1739/1120/1200 1736/1117/1199
f 1741/1122/1201 1742/786/1202 1743/1123/1203
f 1742/786/1202 1741/1122/1201 1744/1124/1204
f 1745/787/1205 1742/786/1206 1746/1124/1207
f 1747/788/1208 1746/1124/1209 1748/1125/1210
f 1747/788/1208 1749/787/1205 1746/1124/1209
f 1750/1126/1211 1751/366/1212 1752/464/1213
f 1528/995/1054 1750/1126/1211 1752/464/1213
f 1750/1126/1211 1528/995/1054 1753/1127/1214
f 1528/995/1054 1754/1128/1215 1753/1127/1214
f 1754/1128/1215 1755/1129/1216 1753/1127/1214
f 1528/995/1054 1756/996/1217 1754/1128/1215
f 1756/996/1217 1757/997/1058 1754/1128/1215
f 1757/997/1058 1758/1130/1218 1754/1128/1215
f 1758/1130/1218 1759/997/1219 1760/1131/1220
f 1757/997/1058 1761/885/1112 1762/1131/1220
f 1761/885/1112 1763/1132/1221 1764/1131/1222
f 1765/1133/1223 1766/1129/1216 1754/1128/1224
f 1767/1132/1225 1761/885/1112 1609/1046/849
f 1768/922/1226 1769/965/1227 1770/921/1228
f 1771/1134/1229 1772/1135/1230 1773/1136/1231
f 1772/1135/1230 1771/1134/1229 1774/1137/1232
f 1771/1134/1229 1773/1136/1231 1775/1138/1233
f 1775/1138/1233 1776/1139/1233 1771/1134/1229
f 1777/789/1234 1778/1125/1210 1779/1140/1235
f 1780/790/1236 1777/789/1234 1779/1140/1235
f 1781/789/1234 1782/788/1208 1778/1125/1210
f 1783/1141/1237 1784/1142/1238 1785/1143/1239
f 1784/1142/1238 1786/1144/1240 1785/1143/1239
f 1787/1145/1241 1788/1146/1242 1789/1147/1243
f 1788/1146/1242 1787/1145/1241 1790/1148/1244
f 1791/955/1245 1792/927/1146 1793/929/944
f 1794/1149/1152 1795/1150/1152 1796/1151/1152
f 1795/1150/1152 1794/1149/1152 1797/1152/1152
f 1798/1153/1152 1799/1154/1155 1800/1155/1155
f 1801/1156/1246 1800/1155/1155 1799/1154/1155
f 1800/1155/1155 1801/1156/1246 1802/1157/1155
f 1803/1158/1155 1800/1155/1155 1802/1157/1155
f 1799/1154/1155 1804/1159/1247 1801/1156/1246
f 1800/1155/1155 1803/1158/1155 1805/1160/1155
f 1805/1160/1155 1798/1153/1152 1800/1155/1155
f 1806/1161/1155 1805/1160/1155 1803/1158/1155
f 1803/1158/1155 1807/1162/1152 1806/1161/1155
f 1807/1162/1152 1803/1158/1155 1808/1163/1152
f 1808/1163/1152 1809/677/1152 1807/1162/1152
f 1809/677/1152 1808/1163/1152 1810/678/1152
f 1805/1160/1155 1806/1161/1155 1811/1164/1155
f 1811/1164/1155 1812/1165/1152 1805/1160/1155
f 1798/1153/1152 1805/1160/1155 1812/1165/1152
f 1812/1165/1152 1811/1164/1155 1813/1166/1152
f 1813/1166/1152 1814/1167/1152 1812/1165/1152
f 1814/1167/1152 1813/1166/1152 1815/1168/1152
f 1815/1168/1152 1816/1169/1152 1814/1167/1152
f 1816/1169/1152 1815/1168/1152 1817/1170/1152
f 1818/1171/1152 1814/1167/1152 1816/1169/1152
f 1819/1172/1152 1812/1165/1152 1814/1167/1152
f 1814/1167/1152 1818/1171/1152 1819/1172/1152
f 1812/1165/1152 1819/1172/1152 1798/1153/1152
f 1820/1173/1152 1819/1172/1152 1818/1171/1152
f 1821/1174/1152 1820/1173/1152 1818/1171/1152
f 1822/1175/1152 1798/1153/1152 1819/1172/1152
f 1819/1172/1152 1820/1173/1152 1822/1175/1152
f 1820/1173/1152 1821/1174/1152 1823/1176/1152
f 1824/1177/1155 1823/1176/1152 1821/1174/1152
f 1823/1176/1152 1824/1177/1155 1825/1178/1155
f 1823/1176/1152 1826/1179/1152 1820/1173/1152
f 1826/1179/1152 1822/1175/1152 1820/1173/1152
f 1827/1180/1248 1828/793/1249 1829/1181/1250
f 1828/793/1249 1830/794/1251 1829/1181/1250
f 1831/785/1252 1832/793/1249 1827/1180/1253
f 1833/1182/1254 1834/1183/1255 1835/834/1256
f 1836/833/1254 1835/834/1256 1834/1183/1255
f 1837/1184/1257 1838/1185/1258 1839/1186/1259
f 1840/1187/1260 1841/1184/1261 1839/1186/1259
f 1842/1188/1262 1840/1187/1260 1839/1186/1259
f 1842/1188/1262 1839/1186/1259 1843/1189/1263
f 1838/1185/1258 1844/1190/1264 1839/1186/1259
f 1839/1186/1259 1844/1190/1264 1843/1189/1263
f 1844/1190/1264 1838/1185/1258 1743/1123/1265
f 1838/1185/1258 1845/1184/1266 1743/1123/1265
f 1846/1191/1267 1842/1188/1262 1843/1189/1263
f 1847/1192/1268 1842/1188/1262 1846/1191/1267
f 1848/1193/1269 1847/1192/1268 1846/1191/1267
f 1849/1194/1270 1846/1191/1267 1843/1189/1263
f 1850/1129/1271 1849/1194/1270 1843/1189/1263
f 1843/1189/1263 1844/1190/1264 1753/1127/1214
f 1851/1129/1272 1843/1189/1263 1753/1127/1214
f 1844/1190/1264 1852/1195/1273 1753/1127/1214
f 1852/1195/1273 1844/1190/1264 1743/1123/1265
f 1852/1195/1273 1750/1126/1211 1753/1127/1214
f 1750/1126/1211 1852/1195/1273 1743/1123/1265
f 1853/786/1274 1750/1126/1211 1743/1123/1265
f 1750/1126/1275 1854/786/741 1855/366/1276
f 1856/1184/1261 1857/1122/1201 1743/1123/1277
f 1857/1122/1201 1856/1184/1261 1858/1124/1278
f 1859/1196/1170 1860/1197/1170 1861/1198/1170
f 1861/1198/1170 1862/1199/1170 1859/1196/1170
f 1863/1200/1279 1864/1201/1280 1865/1202/1281
f 1865/1202/1281 1866/1203/1282 1863/1200/1279
f 1864/1201/1280 1863/1200/1279 1867/1204/1171
f 1864/1201/1280 1867/1204/1171 1868/1205/1171
f 1868/1205/1171 1867/1204/1171 1869/1206/1283
f 1870/1207/1284 1868/1205/1171 1869/1206/1283
f 1871/1208/1285 1870/1207/1284 1869/1206/1283
f 1870/1207/1284 1871/1208/1285 1872/1209/1286
f 1871/1208/1285 1873/1210/1287 1872/1209/1286
f 1872/1209/1286 1873/1210/1287 1874/1211/1288
f 1875/1212/1289 1874/1211/1288 1873/1210/1287
f 1874/1211/1288 1875/1212/1289 1876/1213/1290
f 1875/1212/1289 1877/1214/1291 1876/1213/1290
f 1877/1214/1291 1875/1212/1289 1878/1215/1291
f 1879/1216/1292 1880/1217/149 1881/1218/1293
f 1882/1219/1294 1879/1216/1292 1881/1218/1293
f 1825/1178/1155 1883/1220/1152 1823/1176/1152
f 1826/1179/1152 1823/1176/1152 1883/1220/1152
f 1883/1220/1152 1825/1178/1155 1884/1221/1155
f 1884/1221/1155 1885/1222/1152 1883/1220/1152
f 1885/1222/1152 1884/1221/1155 1886/1223/1155
f 1887/1224/1152 1883/1220/1152 1885/1222/1152
f 1883/1220/1152 1887/1224/1152 1826/1179/1152
f 1887/1224/1152 1888/1225/1152 1826/1179/1152
f 1822/1175/1152 1826/1179/1152 1888/1225/1152
f 1888/1225/1152 1887/1224/1152 1889/1226/1295
f 1888/1225/1152 1890/1227/1152 1822/1175/1152
f 1798/1153/1152 1822/1175/1152 1890/1227/1152
f 1799/1154/1155 1798/1153/1152 1890/1227/1152
f 1890/1227/1152 1888/1225/1152 1891/1228/1152
f 1889/1226/1295 1891/1228/1152 1888/1225/1152
f 1890/1227/1152 1892/1229/1155 1799/1154/1155
f 1892/1229/1155 1890/1227/1152 1891/1228/1152
f 1804/1159/1247 1799/1154/1155 1892/1229/1155
f 1891/1228/1152 1889/1226/1295 1893/1230/1295
f 1889/1226/1295 1894/1231/1296 1893/1230/1295
f 1893/1230/1295 1895/1232/1155 1891/1228/1152
f 1892/1229/1155 1891/1228/1152 1895/1232/1155
f 1894/1231/1296 1889/1226/1295 1896/1233/1297
f 1897/1234/1298 1892/1229/1155 1895/1232/1155
f 1892/1229/1155 1897/1234/1298 1804/1159/1247
f 1896/1233/1297 1898/1235/1152 1894/1231/1296
f 1898/1235/1152 1896/1233/1297 1899/1236/1152
f 1900/1237/1152 1898/1235/1152 1899/1236/1152
f 1901/1238/1152 1898/1235/1152 1900/1237/1152
f 1900/1237/1152 1902/1239/1152 1901/1238/1152
f 1902/1239/1152 1900/1237/1152 1903/1240/1152
f 1903/1240/1152 1904/1241/1152 1902/1239/1152
f 1904/1241/1152 1903/1240/1152 1905/1242/1152
f 1905/1242/1152 1906/1243/1152 1904/1241/1152
f 1905/1242/1152 1907/1244/1152 1906/1243/1152
f 1907/1244/1152 1908/1245/1155 1906/1243/1152
f 1908/1245/1155 1907/1244/1152 1909/1246/1155
f 1909/1246/1155 1910/1247/1152 1908/1245/1155
f 1910/1247/1152 1909/1246/1155 1911/1248/1152
f 1911/1248/1152 1912/1249/1155 1910/1247/1152
f 1912/1249/1155 1911/1248/1152 1913/1250/1155
f 1914/1251/1299 1912/1249/1155 1913/1250/1155
f 1912/1249/1155 1914/1251/1299 1915/1252/1299
f 1914/1251/1299 1916/1253/1299 1915/1252/1299
f 1916/1253/1299 1914/1251/1299 1917/1254/1299
f 1918/1255/1152 1916/1253/1299 1917/1254/1299
f 1918/1255/1152 1919/1256/1152 1916/1253/1299
f 1920/1257/1152 1919/1256/1152 1918/1255/1152
f 1920/1257/1152 1921/1258/1152 1919/1256/1152
f 1922/1259/1152 1921/1258/1152 1920/1257/1152
f 1921/1258/1152 1922/1259/1152 1923/1260/1152
f 1922/1259/1152 1924/1261/1152 1923/1260/1152
f 1924/1261/1152 1922/1259/1152 1925/1262/1152
f 1926/1263/1152 1921/1258/1152 1923/1260/1152
f 1924/1261/1152 1926/1263/1152 1923/1260/1152
f 1926/1263/1152 1924/1261/1152 1927/1264/1152
f 1921/1258/1152 1926/1263/1152 1928/1265/1152
f 1929/1266/1300 1926/1263/1152 1927/1264/1152
f 1930/1267/1300 1928/1265/1152 1926/1263/1152
f 1926/1263/1152 1929/1266/1300 1930/1267/1300
f 1801/1156/1246 1930/1267/1300 1929/1266/1300
f 1928/1265/1152 1930/1267/1300 1931/1268/1300
f 1801/1156/1246 1804/1159/1247 1930/1267/1300
f 1930/1267/1300 1804/1159/1247 1931/1268/1300
f 1897/1234/1298 1931/1268/1300 1804/1159/1247
f 1932/1269/1171 1933/1270/1171 1934/1271/1171
f 1932/1269/1171 1935/1272/1171 1933/1270/1171
f 1936/1273/1171 1933/1270/1171 1935/1272/1171
f 1933/1270/1171 1936/1273/1171 1937/1274/1171
f 1936/1273/1171 1935/1272/1171 1938/1275/1171
f 1937/1274/1171 1939/1276/1171 1940/1277/1170
f 1939/1276/1171 1937/1274/1171 1936/1273/1171
f 1938/1275/1171 1941/1278/1171 1936/1273/1171
f 1936/1273/1171 1941/1278/1171 1939/1276/1171
f 1941/1278/1171 1938/1275/1171 1942/1279/1171
f 1942/1279/1171 1943/1280/1171 1941/1278/1171
f 1941/1278/1171 1943/1280/1171 1944/1281/1171
f 1941/1278/1171 1944/1281/1171 1939/1276/1171
f 1943/1280/1171 1945/1282/1171 1944/1281/1171
f 1946/1283/1179 1940/1277/1170 1939/1276/1171
f 1939/1276/1171 1944/1281/1171 1946/1283/1179
f 1940/1277/1170 1946/1283/1179 1947/1284/1301
f 1948/1285/1302 1947/1284/1301 1946/1283/1179
f 1944/1281/1171 1949/1286/1179 1946/1283/1179
f 1946/1283/1179 1949/1286/1179 1948/1285/1302
f 1944/1281/1171 1945/1282/1171 1949/1286/1179
f 1950/1287/1179 1948/1285/1302 1949/1286/1179
f 1945/1282/1171 1951/1288/1179 1949/1286/1179
f 1949/1286/1179 1951/1288/1179 1950/1287/1179
f 1952/1289/1179 1950/1287/1179 1951/1288/1179
f 1953/1290/1171 1950/1287/1179 1952/1289/1179
f 1952/1289/1179 1954/1291/1171 1953/1290/1171
f 1955/1292/1171 1953/1290/1171 1954/1291/1171
f 1954/1291/1171 1956/1293/1171 1955/1292/1171
f 1957/1294/1303 1958/1295/1304 1959/1296/1305
f 1960/1297/1306 1959/1296/1305 1958/1295/1304
f 1958/1295/1304 1957/1294/1303 1961/1298/1307
f 1962/1299/1308 1957/1294/1303 1959/1296/1305
f 1957/1294/1303 1962/1299/1308 1963/1300/1308
f 1962/1299/1308 1964/1301/1309 1963/1300/1308
f 1964/1301/1309 1962/1299/1308 1965/1302/1308
f 1965/1302/1308 1966/1303/1310 1964/1301/1309
f 1966/1303/1310 1965/1302/1308 1967/1304/1311
f 1966/1303/1310 1967/1304/1311 1968/1305/1312
f 1968/1305/1312 1969/1306/1313 1966/1303/1310
f 1969/1306/1313 1968/1305/1312 1970/1307/1314
f 1970/1307/1314 1971/1308/1315 1969/1306/1313
f 1972/1309/1316 1971/1308/1315 1970/1307/1314
f 1971/1308/1315 1972/1309/1316 1973/1310/1316
f 1974/1311/1316 1973/1310/1316 1972/1309/1316
f 1973/1310/1316 1974/1311/1316 1975/1312/1316
f 1976/1313/1317 1975/1312/1316 1974/1311/1316
f 1975/1312/1316 1976/1313/1317 1977/1314/1318
f 1977/1314/1318 1976/1313/1317 1978/1315/1319
f 1978/1315/1319 1979/1316/1320 1977/1314/1318
f 1979/1316/1320 1978/1315/1319 1980/1317/1321
f 1980/1317/1321 1981/1318/1322 1979/1316/1320
f 1982/1319/1323 1981/1318/1322 1980/1317/1321
f 1981/1318/1322 1982/1319/1323 1983/1320/1324
f 1984/1321/1325 1983/1320/1324 1982/1319/1323
f 1983/1320/1324 1984/1321/1325 1985/1322/1325
f 1986/1323/1326 1987/1324/1327 1988/1325/1328
f 1987/1324/1327 1986/1323/1326 1989/1326/1327
f 1989/1326/1327 1990/1327/1329 1987/1324/1327
f 1990/1327/1329 1989/1326/1327 1991/1328/1330
f 1991/1328/1330 1992/1329/1331 1990/1327/1329
f 1992/1329/1331 1991/1328/1330 1993/1330/1332
f 1993/1330/1332 1994/1331/1333 1992/1329/1331
f 1994/1331/1333 1993/1330/1332 1995/1332/1334
f 1996/1333/1335 1997/1334/1155 1998/1335/1336
f 1997/1334/1155 1996/1333/1335 1999/1336/1155
f 1996/1333/1335 1998/1335/1336 2000/1295/1337
f 2000/1295/1337 1998/1335/1336 2001/1297/1337
f 1996/1333/1335 2000/1295/1337 2002/1298/1337
f 2003/1337/1338 1538/1001/1064 2004/1338/1339
f 2003/1337/1338 2004/1338/1339 2005/1339/1340
f 1538/1001/1064 2003/1337/1338 2006/1340/1338
f 2003/1337/1338 2005/1339/1340 2007/1341/1341
f 2006/1340/1338 2008/1342/1064 1538/1001/1064
f 1538/1001/1064 2008/1342/1064 2009/1343/1342
f 1538/1001/1064 2009/1343/1342 1536/999/1062
f 2010/1344/1343 2007/1341/1341 2005/1339/1340
f 2011/1345/1344 2010/1344/1343 2005/1339/1340
f 2005/1339/1340 2012/1346/1327 2011/1345/1344
f 2005/1339/1340 2013/1347/1343 2012/1346/1327
f 2005/1339/1340 2014/1348/1345 2013/1347/1343
f 2015/1349/1152 2016/409/1152 2017/406/1152
f 2016/409/1152 2015/1349/1152 2018/1350/1152
f 2019/1351/1152 2018/1350/1152 2015/1349/1152
f 2018/1350/1152 2019/1351/1152 2020/1352/1152
f 2021/1353/1170 2022/1354/1170 2023/1355/1171
f 2024/1356/1171 2025/1357/1170 2021/1353/1170
f 2021/1353/1170 2023/1355/1171 2024/1356/1171
f 2026/1358/1171 2024/1356/1171 2023/1355/1171
f 2022/1354/1170 2027/1359/1171 2023/1355/1171
f 2022/1354/1170 2028/1360/1170 2027/1359/1171
f 2029/1361/1171 2027/1359/1171 2028/1360/1170
f 2023/1355/1171 2030/1362/1171 2026/1358/1171
f 2023/1355/1171 2027/1359/1171 2030/1362/1171
f 2031/1363/1346 2026/1358/1171 2030/1362/1171
f 2027/1359/1171 2029/1361/1171 1932/1269/1171
f 2027/1359/1171 1932/1269/1171 2030/1362/1171
f 2029/1361/1171 1935/1272/1171 1932/1269/1171
f 2030/1362/1171 1934/1271/1171 2031/1363/1346
f 2030/1362/1171 1932/1269/1171 1934/1271/1171
f 2032/1364/1347 2031/1363/1346 1934/1271/1171
f 2032/1364/1347 2033/1365/1348 2031/1363/1346
f 2034/1366/1328 2031/1363/1346 2033/1365/1348
f 2033/1365/1348 2035/1367/1171 2034/1366/1328
f 2036/1368/1171 2034/1366/1328 2035/1367/1171
f 2035/1367/1171 2037/1369/1170 2036/1368/1171
f 2037/1369/1170 2035/1367/1171 2038/1370/1170
f 2039/1371/1170 2037/1369/1170 2038/1370/1170
f 2040/1372/1171 2037/1369/1170 2039/1371/1170
f 2041/1373/1171 2040/1372/1171 2039/1371/1170
f 2040/1372/1171 2041/1373/1171 2042/1374/1171
f 2043/1375/1171 2042/1374/1171 2041/1373/1171
f 2042/1374/1171 2043/1375/1171 2044/1376/1171
f 2043/1375/1171 2045/1377/1171 2044/1376/1171
f 2044/1376/1171 2045/1377/1171 2046/1378/1171
f 2047/1379/1171 2046/1378/1171 2045/1377/1171
f 2048/1380/1170 2046/1378/1171 2047/1379/1171
f 2049/1381/1170 2048/1380/1170 2047/1379/1171
f 2050/1382/1170 2048/1380/1170 2049/1381/1170
f 2049/1381/1170 2051/1383/1349 2050/1382/1170
f 2051/1383/1349 2049/1381/1170 2052/1384/1349
f 2052/1384/1349 2053/1385/1349 2051/1383/1349
f 2053/1385/1349 2054/1386/1349 2051/1383/1349
f 2053/1385/1349 2055/1387/1171 2054/1386/1349
f 2055/1387/1171 2053/1385/1349 2056/1388/1171
f 2056/1388/1171 2057/1389/1171 2055/1387/1171
f 2057/1389/1171 2056/1388/1171 2058/1390/1171
f 2058/1390/1171 2059/1391/1171 2057/1389/1171
f 2059/1391/1171 2058/1390/1171 2060/1392/1171
f 2059/1391/1171 2060/1392/1171 2061/1393/1171
f 2061/1393/1171 2062/1394/1171 2059/1391/1171
f 2063/1395/1171 2060/1392/1171 2058/1390/1171
f 2063/1395/1171 2061/1393/1171 2060/1392/1171
f 2061/1393/1171 2063/1395/1171 2064/1396/1171
f 2058/1390/1171 2065/1397/1171 2063/1395/1171
f 2064/1396/1171 2063/1395/1171 2066/1398/1350
f 2067/1399/1351 2063/1395/1171 2065/1397/1171
f 2067/1399/1351 2066/1398/1350 2063/1395/1171
f 2065/1397/1171 2068/1400/1352 2067/1399/1351
f 2067/1399/1351 1947/1284/1301 2066/1398/1350
f 2068/1400/1352 2069/1401/1352 2067/1399/1351
f 1947/1284/1301 2067/1399/1351 2069/1401/1352
f 2069/1401/1352 2068/1400/1352 2070/1402/1351
f 2071/1403/1170 2069/1401/1352 2070/1402/1351
f 2072/1404/1170 2071/1403/1170 2070/1402/1351
f 1947/1284/1301 2069/1401/1352 1940/1277/1170
f 2071/1403/1170 1940/1277/1170 2069/1401/1352
f 2072/1404/1170 2073/1405/1171 2071/1403/1170
f 2073/1405/1171 2072/1404/1170 2032/1364/1347
f 1934/1271/1171 2073/1405/1171 2032/1364/1347
f 2073/1405/1171 1937/1274/1171 2071/1403/1170
f 1937/1274/1171 1940/1277/1170 2071/1403/1170
f 1934/1271/1171 1933/1270/1171 2073/1405/1171
f 1937/1274/1171 2073/1405/1171 1933/1270/1171
f 2074/1406/1152 2075/1407/1353 2076/1408/1152
f 2075/1407/1353 2074/1406/1152 2077/1409/1152
f 2076/1408/1152 2075/1407/1353 2078/1410/1152
f 2078/1410/1152 2075/1407/1353 2079/1411/1152
f 2078/1410/1152 2080/1412/1353 2076/1408/1152
f 2080/1412/1353 2081/1413/1155 2082/1414/1155
f 2081/1413/1155 2080/1412/1353 2083/1415/1354
f 2083/1415/1354 2080/1412/1353 2078/1410/1152
f 2084/1416/1355 2083/1415/1354 2078/1410/1152
f 2079/1411/1152 2085/1417/1152 2078/1410/1152
f 2085/1417/1152 2079/1411/1152 2086/1418/1356
f 2087/1419/1152 2086/1418/1356 2079/1411/1152
f 2086/1418/1356 2087/1419/1152 2088/1420/1152
f 2086/1418/1356 2089/1421/1152 2085/1417/1152
f 2089/1421/1152 2090/1422/1152 2085/1417/1152
f 2090/1422/1152 2089/1421/1152 2091/1423/1152
f 2077/1409/1152 2090/1422/1152 2091/1423/1152
f 2092/1424/1152 2090/1422/1152 2077/1409/1152
f 2093/1425/1353 2092/1424/1152 2077/1409/1152
f 2084/1416/1355 2093/1425/1152 2094/1426/1152
f 2093/1425/1353 2095/1427/1152 2092/1424/1152
f 2093/1425/1152 2084/1416/1355 2096/1428/1152
f 2078/1410/1152 2096/1428/1152 2084/1416/1355
f 2097/1429/1152 2092/1424/1152 2095/1427/1152
f 2097/1429/1152 2096/1428/1152 2078/1410/1152
f 2092/1424/1152 2097/1429/1152 2078/1410/1152
f 2098/1430/1357 2099/1431/1358 2100/1432/1359
f 2101/1433/151 2098/1430/1357 2100/1432/1359
f 2102/1434/1360 2103/1435/1361 2104/1436/1362
f 2103/1435/1361 2105/1437/1363 2104/1436/1362
f 2106/1438/1364 2107/1434/1365 2104/1436/1362
f 2104/1436/1362 2105/1437/1363 2108/1439/1366
f 2109/1440/1367 2106/1438/1364 2104/1436/1362
f 2109/1440/1367 2104/1436/1362 2108/1439/1366
f 2106/1438/1364 2109/1440/1367 1634/1052/1368
f 2110/1434/1369 2106/1438/1364 1634/1052/1368
f 2105/1437/1363 2111/1441/1370 2108/1439/1366
f 2105/1437/1363 2112/1442/1371 2111/1441/1370
f 2112/1442/1371 2113/1443/1372 2111/1441/1370
f 2111/1441/1370 2114/1444/1373 2108/1439/1366
f 2114/1444/1373 2115/1057/1374 2108/1439/1366
f 2109/1440/1367 2108/1439/1366 1639/1055/1140
f 2108/1439/1366 2116/1057/1375 1639/1055/1140
f 2117/1445/1376 2109/1440/1367 1639/1055/1140
f 2109/1440/1367 2117/1445/1376 1634/1052/1368
f 1637/1054/1138 2117/1445/1376 1639/1055/1140
f 2117/1445/1376 1637/1054/1138 1634/1052/1368
f 1637/1054/1138 2118/784/1377 1634/1052/1368
f 2119/1051/1378 2120/1434/1379 1634/1052/1135
f 2120/1434/1379 2119/1051/1378 2121/1053/1380
f 2122/1446/1090 2123/1447/1090 2124/1448/1090
f 2123/1447/1090 2122/1446/1090 2125/1449/1090
f 2126/1450/1170 2127/1451/1170 2128/1452/1381
f 2128/1452/1381 2129/1453/1382 2126/1450/1170
f 2129/1453/1382 2128/1452/1381 2130/1454/1383
f 2130/1454/1383 2128/1452/1381 2131/1455/1384
f 2130/1454/1383 2132/1456/1385 2129/1453/1382
f 2133/1457/1090 2134/1458/1090 2135/1459/1090
f 2135/1459/1090 2136/1460/1090 2133/1457/1090
f 1413/937/959 2137/865/870 1416/352/869
f 2138/865/870 1413/937/959 2139/864/1386
f 1413/937/959 2140/1461/1387 2139/864/1386
f 2140/1461/1387 1413/937/959 1415/938/961
f 2141/1219/1388 2142/1462/1389 1415/938/961
f 2142/1462/1389 2143/1463/1390 1415/938/961
f 2143/1463/1390 2140/1461/1387 1415/938/961
f 2140/1461/1387 2143/1463/1390 2144/864/1386
f 2145/1464/1391 2146/970/1392 2144/864/1393
f 2146/970/1392 2147/863/1394 2144/864/1393
f 2148/863/1395 2146/970/1012 2149/859/1014
f 2150/857/1396 2151/856/1397 2149/859/1398
f 2152/971/1013 2153/857/1399 2149/859/1398
f 2143/1463/1390 2154/1464/1400 2155/864/1393
f 2143/1463/1401 2156/1462/1402 2157/1465/1403
f 2158/1466/1404 2143/1463/1401 2159/1465/964
f 2143/1463/1401 2158/1466/1404 2160/1467/1405
f 2161/1464/1406 2143/1463/1401 2160/1467/1405
f 2162/970/1407 2163/1464/1408 2160/1467/1405
f 2164/1053/1409 2165/785/1410 2166/1180/1411
f 2167/783/1412 2165/785/1410 2164/1053/1409
f 1632/784/1413 2167/783/1412 2164/1053/1409
f 2168/633/1155 2169/413/1155 2170/410/1155
f 2169/413/1155 2168/633/1155 2171/1468/1155
f 2172/635/1155 2171/1468/1155 2168/633/1155
f 2171/1468/1155 2172/635/1155 2173/1469/1155
f 2174/1470/1414 2175/1471/1415 2176/1472/1416
f 2176/1472/1416 2177/1473/1417 2174/1470/1414
f 2174/1470/1414 2178/698/1171 2175/1471/1415
f 2177/1473/1417 2176/1472/1416 2179/1474/1171
f 2178/698/1171 2174/1470/1414 2180/1475/1418
f 2179/1474/1171 2181/1476/1419 2177/1473/1417
f 2180/1475/1171 2182/1477/1171 2181/1476/1419
f 2181/1476/1419 2183/1478/1416 2180/1475/1171
f 2183/1478/1416 2181/1476/1419 2179/1474/1171
f 2178/698/1171 2180/1475/1418 2184/1479/1171
f 2179/1474/1171 2185/1480/1419 2183/1478/1416
f 2176/1472/1416 2186/1481/1418 2179/1474/1171
f 2187/1482/1420 2184/1479/1171 2185/1480/1419
f 2185/1480/1419 2188/1483/1416 2187/1482/1420
f 2188/1483/1416 2185/1480/1419 2179/1474/1171
f 2189/1484/1171 2184/1479/1171 2187/1482/1420
f 2184/1479/1171 2189/1484/1171 2178/698/1171
f 2189/1484/1171 2187/1482/1420 2190/1485/1171
f 2191/1486/1171 2189/1484/1171 2190/1485/1171
f 2191/1486/1171 2188/1483/1416 2179/1474/1171
f 2191/1486/1171 2179/1474/1171 2189/1484/1171
f 2186/1481/1418 2192/1487/1171 2179/1474/1171
f 2193/697/1171 2179/1474/1171 2192/1487/1171
f 2192/1487/1171 2186/1481/1418 2194/1488/1421
f 2193/697/1171 2192/1487/1171 2195/1489/1171
f 2195/1489/1171 2178/698/1171 2193/697/1171
f 2194/1488/1421 2196/1490/1171 2192/1487/1171
f 2178/698/1171 2196/1490/1171 2194/1488/1421
f 2178/698/1171 2194/1488/1421 2175/1471/1415
f 2178/698/1171 2197/1491/1171 2196/1490/1171
f 2178/698/1171 2195/1489/1171 2197/1491/1171
f 2198/1492/1171 2199/1493/1171 2200/416/1171
f 2200/416/1171 2201/415/1171 2198/1492/1171
f 2199/1493/1171 2198/1492/1171 2202/1494/1171
f 2203/1495/1171 2199/1493/1171 2202/1494/1171
f 2204/1496/1152 2205/1497/1152 2206/1498/1152
f 2205/1497/1152 2204/1496/1152 2207/1499/1152
f 2207/1499/1152 2208/1500/1152 2205/1497/1152
f 2208/1500/1152 2207/1499/1152 2209/1501/1152
f 2210/1502/1422 2211/1503/1423 2212/1454/1424
f 2213/1456/1424 2212/1454/1424 2211/1503/1423
f 2214/1455/1424 2210/1502/1422 2212/1454/1424
f 2210/1502/1422 2215/1504/1425 2211/1503/1423
f 2215/1504/1425 2210/1502/1422 2216/1505/1426
f 2217/1506/1427 2215/1504/1425 2216/1505/1426
f 2217/1506/1427 2218/1507/1428 2215/1504/1425
f 2218/1507/1428 2217/1506/1427 2219/1508/1429
f 2219/1508/1429 2220/1509/1430 2218/1507/1428
f 2219/1508/1429 2221/1510/1431 2220/1509/1430
f 2221/1510/1431 2219/1508/1429 2222/1511/1279
f 2222/1511/1279 2223/1512/1432 2221/1510/1431
f 2223/1512/1432 2222/1511/1279 2224/1513/1432
f 2225/1514/1433 2226/1515/1434 2227/1516/1435
f 2228/1517/1436 2226/1515/1434 2225/1514/1433
f 2229/1518/1437 2226/1515/1434 2228/1517/1436
f 2226/1515/1434 2229/1518/1437 2230/1519/1438
f 2231/1520/1439 2230/1519/1438 2229/1518/1437
f 2229/1518/1437 2232/1521/1440 2231/1520/1439
f 2229/1518/1437 2233/1522/1441 2232/1521/1440
f 2233/1522/1441 2234/1523/1442 2232/1521/1440
f 2234/1523/1442 2233/1522/1441 2235/1524/1442
f 2235/1524/1442 2236/1525/1443 2234/1523/1442
f 2236/1525/1443 2235/1524/1442 2237/1526/1443
f 2238/1527/1444 2239/1334/1444 2240/1336/1444
f 2239/1334/1444 2238/1527/1444 2241/1528/1445
f 2242/1529/1171 2243/1530/1171 2244/1531/1171
f 2243/1530/1171 2245/1532/1171 2244/1531/1171
f 2246/1533/1171 2244/1531/1171 2245/1532/1171
f 2244/1531/1171 2246/1533/1171 2247/1534/1171
f 2248/1535/1446 2249/1536/1447 2250/1537/1448
f 2249/1536/1447 2248/1535/1446 2251/1538/1446
f 2252/1539/1152 2251/1538/1446 2248/1535/1446
f 2251/1538/1446 2252/1539/1152 2253/1540/1152
f 2253/1540/1152 2252/1539/1152 2254/1541/1449
f 2254/1541/1449 2255/1542/1449 2253/1540/1152
f 2255/1542/1449 2254/1541/1449 2256/1543/1450
f 2256/1543/1450 2257/1544/1451 2255/1542/1449
f 2258/433/1170 2259/1545/1170 2260/434/1170
f 2261/650/1170 2260/434/1170 2259/1545/1170
f 2259/1545/1170 2262/1546/1170 2261/650/1170
f 2263/653/1170 2261/650/1170 2262/1546/1170
f 1484/976/1023 1483/975/1022 2264/1547/1452
f 1491/977/1029 1484/976/1023 2264/1547/1452
f 1491/977/1029 2265/1548/1453 1492/377/1030
f 2265/1548/1453 2266/1549/1454 1492/377/1030
f 2266/1549/1455 2267/1550/1456 2268/377/1457
f 2269/1550/1456 2270/376/1458 2268/377/1459
f 2265/1548/1453 1491/977/1029 2271/1551/1460
f 2271/1551/1460 1491/977/1029 2264/1547/1452
f 2272/1552/1461 2265/1548/1453 2271/1551/1460
f 2273/1430/1462 2272/1552/1461 2271/1551/1460
f 2274/1431/1463 2271/1551/1460 2264/1547/1452
f 2274/1431/1463 2275/1430/1464 2271/1551/1460
f 2276/1553/1465 2277/1431/1466 2264/1547/1452
f 2278/1554/1467 2276/1553/1465 2264/1547/1452
f 1483/975/1022 2278/1554/1467 2264/1547/1452
f 2278/1554/1467 1483/975/1022 2279/849/1468
f 2280/847/1469 2281/985/1470 2279/849/1468
f 2281/985/1470 2282/1555/1471 2279/849/1468
f 2281/985/1470 2283/847/814 2284/843/1035
f 2285/840/1472 2286/984/1473 2284/843/1474
f 2287/841/1475 2288/840/798 2284/843/1476
f 2289/1555/1471 2278/1554/1467 2290/849/1468
f 2291/1553/1477 2278/1554/1478 2292/1556/1479
f 2278/1554/1478 2293/1557/1480 2294/1556/1481
f 2293/1557/1480 2278/1554/1478 2295/1558/1482
f 2278/1554/1478 2296/1555/1483 2295/1558/1482
f 2297/1555/1483 2298/985/1484 2295/1558/1485
f 2299/1559/1486 2300/1560/878 2301/1561/1487
f 2300/1560/878 2299/1559/1486 2302/1562/1486
f 2303/1563/1488 2302/1562/1486 2299/1559/1486
f 2302/1562/1486 2303/1563/1488 2304/1564/1488
f 2305/1565/1152 2304/1564/1488 2303/1563/1488
f 2304/1564/1488 2305/1565/1152 2306/1566/1152
f 2306/1566/1152 2305/1565/1152 2307/1567/1489
f 2307/1567/1489 2308/1568/1490 2306/1566/1152
f 2308/1568/1490 2307/1567/1489 2309/1569/1491
f 2309/1569/1491 2310/1570/1492 2308/1568/1490
f 2309/1569/1491 2311/1571/1090 2310/1570/1492
f 2311/1571/1090 2309/1569/1491 2312/1572/1090
f 2313/1573/1493 2314/1450/1493 2315/1574/1493
f 2314/1450/1493 2313/1573/1493 2316/1451/1493
f 2317/1141/1494 2318/1575/1495 2319/1576/1495
f 2318/1575/1495 2317/1141/1494 2320/1143/1494
f 2321/1577/1171 2322/1578/1496 2323/1579/1171
f 2322/1578/1496 2321/1577/1171 2324/1580/1497
f 2324/1580/1497 2325/1581/1498 2322/1578/1496
f 2325/1581/1498 2324/1580/1497 2326/1582/1499
f 2323/1579/1171 2327/1583/1500 2321/1577/1171
f 2327/1583/1500 2323/1579/1171 2328/1584/1501
f 2328/1584/1501 2329/1585/1502 2327/1583/1500
f 2329/1585/1502 2328/1584/1501 2330/1586/1502
f 2331/1587/1503 2332/1147/1504 2333/1588/1503
f 2332/1147/1504 2331/1587/1503 2334/1145/1505
f 2335/1589/1171 2336/1590/1506 2337/1591/1171
f 2336/1590/1506 2335/1589/1171 2338/1592/1506
f 2337/1591/1171 2339/1593/1507 2335/1589/1171
f 2338/1592/1506 2340/1594/1508 2336/1590/1506
f 2339/1593/1507 2337/1591/1171 2341/1595/1509
f 2340/1594/1508 2338/1592/1506 2342/1596/1510
f 2343/1597/908 2340/1594/1508 2342/1596/1510
f 2340/1594/1508 2343/1597/908 2344/1598/1511
f 2341/1595/1509 2345/1599/1512 2339/1593/1507
f 2345/1599/1512 2341/1595/1509 2346/1600/1512
f 2345/1599/1512 2346/1600/1512 2347/1601/1090
f 2347/1601/1090 2348/1602/1090 2345/1599/1512
f 2349/1009/1513 1647/1008/1147 1645/1056/1145
f 2350/1603/1514 2349/1009/1513 1645/1056/1145
f 2351/1009/1513 2350/1603/1514 2352/1604/1515
f 2353/912/1516 2349/1009/1513 2354/1604/1517
f 2355/1605/1518 2353/912/1519 2356/1604/1520
f 2357/1057/1375 2358/1606/1521 1645/1056/1522
f 2359/1606/1523 2360/1607/1524 1645/1056/1525
f 2360/1607/1524 2361/1603/1526 1645/1056/1525
f 2361/1603/1526 2360/1607/1524 2362/1604/1527
f 2360/1607/1524 2363/1608/1528 2362/1604/1527
f 2364/1609/1529 2365/1605/1530 2362/1604/1531
f 2365/1605/1530 2366/1609/1532 2367/1610/1533
f 2353/912/1516 2368/1605/1534 2367/1610/796
f 2369/1611/1535 2370/1612/1536 2367/1610/1537
f 2371/1609/1529 2369/1611/1535 2367/1610/1537
f 2372/1612/1538 2373/1613/1539 2367/1610/1540
f 2372/1612/1541 2374/1614/1542 2375/1615/1543
f 2376/1613/1539 2372/1612/1541 2375/1615/1543
f 2377/1613/1544 2378/910/921 2367/1610/791
f 2378/910/921 1372/911/1545 2367/1610/791
f 1372/911/1545 2379/912/1519 2367/1610/791
f 2378/910/1546 2380/1613/1544 2381/1615/1547
f 2382/909/920 2378/910/1546 2381/1615/1547
f 1367/908/1548 2382/909/920 2383/1615/1549
f 2384/1616/1550 1367/908/1548 2383/1615/1549
f 2385/907/1551 1367/908/1548 2386/1617/1552
f 1367/908/1548 2384/1616/1550 2387/1617/1553
f 1242/835/789 2385/907/1554 2387/1617/1555
f 1243/836/790 1242/835/789 2387/1617/1555
f 2388/1216/1556 2389/1219/1557 2390/1618/1558
f 2390/1618/1558 2389/1219/1557 1415/938/961
f 2391/1619/1559 2392/1216/1560 2390/1618/1558
f 1404/933/949 2391/1619/1559 2390/1618/1558
f 1405/934/950 1404/933/949 2390/1618/1558
f 1405/934/950 2390/1618/1558 1415/938/961
f 2393/1116/1155 2394/1620/1155 2395/1115/1155
f 2394/1620/1155 2393/1116/1155 2396/1621/1155
f 2396/1621/1155 2397/1622/1561 2394/1620/1155
f 2397/1622/1561 2396/1621/1155 2398/1623/1562
f 2399/1624/1563 2397/1622/1561 2398/1623/1562
f 2399/1624/1563 2400/1625/1564 2397/1622/1561
f 2400/1625/1564 2399/1624/1563 2401/1626/1565
f 2400/1625/1564 2401/1626/1565 2402/1627/1436
f 2403/1080/1566 2402/1627/1436 2401/1626/1565
f 2403/1080/1566 2404/1078/1566 2402/1627/1436
f 2402/1627/1436 2404/1078/1566 2405/1081/1566
f 2406/1462/1567 2407/1219/1568 2408/1465/1569
f 2409/1628/593 2407/1219/1568 2410/1218/1570
f 2411/1219/1568 2412/1628/593 2408/1465/1569
f 2413/1629/1170 2414/1630/1170 2415/1139/1170
f 2415/1139/1170 2416/1138/1170 2413/1629/1170
f 2414/1630/1170 2413/1629/1170 2417/1631/1571
f 2417/1631/1571 2418/1632/1572 2414/1630/1170
f 2417/1631/1571 2419/1633/1573 2418/1632/1572
f 2420/1634/1574 2419/1633/1573 2417/1631/1571
f 2419/1633/1573 2420/1634/1574 2421/1635/1575
f 2421/1635/1575 2420/1634/1574 2422/1636/1576
f 2421/1635/1575 2422/1636/1576 2423/1117/1576
f 2424/1121/1576 2423/1117/1576 2422/1636/1576
f 2421/1635/1575 2423/1117/1576 2425/1119/1577
f 2426/1637/1578 2427/1638/1579 2428/1639/1580
f 2429/1640/1579 2428/1639/1580 2427/1638/1579
f 2427/1638/1579 2430/1641/1580 2429/1640/1579
f 2431/1642/1578 2429/1640/1579 2430/1641/1580
f 2430/1641/1580 2432/1643/1580 2431/1642/1578
f 2432/1643/1580 2430/1641/1580 2433/1644/1578
f 2434/1431/1358 2435/1553/1581 2436/1556/1582
f 2437/1645/598 2438/1431/1583 2436/1556/1584
f 2434/1431/1585 2439/1645/598 2440/1432/1586
f 2441/1646/1587 2442/1647/1588 2443/1648/1589
f 2441/1646/1587 2444/1649/1590 2442/1647/1588
f 2444/1649/1590 2441/1646/1587 2445/1650/1591
f 2445/1650/1591 2446/1651/1279 2444/1649/1590
f 2445/1650/1591 2447/1652/1171 2446/1651/1279
f 2447/1652/1171 2445/1650/1591 2448/1653/1592
f 2449/1654/1593 2447/1652/1171 2448/1653/1592
f 2448/1653/1592 2450/1655/1594 2449/1654/1593
f 2450/1655/1594 2448/1653/1592 2451/1656/1595
f 2452/1657/1152 2453/1658/1152 2454/1659/1152
f 2452/1657/1152 2455/1660/1152 2453/1658/1152
f 2456/1661/1152 2457/1662/1152 2458/1663/1152
f 2457/1662/1152 2456/1661/1152 2459/1664/1152
f 2457/1662/1152 2459/1664/1152 2460/1665/1152
f 2457/1662/1152 2460/1665/1152 2461/1666/1152
f 2460/1665/1152 2462/1667/1155 2461/1666/1152
f 2462/1667/1155 2460/1665/1152 2463/1668/1155
f 2463/1668/1155 2464/1669/1152 2462/1667/1155
f 2464/1669/1152 2463/1668/1155 2465/1670/1152
f 2465/1670/1152 2466/1671/1152 2464/1669/1152
f 2466/1671/1152 2465/1670/1152 2467/1672/1152
f 2468/1673/1152 2466/1671/1152 2467/1672/1152
f 2466/1671/1152 2468/1673/1152 2469/1674/1152
f 2470/1675/2 2471/1676/2 2472/1677/2
f 2473/1678/2 2472/1677/2 2471/1676/2
f 2474/1679/92 2475/1680/92 2476/1681/92
f 2475/1680/92 2474/1679/92 2477/1682/92
f 2478/1683/92 2474/1679/92 2476/1681/92
f 2479/1684/92 2477/1682/92 2474/1679/92
f 2477/1682/92 2479/1684/92 2480/1685/1487
f 2474/1679/92 2481/1686/92 2479/1684/92
f 2474/1679/92 2478/1683/92 2482/1687/92
f 2481/1686/92 2474/1679/92 2482/1687/92
f 2483/1688/92 2482/1687/92 2478/1683/92
f 2482/1687/92 2484/1689/92 2481/1686/92
f 2482/1687/92 2483/1688/92 2485/1690/92
f 2484/1689/92 2482/1687/92 2485/1690/92
f 2483/1688/92 2486/1691/1596 2485/1690/92
f 2486/1691/1596 2484/1689/92 2485/1690/92
f 2487/1692/1596 2486/1691/1596 2483/1688/92
f 2484/1689/92 2486/1691/1596 2488/1693/1596
f 2489/1694/1171 2490/1695/1171 2491/1696/1171
f 2490/1695/1171 2489/1694/1171 2492/1697/1171
f 2493/1698/1170 2494/1699/1170 2495/1700/1170
f 2495/1700/1170 2496/1701/1170 2493/1698/1170
f 2493/1698/1170 2497/1702/1171 2494/1699/1170
f 2497/1702/1171 2493/1698/1170 2498/1703/1171
f 2497/1702/1171 2498/1703/1171 2499/1704/1171
f 2500/1705/1171 2497/1702/1171 2499/1704/1171
f 2500/1705/1171 2499/1704/1171 2501/1706/1171
f 2502/1707/1170 2500/1705/1171 2501/1706/1171
f 2503/1708/1170 2502/1707/1170 2501/1706/1171
f 2502/1707/1170 2503/1708/1170 2504/1709/1170
f 2503/1708/1170 2505/1710/1170 2504/1709/1170
f 2503/1708/1170 2506/1711/1170 2505/1710/1170
f 2507/1049/1597 2508/1100/1598 2509/1712/1598
f 2508/1100/1598 2507/1049/1597 2510/1050/1597
f 2511/971/1599 2512/970/1600 2513/914/1601
f 2514/1713/92 2515/1713/1602 2516/1713/1603
f 2517/1714/1604 2518/1714/1605 2519/1714/1606
f 2520/1715/92 2521/1715/1607 2522/1715/1608
f 2523/1716/92 2524/1716/1609 2525/1716/92
f 2526/1717/1606 2527/1717/1610 2528/1717/1611
f 2529/1718/1612 2530/1718/1606 2531/1718/1611
f 2532/1719/1613 2533/1719/1614 2534/1719/1615
f 2535/1720/92 2536/1721/92 2537/1722/92
f 2538/1723/92 2539/1724/92 2540/1725/92
f 2541/1726/1616 2542/627/1617 2543/626/1617
f 2541/1726/1616 2543/626/1617 2544/1082/1616
f 2545/985/1618 2546/984/1619 2547/916/1620
f 2548/1727/1152 2549/1728/1152 2550/1729/1152
f 2549/1728/1152 2548/1727/1152 2551/1730/1152
f 2552/1731/1621 2553/1133/1622 1754/1128/1623
f 2554/1130/1624 2552/1731/1621 1754/1128/1623
f 2552/1731/1621 2554/1130/1624 2555/1131/1625
f 2556/1732/1626 2552/1731/1621 2555/1131/1625
f 2557/1132/1627 2558/1733/1628 2555/1131/1629
f 2559/1733/1630 2557/1132/1631 1609/1046/1632
f 2560/1734/1633 2561/1735/1634 1609/1046/1635
f 2561/1735/1634 2562/1733/1630 1609/1046/1635
f 2563/1045/1636 2564/1734/1637 1609/1046/846
f 2565/1736/1638 2564/1734/1633 2566/1047/1639
f 2564/1734/1633 2567/1045/1640 2566/1047/1639
f 2568/1737/1152 2569/1738/1152 2570/1739/1152
f 2570/1739/1152 2571/1740/1152 2568/1737/1152
f 2572/1741/1152 2568/1737/1152 2571/1740/1152
f 2569/1738/1152 2568/1737/1152 2573/1742/1152
f 2573/1742/1152 2574/1743/1152 2569/1738/1152
f 2575/1744/1641 2576/1745/1642 2577/1746/1641
f 2576/1745/1642 2575/1744/1641 2578/1747/1152
f 2578/1747/1152 2575/1744/1641 2579/1748/1155
f 2580/1749/1643 2581/1750/1643 2582/1751/1644
f 2583/1752/1645 2582/1751/1644 2581/1750/1643
f 2581/1750/1643 2580/1749/1643 2584/1753/1646
f 2585/1754/1646 2584/1753/1646 2580/1749/1643
f 2586/1109/968 2584/1753/1646 2585/1754/1646
f 2584/1753/1646 2586/1109/968 2587/1110/968
f 2588/1755/92 2589/1756/92 2590/1757/92
f 2589/1756/92 2591/1758/92 2592/1759/92
s 0
f 2592/1759/878 2591/1758/1487 2593/1760/1647
f 2594/1755/1647 2595/1758/1648 2596/1756/1649
s 1
f 2597/1761/92 2598/1762/92 2599/1763/92
f 2600/1764/92 2597/1761/92 2601/1765/92
s 0
f 2600/1764/1487 2601/1765/1647 2602/1766/900
f 2603/1762/1511 2604/1761/1649 2605/1764/702
s 1
f 2606/1767/1171 2607/1768/1171 2608/1769/1171
f 2608/1769/1171 2609/1770/1171 2606/1767/1171
f 2610/1771/1650 2611/948/1651 2612/947/1652
f 2611/948/1651 2610/1771/1650 2613/1083/1650
f 2614/1772/1653 2615/1773/1653 2616/1774/1152
f 2615/1773/1653 2614/1772/1653 2617/1775/1654
f 2617/1775/1654 2618/1776/1450 2615/1773/1653
f 2616/1774/1152 2619/1777/1152 2614/1772/1653
f 2620/1778/1655 2619/1777/1152 2616/1774/1152
f 2619/1777/1152 2620/1778/1655 2621/1779/1655
f 2622/1780/1656 2621/1779/1655 2620/1778/1655
f 2621/1779/1655 2622/1780/1656 2623/1781/1656
f 2624/1782/1302 2625/1783/1179 2626/1784/1414
f 2627/1785/1179 2626/1784/1414 2625/1783/1179
f 2625/1783/1179 2624/1782/1302 2628/1786/1657
f 2629/1787/1171 2630/1788/1171 2631/1789/1171
f 2630/1788/1171 2629/1787/1171 2632/1790/1171
f 2632/1790/1171 2633/1791/1171 2630/1788/1171
f 2632/1790/1171 2634/1792/1171 2633/1791/1171
f 2634/1792/1171 2632/1790/1171 2635/1793/1171
f 2636/970/1407 2637/1794/1658 2638/914/1659
f 2639/1795/1660 2640/1796/1661 2641/1797/1662
f 2641/1797/1662 2642/1798/1502 2639/1795/1660
f 2639/1795/1660 2643/1799/1171 2640/1796/1661
f 2643/1799/1171 2639/1795/1660 2644/1800/1171
f 2644/1800/1171 2645/1801/1663 2643/1799/1171
f 2645/1801/1663 2644/1800/1171 2646/1802/1496
f 2646/1802/1496 2647/1803/1498 2645/1801/1663
f 2647/1803/1498 2646/1802/1496 2648/1804/1498
f 2649/1805/1664 2650/1806/1665 2651/1807/1666
f 2650/1806/1665 2652/1808/1667 2651/1807/1666
f 2653/1125/1668 2654/1809/1669 2655/1140/1670
f 2656/1810/1671 2654/1809/1669 2653/1125/1668
f 2654/1809/1669 2657/1811/1672 2658/1140/1670
f 2659/954/1673 2660/957/1674 2661/921/1675
f 2662/957/1676 2663/954/981 2664/929/983
f 2665/1812/1677 2014/1348/1345 2005/1339/1340
f 2005/1339/1340 2666/1813/1678 2665/1812/1677
f 2666/1813/1678 2005/1339/1340 2667/1814/1679
f 2667/1814/1679 2668/1815/1680 2666/1813/1678
f 2669/1816/1681 2668/1815/1680 2667/1814/1679
f 2670/1817/1682 2669/1816/1681 2667/1814/1679
f 2667/1814/1679 2671/1818/1683 2670/1817/1682
f 2671/1818/1683 2667/1814/1679 2672/1819/1684
f 2672/1819/1684 2673/1820/1685 2671/1818/1683
f 2674/1821/1686 2673/1820/1685 2672/1819/1684
f 2672/1819/1684 2675/1822/1687 2674/1821/1686
f 2675/1822/1687 2676/1823/1683 2674/1821/1686
f 2676/1823/1683 2677/1822/1687 2678/1824/1385
f 2679/1825/1688 2680/1826/1689 2681/1827/1090
f 2680/1826/1689 2682/1828/1090 2681/1827/1090
f 2680/1826/1689 2679/1825/1688 2683/1829/1690
f 2684/1830/1691 2683/1829/1690 2679/1825/1688
f 2685/1831/1692 2686/985/1484 2687/916/932
f 2688/1832/1693 2689/1180/1694 2690/1181/1695
f 2688/1832/1693 2691/1833/1696 2689/1180/1694
f 2692/1834/1697 2688/1832/1698 2693/1181/1695
f 2694/1835/1152 2695/1836/1152 2696/1837/1152
f 2695/1836/1152 2694/1835/1152 2697/1838/1152
f 2696/1837/1152 2698/1839/1152 2694/1835/1152
f 2699/1840/1152 2695/1836/1152 2697/1838/1152
f 2700/1841/1152 2698/1839/1152 2696/1837/1152
f 2695/1836/1152 2699/1840/1152 2701/1842/1152
f 2701/1842/1152 2699/1840/1152 2702/1843/1155
f 2702/1843/1155 2699/1840/1152 2703/1844/1155
f 2700/1841/1152 2704/1845/1152 2698/1839/1152
f 2704/1845/1152 2700/1841/1152 2705/1846/1152
f 2705/1846/1152 2706/1847/1155 2704/1845/1152
f 2706/1847/1155 2705/1846/1152 2707/1848/1155
f 2706/1847/1155 2707/1848/1155 2708/1849/1155
f 2708/1849/1155 2707/1848/1155 2709/1850/1155
f 2710/1851/1699 2711/917/1700 2712/918/1701
f 2711/917/1700 2710/1851/1699 2713/1099/1702
f 2714/1184/1703 2715/1852/1704 2716/1124/1705
f 2715/1852/1704 2717/1810/1706 2716/1124/1705
f 2718/1124/1705 2717/1810/1707 2719/1125/1708
f 2720/1833/1709 2721/1053/1710 2722/1180/1711
f 2720/1833/1712 2723/1853/1713 2724/1053/1710
f 2723/1853/1713 2725/1434/1714 2724/1053/1710
f 2726/1129/1715 2727/1133/1716 2728/1854/1717
f 2729/1653/1718 2730/1650/1719 2731/1855/1720
f 2729/1653/1718 2731/1855/1720 2732/1856/1721
f 2733/1857/1722 2729/1653/1723 2734/1856/1724
f 2729/1653/1723 2733/1857/1722 2735/1656/1725
f 2736/1606/1726 2737/1057/1727 2738/1858/1728
f 2739/1576/1729 2740/1859/1730 2741/1860/1730
f 2740/1859/1730 2739/1576/1729 2742/1575/1729
f 2743/1861/1731 2741/1860/1730 2740/1859/1730
f 2743/1861/1731 2740/1859/1730 2744/1862/1732
f 2745/1863/92 2746/1864/92 2747/1865/92
f 2746/1864/92 2745/1863/92 2748/1866/92
f 2749/1867/1733 2750/1587/1734 2751/1588/1734
f 2751/1588/1734 2752/1868/1733 2749/1867/1733
f 2753/1869/1735 2749/1867/1733 2752/1868/1733
f 2749/1867/1733 2753/1869/1735 2754/1870/1736
f 2755/1771/1737 2756/1871/1738 2757/1086/1738
f 2757/1086/1738 2758/1083/1737 2755/1771/1737
f 2759/1872/1739 2760/1873/1740 2761/1874/1152
f 2761/1874/1152 2762/1875/1152 2759/1872/1739
f 2760/1873/1740 2759/1872/1739 2763/1876/1741
f 2764/1877/1742 2762/1875/1152 2761/1874/1152
f 2763/1876/1741 2765/1878/1741 2760/1873/1740
f 2763/1876/1741 2766/1879/1743 2765/1878/1741
f 2766/1879/1743 2763/1876/1741 2767/1880/1744
f 2762/1875/1152 2764/1877/1742 2768/1881/1745
f 2769/1882/1746 2768/1881/1745 2764/1877/1742
f 2768/1881/1745 2769/1882/1746 2770/1883/1746
f 2771/1884/904 2770/1883/1746 2769/1882/1746
f 2770/1883/1746 2771/1884/904 2772/1885/904
f 2773/1886/1747 2774/1887/1747 2775/1888/1748
f 2776/1889/1748 2775/1888/1748 2774/1887/1747
f 2777/1890/1749 2775/1888/1748 2776/1889/1748
f 2778/1891/1749 2777/1890/1749 2776/1889/1748
f 2777/1890/1749 2778/1891/1749 2779/1892/1750
f 2780/1893/1750 2779/1892/1750 2778/1891/1749
f 2779/1892/1750 2780/1893/1750 2781/1894/1578
f 2782/1895/1579 2781/1894/1578 2780/1893/1750
f 2783/1896/1751 2784/1897/1617 2785/1898/1752
f 2785/1898/1752 2786/1899/1753 2783/1896/1751
f 2783/1896/1751 2787/1900/1754 2784/1897/1617
f 2787/1900/1754 2783/1896/1751 2788/1901/1754
f 2788/1901/1754 2789/1902/1171 2787/1900/1754
f 2789/1902/1171 2788/1901/1754 2790/1903/1755
f 2790/1903/1755 2791/1904/1756 2789/1902/1171
f 2792/1905/1757 2791/1904/1756 2790/1903/1755
f 2791/1904/1756 2792/1905/1757 2793/1906/1758
f 2793/1906/1758 2792/1905/1757 2794/1907/1759
f 2795/1908/874 2793/1906/1758 2794/1907/1759
f 2793/1906/1758 2795/1908/874 2796/1909/874
f 2797/1910/1090 2798/1911/1090 2799/1912/1090
f 2798/1911/1090 2800/1913/1090 2799/1912/1090
f 2801/1914/1760 2802/1915/1761 2803/1916/1762
f 2802/1915/1761 2801/1914/1760 2804/1917/1761
f 2802/1915/1761 2804/1917/1761 2805/1918/1763
f 2805/1918/1763 2806/1919/1764 2802/1915/1761
f 2807/1920/1765 2808/1921/1765 2809/1922/1766
f 2808/1921/1765 2810/1923/1767 2809/1922/1766
f 2811/1924/1768 2808/1921/1765 2807/1920/1765
f 2812/1925/1769 2811/1924/1768 2807/1920/1765
f 2813/1926/1770 2811/1924/1768 2812/1925/1769
f 2812/1925/1769 2814/1927/1770 2813/1926/1770
f 2815/1928/1771 2813/1926/1770 2814/1927/1770
f 2814/1927/1770 2816/1929/1772 2815/1928/1771
f 2817/1930/1773 2815/1928/1771 2816/1929/1772
f 2816/1929/1772 2818/1931/1774 2817/1930/1773
f 2818/1931/1774 2819/1932/1775 2817/1930/1773
f 2819/1932/1775 2818/1931/1774 2820/1933/1776
f 2821/1086/1777 2822/1934/1778 2823/1085/1778
f 2822/1934/1778 2821/1086/1777 2824/1871/1777
f 2825/1935/1779 2826/1936/1780 2827/852/1781
f 2826/1936/1780 1615/1048/1782 2827/852/1781
f 1615/1048/1782 2826/1936/1780 2828/1047/1783
f 2826/1936/1780 2829/1736/1638 2828/1047/1783
f 2830/1736/1784 2826/1936/1785 2831/1937/1786
f 2826/1936/1785 2832/1938/1787 2831/1937/1786
f 2832/1938/1787 2826/1936/1785 2833/1939/1788
f 2826/1936/1785 2834/1935/1789 2833/1939/1788
f 2835/1940/1790 2836/1726/1791 2837/1082/1791
f 2835/1940/1790 2837/1082/1791 2838/1084/1790
f 2839/1794/1792 2840/970/1793 2841/1467/1405
f 2384/1616/1794 2842/1941/1795 2843/1617/1796
f 2842/1941/1795 2844/1942/1797 2843/1617/1796
f 2842/1941/1795 2384/1616/1794 2845/1615/1798
f 2846/1614/1799 2842/1941/1795 2845/1615/1798
f 2847/1942/1800 2842/1941/1801 2848/1943/1802
f 2842/1941/1801 2849/1944/1803 2848/1943/1802
f 2849/1944/1803 2842/1941/1801 2850/1945/1804
f 2842/1941/1801 2851/1614/1805 2850/1945/1804
f 2852/1946/295 2853/1867/519 2854/1947/519
f 2853/1867/519 2855/1948/295 2854/1947/519
f 2853/1867/519 2852/1946/295 2856/1587/295
f 2853/1867/519 2857/1870/295 2855/1948/295
f 2858/1949/295 2856/1587/295 2852/1946/295
f 2857/1870/295 2859/1950/295 2855/1948/295
f 2856/1587/295 2858/1949/295 2860/1145/519
f 2859/1950/295 2857/1870/295 2861/1951/519
f 2858/1949/295 2862/1148/519 2860/1145/519
f 2863/1952/519 2859/1950/295 2861/1951/519
f 2862/1148/519 2858/1949/295 2864/1953/519
f 2865/1954/519 2859/1950/295 2863/1952/519
f 2862/1148/519 2864/1953/519 2866/1955/519
f 2865/1954/519 2863/1952/519 2867/1956/519
f 2868/1144/519 2862/1148/519 2866/1955/519
f 2865/1954/519 2867/1956/519 2869/1957/519
f 2870/1958/295 2868/1144/519 2866/1955/519
f 2867/1956/519 2871/1959/295 2869/1957/519
f 2872/1143/519 2868/1144/519 2870/1958/295
f 2871/1959/295 2867/1956/519 2873/1960/519
f 2870/1958/295 2874/1575/295 2872/1143/519
f 2875/1862/295 2871/1959/295 2873/1960/519
f 2874/1575/295 2870/1958/295 2876/1961/521
f 2871/1959/295 2875/1862/295 2877/1962/1806
f 2876/1961/521 2878/1859/295 2874/1575/295
f 2878/1859/295 2877/1962/1806 2875/1862/295
f 2876/1961/521 2879/1963/295 2878/1859/295
f 2877/1962/1806 2878/1859/295 2879/1963/295
f 2880/1964/1807 2881/1965/1807 2882/1966/1808
f 2882/1966/1808 2883/1967/1809 2880/1964/1807
f 2880/1964/1807 2884/1968/1810 2881/1965/1807
f 2884/1968/1810 2880/1964/1807 2885/1969/1811
f 2886/1970/1811 2884/1968/1810 2885/1969/1811
f 2884/1968/1810 2886/1970/1811 2887/1971/1812
f 2887/1971/1812 2886/1970/1811 2888/1972/1813
f 2887/1971/1812 2888/1972/1813 2889/1973/1814
f 2890/985/1484 2891/1831/1815 2892/1558/1482
f 2893/1085/1816 2894/1940/1817 2895/1084/1818
f 2894/1940/1817 2893/1085/1816 2896/1934/1816
f 2897/1974/1266 2898/1975/1819 2899/1976/1820
f 2898/1975/1819 2900/1977/1821 2899/1976/1820
f 2901/810/1822 2902/812/1823 2903/980/1823
f 2904/978/1822 2903/980/1823 2902/812/1823
f 2905/1978/1824 2906/1979/1825 2907/1980/1826
f 2906/1979/1825 2908/1981/1714 2907/1980/1826
f 2909/1982/1827 2910/1712/1828 2911/1100/1828
f 2909/1982/1827 2911/1100/1828 2912/1098/1827
f 2913/1983/1829 2914/1978/1830 2915/1984/1831
f 2913/1983/1829 2915/1984/1831 2916/1985/1832
f 2914/1978/1830 2917/1986/1833 2915/1984/1831
f 2917/1986/1833 2914/1978/1830 2918/1980/1834
f 2919/1987/1835 2920/1977/1836 2921/1988/1837
f 2920/1977/1836 2919/1987/1835 2922/1976/1838
f 2920/1977/1836 2923/1989/1839 2921/1988/1837
f 2921/1988/1837 2923/1989/1839 2924/1990/1840
f 2925/1733/1841 2926/1991/1842 2927/1992/1843
f 2928/1733/1841 2929/1735/1844 2926/1991/1845
f 2929/1735/1846 2930/1734/1847 2931/1991/1845
f 2932/1734/1848 2933/1993/1849 2931/1991/1850
f 2933/1993/1851 2934/1734/1847 2935/1937/1852
f 2934/1734/1847 2936/1736/1784 2935/1937/1852
f 2937/1994/1853 2938/1995/1854 2939/1996/1855
f 2938/1995/1854 2937/1994/1853 2940/1997/1808
f 2939/1996/1855 2938/1995/1854 2941/1998/1856
f 2938/1995/1854 2942/1999/1857 2941/1998/1856
f 2943/2000/1858 2941/1998/1856 2942/1999/1857
f 2941/1998/1856 2943/2000/1858 2944/2001/1859
f 2943/2000/1858 2945/2002/1860 2944/2001/1859
f 2946/2003/1861 2947/2004/1814 2937/1994/1862
f 2937/1994/1862 2948/1996/1863 2946/2003/1861
f 2946/2003/1861 2948/1996/1863 2949/2005/1864
f 2948/1996/1863 2950/1998/1865 2949/2005/1864
f 2949/2005/1864 2950/1998/1865 2951/2006/1866
f 2950/1998/1865 2952/2001/1859 2951/2006/1866
f 2953/1650/1867 2954/2007/1868 2955/1855/1869
f 2954/2007/1868 2953/1650/1867 2956/1646/1870
f 2957/2008/519 2958/2009/295 2959/2010/519
f 2960/2011/295 2957/2008/519 2959/2010/519
f 2959/2010/519 2958/2009/295 2961/2012/1871
s 0
f 2962/2013/1872 2961/2012/1873 2958/2009/1647
s 1
f 2962/2013/1874 2963/2014/1874 2961/2012/1874
f 2960/2011/295 2959/2010/519 2964/2015/295
f 2964/2015/295 2965/2016/519 2960/2011/295
f 2964/2015/295 2966/2017/519 2965/2016/519
f 2967/2018/295 2968/2019/295 2964/2015/295
f 2969/2020/1875 2968/2019/519 2970/2021/1875
f 2969/2020/1875 2971/2022/1875 2968/2019/519
f 2972/2023/1875 2968/2019/519 2971/2022/1875
f 2973/2024/519 2968/2019/519 2972/2023/1875
f 2968/2019/519 2973/2024/519 2974/2025/519
f 2975/2018/519 2976/2021/1875 2977/2019/519
f 2978/2010/295 2979/2018/1806 2980/2015/295
f 2981/2026/295 2982/2027/295 2983/2028/519
f 2981/2026/295 2983/2028/519 2984/2029/519
f 2985/2030/1876 2982/2027/295 2981/2026/295
s 0
f 2982/2027/519 2985/2030/1877 2986/2031/702
s 1
f 2985/2030/1878 2987/2032/1878 2986/2031/1878
f 2984/2029/519 2988/2033/295 2981/2026/295
f 2984/2029/519 2989/2034/519 2988/2033/295
f 2989/2034/519 2990/2035/519 2988/2033/295
f 2988/2033/295 2991/2036/295 2992/2037/295
f 2993/2038/1878 2994/2039/1875 2991/2036/519
f 2991/2036/519 2995/2040/519 2993/2038/1878
f 2991/2036/519 2996/2041/1878 2995/2040/519
f 2997/2042/1876 2996/2041/1878 2991/2036/519
f 2996/2041/1878 2997/2042/1876 2998/2043/1876
f 2999/2036/519 3000/2039/1875 3001/2037/519
f 3002/2033/295 3003/2037/295 3004/2026/295
f 3005/2044/519 3006/2045/519 3007/2046/519
f 3008/2047/519 3007/2046/519 3006/2045/519
f 3006/2045/519 3009/2048/519 3008/2047/519
f 3010/2049/519 3008/2047/519 3009/2048/519
f 3007/2046/519 3008/2047/519 3011/2050/519
f 3012/2051/295 3008/2047/519 3010/2049/519
f 3013/2052/295 3011/2050/519 3008/2047/519
f 3008/2047/519 3012/2051/295 3013/2052/295
f 3014/2053/519 3011/2050/519 3013/2052/295
f 3015/2054/295 3013/2052/295 3012/2051/295
f 3015/2054/295 3014/2053/519 3013/2052/295
f 3016/2055/295 3015/2054/295 3012/2051/295
f 3017/2056/295 3014/2053/519 3015/2054/295
f 3017/2056/295 3015/2054/295 3016/2055/295
f 3014/2053/519 3017/2056/295 3018/2057/519
f 3019/2058/295 3017/2056/295 3016/2055/295
f 3020/2059/520 3018/2057/519 3017/2056/295
f 3018/2057/519 3020/2059/520 3021/2060/519
f 3022/2061/519 3020/2059/520 3017/2056/295
f 3017/2056/295 3019/2058/295 3023/2062/519
f 3023/2062/519 3022/2061/519 3017/2056/295
f 3022/2061/519 3023/2062/519 3024/2063/519
f 3025/2064/519 3023/2062/519 3019/2058/295
f 3026/2065/519 3024/2063/519 3023/2062/519
f 3023/2062/519 3025/2064/519 3027/2066/519
f 3027/2066/519 3026/2065/519 3023/2062/519
f 3028/2067/519 3027/2066/519 3025/2064/519
f 3026/2065/519 3027/2066/519 3029/2068/519
f 3030/2069/295 3027/2066/519 3028/2067/519
f 3031/2070/519 3029/2068/519 3027/2066/519
f 3032/2071/519 3031/2070/519 3027/2066/519
f 3027/2066/519 3030/2069/295 3032/2071/519
f 3031/2070/519 3032/2071/519 3033/2072/519
f 3032/2071/519 3034/2073/519 3033/2072/519
f 3032/2071/519 3030/2069/295 3035/2074/519
f 3035/2074/519 3034/2073/519 3032/2071/519
f 3036/2075/295 3035/2074/519 3030/2069/295
f 3034/2073/519 3035/2074/519 3037/2076/1806
f 3035/2074/519 3036/2075/295 3038/2077/519
f 3038/2077/519 3037/2076/1806 3035/2074/519
f 3039/2078/519 3038/2077/519 3036/2075/295
f 3037/2076/1806 3038/2077/519 3040/2079/519
f 3038/2077/519 3041/2080/519 3040/2079/519
f 3041/2080/519 3042/2081/519 3040/2079/519
f 3038/2077/519 3039/2078/519 3043/2082/519
f 3043/2082/519 3041/2080/519 3038/2077/519
f 3044/2083/519 3043/2082/519 3039/2078/519
f 3041/2080/519 3043/2082/519 3045/2084/519
f 3046/2085/519 3043/2082/519 3044/2083/519
f 3045/2084/519 3043/2082/519 3047/2086/519
f 3043/2082/519 3046/2085/519 3048/2087/519
f 3048/2087/519 3047/2086/519 3043/2082/519
f 3049/2088/1879 3048/2087/519 3046/2085/519
f 3050/2089/1880 3047/2086/519 3048/2087/519
f 3048/2087/519 3049/2088/1879 3051/2090/1879
f 3051/2090/1879 3050/2089/1880 3048/2087/519
f 3051/2090/1879 3049/2088/1879 3052/2091/1881
f 3052/2091/1881 3050/2089/1880 3051/2090/1879
f 3053/2092/1881 3052/2091/1881 3049/2088/1879
f 3050/2089/1880 3052/2091/1881 3054/2093/1881
f 3055/1614/1805 3056/1612/1882 3057/1945/1883
f 3056/1612/1882 3058/2094/1884 3057/1945/1883
f 3058/2094/1884 3059/1612/1882 3060/2095/1885
f 3061/1612/1882 3062/1611/1886 3060/2095/1887
f 3062/1611/1888 3063/1609/1889 3064/2095/1890
f 3064/2095/1890 3065/1609/1891 3066/2096/1892
f 3067/2097/1893 3068/2098/1894 3069/1980/1834
f 3068/2098/1894 3070/2099/1895 3071/1980/1834
f 3072/1986/1896 3070/2099/1897 3073/1984/1898
f 3074/2099/1895 3072/1986/1896 3075/1980/1834
f 3074/2099/1897 3076/2100/1899 3073/1984/1900
f 3073/1984/1900 3076/2100/1899 3077/1985/1901
f 3076/2100/1899 3074/2099/1897 3078/1988/1837
f 3076/2100/1899 3078/1988/1837 3079/1990/1840
f 3080/1987/1902 3074/2099/1897 3081/1976/1903
f 3082/2099/1897 3080/1987/1902 3078/1988/1904
f 3083/2100/1899 3084/2101/1905 3077/1985/1901
f 3085/2102/1906 3086/2103/1907 3077/1985/1832
f 3082/2099/1895 3087/2098/1894 3088/1976/1908
f 3087/2098/1894 3089/2097/1909 3090/1976/1910
f 3091/2101/1905 3092/2100/1911 3079/1990/1840
f 3093/2104/1912 3094/2102/1906 3079/1990/1840
f 3095/2105/2 3096/2106/2 3097/2107/2
f 3097/2107/2 3096/2106/2 3098/2108/2
f 3095/2105/2 3099/2109/2 3096/2106/2
f 3096/2106/2 3099/2109/2 3100/2110/2
f 3100/2110/2 3099/2109/2 3101/2111/1
f 3099/2109/2 3102/2112/1 3101/2111/1
f 3103/2113/2 3099/2109/2 3095/2105/2
f 3099/2109/2 3103/2113/2 3104/2114/2
f 3104/2114/2 3103/2113/2 3105/2115/2
f 3103/2113/2 3095/2105/2 3106/2116/1
f 3106/2116/1 3095/2105/2 3107/2117/1
f 3107/2117/1 3108/2118/2 3106/2116/1
f 3109/1098/1913 3110/1099/1914 3111/1851/1915
f 3109/1098/1913 3111/1851/1915 3112/1982/1916
f 3113/2119/1917 3114/1974/1918 3115/1976/1820
f 3116/1989/1839 3117/2104/1919 3118/1990/1840
f 3119/2103/1907 3120/1983/1829 3121/1985/1920
f 3122/2120/1921 3123/1862/1922 3124/1960/1923
f 3123/1862/1922 3122/2120/1921 3125/1861/1922
f 3126/2121/2 3127/2122/1 3128/2123/2
f 3127/2122/1 3129/2124/1 3128/2123/2
f 3126/2121/2 3128/2123/2 3130/2125/2
f 3131/2126/1 3127/2122/1 3126/2121/2
f 3132/2127/2 3126/2121/2 3130/2125/2
f 3126/2121/2 3133/2128/2 3131/2126/1
f 3133/2128/2 3126/2121/2 3132/2127/2
f 3132/2127/2 3134/2129/2 3133/2128/2
f 3135/1981/1714 3136/2130/1924 3137/1980/1925
f 3138/2131/1926 3139/1870/1927 3140/1869/1928
f 3139/1870/1927 3138/2131/1926 3141/1951/1929
f 3142/1733/1628 3143/1732/1930 3144/1131/1629
f 3145/1608/1931 3146/1609/1532 3147/1604/1932
f 3148/851/1933 3149/854/835 3150/852/1934
f 3151/2097/1935 3152/2119/1917 3153/1976/1936
f 3154/2132/1937 3155/142/1938 3156/2133/1937
f 3155/142/1938 3154/2132/1937 3157/2134/1939
f 3157/2134/1939 3158/143/1940 3155/142/1938
f 3158/143/1940 3157/2134/1939 3159/2135/1940
f 3159/2135/1940 3160/2136/1941 3158/143/1940
f 3160/2136/1941 3159/2135/1940 3161/2137/1942
f 3162/2130/1943 3163/2097/1893 3164/1980/1834
f 3165/838/793 3166/836/1944 3167/1617/1796
f 3168/2138/1945 3169/1731/1946 3170/1992/1843
f 3169/1731/1946 3168/2138/1945 3171/1854/1947
f 3172/2139/1948 3173/1129/940 3171/1854/1947
f 3174/1133/1949 3169/1731/1950 3175/1854/1947
f 3169/1731/1946 3176/1732/1951 3177/1992/1952
f 3178/2102/1906 3179/2101/1953 3180/1990/1840
f 3181/2101/1953 3182/2102/1954 3183/1985/1955
f 3184/2140/1956 3185/2141/1957 3186/2142/1957
f 3186/2142/1957 3187/2143/1956 3184/2140/1956
f 3188/1057/1958 3189/2144/1959 3190/1858/1960
f 3191/2145/1961 3192/1607/1962 3190/1858/1728
f 3192/1607/1962 3191/2145/1961 3193/2096/1963
f 3194/1608/1964 3192/1607/1965 3195/2096/1892
f 3192/1607/1966 3196/1606/1967 3197/1858/1728
f 3198/2146/1968 3199/2147/1969 3200/2148/1970
f 3199/2147/1969 3198/2146/1968 3201/2149/1968
f 3202/2150/1971 3203/1960/1972 3204/1956/1971
f 3203/1960/1972 3202/2150/1971 3205/2120/1972
f 3206/1952/1973 3207/1951/1974 3208/2151/1975
f 3207/1951/1974 3209/2131/1974 3208/2151/1975
s 0
f 3210/1629/295 3211/1138/295 3212/1136/295
s 1
f 3213/854/835 3214/1935/1976 3215/852/1781
f 3216/2152/1977 3217/2153/1977 3218/2154/1978
f 3218/2154/1978 3217/2153/1977 3219/2155/1978
f 3218/2154/1978 3219/2155/1978 3220/2156/1979
f 3221/2157/1979 3220/2156/1979 3219/2155/1978
f 3222/2158/1980 3220/2156/1979 3221/2157/1979
f 3223/2159/1980 3222/2158/1980 3221/2157/1979
f 3224/2135/1981 3225/2134/1982 3226/2160/1981
f 3227/2161/1982 3226/2160/1981 3225/2134/1982
f 3228/1856/1983 3229/2162/1984 3230/1857/1985
f 3229/2162/1984 3228/1856/1983 3231/2163/1986
f 3232/2164/2 3233/2165/1 3234/2166/2
f 3233/2165/1 3232/2164/2 3235/2167/1
f 3236/2168/1 3235/2167/1 3232/2164/2
f 3232/2164/2 3237/2169/1 3236/2168/1
f 3234/2166/2 3238/2170/647 3232/2164/2
f 3238/2170/647 3234/2166/2 3239/2171/2
f 3237/2169/1 3232/2164/2 3240/2172/2
f 3240/2172/2 3232/2164/2 3238/2170/647
f 3241/2173/2 3237/2169/1 3240/2172/2
f 3240/2172/2 3238/2170/647 3242/2174/7
f 3241/2173/2 3240/2172/2 3243/2175/2
f 3244/2176/2 3241/2173/2 3243/2175/2
f 3243/2175/2 3240/2172/2 3245/2177/2
f 3246/2178/2 3245/2177/2 3240/2172/2
f 3246/2178/2 3240/2172/2 3242/2174/7
f 3242/2174/7 3247/2179/1987 3246/2178/2
f 3248/1942/1988 3249/838/1989 3250/1617/1990
f 3251/2180/1991 3252/2181/1991 3253/2182/1937
f 3253/2182/1937 3254/2183/1992 3251/2180/1991
f 3252/2181/1991 3251/2180/1991 3255/2184/1993
f 3255/2184/1993 3256/2185/1994 3252/2181/1991
f 3255/2184/1993 3257/2186/1941 3256/2185/1994
f 3257/2186/1941 3255/2184/1993 3258/2187/1941
f 3259/2188/295 3260/2189/295 3261/2190/520
f 3262/2191/295 3259/2188/295 3261/2190/520
f 3263/2192/295 3259/2188/295 3262/2191/295
f 3262/2191/295 3264/2193/295 3263/2192/295
f 3265/2194/295 3263/2192/295 3264/2193/295
f 3263/2192/295 3265/2194/295 3266/2195/295
f 3267/2196/295 3263/2192/295 3266/2195/295
f 3259/2188/295 3268/2197/295 3269/2198/295
f 3268/2197/295 3259/2188/295 3263/2192/295
f 3263/2192/295 3270/2199/519 3268/2197/295
f 3270/2199/519 3263/2192/295 3271/2200/519
f 3271/2200/519 3263/2192/295 3272/2201/519
f 3273/2202/295 3272/2201/519 3263/2192/295
f 3273/2202/295 3274/2203/295 3275/2204/295
f 3263/2192/295 3274/2203/295 3273/2202/295
f 3276/2205/519 3274/2203/295 3263/2192/295
f 3277/2206/519 3276/2205/519 3263/2192/295
f 3278/2207/519 3277/2206/519 3263/2192/295
f 3279/2208/295 3278/2207/519 3263/2192/295
f 3279/2208/295 3263/2192/295 3267/2196/295
f 3279/2208/295 3267/2196/295 3280/2209/295
f 3279/2208/295 3280/2209/295 3281/2210/295
f 3281/2210/295 3282/2211/519 3279/2208/295
f 3282/2211/519 3281/2210/295 3283/2212/519
f 3284/2213/519 3282/2211/519 3283/2212/519
f 3285/2214/519 3286/2215/295 3287/2216/295
f 3288/2217/295 3287/2216/295 3286/2215/295
f 3287/2216/295 3288/2217/295 3289/2218/295
f 3288/2217/295 3290/2219/519 3289/2218/295
f 3289/2218/295 3290/2219/519 3291/2220/519
f 3292/2221/295 3289/2218/295 3291/2220/519
f 3291/2220/519 3293/2222/519 3292/2221/295
f 3293/2222/519 3291/2220/519 3294/2223/519
f 3293/2222/519 3294/2223/519 3295/2224/295
f 3295/2224/295 3296/2225/295 3293/2222/519
f 3296/2225/295 3295/2224/295 3297/2226/295
f 3296/2225/295 3297/2226/295 3298/2227/295
f 3298/2227/295 3299/2228/519 3296/2225/295
f 3298/2227/295 3300/2229/521 3299/2228/519
f 3300/2229/521 3301/2230/1995 3299/2228/519
f 3302/2231/295 3299/2228/519 3301/2230/1995
f 3299/2228/519 3302/2231/295 3303/2232/295
f 3302/2231/295 3304/2233/295 3303/2232/295
f 3305/2234/519 3303/2232/295 3304/2233/295
f 3306/2235/519 3303/2232/295 3305/2234/519
f 3305/2234/519 3307/2236/519 3306/2235/519
f 3308/2237/519 3306/2235/519 3307/2236/519
f 3308/2237/519 3309/2238/295 3306/2235/519
f 3308/2237/519 3310/2239/295 3309/2238/295
f 3310/2239/295 3308/2237/519 3311/2240/519
f 3310/2239/295 3311/2240/519 3312/2241/519
f 3312/2241/519 3313/2242/295 3310/2239/295
f 3313/2242/295 3312/2241/519 3314/2243/519
f 3313/2242/295 3314/2243/519 3315/2244/519
f 3316/2245/519 3313/2242/295 3315/2244/519
f 3316/2245/519 3315/2244/519 3317/2246/519
f 3316/2245/519 3317/2246/519 3318/2247/519
f 3285/2214/519 3316/2245/519 3318/2247/519
f 3316/2245/519 3285/2214/519 3287/2216/295
f 3319/2248/1996 3320/2249/1997 3321/2250/1998
f 3320/2249/1997 3322/2251/1999 3321/2250/1998
f 3323/2251/1919 3324/2252/2000 3321/2250/2001
f 3324/2252/2000 3325/2253/1269 3321/2250/2001
f 3326/2249/2002 3319/2248/2003 3327/2254/2004
f 3328/2255/2005 3326/2249/2002 3327/2254/2004
f 3329/2256/2006 3330/2255/2007 3327/2254/2008
f 3331/2257/1372 3329/2256/2006 3327/2254/2008
f 3332/2258/2009 3333/2259/2010 3334/2260/2011
f 3335/2261/2012 3334/2260/2011 3333/2259/2010
f 3333/2259/2010 3332/2258/2009 3336/2262/2013
f 3334/2260/2011 3335/2261/2012 3337/2263/2014
f 3338/2264/2015 3336/2262/2013 3332/2258/2009
f 3336/2262/2013 3338/2264/2015 3339/2265/1823
f 3340/2266/2016 3339/2265/1823 3338/2264/2015
f 3341/2267/2017 3337/2263/2014 3335/2261/2012
f 3337/2263/2014 3341/2267/2017 3342/2268/2018
f 3343/2269/2018 3342/2268/2018 3341/2267/2017
f 3344/2270/2019 3345/2271/1090 3346/2272/1090
f 3345/2271/1090 3347/2273/2020 3346/2272/1090
f 3344/2270/2019 3348/2274/2019 3345/2271/1090
f 3348/2274/2019 3344/2270/2019 3349/2275/2021
f 3349/2275/2021 3350/2276/2022 3348/2274/2019
f 3351/2277/2023 3347/2273/2020 3345/2271/1090
f 3347/2273/2020 3351/2277/2023 3352/2278/2024
f 3351/2277/2023 3353/2279/2025 3352/2278/2024
f 3354/2280/2026 3355/2281/1090 3356/2148/1090
f 3355/2281/1090 3354/2280/2026 3357/2282/1090
f 3358/2283/2027 3357/2282/1090 3354/2280/2026
f 3357/2282/1090 3359/2284/2028 3355/2281/1090
f 3360/2285/1090 3355/2281/1090 3359/2284/2028
f 3357/2282/1090 3358/2283/2027 3361/2286/1090
f 3361/2286/1090 3359/2284/2028 3357/2282/1090
f 3359/2284/2028 3361/2286/1090 3362/2287/2029
f 3363/2284/2030 3362/2287/2031 3364/2288/2032
f 3364/2288/2032 3365/2289/2033 3363/2284/2030
f 3366/2280/2034 3367/2290/2035 3358/2283/2036
f 3367/2290/2035 3366/2280/2034 3368/2291/2037
f 3369/2148/2038 3370/2291/2039 3366/2280/2040
f 3370/2291/2039 3369/2148/2038 3371/2147/2038
f 3372/2292/1090 3373/2293/1090 3374/2294/1090
f 3374/2294/1090 3375/2295/1090 3372/2292/1090
f 3372/2292/1090 3376/2296/1090 3373/2293/1090
f 3376/2296/1090 3372/2292/1090 3377/2297/1090
f 3378/1856/2041 3379/1855/2042 3380/2298/2043
f 3378/1856/2041 3380/2298/2043 3381/2163/2044
f 3382/2299/2045 3383/2300/2046 3384/2301/2045
f 3383/2300/2046 3382/2299/2045 3385/2302/2046
f 3385/2302/2046 3386/2303/2047 3383/2300/2046
f 3386/2303/2047 3385/2302/2046 3387/2304/540
f 3387/2304/540 3388/2305/2048 3386/2303/2047
f 3388/2305/2048 3387/2304/540 3389/2306/2049
f 3389/2306/2049 3390/2307/2050 3388/2305/2048
f 3390/2307/2050 3389/2306/2049 3391/2308/2050
f 3392/2309/1261 3393/2310/2051 3394/2311/2052
f 3395/2312/2053 3396/2313/1360 3397/2314/2054
f 3398/2315/2055 3399/2309/1918 3400/2311/2056
f 3401/2316/2057 3402/2317/2058 3403/2318/2059
f 3404/2319/2060 3405/2316/2061 3403/2318/2062
f 3405/2316/2063 3406/2319/2060 3407/2320/2064
f 3408/2321/2065 3405/2316/2063 3407/2320/2064
f 3409/2322/2066 3410/2323/2067 3407/2320/1786
f 3410/2323/2067 3409/2322/2066 3411/2324/2068
f 3412/2325/2069 3410/2323/2067 3411/2324/2068
f 3413/2313/1360 3414/2326/2070 3415/2314/2054
f 3416/1911/2071 3417/1910/2071 3418/1828/1009
f 3419/1827/1009 3418/1828/1009 3417/1910/2071
f 3420/2327/1090 3421/2328/1090 3422/2329/1090
f 3422/2329/1090 3423/2330/1090 3420/2327/1090
f 3421/2328/1090 3420/2327/1090 3424/2331/1090
f 3424/2331/1090 3425/2332/1090 3421/2328/1090
f 3425/2332/1090 3424/2331/1090 3426/2333/1090
f 3426/2333/1090 3427/2334/1090 3425/2332/1090
f 3428/2335/1090 3429/2336/1090 3430/1637/1090
f 3431/1638/1090 3430/1637/1090 3429/2336/1090
f 3429/2336/1090 3432/2337/1090 3431/1638/1090
f 3433/1641/1090 3431/1638/1090 3432/2337/1090
f 3432/2337/1090 3434/2338/1090 3433/1641/1090
f 3435/1644/1090 3433/1641/1090 3434/2338/1090
f 3436/2339/1090 3437/2340/1090 3438/2341/1090
f 3437/2340/1090 3439/2342/1090 3438/2341/1090
f 3440/2343/1090 3441/2344/1090 3442/2345/1090
f 3441/2344/1090 3443/2346/1090 3442/2345/1090
f 3444/2347/1090 3445/2348/1090 3446/2349/1090
f 3445/2348/1090 3447/2350/1090 3446/2349/1090
f 3448/2351/1090 3449/2352/1090 3450/2353/1090
f 3449/2352/1090 3451/2354/1090 3450/2353/1090
f 3452/2355/1090 3453/2356/1090 3454/2357/1090
f 3453/2356/1090 3455/2358/1090 3454/2357/1090
f 3456/2359/1090 3457/2360/1090 3458/2361/1090
f 3457/2360/1090 3459/2362/1090 3458/2361/1090
f 3456/2359/1090 3458/2361/1090 3460/2363/1090
f 3461/2364/1090 3457/2360/1090 3456/2359/1090
f 3462/2365/1090 3456/2359/1090 3460/2363/1090
f 3456/2359/1090 3463/2366/1090 3461/2364/1090
f 3463/2366/1090 3456/2359/1090 3462/2365/1090
f 3462/2365/1090 3464/2367/1090 3463/2366/1090
f 3465/2368/1090 3466/2369/1090 3467/2370/1090
f 3466/2369/1090 3468/2371/1090 3467/2370/1090
f 3469/2372/1090 3467/2370/1090 3468/2371/1090
f 3468/2371/1090 3470/2373/1090 3469/2372/1090
f 3471/2374/2 3472/2375/2 3473/2376/2
f 3472/2375/2 3471/2374/2 3474/2377/2
f 3475/2378/2 3474/2377/2 3471/2374/2
f 3471/2374/2 3476/2379/2 3475/2378/2
f 3473/2376/2 3477/2380/647 3471/2374/2
f 3477/2380/647 3473/2376/2 3478/2381/2
f 3471/2374/2 3477/2380/647 3479/2382/1
f 3476/2379/2 3471/2374/2 3480/2383/2
f 3479/2382/1 3480/2383/2 3471/2374/2
f 3480/2383/2 3479/2382/1 3481/2384/1
f 3481/2384/1 3482/2385/1 3480/2383/2
f 3483/2386/1 3476/2379/2 3480/2383/2
f 3480/2383/2 3482/2385/1 3484/2387/1
f 3483/2386/1 3480/2383/2 3485/2388/1
f 3486/2389/1 3483/2386/1 3485/2388/1
f 3487/2390/1 3485/2388/1 3480/2383/2
f 3484/2387/1 3487/2390/1 3480/2383/2
f 3484/2387/1 3488/2391/1 3487/2390/1
f 3410/2323/2072 3489/2321/2073 3490/2320/2064
f 3491/2321/2074 3410/2323/2075 3492/2392/1804
f 3410/2323/2076 3493/2325/2077 3494/2393/2078
f 3495/2394/2079 3410/2323/2076 3494/2393/2078
f 3410/2323/2076 3495/2394/2079 3496/2392/2080
f 3497/2316/2063 3498/2321/2081 3496/2392/1883
f 3499/2395/2082 3497/2316/2063 3496/2392/1883
f 3497/2316/2083 3500/2395/2084 3501/2396/2085
f 3502/2317/2086 3503/2316/2083 3501/2396/1885
f 3504/1855/2087 3505/2007/2088 3506/2397/2089
f 3504/1855/2087 3506/2397/2089 3507/2298/2090
f 3508/2398/1761 3509/2399/1761 3510/2400/1761
f 3510/2400/1761 3511/2401/1761 3508/2398/1761
f 3512/2402/2091 3513/2403/2092 3514/2311/2093
f 3513/2403/2092 3512/2402/2091 3515/2404/2094
f 3516/2405/2095 3517/2403/2096 3515/2404/2094
f 3516/2405/2095 3515/2404/2094 3518/2406/2097
f 3519/2407/2098 3516/2405/2095 3518/2406/2097
f 3520/2408/2099 3521/2409/2100 3522/2410/2101
f 3523/2411/2102 3520/2408/2099 3522/2410/2101
f 3521/2409/2100 3520/2408/2099 3524/2412/1947
f 3525/2413/2103 3526/2414/2104 3524/2412/1947
f 3520/2408/2105 3527/2413/2106 3528/2412/1947
f 3529/2414/2107 3530/2415/2108 3528/2412/1947
f 3531/2416/2109 3532/2417/2110 3533/2418/2111
f 3532/2417/2110 3534/2419/2112 3533/2418/2111
f 3535/2420/2113 3532/2417/2110 3531/2416/2109
f 3536/2421/2114 3537/2420/2113 3531/2416/2115
f 3537/2420/2113 3536/2421/2114 3538/2314/2116
f 3539/2408/2117 3540/2411/2118 3541/2422/2119
f 3542/2423/2120 3539/2408/2117 3541/2422/2119
f 3539/2408/2117 3542/2423/2120 3543/2424/2121
f 3544/2414/2122 3545/2413/2123 3543/2424/2124
f 3546/2413/2125 3539/2408/2126 3547/2424/2121
f 3548/2425/2127 3549/2414/2122 3547/2424/2121
f 3550/2403/2128 3551/2315/2129 3552/2311/2130
f 3553/2426/2131 3554/2427/2132 3555/2428/1659
f 3553/2426/2131 3556/2429/2133 3557/2430/2134
f 3558/2431/2135 3559/2432/2136 3557/2430/2134
f 3559/2432/2136 3560/2426/2137 3557/2430/2134
f 3561/2429/2138 3560/2426/2131 3562/2428/1659
f 3563/2426/2139 3564/2433/2140 3565/2434/1080
f 3563/2426/2141 3566/2432/2142 3567/2435/2143
f 3566/2432/2142 3568/2431/2144 3567/2435/2143
f 3569/2433/2145 3570/2426/2146 3567/2435/2143
f 3571/2427/2147 3570/2426/2146 3572/2434/1080
f 3573/2326/2148 3574/2420/2149 3575/2314/2150
f 3576/854/2151 3577/855/2152 3578/986/661
f 3579/839/1045 3580/838/2153 3581/988/681
f 3582/1732/2154 3583/1733/2155 3584/1992/2156
f 3585/1609/2157 3586/1608/2158 3587/2096/1892
f 3588/2436/2159 3589/2437/2160 3590/2438/2161
f 3591/2439/2162 3589/2437/2160 3588/2436/2159
f 3592/2440/2163 3593/2437/2164 3594/2439/2165
f 3593/2437/2164 3592/2440/2163 3595/2441/2166
f 3596/2442/2167 3597/2443/2168 3598/2444/2167
f 3596/2442/2167 3598/2444/2167 3599/2445/2167
f 3600/2446/2167 3596/2442/2167 3599/2445/2167
f 3601/2447/2169 3602/2448/2170 3603/2314/2171
f 3602/2448/2172 3604/2449/2173 3605/2314/2174
f 3604/2449/2173 3606/2312/2175 3605/2314/2174
f 3607/2421/2176 3601/2447/2169 3605/2314/2177
f 3601/2447/2169 3607/2421/2176 3608/2416/2178
f 3609/2450/2 3601/2447/2169 3608/2416/2178
f 3609/2450/2 3608/2416/2178 3610/2418/2179
f 3611/2404/2180 3609/2450/1 3612/2406/2181
f 3613/2447/2169 3609/2450/1 3611/2404/2180
f 3614/2402/2182 3613/2447/2169 3611/2404/2180
f 3613/2447/2169 3614/2402/2182 3615/2311/2183
f 3616/2448/2170 3613/2447/2169 3617/2311/2184
f 3618/2449/2185 3616/2448/2186 3615/2311/2183
f 3619/2310/2187 3618/2449/2185 3615/2311/2183
f 3620/1935/2188 3621/854/2189 3622/1939/2190
f 3623/838/2191 3624/1942/2192 3625/1943/2193
f 3626/2451/1 3627/2452/1 3628/2453/1
f 3627/2452/1 3626/2451/1 3629/2454/1
f 3626/2451/1 3628/2453/1 3630/2455/1
f 3631/2456/2194 3632/2457/2195 3633/2324/2190
f 3634/2458/2196 3635/2459/2191 3636/2393/1802
f 3637/2431/2197 3638/2460/2198 3639/2461/2199
f 3640/2462/764 3637/2431/2197 3639/2461/2199
f 3641/2460/2200 3637/2431/2135 3642/2430/1405
f 3643/2463/2201 3644/2464/2202 3645/2465/2203
f 3644/2464/2202 3643/2463/2201 3646/2466/2204
f 3643/2463/2205 3647/2441/2206 3648/2440/2207
f 3649/2466/2208 3643/2463/2205 3648/2440/2207
f 3650/2431/2209 3651/2467/2210 3652/2435/2211
f 3653/2467/2212 3650/2431/2209 3654/2468/2213
f 3650/2431/2209 3655/2462/764 3654/2468/2213
f 3656/2469/295 3657/2470/295 3658/2471/295
f 3659/2472/295 3658/2471/295 3657/2470/295
f 3660/2464/2214 3661/2473/2215 3662/2465/2216
f 3661/2473/2215 3660/2464/2214 3663/2474/2217
f 3664/2437/2218 3665/2475/2219 3666/2438/2220
f 3665/2475/2219 3664/2437/2218 3667/2476/2221
f 3668/2477/2222 3669/2478/2223 3670/2410/2224
f 3671/2479/2225 3672/2478/2223 3668/2477/2226
f 3673/2478/2227 3674/2480/1890 3675/2422/2228
f 3676/2478/2223 3677/2479/2229 3674/2480/2230
f 3678/2478/2231 3679/2411/2232 3680/2410/2233
f 3681/2411/2234 3682/2478/2227 3683/2422/2235
f 3684/2481/2236 3685/2474/2217 3686/2482/2237
f 3687/2483/2238 3685/2474/2217 3688/2481/2238
f 3685/2474/2217 3687/2483/2238 3689/2484/2239
f 3685/2474/2217 3689/2484/2239 3690/2473/2240
f 3691/2485/2241 3692/2463/2242 3693/2486/2243
f 3693/2486/2243 3692/2463/2242 3694/2465/2216
f 3695/2487/2244 3696/2463/2245 3691/2485/2246
f 3697/2488/2247 3696/2463/2245 3695/2487/2244
f 3696/2463/2245 3697/2488/2247 3698/2441/2248
f 3699/2476/2221 3698/2441/2248 3697/2488/2247
f 3698/2441/2248 3699/2476/2221 3700/2437/2218
f 3701/2486/2249 3702/2465/2216 3703/2489/2250
f 3703/2489/2250 3702/2465/2216 3704/2473/2251
f 3705/2484/2252 3706/2489/2253 3707/2473/2251
f 3708/2490/2254 3709/2458/2196 3710/2393/2255
f 3708/2490/2254 3711/2491/2256 3712/2458/2257
f 3713/2457/661 3714/2490/2258 3715/2324/2259
f 3716/2491/2260 3714/2490/2258 3717/2457/661
f 3718/2490/2258 3719/2325/2170 3720/2324/2068
f 3721/2325/2172 3722/2490/2254 3723/2393/2261
f 3724/2492/295 3725/2493/295 3726/2494/295
f 3727/2495/295 3726/2494/295 3725/2493/295
f 3728/160/2262 3729/161/2262 3730/2496/2262
f 3729/161/2262 3731/2497/2262 3730/2496/2262
f 3732/2498/295 3733/2499/295 3734/2500/295
f 3735/2501/295 3734/2500/295 3733/2499/295
f 3736/2502/295 3737/2503/295 3738/2504/295
f 3739/2505/295 3738/2504/295 3737/2503/295
f 3740/2506/519 3741/2507/295 3742/2508/519
f 3743/2509/519 3742/2508/519 3741/2507/295
f 3742/2508/519 3743/2509/519 3744/2510/552
f 3745/2511/519 3744/2510/552 3743/2509/519
f 3743/2509/519 3746/2512/295 3745/2511/519
f 3746/2512/295 3743/2509/519 3747/2513/295
f 3741/2507/295 3747/2513/295 3743/2509/519
f 3747/2513/295 3741/2507/295 3748/2514/295
f 3749/2515/295 3750/2516/295 3751/2517/295
f 3752/2518/295 3751/2517/295 3750/2516/295
