# Blender 5.1.2
# www.blender.org
mtllib sledge.mtl
o sledge
v 0.097755 -1.585869 0.118427
v 0.136504 -1.585869 -0.018044
v 0.136504 -1.585869 0.058216
v 0.097755 -1.585869 -0.078253
v 0.058146 -1.585869 0.133356
v 0.058146 -1.585869 -0.093174
v -0.026730 -1.585869 -0.093174
v -0.026730 -1.585869 0.133356
v -0.064217 -1.585869 -0.078253
v -0.064217 -1.585869 0.118427
v -0.103849 -1.585869 0.058216
v -0.103849 -1.585869 -0.018044
v 0.059201 -1.581868 -0.096034
v 0.097755 -1.585869 -0.078253
v 0.058146 -1.585869 -0.093174
v 0.099808 -1.581868 -0.080733
v 0.058146 -1.585869 0.133356
v 0.097755 -1.585869 0.118427
v 0.059201 -1.581868 0.136206
v 0.099808 -1.581868 0.120907
v -0.066248 -1.581868 -0.080733
v -0.127811 -1.559569 -0.019764
v -0.080276 -1.559569 -0.082684
v -0.106879 -1.581868 -0.019014
v -0.064217 -1.585869 -0.078253
v -0.103849 -1.585869 -0.018044
v -0.066248 -1.581868 -0.080733
v 0.422558 2.577532 -0.057183
v 0.422558 2.577532 0.097357
v 0.629433 2.547631 -0.057183
v 0.629433 2.547631 0.097357
v 0.629433 2.507831 -0.153944
v 0.422558 2.532032 -0.153944
v 0.629433 2.547631 0.097357
v 0.422558 2.532032 0.194126
v 0.629433 2.507831 0.194126
v -0.602337 2.507831 0.194126
v -0.349616 2.532032 0.194126
v -0.602337 2.547631 0.097357
v -0.349616 2.577532 0.097357
v -0.602337 2.547631 -0.057183
v -0.349616 2.577532 -0.057183
v -0.602337 2.507831 -0.153944
v -0.349616 2.532032 -0.153944
v -0.050234 2.614132 -0.038044
v 0.088893 2.614132 0.078216
v 0.088893 2.614132 -0.038044
v 0.150377 2.614132 0.119867
v 0.195346 2.614132 0.077906
v 0.088853 2.614132 0.156076
v 0.195341 2.614132 -0.037734
v 0.150440 2.614132 -0.086874
v 0.088852 2.614132 -0.115904
v -0.050187 2.614132 -0.115894
v 0.106807 2.521131 -0.154473
v -0.071678 2.521131 -0.154473
v 0.137309 2.437631 -0.199013
v -0.108203 2.437631 -0.198993
v 0.137369 2.425631 -0.206604
v -0.108269 2.425631 -0.206594
v -0.107014 2.614132 -0.086904
v -0.144142 2.614132 -0.037734
v -0.144133 2.614132 0.077906
v -0.050234 2.614132 0.078216
v -0.107083 2.614132 0.119777
v -0.050187 2.614132 0.156066
v 0.106807 2.521131 0.194647
v -0.071678 2.521131 0.194647
v 0.137311 2.437631 0.239167
v -0.108198 2.437732 0.239197
v 0.137370 2.425631 0.246776
v -0.108268 2.425631 0.246776
v 0.422558 2.577532 -0.057183
v 0.404258 2.531132 -0.153114
v 0.404228 2.577231 -0.057044
v 0.422558 2.532032 -0.153944
v 0.422558 2.577532 0.097357
v 0.422558 2.577532 -0.057183
v 0.404228 2.577331 0.097256
v 0.404245 2.531332 0.193497
v 0.422558 2.532032 0.194126
v -0.349616 2.577532 -0.057183
v -0.331286 2.577131 0.097186
v -0.331286 2.577231 -0.057054
v -0.349616 2.577532 0.097357
v -0.331313 2.531132 -0.153154
v -0.349616 2.532032 -0.153944
v -0.349616 2.577532 0.097357
v -0.331333 2.530931 0.193066
v -0.349616 2.532032 0.194126
v -0.316719 2.563031 -0.053663
v -0.316686 2.562832 0.093777
v -0.192288 2.563331 -0.054134
v -0.192276 2.563432 0.094306
v -0.192288 2.563331 -0.054134
v -0.317840 2.519232 -0.143084
v -0.155232 2.521031 -0.123334
v -0.318116 2.518831 0.182776
v -0.192276 2.563432 0.094306
v -0.155321 2.521031 0.156186
v -0.331091 2.563031 0.093787
v -0.332492 2.519731 0.183387
v -0.316686 2.562832 0.093777
v -0.331123 2.563131 -0.053673
v -0.331091 2.563031 0.093787
v -0.316719 2.563031 -0.053663
v -0.317840 2.519232 -0.143084
v -0.331123 2.563131 -0.053673
v -0.332226 2.519932 -0.143563
v 0.390821 2.519232 -0.142974
v 0.243505 2.563331 -0.054134
v 0.389710 2.562932 -0.053643
v 0.198678 2.521031 -0.123294
v 0.243512 2.563331 0.094316
v 0.243505 2.563331 -0.054134
v 0.389728 2.563031 0.093867
v 0.243512 2.563331 0.094316
v 0.390579 2.519531 0.183526
v 0.198598 2.521031 0.156297
v 0.404113 2.563131 -0.053663
v 0.390821 2.519232 -0.142974
v 0.389710 2.562932 -0.053643
v 0.405205 2.519932 -0.143473
v 0.404132 2.563131 0.093877
v 0.404113 2.563131 -0.053663
v 0.389728 2.563031 0.093867
v 0.390579 2.519531 0.183526
v 0.404970 2.520131 0.183906
v 0.243505 2.563331 -0.054134
v 0.195346 2.614132 0.077906
v 0.243512 2.563331 0.094316
v 0.195341 2.614132 -0.037734
v -0.192276 2.563432 0.094306
v -0.144142 2.614132 -0.037734
v -0.192288 2.563331 -0.054134
v -0.144133 2.614132 0.077906
v 0.629433 2.507831 0.194126
v 0.422558 2.532032 0.194126
v 0.422558 2.457731 0.263757
v 0.629433 2.442832 0.263757
v 0.422558 2.457731 -0.223583
v 0.629433 2.507831 -0.153944
v 0.629433 2.442832 -0.223583
v 0.422558 2.532032 -0.153944
v -0.602337 2.442832 0.263757
v -0.349616 2.457731 0.263757
v -0.602337 2.507831 0.194126
v -0.349616 2.532032 0.194126
v -0.602337 2.507831 -0.153944
v -0.349616 2.457731 -0.223583
v -0.602337 2.442832 -0.223583
v -0.349616 2.532032 -0.153944
v 0.405662 2.458932 0.243417
v 0.404970 2.520131 0.183906
v 0.391104 2.466632 0.236496
v 0.390579 2.519531 0.183526
v 0.422558 2.457731 0.263757
v 0.422558 2.532032 0.194126
v 0.404155 2.467332 0.255057
v 0.404245 2.531332 0.193497
v 0.405205 2.519932 -0.143473
v 0.391509 2.466331 -0.195724
v 0.390821 2.519232 -0.142974
v 0.406104 2.458832 -0.202863
v -0.349616 2.457731 -0.223583
v -0.349616 2.532032 -0.153944
v -0.331225 2.466231 -0.215223
v -0.331313 2.531132 -0.153154
v 0.422558 2.532032 -0.153944
v 0.404151 2.467131 -0.214523
v 0.404258 2.531132 -0.153114
v 0.422558 2.457731 -0.223583
v -0.333175 2.457831 -0.203633
v -0.332226 2.519932 -0.143563
v -0.318606 2.464632 -0.196953
v -0.317840 2.519232 -0.143084
v -0.332492 2.519731 0.183387
v -0.319091 2.464331 0.236417
v -0.318116 2.518831 0.182776
v -0.333693 2.457731 0.243317
v -0.349616 2.532032 0.194126
v -0.331236 2.465932 0.254957
v -0.331333 2.530931 0.193066
v -0.349616 2.457731 0.263757
v -0.155321 2.521031 0.156186
v -0.108198 2.437732 0.239197
v -0.071678 2.521131 0.194647
v -0.268885 2.436031 0.233527
v 0.137311 2.437631 0.239167
v 0.198598 2.521031 0.156297
v 0.106807 2.521131 0.194647
v 0.321007 2.436131 0.233816
v -0.108203 2.437631 -0.198993
v -0.155232 2.521031 -0.123334
v -0.071678 2.521131 -0.154473
v -0.268608 2.436031 -0.193453
v -0.155232 2.521031 -0.123334
v -0.144142 2.614132 -0.037734
v -0.107014 2.614132 -0.086904
v -0.192288 2.563331 -0.054134
v 0.198678 2.521031 -0.123294
v 0.195341 2.614132 -0.037734
v 0.243505 2.563331 -0.054134
v 0.150440 2.614132 -0.086874
v -0.144133 2.614132 0.077906
v -0.155321 2.521031 0.156186
v -0.107083 2.614132 0.119777
v -0.192276 2.563432 0.094306
v 0.106807 2.521131 -0.154473
v 0.198678 2.521031 -0.123294
v 0.137309 2.437631 -0.199013
v 0.321245 2.436231 -0.193574
v 0.137369 2.425631 -0.206604
v 0.323641 2.424532 -0.201793
v 0.137309 2.437631 -0.199013
v -0.108432 2.432832 0.259346
v 0.137510 2.432832 0.259336
v -0.108268 2.425631 0.246776
v 0.137370 2.425631 0.246776
v -0.108269 2.425631 -0.206594
v 0.137510 2.432832 -0.219164
v -0.108432 2.432832 -0.219164
v 0.137369 2.425631 -0.206604
v 0.195346 2.614132 0.077906
v 0.198598 2.521031 0.156297
v 0.243512 2.563331 0.094316
v 0.150377 2.614132 0.119867
v -0.270785 2.432232 0.254066
v -0.108268 2.425631 0.246776
v -0.271863 2.424432 0.241806
v -0.108432 2.432832 0.259346
v 0.137369 2.425631 -0.206604
v 0.322798 2.432332 -0.214024
v 0.137510 2.432832 -0.219164
v 0.323641 2.424532 -0.201793
v 0.322786 2.432332 0.254237
v 0.137370 2.425631 0.246776
v 0.137510 2.432832 0.259336
v 0.323403 2.424532 0.242037
v -0.271582 2.424432 -0.201753
v -0.108269 2.425631 -0.206594
v -0.270762 2.432232 -0.213964
v -0.108432 2.432832 -0.219164
v -0.268608 2.436031 -0.193453
v -0.108269 2.425631 -0.206594
v -0.271582 2.424432 -0.201753
v -0.108203 2.437631 -0.198993
v -0.271863 2.424432 0.241806
v -0.108268 2.425631 0.246776
v -0.268885 2.436031 0.233527
v -0.108198 2.437732 0.239197
v 0.137370 2.425631 0.246776
v 0.321007 2.436131 0.233816
v 0.137311 2.437631 0.239167
v 0.323403 2.424532 0.242037
v 0.321245 2.436231 -0.193574
v 0.390821 2.519232 -0.142974
v 0.391509 2.466331 -0.195724
v 0.198678 2.521031 -0.123294
v 0.323641 2.424532 -0.201793
v 0.321245 2.436231 -0.193574
v 0.406104 2.458832 -0.202863
v 0.390579 2.519531 0.183526
v 0.198598 2.521031 0.156297
v 0.321007 2.436131 0.233816
v 0.391104 2.466632 0.236496
v 0.323403 2.424532 0.242037
v 0.405662 2.458932 0.243417
v 0.321007 2.436131 0.233816
v -0.318116 2.518831 0.182776
v -0.268885 2.436031 0.233527
v -0.155321 2.521031 0.156186
v -0.319091 2.464331 0.236417
v -0.155232 2.521031 -0.123334
v -0.268608 2.436031 -0.193453
v -0.317840 2.519232 -0.143084
v -0.318606 2.464632 -0.196953
v -0.107083 2.614132 0.119777
v -0.071678 2.521131 0.194647
v -0.050187 2.614132 0.156066
v -0.155321 2.521031 0.156186
v -0.050187 2.614132 -0.115894
v -0.071678 2.521131 -0.154473
v -0.107014 2.614132 -0.086904
v -0.155232 2.521031 -0.123334
v 0.198598 2.521031 0.156297
v 0.150377 2.614132 0.119867
v 0.106807 2.521131 0.194647
v 0.088853 2.614132 0.156076
v 0.106807 2.521131 -0.154473
v 0.150440 2.614132 -0.086874
v 0.198678 2.521031 -0.123294
v 0.088852 2.614132 -0.115904
v 0.422558 2.457731 -0.223583
v 0.325988 2.417432 -0.224524
v 0.404151 2.467131 -0.214523
v 0.322798 2.432332 -0.214024
v 0.325988 2.417432 0.264696
v 0.404155 2.467332 0.255057
v 0.322786 2.432332 0.254237
v 0.422558 2.457731 0.263757
v 0.323641 2.424532 -0.201793
v 0.404151 2.467131 -0.214523
v 0.322798 2.432332 -0.214024
v 0.406104 2.458832 -0.202863
v 0.322786 2.432332 0.254237
v 0.404155 2.467332 0.255057
v 0.323403 2.424532 0.242037
v 0.405662 2.458932 0.243417
v -0.349616 2.457731 0.263757
v -0.274765 2.417432 0.264696
v -0.331236 2.465932 0.254957
v -0.270785 2.432232 0.254066
v -0.274765 2.417432 -0.224524
v -0.331225 2.466231 -0.215223
v -0.270762 2.432232 -0.213964
v -0.349616 2.457731 -0.223583
v -0.331236 2.465932 0.254957
v -0.271863 2.424432 0.241806
v -0.333693 2.457731 0.243317
v -0.270785 2.432232 0.254066
v -0.333175 2.457831 -0.203633
v -0.271582 2.424432 -0.201753
v -0.331225 2.466231 -0.215223
v -0.270762 2.432232 -0.213964
v -0.333693 2.457731 0.243317
v -0.271863 2.424432 0.241806
v -0.319091 2.464331 0.236417
v -0.268885 2.436031 0.233527
v -0.602337 2.144031 0.097357
v -0.602337 2.185132 0.194126
v -0.602337 2.185132 0.087577
v -0.602337 2.131331 0.050056
v -0.602337 2.131331 -0.009884
v -0.602337 2.262131 0.114577
v -0.602337 2.262131 0.263757
v -0.602337 2.185132 -0.047403
v -0.602337 2.144031 -0.057183
v -0.602337 2.185132 -0.153944
v -0.602337 2.262131 -0.074403
v -0.602337 2.262131 -0.223583
v -0.602337 2.355831 -0.081604
v -0.602337 2.355831 -0.242143
v -0.602337 2.442832 -0.223583
v -0.602337 2.355831 0.121776
v -0.602337 2.442832 -0.074403
v -0.602337 2.355831 0.282317
v -0.602337 2.442832 0.263757
v -0.602337 2.507831 -0.153944
v -0.602337 2.442832 0.114577
v -0.602337 2.507831 0.194126
v -0.602337 2.507831 0.087577
v -0.602337 2.547631 0.097357
v -0.602337 2.547631 0.050056
v -0.602337 2.547631 -0.009884
v -0.602337 2.507831 -0.047403
v -0.602337 2.547631 -0.057183
v -0.271582 2.424432 -0.201753
v -0.318606 2.464632 -0.196953
v -0.268608 2.436031 -0.193453
v -0.333175 2.457831 -0.203633
v 0.629433 2.131331 -0.009884
v 0.629433 2.144031 -0.057183
v 0.629433 2.185132 -0.047404
v 0.629433 2.185132 -0.153944
v 0.629433 2.131331 0.050056
v 0.629433 2.262131 -0.074403
v 0.629433 2.262131 -0.223583
v 0.629433 2.185132 0.087577
v 0.629433 2.144031 0.097357
v 0.629433 2.185132 0.194126
v 0.629433 2.262131 0.114577
v 0.629433 2.262131 0.263757
v 0.629433 2.355831 -0.081604
v 0.629433 2.355831 -0.242143
v 0.629433 2.355831 0.121776
v 0.629433 2.355831 0.282317
v 0.629433 2.442832 -0.223583
v 0.629433 2.442832 0.263757
v 0.629433 2.442832 0.114577
v 0.629433 2.507831 0.194126
v 0.629433 2.442832 -0.074403
v 0.629433 2.507831 -0.153944
v 0.629433 2.507831 -0.047404
v 0.629433 2.547631 -0.057183
v 0.629433 2.547631 -0.009884
v 0.629433 2.547631 0.050056
v 0.629433 2.507831 0.087577
v 0.629433 2.547631 0.097357
v -0.274765 2.283931 0.264696
v -0.108559 2.283931 0.269067
v -0.274765 2.358231 0.283336
v -0.271285 2.268731 0.254826
v -0.108438 2.268331 0.259776
v -0.108559 2.358231 0.288037
v -0.274765 2.417432 0.264696
v -0.108559 2.417432 0.269067
v -0.270785 2.432232 0.254066
v -0.108432 2.432832 0.259346
v -0.274765 2.417432 0.264696
v -0.108559 2.283931 0.269067
v 0.137622 2.283931 0.269067
v -0.108438 2.268331 0.259776
v 0.137515 2.268331 0.259776
v 0.137622 2.358231 0.288037
v -0.108559 2.417432 0.269067
v 0.137622 2.417432 0.269067
v -0.108432 2.432832 0.259346
v 0.137510 2.432832 0.259336
v 0.137622 2.283931 0.269067
v 0.325988 2.283931 0.264696
v 0.325988 2.358231 0.283336
v 0.137622 2.417432 0.269067
v 0.137622 2.283931 0.269067
v 0.323232 2.268731 0.254876
v 0.137515 2.268331 0.259776
v 0.325988 2.417432 0.264696
v 0.322786 2.432332 0.254237
v 0.137510 2.432832 0.259336
v 0.422558 2.358231 0.282317
v 0.325988 2.417432 0.264696
v 0.422558 2.457731 0.263757
v 0.325988 2.283931 0.264696
v 0.422558 2.250932 0.263757
v 0.629433 2.262131 0.263757
v 0.422558 2.250932 0.263757
v 0.629433 2.355831 0.282317
v 0.629433 2.442832 0.263757
v 0.422558 2.457731 0.263757
v 0.137622 2.358231 -0.247863
v 0.325988 2.358231 -0.243154
v 0.137622 2.283931 -0.228893
v 0.325988 2.283931 -0.224524
v 0.323226 2.268731 -0.214724
v 0.137515 2.268331 -0.219604
v 0.325988 2.417432 -0.224524
v 0.137622 2.417432 -0.228893
v 0.322798 2.432332 -0.214024
v 0.137510 2.432832 -0.219164
v -0.108559 2.283931 -0.228893
v 0.137622 2.283931 -0.228893
v -0.108438 2.268331 -0.219604
v 0.137515 2.268331 -0.219604
v -0.108559 2.358231 -0.247863
v 0.137622 2.417432 -0.228893
v -0.108559 2.417432 -0.228893
v -0.108432 2.432832 -0.219164
v 0.137510 2.432832 -0.219164
v -0.274765 2.283931 -0.224524
v -0.108559 2.283931 -0.228893
v -0.271296 2.268731 -0.214614
v -0.108438 2.268331 -0.219604
v -0.274765 2.358231 -0.243154
v -0.108559 2.417432 -0.228893
v -0.274765 2.417432 -0.224524
v -0.270762 2.432232 -0.213964
v -0.108432 2.432832 -0.219164
v -0.349616 2.358231 -0.242143
v -0.274765 2.417432 -0.224524
v -0.349616 2.457731 -0.223583
v -0.274765 2.283931 -0.224524
v -0.349616 2.250932 -0.223583
v -0.602337 2.442832 -0.223583
v -0.349616 2.457731 -0.223583
v -0.602337 2.355831 -0.242143
v -0.602337 2.262131 -0.223583
v -0.349616 2.250932 -0.223583
v -0.349616 2.358231 0.282317
v -0.274765 2.283931 0.264696
v -0.349616 2.250932 0.263757
v -0.274765 2.417432 0.264696
v -0.349616 2.457731 0.263757
v -0.602337 2.262131 0.263757
v -0.349616 2.250932 0.263757
v -0.602337 2.355831 0.282317
v -0.602337 2.442832 0.263757
v -0.349616 2.457731 0.263757
v 0.629433 2.262131 -0.223583
v 0.422558 2.250932 -0.223583
v 0.422558 2.358231 -0.242143
v 0.629433 2.355831 -0.242143
v 0.422558 2.163031 -0.153944
v 0.404187 2.240231 -0.215254
v 0.404238 2.163431 -0.153434
v 0.629433 2.442832 -0.223583
v 0.422558 2.457731 -0.223583
v 0.325988 2.283931 -0.224524
v 0.422558 2.250932 -0.223583
v 0.325988 2.417432 -0.224524
v 0.422558 2.457731 -0.223583
v -0.051483 1.994132 -0.044483
v -0.082424 1.879231 -0.004754
v -0.082902 1.996331 -0.004433
v -0.050945 1.879231 -0.044664
v -0.085779 -1.459568 0.047127
v -0.081757 -0.881068 -0.005893
v -0.085779 -1.459568 -0.006953
v -0.081757 -0.881068 0.046067
v -0.068112 -0.715168 0.042446
v -0.068112 -0.715168 -0.002274
v -0.067838 -0.690169 0.042376
v -0.067838 -0.690169 -0.002204
v -0.068652 -0.498369 -0.002423
v -0.068652 -0.498369 0.042597
v -0.081860 -0.414469 0.046087
v -0.081860 -0.414469 -0.005913
v -0.064438 1.618831 0.041477
v -0.064438 1.618831 -0.001303
v 0.084428 1.879231 -0.044593
v 0.084951 1.994032 -0.044424
v 0.115079 1.879231 -0.004843
v 0.115562 1.996331 -0.004543
v -0.070947 1.881531 0.043197
v -0.070947 1.881531 -0.003023
v -0.070947 1.881531 0.043197
v -0.037803 1.618831 0.075247
v -0.042165 1.881531 0.079686
v -0.081860 -0.414469 0.046087
v -0.049479 -0.414469 0.087137
v -0.040627 -0.498369 0.078116
v -0.068652 -0.498369 0.042597
v -0.040081 -0.690169 0.077566
v -0.068112 -0.715168 0.042446
v -0.040265 -0.715168 0.077747
v -0.081757 -0.881068 0.046067
v -0.049410 -0.881068 0.087066
v -0.085779 -1.459568 0.047127
v -0.052106 -1.459568 0.089816
v -0.089620 -1.472368 0.048147
v -0.054681 -1.472368 0.092437
v -0.125043 -1.538868 0.059107
v -0.078421 -1.538868 0.120706
v -0.126831 -1.544269 0.059606
v -0.125043 -1.538868 0.059107
v -0.079620 -1.544269 0.121987
v -0.127811 -1.559569 0.059936
v -0.080276 -1.559569 0.122856
v -0.127811 -1.559569 0.059936
v -0.066248 -1.581868 0.120907
v -0.106879 -1.581868 0.059186
v -0.066248 -1.581868 0.120907
v -0.064217 -1.585869 0.118427
v -0.103849 -1.585869 0.058216
v 0.045711 -0.715168 0.086507
v 0.073355 -0.690169 0.077566
v 0.045615 -0.690169 0.086286
v 0.045898 -0.498369 0.086926
v 0.073907 -0.498369 0.078116
v 0.050495 -0.414469 0.097317
v 0.082856 -0.414469 0.087137
v 0.048945 0.105231 0.093817
v 0.055626 0.110231 0.091677
v 0.064976 0.129431 0.088587
v 0.071052 1.618831 0.075247
v 0.064976 1.618831 0.077156
v 0.064976 1.736232 0.079757
v 0.070877 1.770131 0.078657
v 0.075462 1.881531 0.079686
v 0.067773 1.788232 0.080036
v 0.059102 1.799331 0.083007
v 0.045615 -0.690169 -0.046114
v 0.073355 -0.690169 -0.037394
v 0.045711 -0.715168 -0.046333
v 0.045898 -0.498369 -0.046754
v 0.073907 -0.498369 -0.037944
v 0.050495 -0.414469 -0.057143
v 0.082856 -0.414469 -0.046963
v 0.048945 0.105231 -0.053643
v 0.055626 0.110231 -0.051503
v 0.064976 0.129431 -0.048413
v 0.071052 1.618831 -0.035073
v 0.064976 1.618831 -0.036984
v 0.064976 1.736232 -0.039583
v 0.070877 1.770131 -0.038483
v 0.075462 1.881531 -0.039514
v 0.067773 1.788232 -0.039864
v 0.059102 1.799331 -0.042833
v 0.050495 -0.414469 -0.057143
v -0.014119 -0.498369 -0.046754
v -0.018852 -0.414469 -0.057143
v -0.003761 0.094631 -0.053713
v -0.017257 0.104831 -0.053643
v 0.035043 0.094631 -0.053713
v 0.160466 -1.559569 0.059936
v 0.113327 -1.544269 0.121987
v 0.113991 -1.559569 0.122856
v 0.159486 -1.544269 0.059606
v 0.099808 -1.581868 0.120907
v 0.160466 -1.559569 0.059936
v 0.139534 -1.581868 0.059186
v 0.097755 -1.585869 0.118427
v 0.099808 -1.581868 0.120907
v 0.136504 -1.585869 0.058216
v 0.112115 -1.538868 0.120706
v 0.157698 -1.538868 0.059107
v 0.113327 -1.544269 0.121987
v 0.088114 -1.472368 0.092437
v 0.157698 -1.538868 0.059107
v 0.122275 -1.472368 0.048147
v 0.085511 -1.459568 0.089816
v 0.118433 -1.459568 0.047127
v 0.082786 -0.881068 0.087066
v 0.114412 -0.881068 0.046067
v 0.073541 -0.715168 0.077747
v 0.100767 -0.715168 0.042446
v 0.073355 -0.690169 0.077566
v 0.100493 -0.690169 0.042376
v 0.101307 -0.498369 0.042597
v 0.073907 -0.498369 0.078116
v 0.114515 -0.414469 0.046087
v 0.082856 -0.414469 0.087137
v 0.071052 1.618831 0.075247
v 0.097093 1.618831 0.041477
v 0.103602 1.881531 0.043197
v 0.075462 1.881531 0.079686
v 0.103602 1.881531 -0.003023
v 0.103602 1.881531 0.043197
v 0.097093 1.618831 -0.001303
v 0.114515 -0.414469 0.046087
v 0.114515 -0.414469 -0.005913
v 0.101307 -0.498369 0.042597
v 0.101307 -0.498369 -0.002423
v 0.100493 -0.690169 -0.002204
v 0.100767 -0.715168 0.042446
v 0.100767 -0.715168 -0.002274
v 0.114412 -0.881068 0.046067
v 0.160466 -1.559569 -0.019764
v 0.113991 -1.559569 -0.082684
v 0.113327 -1.544269 -0.081814
v 0.159486 -1.544269 -0.019434
v 0.160466 -1.559569 -0.019764
v 0.099808 -1.581868 -0.080733
v 0.139534 -1.581868 -0.019014
v 0.097755 -1.585869 -0.078253
v 0.099808 -1.581868 -0.080733
v 0.136504 -1.585869 -0.018044
v 0.112115 -1.538868 -0.080534
v 0.113327 -1.544269 -0.081814
v 0.157698 -1.538868 -0.018933
v 0.088114 -1.472368 -0.052263
v 0.157698 -1.538868 -0.018933
v 0.122275 -1.472368 -0.007973
v 0.085511 -1.459568 -0.049644
v 0.118433 -1.459568 -0.006953
v 0.082786 -0.881068 -0.046893
v 0.114412 -0.881068 -0.005893
v 0.073541 -0.715168 -0.037574
v 0.100767 -0.715168 -0.002274
v 0.073355 -0.690169 -0.037394
v 0.101307 -0.498369 -0.002423
v 0.073907 -0.498369 -0.037944
v 0.114515 -0.414469 -0.005913
v 0.082856 -0.414469 -0.046963
v 0.071052 1.618831 -0.035073
v 0.103602 1.881531 -0.003023
v 0.075462 1.881531 -0.039514
v -0.079620 -1.544269 -0.081813
v -0.127811 -1.559569 -0.019764
v -0.126831 -1.544269 -0.019434
v -0.078421 -1.538868 -0.080534
v -0.125043 -1.538868 -0.018933
v -0.054681 -1.472368 -0.052263
v -0.089620 -1.472368 -0.007973
v -0.052106 -1.459568 -0.049644
v -0.085779 -1.459568 -0.006953
v -0.049410 -0.881068 -0.046893
v -0.081757 -0.881068 -0.005893
v -0.040265 -0.715168 -0.037573
v -0.068112 -0.715168 -0.002274
v -0.040081 -0.690169 -0.037394
v -0.068652 -0.498369 -0.002423
v -0.040627 -0.498369 -0.037944
v -0.081860 -0.414469 -0.005913
v -0.049479 -0.414469 -0.046963
v -0.037803 1.618831 -0.035073
v -0.070947 1.881531 -0.003023
v -0.042165 1.881531 -0.039514
v 0.046039 1.805132 0.087246
v 0.046697 1.881531 0.088736
v 0.037886 1.808732 0.087316
v -0.014942 1.881531 0.088736
v -0.006605 1.808732 0.087316
v -0.014266 1.805331 0.087256
v -0.042165 1.881531 0.079686
v -0.014942 1.881531 0.088736
v -0.027820 1.799331 0.082617
v -0.036491 1.788232 0.079477
v -0.039595 1.770131 0.078047
v -0.037803 1.618831 0.075247
v -0.033695 1.736232 0.079246
v -0.033695 1.618831 0.076607
v -0.033695 0.129431 0.088167
v -0.049479 -0.414469 0.087137
v -0.024344 0.110231 0.091417
v -0.017257 0.104831 0.093817
v -0.018852 -0.414469 0.097317
v -0.040627 -0.498369 0.078116
v -0.014119 -0.498369 0.086926
v -0.040081 -0.690169 0.077566
v -0.013828 -0.690169 0.086286
v -0.013926 -0.715168 0.086507
v -0.040265 -0.715168 0.077747
v -0.018815 -0.881068 0.097236
v -0.049410 -0.881068 0.087066
v -0.020255 -1.459568 0.100396
v -0.052106 -1.459568 0.089816
v -0.021632 -1.472368 0.103426
v -0.054681 -1.472368 0.092437
v -0.054681 -1.472368 0.092437
v -0.034323 -1.538868 0.135987
v -0.078421 -1.538868 0.120706
v -0.034964 -1.544269 0.137456
v -0.034323 -1.538868 0.135987
v -0.079620 -1.544269 0.121987
v -0.035315 -1.559569 0.138457
v -0.080276 -1.559569 0.122856
v -0.066248 -1.581868 0.120907
v -0.027815 -1.581868 0.136206
v -0.064217 -1.585869 0.118427
v -0.026730 -1.585869 0.133356
v -0.066248 -1.581868 0.120907
v 0.046039 1.805132 -0.047074
v 0.046697 1.881531 -0.048564
v 0.037886 1.808732 -0.047144
v -0.014942 1.881531 -0.048564
v -0.006605 1.808732 -0.047144
v -0.014266 1.805331 -0.047074
v -0.042165 1.881531 -0.039514
v -0.014942 1.881531 -0.048564
v -0.027820 1.799331 -0.042443
v -0.036491 1.788232 -0.039303
v -0.039595 1.770131 -0.037873
v -0.037803 1.618831 -0.035073
v -0.033695 1.736232 -0.039074
v -0.033695 1.618831 -0.036433
v -0.033695 0.129431 -0.047993
v -0.049479 -0.414469 -0.046963
v -0.024344 0.110231 -0.051243
v -0.018852 -0.414469 -0.057143
v -0.040627 -0.498369 -0.037944
v -0.014119 -0.498369 -0.046754
v -0.040081 -0.690169 -0.037394
v -0.013828 -0.690169 -0.046114
v -0.013926 -0.715168 -0.046333
v -0.040265 -0.715168 -0.037573
v -0.018815 -0.881068 -0.057064
v -0.049410 -0.881068 -0.046893
v -0.020255 -1.459568 -0.060224
v -0.052106 -1.459568 -0.049644
v -0.021632 -1.472368 -0.063254
v -0.054681 -1.472368 -0.052263
v -0.034323 -1.538868 -0.095813
v -0.054681 -1.472368 -0.052263
v -0.078421 -1.538868 -0.080534
v -0.034964 -1.544269 -0.097284
v -0.034323 -1.538868 -0.095813
v -0.079620 -1.544269 -0.081813
v -0.035315 -1.559569 -0.098283
v -0.080276 -1.559569 -0.082684
v -0.066248 -1.581868 -0.080733
v -0.027815 -1.581868 -0.096034
v -0.064217 -1.585869 -0.078253
v -0.026730 -1.585869 -0.093174
v -0.066248 -1.581868 -0.080733
v 0.084951 1.994032 -0.044424
v 0.084428 1.879231 -0.044593
v 0.053004 1.992431 -0.054504
v 0.053520 1.879231 -0.054313
v 0.068356 2.046431 -0.054444
v 0.084951 1.994032 -0.044424
v 0.115425 2.051831 -0.044754
v -0.026489 1.737131 0.062486
v -0.026489 0.131831 0.062486
v 0.057771 0.131831 0.062486
v 0.050315 0.116531 0.062486
v 0.057771 1.737131 0.062486
v -0.019033 0.116531 0.062486
v 0.032972 0.103331 0.062486
v -0.001690 0.103331 0.062486
v 0.033090 0.102832 0.063007
v -0.001809 0.102832 0.063007
v -0.003761 0.094631 0.071516
v 0.035043 0.094631 0.071516
v -0.032233 1.770131 0.062486
v 0.063515 1.770131 0.062486
v -0.029852 1.784032 0.062486
v 0.061134 1.784032 0.062486
v 0.055029 1.791832 0.062486
v -0.023747 1.791832 0.062486
v -0.005328 1.800031 0.062486
v 0.036610 1.800031 0.062486
v -0.005401 1.800531 0.063007
v 0.036683 1.800531 0.063007
v 0.037886 1.808732 0.071516
v -0.006605 1.808732 0.071516
v 0.063937 1.770131 0.063007
v 0.061134 1.784032 0.062486
v 0.061514 1.784231 0.063007
v 0.057771 1.737131 0.062486
v 0.070877 1.770131 0.071516
v 0.067773 1.788232 0.071516
v 0.058184 1.737032 0.063007
v 0.064976 1.736232 0.071516
v 0.057771 0.131831 0.062486
v 0.058184 0.131732 0.063007
v 0.064976 1.736232 0.071516
v 0.064976 0.129431 0.071516
v 0.057771 1.737131 -0.022313
v 0.057771 0.131831 -0.022313
v -0.026489 1.737131 -0.022313
v -0.026489 0.131831 -0.022313
v 0.050315 0.116531 -0.022313
v -0.032233 1.770131 -0.022313
v -0.019033 0.116531 -0.022313
v 0.032972 0.103331 -0.022313
v -0.001690 0.103331 -0.022313
v 0.033090 0.102832 -0.022834
v -0.001809 0.102832 -0.022834
v -0.003761 0.094631 -0.031344
v 0.035043 0.094631 -0.031344
v 0.063515 1.770131 -0.022313
v -0.029852 1.784032 -0.022313
v 0.061134 1.784032 -0.022313
v 0.055029 1.791832 -0.022313
v -0.023747 1.791832 -0.022313
v -0.005328 1.800031 -0.022313
v 0.036610 1.800031 -0.022313
v -0.005401 1.800531 -0.022834
v 0.036683 1.800531 -0.022834
v 0.037886 1.808732 -0.031344
v -0.006605 1.808732 -0.031344
v 0.061134 1.784032 -0.022313
v 0.063937 1.770131 -0.022834
v 0.057771 1.737131 -0.022313
v 0.061514 1.784231 -0.022834
v 0.070877 1.770131 -0.031344
v 0.067773 1.788232 -0.031344
v 0.058184 1.737032 -0.022834
v 0.064976 1.736232 -0.031344
v 0.057771 0.131831 -0.022313
v 0.058184 0.131732 -0.022834
v 0.064976 1.736232 -0.031344
v 0.064976 0.129431 -0.031344
v -0.034964 -1.544269 0.137456
v 0.066484 -1.559569 0.138457
v 0.066144 -1.544269 0.137456
v -0.035315 -1.559569 0.138457
v -0.034323 -1.538868 0.135987
v -0.027815 -1.581868 0.136206
v 0.065521 -1.538868 0.135987
v 0.059201 -1.581868 0.136206
v -0.026730 -1.585869 0.133356
v 0.058146 -1.585869 0.133356
v -0.021632 -1.472368 0.103426
v 0.053195 -1.472368 0.103426
v -0.020255 -1.459568 0.100396
v 0.051858 -1.459568 0.100396
v -0.018815 -0.881068 0.097236
v 0.050459 -0.881068 0.097236
v -0.013926 -0.715168 0.086507
v 0.045711 -0.715168 0.086507
v 0.045898 -0.498369 0.086926
v -0.014119 -0.498369 0.086926
v 0.050495 -0.414469 0.097317
v -0.018852 -0.414469 0.097317
v -0.003761 0.094631 0.093887
v 0.035043 0.094631 0.093887
v 0.114412 -0.881068 -0.005893
v 0.118433 -1.459568 -0.006953
v 0.118433 -1.459568 0.047127
v 0.122275 -1.472368 -0.007973
v 0.122275 -1.472368 0.048147
v 0.157698 -1.538868 -0.018933
v 0.157698 -1.538868 0.059107
v 0.159486 -1.544269 -0.019434
v 0.159486 -1.544269 0.059606
v 0.160466 -1.559569 -0.019764
v 0.160466 -1.559569 0.059936
v 0.139534 -1.581868 -0.019014
v 0.139534 -1.581868 0.059186
v 0.136504 -1.585869 -0.018044
v 0.136504 -1.585869 0.058216
v 0.629433 2.547631 0.050056
v 0.629433 2.547631 -0.009884
v 0.629433 2.547631 -0.057183
v 0.629433 2.547631 0.097357
v -0.026489 0.131831 0.062486
v -0.026902 1.737032 0.063007
v -0.026902 0.131732 0.063007
v -0.033695 1.736232 0.071516
v -0.033695 0.129431 0.071516
v -0.026489 1.737131 0.062486
v -0.032655 1.770131 0.063007
v -0.029852 1.784032 0.062486
v -0.030232 1.784231 0.063007
v -0.039595 1.770131 0.071516
v -0.033695 1.736232 0.071516
v -0.036491 1.788232 0.071516
v -0.026489 0.131831 -0.022313
v -0.026902 1.737032 -0.022834
v -0.026489 1.737131 -0.022313
v -0.026902 0.131732 -0.022834
v -0.033695 1.736232 -0.031344
v -0.033695 0.129431 -0.031344
v -0.032655 1.770131 -0.022834
v -0.029852 1.784032 -0.022313
v -0.030232 1.784231 -0.022834
v -0.039595 1.770131 -0.031344
v -0.033695 1.736232 -0.031344
v -0.036491 1.788232 -0.031344
v 0.045898 -0.498369 -0.046754
v 0.045711 -0.715168 -0.046333
v -0.013926 -0.715168 -0.046333
v 0.050459 -0.881068 -0.057064
v -0.018815 -0.881068 -0.057064
v 0.051858 -1.459568 -0.060224
v -0.020255 -1.459568 -0.060224
v 0.053195 -1.472368 -0.063254
v -0.021632 -1.472368 -0.063254
v 0.065521 -1.538868 -0.095813
v -0.034323 -1.538868 -0.095813
v 0.066144 -1.544269 -0.097284
v -0.034964 -1.544269 -0.097284
v 0.066484 -1.559569 -0.098283
v -0.035315 -1.559569 -0.098283
v -0.027815 -1.581868 -0.096034
v 0.059201 -1.581868 -0.096034
v -0.026730 -1.585869 -0.093174
v 0.058146 -1.585869 -0.093174
v -0.082917 1.996331 0.044627
v -0.082424 1.879231 0.044926
v -0.051461 1.994032 0.084667
v -0.050945 1.879231 0.084836
v -0.081511 2.051731 0.085047
v -0.082917 1.996331 0.044627
v -0.129860 2.056331 0.046196
v 0.115079 1.879231 0.045017
v 0.084973 1.994132 0.084596
v 0.084428 1.879231 0.084767
v 0.115546 1.996431 0.044697
v 0.115546 1.996431 0.044697
v 0.115568 2.052332 0.085156
v 0.162748 2.056532 0.046216
v 0.064976 1.736232 0.071516
v 0.064976 0.129431 0.071516
v 0.064976 1.736232 0.072996
v 0.070877 1.770131 0.071516
v 0.064976 0.129431 0.072996
v 0.055626 0.110231 0.071516
v 0.070877 1.770131 0.072996
v 0.067773 1.788232 0.071516
v 0.064976 1.618831 0.077156
v 0.064976 1.736232 0.079757
v 0.070877 1.770131 0.078657
v 0.064976 0.129431 0.088587
v 0.067773 1.788232 0.072996
v 0.059102 1.799331 0.071516
v 0.067773 1.788232 0.080036
v 0.059102 1.799331 0.072996
v 0.037886 1.808732 0.071516
v 0.059102 1.799331 0.083007
v 0.037886 1.808732 0.072996
v 0.046039 1.805132 0.087246
v 0.037886 1.808732 0.087316
v 0.055626 0.110231 0.072996
v 0.035043 0.094631 0.071516
v 0.055626 0.110231 0.091677
v 0.035043 0.094631 0.072996
v 0.048945 0.105231 0.093817
v 0.035043 0.094631 0.093887
v 0.064976 1.736232 -0.032824
v 0.064976 0.129431 -0.031344
v 0.064976 1.736232 -0.031344
v 0.070877 1.770131 -0.031344
v 0.064976 0.129431 -0.032824
v 0.055626 0.110231 -0.031344
v 0.070877 1.770131 -0.032824
v 0.067773 1.788232 -0.031344
v 0.064976 1.618831 -0.036984
v 0.064976 1.736232 -0.039583
v 0.070877 1.770131 -0.038483
v 0.064976 0.129431 -0.048413
v 0.067773 1.788232 -0.032824
v 0.067773 1.788232 -0.039864
v 0.059102 1.799331 -0.031344
v 0.055626 0.110231 -0.032824
v 0.035043 0.094631 -0.031344
v 0.055626 0.110231 -0.051503
v 0.035043 0.094631 -0.032824
v 0.048945 0.105231 -0.053643
v 0.035043 0.094631 -0.053713
v 0.059102 1.799331 -0.032824
v 0.037886 1.808732 -0.031344
v 0.059102 1.799331 -0.042833
v 0.037886 1.808732 -0.032824
v 0.046039 1.805132 -0.047074
v 0.037886 1.808732 -0.047144
v -0.021372 1.992431 0.094696
v 0.053520 1.879231 0.094487
v 0.053005 1.992532 0.094676
v -0.021914 1.879231 0.094487
v 0.068390 2.047031 0.094626
v -0.037185 2.046531 0.094636
v 0.136998 2.124532 0.122726
v 0.068390 2.047031 0.094626
v -0.107807 2.124431 0.121857
v -0.021914 1.879231 -0.054313
v 0.053004 1.992431 -0.054504
v 0.053520 1.879231 -0.054313
v -0.021373 1.992532 -0.054524
v 0.068356 2.046431 -0.054444
v -0.037216 2.047031 -0.054464
v 0.136919 2.124431 -0.081604
v -0.107881 2.124532 -0.082534
v -0.033695 0.129431 0.071516
v -0.033695 1.736232 0.072996
v -0.033695 0.129431 0.072996
v -0.033695 1.736232 0.071516
v -0.024344 0.110231 0.071516
v -0.039595 1.770131 0.071516
v -0.024344 0.110231 0.072996
v -0.003761 0.094631 0.071516
v -0.003761 0.094631 0.072996
v -0.033695 0.129431 0.088167
v -0.024344 0.110231 0.091417
v -0.033695 1.618831 0.076607
v -0.017257 0.104831 0.093817
v -0.003761 0.094631 0.093887
v -0.033695 1.736232 0.079246
v -0.039595 1.770131 0.078047
v -0.039595 1.770131 0.072996
v -0.036491 1.788232 0.071516
v -0.036491 1.788232 0.072996
v -0.036491 1.788232 0.079477
v -0.027820 1.799331 0.071516
v -0.027820 1.799331 0.072996
v -0.006605 1.808732 0.071516
v -0.027820 1.799331 0.082617
v -0.006605 1.808732 0.072996
v -0.014266 1.805331 0.087256
v -0.006605 1.808732 0.087316
v -0.033695 0.129431 -0.032824
v -0.033695 1.736232 -0.032824
v -0.033695 0.129431 -0.031344
v -0.033695 1.736232 -0.031344
v -0.024344 0.110231 -0.031344
v -0.039595 1.770131 -0.031344
v -0.024344 0.110231 -0.032824
v -0.003761 0.094631 -0.031344
v -0.003761 0.094631 -0.032824
v -0.033695 0.129431 -0.047993
v -0.033695 1.618831 -0.036433
v -0.024344 0.110231 -0.051243
v -0.017257 0.104831 -0.053643
v -0.003761 0.094631 -0.053713
v -0.033695 1.736232 -0.039074
v -0.039595 1.770131 -0.037873
v -0.039595 1.770131 -0.032824
v -0.036491 1.788232 -0.031344
v -0.036491 1.788232 -0.032824
v -0.036491 1.788232 -0.039303
v -0.027820 1.799331 -0.031344
v -0.027820 1.799331 -0.032824
v -0.006605 1.808732 -0.031344
v -0.027820 1.799331 -0.042443
v -0.006605 1.808732 -0.032824
v -0.014266 1.805331 -0.047074
v -0.006605 1.808732 -0.047144
v 0.113327 -1.544269 0.121987
v 0.066144 -1.544269 0.137456
v 0.066484 -1.559569 0.138457
v 0.112115 -1.538868 0.120706
v 0.113991 -1.559569 0.122856
v 0.099808 -1.581868 0.120907
v 0.065521 -1.538868 0.135987
v 0.088114 -1.472368 0.092437
v 0.053195 -1.472368 0.103426
v 0.085511 -1.459568 0.089816
v 0.051858 -1.459568 0.100396
v 0.082786 -0.881068 0.087066
v 0.050459 -0.881068 0.097236
v 0.073541 -0.715168 0.077747
v 0.066484 -1.559569 -0.098283
v 0.113327 -1.544269 -0.081814
v 0.113991 -1.559569 -0.082684
v 0.099808 -1.581868 -0.080733
v 0.066144 -1.544269 -0.097284
v 0.112115 -1.538868 -0.080534
v 0.065521 -1.538868 -0.095813
v 0.088114 -1.472368 -0.052263
v 0.053195 -1.472368 -0.063254
v 0.085511 -1.459568 -0.049644
v 0.051858 -1.459568 -0.060224
v 0.082786 -0.881068 -0.046893
v 0.050459 -0.881068 -0.057064
v 0.073541 -0.715168 -0.037574
v -0.082902 1.996331 -0.004433
v -0.082424 1.879231 -0.004754
v -0.082917 1.996331 0.044627
v -0.082424 1.879231 0.044926
v -0.129860 2.056331 0.046196
v -0.129892 2.056331 -0.005953
v 0.115079 1.879231 -0.004843
v 0.115562 1.996331 -0.004543
v 0.115079 1.879231 0.045017
v 0.115546 1.996431 0.044697
v 0.162716 2.056532 -0.006084
v 0.162748 2.056532 0.046216
v -0.126831 -1.544269 -0.019434
v -0.127811 -1.559569 0.059936
v -0.126831 -1.544269 0.059606
v -0.127811 -1.559569 -0.019764
v -0.125043 -1.538868 -0.018933
v -0.106879 -1.581868 0.059186
v -0.125043 -1.538868 0.059107
v -0.106879 -1.581868 -0.019014
v -0.103849 -1.585869 0.058216
v -0.103849 -1.585869 -0.018044
v -0.089620 -1.472368 -0.007973
v -0.089620 -1.472368 0.048147
v -0.050945 1.879231 0.084836
v -0.021372 1.992431 0.094696
v -0.051461 1.994032 0.084667
v -0.021914 1.879231 0.094487
v -0.037185 2.046531 0.094636
v -0.051461 1.994032 0.084667
v -0.081511 2.051731 0.085047
v -0.107807 2.124431 0.121857
v -0.081511 2.051731 0.085047
v -0.273062 2.127731 0.108406
v -0.021373 1.992532 -0.054524
v -0.050945 1.879231 -0.044664
v -0.051483 1.994132 -0.044483
v -0.021914 1.879231 -0.054313
v -0.051483 1.994132 -0.044483
v -0.037216 2.047031 -0.054464
v -0.081654 2.052131 -0.045044
v -0.107881 2.124532 -0.082534
v -0.081654 2.052131 -0.045044
v -0.273123 2.127831 -0.068484
v 0.053005 1.992532 0.094676
v 0.084428 1.879231 0.084767
v 0.084973 1.994132 0.084596
v 0.053520 1.879231 0.094487
v 0.068390 2.047031 0.094626
v 0.084973 1.994132 0.084596
v 0.115568 2.052332 0.085156
v 0.136998 2.124532 0.122726
v 0.115568 2.052332 0.085156
v 0.324501 2.127831 0.108736
v -0.129892 2.056331 -0.005953
v -0.081654 2.052131 -0.045044
v -0.082902 1.996331 -0.004433
v -0.051483 1.994132 -0.044483
v 0.061514 1.784231 0.063007
v 0.055029 1.791832 0.062486
v 0.061134 1.784032 0.062486
v 0.055262 1.792331 0.063007
v 0.067773 1.788232 0.071516
v 0.059102 1.799331 0.071516
v 0.061514 1.784231 -0.022834
v 0.055029 1.791832 -0.022313
v 0.055262 1.792331 -0.022834
v 0.061134 1.784032 -0.022313
v 0.067773 1.788232 -0.031344
v 0.059102 1.799331 -0.031344
v -0.023980 1.792331 0.063007
v -0.030232 1.784231 0.063007
v -0.023747 1.791832 0.062486
v -0.029852 1.784032 0.062486
v -0.036491 1.788232 0.071516
v -0.027820 1.799331 0.071516
v -0.030232 1.784231 -0.022834
v -0.023980 1.792331 -0.022834
v -0.023747 1.791832 -0.022313
v -0.029852 1.784032 -0.022313
v -0.036491 1.788232 -0.031344
v -0.027820 1.799331 -0.031344
v 0.115562 1.996331 -0.004543
v 0.115425 2.051831 -0.044754
v 0.162716 2.056532 -0.006084
v 0.084951 1.994032 -0.044424
v -0.331311 2.163731 -0.153114
v -0.331258 2.241431 -0.215274
v -0.332187 2.174731 -0.143034
v -0.333097 2.249131 -0.203143
v -0.274765 2.283931 0.264696
v -0.331252 2.241232 0.255737
v -0.271285 2.268731 0.254826
v -0.349616 2.250932 0.263757
v -0.331252 2.241232 0.255737
v -0.332024 2.174532 0.183427
v -0.332773 2.249032 0.243636
v -0.331302 2.163631 0.193457
v 0.136919 2.124431 -0.081604
v 0.324438 2.127731 -0.068304
v 0.115425 2.051831 -0.044754
v 0.068356 2.046431 -0.054444
v -0.269992 2.267431 0.236697
v -0.274962 2.173732 0.184526
v -0.108393 2.173531 0.187307
v -0.108229 2.266432 0.241756
v -0.108282 2.275331 0.247046
v -0.271892 2.276131 0.242337
v -0.270162 2.267431 -0.196454
v -0.108396 2.173531 -0.147134
v -0.275041 2.173732 -0.144303
v -0.108227 2.266432 -0.201594
v -0.270162 2.267431 -0.196454
v -0.108281 2.275331 -0.206874
v -0.272063 2.276131 -0.202093
v 0.137379 2.275331 -0.206874
v 0.322159 2.267331 -0.196644
v 0.137333 2.266432 -0.201584
v 0.323677 2.276031 -0.202233
v 0.137476 2.173531 -0.147134
v 0.326130 2.173631 -0.144374
v 0.137479 2.173531 0.187307
v 0.322303 2.267331 0.236777
v 0.137332 2.266432 0.241766
v 0.326201 2.173631 0.184516
v 0.322303 2.267331 0.236777
v 0.137379 2.275331 0.247046
v 0.323820 2.276031 0.242367
v -0.271892 2.276131 0.242337
v -0.322217 2.243432 0.238996
v -0.269992 2.267431 0.236697
v -0.332773 2.249032 0.243636
v -0.108393 2.173531 0.187307
v 0.137479 2.173531 0.187307
v -0.108229 2.266432 0.241756
v 0.137332 2.266432 0.241766
v 0.137379 2.275331 0.247046
v -0.108282 2.275331 0.247046
v -0.108227 2.266432 -0.201594
v 0.137476 2.173531 -0.147134
v -0.108396 2.173531 -0.147134
v 0.137333 2.266432 -0.201584
v 0.137379 2.275331 -0.206874
v -0.108281 2.275331 -0.206874
v -0.333097 2.249131 -0.203143
v -0.272063 2.276131 -0.202093
v -0.322528 2.243531 -0.198393
v -0.270162 2.267431 -0.196454
v -0.349616 2.250932 -0.223583
v -0.274765 2.283931 -0.224524
v -0.331258 2.241431 -0.215274
v -0.271296 2.268731 -0.214614
v 0.325988 2.283931 -0.224524
v 0.404187 2.240231 -0.215254
v 0.323226 2.268731 -0.214724
v 0.422558 2.250932 -0.223583
v 0.323677 2.276031 -0.202233
v 0.394808 2.241832 -0.198313
v 0.322159 2.267331 -0.196644
v 0.405356 2.248031 -0.203114
v 0.422558 2.250932 0.263757
v 0.325988 2.283931 0.264696
v 0.404186 2.240331 0.255186
v 0.323232 2.268731 0.254876
v -0.331302 2.163631 0.193457
v -0.331286 2.116132 0.097257
v -0.332024 2.174532 0.183427
v -0.331184 2.129231 0.091717
v -0.331286 2.116132 0.097257
v -0.331272 2.115532 0.047787
v -0.331286 2.101432 0.050056
v -0.331268 2.115532 -0.007603
v -0.331286 2.101432 -0.009884
v -0.331286 2.116132 -0.057054
v -0.331161 2.129231 -0.051503
v -0.331286 2.116132 -0.057054
v -0.332187 2.174731 -0.143034
v -0.331311 2.163731 -0.153114
v 0.404186 2.240331 0.255186
v 0.404951 2.174532 0.183407
v 0.404244 2.163631 0.193466
v 0.405629 2.248031 0.243047
v 0.036610 1.800031 0.062486
v 0.055262 1.792331 0.063007
v 0.036683 1.800531 0.063007
v 0.055029 1.791832 0.062486
v 0.059102 1.799331 0.071516
v 0.037886 1.808732 0.071516
v 0.322303 2.267331 0.236777
v 0.395067 2.241932 0.238137
v 0.323820 2.276031 0.242367
v 0.405629 2.248031 0.243047
v 0.055262 1.792331 -0.022834
v 0.036610 1.800031 -0.022313
v 0.036683 1.800531 -0.022834
v 0.055029 1.791832 -0.022313
v 0.059102 1.799331 -0.031344
v 0.037886 1.808732 -0.031344
v -0.005401 1.800531 0.063007
v -0.023980 1.792331 0.063007
v -0.005328 1.800031 0.062486
v -0.023747 1.791832 0.062486
v -0.027820 1.799331 0.071516
v -0.006605 1.808732 0.071516
v -0.023980 1.792331 -0.022834
v -0.005328 1.800031 -0.022313
v -0.023747 1.791832 -0.022313
v -0.005401 1.800531 -0.022834
v -0.027820 1.799331 -0.031344
v -0.006605 1.808732 -0.031344
v 0.404187 2.240231 -0.215254
v 0.404808 2.174432 -0.143404
v 0.405356 2.248031 -0.203114
v 0.404238 2.163431 -0.153434
v -0.331286 2.577231 -0.057054
v -0.331286 2.577131 0.097186
v -0.331123 2.563131 -0.053673
v -0.331091 2.563031 0.093787
v -0.332226 2.519932 -0.143563
v -0.331286 2.577231 -0.057054
v -0.331313 2.531132 -0.153154
v -0.331286 2.577131 0.097186
v -0.332492 2.519731 0.183387
v -0.331333 2.530931 0.193066
v 0.057771 0.131831 0.062486
v 0.050315 0.116531 0.062486
v 0.058184 0.131732 0.063007
v 0.050619 0.116232 0.063007
v 0.064976 0.129431 0.071516
v 0.055626 0.110231 0.071516
v 0.058184 0.131732 -0.022834
v 0.050315 0.116531 -0.022313
v 0.057771 0.131831 -0.022313
v 0.050619 0.116232 -0.022834
v 0.064976 0.129431 -0.031344
v 0.055626 0.110231 -0.031344
v 0.404228 2.577231 -0.057044
v 0.404132 2.563131 0.093877
v 0.404228 2.577331 0.097256
v 0.404113 2.563131 -0.053663
v 0.404168 2.129131 -0.051573
v 0.404808 2.174432 -0.143404
v 0.404228 2.116031 -0.057103
v 0.404238 2.163431 -0.153434
v 0.404228 2.116031 -0.057103
v 0.404221 2.115532 -0.007613
v 0.404228 2.101432 -0.009884
v 0.404218 2.115532 0.047787
v 0.404228 2.101432 0.050056
v 0.404228 2.116132 0.097256
v 0.404155 2.129231 0.091717
v 0.404228 2.116132 0.097256
v 0.404951 2.174532 0.183407
v 0.404244 2.163631 0.193466
v -0.019033 0.116531 0.062486
v -0.026902 0.131732 0.063007
v -0.019337 0.116232 0.063007
v -0.026489 0.131831 0.062486
v -0.033695 0.129431 0.071516
v -0.024344 0.110231 0.071516
v -0.019033 0.116531 -0.022313
v -0.026902 0.131732 -0.022834
v -0.026489 0.131831 -0.022313
v -0.019337 0.116232 -0.022834
v -0.033695 0.129431 -0.031344
v -0.024344 0.110231 -0.031344
v 0.326201 2.173631 0.184516
v 0.395067 2.241932 0.238137
v 0.322303 2.267331 0.236777
v 0.394484 2.174931 0.183106
v 0.404245 2.531332 0.193497
v 0.404228 2.577331 0.097256
v 0.404970 2.520131 0.183906
v 0.404132 2.563131 0.093877
v 0.326130 2.173631 -0.144374
v 0.394808 2.241832 -0.198313
v 0.394339 2.174731 -0.143163
v 0.322159 2.267331 -0.196644
v -0.321723 2.175132 -0.142654
v -0.322528 2.243531 -0.198393
v -0.275041 2.173732 -0.144303
v -0.270162 2.267431 -0.196454
v 0.405205 2.519932 -0.143473
v 0.404228 2.577231 -0.057044
v 0.404258 2.531132 -0.153114
v 0.404113 2.563131 -0.053663
v -0.274962 2.173732 0.184526
v -0.322217 2.243432 0.238996
v -0.321557 2.174931 0.183126
v -0.269992 2.267431 0.236697
v 0.422558 2.250932 0.263757
v 0.629433 2.185132 0.194126
v 0.629433 2.262131 0.263757
v 0.422558 2.163031 0.194126
v 0.629433 2.185132 -0.153944
v 0.422558 2.163031 -0.153944
v 0.422558 2.250932 -0.223583
v 0.629433 2.262131 -0.223583
v -0.602337 2.262131 -0.223583
v -0.349616 2.250932 -0.223583
v -0.602337 2.185132 -0.153944
v -0.349616 2.163031 -0.153944
v -0.602337 2.185132 0.194126
v -0.349616 2.250932 0.263757
v -0.602337 2.262131 0.263757
v -0.349616 2.163031 0.194126
v -0.349616 2.250932 0.263757
v -0.349616 2.163031 0.194126
v -0.331252 2.241232 0.255737
v -0.331302 2.163631 0.193457
v 0.422558 2.163031 0.194126
v 0.404186 2.240331 0.255186
v 0.404244 2.163631 0.193466
v 0.422558 2.250932 0.263757
v -0.331313 2.531132 -0.153154
v -0.333175 2.457831 -0.203633
v -0.331225 2.466231 -0.215223
v -0.332226 2.519932 -0.143563
v -0.349616 2.163031 -0.153944
v -0.331258 2.241431 -0.215274
v -0.331311 2.163731 -0.153114
v -0.349616 2.250932 -0.223583
v 0.404155 2.467332 0.255057
v 0.404245 2.531332 0.193497
v 0.405662 2.458932 0.243417
v 0.404970 2.520131 0.183906
v 0.405356 2.248031 -0.203114
v 0.404808 2.174432 -0.143404
v 0.394808 2.241832 -0.198313
v 0.394339 2.174731 -0.143163
v -0.332773 2.249032 0.243636
v -0.332024 2.174532 0.183427
v -0.322217 2.243432 0.238996
v -0.321557 2.174931 0.183126
v 0.404951 2.174532 0.183407
v 0.395067 2.241932 0.238137
v 0.394484 2.174931 0.183106
v 0.405629 2.248031 0.243047
v -0.332187 2.174731 -0.143034
v -0.322528 2.243531 -0.198393
v -0.321723 2.175132 -0.142654
v -0.333097 2.249131 -0.203143
v -0.331333 2.530931 0.193066
v -0.333693 2.457731 0.243317
v -0.332492 2.519731 0.183387
v -0.331236 2.465932 0.254957
v 0.404258 2.531132 -0.153114
v 0.406104 2.458832 -0.202863
v 0.405205 2.519932 -0.143473
v 0.404151 2.467131 -0.214523
v -0.006605 1.808732 0.071516
v 0.037886 1.808732 0.072996
v -0.006605 1.808732 0.072996
v 0.037886 1.808732 0.071516
v -0.006605 1.808732 0.087316
v 0.037886 1.808732 0.087316
v -0.006605 1.808732 -0.032824
v 0.037886 1.808732 -0.032824
v -0.006605 1.808732 -0.031344
v 0.037886 1.808732 -0.031344
v 0.037886 1.808732 -0.047144
v -0.006605 1.808732 -0.047144
v 0.136998 2.124532 0.122726
v -0.108393 2.173531 0.187307
v -0.107807 2.124431 0.121857
v 0.137479 2.173531 0.187307
v -0.020660 1.879231 -0.046343
v -0.020660 1.879231 0.086517
v -0.046274 1.879231 -0.037833
v -0.021914 1.879231 -0.054313
v -0.050945 1.879231 -0.044664
v 0.053520 1.879231 -0.054313
v -0.074568 1.879231 -0.001963
v -0.082424 1.879231 -0.004754
v -0.082424 1.879231 0.044926
v -0.074568 1.879231 0.042137
v -0.050945 1.879231 0.084836
v -0.046274 1.879231 0.078007
v -0.021914 1.879231 0.094487
v 0.053520 1.879231 0.094487
v 0.052330 1.879231 0.086517
v 0.079754 1.879231 0.077896
v 0.052330 1.879231 -0.046343
v 0.084428 1.879231 0.084767
v 0.079754 1.879231 -0.037714
v 0.084428 1.879231 -0.044593
v 0.107223 1.879231 -0.002103
v 0.115079 1.879231 -0.004843
v 0.107223 1.879231 0.042277
v 0.115079 1.879231 0.045017
v 0.050619 0.116232 0.063007
v 0.032972 0.103331 0.062486
v 0.033090 0.102832 0.063007
v 0.050315 0.116531 0.062486
v 0.055626 0.110231 0.071516
v 0.035043 0.094631 0.071516
v 0.050619 0.116232 -0.022834
v 0.033090 0.102832 -0.022834
v 0.032972 0.103331 -0.022313
v 0.050315 0.116531 -0.022313
v 0.055626 0.110231 -0.031344
v 0.035043 0.094631 -0.031344
v -0.108396 2.173531 -0.147134
v 0.137476 2.173531 -0.147134
v -0.107881 2.124532 -0.082534
v 0.136919 2.124431 -0.081604
v -0.019337 0.116232 0.063007
v -0.001690 0.103331 0.062486
v -0.019033 0.116531 0.062486
v -0.001809 0.102832 0.063007
v -0.024344 0.110231 0.071516
v -0.003761 0.094631 0.071516
v -0.001690 0.103331 -0.022313
v -0.019337 0.116232 -0.022834
v -0.019033 0.116531 -0.022313
v -0.001809 0.102832 -0.022834
v -0.024344 0.110231 -0.031344
v -0.003761 0.094631 -0.031344
v -0.275041 2.173732 -0.144303
v -0.107881 2.124532 -0.082534
v -0.273123 2.127831 -0.068484
v -0.108396 2.173531 -0.147134
v 0.136998 2.124532 0.122726
v 0.326201 2.173631 0.184516
v 0.137479 2.173531 0.187307
v 0.324501 2.127831 0.108736
v -0.107807 2.124431 0.121857
v -0.274962 2.173732 0.184526
v -0.273062 2.127731 0.108406
v -0.108393 2.173531 0.187307
v -0.321557 2.174931 0.183126
v -0.273062 2.127731 0.108406
v -0.320709 2.129331 0.091707
v 0.137476 2.173531 -0.147134
v 0.326130 2.173631 -0.144374
v 0.136919 2.124431 -0.081604
v 0.324438 2.127731 -0.068304
v 0.394339 2.174731 -0.143163
v 0.324438 2.127731 -0.068304
v 0.393693 2.129231 -0.051563
v -0.320686 2.129331 -0.051493
v -0.321723 2.175132 -0.142654
v -0.273123 2.127831 -0.068484
v -0.275041 2.173732 -0.144303
v -0.273062 2.127731 0.108406
v -0.129860 2.056331 0.046196
v -0.081511 2.051731 0.085047
v -0.271916 2.115532 0.047616
v -0.129892 2.056331 -0.005953
v -0.129860 2.056331 0.046196
v -0.271923 2.115532 -0.007394
v -0.129892 2.056331 -0.005953
v -0.273123 2.127831 -0.068484
v -0.081654 2.052131 -0.045044
v 0.324501 2.127831 0.108736
v 0.394484 2.174931 0.183106
v 0.326201 2.173631 0.184516
v 0.393680 2.129331 0.091697
v 0.629433 2.144031 -0.057183
v 0.422558 2.115931 -0.057183
v 0.422558 2.163031 -0.153944
v 0.629433 2.185132 -0.153944
v 0.162716 2.056532 -0.006084
v 0.324438 2.127731 -0.068304
v 0.323434 2.115532 -0.007514
v 0.115425 2.051831 -0.044754
v 0.162748 2.056532 0.046216
v 0.323437 2.115532 0.047656
v 0.324501 2.127831 0.108736
v 0.162748 2.056532 0.046216
v 0.115568 2.052332 0.085156
v 0.422558 2.163031 -0.153944
v 0.422558 2.115931 -0.057183
v 0.404238 2.163431 -0.153434
v 0.404228 2.116031 -0.057103
v -0.349616 2.115931 0.097357
v -0.331302 2.163631 0.193457
v -0.349616 2.163031 0.194126
v -0.331286 2.116132 0.097257
v -0.349616 2.115931 -0.057183
v -0.331311 2.163731 -0.153114
v -0.331286 2.116132 -0.057054
v -0.349616 2.163031 -0.153944
v 0.422558 2.115931 0.097357
v 0.404244 2.163631 0.193466
v 0.404228 2.116132 0.097256
v 0.422558 2.163031 0.194126
v -0.331184 2.129231 0.091717
v -0.321557 2.174931 0.183126
v -0.332024 2.174532 0.183427
v -0.320709 2.129331 0.091707
v 0.404808 2.174432 -0.143404
v 0.404168 2.129131 -0.051573
v 0.394339 2.174731 -0.143163
v 0.393693 2.129231 -0.051563
v 0.404155 2.129231 0.091717
v 0.394484 2.174931 0.183106
v 0.393680 2.129331 0.091697
v 0.404951 2.174532 0.183407
v -0.331161 2.129231 -0.051503
v -0.321723 2.175132 -0.142654
v -0.320686 2.129331 -0.051493
v -0.332187 2.174731 -0.143034
v 0.629433 2.131331 -0.009884
v 0.422558 2.101432 -0.009884
v 0.422558 2.115931 -0.057183
v 0.629433 2.144031 -0.057183
v 0.629433 2.131331 0.050056
v 0.422558 2.101432 0.050056
v 0.629433 2.144031 0.097357
v 0.422558 2.115931 0.097357
v 0.422558 2.115931 0.097357
v 0.629433 2.185132 0.194126
v 0.422558 2.163031 0.194126
v -0.602337 2.185132 -0.153944
v -0.349616 2.163031 -0.153944
v -0.602337 2.144031 -0.057183
v -0.349616 2.115931 -0.057183
v -0.602337 2.144031 -0.057183
v -0.602337 2.131331 -0.009884
v -0.349616 2.101432 -0.009884
v -0.602337 2.131331 0.050056
v -0.349616 2.101432 0.050056
v -0.602337 2.144031 0.097357
v -0.349616 2.115931 0.097357
v -0.349616 2.115931 0.097357
v -0.602337 2.185132 0.194126
v -0.349616 2.163031 0.194126
v -0.349616 2.101432 0.050056
v -0.331286 2.116132 0.097257
v -0.349616 2.115931 0.097357
v -0.331286 2.101432 0.050056
v -0.349616 2.101432 -0.009884
v -0.331286 2.101432 -0.009884
v -0.331286 2.116132 -0.057054
v -0.349616 2.115931 -0.057183
v 0.422558 2.115931 -0.057183
v 0.422558 2.101432 -0.009884
v 0.404228 2.116031 -0.057103
v 0.404228 2.101432 -0.009884
v 0.422558 2.101432 0.050056
v 0.404228 2.101432 0.050056
v 0.404228 2.116132 0.097256
v 0.422558 2.115931 0.097357
v -0.271916 2.115532 0.047616
v -0.320709 2.129331 0.091707
v -0.320798 2.115532 0.047787
v -0.273062 2.127731 0.108406
v -0.271923 2.115532 -0.007394
v -0.271916 2.115532 0.047616
v -0.320794 2.115532 -0.007603
v -0.331184 2.129231 0.091717
v -0.320709 2.129331 0.091707
v -0.331272 2.115532 0.047787
v -0.331268 2.115532 -0.007603
v -0.331161 2.129231 -0.051503
v -0.320686 2.129331 -0.051493
v -0.320686 2.129331 -0.051493
v -0.271923 2.115532 -0.007394
v -0.273123 2.127831 -0.068484
v 0.404218 2.115532 0.047787
v 0.404155 2.129231 0.091717
v 0.393744 2.115532 0.047787
v 0.393680 2.129331 0.091697
v 0.404221 2.115532 -0.007613
v 0.393747 2.115532 -0.007613
v 0.404168 2.129131 -0.051573
v 0.393693 2.129231 -0.051563
v 0.323437 2.115532 0.047656
v 0.323434 2.115532 -0.007514
v 0.393680 2.129331 0.091697
v 0.323437 2.115532 0.047656
v 0.324501 2.127831 0.108736
v 0.323434 2.115532 -0.007514
v 0.393693 2.129231 -0.051563
v 0.324438 2.127731 -0.068304
v -0.271892 2.276131 0.242337
v -0.108282 2.275331 0.247046
v -0.271285 2.268731 0.254826
v -0.108438 2.268331 0.259776
v 0.137379 2.275331 0.247046
v 0.323232 2.268731 0.254876
v 0.137515 2.268331 0.259776
v 0.323820 2.276031 0.242367
v 0.323226 2.268731 -0.214724
v 0.137379 2.275331 -0.206874
v 0.137515 2.268331 -0.219604
v 0.323677 2.276031 -0.202233
v -0.271296 2.268731 -0.214614
v -0.108281 2.275331 -0.206874
v -0.272063 2.276131 -0.202093
v -0.108438 2.268331 -0.219604
v -0.108282 2.275331 0.247046
v 0.137515 2.268331 0.259776
v -0.108438 2.268331 0.259776
v 0.137379 2.275331 0.247046
v -0.108438 2.268331 -0.219604
v 0.137515 2.268331 -0.219604
v -0.108281 2.275331 -0.206874
v 0.137379 2.275331 -0.206874
v -0.331258 2.241431 -0.215274
v -0.272063 2.276131 -0.202093
v -0.333097 2.249131 -0.203143
v -0.271296 2.268731 -0.214614
v -0.332773 2.249032 0.243636
v -0.271892 2.276131 0.242337
v -0.331252 2.241232 0.255737
v -0.271285 2.268731 0.254826
v 0.323226 2.268731 -0.214724
v 0.404187 2.240231 -0.215254
v 0.323677 2.276031 -0.202233
v 0.405356 2.248031 -0.203114
v 0.323820 2.276031 0.242367
v 0.404186 2.240331 0.255186
v 0.323232 2.268731 0.254876
v 0.405629 2.248031 0.243047
v 0.035043 0.094631 0.071516
v -0.003761 0.094631 0.071516
v -0.003761 0.094631 0.072996
v 0.035043 0.094631 0.072996
v 0.035043 0.094631 0.093887
v -0.003761 0.094631 0.093887
v 0.035043 0.094631 -0.031344
v -0.003761 0.094631 -0.032824
v -0.003761 0.094631 -0.031344
v 0.035043 0.094631 -0.032824
v -0.003761 0.094631 -0.053713
v 0.035043 0.094631 -0.053713
vn 0.2676 -0.9051 0.3305
vn 0.5459 -0.8228 -0.1582
vn 0.5459 -0.8228 0.1582
vn 0.2676 -0.9051 -0.3306
vn 0.0785 -0.8948 0.4395
vn 0.0785 -0.8948 -0.4395
vn -0.0788 -0.8979 -0.4332
vn -0.0788 -0.8979 0.4332
vn -0.2676 -0.9051 -0.3305
vn -0.2676 -0.9051 0.3306
vn -0.5452 -0.8217 0.1659
vn -0.5452 -0.8217 -0.1659
vn 0.1575 -0.3938 -0.9056
vn 0.2676 -0.9050 -0.3306
vn 0.0785 -0.8948 -0.4396
vn 0.5121 -0.5279 -0.6776
vn 0.0785 -0.8948 0.4396
vn 0.1575 -0.3938 0.9056
vn 0.5121 -0.5279 0.6776
vn -0.5207 -0.5285 -0.6705
vn -0.8980 -0.3151 -0.3072
vn -0.5813 -0.1807 -0.7934
vn -0.7400 -0.6298 -0.2362
vn 0.0551 0.9756 -0.2124
vn 0.0551 0.9756 0.2124
vn 0.5409 0.8232 -0.1725
vn 0.5409 0.8232 0.1725
vn 0.7422 0.5527 -0.3789
vn 0.0236 0.8183 -0.5743
vn 0.5410 0.8232 0.1725
vn 0.0551 0.9756 0.2125
vn 0.0393 0.8179 0.5740
vn 0.7422 0.5527 0.3790
vn -0.7332 0.5597 0.3862
vn -0.0079 0.8185 0.5745
vn -0.5262 0.8326 0.1728
vn -0.0394 0.9763 0.2126
vn -0.5262 0.8326 -0.1728
vn -0.0394 0.9763 -0.2126
vn -0.7332 0.5597 -0.3863
vn -0.0236 0.8183 -0.5743
vn -0.0000 1.0000 -0.0000
vn 0.3301 0.7781 0.5345
vn 0.3397 0.9244 0.1738
vn 0.1182 0.8508 0.5120
vn 0.3467 0.9218 -0.1733
vn 0.3237 0.7736 -0.5447
vn 0.1021 0.8488 -0.5187
vn -0.1026 0.8523 -0.5129
vn 0.1183 0.4969 -0.8597
vn -0.1343 0.4899 -0.8614
vn 0.0393 0.5506 -0.8338
vn -0.0474 0.5449 -0.8371
vn 0.0078 0.9737 -0.2277
vn -0.0078 0.9754 -0.2202
vn -0.3475 0.7897 -0.5055
vn -0.3618 0.9202 -0.1494
vn -0.3535 0.9193 0.1728
vn -0.3559 0.7751 0.5220
vn -0.1264 0.8534 0.5057
vn 0.1492 0.4948 0.8561
vn -0.1490 0.5099 0.8472
vn 0.0550 0.5502 0.8332
vn -0.0473 0.5595 0.8275
vn 0.0079 0.9737 0.2277
vn -0.0078 0.9737 0.2277
vn 0.0551 0.9756 -0.2125
vn -0.7409 0.5438 -0.3940
vn -0.7224 0.6752 -0.1491
vn -0.7224 0.6752 -0.1492
vn -0.7186 0.6790 0.1500
vn -0.7318 0.5508 0.4012
vn 0.0393 0.8179 0.5741
vn -0.0393 0.9763 -0.2126
vn 0.7262 0.6709 0.1500
vn 0.7224 0.6752 -0.1491
vn -0.0393 0.9764 0.2125
vn 0.7409 0.5438 -0.3940
vn 0.7565 0.5279 0.3860
vn 0.0158 0.9714 -0.2369
vn 0.0158 0.9696 0.2443
vn -0.3547 0.8909 -0.2838
vn -0.3470 0.8832 0.3154
vn -0.3547 0.8908 -0.2839
vn 0.0709 0.7797 -0.6221
vn 0.0158 0.9714 -0.2370
vn -0.1891 0.6621 -0.7251
vn 0.0158 0.9695 0.2444
vn 0.0942 0.7850 0.6123
vn -0.3470 0.8832 0.3155
vn -0.1730 0.6765 0.7158
vn 0.7253 0.6701 0.1577
vn 0.7499 0.5367 0.3867
vn 0.7177 0.6782 -0.1577
vn 0.7254 0.6701 0.1576
vn 0.7177 0.6782 -0.1578
vn 0.7409 0.5439 -0.3940
vn -0.0711 0.7903 -0.6085
vn 0.3454 0.8871 -0.3062
vn -0.0158 0.9714 -0.2370
vn 0.1653 0.6693 -0.7244
vn 0.3306 0.8897 0.3149
vn -0.0158 0.9714 -0.2369
vn 0.3454 0.8871 -0.3061
vn -0.0158 0.9714 0.2369
vn 0.3307 0.8897 0.3149
vn -0.0548 0.7835 0.6189
vn -0.0158 0.9714 0.2370
vn 0.1815 0.6631 0.7262
vn -0.7215 0.6744 -0.1568
vn -0.0711 0.7904 -0.6085
vn -0.7409 0.5439 -0.3940
vn -0.7309 0.5580 0.3929
vn 0.3397 0.9243 0.1738
vn 0.3467 0.9218 -0.1734
vn -0.3536 0.9193 0.1729
vn 0.0393 0.8178 0.5741
vn -0.0394 0.4813 0.8757
vn 0.7328 0.3231 0.5988
vn -0.0473 0.4811 -0.8754
vn 0.7422 0.5527 -0.3790
vn 0.7328 0.3231 -0.5988
vn 0.0236 0.8182 -0.5744
vn -0.7328 0.3230 0.5988
vn 0.0632 0.4746 0.8779
vn -0.7332 0.5597 0.3863
vn -0.0079 0.8184 0.5745
vn 0.0554 0.4748 -0.8783
vn -0.7328 0.3230 -0.5989
vn -0.0236 0.8182 -0.5744
vn -0.5892 0.7227 0.3613
vn -0.7310 0.5579 0.3930
vn -0.1339 0.5908 0.7956
vn -0.0548 0.7835 0.6190
vn -0.5823 0.7240 0.3698
vn -0.7318 0.5508 0.4013
vn -0.7409 0.5438 -0.3941
vn -0.1497 0.6070 -0.7804
vn -0.0711 0.7903 -0.6086
vn -0.5976 0.7155 -0.3617
vn 0.6308 0.6860 -0.3627
vn 0.7409 0.5438 -0.3941
vn -0.5926 0.7189 -0.3634
vn 0.6407 0.6803 -0.3559
vn 0.1659 0.5687 -0.8056
vn 0.0709 0.7797 -0.6222
vn 0.1973 0.5920 0.7814
vn 0.6454 0.6768 0.3541
vn -0.0078 0.8184 0.5745
vn 0.7565 0.5279 0.3861
vn 0.0633 0.4746 0.8779
vn -0.1731 0.6765 0.7158
vn -0.1491 0.5099 0.8472
vn 0.0942 0.5809 0.8085
vn 0.0551 0.5503 0.8332
vn 0.1816 0.6631 0.7262
vn 0.1493 0.4948 0.8561
vn -0.0474 0.5686 0.8213
vn -0.0474 0.5450 -0.8371
vn -0.1892 0.6621 -0.7252
vn -0.1344 0.4900 -0.8613
vn 0.0707 0.5497 -0.8323
vn -0.1892 0.6621 -0.7251
vn -0.3475 0.7898 -0.5055
vn -0.3548 0.8908 -0.2838
vn 0.1654 0.6692 -0.7244
vn -0.3536 0.9193 0.1728
vn 0.0394 0.5506 -0.8338
vn -0.0708 0.5820 -0.8101
vn 0.0176 0.9736 -0.2274
vn -0.0707 0.5820 -0.8101
vn -0.1887 0.9588 -0.2122
vn -0.0079 0.9754 0.2203
vn 0.0078 0.9754 0.2203
vn -0.0077 0.9737 0.2278
vn -0.0079 0.9754 -0.2203
vn 0.0078 0.9754 -0.2203
vn -0.0080 0.9754 -0.2203
vn 0.0067 0.9737 -0.2278
vn 0.3397 0.9243 0.1737
vn 0.1816 0.6630 0.7262
vn 0.3307 0.8896 0.3149
vn 0.3301 0.7781 0.5344
vn 0.2292 0.9479 0.2212
vn -0.0079 0.9737 0.2277
vn 0.2365 0.9462 0.2208
vn -0.0078 0.9754 0.2203
vn 0.0079 0.9737 -0.2278
vn -0.1811 0.9602 -0.2126
vn 0.0079 0.9754 -0.2203
vn -0.1886 0.9588 -0.2123
vn -0.1810 0.9602 0.2126
vn -0.0016 0.9737 0.2279
vn 0.0079 0.9754 0.2203
vn -0.1887 0.9588 0.2122
vn 0.2440 0.9444 -0.2204
vn 0.0016 0.9754 -0.2205
vn 0.2290 0.9479 -0.2212
vn -0.0078 0.9754 -0.2203
vn 0.0707 0.5497 -0.8324
vn 0.2440 0.9444 -0.2203
vn 0.2366 0.9462 0.2207
vn 0.0078 0.9737 0.2277
vn -0.1886 0.9589 0.2122
vn -0.0712 0.7903 -0.6086
vn -0.1498 0.6070 -0.7804
vn -0.1498 0.6070 -0.7805
vn -0.1886 0.9589 -0.2122
vn -0.5976 0.7156 -0.3617
vn -0.0549 0.7835 0.6190
vn -0.1339 0.5908 0.7957
vn 0.1974 0.5920 0.7814
vn -0.1891 0.6621 -0.7252
vn -0.1344 0.4899 -0.8613
vn 0.1181 0.8508 0.5120
vn 0.1022 0.8488 -0.5187
vn -0.0474 0.4811 -0.8754
vn -0.0550 0.4085 -0.9111
vn -0.1810 0.9603 -0.2125
vn -0.0473 0.4021 0.9144
vn -0.5823 0.7239 0.3698
vn -0.1810 0.9603 0.2125
vn -0.0395 0.4812 0.8757
vn -0.5925 0.7189 -0.3634
vn -0.1810 0.9602 -0.2126
vn -0.5823 0.7240 0.3699
vn -0.1886 0.9588 0.2123
vn 0.0709 0.4015 0.9131
vn 0.2290 0.9480 0.2212
vn 0.0632 0.3950 -0.9165
vn 0.6308 0.6859 -0.3627
vn 0.2291 0.9479 -0.2211
vn 0.0554 0.4748 -0.8784
vn 0.6453 0.6768 0.3542
vn 0.2291 0.9479 0.2213
vn 0.6307 0.6860 -0.3627
vn 0.2290 0.9480 -0.2212
vn -0.5127 -0.8045 0.2998
vn -0.7326 -0.5436 0.4097
vn -1.0000 -0.0000 -0.0000
vn -0.7458 -0.6595 0.0942
vn -0.7458 -0.6595 -0.0942
vn -0.7239 -0.2990 0.6217
vn -0.5127 -0.8046 -0.2997
vn -0.7326 -0.5436 -0.4097
vn -0.7239 -0.2990 -0.6217
vn -0.7149 0.0079 -0.6992
vn -0.7328 0.3231 -0.5989
vn -0.7149 0.0079 0.6992
vn -0.7328 0.3230 0.5989
vn -0.7331 0.5597 -0.3863
vn -0.7331 0.5597 0.3863
vn -0.5263 0.8326 0.1728
vn -0.5263 0.8326 -0.1728
vn 0.2439 0.9444 -0.2203
vn 0.1659 0.5686 -0.8057
vn 0.7531 -0.6512 -0.0942
vn 0.5287 -0.7970 -0.2920
vn 1.0000 -0.0000 -0.0000
vn 0.7393 -0.5349 -0.4090
vn 0.7531 -0.6512 0.0941
vn 0.7256 -0.2919 -0.6231
vn 0.5287 -0.7970 0.2920
vn 0.7393 -0.5349 0.4090
vn 0.7256 -0.2918 0.6231
vn 0.7149 0.0079 -0.6992
vn 0.7149 0.0079 0.6992
vn 0.7328 0.3231 -0.5989
vn 0.7328 0.3231 0.5989
vn 0.5410 0.8232 -0.1725
vn 0.0473 -0.3628 0.9307
vn -0.0158 -0.3862 0.9223
vn 0.0079 0.0236 0.9997
vn 0.1883 -0.9495 0.2511
vn -0.0079 -0.9678 0.2517
vn -0.0157 0.0315 0.9994
vn 0.0708 0.4014 0.9131
vn -0.0157 0.4314 0.9020
vn 0.2291 0.9480 0.2211
vn -0.0078 0.9754 0.2202
vn 0.0708 0.4015 0.9131
vn 0.0079 -0.3863 0.9223
vn 0.0079 -0.9678 0.2517
vn 0.0158 0.0315 0.9994
vn 0.0079 0.4250 0.9051
vn -0.0079 0.9754 0.2202
vn 0.0079 0.9754 0.2202
vn 0.0079 -0.3863 0.9224
vn -0.0393 -0.3697 0.9283
vn 0.0157 0.0315 0.9994
vn -0.0000 0.0236 0.9997
vn -0.1493 -0.9584 0.2435
vn -0.0393 -0.3698 0.9283
vn -0.0473 0.4020 0.9144
vn -0.0157 0.0157 0.9998
vn -0.0315 -0.4407 0.8971
vn 0.7257 -0.2918 0.6231
vn -0.0394 0.4812 0.8757
vn 0.0157 0.0315 -0.9994
vn -0.0079 0.0236 -0.9997
vn 0.0079 -0.3863 -0.9223
vn -0.0315 -0.3698 -0.9286
vn -0.1493 -0.9584 -0.2435
vn 0.0078 -0.9678 -0.2517
vn -0.0550 0.4084 -0.9111
vn 0.0078 0.4315 -0.9021
vn -0.1810 0.9603 -0.2124
vn 0.0078 0.9754 -0.2202
vn -0.0158 -0.3862 -0.9223
vn -0.0079 -0.9678 -0.2517
vn 0.0079 -0.9678 -0.2517
vn -0.0158 0.0315 -0.9994
vn 0.0078 0.4314 -0.9021
vn -0.0157 0.4314 -0.9020
vn -0.0079 0.9754 -0.2202
vn 0.0079 0.9754 -0.2202
vn 0.0473 -0.3628 -0.9307
vn 0.1884 -0.9495 -0.2511
vn 0.0079 0.0236 -0.9997
vn 0.2291 0.9479 -0.2212
vn 0.0157 0.0157 -0.9998
vn 0.0474 -0.4340 -0.8997
vn -0.7328 0.3230 -0.5988
vn -0.7149 0.0079 -0.6991
vn -0.7240 -0.2991 -0.6216
vn 0.0236 0.0157 0.9996
vn 0.0474 -0.4340 0.8997
vn 0.0633 0.4745 0.8780
vn -0.7240 -0.2990 0.6216
vn 0.0473 -0.4340 0.8997
vn -0.7328 0.3231 0.5988
vn 0.7257 -0.2918 -0.6231
vn -0.0315 -0.4407 -0.8971
vn -0.0157 0.0157 -0.9998
vn 0.7149 0.0078 -0.6992
vn 0.0315 -0.7881 -0.6148
vn -0.5590 -0.7165 -0.4172
vn -0.7310 -0.5344 -0.4244
vn -0.0473 0.4810 -0.8754
vn -0.0078 0.0236 -0.9997
vn -0.5339 -0.1492 -0.8323
vn -0.6451 -0.7317 -0.2203
vn -0.8937 -0.2926 -0.3401
vn -0.3929 -0.7309 -0.5580
vn -0.9338 0.1569 0.3217
vn -0.9428 0.0471 -0.3299
vn -0.9338 0.1570 -0.3217
vn -0.9428 0.0471 0.3299
vn -0.9428 0.0471 -0.3300
vn -0.9439 -0.0000 0.3303
vn -0.9439 -0.0000 -0.3303
vn -0.9404 -0.0862 -0.3291
vn -0.9404 -0.0862 0.3291
vn -0.9434 -0.0786 0.3223
vn -0.9434 -0.0786 -0.3223
vn -0.9438 -0.0079 0.3303
vn -0.9438 -0.0079 -0.3303
vn 0.3929 -0.7309 -0.5580
vn 0.5345 -0.1415 -0.8332
vn 0.6451 -0.7317 -0.2203
vn 0.8953 -0.2905 -0.3377
vn -0.9436 -0.0236 0.3302
vn -0.9436 -0.0236 -0.3302
vn -0.9436 -0.0236 0.3303
vn -0.9438 -0.0079 0.3304
vn -0.5272 -0.0079 0.8497
vn -0.4184 -0.0237 0.9079
vn -0.4871 -0.0472 0.8721
vn -0.5728 -0.0785 0.8160
vn -0.9403 -0.0862 0.3292
vn -0.5745 -0.0000 0.8185
vn -0.9438 -0.0000 0.3304
vn -0.9428 0.0472 0.3300
vn -0.5739 0.0472 0.8175
vn -0.9428 0.0471 0.3300
vn -0.5741 0.0393 0.8178
vn -0.9337 0.1569 0.3218
vn -0.5672 0.1418 0.8113
vn -0.8684 0.3948 0.3000
vn -0.5352 0.3778 0.7555
vn -0.8649 0.4089 0.2910
vn -0.5351 0.3935 0.7475
vn -0.9285 0.1967 0.3148
vn -0.5351 0.3934 0.7476
vn -0.8650 0.4089 0.2910
vn -0.5753 0.1891 0.7958
vn -0.8980 -0.3151 0.3072
vn -0.5813 -0.1806 0.7934
vn -0.5813 -0.1807 0.7934
vn -0.5207 -0.5285 0.6705
vn -0.7400 -0.6298 0.2362
vn -0.5206 -0.5285 0.6705
vn -0.2676 -0.9051 0.3305
vn 0.1502 0.0395 0.9879
vn 0.5745 -0.0000 0.8185
vn 0.1492 -0.0000 0.9888
vn 0.1499 -0.0710 0.9861
vn 0.5674 -0.0788 0.8197
vn 0.1026 -0.0394 0.9939
vn 0.4811 -0.0473 0.8754
vn 0.1491 0.0079 0.9888
vn 0.2996 0.0079 0.9540
vn 0.5179 -0.0078 0.8554
vn 0.2996 -0.0078 0.9540
vn 0.2995 -0.0236 0.9538
vn 0.4089 -0.0236 0.9123
vn 0.2995 -0.0237 0.9538
vn 0.1491 -0.0000 -0.9888
vn 0.5745 -0.0000 -0.8185
vn 0.1502 0.0395 -0.9879
vn 0.1499 -0.0710 -0.9861
vn 0.5674 -0.0788 -0.8197
vn 0.1026 -0.0394 -0.9939
vn 0.4811 -0.0473 -0.8754
vn 0.1491 0.0079 -0.9888
vn 0.2996 0.0079 -0.9540
vn 0.5179 -0.0078 -0.8554
vn 0.2996 -0.0079 -0.9540
vn 0.2995 -0.0236 -0.9538
vn 0.4089 -0.0236 -0.9123
vn 0.1025 -0.0394 -0.9939
vn -0.1576 -0.0709 -0.9850
vn -0.1576 -0.0631 -0.9855
vn -0.0000 0.0079 -1.0000
vn -0.1580 0.0079 -0.9874
vn 0.9001 -0.3158 0.3000
vn 0.5752 0.1891 0.7958
vn 0.5761 -0.1815 0.7970
vn 0.9308 0.1972 0.3077
vn 0.5122 -0.5279 0.6775
vn 0.9001 -0.3159 0.3001
vn 0.7413 -0.6309 0.2287
vn 0.7413 -0.6309 0.2288
vn 0.5121 -0.5279 0.6775
vn 0.5459 -0.8228 0.1583
vn 0.5335 0.4001 0.7452
vn 0.8649 0.4089 0.2910
vn 0.5753 0.1891 0.7958
vn 0.5296 0.3794 0.7587
vn 0.8705 0.3957 0.2928
vn 0.5672 0.1418 0.8113
vn 0.9361 0.1573 0.3147
vn 0.5741 0.0393 0.8178
vn 0.9452 0.0473 0.3230
vn 0.5739 0.0472 0.8175
vn 0.9452 0.0472 0.3230
vn 0.9463 -0.0000 0.3234
vn 0.9427 -0.0864 0.3221
vn 0.5675 -0.0788 0.8196
vn 0.9434 -0.0786 0.3223
vn 0.4811 -0.0474 0.8754
vn 0.5180 -0.0078 0.8554
vn 0.9462 -0.0079 0.3233
vn 0.9460 -0.0237 0.3233
vn 0.9463 -0.0079 0.3232
vn 0.9460 -0.0237 -0.3232
vn 0.9460 -0.0237 0.3232
vn 0.9463 -0.0079 -0.3233
vn 0.9434 -0.0786 -0.3223
vn 0.9428 -0.0864 0.3220
vn 0.9428 -0.0864 -0.3221
vn 0.9463 -0.0000 -0.3233
vn 0.9463 -0.0000 0.3233
vn 0.9453 0.0473 0.3229
vn 0.9452 0.0473 -0.3229
vn 0.9452 0.0472 0.3229
vn 0.9001 -0.3158 -0.3000
vn 0.5761 -0.1814 -0.7970
vn 0.5753 0.1891 -0.7958
vn 0.9308 0.1972 -0.3077
vn 0.9001 -0.3159 -0.3001
vn 0.5121 -0.5279 -0.6775
vn 0.5761 -0.1815 -0.7970
vn 0.7414 -0.6309 -0.2287
vn 0.7413 -0.6309 -0.2288
vn 0.2676 -0.9051 -0.3305
vn 0.5335 0.4000 -0.7452
vn 0.5752 0.1891 -0.7958
vn 0.8650 0.4089 -0.2910
vn 0.5352 0.3778 -0.7555
vn 0.8649 0.4089 -0.2910
vn 0.5335 0.4001 -0.7452
vn 0.8704 0.3957 -0.2929
vn 0.5672 0.1418 -0.8113
vn 0.9337 0.1569 -0.3217
vn 0.5741 0.0393 -0.8178
vn 0.9452 0.0472 -0.3230
vn 0.5739 0.0472 -0.8176
vn 0.9452 0.0473 -0.3230
vn 0.9427 -0.0864 -0.3221
vn 0.5675 -0.0788 -0.8196
vn 0.9433 -0.0786 -0.3224
vn 0.4811 -0.0474 -0.8754
vn 0.5180 -0.0078 -0.8554
vn 0.9462 -0.0079 -0.3233
vn 0.9460 -0.0237 -0.3233
vn -0.5753 0.1891 -0.7958
vn -0.9285 0.1967 -0.3148
vn -0.5813 -0.1806 -0.7934
vn -0.5335 0.4001 -0.7452
vn -0.8650 0.4089 -0.2910
vn -0.5352 0.3778 -0.7555
vn -0.8684 0.3947 -0.3000
vn -0.5672 0.1418 -0.8113
vn -0.9337 0.1569 -0.3217
vn -0.5741 0.0393 -0.8178
vn -0.5739 0.0472 -0.8175
vn -0.5745 -0.0000 -0.8185
vn -0.9438 -0.0000 -0.3304
vn -0.9403 -0.0862 -0.3292
vn -0.5728 -0.0785 -0.8160
vn -0.4871 -0.0472 -0.8720
vn -0.5272 -0.0079 -0.8497
vn -0.9438 -0.0079 -0.3304
vn -0.9436 -0.0236 -0.3303
vn -0.4185 -0.0237 -0.9079
vn 0.1503 -0.0237 0.9884
vn 0.1502 -0.0237 0.9884
vn -0.0000 -0.0157 0.9999
vn -0.0785 -0.0235 0.9966
vn -0.1579 -0.0237 0.9872
vn -0.4184 -0.0237 0.9080
vn -0.1580 -0.0237 0.9872
vn -0.3138 -0.0235 0.9492
vn -0.5271 -0.0079 0.8498
vn -0.3139 -0.0078 0.9494
vn -0.3139 0.0078 0.9494
vn -0.4871 -0.0471 0.8721
vn -0.1580 0.0079 0.9874
vn -0.1577 -0.0631 0.9855
vn -0.5727 -0.0784 0.8160
vn -0.1576 -0.0709 0.9849
vn -0.1580 -0.0000 0.9874
vn -0.1579 0.0395 0.9867
vn -0.5738 0.0472 0.8176
vn -0.5740 0.0393 0.8179
vn -0.1580 0.1264 0.9793
vn -0.5671 0.1418 0.8113
vn -0.1499 0.3549 0.9228
vn -0.5351 0.3778 0.7556
vn -0.5352 0.3778 0.7556
vn -0.1501 0.3713 0.9163
vn -0.5351 0.3935 0.7476
vn -0.1658 0.1736 0.9708
vn -0.5752 0.1891 0.7959
vn -0.1731 -0.0551 0.9834
vn -0.1652 -0.3932 0.9045
vn -0.1652 -0.3933 0.9045
vn 0.1503 -0.0237 -0.9884
vn -0.0000 -0.0157 -0.9999
vn -0.0785 -0.0235 -0.9966
vn -0.0000 -0.0158 -0.9999
vn -0.1579 -0.0237 -0.9872
vn -0.1580 -0.0237 -0.9872
vn -0.4184 -0.0237 -0.9080
vn -0.0785 -0.0236 -0.9966
vn -0.3138 -0.0236 -0.9492
vn -0.3138 -0.0235 -0.9492
vn -0.5271 -0.0079 -0.8498
vn -0.3139 -0.0078 -0.9494
vn -0.3139 0.0078 -0.9494
vn -0.4871 -0.0471 -0.8721
vn -0.1577 -0.0631 -0.9855
vn -0.5727 -0.0785 -0.8160
vn -0.1576 -0.0709 -0.9849
vn -0.1580 -0.0000 -0.9874
vn -0.1579 0.0395 -0.9867
vn -0.5739 0.0472 -0.8176
vn -0.5741 0.0393 -0.8179
vn -0.1580 0.1264 -0.9793
vn -0.5671 0.1418 -0.8113
vn -0.1499 0.3549 -0.9228
vn -0.5351 0.3778 -0.7556
vn -0.1501 0.3713 -0.9163
vn -0.5334 0.4001 -0.7453
vn -0.1658 0.1736 -0.9708
vn -0.5334 0.4000 -0.7453
vn -0.1501 0.3712 -0.9163
vn -0.5752 0.1891 -0.7959
vn -0.1731 -0.0551 -0.9834
vn -0.5812 -0.1807 -0.7934
vn -0.5206 -0.5285 -0.6705
vn -0.1647 -0.3999 -0.9017
vn -0.1646 -0.3999 -0.9017
vn 0.5345 -0.1415 -0.8333
vn 0.3930 -0.7309 -0.5580
vn 0.1414 -0.0235 -0.9897
vn 0.1027 -0.7190 -0.6874
vn 0.1022 -0.2357 -0.9664
vn 0.1414 -0.0236 -0.9897
vn 0.3941 -0.5438 -0.7409
vn 0.4311 0.0392 0.9014
vn 0.4101 0.0946 0.9071
vn -0.4101 0.0947 0.9071
vn -0.3148 0.2597 0.9129
vn -0.4311 0.0392 0.9014
vn 0.3148 0.2597 0.9129
vn -0.1646 0.4783 0.8626
vn 0.1647 0.4783 0.8626
vn -0.2293 0.6723 0.7039
vn 0.2293 0.6723 0.7039
vn 0.2988 0.8730 0.3854
vn -0.2989 0.8730 0.3854
vn 0.4250 -0.0000 0.9052
vn -0.4250 -0.0000 0.9052
vn 0.3771 -0.1650 0.9114
vn -0.3771 -0.1650 0.9114
vn -0.2432 -0.3138 0.9178
vn 0.2431 -0.3138 0.9178
vn 0.1101 -0.5032 0.8571
vn -0.1100 -0.5032 0.8571
vn 0.1492 -0.6992 0.6992
vn -0.1492 -0.6992 0.6992
vn -0.1891 -0.9062 0.3783
vn 0.1891 -0.9062 0.3783
vn -0.7747 -0.0000 0.6324
vn -0.3771 -0.1650 0.9113
vn -0.4251 -0.0000 0.9052
vn -0.6924 -0.3068 0.6530
vn -0.4312 0.0392 0.9014
vn -0.9414 -0.0000 0.3374
vn -0.8585 -0.3780 0.3466
vn -0.7759 0.0705 0.6270
vn -0.9400 0.0790 0.3318
vn -0.4102 0.0946 0.9071
vn -0.7456 0.1726 0.6436
vn -0.9136 0.2126 0.3466
vn -0.4311 0.0392 -0.9014
vn -0.4101 0.0946 -0.9071
vn 0.4311 0.0392 -0.9014
vn 0.4101 0.0947 -0.9071
vn -0.3148 0.2597 -0.9129
vn 0.4250 -0.0000 -0.9052
vn 0.3148 0.2597 -0.9129
vn -0.1646 0.4783 -0.8626
vn 0.1646 0.4783 -0.8626
vn -0.2293 0.6723 -0.7039
vn 0.2293 0.6723 -0.7039
vn 0.2989 0.8730 -0.3854
vn -0.2988 0.8730 -0.3854
vn -0.4250 -0.0000 -0.9052
vn 0.3771 -0.1650 -0.9114
vn -0.3771 -0.1650 -0.9114
vn -0.2431 -0.3138 -0.9178
vn 0.2432 -0.3138 -0.9178
vn 0.1101 -0.5032 -0.8571
vn -0.1101 -0.5032 -0.8571
vn 0.1492 -0.6992 -0.6992
vn -0.1492 -0.6992 -0.6992
vn -0.1891 -0.9062 -0.3783
vn 0.1891 -0.9062 -0.3783
vn -0.7747 -0.0000 -0.6324
vn -0.4251 -0.0000 -0.9052
vn -0.6924 -0.3068 -0.6530
vn -0.9414 -0.0000 -0.3374
vn -0.8585 -0.3780 -0.3466
vn -0.7759 0.0705 -0.6270
vn -0.9400 0.0790 -0.3318
vn -0.4101 0.0947 -0.9071
vn -0.7457 0.1726 -0.6436
vn -0.9136 0.2126 -0.3466
vn -0.1657 0.1736 0.9708
vn 0.1654 -0.0551 0.9847
vn 0.1568 0.1725 0.9724
vn -0.1730 -0.0551 0.9834
vn -0.1500 0.3712 0.9163
vn -0.1651 -0.3932 0.9045
vn 0.1413 0.3690 0.9186
vn 0.1575 -0.3937 0.9056
vn -0.0787 -0.8979 0.4332
vn -0.1498 0.3549 0.9228
vn 0.1414 0.3459 0.9276
vn -0.1579 0.1264 0.9793
vn 0.1490 0.1255 0.9808
vn -0.1578 0.0395 0.9867
vn 0.1501 0.0395 0.9879
vn 0.1491 -0.0000 0.9888
vn 0.1498 -0.0710 0.9862
vn -0.1576 -0.0709 0.9850
vn 0.1025 -0.0395 0.9939
vn -0.1576 -0.0631 0.9855
vn -0.0000 0.0079 1.0000
vn 0.1491 0.0078 0.9888
vn 0.9453 0.0472 -0.3229
vn 0.9338 0.1569 -0.3217
vn 0.9361 0.1573 0.3146
vn 0.8705 0.3957 -0.2927
vn 0.8705 0.3957 0.2927
vn 0.8650 0.4089 -0.2909
vn 0.8650 0.4089 0.2909
vn 0.9309 0.1972 -0.3076
vn 0.9309 0.1972 0.3076
vn 0.7414 -0.6310 0.2287
vn 0.4101 0.0947 0.9071
vn 0.7759 0.0705 0.6270
vn 0.7456 0.1726 0.6436
vn 0.9400 0.0790 0.3318
vn 0.9136 0.2126 0.3466
vn 0.4312 0.0392 0.9014
vn 0.7747 -0.0000 0.6323
vn 0.4251 -0.0000 0.9052
vn 0.3771 -0.1650 0.9113
vn 0.6924 -0.3068 0.6530
vn 0.9414 -0.0000 0.3374
vn 0.8585 -0.3780 0.3466
vn 0.4101 0.0946 -0.9071
vn 0.7759 0.0705 -0.6270
vn 0.7456 0.1727 -0.6436
vn 0.9400 0.0790 -0.3318
vn 0.9136 0.2126 -0.3466
vn 0.7747 -0.0000 -0.6324
vn 0.6924 -0.3068 -0.6530
vn 0.9414 -0.0000 -0.3374
vn 0.8585 -0.3780 -0.3465
vn 0.1498 -0.0710 -0.9862
vn 0.1501 0.0395 -0.9879
vn -0.1578 0.0395 -0.9867
vn 0.1490 0.1256 -0.9808
vn -0.1579 0.1264 -0.9793
vn 0.1414 0.3459 -0.9276
vn -0.1498 0.3549 -0.9228
vn 0.1413 0.3690 -0.9186
vn -0.1500 0.3713 -0.9163
vn 0.1568 0.1725 -0.9724
vn -0.1657 0.1736 -0.9708
vn 0.1654 -0.0551 -0.9847
vn -0.1730 -0.0551 -0.9834
vn 0.1574 -0.3937 -0.9056
vn -0.0787 -0.8979 -0.4332
vn -0.8953 -0.2906 0.3377
vn -0.6405 -0.7354 0.2214
vn -0.5381 -0.1424 0.8308
vn -0.3930 -0.7309 0.5579
vn -0.4008 -0.5421 0.7386
vn -0.5880 -0.7762 0.2274
vn 0.6451 -0.7317 0.2203
vn 0.5339 -0.1492 0.8323
vn 0.3929 -0.7309 0.5580
vn 0.8932 -0.2977 0.3369
vn 0.8932 -0.2978 0.3369
vn 0.3873 -0.5769 0.7192
vn 0.5688 -0.7900 0.2291
vn -0.9401 0.0790 0.3317
vn -0.9136 0.2126 0.3465
vn -0.9975 0.0707 -0.0000
vn -0.9414 -0.0000 0.3373
vn -0.9737 0.2277 -0.0000
vn -0.7227 0.5892 0.3613
vn -0.8585 -0.3780 0.3465
vn -0.9963 0.0861 -0.0000
vn -0.9737 0.2278 -0.0000
vn -0.9154 -0.4025 -0.0000
vn -0.5738 -0.7310 0.3694
vn -0.6150 -0.7885 -0.0000
vn -0.1891 -0.9062 0.3782
vn -0.5511 -0.8345 -0.0000
vn -0.2518 -0.9678 -0.0000
vn -0.4090 -0.9125 -0.0000
vn -0.2053 -0.9787 -0.0000
vn -0.7708 0.6371 -0.0000
vn -0.7189 0.6951 -0.0000
vn -0.3796 0.9252 -0.0000
vn -0.6063 0.7953 -0.0000
vn -0.3163 0.9487 -0.0013
vn -0.9136 0.2126 -0.3465
vn -0.9401 0.0790 -0.3317
vn -0.9414 -0.0000 -0.3373
vn -0.7227 0.5892 -0.3613
vn -0.8585 -0.3781 -0.3465
vn -0.5738 -0.7310 -0.3694
vn -0.2989 0.8730 -0.3854
vn -0.7189 0.6952 -0.0000
vn -0.3163 0.9487 -0.0000
vn -0.1891 -0.9062 -0.3782
vn -0.5511 -0.8344 -0.0000
vn -0.4091 -0.9125 -0.0000
vn -0.2053 -0.9787 0.0016
vn -0.1490 -0.0235 0.9886
vn 0.1027 -0.7190 0.6874
vn 0.1413 -0.0314 0.9895
vn -0.1105 -0.7184 0.6868
vn 0.1026 -0.2764 0.9556
vn -0.1105 -0.2447 0.9633
vn 0.0472 -0.6616 0.7483
vn -0.1105 -0.2448 0.9633
vn 0.1026 -0.2764 0.9555
vn -0.0553 -0.6400 0.7664
vn -0.1105 -0.7184 -0.6868
vn 0.1413 -0.0236 -0.9897
vn 0.1027 -0.7190 -0.6873
vn -0.1490 -0.0314 -0.9883
vn 0.1021 -0.2357 -0.9664
vn -0.1104 -0.2762 -0.9547
vn 0.0471 -0.6363 -0.7700
vn -0.0473 -0.6616 -0.7483
vn 0.9136 0.2127 0.3465
vn 0.9975 0.0707 -0.0000
vn 0.9737 0.2277 -0.0000
vn 0.9401 0.0790 0.3317
vn 0.7227 0.5892 0.3613
vn 0.9414 -0.0000 0.3373
vn 0.7708 0.6370 -0.0000
vn 0.2989 0.8730 0.3854
vn 0.3796 0.9251 -0.0000
vn 0.9737 0.2278 -0.0000
vn 0.7189 0.6952 -0.0000
vn 0.6063 0.7953 -0.0000
vn 0.3163 0.9487 -0.0000
vn 0.9963 0.0863 -0.0000
vn 0.8585 -0.3781 0.3465
vn 0.9154 -0.4025 -0.0000
vn 0.5738 -0.7310 0.3694
vn 0.6150 -0.7885 -0.0000
vn 0.1891 -0.9062 0.3782
vn 0.5511 -0.8345 -0.0000
vn 0.2518 -0.9678 -0.0000
vn 0.4090 -0.9125 -0.0000
vn 0.2053 -0.9787 -0.0015
vn 0.9136 0.2126 -0.3465
vn 0.9401 0.0790 -0.3317
vn 0.7227 0.5892 -0.3613
vn 0.9414 -0.0000 -0.3373
vn 0.7189 0.6951 -0.0000
vn 0.6062 0.7953 -0.0000
vn 0.3163 0.9487 0.0013
vn 0.8585 -0.3781 -0.3465
vn 0.5738 -0.7310 -0.3694
vn 0.1891 -0.9062 -0.3782
vn 0.5511 -0.8344 -0.0000
vn 0.4091 -0.9125 -0.0000
vn 0.2052 -0.9787 -0.0000
vn 0.5752 0.1891 0.7959
vn 0.1569 0.1725 0.9724
vn 0.5334 0.4001 0.7453
vn 0.5760 -0.1815 0.7970
vn 0.1576 -0.3937 0.9056
vn 0.1414 0.3690 0.9186
vn 0.5295 0.3794 0.7588
vn 0.1415 0.3459 0.9275
vn 0.5671 0.1418 0.8114
vn 0.1491 0.1255 0.9808
vn 0.5740 0.0393 0.8179
vn 0.5738 0.0472 0.8176
vn 0.1655 -0.0552 -0.9847
vn 0.5752 0.1891 -0.7959
vn 0.5760 -0.1815 -0.7970
vn 0.1575 -0.3937 -0.9056
vn 0.1569 0.1725 -0.9724
vn 0.5334 0.4001 -0.7453
vn 0.5351 0.3778 -0.7556
vn 0.1415 0.3459 -0.9275
vn 0.5671 0.1418 -0.8113
vn 0.1491 0.1255 -0.9808
vn 0.5740 0.0393 -0.8179
vn 0.5738 0.0472 -0.8176
vn -0.5881 -0.7762 0.2273
vn -0.5819 -0.7783 -0.2359
vn 0.6451 -0.7317 -0.2202
vn 0.8953 -0.2906 -0.3376
vn 0.5751 -0.7878 -0.2206
vn 0.5688 -0.7899 0.2291
vn -0.9286 0.1967 -0.3147
vn -0.9286 0.1967 0.3147
vn -0.8980 -0.3151 -0.3071
vn -0.8650 0.4089 -0.2909
vn -0.7400 -0.6298 0.2361
vn -0.8650 0.4089 0.2909
vn -0.7400 -0.6298 -0.2361
vn -0.8684 0.3948 -0.3000
vn -0.8684 0.3947 0.3000
vn -0.3929 -0.7309 0.5580
vn -0.1491 -0.0235 0.9885
vn -0.5380 -0.1424 0.8308
vn -0.1106 -0.2447 0.9633
vn -0.1491 -0.0236 0.9885
vn -0.4007 -0.5421 0.7386
vn -0.1106 -0.2448 0.9632
vn -0.1492 -0.8561 0.4948
vn -0.1491 -0.0314 -0.9883
vn -0.1105 -0.2761 -0.9548
vn -0.3935 -0.5666 -0.7240
vn -0.1105 -0.2762 -0.9547
vn -0.3934 -0.5666 -0.7240
vn -0.1504 -0.8627 -0.4828
vn 0.1414 -0.0314 0.9895
vn 0.1027 -0.2764 0.9555
vn 0.3873 -0.5769 0.7191
vn 0.0473 -0.6616 0.7483
vn 0.3872 -0.5769 0.7192
vn 0.1339 -0.8667 0.4806
vn -0.8937 -0.2927 -0.3401
vn -0.6924 -0.3069 0.6530
vn -0.4549 -0.5724 0.6822
vn -0.8585 -0.3781 0.3466
vn -0.6924 -0.3069 -0.6530
vn -0.2432 -0.3138 -0.9178
vn -0.4549 -0.5724 -0.6822
vn -0.8585 -0.3781 -0.3466
vn -0.5738 -0.7309 -0.3695
vn 0.4548 -0.5724 0.6822
vn 0.6924 -0.3069 0.6530
vn 0.2432 -0.3138 0.9178
vn 0.8585 -0.3781 0.3466
vn 0.6924 -0.3069 -0.6530
vn 0.4549 -0.5724 -0.6822
vn 0.8585 -0.3781 -0.3466
vn 0.5738 -0.7309 -0.3694
vn 0.8953 -0.2906 -0.3377
vn 0.3942 -0.5438 -0.7409
vn 0.5346 -0.1415 -0.8332
vn 0.7466 -0.5187 -0.4166
vn 0.6069 -0.6857 -0.4020
vn 0.7431 -0.5218 -0.4190
vn 0.6069 -0.6857 -0.4019
vn 0.0474 -0.3628 0.9306
vn 0.5967 -0.6909 0.4082
vn 0.1883 -0.9495 0.2510
vn 0.7400 -0.5275 0.4173
vn 0.6050 -0.6835 0.4085
vn 0.1260 -0.8589 -0.4964
vn 0.3940 -0.5438 -0.7409
vn 0.0707 -0.5109 0.8567
vn -0.0157 -0.7148 0.6991
vn -0.0157 -0.6749 0.7378
vn -0.0158 -0.5121 0.8588
vn 0.1973 -0.9472 0.2526
vn 0.0788 -0.5047 -0.8597
vn -0.0158 -0.6706 -0.7417
vn -0.0158 -0.7109 -0.7031
vn -0.0158 -0.5121 -0.8588
vn 0.0788 -0.5048 -0.8597
vn -0.0078 -0.9678 -0.2517
vn 0.1974 -0.9472 -0.2526
vn -0.0550 -0.5114 -0.8576
vn 0.0079 -0.5122 -0.8589
vn -0.1578 -0.9547 -0.2524
vn 0.0157 -0.6749 -0.7378
vn 0.0079 -0.7149 -0.6992
vn 0.0158 -0.6706 0.7417
vn -0.0551 -0.5114 0.8576
vn 0.0079 -0.5122 0.8589
vn 0.0079 -0.7110 0.7031
vn 0.0150 -0.9677 0.2516
vn -0.1578 -0.9547 0.2524
vn 0.1973 -0.9473 0.2525
vn 0.1181 -0.5508 0.8262
vn 0.0708 -0.5109 0.8567
vn 0.0078 -0.9678 0.2518
vn -0.0078 -0.9678 0.2517
vn -0.0157 -0.5121 -0.8588
vn 0.0157 -0.6749 -0.7377
vn -0.0158 -0.6706 -0.7416
vn 0.1974 -0.9472 -0.2525
vn 0.1263 -0.5448 -0.8290
vn 0.0789 -0.5048 -0.8596
vn 0.0474 -0.4340 -0.8996
vn 0.0473 -0.3628 -0.9306
vn 0.1883 -0.9495 -0.2511
vn -0.0315 -0.3699 -0.9285
vn -0.5591 -0.7165 -0.4173
vn -0.1492 -0.9584 -0.2435
vn -0.1578 -0.9547 -0.2525
vn -0.0865 -0.5580 -0.8253
vn -0.0551 -0.5114 -0.8576
vn -0.5609 -0.7188 -0.4107
vn -0.0394 -0.3698 0.9283
vn -0.5609 -0.7188 0.4107
vn 0.7097 -0.6546 0.2603
vn 0.7098 -0.6546 0.2603
vn 0.7097 -0.6546 0.2602
vn 0.7027 -0.7028 0.1105
vn 0.7033 -0.7034 0.1027
vn 0.7028 -0.7028 -0.1105
vn 0.7073 -0.6995 -0.1022
vn 0.7136 -0.6510 -0.2588
vn 0.7097 -0.6546 -0.2602
vn 0.7098 -0.6546 -0.2603
vn 0.7466 -0.5187 -0.4165
vn -0.5609 -0.7188 0.4108
vn -0.7340 -0.5288 0.4262
vn -0.7400 -0.5275 0.4173
vn -0.1101 -0.5033 0.8571
vn -0.4548 -0.5725 0.6822
vn -0.1493 -0.6992 0.6992
vn -0.1021 -0.5572 0.8241
vn -0.4548 -0.5725 -0.6822
vn -0.1101 -0.5033 -0.8571
vn -0.1493 -0.6992 -0.6992
vn 0.1493 -0.6992 0.6992
vn 0.4548 -0.5725 0.6822
vn 0.1101 -0.5033 0.8571
vn 0.4548 -0.5725 -0.6822
vn 0.1101 -0.5033 -0.8571
vn 0.1493 -0.6992 -0.6992
vn -0.5590 -0.7165 -0.4173
vn -0.7309 -0.5345 -0.4244
vn -0.5609 -0.7188 -0.4108
vn 0.7223 0.6753 -0.1492
vn 0.7261 0.6710 0.1500
vn 0.7177 0.6776 -0.1604
vn 0.7253 0.6702 0.1577
vn 0.7177 0.6783 -0.1577
vn 0.7409 0.5439 -0.3941
vn 0.7261 0.6710 0.1499
vn 0.7499 0.5368 0.3868
vn 0.7564 0.5279 0.3861
vn -0.4102 0.0947 0.9071
vn -0.7456 0.1727 0.6436
vn -0.5744 0.4721 0.6688
vn -0.9136 0.2127 0.3466
vn -0.7227 0.5891 0.3614
vn -0.7456 0.1727 -0.6436
vn -0.5744 0.4720 -0.6688
vn -0.9136 0.2127 -0.3465
vn -0.7227 0.5891 -0.3614
vn -0.7223 0.6753 -0.1492
vn -0.7185 0.6791 0.1500
vn -0.7185 0.6791 0.1501
vn -0.7215 0.6745 -0.1569
vn -0.7097 -0.6546 -0.2603
vn -0.7309 -0.5345 -0.4245
vn -0.7098 -0.6546 -0.2603
vn -0.7309 -0.5344 -0.4245
vn -0.7097 -0.6546 -0.2602
vn -0.7027 -0.7028 -0.1106
vn -0.7073 -0.6995 -0.1022
vn -0.7027 -0.7028 0.1105
vn -0.7073 -0.6995 0.1022
vn -0.7097 -0.6546 0.2602
vn -0.7098 -0.6546 0.2602
vn -0.7097 -0.6546 0.2603
vn 0.7456 0.1727 0.6436
vn 0.5744 0.4721 0.6688
vn 0.9136 0.2127 0.3466
vn 0.7227 0.5891 0.3614
vn 0.4102 0.0946 -0.9071
vn 0.5744 0.4720 -0.6688
vn 0.9136 0.2127 -0.3466
vn 0.7227 0.5891 -0.3614
vn 0.0079 -0.7110 0.7032
vn -0.1020 -0.5572 0.8241
vn -0.0157 -0.7636 0.6455
vn -0.7318 0.5508 0.4014
vn -0.7309 0.5580 0.3930
vn 0.0078 -0.7149 -0.6992
vn -0.0865 -0.5581 -0.8253
vn -0.0079 -0.7636 -0.6456
vn 0.0157 -0.7564 -0.6540
vn 0.0789 -0.5047 -0.8597
vn -0.7408 0.5439 -0.3941
vn -0.7223 0.6753 -0.1491
vn -0.7409 0.5439 -0.3941
vn -0.7215 0.6745 -0.1568
vn -0.0157 -0.7148 0.6992
vn 0.0157 -0.7636 0.6455
vn -0.0314 -0.4407 0.8971
vn 0.7394 -0.5349 0.4090
vn 0.0236 -0.7882 0.6149
vn 0.7394 -0.5348 -0.4090
vn 0.0315 -0.7881 -0.6147
vn -0.7240 -0.2990 -0.6216
vn 0.0473 -0.4341 -0.8996
vn -0.7326 -0.5436 -0.4096
vn -0.0158 -0.7884 -0.6150
vn -0.7327 -0.5435 0.4097
vn 0.0474 -0.4341 0.8996
vn -0.0158 -0.7884 0.6150
vn 0.0473 -0.4341 0.8996
vn 0.7401 -0.5274 0.4173
vn 0.0236 -0.7883 0.6149
vn -0.7401 -0.5274 0.4172
vn 0.6407 0.6803 -0.3560
vn 0.7409 0.5438 -0.3942
vn 0.0474 -0.4341 -0.8996
vn -0.5892 0.7227 0.3614
vn -0.0864 -0.5581 -0.8253
vn 0.6049 -0.6835 0.4085
vn 0.7401 -0.5274 0.4172
vn 0.1180 -0.5509 0.8262
vn 0.0158 -0.7636 0.6456
vn -0.1020 -0.5573 0.8241
vn -0.0158 -0.7636 0.6456
vn 0.7431 -0.5218 -0.4189
vn 0.0158 -0.7564 -0.6540
vn 0.7564 0.5280 0.3861
vn 0.6453 0.6769 0.3541
vn 0.7498 0.5368 0.3868
vn 0.6454 0.6768 0.3542
vn -0.7409 0.5438 -0.3942
vn -0.2517 -0.9678 -0.0000
vn 0.2517 -0.9678 -0.0000
vn -0.2052 -0.9787 -0.0000
vn 0.0473 -0.6617 0.7483
vn -0.0157 -0.6750 0.7377
vn 0.0158 -0.6707 0.7416
vn -0.0000 -1.0000 0.0001
vn -0.0000 -1.0000 -0.0000
vn -0.1105 -0.7183 -0.6869
vn -0.3930 -0.7309 -0.5580
vn -0.6452 -0.7316 -0.2202
vn -0.6405 -0.7353 0.2214
vn -0.3930 -0.7309 0.5581
vn -0.1106 -0.7184 0.6868
vn 0.3930 -0.7309 0.5580
vn 0.6451 -0.7316 -0.2203
vn 0.6451 -0.7316 0.2203
vn -0.5743 0.4721 0.6688
vn -0.1647 0.4784 0.8626
vn -0.2294 0.6723 0.7039
vn -0.7227 0.5892 0.3614
vn -0.5743 0.4721 -0.6688
vn -0.2294 0.6722 -0.7039
vn -0.1647 0.4784 -0.8626
vn -0.7227 0.5892 -0.3614
vn -0.0158 -0.6707 -0.7416
vn 0.0157 -0.6750 -0.7377
vn -0.0472 -0.6617 -0.7483
vn 0.0471 -0.6364 -0.7699
vn 0.5743 0.4721 0.6688
vn 0.1647 0.4784 0.8626
vn 0.2294 0.6722 0.7039
vn 0.7227 0.5892 0.3614
vn 0.1647 0.4784 -0.8626
vn 0.5743 0.4721 -0.6688
vn 0.2294 0.6722 -0.7039
vn 0.7227 0.5892 -0.3614
vn -0.0158 -0.7110 -0.7030
vn -0.1503 -0.8627 -0.4828
vn 0.0472 -0.6617 0.7483
vn 0.0079 -0.7111 0.7031
vn 0.0158 -0.6706 0.7416
vn -0.0157 -0.7149 0.6991
vn -0.0315 -0.9285 0.3699
vn -0.0078 -0.7637 -0.6455
vn 0.1261 -0.8589 -0.4964
vn 0.0079 -0.7149 -0.6991
vn 0.0236 -0.9288 -0.3699
vn -0.0394 -0.9283 -0.3698
vn 0.0158 -0.7564 -0.6539
vn -0.5880 -0.7763 0.2274
vn -0.1976 -0.9721 0.1265
vn -0.1976 -0.9721 0.1264
vn -0.5818 -0.7784 -0.2358
vn -0.2050 -0.9696 -0.1340
vn -0.5818 -0.7784 -0.2359
vn -0.2050 -0.9695 -0.1340
vn 0.0236 -0.9288 0.3699
vn 0.0554 -0.9329 -0.3558
vn 0.1811 -0.9763 -0.1181
vn 0.5688 -0.7900 0.2290
vn 0.1810 -0.9754 0.1258
vn 0.1340 -0.8667 0.4806
vn 0.5687 -0.7900 0.2291
vn 0.1810 -0.9754 0.1259
vn 0.0553 -0.9329 -0.3558
vn -0.7309 -0.5344 -0.4244
vn -0.7098 -0.6546 -0.2602
vn -0.0392 -0.9346 0.3535
vn 0.7401 -0.5275 0.4172
vn -0.0157 -0.7884 0.6149
vn 0.7098 -0.6545 0.2603
vn -0.0392 -0.9346 -0.3535
vn 0.7137 -0.6509 -0.2588
vn -0.0158 -0.7884 -0.6149
vn 0.0553 -0.9329 0.3558
vn -0.7401 -0.5274 0.4173
vn -0.7098 -0.6545 0.2602
vn 0.0237 -0.7883 0.6148
vn 0.7098 -0.6545 0.2602
vn -0.7098 -0.6545 -0.2603
vn -0.0079 -0.7637 -0.6455
vn -0.0158 -0.7636 0.6455
vn 0.7098 -0.6545 -0.2603
vn -0.0393 -0.9283 -0.3697
vn 0.7432 -0.5217 -0.4190
vn 0.7531 -0.6511 -0.0941
vn 0.0711 -0.9873 -0.1422
vn 0.7531 -0.6511 0.0941
vn 0.0711 -0.9873 0.1422
vn 0.0554 -0.9329 0.3558
vn 0.7394 -0.5348 0.4090
vn -0.7327 -0.5435 -0.4096
vn -0.5127 -0.8045 -0.2998
vn -0.0393 -0.9346 -0.3534
vn -0.7459 -0.6594 -0.0942
vn -0.0554 -0.9883 -0.1423
vn -0.7458 -0.6594 0.0942
vn -0.0554 -0.9883 0.1423
vn -0.5127 -0.8046 0.2997
vn -0.0393 -0.9346 0.3534
vn -0.5127 -0.8046 0.2998
vn -0.0393 -0.9346 0.3535
vn -0.7327 -0.5435 0.4096
vn -0.0158 -0.7884 0.6149
vn -0.0553 -0.9883 0.1423
vn 0.7098 -0.6546 0.2602
vn 0.7034 -0.7033 0.1027
vn -0.0553 -0.9883 -0.1423
vn 0.7074 -0.6994 -0.1022
vn -0.0392 -0.9346 -0.3534
vn -0.7073 -0.6994 -0.1021
vn -0.7073 -0.6994 0.1022
vn -0.0315 -0.9286 0.3698
vn -0.0157 -0.9909 0.1337
vn -0.2049 -0.9696 -0.1340
vn -0.1975 -0.9721 0.1264
vn -0.0157 -0.9898 -0.1414
vn 0.7028 -0.7028 0.1106
vn 0.7028 -0.7027 -0.1105
vn 0.7098 -0.6546 -0.2602
vn -0.7028 -0.7028 0.1105
vn 0.0157 -0.9909 0.1337
vn -0.7028 -0.7027 -0.1106
vn 0.0079 -0.9910 -0.1337
vn 0.1809 -0.9754 0.1258
vn 0.1811 -0.9764 -0.1181
vn 0.1809 -0.9754 0.1259
vn 0.1339 -0.8667 0.4805
vn 0.0078 -0.9910 -0.1338
vn 0.1974 -0.9472 0.2526
vn 0.0016 -0.9677 0.2520
vn 0.1883 -0.9494 0.2511
vn -0.0078 -0.9677 0.2518
vn 0.0079 -0.9677 0.2518
vn -0.1493 -0.9583 0.2436
vn 0.0078 -0.9677 0.2518
vn -0.1578 -0.9546 0.2525
vn -0.1492 -0.9583 -0.2436
vn -0.0013 -0.9677 -0.2520
vn 0.0078 -0.9677 -0.2518
vn -0.1578 -0.9546 -0.2525
vn 0.1884 -0.9494 -0.2511
vn -0.0079 -0.9677 -0.2518
vn 0.1973 -0.9472 -0.2527
vn -0.0079 -0.9677 0.2518
vn 0.0064 -0.9677 0.2518
vn 0.0079 -0.9677 -0.2518
vn -0.0074 -0.9677 -0.2518
vn 0.1973 -0.9472 -0.2526
vn 0.6068 -0.6857 -0.4020
vn 0.5966 -0.6909 0.4083
vn -0.1492 -0.9583 -0.2435
vn -0.1492 -0.9583 0.2436
vn -0.5608 -0.7188 0.4107
vn 0.3795 0.9252 -0.0000
vn -0.3795 0.9252 -0.0000
vn -0.3162 0.9487 -0.0000
vn 0.3162 0.9487 -0.0000
vt 0.447217 0.941632
vt 0.409431 0.930904
vt 0.430548 0.930904
vt 0.392763 0.941632
vt 0.451350 0.952599
vt 0.388630 0.952599
vt 0.388630 0.976099
vt 0.451350 0.976099
vt 0.392763 0.986478
vt 0.447217 0.986478
vt 0.430548 0.997451
vt 0.409431 0.997451
vt 0.017874 0.011893
vt 0.007199 0.010748
vt 0.018166 0.010748
vt 0.006630 0.011893
vt 0.151864 0.010764
vt 0.162831 0.010764
vt 0.152156 0.011909
vt 0.163399 0.011909
vt 0.057123 0.011909
vt 0.074002 0.018196
vt 0.056583 0.018196
vt 0.074212 0.011909
vt 0.057809 0.010764
vt 0.074478 0.010764
vt 0.905292 0.683809
vt 0.905292 0.626457
vt 0.982063 0.683809
vt 0.982063 0.626457
vt 0.982063 0.719717
vt 0.905292 0.719717
vt 0.905292 0.590550
vt 0.982063 0.590550
vt 0.525147 0.591357
vt 0.618929 0.591357
vt 0.525147 0.627265
vt 0.618929 0.627265
vt 0.525147 0.684617
vt 0.618929 0.684617
vt 0.525147 0.720524
vt 0.618929 0.720524
vt 0.739338 0.112213
vt 0.675064 0.165925
vt 0.675064 0.112213
vt 0.646660 0.185164
vt 0.625885 0.165782
vt 0.675083 0.201892
vt 0.625887 0.112358
vt 0.646631 0.089656
vt 0.675083 0.076247
vt 0.739317 0.076247
vt 0.666788 0.058424
vt 0.749245 0.058425
vt 0.652697 0.037847
vt 0.766119 0.037858
vt 0.652669 0.034342
vt 0.766149 0.034346
vt 0.765569 0.089643
vt 0.782722 0.112357
vt 0.782718 0.165779
vt 0.739338 0.165925
vt 0.765601 0.185124
vt 0.739316 0.201891
vt 0.666788 0.219715
vt 0.749245 0.219714
vt 0.652696 0.240282
vt 0.766117 0.240295
vt 0.652669 0.243794
vt 0.766149 0.243796
vt 0.898501 0.719407
vt 0.898490 0.683758
vt 0.898490 0.626496
vt 0.898497 0.590782
vt 0.625731 0.627330
vt 0.625731 0.684568
vt 0.625721 0.720228
vt 0.625714 0.591750
vt 0.862449 0.104997
vt 0.862434 0.173111
vt 0.804964 0.104779
vt 0.804959 0.173357
vt 0.862967 0.063685
vt 0.787845 0.072814
vt 0.863095 0.214227
vt 0.787886 0.201943
vt 0.869089 0.173118
vt 0.869736 0.214509
vt 0.869104 0.104994
vt 0.869614 0.063465
vt 0.535579 0.063740
vt 0.603636 0.104780
vt 0.536093 0.105009
vt 0.624345 0.072830
vt 0.603633 0.173361
vt 0.536084 0.173155
vt 0.535691 0.214577
vt 0.624383 0.201995
vt 0.529438 0.104999
vt 0.528934 0.063509
vt 0.529430 0.173161
vt 0.529042 0.214752
vt 0.981981 0.581115
vt 0.905211 0.590262
vt 0.905211 0.562160
vt 0.981981 0.556544
vt 0.905552 0.748741
vt 0.982322 0.729787
vt 0.982322 0.754357
vt 0.905552 0.720639
vt 0.524879 0.556544
vt 0.618661 0.562160
vt 0.524879 0.581115
vt 0.618661 0.590262
vt 0.525220 0.729787
vt 0.619002 0.748741
vt 0.525220 0.754357
vt 0.619002 0.720639
vt 0.528723 0.242243
vt 0.535448 0.239047
vt 0.898382 0.565815
vt 0.898415 0.590011
vt 0.535261 0.039370
vt 0.528519 0.036073
vt 0.625826 0.745515
vt 0.625794 0.720960
vt 0.898721 0.745179
vt 0.898761 0.720974
vt 0.870052 0.035713
vt 0.863321 0.038799
vt 0.863545 0.239010
vt 0.870291 0.242199
vt 0.625481 0.565273
vt 0.625445 0.589836
vt 0.840351 0.237672
vt 0.567832 0.237810
vt 0.840223 0.040420
vt 0.567722 0.040361
vt 0.566615 0.036567
vt 0.781175 0.254398
vt 0.661949 0.254394
vt 0.781096 0.248307
vt 0.662017 0.248305
vt 0.781096 0.028524
vt 0.661949 0.022430
vt 0.781175 0.022434
vt 0.662017 0.028519
vt 0.859880 0.251842
vt 0.860402 0.245898
vt 0.572127 0.024923
vt 0.571718 0.030854
vt 0.572133 0.251925
vt 0.571833 0.246010
vt 0.860266 0.030871
vt 0.859868 0.024954
vt 0.841597 0.036583
vt 0.841727 0.241500
vt 0.566725 0.241607
vt 0.869715 0.763942
vt 0.868531 0.758341
vt 0.869374 0.546959
vt 0.868186 0.552570
vt 0.532689 0.024680
vt 0.531742 0.030336
vt 0.532687 0.252321
vt 0.531956 0.246677
vt 0.646438 0.546959
vt 0.647914 0.552524
vt 0.646778 0.763942
vt 0.648264 0.758363
vt 0.889184 0.252274
vt 0.890376 0.246631
vt 0.890124 0.029958
vt 0.889179 0.024340
vt 0.795224 0.835040
vt 0.831132 0.850609
vt 0.791593 0.850609
vt 0.777668 0.830256
vt 0.755428 0.830256
vt 0.801614 0.879697
vt 0.856971 0.879697
vt 0.741503 0.850609
vt 0.737872 0.835040
vt 0.701964 0.850609
vt 0.731482 0.879697
vt 0.676125 0.879697
vt 0.728811 0.915142
vt 0.669237 0.915142
vt 0.676125 0.948031
vt 0.804285 0.915142
vt 0.731482 0.948031
vt 0.863859 0.915142
vt 0.856971 0.948031
vt 0.701964 0.972602
vt 0.801614 0.948031
vt 0.831132 0.972602
vt 0.791593 0.972602
vt 0.795224 0.987641
vt 0.777668 0.987641
vt 0.755428 0.987641
vt 0.741503 0.972602
vt 0.737872 0.987641
vt 0.767440 0.585709
vt 0.784996 0.590493
vt 0.781365 0.606062
vt 0.820903 0.606062
vt 0.745200 0.585709
vt 0.791386 0.635150
vt 0.846743 0.635150
vt 0.731275 0.606062
vt 0.727644 0.590493
vt 0.691736 0.606062
vt 0.721254 0.635150
vt 0.665897 0.635150
vt 0.794057 0.670595
vt 0.853631 0.670595
vt 0.718583 0.670595
vt 0.659009 0.670595
vt 0.846743 0.703485
vt 0.665897 0.703485
vt 0.721254 0.703485
vt 0.691736 0.728055
vt 0.791386 0.703485
vt 0.820903 0.728055
vt 0.781365 0.728055
vt 0.784996 0.743094
vt 0.767440 0.743094
vt 0.745200 0.743094
vt 0.731275 0.728055
vt 0.727644 0.743094
vt 0.646438 0.496471
vt 0.708116 0.496471
vt 0.646438 0.524544
vt 0.647729 0.490723
vt 0.708161 0.490581
vt 0.708116 0.524544
vt 0.708116 0.546959
vt 0.708163 0.552755
vt 0.799472 0.496471
vt 0.799433 0.490581
vt 0.799472 0.524544
vt 0.799472 0.546959
vt 0.799431 0.552753
vt 0.869374 0.496471
vt 0.869374 0.524544
vt 0.868351 0.490707
vt 0.905211 0.524544
vt 0.905211 0.484006
vt 0.981981 0.488210
vt 0.981981 0.523654
vt 0.799813 0.786357
vt 0.869715 0.786357
vt 0.799813 0.814430
vt 0.869715 0.814430
vt 0.868690 0.820199
vt 0.799774 0.820320
vt 0.799813 0.763942
vt 0.799772 0.758147
vt 0.708457 0.814430
vt 0.708502 0.820321
vt 0.708457 0.786357
vt 0.708457 0.763942
vt 0.708504 0.758148
vt 0.646778 0.814430
vt 0.648066 0.820170
vt 0.646778 0.786357
vt 0.619002 0.786357
vt 0.619002 0.826895
vt 0.525220 0.787247
vt 0.525220 0.822691
vt 0.618661 0.524544
vt 0.618661 0.484006
vt 0.524879 0.488210
vt 0.524879 0.523654
vt 0.982322 0.822691
vt 0.905552 0.826895
vt 0.905552 0.786357
vt 0.982322 0.787247
vt 0.905552 0.860163
vt 0.898735 0.830966
vt 0.898753 0.859981
vt 0.505528 0.315171
vt 0.519898 0.272827
vt 0.520015 0.316017
vt 0.505463 0.272827
vt 0.092523 0.046406
vt 0.077844 0.209586
vt 0.077550 0.046406
vt 0.092228 0.209586
vt 0.091228 0.256384
vt 0.078845 0.256384
vt 0.091208 0.263456
vt 0.078865 0.263456
vt 0.078805 0.317558
vt 0.091267 0.317558
vt 0.092236 0.341233
vt 0.077837 0.341233
vt 0.090958 0.914797
vt 0.079114 0.914797
vt 0.671516 0.274291
vt 0.671457 0.316121
vt 0.657309 0.274291
vt 0.657202 0.316963
vt 0.091436 0.988902
vt 0.078637 0.988902
vt 0.100308 0.914797
vt 0.101538 0.988902
vt 0.103602 0.341233
vt 0.101104 0.317558
vt 0.100950 0.263456
vt 0.101002 0.256384
vt 0.103582 0.209586
vt 0.104343 0.046406
vt 0.092805 0.042788
vt 0.105069 0.042788
vt 0.095840 0.024027
vt 0.112896 0.024027
vt 0.095977 0.022520
vt 0.113249 0.022520
vt 0.096070 0.018196
vt 0.113490 0.018196
vt 0.112950 0.011909
vt 0.095861 0.011909
vt 0.112263 0.010764
vt 0.095595 0.010764
vt 0.148421 0.256384
vt 0.156075 0.263456
vt 0.148395 0.263456
vt 0.148473 0.317558
vt 0.156228 0.317558
vt 0.149745 0.341233
vt 0.158706 0.341233
vt 0.149317 0.487816
vt 0.151166 0.489248
vt 0.153755 0.494661
vt 0.155437 0.914797
vt 0.153755 0.914797
vt 0.153755 0.947922
vt 0.155389 0.957480
vt 0.156658 0.988902
vt 0.154529 0.962588
vt 0.152129 0.965732
vt 0.021635 0.263440
vt 0.013955 0.263440
vt 0.021609 0.256368
vt 0.021557 0.317542
vt 0.013802 0.317542
vt 0.020284 0.341218
vt 0.011324 0.341218
vt 0.020713 0.487800
vt 0.018863 0.489233
vt 0.016274 0.494645
vt 0.014592 0.914781
vt 0.016274 0.914781
vt 0.016274 0.947906
vt 0.014641 0.957464
vt 0.013371 0.988886
vt 0.015500 0.962572
vt 0.017901 0.965716
vt 0.038174 0.317542
vt 0.039484 0.341218
vt 0.035306 0.484818
vt 0.039043 0.487713
vt 0.024562 0.484818
vt 0.184857 0.018186
vt 0.167679 0.022510
vt 0.167438 0.018186
vt 0.184951 0.022510
vt 0.167978 0.011899
vt 0.185067 0.011899
vt 0.168664 0.010754
vt 0.185333 0.010754
vt 0.168031 0.024017
vt 0.185087 0.024017
vt 0.175859 0.042779
vt 0.188123 0.042779
vt 0.176585 0.046396
vt 0.188405 0.046396
vt 0.177346 0.209576
vt 0.188699 0.209576
vt 0.179926 0.256375
vt 0.189700 0.256375
vt 0.179977 0.263446
vt 0.189720 0.263446
vt 0.189660 0.317548
vt 0.179824 0.317548
vt 0.188692 0.341224
vt 0.177326 0.341224
vt 0.180620 0.914788
vt 0.189969 0.914788
vt 0.189492 0.988892
vt 0.179390 0.988892
vt 0.202291 0.988892
vt 0.201813 0.914788
vt 0.203091 0.341224
vt 0.202122 0.317548
vt 0.202063 0.263446
vt 0.202083 0.256375
vt 0.206925 0.018186
vt 0.224344 0.018186
vt 0.224104 0.022510
vt 0.206832 0.022510
vt 0.223805 0.011899
vt 0.206716 0.011899
vt 0.223118 0.010754
vt 0.206450 0.010754
vt 0.223751 0.024017
vt 0.206695 0.024017
vt 0.215924 0.042779
vt 0.203660 0.042779
vt 0.215198 0.046396
vt 0.203378 0.046396
vt 0.214437 0.209576
vt 0.203083 0.209576
vt 0.211857 0.256375
vt 0.211805 0.263446
vt 0.211959 0.317548
vt 0.214457 0.341224
vt 0.211163 0.914788
vt 0.212393 0.988892
vt 0.056824 0.022520
vt 0.074096 0.022520
vt 0.057176 0.024027
vt 0.074232 0.024027
vt 0.065004 0.042788
vt 0.077268 0.042788
vt 0.065730 0.046406
vt 0.066491 0.209586
vt 0.069071 0.256384
vt 0.069123 0.263456
vt 0.068968 0.317558
vt 0.066471 0.341233
vt 0.069765 0.914797
vt 0.068535 0.988902
vt 0.148512 0.967367
vt 0.148694 0.988902
vt 0.146255 0.968387
vt 0.131628 0.988902
vt 0.133936 0.968387
vt 0.131815 0.967428
vt 0.124090 0.988902
vt 0.128062 0.965732
vt 0.125662 0.962588
vt 0.124802 0.957480
vt 0.125298 0.914797
vt 0.126436 0.947922
vt 0.126436 0.914797
vt 0.126436 0.494661
vt 0.122065 0.341233
vt 0.129025 0.489248
vt 0.130987 0.487728
vt 0.130545 0.341233
vt 0.124516 0.317558
vt 0.131856 0.317558
vt 0.124668 0.263456
vt 0.131936 0.263456
vt 0.131909 0.256384
vt 0.124617 0.256384
vt 0.130556 0.209586
vt 0.122085 0.209586
vt 0.130157 0.046406
vt 0.121338 0.046406
vt 0.129776 0.042788
vt 0.120625 0.042788
vt 0.126262 0.024027
vt 0.114052 0.024027
vt 0.126084 0.022520
vt 0.113720 0.022520
vt 0.125987 0.018196
vt 0.113539 0.018196
vt 0.117423 0.011909
vt 0.128064 0.011909
vt 0.117985 0.010764
vt 0.128364 0.010764
vt 0.021518 0.967351
vt 0.021335 0.988886
vt 0.023775 0.968371
vt 0.038401 0.988886
vt 0.036093 0.968371
vt 0.038214 0.967412
vt 0.045939 0.988886
vt 0.041967 0.965716
vt 0.044368 0.962572
vt 0.045227 0.957464
vt 0.044731 0.914781
vt 0.043594 0.947906
vt 0.043594 0.914781
vt 0.043594 0.494645
vt 0.047964 0.341218
vt 0.041005 0.489233
vt 0.045513 0.317542
vt 0.045362 0.263440
vt 0.038093 0.263440
vt 0.038120 0.256368
vt 0.045413 0.256368
vt 0.039474 0.209570
vt 0.047945 0.209570
vt 0.039873 0.046390
vt 0.048691 0.046390
vt 0.040254 0.042772
vt 0.049404 0.042772
vt 0.043768 0.024010
vt 0.055977 0.024010
vt 0.043945 0.022504
vt 0.056309 0.022504
vt 0.044042 0.018180
vt 0.056491 0.018180
vt 0.052607 0.011893
vt 0.041966 0.011893
vt 0.052044 0.010748
vt 0.041665 0.010748
vt 0.843573 0.317046
vt 0.843762 0.274803
vt 0.855106 0.316461
vt 0.854920 0.274803
vt 0.849564 0.336323
vt 0.832572 0.338313
vt 0.246354 0.931491
vt 0.246354 0.042528
vt 0.292151 0.042528
vt 0.288098 0.034054
vt 0.292151 0.931491
vt 0.250407 0.034054
vt 0.278672 0.026753
vt 0.259833 0.026753
vt 0.278737 0.026475
vt 0.259768 0.026475
vt 0.258707 0.021914
vt 0.279798 0.021914
vt 0.243232 0.949756
vt 0.295273 0.949756
vt 0.244527 0.957451
vt 0.293979 0.957451
vt 0.290661 0.961796
vt 0.247845 0.961796
vt 0.257856 0.966321
vt 0.280650 0.966321
vt 0.257816 0.966598
vt 0.280689 0.966598
vt 0.281343 0.971160
vt 0.257162 0.971160
vt 0.295502 0.949756
vt 0.294185 0.957584
vt 0.299274 0.949749
vt 0.297587 0.959776
vt 0.292376 0.931462
vt 0.296067 0.930986
vt 0.292376 0.042452
vt 0.296067 0.041205
vt 0.324741 0.933782
vt 0.324741 0.044819
vt 0.370538 0.933782
vt 0.370538 0.044819
vt 0.328793 0.036345
vt 0.373660 0.952047
vt 0.366485 0.036345
vt 0.338220 0.029044
vt 0.357059 0.029044
vt 0.338155 0.028766
vt 0.357123 0.028766
vt 0.358185 0.024205
vt 0.337094 0.024205
vt 0.321619 0.952047
vt 0.372365 0.959742
vt 0.322913 0.959742
vt 0.326231 0.964087
vt 0.369047 0.964087
vt 0.359036 0.968612
vt 0.336242 0.968612
vt 0.359076 0.968889
vt 0.336202 0.968889
vt 0.335548 0.973451
vt 0.359730 0.973451
vt 0.321389 0.952047
vt 0.322706 0.959875
vt 0.317617 0.952039
vt 0.319304 0.962067
vt 0.324516 0.933753
vt 0.320824 0.933276
vt 0.324516 0.044743
vt 0.320824 0.043496
vt 0.154173 0.018196
vt 0.154078 0.022520
vt 0.153906 0.024027
vt 0.150493 0.042788
vt 0.150123 0.046406
vt 0.149736 0.209586
vt 0.134723 0.484834
vt 0.145467 0.484834
vt 0.246130 0.931462
vt 0.246130 0.042452
vt 0.242438 0.930986
vt 0.242438 0.041205
vt 0.243003 0.949756
vt 0.244320 0.957584
vt 0.239231 0.949749
vt 0.240918 0.959776
vt 0.370762 0.933753
vt 0.370762 0.044743
vt 0.374454 0.933276
vt 0.374454 0.043496
vt 0.373889 0.952047
vt 0.372572 0.959875
vt 0.377661 0.952039
vt 0.375974 0.962067
vt 0.020294 0.209570
vt 0.019907 0.046390
vt 0.019536 0.042772
vt 0.016124 0.024010
vt 0.015951 0.022504
vt 0.015857 0.018180
vt 0.537761 0.316002
vt 0.537870 0.272827
vt 0.552243 0.315148
vt 0.552305 0.272827
vt 0.552379 0.336417
vt 0.538327 0.338102
vt 0.639483 0.274291
vt 0.625338 0.316143
vt 0.625276 0.274291
vt 0.639598 0.316977
vt 0.625136 0.337347
vt 0.639054 0.338890
vt 0.232382 0.930557
vt 0.232382 0.040777
vt 0.233187 0.930557
vt 0.232382 0.949320
vt 0.233187 0.040777
vt 0.232382 0.030151
vt 0.233187 0.949320
vt 0.232382 0.959348
vt 0.235446 0.865531
vt 0.236863 0.930557
vt 0.236263 0.949320
vt 0.241661 0.040777
vt 0.233187 0.959348
vt 0.232382 0.965520
vt 0.237012 0.959348
vt 0.233187 0.965520
vt 0.232382 0.970732
vt 0.238629 0.965520
vt 0.233187 0.970732
vt 0.240932 0.968729
vt 0.240971 0.970732
vt 0.233187 0.030151
vt 0.232382 0.021486
vt 0.243340 0.030151
vt 0.233187 0.021486
vt 0.244503 0.027338
vt 0.244542 0.021486
vt 0.383990 0.933009
vt 0.384794 0.043228
vt 0.384794 0.933009
vt 0.384794 0.951772
vt 0.383990 0.043228
vt 0.384794 0.032603
vt 0.383990 0.951772
vt 0.384794 0.961799
vt 0.381730 0.867983
vt 0.380313 0.933009
vt 0.380913 0.951772
vt 0.375515 0.043228
vt 0.383990 0.961799
vt 0.380164 0.961799
vt 0.384794 0.967971
vt 0.383990 0.032603
vt 0.384794 0.023937
vt 0.373837 0.032603
vt 0.383990 0.023937
vt 0.372674 0.029790
vt 0.372635 0.023937
vt 0.383990 0.967971
vt 0.384794 0.973183
vt 0.378547 0.967971
vt 0.383990 0.973183
vt 0.376244 0.971180
vt 0.376206 0.973183
vt 0.574873 0.315586
vt 0.601845 0.274017
vt 0.601659 0.315592
vt 0.574678 0.274017
vt 0.607200 0.335618
vt 0.569178 0.335420
vt 0.631908 0.364052
vt 0.543744 0.364017
vt 0.882152 0.274803
vt 0.881957 0.316488
vt 0.887677 0.336557
vt 0.824812 0.365015
vt 0.913188 0.365055
vt 0.306729 0.041633
vt 0.305924 0.931413
vt 0.305924 0.041633
vt 0.306729 0.931413
vt 0.306729 0.031007
vt 0.306729 0.950176
vt 0.305924 0.031007
vt 0.306729 0.022342
vt 0.305924 0.022342
vt 0.297680 0.041633
vt 0.295910 0.031007
vt 0.303961 0.866387
vt 0.294607 0.028023
vt 0.294569 0.022342
vt 0.302529 0.931413
vt 0.303182 0.950176
vt 0.305924 0.950176
vt 0.306729 0.960204
vt 0.305924 0.960204
vt 0.302400 0.960204
vt 0.306729 0.966376
vt 0.305924 0.966376
vt 0.306729 0.971587
vt 0.300698 0.966376
vt 0.305924 0.971587
vt 0.298176 0.969705
vt 0.298140 0.971587
vt 0.311407 0.043191
vt 0.311407 0.932971
vt 0.310603 0.043191
vt 0.310603 0.932971
vt 0.310603 0.032565
vt 0.310603 0.951734
vt 0.311407 0.032565
vt 0.310603 0.023899
vt 0.311407 0.023899
vt 0.319652 0.043191
vt 0.313371 0.867945
vt 0.321422 0.032565
vt 0.322725 0.029581
vt 0.322762 0.023899
vt 0.314803 0.932971
vt 0.314150 0.951734
vt 0.311407 0.951734
vt 0.310603 0.961761
vt 0.311407 0.961761
vt 0.314932 0.961761
vt 0.310603 0.967933
vt 0.311407 0.967933
vt 0.310603 0.973145
vt 0.316634 0.967933
vt 0.311407 0.973145
vt 0.319155 0.971263
vt 0.319191 0.973145
vt 0.167142 0.022520
vt 0.166807 0.024027
vt 0.167326 0.018196
vt 0.160161 0.042788
vt 0.159441 0.046406
vt 0.158686 0.209586
vt 0.156126 0.256384
vt 0.002887 0.022504
vt 0.002704 0.018180
vt 0.003223 0.024010
vt 0.009868 0.042772
vt 0.010589 0.046390
vt 0.011343 0.209570
vt 0.013903 0.256368
vt 0.519465 0.338105
vt 0.657751 0.338887
vt 0.564223 0.274017
vt 0.564037 0.316154
vt 0.553214 0.337330
vt 0.484229 0.365216
vt 0.892633 0.274803
vt 0.892827 0.317063
vt 0.903719 0.338414
vt 0.972842 0.366255
vt 0.612976 0.274017
vt 0.613172 0.316182
vt 0.624191 0.337544
vt 0.699436 0.365267
vt 0.505325 0.336563
vt 0.290788 0.962034
vt 0.292874 0.965948
vt 0.326104 0.964325
vt 0.324017 0.968239
vt 0.247718 0.962034
vt 0.245631 0.965948
vt 0.369174 0.964325
vt 0.371261 0.968239
vt 0.671574 0.337178
vt 0.466433 0.044465
vt 0.509040 0.010989
vt 0.472425 0.049894
vt 0.513247 0.017520
vt 0.625476 0.480326
vt 0.508943 0.264640
vt 0.472349 0.225698
vt 0.513206 0.258122
vt 0.466344 0.231099
vt 0.757116 0.366230
vt 0.485148 0.431856
vt 0.483368 0.397653
vt 0.543023 0.397578
vt 0.543082 0.431480
vt 0.543063 0.434734
vt 0.484467 0.435029
vt 0.970717 0.431253
vt 0.912787 0.396988
vt 0.972465 0.397068
vt 0.912727 0.430884
vt 0.912746 0.434139
vt 0.971398 0.434428
vt 0.824773 0.434141
vt 0.758602 0.431230
vt 0.824790 0.430887
vt 0.758058 0.434414
vt 0.824738 0.396989
vt 0.757180 0.397057
vt 0.631081 0.397579
vt 0.697274 0.431819
vt 0.631028 0.431479
vt 0.698670 0.397651
vt 0.631045 0.434734
vt 0.697817 0.435004
vt 0.466443 0.423092
vt 0.462663 0.425141
vt 0.993255 0.424575
vt 0.989470 0.422555
vt 0.625814 0.830508
vt 0.732586 0.421916
vt 0.728808 0.424176
vt 0.898393 0.479989
vt 0.440274 0.179293
vt 0.447476 0.176308
vt 0.439979 0.152651
vt 0.432223 0.153874
vt 0.439979 0.122823
vt 0.432223 0.121597
vt 0.440304 0.096193
vt 0.447504 0.099183
vt 0.918501 0.265083
vt 0.954620 0.226425
vt 0.960615 0.231844
vt 0.914266 0.258542
vt 0.723334 0.422564
vt 0.727117 0.424797
vt 0.918579 0.011741
vt 0.954683 0.050434
vt 0.914309 0.018276
vt 0.960686 0.045032
vt 0.951464 0.101239
vt 0.951420 0.176010
vt 0.944482 0.102879
vt 0.944439 0.174364
vt 0.923159 0.059301
vt 0.928698 0.054655
vt 0.923041 0.217797
vt 0.928561 0.222489
vt 0.288264 0.033855
vt 0.290985 0.030579
vt 0.328628 0.036146
vt 0.325906 0.032870
vt 0.470696 0.100706
vt 0.477643 0.173872
vt 0.470661 0.175509
vt 0.477677 0.102348
vt 0.979502 0.099886
vt 0.986705 0.096905
vt 0.986976 0.123558
vt 0.994731 0.122337
vt 0.986976 0.153390
vt 0.994731 0.154613
vt 0.986681 0.180033
vt 0.979480 0.177048
vt 0.250241 0.033855
vt 0.247520 0.030579
vt 0.366650 0.036146
vt 0.369372 0.032870
vt 0.723125 0.398097
vt 0.493362 0.222163
vt 0.498898 0.217515
vt 0.732754 0.397438
vt 0.989182 0.397601
vt 0.498995 0.058811
vt 0.493472 0.054136
vt 0.466680 0.398109
vt 0.981981 0.459122
vt 0.905211 0.450738
vt 0.982322 0.851779
vt 0.525220 0.851779
vt 0.619002 0.860163
vt 0.524879 0.459122
vt 0.618661 0.450738
vt 0.625457 0.450971
vt 0.898415 0.450968
vt 0.892479 0.030180
vt 0.896621 0.024561
vt 0.625794 0.859869
vt 0.524970 0.252005
vt 0.529122 0.246362
vt 0.729004 0.397328
vt 0.462931 0.397969
vt 0.726874 0.397959
vt 0.992929 0.397429
vt 0.892428 0.246853
vt 0.896474 0.252496
vt 0.529183 0.030021
vt 0.525091 0.024365
vt 0.232396 0.995267
vt 0.233200 0.971086
vt 0.233200 0.995267
vt 0.232396 0.971086
vt 0.240984 0.995267
vt 0.240984 0.971086
vt 0.311458 0.973576
vt 0.311458 0.997758
vt 0.310654 0.973576
vt 0.310654 0.997758
vt 0.319242 0.997758
vt 0.319242 0.973576
vt 0.631152 0.373176
vt 0.543267 0.396307
vt 0.543477 0.372867
vt 0.631324 0.396307
vt 0.780776 0.301253
vt 0.780776 0.341604
vt 0.772997 0.303839
vt 0.780395 0.298834
vt 0.771578 0.301764
vt 0.803304 0.298834
vt 0.764404 0.314733
vt 0.762018 0.313884
vt 0.762018 0.328974
vt 0.764404 0.328125
vt 0.771578 0.341093
vt 0.772997 0.339018
vt 0.780395 0.344023
vt 0.803304 0.344023
vt 0.802943 0.341604
vt 0.811271 0.338984
vt 0.802943 0.301253
vt 0.812691 0.341071
vt 0.811271 0.303873
vt 0.812691 0.301786
vt 0.819614 0.314690
vt 0.822000 0.313856
vt 0.819614 0.328167
vt 0.822000 0.329001
vt 0.912711 0.396180
vt 0.824662 0.396181
vt 0.912527 0.373044
vt 0.824861 0.372711
vt 0.972388 0.395166
vt 0.971701 0.368012
vt 0.698914 0.395306
vt 0.698305 0.368166
vt 0.483611 0.395311
vt 0.484291 0.368050
vt 0.466923 0.394809
vt 0.467227 0.362067
vt 0.757104 0.395190
vt 0.757709 0.367949
vt 0.732677 0.394757
vt 0.732909 0.361954
vt 0.988734 0.361929
vt 0.989106 0.394577
vt 0.447467 0.359633
vt 0.489224 0.341491
vt 0.503323 0.352819
vt 0.447802 0.341907
vt 0.489215 0.326285
vt 0.447799 0.325866
vt 0.447449 0.308052
vt 0.503281 0.314886
vt 0.723369 0.394801
vt 0.723081 0.362066
vt 0.982240 0.896378
vt 0.905470 0.896378
vt 0.905470 0.860471
vt 0.982240 0.860471
vt 0.688346 0.327393
vt 0.731750 0.310694
vt 0.731481 0.327007
vt 0.675654 0.317015
vt 0.688355 0.341430
vt 0.731481 0.341817
vt 0.731767 0.358208
vt 0.675692 0.351880
vt 0.898671 0.860663
vt 0.898668 0.896408
vt 0.618920 0.953730
vt 0.625716 0.989391
vt 0.618920 0.989638
vt 0.625722 0.953691
vt 0.618920 0.896378
vt 0.625712 0.860781
vt 0.625722 0.896427
vt 0.618920 0.860471
vt 0.905470 0.953730
vt 0.898673 0.989395
vt 0.898668 0.953692
vt 0.905470 0.989638
vt 0.463476 0.362070
vt 0.463174 0.394917
vt 0.728928 0.394843
vt 0.729158 0.361957
vt 0.726832 0.362070
vt 0.727118 0.394909
vt 0.992485 0.361933
vt 0.992853 0.394710
vt 0.982240 0.913934
vt 0.905470 0.913934
vt 0.982240 0.936175
vt 0.905470 0.936175
vt 0.982240 0.953730
vt 0.982240 0.989638
vt 0.525137 0.860471
vt 0.525137 0.896378
vt 0.525137 0.913934
vt 0.618920 0.913934
vt 0.525137 0.936175
vt 0.618920 0.936175
vt 0.525137 0.953730
vt 0.525137 0.989638
vt 0.625722 0.936175
vt 0.625722 0.913933
vt 0.898668 0.913933
vt 0.898668 0.936175
vt 0.433574 0.354762
vt 0.433547 0.341955
vt 0.433549 0.325803
vt 0.430519 0.354764
vt 0.430493 0.341954
vt 0.430495 0.325803
vt 0.430526 0.313003
vt 0.433580 0.313006
vt 0.753162 0.341850
vt 0.753145 0.353640
vt 0.750351 0.341850
vt 0.750334 0.353637
vt 0.753163 0.326982
vt 0.750352 0.326982
vt 0.753148 0.315184
vt 0.750337 0.315187
vt 0.547956 0.258159
vt 0.636063 0.260697
vt 0.548283 0.264889
vt 0.635979 0.267551
vt 0.768357 0.260700
vt 0.868442 0.264913
vt 0.768430 0.267553
vt 0.868758 0.258178
vt 0.868439 0.012022
vt 0.768357 0.016251
vt 0.768430 0.009399
vt 0.868682 0.018749
vt 0.548277 0.012083
vt 0.636064 0.016251
vt 0.547864 0.018828
vt 0.635979 0.009397
vt 0.515986 0.011728
vt 0.514996 0.018260
vt 0.515170 0.258862
vt 0.515990 0.265379
vt 0.912038 0.011741
vt 0.912668 0.018275
vt 0.912037 0.265083
vt 0.912815 0.258542
vt 0.306776 0.001164
vt 0.306776 0.022255
vt 0.305971 0.022255
vt 0.305971 0.001164
vt 0.294616 0.001164
vt 0.294616 0.022255
vt 0.310627 0.002694
vt 0.311432 0.023785
vt 0.310627 0.023785
vt 0.311432 0.002694
vt 0.322787 0.023785
vt 0.322787 0.002694
s 1
usemtl Handle1Mtl
f 1/1/1 2/2/2 3/3/3
f 2/2/2 1/1/1 4/4/4
f 5/5/5 4/4/4 1/1/1
f 4/4/4 5/5/5 6/6/6
f 5/5/5 7/7/7 6/6/6
f 7/7/7 5/5/5 8/8/8
f 8/8/8 9/9/9 7/7/7
f 9/9/9 8/8/8 10/10/10
f 11/11/11 9/9/9 10/10/10
f 9/9/9 11/11/11 12/12/12
f 13/13/13 14/14/14 15/15/15
f 14/14/14 13/13/13 16/16/16
f 17/17/17 18/18/1 19/19/18
f 20/20/19 19/19/18 18/18/1
f 21/21/20 22/22/21 23/23/22
f 22/22/21 21/21/20 24/24/23
f 24/24/23 25/25/9 26/26/12
f 25/25/9 24/24/23 27/21/20
f 28/27/24 29/28/25 30/29/26
f 29/28/25 31/30/27 30/29/26
f 28/27/24 30/29/26 32/31/28
f 32/31/28 33/32/29 28/27/24
f 34/30/30 29/28/31 35/33/32
f 35/33/32 36/34/33 34/30/30
f 37/35/34 38/36/35 39/37/36
f 39/37/36 38/36/35 40/38/37
f 41/39/38 39/37/36 40/38/37
f 41/39/38 40/38/37 42/40/39
f 41/39/38 42/40/39 43/41/40
f 43/41/40 42/40/39 44/42/41
f 45/43/42 46/44/42 47/45/42
f 46/44/42 48/46/43 49/47/44
f 46/44/42 50/48/45 48/46/43
f 51/49/46 46/44/42 49/47/44
f 46/44/42 51/49/46 47/45/42
f 52/50/47 47/45/42 51/49/46
f 47/45/42 52/50/47 53/51/48
f 54/52/49 47/45/42 53/51/48
f 45/43/42 47/45/42 54/52/49
f 54/52/49 53/51/48 55/53/50
f 55/53/50 56/54/51 54/52/49
f 57/55/52 56/54/51 55/53/50
f 56/54/51 57/55/52 58/56/53
f 59/57/54 58/56/53 57/55/52
f 58/56/53 59/57/54 60/58/55
f 61/59/56 45/43/42 54/52/49
f 62/60/57 45/43/42 61/59/56
f 63/61/58 45/43/42 62/60/57
f 45/43/42 63/61/58 64/62/42
f 65/63/59 64/62/42 63/61/58
f 46/44/42 45/43/42 64/62/42
f 64/62/42 65/63/59 66/64/60
f 66/64/60 46/44/42 64/62/42
f 46/44/42 66/64/60 50/48/45
f 66/64/60 67/65/61 50/48/45
f 67/65/61 66/64/60 68/66/62
f 68/66/62 69/67/63 67/65/61
f 70/68/64 69/67/63 68/66/62
f 70/68/64 71/69/65 69/67/63
f 72/70/66 71/69/65 70/68/64
f 73/27/67 74/71/68 75/72/69
f 74/71/68 73/27/67 76/32/29
f 75/72/70 77/28/25 78/27/24
f 77/28/25 75/72/70 79/73/71
f 79/73/71 80/74/72 77/28/25
f 81/33/73 77/28/25 80/74/72
f 82/40/74 83/75/75 84/76/76
f 83/75/75 82/40/74 85/38/77
f 86/77/78 82/40/74 84/76/76
f 82/40/74 86/77/78 87/42/41
f 88/38/37 89/78/79 83/75/75
f 89/78/79 88/38/37 90/36/35
f 91/79/80 92/80/81 93/81/82
f 92/80/81 94/82/83 93/81/82
f 95/81/84 96/83/85 91/79/86
f 96/83/85 95/81/84 97/84/87
f 92/80/88 98/85/89 99/82/90
f 98/85/89 100/86/91 99/82/90
f 98/85/89 101/87/92 102/88/93
f 101/87/92 98/85/89 103/80/88
f 103/80/81 104/89/94 105/87/95
f 104/89/94 103/80/81 106/79/80
f 107/83/85 108/89/96 106/79/86
f 108/89/96 107/83/85 109/90/97
f 110/91/98 111/92/99 112/93/100
f 111/92/99 110/91/98 113/94/101
f 114/95/102 112/93/103 115/92/104
f 112/93/103 114/95/102 116/96/105
f 117/95/106 118/97/107 116/96/108
f 118/97/107 117/95/106 119/98/109
f 120/99/110 121/91/111 122/93/100
f 121/91/111 120/99/110 123/100/112
f 122/93/103 124/101/71 125/99/110
f 124/101/71 122/93/103 126/96/105
f 126/96/105 127/97/107 124/101/71
f 128/102/113 124/101/71 127/97/107
f 129/92/99 130/47/114 131/95/102
f 130/47/114 129/92/99 132/49/115
f 133/82/83 134/60/57 135/81/82
f 134/60/57 133/82/83 136/61/116
f 137/103/33 138/104/117 139/105/118
f 139/105/118 140/106/119 137/103/33
f 141/107/120 142/108/121 143/109/122
f 142/108/121 141/107/120 144/110/123
f 145/111/124 146/112/125 147/113/126
f 146/112/125 148/114/127 147/113/126
f 149/115/40 150/116/128 151/117/129
f 150/116/128 149/115/40 152/118/130
f 153/119/131 154/102/132 155/120/133
f 156/97/134 155/120/133 154/102/132
f 157/105/118 158/104/117 159/121/135
f 160/122/136 159/121/135 158/104/117
f 161/100/137 162/123/138 163/91/139
f 162/123/138 161/100/137 164/124/140
f 165/116/128 166/118/130 167/125/141
f 167/125/141 166/118/130 168/126/142
f 169/110/123 170/127/143 171/128/137
f 170/127/143 169/110/123 172/107/120
f 173/129/144 174/90/142 175/130/145
f 175/130/145 174/90/142 176/83/146
f 177/88/93 178/131/147 179/85/89
f 178/131/147 177/88/93 180/132/148
f 181/114/149 182/133/148 183/134/150
f 182/133/148 181/114/149 184/112/151
f 185/86/152 186/68/64 187/66/153
f 185/86/152 188/135/154 186/68/64
f 189/67/155 190/98/156 191/65/157
f 190/98/156 189/67/155 192/136/158
f 193/56/159 194/84/160 195/54/161
f 194/84/160 193/56/159 196/137/162
f 197/84/163 198/60/57 199/59/164
f 198/60/57 197/84/163 200/81/165
f 201/94/166 202/49/46 203/92/99
f 202/49/46 201/94/166 204/50/47
f 205/61/167 206/86/152 207/63/59
f 206/86/152 205/61/167 208/82/90
f 209/53/50 210/94/101 211/55/168
f 212/138/169 211/55/168 210/94/101
f 213/57/170 212/138/171 214/139/172
f 215/55/52 212/138/171 213/57/170
f 216/140/173 217/141/174 218/142/175
f 218/142/175 217/141/174 219/143/65
f 220/144/176 221/145/177 222/146/178
f 221/145/177 220/144/176 223/147/179
f 224/47/180 225/98/181 226/95/182
f 227/46/183 225/98/181 224/47/180
f 228/148/184 229/142/185 230/149/186
f 229/142/185 228/148/184 231/140/187
f 232/147/188 233/150/189 234/145/190
f 233/150/189 232/147/188 235/151/191
f 236/152/192 237/143/193 238/141/194
f 237/143/193 236/152/192 239/153/195
f 240/154/196 241/144/197 242/155/198
f 241/144/197 243/146/199 242/155/198
f 244/137/200 245/58/55 246/156/201
f 245/58/55 244/137/200 247/56/53
f 248/157/202 249/70/185 250/135/154
f 250/135/154 249/70/185 251/68/64
f 252/69/203 253/136/158 254/67/63
f 253/136/158 252/69/203 255/158/204
f 256/138/169 257/91/205 258/123/206
f 257/91/205 256/138/169 259/94/101
f 258/123/207 260/139/208 261/138/169
f 262/124/209 260/139/208 258/123/207
f 263/97/210 264/98/109 265/136/158
f 263/97/210 265/136/158 266/120/133
f 266/120/211 267/158/204 268/119/131
f 267/158/204 266/120/211 269/136/158
f 270/85/89 271/135/154 272/86/91
f 271/135/154 270/85/89 273/131/212
f 274/84/213 275/137/200 276/83/146
f 276/83/146 275/137/200 277/130/145
f 278/63/59 279/66/153 280/64/60
f 279/66/153 278/63/59 281/86/152
f 282/52/49 283/54/214 284/59/164
f 285/84/160 284/59/164 283/54/214
f 286/98/181 287/46/43 288/65/157
f 289/48/215 288/65/157 287/46/43
f 290/53/50 291/50/47 292/94/166
f 291/50/47 290/53/50 293/51/216
f 294/107/217 295/159/218 296/127/143
f 296/127/143 295/159/218 297/160/219
f 298/161/220 299/121/221 300/162/222
f 299/121/221 298/161/220 301/105/223
f 302/151/191 303/163/224 304/150/225
f 303/163/224 302/151/191 305/164/209
f 306/152/222 307/165/226 308/153/227
f 308/153/227 307/165/226 309/166/131
f 310/112/151 311/167/228 312/133/148
f 312/133/148 311/167/228 313/168/229
f 314/169/230 315/125/231 316/170/232
f 315/125/231 314/169/230 317/116/233
f 318/171/148 319/149/186 320/172/234
f 319/149/186 318/171/148 321/148/235
f 322/173/144 323/154/196 324/174/236
f 324/174/236 323/154/196 325/155/237
f 326/132/148 327/157/202 328/131/147
f 328/131/147 327/157/202 329/135/154
f 330/175/238 331/176/239 332/177/240
f 332/177/240 333/178/241 330/175/238
f 332/177/240 334/179/242 333/178/241
f 331/176/239 335/180/240 332/177/240
f 336/181/243 335/180/240 331/176/239
f 334/179/242 332/177/240 337/182/240
f 338/183/244 334/179/242 337/182/240
f 337/182/240 339/184/245 338/183/244
f 332/177/240 340/185/240 337/182/240
f 340/185/240 339/184/245 337/182/240
f 340/185/240 332/177/240 335/180/240
f 339/184/245 340/185/240 341/186/246
f 342/187/240 341/186/246 340/185/240
f 335/180/240 342/187/240 340/185/240
f 341/186/246 342/187/240 343/188/247
f 342/187/240 344/189/248 343/188/247
f 342/187/240 335/180/240 345/190/240
f 336/181/243 345/190/240 335/180/240
f 344/189/248 342/187/240 346/191/240
f 345/190/240 336/181/243 347/192/249
f 345/190/240 346/191/240 342/187/240
f 348/193/250 345/190/240 347/192/249
f 346/191/240 349/194/251 344/189/248
f 345/190/240 348/193/250 350/195/240
f 346/191/240 345/190/240 350/195/240
f 351/196/252 350/195/240 348/193/250
f 350/195/240 351/196/252 352/197/240
f 352/197/240 346/191/240 350/195/240
f 353/198/253 352/197/240 351/196/252
f 352/197/240 353/198/253 354/199/240
f 355/200/240 352/197/240 354/199/240
f 346/191/240 352/197/240 356/201/240
f 352/197/240 355/200/240 356/201/240
f 349/194/251 346/191/240 356/201/240
f 355/200/240 357/202/254 356/201/240
f 349/194/251 356/201/240 357/202/254
f 358/156/255 359/130/256 360/137/200
f 359/130/256 358/156/255 361/129/144
f 362/203/257 363/204/258 364/205/259
f 365/206/260 364/205/259 363/204/258
f 364/205/259 366/207/261 362/203/257
f 364/205/259 365/206/260 367/208/259
f 365/206/260 368/209/262 367/208/259
f 366/207/261 364/205/259 369/210/259
f 366/207/261 369/210/259 370/211/263
f 371/212/264 370/211/263 369/210/259
f 364/205/259 372/213/259 369/210/259
f 372/213/259 371/212/264 369/210/259
f 367/208/259 372/213/259 364/205/259
f 371/212/264 372/213/259 373/214/265
f 367/208/259 368/209/262 374/215/259
f 368/209/262 375/216/266 374/215/259
f 372/213/259 367/208/259 376/217/259
f 376/217/259 373/214/265 372/213/259
f 374/215/259 376/217/259 367/208/259
f 373/214/265 376/217/259 377/218/267
f 378/219/268 374/215/259 375/216/266
f 377/218/267 376/217/259 379/220/269
f 376/217/259 380/221/259 379/220/269
f 376/217/259 374/215/259 380/221/259
f 379/220/269 380/221/259 381/222/33
f 374/215/259 378/219/268 382/223/259
f 382/223/259 380/221/259 374/215/259
f 383/224/121 382/223/259 378/219/268
f 382/223/259 383/224/121 384/225/259
f 384/225/259 380/221/259 382/223/259
f 384/225/259 383/224/121 385/226/270
f 385/226/270 386/227/259 384/225/259
f 387/228/259 384/225/259 386/227/259
f 380/221/259 384/225/259 388/229/259
f 388/229/259 384/225/259 387/228/259
f 380/221/259 388/229/259 381/222/33
f 388/229/259 387/228/259 389/230/30
f 389/230/30 381/222/33 388/229/259
f 390/231/271 391/232/272 392/233/273
f 393/234/274 391/232/272 390/231/271
f 391/232/272 393/234/274 394/235/275
f 392/233/273 391/232/272 395/236/276
f 392/233/273 395/236/276 396/167/277
f 396/167/277 395/236/276 397/237/278
f 398/168/279 397/237/278 399/238/280
f 400/167/281 397/237/278 398/168/279
f 401/232/272 402/239/282 395/236/276
f 403/235/275 402/239/282 401/232/272
f 402/239/282 403/235/275 404/240/283
f 395/236/276 402/239/282 405/241/284
f 395/236/276 405/241/284 406/237/278
f 406/237/278 405/241/284 407/242/285
f 406/237/278 407/242/285 408/238/286
f 408/238/286 407/242/285 409/243/287
f 410/239/288 411/244/289 405/241/290
f 405/241/290 411/244/289 412/245/291
f 405/241/290 412/245/291 413/242/285
f 414/239/282 415/246/292 411/244/293
f 416/240/283 415/246/292 414/239/282
f 413/242/285 412/245/291 417/161/294
f 418/162/222 413/242/285 417/161/294
f 413/242/285 418/162/222 419/243/287
f 420/247/295 421/161/294 412/245/291
f 421/161/294 420/247/295 422/105/223
f 423/244/289 420/247/295 412/245/291
f 420/247/295 423/244/289 424/248/296
f 425/249/297 420/247/295 426/248/296
f 420/247/295 425/249/297 427/250/267
f 420/247/295 427/250/267 428/106/119
f 428/106/119 429/105/298 420/247/295
f 430/251/299 431/252/300 432/253/301
f 432/253/301 431/252/300 433/254/302
f 434/255/303 432/253/301 433/254/302
f 432/253/301 434/255/303 435/256/304
f 430/251/299 436/159/305 431/252/300
f 437/257/306 436/159/305 430/251/299
f 437/257/306 438/160/307 436/159/305
f 439/258/308 438/160/307 437/257/306
f 440/259/309 430/251/299 441/253/301
f 440/259/309 441/253/301 442/260/310
f 442/260/310 441/253/301 443/256/311
f 444/261/312 430/251/299 440/259/309
f 444/261/312 445/257/313 430/251/299
f 446/262/314 445/257/313 444/261/312
f 447/263/315 445/257/313 446/262/314
f 445/257/313 447/263/315 448/258/316
f 449/264/317 444/261/312 450/259/309
f 449/264/317 450/259/309 451/265/318
f 451/265/318 450/259/309 452/260/310
f 453/266/319 444/261/312 449/264/317
f 453/266/319 454/262/314 444/261/312
f 455/169/230 454/262/314 453/266/319
f 456/170/320 454/262/314 455/169/230
f 454/262/314 456/170/320 457/263/315
f 458/267/321 459/169/230 453/266/319
f 459/169/230 458/267/321 460/116/233
f 458/267/321 453/266/319 461/264/317
f 462/268/322 458/267/321 461/264/317
f 458/267/321 463/117/323 464/116/233
f 463/117/323 458/267/321 465/269/324
f 465/269/324 458/267/321 466/270/325
f 466/270/325 458/267/321 467/268/322
f 468/271/326 469/231/271 392/233/273
f 469/231/271 468/271/326 470/272/327
f 468/271/326 392/233/273 471/167/277
f 472/112/328 468/271/326 471/167/277
f 468/271/326 473/273/329 474/272/330
f 473/273/329 468/271/326 475/274/249
f 475/274/249 468/271/326 476/111/331
f 476/111/331 468/271/326 477/112/328
f 478/275/332 479/276/333 480/277/334
f 480/277/334 481/278/335 478/275/332
f 479/276/333 482/279/336 483/280/337
f 484/281/338 483/280/337 482/279/336
f 480/277/334 485/109/122 481/278/335
f 485/109/122 480/277/334 486/107/339
f 487/254/302 480/277/334 488/276/333
f 480/277/334 487/254/302 431/252/340
f 489/159/305 480/277/334 431/252/340
f 480/277/334 489/159/305 490/107/339
f 491/282/341 492/283/342 493/284/343
f 492/283/342 491/282/341 494/285/344
f 495/286/345 496/287/346 497/288/347
f 496/287/346 495/286/345 498/289/348
f 499/290/348 496/287/346 498/289/348
f 496/287/346 499/290/348 500/291/349
f 501/292/350 500/291/349 499/290/348
f 500/291/349 501/292/350 502/293/351
f 503/294/352 502/293/351 501/292/350
f 501/292/350 504/295/353 503/294/352
f 505/296/354 503/294/352 504/295/353
f 506/297/355 503/294/352 505/296/354
f 507/298/356 506/297/355 505/296/354
f 508/299/357 506/297/355 507/298/356
f 509/300/358 510/301/359 511/302/360
f 511/302/360 510/301/359 512/303/361
f 513/304/362 508/299/357 507/298/356
f 508/299/357 513/304/362 514/305/363
f 515/304/364 507/298/365 516/306/366
f 516/306/366 517/307/367 515/304/364
f 507/298/365 518/296/354 516/306/366
f 516/306/366 518/296/354 519/308/368
f 518/296/354 520/309/369 519/308/368
f 520/309/369 518/296/354 521/295/370
f 522/310/371 520/309/369 521/295/370
f 521/295/370 501/292/372 522/310/371
f 523/290/373 522/310/371 501/292/372
f 522/310/371 523/290/373 524/311/374
f 525/289/375 524/311/374 523/290/373
f 524/311/374 525/289/375 526/312/376
f 525/289/375 527/286/377 526/312/376
f 526/312/376 527/286/377 528/313/378
f 529/314/379 528/313/378 527/286/377
f 528/313/378 529/314/379 530/315/380
f 531/316/381 530/315/380 529/314/379
f 530/315/380 531/316/381 532/317/382
f 533/318/383 532/317/384 534/316/385
f 532/317/384 533/318/383 535/319/386
f 535/319/386 533/318/383 536/320/387
f 535/319/386 536/320/387 537/321/388
f 537/321/389 538/320/387 539/322/390
f 540/323/391 539/322/390 538/320/387
f 541/322/392 540/323/391 542/324/393
f 543/325/11 542/324/393 540/323/391
f 544/326/394 545/327/395 546/328/396
f 547/329/397 546/328/396 545/327/395
f 547/329/397 545/327/395 548/330/398
f 548/330/398 549/331/399 547/329/397
f 549/331/399 548/330/398 550/332/400
f 550/332/400 551/333/401 549/331/399
f 551/333/401 550/332/400 552/334/402
f 550/332/400 553/335/402 552/334/402
f 550/332/400 554/336/403 553/335/402
f 553/335/402 554/336/403 555/337/404
f 556/338/405 555/337/404 554/336/403
f 554/336/403 557/339/405 556/338/405
f 557/339/405 554/336/403 558/340/406
f 558/340/406 559/341/407 557/339/405
f 558/340/406 560/342/405 559/341/407
f 561/343/408 562/344/409 563/345/410
f 564/346/411 562/344/409 561/343/408
f 562/344/409 564/346/411 565/347/412
f 564/346/411 566/348/413 565/347/412
f 567/349/414 565/347/412 566/348/413
f 568/350/415 567/349/414 566/348/413
f 567/349/414 568/350/415 569/351/416
f 569/351/416 570/352/416 567/349/414
f 571/353/417 567/349/414 570/352/416
f 570/352/416 572/354/418 571/353/417
f 573/355/419 571/353/417 572/354/418
f 574/356/419 571/353/417 573/355/419
f 575/357/420 571/353/417 574/356/419
f 574/356/419 576/358/419 575/357/420
f 576/358/419 577/359/419 575/357/420
f 578/348/421 579/360/422 580/361/423
f 580/361/423 581/362/424 578/348/421
f 581/362/424 580/361/423 582/363/425
f 578/348/421 581/362/424 583/364/424
f 583/364/424 568/350/415 578/348/421
f 584/365/426 585/366/427 586/367/428
f 585/366/427 584/365/426 587/368/429
f 588/369/430 589/365/431 586/367/428
f 589/365/431 588/369/430 590/370/432
f 591/371/1 590/370/433 592/369/434
f 590/370/433 591/371/1 593/372/435
f 594/373/436 587/368/429 595/374/437
f 587/368/429 594/373/436 596/366/438
f 597/375/439 594/373/436 598/374/437
f 598/374/437 599/376/440 597/375/439
f 597/375/439 599/376/440 600/377/441
f 601/378/442 600/377/441 599/376/440
f 601/378/442 602/379/443 600/377/441
f 602/379/443 601/378/442 603/380/444
f 604/381/445 602/379/443 603/380/444
f 603/380/444 605/382/446 604/381/445
f 604/381/445 605/382/446 606/383/395
f 605/382/446 607/384/447 606/383/395
f 608/385/448 606/383/395 607/384/447
f 606/383/395 608/385/448 609/386/449
f 608/385/448 610/387/450 609/386/449
f 610/387/450 611/388/451 609/386/449
f 610/387/450 612/389/452 611/388/451
f 612/389/452 610/387/450 613/390/453
f 614/391/454 612/389/452 613/390/453
f 612/389/452 614/391/454 615/392/406
f 613/390/455 616/393/456 617/391/457
f 616/393/456 613/390/455 618/394/458
f 619/387/450 618/394/458 613/390/455
f 620/395/459 618/394/458 619/387/450
f 621/385/460 620/395/459 619/387/450
f 622/396/461 620/395/459 621/385/460
f 621/385/460 623/397/462 622/396/461
f 623/397/462 621/385/460 607/384/463
f 624/382/464 623/397/462 607/384/463
f 623/397/462 624/382/464 625/398/465
f 626/380/466 625/398/465 624/382/464
f 627/399/467 628/400/468 629/401/469
f 627/399/467 629/401/469 630/402/470
f 631/399/471 632/403/472 628/400/473
f 632/403/472 631/399/471 633/404/474
f 633/404/475 634/405/476 635/403/472
f 634/405/476 633/404/475 636/406/2
f 637/407/477 630/402/470 638/401/478
f 630/402/470 637/407/477 639/408/479
f 640/409/480 641/408/481 637/407/482
f 641/408/481 640/409/480 642/410/483
f 643/411/484 642/410/483 640/409/480
f 642/410/483 643/411/484 644/412/485
f 643/411/484 645/413/486 644/412/485
f 644/412/485 645/413/486 646/414/487
f 647/415/488 646/414/487 645/413/486
f 646/414/487 647/415/488 648/398/489
f 649/416/409 648/398/489 647/415/488
f 648/398/489 649/416/409 623/397/462
f 649/416/409 650/396/490 623/397/462
f 650/396/490 649/416/409 651/417/491
f 651/417/491 652/395/492 650/396/490
f 652/395/492 651/417/491 653/418/493
f 653/418/493 654/419/494 652/395/492
f 652/395/492 654/419/494 618/394/495
f 654/419/494 655/393/496 618/394/495
f 655/393/496 654/419/494 656/420/420
f 657/421/497 658/22/21 659/422/498
f 658/22/21 657/421/497 23/23/499
f 657/421/497 659/422/498 660/423/500
f 661/424/501 660/423/500 659/422/498
f 661/424/501 662/425/502 660/423/500
f 662/425/502 661/424/501 663/426/503
f 663/426/503 664/427/504 662/425/502
f 664/427/504 663/426/503 665/288/505
f 665/288/505 666/428/506 664/427/504
f 666/428/506 665/288/505 667/287/349
f 667/287/349 668/429/507 666/428/506
f 668/429/507 667/287/349 669/291/349
f 669/291/349 670/430/508 668/429/507
f 670/430/508 669/291/349 502/293/509
f 671/294/510 670/430/508 502/293/509
f 670/430/508 671/294/510 672/431/511
f 673/297/355 672/431/511 671/294/510
f 674/432/512 672/431/511 673/297/355
f 673/297/355 675/433/513 674/432/512
f 675/433/513 673/297/355 508/299/514
f 676/305/515 675/433/513 508/299/514
f 675/433/513 676/305/515 677/434/516
f 558/340/406 678/435/517 560/342/405
f 678/435/517 558/340/406 679/436/518
f 678/435/517 679/436/518 680/437/519
f 681/438/520 680/437/519 679/436/518
f 681/438/520 682/439/519 680/437/519
f 681/438/520 683/440/521 682/439/519
f 684/441/522 683/440/523 685/438/520
f 683/440/523 684/441/522 686/442/524
f 687/443/524 686/442/524 684/441/522
f 688/444/524 687/443/524 684/441/522
f 684/441/522 689/445/525 688/444/524
f 688/444/524 689/445/525 690/446/524
f 690/446/524 689/445/525 691/447/526
f 689/445/525 692/448/527 691/447/526
f 689/445/525 693/449/528 692/448/527
f 694/450/527 692/448/527 693/449/528
f 693/449/528 695/451/529 694/450/527
f 695/451/529 693/449/528 696/452/530
f 697/453/531 696/452/530 693/449/528
f 696/452/530 697/453/531 698/454/532
f 699/455/371 698/454/532 697/453/531
f 698/454/532 699/455/371 700/456/533
f 699/455/371 701/457/534 700/456/533
f 699/455/371 702/458/535 701/457/534
f 702/458/535 703/459/534 701/457/534
f 702/458/535 704/460/536 703/459/534
f 704/460/536 705/461/537 703/459/534
f 705/461/537 704/460/536 706/462/538
f 706/462/538 707/463/539 705/461/537
f 708/464/540 707/463/539 706/462/538
f 709/464/541 710/465/542 707/463/539
f 709/464/541 711/466/543 710/465/542
f 711/466/543 712/467/544 713/465/542
f 714/468/545 712/467/544 711/466/543
f 714/468/545 715/469/546 712/467/544
f 715/469/546 714/468/545 716/470/389
f 717/471/392 715/469/546 716/470/389
f 715/469/546 717/471/392 718/472/547
f 718/472/548 719/473/393 720/474/8
f 719/473/393 718/472/548 721/471/392
f 722/475/549 575/357/420 577/359/419
f 575/357/420 722/475/549 723/476/549
f 724/477/550 723/476/549 722/475/549
f 724/477/550 725/478/551 723/476/549
f 724/477/550 726/479/552 725/478/551
f 726/479/552 727/480/553 725/478/551
f 727/480/554 728/481/555 729/478/556
f 728/481/555 727/480/554 730/482/557
f 728/481/555 730/482/557 731/483/558
f 728/481/555 731/483/558 732/484/558
f 732/484/558 733/485/559 728/481/555
f 733/485/559 732/484/558 734/486/558
f 733/485/559 734/486/558 735/487/560
f 736/488/561 733/485/559 735/487/560
f 737/489/562 733/485/559 736/488/561
f 737/489/562 736/488/561 738/490/561
f 582/363/425 737/489/562 738/490/561
f 737/489/562 582/363/425 739/361/563
f 739/361/563 740/491/564 737/489/562
f 740/491/564 739/361/563 741/360/565
f 742/492/508 740/491/564 741/360/565
f 742/492/508 741/360/565 743/493/566
f 744/494/567 742/492/508 743/493/566
f 742/492/508 744/494/567 745/495/568
f 746/496/567 745/495/568 744/494/567
f 745/495/568 746/496/567 747/497/569
f 746/496/567 748/498/570 747/497/569
f 749/499/571 747/497/569 748/498/570
f 750/500/572 749/499/571 748/498/570
f 749/499/571 750/500/572 751/501/573
f 752/502/574 753/501/573 750/500/572
f 753/501/573 752/502/574 754/503/575
f 755/504/576 754/503/577 756/502/578
f 754/503/577 755/504/576 757/505/579
f 758/506/580 757/505/579 755/504/576
f 757/505/579 758/506/580 759/507/581
f 760/508/582 759/507/581 758/506/580
f 760/508/582 758/506/580 761/509/583
f 762/510/9 761/509/584 763/511/7
f 764/508/582 761/509/584 762/510/9
f 765/512/585 766/513/586 767/514/587
f 768/515/588 767/514/587 766/513/586
f 769/516/589 770/512/359 767/514/590
f 770/512/359 769/516/589 771/517/591
f 772/518/592 773/519/593 774/520/594
f 774/520/594 773/519/593 775/521/595
f 772/518/592 774/520/594 776/522/596
f 775/521/595 773/519/593 777/523/597
f 775/521/595 777/523/597 778/524/598
f 778/524/598 777/523/597 779/525/599
f 779/525/599 780/526/600 778/524/598
f 781/527/601 780/526/600 779/525/599
f 782/528/602 780/526/600 781/527/601
f 780/526/600 782/528/602 783/529/603
f 772/518/592 776/522/596 784/530/604
f 784/530/604 776/522/596 785/531/605
f 784/530/604 785/531/605 786/532/606
f 786/532/606 785/531/605 787/533/607
f 788/534/608 786/532/606 787/533/607
f 786/532/606 788/534/608 789/535/609
f 789/535/609 788/534/608 790/536/610
f 790/536/610 788/534/608 791/537/611
f 790/536/610 791/537/611 792/538/612
f 792/538/612 791/537/611 793/539/613
f 794/540/614 792/538/612 793/539/613
f 792/538/612 794/540/614 795/541/615
f 796/542/616 797/533/617 785/531/618
f 797/533/617 796/542/616 798/543/619
f 785/531/618 799/522/620 796/542/616
f 800/544/621 798/543/619 796/542/616
f 798/543/619 800/544/621 801/545/622
f 796/542/616 799/522/620 802/546/623
f 796/542/616 802/546/623 800/544/621
f 800/544/621 802/546/623 803/547/624
f 799/522/620 804/520/625 802/546/623
f 802/546/623 804/520/625 805/548/626
f 802/546/623 805/548/626 806/547/624
f 806/547/624 805/548/626 807/549/627
f 808/550/628 809/551/629 810/552/630
f 811/553/631 810/552/630 809/551/629
f 811/553/631 809/551/629 812/554/632
f 813/555/633 808/550/628 810/552/630
f 812/554/632 814/556/634 811/553/631
f 814/556/634 812/554/632 815/557/635
f 814/556/634 815/557/635 816/558/636
f 816/558/636 815/557/635 817/559/637
f 817/559/637 818/560/638 816/558/636
f 817/559/637 819/561/639 818/560/638
f 819/561/639 817/559/637 820/562/640
f 808/550/628 813/555/633 821/563/641
f 822/564/642 821/563/641 813/555/633
f 821/563/641 822/564/642 823/565/643
f 822/564/642 824/566/644 823/565/643
f 824/566/644 822/564/642 825/567/645
f 824/566/644 825/567/645 826/568/646
f 824/566/644 826/568/646 827/569/647
f 828/570/648 827/569/647 826/568/646
f 827/569/647 828/570/648 829/571/649
f 828/570/648 830/572/650 829/571/649
f 830/572/650 828/570/648 831/573/651
f 832/565/643 833/574/652 821/563/653
f 833/574/652 834/550/628 821/563/653
f 833/574/652 832/565/643 835/575/654
f 835/575/654 836/576/655 833/574/652
f 836/576/655 835/575/654 837/577/656
f 834/550/628 833/574/652 838/578/657
f 838/578/657 833/574/652 836/576/655
f 836/576/655 839/579/658 838/578/657
f 838/578/657 840/551/659 834/550/628
f 840/551/659 838/578/657 841/580/660
f 841/580/660 838/578/657 842/579/658
f 842/579/658 843/581/661 841/580/660
f 844/467/662 845/582/663 846/583/664
f 845/582/663 844/467/662 847/469/665
f 844/467/662 846/583/664 848/465/666
f 849/472/667 845/582/663 847/469/665
f 848/465/666 846/583/664 850/584/668
f 845/582/663 849/472/667 851/19/669
f 852/474/670 851/19/669 849/472/667
f 851/19/669 852/474/670 853/17/17
f 854/463/671 848/465/666 850/584/668
f 854/463/671 850/584/668 855/585/672
f 854/463/671 855/585/672 856/461/673
f 856/461/673 855/585/672 857/586/674
f 857/586/674 858/459/675 856/461/673
f 858/459/675 857/586/674 859/587/676
f 860/457/675 858/459/675 859/587/676
f 860/457/675 859/587/676 861/326/676
f 860/457/675 861/326/676 700/456/533
f 700/456/533 861/326/676 546/328/677
f 862/329/678 700/456/533 546/328/677
f 700/456/533 862/329/678 863/454/679
f 864/331/680 863/454/679 862/329/678
f 863/454/679 864/331/680 865/452/681
f 866/588/682 865/452/681 864/331/680
f 865/452/681 866/588/682 695/451/529
f 866/588/682 864/331/680 867/589/682
f 867/589/682 864/331/680 551/333/683
f 625/398/465 626/380/466 868/414/684
f 626/380/466 869/412/685 868/414/684
f 869/412/685 626/380/466 870/378/686
f 869/412/685 870/378/686 871/410/687
f 872/376/688 871/410/687 870/378/686
f 873/408/689 871/410/687 872/376/688
f 874/374/690 873/408/689 872/376/688
f 874/374/690 875/402/691 873/408/689
f 875/402/691 874/374/690 876/368/692
f 876/368/692 877/399/467 875/402/691
f 877/399/467 876/368/692 878/365/426
f 878/365/426 879/404/474 877/399/467
f 879/404/474 878/365/426 880/370/693
f 880/370/693 881/406/2 879/404/474
f 881/406/2 880/370/693 882/372/3
s 0
f 883/228/259 884/227/259 885/226/26
f 885/226/26 886/230/27 883/228/259
s 1
f 887/519/694 888/590/695 889/591/696
f 889/591/696 890/592/697 891/593/698
f 890/592/697 889/591/696 888/590/695
f 888/590/695 887/519/694 892/518/699
f 892/518/699 893/594/700 888/590/695
f 893/594/700 892/518/699 784/530/701
f 784/530/701 894/532/702 893/594/700
f 893/594/700 894/532/702 895/595/703
f 896/596/704 888/590/695 893/594/700
f 895/595/703 896/596/704 893/594/700
f 888/590/695 896/596/704 897/592/697
f 898/597/705 896/596/704 895/595/703
f 899/553/706 900/598/707 901/552/630
f 900/598/707 899/553/706 902/599/708
f 902/599/708 903/600/709 900/598/707
f 903/600/709 902/599/708 904/601/710
f 905/602/711 901/552/630 900/598/707
f 901/552/630 905/602/711 813/555/633
f 905/602/711 906/564/642 813/555/633
f 905/602/711 907/603/712 906/564/642
f 900/598/707 908/604/713 905/602/711
f 905/602/711 908/604/713 907/603/712
f 908/604/713 900/598/707 909/600/709
f 908/604/713 910/605/714 907/603/712
f 743/493/566 579/360/422 911/346/715
f 743/493/566 911/346/715 561/343/408
f 912/345/716 743/493/566 561/343/408
f 579/360/422 578/348/421 911/346/715
f 743/493/566 912/345/716 913/494/717
f 914/606/716 913/494/717 912/345/716
f 913/494/717 914/606/716 915/496/717
f 914/606/716 916/607/718 915/496/717
f 917/498/719 915/496/717 916/607/718
f 918/608/720 917/498/719 916/607/718
f 917/498/719 918/608/720 919/500/721
f 920/609/722 919/500/721 918/608/720
f 919/500/721 920/609/722 921/502/723
f 922/610/724 921/502/723 920/609/722
f 921/502/723 922/610/724 923/504/725
f 924/611/726 923/504/725 922/610/724
f 923/504/725 924/611/726 925/506/727
f 925/506/727 924/611/726 926/509/584
f 926/509/584 924/611/726 927/13/728
f 926/509/584 927/13/728 928/511/729
f 928/511/729 927/13/728 929/15/6
f 930/612/730 931/613/731 932/614/732
f 932/614/732 931/613/731 933/615/733
f 934/616/734 935/612/730 932/614/732
f 935/612/730 934/616/734 936/617/735
f 937/618/736 938/619/737 939/620/738
f 938/619/737 937/618/736 940/621/739
f 941/621/740 942/622/741 938/619/737
f 942/622/741 941/621/740 943/623/742
f 944/624/743 945/625/744 946/626/745
f 946/626/745 947/627/746 944/624/743
f 946/626/745 945/625/744 948/628/747
f 945/625/744 949/629/748 948/628/747
f 947/627/746 946/626/745 950/630/240
f 950/630/240 951/631/749 947/627/746
f 946/626/745 948/628/747 952/632/240
f 946/626/745 952/632/240 953/633/750
f 954/634/240 946/626/745 953/633/750
f 950/630/240 946/626/745 954/634/240
f 955/635/751 952/632/240 948/628/747
f 951/631/749 950/630/240 956/636/752
f 954/634/240 956/636/752 950/630/240
f 956/636/752 957/637/753 951/631/749
f 956/636/752 954/634/240 958/638/752
f 957/637/753 956/636/752 959/639/754
f 958/638/752 959/639/754 956/636/752
f 959/639/754 960/640/755 957/637/753
f 959/639/754 958/638/752 961/641/756
f 960/640/755 959/639/754 962/642/757
f 962/642/757 959/639/754 961/641/756
f 962/642/757 961/641/756 963/643/758
f 962/642/757 963/643/758 964/644/759
f 955/635/751 948/628/747 965/645/760
f 948/628/747 949/629/748 965/645/760
f 966/646/603 965/645/760 949/629/748
f 965/645/760 967/647/761 955/635/751
f 968/648/762 965/645/760 966/646/603
f 968/648/762 967/647/761 965/645/760
f 967/647/761 968/648/762 969/649/763
f 968/648/762 970/650/764 969/649/763
f 971/651/745 972/652/765 973/653/766
f 974/654/767 971/651/745 973/653/766
f 972/652/765 971/651/745 975/655/747
f 975/655/747 976/656/768 972/652/765
f 977/657/240 971/651/745 974/654/767
f 978/658/769 977/657/240 974/654/767
f 975/655/747 971/651/745 979/659/240
f 979/659/240 971/651/745 980/660/750
f 971/651/745 981/661/240 980/660/750
f 981/661/240 971/651/745 977/657/240
f 979/659/240 982/662/751 975/655/747
f 983/663/752 981/661/240 977/657/240
f 983/663/752 977/657/240 978/658/769
f 981/661/240 983/663/752 984/664/752
f 985/665/770 983/663/752 978/658/769
f 982/662/751 986/666/760 975/655/747
f 976/656/768 975/655/747 986/666/760
f 987/667/771 976/656/768 986/666/760
f 986/666/760 982/662/751 988/668/772
f 986/666/760 989/669/762 987/667/771
f 989/669/762 986/666/760 988/668/772
f 990/670/763 989/669/762 988/668/772
f 989/669/762 990/670/763 991/671/773
f 992/672/754 983/663/752 985/665/770
f 992/672/754 984/664/752 983/663/752
f 993/673/774 992/672/754 985/665/770
f 984/664/752 992/672/754 994/674/775
f 995/675/757 992/672/754 993/673/774
f 995/675/757 994/674/775 992/672/754
f 994/674/775 995/675/757 996/676/776
f 995/675/757 997/677/777 996/676/776
f 998/678/778 999/679/779 1000/680/780
f 999/679/779 998/678/778 1001/681/781
f 1002/682/782 998/678/778 1000/680/780
f 998/678/778 1002/682/782 1003/683/783
f 1004/684/784 1003/683/785 1005/682/786
f 1003/683/785 1004/684/784 1006/685/787
f 1007/686/788 1008/514/789 1009/515/790
f 1008/514/789 1007/686/788 1010/687/791
f 1010/687/791 1011/516/792 1008/514/789
f 1012/688/793 1011/516/792 1010/687/791
f 1012/688/793 1013/689/794 1011/516/792
f 1014/690/795 1013/689/794 1012/688/793
f 1015/691/796 1016/692/797 1017/693/798
f 1016/692/797 1015/691/796 1018/694/799
f 1017/693/798 1019/695/800 1015/691/796
f 1018/694/799 1020/696/801 1016/692/797
f 1019/695/800 1017/693/798 1021/697/802
f 1022/698/803 1019/695/800 1021/697/802
f 1021/697/802 1023/699/804 1022/698/803
f 1024/700/805 1021/697/802 1017/693/798
f 1021/697/802 1024/700/805 1025/701/806
f 1023/699/804 1021/697/802 1025/701/806
f 1017/693/798 1026/702/259 1024/700/805
f 1027/703/807 1023/699/804 1025/701/806
f 1023/699/804 1027/703/807 1028/704/808
f 1017/693/798 1016/692/797 1026/702/259
f 1026/702/259 1016/692/797 1029/705/809
f 1016/692/797 1030/706/259 1029/705/809
f 1016/692/797 1020/696/801 1031/707/259
f 1030/706/259 1016/692/797 1031/707/259
f 1020/696/801 1032/708/810 1031/707/259
f 1031/707/259 1033/709/811 1030/706/259
f 1031/707/259 1032/708/810 1033/709/811
f 1033/709/811 1034/710/811 1030/706/259
f 1032/708/810 1035/711/812 1033/709/811
f 1033/709/811 1036/712/813 1034/710/811
f 1033/709/811 1035/711/812 1036/712/813
f 1035/711/812 1037/713/814 1036/712/813
f 1036/712/813 1038/714/815 1034/710/811
f 1036/712/813 1037/713/814 1039/715/816
f 1039/715/816 1038/714/815 1036/712/813
f 1038/714/815 1039/715/816 1040/716/817
f 1040/716/817 1039/715/816 1041/717/818
f 1042/718/798 1043/719/797 1044/720/819
f 1044/720/819 1043/719/797 1045/721/820
f 1046/722/821 1042/718/798 1044/720/819
f 1043/719/797 1047/723/822 1045/721/820
f 1048/724/802 1042/718/798 1046/722/821
f 1049/725/639 1048/724/802 1046/722/821
f 1048/724/802 1049/725/639 1050/726/804
f 1048/724/802 1051/727/805 1042/718/798
f 1052/728/259 1042/718/798 1051/727/805
f 1043/719/797 1042/718/798 1052/728/259
f 1053/729/823 1051/727/805 1048/724/802
f 1050/726/804 1053/729/823 1048/724/802
f 1053/729/823 1050/726/804 1054/730/824
f 1054/730/824 1050/726/804 1055/731/825
f 1043/719/797 1052/728/259 1056/732/809
f 1056/732/809 1057/733/259 1043/719/797
f 1047/723/822 1043/719/797 1058/734/259
f 1043/719/797 1057/733/259 1058/734/259
f 1058/734/259 1059/735/826 1047/723/822
f 1057/733/259 1060/736/811 1058/734/259
f 1059/735/826 1058/734/259 1060/736/811
f 1060/736/811 1057/733/259 1061/737/811
f 1060/736/811 1062/738/827 1059/735/826
f 1061/737/811 1063/739/813 1060/736/811
f 1062/738/827 1060/736/811 1063/739/813
f 1063/739/813 1064/740/828 1062/738/827
f 1063/739/813 1061/737/811 1065/741/829
f 1064/740/828 1063/739/813 1066/742/816
f 1066/742/816 1063/739/813 1065/741/829
f 1066/742/816 1065/741/829 1067/743/830
f 1067/743/830 1068/744/831 1066/742/816
f 1069/745/832 1070/583/833 1071/582/663
f 1072/746/834 1070/583/833 1069/745/832
f 1071/582/663 1073/747/835 1069/745/832
f 1073/747/835 1071/582/663 1074/20/19
f 19/19/836 1074/20/19 1071/582/663
f 1070/583/833 1072/746/834 1075/584/837
f 1076/748/838 1075/584/837 1072/746/834
f 1075/584/837 1076/748/838 1077/585/839
f 1078/749/840 1077/585/839 1076/748/838
f 1077/585/839 1078/749/840 1079/586/841
f 1080/750/842 1079/586/841 1078/749/840
f 1079/586/841 1080/750/842 1081/587/394
f 1082/751/843 1081/587/394 1080/750/842
f 1081/587/394 1082/751/843 544/326/394
f 545/327/395 544/326/394 1082/751/843
f 1083/611/844 1084/752/845 1085/753/846
f 1086/16/16 1083/611/844 1085/753/846
f 1083/611/844 1086/16/16 13/13/847
f 1084/752/845 1083/611/844 1087/610/848
f 1087/610/848 1088/754/849 1084/752/845
f 1089/609/722 1088/754/849 1087/610/848
f 1089/609/722 1090/755/850 1088/754/849
f 1089/609/722 1091/608/851 1090/755/850
f 1091/608/851 1092/756/852 1090/755/850
f 1093/607/853 1092/756/852 1091/608/851
f 1093/607/853 1094/757/854 1092/756/852
f 1094/757/854 1093/607/853 1095/606/410
f 1095/606/410 1096/758/855 1094/757/854
f 1095/606/410 563/345/410 1096/758/855
f 563/345/410 562/344/409 1096/758/855
f 1097/284/343 1098/283/342 1099/612/730
f 1099/612/730 1098/283/342 1100/613/731
f 1101/617/856 1097/284/343 1099/612/730
f 1097/284/343 1101/617/856 1102/759/857
f 1103/302/858 1104/303/859 1105/618/736
f 1105/618/736 1104/303/859 1106/621/739
f 1107/760/860 1106/621/739 1104/303/859
f 1106/621/739 1107/760/860 1108/623/861
f 1109/422/862 1110/320/387 1111/318/863
f 1110/320/387 1109/422/862 1112/22/864
f 1109/422/862 1111/318/863 1113/424/865
f 1110/320/387 1112/22/864 1114/323/866
f 1115/316/867 1113/424/865 1111/318/863
f 1116/24/868 1114/323/866 1112/22/864
f 1114/323/866 1116/24/868 1117/325/11
f 1118/26/12 1117/325/11 1116/24/868
f 1115/316/867 1119/426/869 1113/424/865
f 1119/426/869 1115/316/867 1120/314/870
f 1120/314/870 497/288/347 1119/426/869
f 497/288/347 1120/314/870 495/286/345
f 1121/761/871 1122/678/872 1123/762/873
f 1122/678/872 1121/761/871 1124/681/781
f 1125/683/874 1126/762/873 1122/678/875
f 1126/762/873 1125/683/874 1127/763/876
f 1125/683/877 1128/685/787 1129/763/876
f 1130/764/878 1129/763/876 1128/685/787
f 1131/687/879 1132/765/344 1133/766/341
f 1132/765/344 1131/687/879 1134/686/788
f 1135/766/341 1136/688/880 1131/687/791
f 1135/766/341 1137/767/881 1136/688/880
f 1138/690/795 1136/688/882 1139/767/883
f 1139/767/883 1140/768/884 1138/690/795
f 1141/680/885 1142/769/738 1143/770/737
f 1142/769/738 1141/680/885 1144/679/779
f 1145/682/886 1141/680/885 1146/770/737
f 1147/771/887 1145/682/886 1146/770/737
f 1148/684/888 1145/682/886 1149/771/889
f 1149/771/889 1150/772/890 1148/684/888
f 1151/759/857 1152/773/881 1153/284/891
f 1152/773/881 1154/282/341 1153/284/891
f 1155/543/892 1156/534/608 1157/533/607
f 1156/534/608 1155/543/892 1158/774/893
f 1159/545/894 1158/774/893 1155/543/892
f 1158/774/893 1159/545/894 1160/775/753
f 1161/575/895 1162/566/896 1163/776/897
f 1162/566/896 1161/575/895 1164/565/643
f 1163/776/897 1165/577/898 1161/575/895
f 1165/577/898 1163/776/897 1166/777/899
f 1167/778/900 1168/595/901 1169/535/902
f 1169/535/902 1168/595/901 1170/532/702
f 1167/778/900 1171/597/903 1168/595/901
f 1171/597/903 1167/778/900 1172/779/812
f 1173/603/904 1174/780/905 1175/567/645
f 1175/567/645 1176/564/642 1173/603/904
f 1177/605/906 1174/780/905 1173/603/904
f 1174/780/905 1177/605/906 1178/781/907
f 1179/303/908 1180/782/909 1181/760/860
f 1180/782/909 1179/303/908 1182/301/910
f 1183/783/911 1184/784/912 1185/785/913
f 1186/786/914 1185/785/913 1184/784/912
f 1187/231/915 1188/787/916 1189/234/917
f 1188/787/916 1187/231/915 1190/272/327
f 1191/788/916 1192/789/918 1193/790/919
f 1192/789/918 1191/788/916 1194/791/918
f 1195/689/794 1196/792/920 1197/517/921
f 1197/517/921 1198/516/589 1195/689/794
f 1199/793/922 1200/794/923 1201/795/924
f 1199/793/922 1201/795/924 1202/796/925
f 1203/797/275 1199/793/922 1202/796/925
f 1199/793/922 1203/797/275 1204/798/926
f 1205/799/927 1206/800/928 1207/801/929
f 1206/800/928 1205/799/927 1208/802/930
f 1209/799/931 1210/803/932 1208/802/930
f 1211/804/933 1210/803/932 1209/799/931
f 1212/805/304 1213/806/934 1214/807/935
f 1213/806/934 1212/805/304 1215/808/936
f 1214/807/935 1213/806/934 1216/809/937
f 1216/809/937 1213/806/934 1217/810/938
f 1218/811/939 1219/812/940 1220/813/941
f 1219/812/940 1218/811/939 1221/814/942
f 1220/813/941 1222/812/940 1223/815/943
f 1223/815/943 1222/812/940 1224/816/944
f 1225/798/945 1226/817/946 1227/793/947
f 1226/817/946 1225/798/945 1228/818/919
f 1229/795/924 1230/811/939 1231/796/925
f 1231/796/925 1230/811/939 1232/813/941
f 1233/815/948 1231/796/925 1232/813/941
f 1231/796/925 1233/815/948 1234/797/949
f 1235/802/950 1236/809/951 1237/800/952
f 1236/809/951 1235/802/950 1238/807/935
f 1235/802/950 1239/805/304 1238/807/935
f 1240/803/310 1239/805/304 1235/802/950
f 1241/819/914 1242/804/953 1243/820/954
f 1243/820/954 1242/804/953 1244/799/955
f 1245/268/956 1246/264/957 1247/821/914
f 1247/821/914 1246/264/957 1248/265/958
f 1249/254/959 1250/280/960 1251/255/961
f 1250/280/960 1249/254/959 1252/276/333
f 1253/808/962 1254/822/963 1255/806/964
f 1254/822/963 1253/808/962 1256/823/965
f 1257/248/296 1258/244/966 1259/824/967
f 1259/824/967 1258/244/966 1260/246/292
f 1261/791/918 1262/825/968 1263/789/918
f 1263/789/918 1262/825/968 1264/826/969
f 1265/825/970 1266/827/971 1264/826/968
f 1266/827/971 1265/825/970 1267/828/972
f 1267/828/972 1268/829/973 1266/827/971
f 1268/829/973 1267/828/972 1269/830/974
f 1270/831/975 1268/829/973 1269/830/974
f 1271/832/976 1268/829/973 1270/831/975
f 1272/831/975 1273/785/913 1271/832/977
f 1273/785/913 1272/831/975 1274/783/978
f 1275/833/979 1276/834/980 1277/835/981
f 1276/834/980 1275/833/979 1278/836/967
f 1279/537/982 1280/774/983 1281/539/984
f 1280/774/983 1279/537/982 1282/534/608
f 1283/775/753 1281/539/984 1280/774/983
f 1281/539/984 1283/775/753 1284/540/755
f 1285/812/940 1286/837/985 1287/816/944
f 1288/838/967 1287/816/944 1286/837/985
f 1289/776/986 1290/569/987 1291/571/988
f 1290/569/987 1289/776/986 1292/566/896
f 1291/571/988 1293/777/770 1289/776/986
f 1293/777/770 1291/571/988 1294/572/650
f 1295/538/989 1296/778/990 1297/536/991
f 1298/535/902 1297/536/991 1296/778/990
f 1295/538/989 1299/779/812 1296/778/990
f 1299/779/812 1295/538/989 1300/541/814
f 1301/780/992 1302/568/993 1303/567/645
f 1302/568/993 1301/780/992 1304/570/994
f 1304/570/994 1301/780/992 1305/781/827
f 1305/781/827 1306/573/651 1304/570/994
f 1307/839/995 1308/840/996 1309/841/997
f 1308/840/996 1307/839/995 1310/842/996
f 1311/843/998 1312/844/999 1313/845/1000
f 1314/846/1001 1313/845/1000 1312/844/999
f 1313/845/1002 1315/847/1003 1316/843/998
f 1315/847/1003 1317/848/1003 1316/843/998
f 1318/844/1004 1319/849/1005 1314/846/92
f 1319/849/1005 1318/844/1004 1320/850/1006
f 1321/520/1007 1322/521/595 1323/548/1008
f 1323/548/1008 1322/521/595 1324/851/1009
f 1323/548/1008 1324/851/1009 1325/549/1010
f 1326/852/1011 1325/549/1010 1324/851/1009
f 1327/580/1012 1328/554/632 1329/551/659
f 1327/580/1012 1330/853/1013 1328/554/632
f 1327/580/1012 1331/581/1014 1330/853/1013
f 1331/581/1014 1332/854/1015 1330/853/1013
f 1333/855/1016 1334/856/1017 1335/857/1018
f 1334/856/1017 1333/855/1016 1336/858/1019
f 1337/859/1020 1338/840/1021 1339/860/1022
f 1338/840/1021 1340/842/1023 1339/860/1022
f 1341/860/1024 1342/861/1025 1337/859/1020
f 1342/861/1025 1341/860/1024 1343/862/1026
f 1343/862/1026 1344/863/1027 1342/861/1025
f 1344/863/1027 1343/862/1026 1345/864/1028
f 1345/864/1028 1346/865/1029 1344/863/1027
f 1344/863/1027 1346/865/1029 1347/866/1030
f 1348/865/1031 1349/834/980 1347/866/1031
f 1349/834/980 1348/865/1031 1350/835/981
f 1351/523/597 1352/591/1032 1353/867/1033
f 1352/591/1032 1351/523/597 1354/519/694
f 1355/593/1034 1353/867/1033 1352/591/1032
f 1353/867/1033 1355/593/1034 1356/868/1035
f 1357/556/634 1358/599/708 1359/553/1036
f 1358/599/708 1357/556/634 1360/869/1037
f 1360/869/1037 1361/601/1038 1358/599/708
f 1361/601/1038 1360/869/1037 1362/870/1039
f 1363/814/1040 1364/837/1041 1365/812/940
f 1364/837/1041 1363/814/1040 1366/871/1042
f 1367/872/1043 1368/857/1018 1369/873/1044
f 1369/873/1044 1368/857/1018 1370/856/1018
f 1371/810/1045 1372/822/1046 1373/874/1047
f 1372/822/1046 1371/810/1045 1374/806/964
f 1375/875/1048 1376/820/954 1377/801/929
f 1376/820/954 1378/799/1049 1377/801/929
f 1379/876/1050 1380/855/1051 1381/877/1052
f 1380/855/1051 1379/876/1050 1382/858/1053
f 1383/794/1054 1384/817/946 1385/878/1055
f 1384/817/946 1383/794/1054 1386/793/947
f 1387/248/1056 1388/879/1057 1389/249/297
f 1388/879/1057 1387/248/1056 1390/880/1058
f 1391/881/1059 1392/279/1060 1393/276/333
f 1393/276/333 1394/275/332 1391/881/1059
f 1395/270/1061 1396/268/1062 1397/882/1063
f 1396/268/1062 1398/883/1064 1397/882/1063
f 1399/884/1065 1400/272/1066 1401/273/329
f 1400/272/1066 1399/884/1065 1402/885/1067
f 1403/272/1068 1404/885/1067 1405/787/916
f 1405/787/916 1404/885/1067 1406/886/1069
f 1407/880/1070 1408/824/967 1409/887/1071
f 1408/824/967 1407/880/1070 1410/248/296
f 1411/848/1003 1412/888/1072 1413/889/141
f 1414/847/1073 1412/888/1072 1411/848/1003
f 1415/883/1064 1416/821/914 1417/890/978
f 1416/821/914 1415/883/1064 1418/268/1074
f 1419/891/221 1420/872/136 1421/892/1075
f 1421/892/1075 1420/872/136 1422/873/113
f 1423/823/965 1424/893/338 1425/822/1076
f 1426/874/1047 1425/822/1076 1424/893/338
f 1427/818/1077 1428/894/1078 1429/817/1079
f 1429/817/1079 1428/894/1078 1430/878/1080
f 1431/895/980 1432/837/1081 1433/871/1082
f 1432/837/1081 1431/895/980 1434/838/967
f 1435/896/1083 1436/820/954 1437/875/1084
f 1436/820/954 1435/896/1083 1438/819/914
f 1439/850/1085 1440/897/1086 1441/849/1087
f 1440/897/1086 1439/850/1085 1442/898/1088
f 1443/877/1089 1444/899/209 1445/876/1052
f 1444/899/209 1443/877/1089 1446/900/224
f 1447/901/814 1448/902/1090 1449/903/1091
f 1448/902/1090 1447/901/814 1450/904/755
f 1449/903/1091 1448/902/1090 1451/905/831
f 1451/905/831 1448/902/1090 1452/906/1092
f 1453/907/1091 1454/908/1090 1455/909/828
f 1455/909/828 1454/908/1090 1456/910/774
f 1453/907/1091 1457/911/1092 1454/908/1090
f 1457/911/1092 1453/907/1091 1458/912/831
f 1459/913/1093 1460/914/1094 1461/915/787
f 1460/914/1094 1459/913/1093 1462/916/1095
f 1463/917/1096 1464/918/1097 1465/919/1097
f 1465/919/1097 1466/920/1098 1463/917/1096
f 1467/921/1099 1466/920/1098 1465/919/1097
f 1466/920/1098 1468/922/588 1463/917/1096
f 1465/919/1097 1469/923/1097 1467/921/1099
f 1469/923/1097 1470/924/1100 1467/921/1099
f 1469/923/1097 1471/925/1101 1470/924/1100
f 1471/925/1101 1469/923/1097 1472/926/1097
f 1472/926/1097 1473/927/1102 1471/925/1101
f 1465/919/1097 1474/928/1097 1469/923/1097
f 1469/923/1097 1474/928/1097 1472/926/1097
f 1473/927/1102 1472/926/1097 1474/928/1097
f 1465/919/1097 1464/918/1097 1474/928/1097
f 1474/928/1097 1475/929/1103 1473/927/1102
f 1475/929/1103 1474/928/1097 1464/918/1097
f 1464/918/1097 1476/930/779 1475/929/1103
f 1476/930/779 1464/918/1097 1477/931/1097
f 1464/918/1097 1463/917/1096 1477/931/1097
f 1478/932/1097 1476/930/779 1477/931/1097
f 1479/933/1097 1477/931/1097 1463/917/1096
f 1477/931/1097 1479/933/1097 1478/932/1097
f 1463/917/1096 1468/922/588 1479/933/1097
f 1476/930/779 1478/932/1097 1480/934/1104
f 1468/922/588 1481/935/1096 1479/933/1097
f 1481/935/1096 1478/932/1097 1479/933/1097
f 1481/935/1096 1468/922/588 1482/936/586
f 1482/936/586 1483/937/1097 1481/935/1096
f 1483/937/1097 1478/932/1097 1481/935/1096
f 1483/937/1097 1482/936/586 1484/938/1105
f 1485/939/1097 1480/934/1104 1478/932/1097
f 1478/932/1097 1483/937/1097 1485/939/1097
f 1484/938/1105 1485/939/1097 1483/937/1097
f 1486/940/1106 1480/934/1104 1485/939/1097
f 1485/939/1097 1484/938/1105 1486/940/1106
f 1487/851/1107 1488/524/1108 1489/526/1109
f 1490/521/595 1488/524/1108 1487/851/1107
f 1487/851/1107 1489/526/1109 1491/852/1110
f 1492/529/603 1491/852/1110 1489/526/1109
f 1493/853/1111 1494/559/1112 1495/557/1113
f 1493/853/1111 1495/557/1113 1496/554/632
f 1497/854/1114 1494/559/1112 1493/853/1111
f 1497/854/1114 1498/562/771 1494/559/1112
f 1499/941/1115 1500/942/1116 1501/943/1117
f 1501/943/1117 1500/942/1116 1502/944/1118
f 1503/867/1119 1504/525/1120 1505/523/597
f 1504/525/1120 1503/867/1119 1506/527/1121
f 1507/868/1122 1506/527/1121 1503/867/1119
f 1506/527/1121 1507/868/1122 1508/528/803
f 1509/558/1123 1510/869/1124 1511/556/634
f 1510/869/1124 1509/558/1123 1512/560/1125
f 1512/560/1125 1513/870/1126 1510/869/1124
f 1513/870/1126 1512/560/1125 1514/561/639
f 1515/945/1127 1516/943/1117 1517/946/1128
f 1516/943/1117 1515/945/1127 1518/941/952
f 1519/913/1129 1520/947/1130 1521/916/1131
f 1520/947/1130 1519/913/1129 1522/948/890
f 1523/915/787 1524/949/1132 1525/950/878
f 1524/949/1132 1523/915/787 1526/914/1094
f 1527/951/1055 1528/950/878 1524/949/923
f 1528/950/878 1527/951/1055 1529/952/1133
f 1530/942/1116 1531/953/938 1532/944/1118
f 1532/944/1118 1531/953/938 1533/954/920
f 1534/955/1134 1535/954/1135 1531/953/1136
f 1535/954/1135 1534/955/1134 1536/956/1137
f 1537/957/1138 1538/958/1139 1539/946/884
f 1538/958/1139 1540/945/1127 1539/946/884
f 1541/959/878 1542/960/1140 1543/961/876
f 1542/960/1140 1541/959/878 1544/962/1141
f 1544/962/1142 1545/963/1143 1546/960/735
f 1545/963/1143 1544/962/1142 1547/964/1144
f 1548/963/1145 1547/964/1146 1549/965/884
f 1549/965/884 1550/966/881 1548/963/1145
f 1551/948/890 1552/967/1042 1553/947/942
f 1552/967/1042 1551/948/890 1554/968/1147
f 1555/969/258 1556/970/1148 1557/971/1060
f 1557/971/1060 1558/972/1059 1555/969/258
f 1559/973/860 1560/974/1135 1561/975/1149
f 1560/974/1135 1559/973/860 1562/976/591
f 1561/975/1149 1563/977/1150 1559/973/860
f 1563/977/1150 1561/975/1149 1564/978/1151
f 1565/979/1152 1566/977/1153 1564/978/1154
f 1565/979/1152 1567/980/889 1566/977/1153
f 1568/971/1060 1569/970/1155 1570/981/1156
f 1571/982/1157 1570/981/1156 1569/970/1155
f 1572/983/1158 1573/984/1159 1574/985/1160
f 1573/984/1159 1572/983/1158 1575/986/1161
f 1576/987/1162 1577/988/911 1578/989/1163
f 1577/988/911 1576/987/1162 1579/990/1164
f 1580/991/1165 1581/992/1166 1582/993/1167
f 1581/992/1166 1580/991/1165 1583/994/1168
f 1584/995/1169 1585/951/1055 1586/996/1159
f 1585/951/1055 1584/995/1169 1587/952/1133
f 1588/997/338 1589/998/1170 1590/955/1171
f 1591/956/1137 1590/955/1171 1589/998/1170
f 1592/999/1030 1593/967/1172 1594/968/1147
f 1593/967/1172 1592/999/1030 1595/1000/980
f 1596/1001/1173 1597/958/1139 1598/957/1174
f 1597/958/1139 1596/1001/1173 1599/1002/1175
f 1600/1003/1176 1601/1004/1177 1602/970/1148
f 1602/970/1148 1603/969/258 1600/1003/1176
f 1601/1004/1177 1600/1003/1176 1604/1005/1178
f 1604/1005/1178 1605/1006/1179 1601/1004/1177
f 1605/1006/1179 1604/1005/1178 1606/1007/263
f 1606/1007/263 1607/991/1180 1605/1006/1179
f 1608/991/1180 1606/1007/263 1609/1008/1181
f 1609/1008/1181 1610/994/1168 1608/991/1180
f 1611/1009/1182 1612/990/1164 1613/1010/1183
f 1613/1010/1183 1612/990/1164 1614/987/1184
f 1615/1010/244 1614/987/1184 1616/1011/1185
f 1616/1011/1185 1614/987/1184 1617/1012/1186
f 1616/1011/1185 1617/1012/1186 1618/1013/1187
f 1618/1013/1187 1617/1012/1186 1619/1014/1188
f 1618/1013/1187 1619/1014/1188 1620/1015/1189
f 1620/1015/1189 1619/1014/1188 1621/983/1190
f 1620/1015/1191 1622/983/1192 1623/1016/1193
f 1623/1016/1193 1622/983/1192 1624/985/1194
f 1625/1014/1195 1626/986/1196 1627/983/1190
f 1626/986/1196 1625/1014/1195 1628/1017/1197
f 1629/1012/1198 1628/1017/1197 1625/1014/1195
f 1628/1017/1197 1629/1012/1198 1630/1018/1199
f 1629/1012/1198 1631/989/1163 1630/1018/1199
f 1631/989/1163 1629/1012/1198 1632/987/1200
f 1633/970/1155 1634/1004/1177 1635/982/1170
f 1636/1019/1201 1635/982/1170 1634/1004/1177
f 1634/1004/1177 1637/1006/1179 1636/1019/1201
f 1638/1020/1202 1636/1019/1201 1637/1006/1179
f 1637/1006/1179 1639/993/1030 1638/1020/1202
f 1639/993/1030 1637/1006/1179 1640/991/1165
f 1641/962/1141 1642/1021/1203 1643/1022/1204
f 1642/1021/1203 1641/962/1141 1644/959/878
f 1643/1022/1204 1645/964/1205 1646/962/1206
f 1645/964/1205 1643/1022/1204 1647/1023/1207
f 1648/1024/1169 1643/1022/1204 1649/1021/1203
f 1643/1022/1204 1648/1024/1169 1650/1025/1208
f 1650/1025/1208 1647/1023/1207 1643/1022/1204
f 1647/1023/1207 1650/1025/1208 1651/1026/1209
f 1652/1027/1210 1647/1023/1207 1651/1026/1209
f 1647/1023/1207 1652/1027/1210 1653/1028/1174
f 1647/1023/1207 1654/1028/1174 1655/964/1205
f 1654/1028/1174 1656/965/884 1655/964/1205
f 1657/1029/1211 1658/1030/1030 1659/1031/1212
f 1660/1032/1147 1659/1031/1212 1658/1030/1030
f 1659/1031/1212 1661/1033/1213 1657/1029/1211
f 1661/1033/1213 1659/1031/1212 1662/1034/1214
f 1662/1034/1214 1663/1035/1157 1661/1033/1213
f 1663/1035/1157 1662/1034/1214 1664/1036/1137
f 1665/978/1215 1662/1034/1214 1659/1031/1212
f 1662/1034/1214 1665/978/1215 1666/975/1216
f 1667/1032/1147 1668/978/1217 1659/1031/1212
f 1668/978/1217 1667/1032/1147 1669/979/1218
f 1670/975/1216 1671/1036/1137 1662/1034/1219
f 1671/1036/1137 1670/975/1216 1672/974/1135
f 1673/1037/1220 1674/1038/1221 1675/1039/1222
f 1674/1038/1221 1676/1040/1223 1675/1039/1222
f 1677/1041/1224 1678/1042/1225 1679/1043/1226
f 1678/1042/1225 1677/1041/1224 1680/1044/1227
f 1681/1045/1228 1682/1046/1229 1683/1047/1230
f 1682/1046/1229 1681/1045/1228 1684/1048/1231
f 1685/1049/1232 1686/1050/1233 1687/1051/1234
f 1686/1050/1233 1685/1049/1232 1688/1052/1233
f 1689/1038/1235 1690/1043/1226 1691/1040/1223
f 1690/1043/1226 1689/1038/1235 1692/1041/1236
f 1693/1052/1233 1694/1047/1237 1695/1050/1238
f 1695/1050/1238 1694/1047/1237 1696/1046/1237
f 1697/1053/914 1698/1051/1239 1699/1054/1240
f 1698/1051/1239 1697/1053/914 1700/1049/958
f 1701/1055/919 1702/1037/926 1703/1056/1241
f 1703/1056/1241 1702/1037/926 1704/1039/274
f 1705/1045/1242 1706/1057/995 1707/1048/1231
f 1707/1048/1231 1706/1057/995 1708/1058/997
f 1709/1044/1227 1710/1059/967 1711/1042/1243
f 1710/1059/967 1709/1044/1227 1712/1060/1244
f 1713/1061/603 1714/1062/803 1715/1063/1245
f 1715/1063/1245 1716/1064/1246 1713/1061/603
f 1715/1063/1245 1717/1065/1247 1716/1064/1246
f 1718/1066/1248 1717/1065/1247 1715/1063/1245
f 1719/1067/771 1720/1068/1245 1721/1069/639
f 1720/1068/1245 1719/1067/771 1722/1070/1246
f 1720/1068/1245 1722/1070/1246 1723/1071/1248
f 1723/1071/1248 1722/1070/1246 1724/1072/1247
