# Blender 5.1.2
# www.blender.org
mtllib stilleto.mtl
o stilleto
v 0.179489 -0.720159 -0.068802
v 0.178373 -0.709131 -0.069329
v 0.178385 -0.710078 -0.055469
v 0.179480 -0.721861 -0.039634
v 0.178380 -0.710938 -0.039492
v 0.175908 -0.732013 -0.039869
v 0.154627 -0.633270 -0.054363
v 0.154618 -0.634125 -0.038224
v 0.175920 -0.730310 -0.069037
v 0.174084 -0.720927 -0.082945
v 0.168369 -0.738009 -0.069082
v 0.168358 -0.739711 -0.039914
v 0.175728 -0.709138 -0.080126
v 0.127718 -0.762211 -0.040279
v 0.168142 -0.731454 -0.083132
v 0.127047 -0.760414 -0.077966
v 0.127145 -0.750476 -0.095050
v 0.084732 -0.779447 -0.040631
v 0.084053 -0.767238 -0.102332
v 0.153186 -0.627087 -0.069840
v 0.083814 -0.777300 -0.084743
v 0.040039 -0.791385 -0.040814
v 0.039524 -0.778679 -0.107481
v 0.150501 -0.627506 -0.081080
v 0.039302 -0.788703 -0.089572
v -0.005720 -0.797506 -0.040885
v -0.005889 -0.784550 -0.110201
v 0.134197 -0.562040 -0.080388
v -0.005985 -0.794554 -0.092130
v -0.051856 -0.797964 -0.040829
v -0.051602 -0.785049 -0.110468
v -0.051529 -0.795034 -0.092236
v -0.097127 -0.779974 -0.108141
v -0.096913 -0.789978 -0.090069
v -0.097686 -0.792797 -0.040804
v -0.141865 -0.769360 -0.103384
v -0.141613 -0.779404 -0.085631
v -0.142554 -0.781801 -0.040671
v -0.185259 -0.753383 -0.096331
v -0.185120 -0.763485 -0.079065
v -0.185790 -0.765345 -0.040387
v -0.226563 -0.735352 -0.084623
v -0.226766 -0.741891 -0.070572
v -0.226777 -0.743818 -0.040065
v -0.232730 -0.724617 -0.084459
v -0.235473 -0.732089 -0.073402
v -0.235345 -0.734763 -0.039861
v -0.238404 -0.720435 -0.071877
v -0.212544 -0.638515 0.001253
v -0.212530 -0.636221 -0.038458
v -0.237164 -0.715775 -0.019760
v -0.237157 -0.714638 -0.039697
v -0.237171 -0.716932 0.000014
v -0.238463 -0.722532 -0.039717
v -0.238478 -0.725029 -0.000144
v -0.235359 -0.737077 -0.000310
v -0.235345 -0.734763 -0.039861
v -0.226791 -0.746112 -0.000354
v -0.226777 -0.743818 -0.040065
v -0.185804 -0.767639 -0.000676
v -0.185790 -0.765345 -0.040387
v -0.142568 -0.784095 -0.000961
v -0.142554 -0.781801 -0.040671
v -0.097701 -0.795105 -0.001091
v -0.097686 -0.792797 -0.040804
v -0.051856 -0.797964 -0.040829
v -0.051870 -0.800278 -0.001278
v -0.005734 -0.799799 -0.001171
v -0.005720 -0.797506 -0.040885
v 0.040024 -0.793693 -0.001098
v 0.040039 -0.791385 -0.040814
v 0.061982 -0.785599 -0.040698
v 0.061967 -0.787893 -0.000987
v 0.070568 -0.782466 -0.000994
v 0.070582 -0.780153 -0.040545
v 0.072230 -0.772862 -0.000695
v 0.072245 -0.770568 -0.040405
v 0.068108 -0.752712 -0.000367
v 0.068122 -0.750418 -0.040081
v -0.098168 -0.648287 -0.038460
v -0.098182 -0.650600 0.001091
v -0.226802 -0.747841 0.030125
v -0.185804 -0.767639 -0.000676
v -0.185162 -0.770256 0.037932
v -0.226791 -0.746112 -0.000354
v -0.142568 -0.784095 -0.000961
v -0.235369 -0.738989 0.030191
v -0.235359 -0.737077 -0.000310
v -0.228971 -0.730406 0.048288
v -0.224566 -0.738882 0.048176
v -0.184073 -0.758029 0.058203
v -0.141016 -0.774577 0.064801
v -0.141660 -0.787061 0.044069
v -0.097701 -0.795105 -0.001091
v -0.096644 -0.785403 0.069229
v -0.096963 -0.798110 0.048200
v -0.051870 -0.800278 -0.001278
v -0.051506 -0.790680 0.071346
v -0.051580 -0.803408 0.050153
v -0.006180 -0.790220 0.071290
v -0.006036 -0.802934 0.050095
v -0.005734 -0.799799 -0.001171
v 0.038854 -0.784046 0.068736
v 0.039252 -0.796754 0.047707
v 0.040024 -0.793693 -0.001098
v 0.083026 -0.772315 0.064032
v 0.083768 -0.784801 0.043303
v 0.084717 -0.781924 -0.000897
v 0.125798 -0.755012 0.057179
v 0.127006 -0.767053 0.037049
v 0.127704 -0.764505 -0.000568
v 0.166026 -0.734923 0.047041
v 0.168338 -0.743063 0.015799
v 0.168344 -0.742005 -0.000200
v 0.168334 -0.743707 0.028969
v 0.175888 -0.735345 0.016003
v 0.175893 -0.734504 -0.000134
v 0.175885 -0.736187 0.029197
v 0.170265 -0.726648 0.047177
v 0.179461 -0.725016 0.016055
v 0.179454 -0.725858 0.029246
v 0.179466 -0.724155 0.000077
v 0.178355 -0.714949 0.029389
v 0.171934 -0.717502 0.045245
v 0.178360 -0.714271 0.016380
v 0.178366 -0.713247 0.000220
v 0.154601 -0.637477 0.017488
v 0.154604 -0.636419 0.001490
v 0.153149 -0.633114 0.033157
v 0.146651 -0.636271 0.048758
v 0.130148 -0.570523 0.050233
v 0.137662 -0.570067 0.018599
v 0.137666 -0.569227 0.002461
v 0.137031 -0.568120 0.034558
v 0.127348 -0.511722 0.019503
v 0.127354 -0.510867 0.003364
v 0.127233 -0.511744 0.034723
v 0.120087 -0.513358 0.050626
v 0.121955 -0.455643 0.020356
v 0.121961 -0.454585 0.004355
v 0.121950 -0.456373 0.034351
v 0.114636 -0.457252 0.050169
v -0.131948 1.367517 0.013257
v -0.142682 1.369694 0.023299
v -0.131946 1.369673 0.023302
v -0.142684 1.367538 0.013254
v -0.142670 1.377052 0.031237
v -0.131934 1.377031 0.031240
v -0.142649 1.388044 0.035134
v -0.131913 1.388022 0.035137
v -0.142625 1.399561 0.034058
v -0.131890 1.399540 0.034060
v -0.142604 1.409760 0.028395
v -0.131868 1.409739 0.028398
v -0.142589 1.415972 0.019293
v -0.131853 1.415950 0.019296
v -0.142585 1.416766 0.008888
v -0.131849 1.416745 0.008891
v -0.142592 1.411888 -0.000335
v -0.131857 1.411867 -0.000332
v -0.142610 1.402307 -0.006529
v -0.131874 1.402286 -0.006526
v -0.131897 1.390652 -0.008054
v -0.142633 1.390673 -0.008057
v -0.131921 1.379246 -0.004535
v -0.142657 1.379267 -0.004538
v -0.131939 1.370968 0.003018
v -0.142675 1.370990 0.003016
v -0.131948 1.367517 0.013257
v -0.142684 1.367538 0.013254
v -0.136991 1.274506 -0.024163
v -0.126049 1.273440 -0.008161
v -0.126043 1.274484 -0.024161
v -0.136997 1.273462 -0.008164
v -0.126068 1.270271 0.047529
v -0.137011 1.271168 0.031547
v -0.137017 1.270293 0.047526
v -0.126063 1.271146 0.031550
v 0.007410 1.336778 -0.056297
v -0.005528 1.323754 0.081585
v -0.005478 1.331924 -0.056361
v -0.018381 1.324547 0.081651
v 0.007360 1.328804 0.081625
v -0.018332 1.332501 -0.056431
v 0.017375 1.347495 -0.056130
v -0.030853 1.331150 0.081663
v 0.017326 1.339508 0.081793
v -0.030803 1.339307 -0.056278
v 0.021696 1.360832 -0.055959
v -0.039426 1.343011 0.081856
v 0.021647 1.352879 0.082126
v -0.039376 1.351182 -0.056090
v 0.020377 1.374398 -0.055650
v -0.042144 1.356396 0.082187
v 0.020327 1.366241 0.082294
v -0.042094 1.364534 -0.055917
v 0.013745 1.386453 -0.055481
v -0.039657 1.377140 -0.055656
v 0.013696 1.378282 0.082465
v -0.039707 1.368984 0.082288
v 0.002954 1.394541 -0.055487
v -0.032763 1.379693 0.082455
v 0.002905 1.386404 0.082620
v -0.010091 1.389250 0.082601
v -0.010041 1.397407 -0.055343
v -0.032713 1.387666 -0.055466
v -0.022351 1.386821 0.082569
v -0.022301 1.394992 -0.055376
v -0.010091 1.389250 0.082601
v -0.010041 1.397407 -0.055343
v 0.116142 1.142852 -0.026277
v 0.116136 1.141814 -0.010116
v 0.117485 1.021294 -0.028145
v 0.118653 1.020248 -0.012148
v 0.116795 1.471569 -0.021027
v 0.116789 1.470511 -0.005026
v 0.114169 1.483128 -0.004763
v 0.114174 1.483983 -0.020902
v 0.106691 1.493315 -0.004535
v 0.106697 1.494354 -0.020696
v 0.095712 1.499549 -0.004474
v 0.095718 1.500587 -0.020635
v 0.056196 1.509032 -0.004323
v 0.056202 1.509887 -0.020462
v 0.015904 1.513821 -0.004251
v 0.015910 1.514662 -0.020388
v -0.024655 1.513902 -0.004261
v -0.024650 1.514743 -0.020398
v -0.064937 1.510128 -0.020491
v -0.064943 1.509273 -0.004352
v -0.104465 1.499947 -0.004523
v -0.104459 1.500985 -0.020684
v -0.115468 1.493757 -0.004589
v -0.115462 1.494796 -0.020750
v -0.122987 1.483600 -0.004821
v -0.122981 1.484455 -0.020959
v -0.125656 1.470993 -0.005084
v -0.125650 1.472051 -0.021086
v -0.126049 1.273440 -0.008161
v -0.126043 1.274484 -0.024161
v 0.116122 1.139500 0.029435
v 0.116116 1.138645 0.045574
v 0.117512 1.014845 0.043652
v 0.118683 1.015881 0.027491
v 0.116774 1.468217 0.034685
v 0.116769 1.467376 0.050822
v 0.114148 1.479789 0.050944
v 0.114154 1.480834 0.034948
v 0.106671 1.490160 0.051153
v 0.106677 1.491001 0.035016
v 0.095692 1.496196 0.051235
v 0.095698 1.497254 0.035237
v 0.056207 1.505679 0.051390
v 0.056213 1.506718 0.035228
v 0.015938 1.510469 0.051461
v 0.015944 1.511324 0.035322
v -0.024616 1.511405 0.035312
v -0.024621 1.510549 0.051451
v -0.064926 1.506959 0.035199
v -0.064932 1.505920 0.051360
v -0.104485 1.496594 0.051186
v -0.104479 1.497653 0.035188
v -0.115488 1.490602 0.051099
v -0.115482 1.491443 0.034962
v -0.123007 1.480261 0.050887
v -0.123001 1.481306 0.034890
v -0.125676 1.467858 0.050764
v -0.125671 1.468699 0.034626
v -0.126068 1.270271 0.047529
v -0.126063 1.271146 0.031550
v -0.079756 0.147240 0.029813
v 0.026369 0.145912 0.049939
v -0.079763 0.146123 0.049913
v 0.026376 0.147029 0.029839
v -0.108467 1.055747 0.044227
v -0.160908 1.076931 0.044591
v -0.160917 1.075301 0.071297
v -0.162685 1.077485 0.044523
v -0.153107 1.071414 0.079623
v -0.158536 1.073931 0.077025
v -0.103267 1.051528 0.085156
v -0.054453 1.039270 0.043945
v -0.052721 1.036349 0.087824
v -0.001733 1.025524 0.087673
v 0.000755 1.027689 0.043887
v 0.049530 1.019204 0.084515
v 0.056722 1.020980 0.043722
v 0.100896 1.017235 0.078376
v 0.113017 1.018077 0.065509
v 0.113025 1.019366 0.043756
v 0.109274 1.017586 0.073752
v 0.117485 1.021294 -0.028145
v 0.117492 1.022577 -0.050062
v 0.101591 1.023554 -0.066871
v 0.115427 1.022942 -0.057796
v 0.037342 1.024136 -0.073977
v -0.027331 1.024337 -0.076457
v -0.168321 1.021863 -0.028214
v -0.092002 1.024373 -0.074171
v -0.156254 1.024028 -0.067257
v -0.168312 1.023349 -0.054575
v -0.164886 1.023842 -0.062815
v 0.115516 1.206198 0.054357
v 0.104831 1.243818 0.066950
v 0.112075 1.202479 0.060699
v 0.117199 1.199650 0.054500
v 0.116490 1.195243 0.059946
v 0.117950 1.200121 0.049209
v 0.104588 1.192262 0.066201
v 0.107418 1.188458 0.065844
v 0.097835 1.184379 0.069125
v 0.116251 1.206775 0.046759
v 0.117950 1.200173 0.046584
v 0.116251 1.206722 0.049384
v 0.116326 1.244585 0.047224
v 0.116326 1.244735 0.049986
v 0.113214 1.244091 0.060045
v 0.116331 1.254461 0.051254
v 0.115683 1.254816 0.054156
v 0.111093 1.255388 0.060303
v 0.114663 1.263515 0.053096
v 0.116144 1.263197 0.050516
v 0.116348 1.271776 0.048491
v 0.116386 1.274701 0.047806
v 0.114943 1.272545 0.050194
v 0.114936 1.274429 0.050130
v 0.116769 1.467376 0.050822
v 0.112323 1.265303 0.053861
v 0.106667 1.262186 0.058985
v 0.078010 1.268715 0.065878
v 0.104340 1.255893 0.064333
v 0.079180 1.262403 0.069594
v 0.120665 -0.370789 -0.064600
v 0.128593 -0.190885 -0.061497
v 0.123915 -0.283228 -0.048767
v 0.125801 -0.189921 -0.072085
v 0.117705 -0.369889 -0.075835
v 0.118957 -0.449821 -0.076727
v 0.121986 -0.450503 -0.065352
v 0.120529 -0.381265 -0.050397
v 0.121981 -0.451450 -0.051493
v 0.120523 -0.382106 -0.034260
v 0.121975 -0.452291 -0.035356
v 0.123910 -0.284069 -0.032629
v 0.132280 -0.096303 -0.029667
v 0.132288 -0.095279 -0.045827
v 0.134038 -0.011581 -0.058648
v 0.131388 -0.010945 -0.068872
v 0.132154 0.289466 -0.064752
v 0.134915 0.081022 -0.043105
v 0.134909 0.079983 -0.026944
v 0.134613 0.288935 -0.055197
v 0.134221 0.344635 -0.038919
v 0.134215 0.343596 -0.022758
v 0.129397 0.663851 -0.017784
v 0.129901 0.644638 -0.052092
v 0.127661 0.645083 -0.060819
v 0.129402 0.664712 -0.033761
v 0.120518 0.930123 -0.013432
v 0.118449 0.932724 -0.058417
v 0.120524 0.931162 -0.029593
v 0.117485 1.021294 -0.028145
v 0.118653 1.020248 -0.012148
v 0.120532 0.932365 -0.050518
v 0.117492 1.022577 -0.050062
v 0.115427 1.022942 -0.057796
v -0.158671 1.077110 0.044569
v -0.162679 1.078543 0.028525
v -0.162685 1.077485 0.044523
v -0.158665 1.078148 0.028407
v -0.148065 1.080093 0.044533
v -0.148060 1.080953 0.028555
v -0.140236 1.088163 0.044694
v -0.140230 1.089038 0.028715
v -0.137357 1.099064 0.044838
v -0.137351 1.099939 0.028859
v -0.137017 1.270293 0.047526
v -0.137011 1.271168 0.031547
v -0.168321 1.021863 -0.028214
v -0.167104 1.076320 -0.011294
v -0.167099 1.077195 -0.027270
v -0.168864 1.020820 -0.012218
v -0.165762 1.080380 -0.027330
v -0.165767 1.079525 -0.011192
v -0.162659 1.081692 -0.027328
v -0.162665 1.080837 -0.011189
v -0.158650 1.080462 -0.011143
v -0.158644 1.081486 -0.027303
v -0.148039 1.084286 -0.027317
v -0.148045 1.083431 -0.011178
v -0.140216 1.091332 -0.010996
v -0.140210 1.092370 -0.027157
v -0.137337 1.102416 -0.010874
v -0.137331 1.103271 -0.027013
v -0.136997 1.273462 -0.008164
v -0.136991 1.274506 -0.024163
v 0.134219 0.026268 0.042270
v 0.128537 0.291293 0.061011
v 0.127774 0.026876 0.056433
v 0.134210 0.296255 0.047973
v 0.124466 0.637478 0.067730
v 0.127847 -0.200466 0.038659
v 0.121944 -0.194874 0.053522
v 0.113507 -0.377243 0.051703
v 0.129654 0.634308 0.055683
v 0.115471 0.924678 0.074277
v 0.134483 0.299240 0.032392
v 0.130147 0.627010 0.037430
v 0.134542 0.027528 0.028045
v 0.134548 0.028567 0.011884
v 0.134489 0.300279 0.016231
v 0.127817 -0.210195 0.008104
v 0.130153 0.627870 0.021452
v 0.120504 0.927809 0.026119
v 0.127811 -0.211233 0.024265
v 0.120701 -0.371421 0.005670
v 0.120695 -0.372282 0.021647
v 0.121955 -0.455643 0.020356
v 0.121961 -0.454585 0.004355
v 0.121053 -0.373721 0.036056
v 0.121950 -0.456373 0.034351
v 0.114636 -0.457252 0.050169
v 0.120498 0.926968 0.042256
v 0.117512 1.014845 0.043652
v 0.118683 1.015881 0.027491
v 0.120491 0.925766 0.063184
v 0.117504 1.013557 0.065405
v 0.113025 1.019366 0.043756
v 0.112589 1.012797 0.076133
v 0.113017 1.018077 0.065509
v 0.109274 1.017586 0.073752
v -0.188330 0.292247 -0.058057
v -0.182558 0.631845 -0.034336
v -0.182203 0.646309 -0.055897
v -0.188199 0.303785 -0.023465
v -0.182563 0.630801 -0.018336
v -0.171738 0.930318 -0.013618
v -0.188194 0.304640 -0.039604
v -0.189348 0.032273 -0.027834
v -0.189342 0.033317 -0.043834
v -0.183591 -0.206528 -0.031612
v -0.183585 -0.205469 -0.047610
v -0.177089 -0.368168 -0.034158
v -0.188986 -0.009672 -0.060682
v -0.187541 -0.009260 -0.068094
v -0.177084 -0.367293 -0.050137
v -0.178660 -0.451693 -0.035429
v -0.178655 -0.450852 -0.051566
v -0.177033 -0.369566 -0.065729
v -0.178635 -0.449899 -0.066899
v -0.184287 -0.188938 -0.063042
v -0.175341 -0.369090 -0.074132
v -0.174392 -0.449204 -0.079583
v -0.170479 -0.368521 -0.081729
v -0.182725 -0.188218 -0.070985
v -0.178242 -0.187570 -0.077936
v -0.183393 -0.008750 -0.074538
v -0.187055 0.292574 -0.064641
v -0.183408 0.292816 -0.070232
v -0.181127 0.646590 -0.061330
v -0.178035 0.646748 -0.066093
v -0.168135 0.933032 -0.063691
v -0.171723 0.932802 -0.054825
v -0.168312 1.023349 -0.054575
v -0.164886 1.023842 -0.062815
v -0.168321 1.021863 -0.028214
v -0.171732 0.931376 -0.029619
v -0.168864 1.020820 -0.012218
v 0.115918 1.029948 -0.028054
v 0.112657 1.030691 -0.040581
v 0.115749 1.052287 -0.032741
v 0.115962 1.052162 -0.027654
v 0.112864 1.055915 -0.040055
v 0.107912 1.066767 -0.045141
v 0.103837 1.031307 -0.048018
v 0.104058 1.077773 -0.047301
v 0.090306 1.104363 -0.052833
v 0.067246 1.032129 -0.061862
v 0.083628 1.127030 -0.054944
v 0.082693 1.147671 -0.055004
v 0.068080 1.251181 -0.058133
v 0.087138 1.168387 -0.052948
v 0.097877 1.191274 -0.048377
v 0.029308 1.251718 -0.066709
v 0.028680 1.032686 -0.070275
v 0.104871 1.250345 -0.044287
v -0.010417 1.252014 -0.069525
v -0.010852 1.032981 -0.073092
v 0.028918 1.262921 -0.064145
v -0.010396 1.263031 -0.066943
v -0.049022 1.251855 -0.066888
v -0.050498 1.032862 -0.070135
v 0.067288 1.262364 -0.055736
v -0.086730 1.251594 -0.058839
v -0.048599 1.263055 -0.064327
v -0.089200 1.032459 -0.061740
v -0.043076 1.271471 -0.058316
v -0.001691 1.271519 -0.060288
v 0.039470 1.270828 -0.056112
v -0.103878 1.185871 -0.054428
v -0.107964 1.166132 -0.053167
v -0.117518 1.144593 -0.049720
v -0.104622 1.205470 -0.053871
v -0.125937 1.031586 -0.047890
v -0.110521 1.226652 -0.051217
v -0.122601 1.250804 -0.045816
v -0.125377 1.254580 -0.044151
v -0.121272 1.139517 -0.048284
v -0.125730 1.135453 -0.046315
v -0.132928 1.126717 -0.040997
v -0.136406 1.123346 -0.034859
v -0.134352 1.031347 -0.040823
v -0.137476 1.030452 -0.028116
v -0.137292 1.122848 -0.026619
v -0.085916 1.262590 -0.056415
v -0.123952 1.260618 -0.042431
v -0.125999 1.260294 -0.042064
v -0.083590 1.270809 -0.050545
v -0.122811 1.267646 -0.038706
v -0.124177 1.265628 -0.039771
v -0.127065 1.269438 -0.036307
v -0.129542 1.267837 -0.037257
v -0.129507 1.272413 -0.033561
v -0.120718 1.269248 -0.037756
v -0.126628 1.272146 -0.034184
v -0.126395 1.276886 -0.030670
v -0.135658 1.273166 -0.030544
v -0.124194 1.271478 -0.034920
v -0.123927 1.276579 -0.031616
v -0.129030 1.277612 -0.027816
v -0.136586 1.273135 -0.027760
v -0.136584 1.272997 -0.024307
v -0.128991 1.277494 -0.024200
v -0.126018 1.286257 -0.027724
v -0.126020 1.285955 -0.024086
v -0.125650 1.472051 -0.021086
v -0.121910 1.282098 -0.030978
v -0.125649 1.472170 -0.024698
v -0.122960 1.484455 -0.020959
v -0.124125 1.472292 -0.026842
v -0.122238 1.486303 -0.025766
v -0.115420 1.494796 -0.020750
v -0.119983 1.282179 -0.031809
v -0.120997 1.485088 -0.028074
v -0.112564 1.497526 -0.029100
v -0.104459 1.500985 -0.020684
v -0.112126 1.495361 -0.031452
v -0.104456 1.501438 -0.030723
v -0.097867 1.503308 -0.030785
v -0.064937 1.510128 -0.020491
v -0.104184 1.499471 -0.033098
v -0.051484 1.512666 -0.027182
v -0.097167 1.501897 -0.033069
v -0.024650 1.514743 -0.020398
v -0.051133 1.511052 -0.029604
v -0.085288 1.473351 -0.040549
v -0.077163 1.483953 -0.039717
v -0.004339 1.515700 -0.026079
v 0.015910 1.514662 -0.020388
v -0.004341 1.514120 -0.028340
v 0.039797 1.512871 -0.027042
v 0.056202 1.509887 -0.020462
v 0.039462 1.511278 -0.029304
v 0.083317 1.504514 -0.030115
v 0.095718 1.500587 -0.020635
v 0.063163 1.485438 -0.039080
v 0.082656 1.502936 -0.032375
v 0.095721 1.501072 -0.028877
v 0.071490 1.474620 -0.039886
v 0.095858 1.498705 -0.031369
v 0.098641 1.499861 -0.028074
v 0.106697 1.494354 -0.020696
v 0.098702 1.497499 -0.030405
v 0.108360 1.492947 -0.024451
v 0.114174 1.483983 -0.020902
v 0.077835 1.282167 -0.040970
v 0.114661 1.482907 -0.022081
v 0.116795 1.471569 -0.021027
v 0.113390 1.482070 -0.024270
v 0.115346 1.471644 -0.023489
v 0.107612 1.491186 -0.026689
v 0.114964 1.278969 -0.026508
v -0.184104 -0.199852 0.040058
v -0.169658 -0.376214 0.052395
v -0.177555 -0.193793 0.054374
v -0.188916 0.024713 0.044260
v -0.182736 0.028569 0.057534
v -0.177074 -0.375260 0.037062
v -0.178672 -0.455979 0.035776
v -0.169101 -0.456924 0.052744
v -0.178681 -0.455045 0.020283
v -0.188176 0.293919 0.049565
v -0.182648 0.296195 0.062214
v -0.183610 -0.209662 0.024239
v -0.177109 -0.371506 0.021552
v -0.178675 -0.453987 0.004282
v -0.177103 -0.370462 0.005553
v -0.183605 -0.208821 0.008102
v -0.189368 0.029124 0.028016
v -0.189362 0.029965 0.011879
v -0.178779 0.636075 0.066593
v -0.188220 0.300433 0.032247
v -0.188214 0.301472 0.016085
v -0.182584 0.627632 0.037354
v -0.182577 0.628492 0.021377
v -0.171752 0.928024 0.026093
v -0.171758 0.927183 0.042230
v -0.171767 0.925723 0.067278
v -0.167124 1.072982 0.044417
v -0.167118 1.074026 0.028420
v -0.167138 1.071188 0.071306
v -0.165781 1.077211 0.028359
v -0.162685 1.077485 0.044523
v -0.160917 1.075301 0.071297
v -0.162679 1.078543 0.028525
v 0.116412 1.278894 -0.024043
v 0.116208 1.267818 -0.027112
v 0.116353 1.249165 -0.024510
v 0.114971 1.276878 -0.026743
v 0.078048 1.275044 -0.042392
v 0.116365 1.259233 -0.028190
v 0.116354 1.249212 -0.027297
v 0.116277 1.210982 -0.025092
v 0.115820 1.259851 -0.030884
v 0.113249 1.249888 -0.037197
v 0.115547 1.211344 -0.032826
v 0.117976 1.204381 -0.025267
v 0.117230 1.204738 -0.033166
v 0.112112 1.208493 -0.039350
v 0.116524 1.201047 -0.038770
v 0.111353 1.261185 -0.036939
v 0.104628 1.198783 -0.045201
v 0.107458 1.194875 -0.044890
v 0.114906 1.268274 -0.029620
v 0.112353 1.270233 -0.030515
v 0.104378 1.262170 -0.041313
v 0.106701 1.267747 -0.035610
v 0.079222 1.269310 -0.046274
v 0.038761 1.276620 -0.051747
v 0.038640 1.284149 -0.050046
v -0.001760 1.277350 -0.055596
v -0.001731 1.285095 -0.053760
v 0.044802 1.459242 -0.046357
v 0.018669 1.450577 -0.050047
v 0.039277 1.469949 -0.044881
v 0.015880 1.461136 -0.048223
v -0.053610 1.469327 -0.045296
v -0.058969 1.458641 -0.046773
v -0.007318 1.458040 -0.049319
v -0.030374 1.460841 -0.048352
v -0.007247 1.447468 -0.051303
v -0.033010 1.450294 -0.050175
v -0.042251 1.285209 -0.051973
v -0.082002 1.284323 -0.044503
v -0.042454 1.277279 -0.053790
v -0.082351 1.276597 -0.046180
v -0.120070 1.277976 -0.032441
v -0.119553 1.275804 -0.033322
v -0.122301 1.274714 -0.033024
v -0.168493 1.032677 -0.012025
v -0.171752 0.928024 0.026093
v -0.168507 1.030185 0.027710
v -0.171738 0.930318 -0.013618
v -0.167104 1.076320 -0.011294
v -0.182563 0.630801 -0.018336
v -0.167118 1.074026 0.028420
v -0.182577 0.628492 0.021377
v -0.165785 1.079525 -0.011192
v -0.188199 0.303785 -0.023465
v -0.165800 1.077211 0.028359
v -0.188214 0.301472 0.016085
v -0.162665 1.080837 -0.011189
v -0.189362 0.029965 0.011879
v -0.162679 1.078543 0.028525
v -0.189348 0.032273 -0.027834
v -0.158650 1.080462 -0.011143
v -0.183591 -0.206528 -0.031612
v -0.158665 1.078148 0.028407
v -0.150350 1.080388 0.028462
v -0.150336 1.082701 -0.011089
v -0.183605 -0.208821 0.008102
v -0.177103 -0.370462 0.005553
v -0.177089 -0.368168 -0.034158
v -0.178660 -0.451693 -0.035429
v -0.178675 -0.453987 0.004282
v -0.184563 -0.510387 -0.036291
v -0.184577 -0.512700 0.003260
v -0.195797 -0.573625 0.002342
v -0.195782 -0.571331 -0.037369
v 0.067239 1.254365 0.078919
v 0.068030 1.242964 0.080961
v 0.087092 1.161031 0.073117
v 0.082647 1.140158 0.074351
v 0.039421 1.262763 0.079530
v 0.028864 1.253961 0.087313
v 0.066977 1.025270 0.077559
v 0.083581 1.119424 0.073770
v 0.090262 1.097080 0.070767
v 0.103797 1.024845 0.063867
v 0.104017 1.071108 0.064443
v 0.029252 1.242575 0.089353
v 0.028462 1.028258 0.086029
v -0.010889 1.033950 0.088937
v 0.107874 1.060483 0.061975
v 0.111710 1.063288 0.060488
v 0.112628 1.025242 0.056456
v 0.112829 1.050242 0.056679
v 0.116296 1.057023 0.055362
v 0.118545 1.055800 0.049947
v 0.115719 1.047627 0.049146
v 0.115892 1.025938 0.043773
v 0.115936 1.047969 0.044195
v 0.119647 1.057182 0.044380
v -0.010475 1.242424 0.092155
v -0.050233 1.042528 0.086253
v -0.010452 1.253823 0.090110
v -0.049078 1.242751 0.089497
v -0.086780 1.243351 0.081569
v -0.001743 1.262969 0.083596
v -0.048654 1.254116 0.087294
v -0.043126 1.263183 0.081607
v 0.038715 1.269199 0.075310
v -0.001809 1.269548 0.079031
v -0.083635 1.263440 0.073883
v -0.001778 1.277437 0.077579
v 0.038596 1.276905 0.073880
v 0.077797 1.275890 0.064676
v -0.042501 1.269780 0.077202
v -0.042297 1.277669 0.075750
v -0.082043 1.277592 0.068232
v 0.095824 1.493184 0.061910
v -0.082393 1.269872 0.069663
v -0.033057 1.442583 0.079207
v -0.120753 1.263628 0.060937
v -0.122847 1.261677 0.061827
v -0.119585 1.270461 0.056830
v -0.126883 1.265412 0.058429
v -0.120014 1.277236 0.055515
v -0.059013 1.451457 0.075997
v -0.085327 1.466949 0.070183
v -0.053653 1.462176 0.074691
v -0.077202 1.477577 0.069705
v -0.030419 1.453486 0.077713
v -0.007294 1.439843 0.080194
v -0.007364 1.450718 0.078543
v 0.018622 1.442842 0.079011
v 0.015835 1.453741 0.077520
v 0.044759 1.452129 0.075588
v 0.039234 1.462890 0.074441
v 0.071451 1.468264 0.069695
v 0.063124 1.479108 0.069190
v 0.082622 1.497493 0.063185
v 0.039430 1.506059 0.060340
v -0.004373 1.508849 0.059348
v 0.083285 1.499269 0.060844
v 0.095689 1.495716 0.059638
v 0.095692 1.496196 0.051235
v 0.056176 1.505679 0.051390
v 0.106671 1.490160 0.051153
v 0.039766 1.507856 0.058158
v 0.015884 1.510469 0.051461
v 0.108332 1.488359 0.054974
v 0.114148 1.479789 0.050944
v -0.004369 1.510830 0.057144
v -0.024676 1.510550 0.051451
v -0.051515 1.507670 0.058181
v -0.064963 1.505920 0.051360
v -0.051165 1.505689 0.060386
v -0.097900 1.498003 0.061323
v -0.104485 1.496594 0.051186
v -0.097202 1.496224 0.063668
v -0.104219 1.493799 0.063636
v -0.104489 1.496127 0.061227
v -0.112160 1.489826 0.061829
v -0.143224 1.093207 -0.011062
v -0.143238 1.090913 0.028652
v -0.142684 1.367538 0.013254
v -0.145158 1.086632 -0.011078
v -0.142835 1.289089 -0.007944
v -0.145172 1.084338 0.028636
v -0.150336 1.082701 -0.011089
v -0.150350 1.080388 0.028462
v -0.142849 1.286795 0.031770
v -0.142675 1.370990 0.003016
v -0.142682 1.369694 0.023299
v -0.142657 1.379267 -0.004538
v -0.142670 1.377052 0.031237
v -0.142819 1.297064 -0.010223
v -0.142633 1.390673 -0.008057
v -0.142835 1.294422 0.034276
v -0.142649 1.388044 0.035134
v -0.142481 1.472418 0.037119
v -0.142625 1.399561 0.034058
v -0.142604 1.409760 0.028395
v -0.142589 1.415972 0.019293
v -0.142585 1.416766 0.008888
v -0.143759 1.472204 0.039926
v -0.144158 1.297218 0.037206
v -0.146872 1.472164 0.041076
v -0.147218 1.297728 0.038289
v -0.147775 1.297729 0.038289
v -0.147428 1.472166 0.041076
v -0.142465 1.475074 -0.007383
v -0.142592 1.411888 -0.000335
v -0.142610 1.402307 -0.006529
v -0.143741 1.475110 -0.010168
v -0.144201 1.300103 -0.013050
v -0.146853 1.475162 -0.011319
v -0.147199 1.300923 -0.014130
v -0.147410 1.475163 -0.011319
v -0.147755 1.300924 -0.014130
v -0.147428 1.472166 0.041076
v -0.147775 1.297729 0.038289
v -0.147774 1.298661 0.042757
v -0.147777 1.298076 0.051829
v -0.147437 1.470791 0.065295
v -0.147775 1.300167 0.058280
v -0.147763 1.306463 0.062094
v -0.147661 1.358838 0.072727
v -0.147583 1.398837 0.075868
v -0.147444 1.467905 0.070884
v -0.147457 1.461477 0.073630
v -0.147755 1.300924 -0.014130
v -0.147410 1.475163 -0.011319
v -0.147752 1.302263 -0.018547
v -0.147749 1.302684 -0.027436
v -0.147401 1.476721 -0.035561
v -0.147741 1.305656 -0.033850
v -0.147727 1.312352 -0.037450
v -0.147618 1.365903 -0.046431
v -0.147538 1.406244 -0.048241
v -0.147404 1.474511 -0.041346
v -0.147415 1.468352 -0.044031
v 0.113362 1.477384 0.054349
v 0.115319 1.467109 0.053311
v 0.107582 1.486176 0.057038
v 0.079146 -0.746870 -0.109396
v 0.098476 -0.449175 -0.090222
v 0.104194 -0.507117 -0.092483
v 0.118957 -0.449821 -0.076727
v 0.124275 -0.505309 -0.078960
v 0.114741 -0.565541 -0.094033
v 0.134197 -0.562040 -0.080388
v 0.150501 -0.627506 -0.081080
v 0.120642 -0.731443 -0.102279
v 0.084053 -0.767238 -0.102332
v 0.127145 -0.750476 -0.095050
v 0.131906 -0.632328 -0.094726
v 0.157303 -0.712497 -0.094116
v 0.168142 -0.731454 -0.083132
v 0.175728 -0.709138 -0.080126
v 0.174084 -0.720927 -0.082945
v 0.101591 1.023554 -0.066871
v 0.118449 0.932724 -0.058417
v 0.104263 0.932544 -0.067885
v 0.115427 1.022942 -0.057796
v 0.127661 0.645083 -0.060819
v 0.037342 1.024136 -0.073977
v 0.112379 0.645193 -0.070978
v 0.132154 0.289466 -0.064752
v 0.097605 -0.368838 -0.089052
v 0.115410 0.289992 -0.076108
v 0.131388 -0.010945 -0.068872
v 0.113290 -0.009963 -0.081100
v 0.125801 -0.189921 -0.072085
v 0.106771 -0.188248 -0.084887
v 0.117705 -0.369889 -0.075835
v 0.098476 -0.449175 -0.090222
v 0.118957 -0.449821 -0.076727
v 0.017760 -0.448495 -0.098322
v -0.027331 1.024337 -0.076457
v -0.029299 -0.448355 -0.099484
v -0.092002 1.024373 -0.074171
v -0.077918 -0.448324 -0.098505
v -0.153956 -0.364678 -0.089887
v -0.154841 -0.448586 -0.091111
v -0.174392 -0.449204 -0.079583
v -0.170479 -0.368521 -0.081729
v -0.178242 -0.187570 -0.077936
v -0.163355 -0.177453 -0.085551
v -0.183393 -0.008750 -0.074538
v -0.169275 -0.001583 -0.081794
v -0.183408 0.292816 -0.070232
v -0.170877 0.298196 -0.076780
v -0.178035 0.646748 -0.066093
v -0.167402 0.647927 -0.071639
v -0.159023 0.932831 -0.068248
v -0.156254 1.024028 -0.067257
v -0.168135 0.933032 -0.063691
v -0.164886 1.023842 -0.062815
v -0.112595 1.492373 0.059556
v -0.115446 1.490602 0.051099
v -0.122267 1.481604 0.055798
v -0.122986 1.480261 0.050887
v -0.121028 1.480191 0.058095
v -0.125678 1.467543 0.054403
v -0.125552 1.467878 0.050927
v -0.124155 1.467428 0.056543
v -0.125811 1.280809 0.052295
v -0.125922 1.281781 0.047923
v -0.129017 1.273301 0.047649
v -0.121941 1.276938 0.054568
v -0.123958 1.271538 0.054898
v -0.126425 1.271812 0.054047
v -0.128928 1.272899 0.052114
v -0.136610 1.268790 0.047544
v -0.136612 1.268488 0.051182
v -0.135689 1.268052 0.053850
v -0.129540 1.267109 0.056911
v -0.129577 1.262064 0.060307
v -0.124214 1.259726 0.062720
v -0.126037 1.254174 0.064870
v -0.132470 1.254194 0.063395
v -0.124365 1.254820 0.065609
v -0.125417 1.248034 0.066926
v -0.131440 1.245692 0.066067
v -0.085965 1.254729 0.079364
v -0.128572 1.240058 0.067736
v -0.122642 1.244080 0.068391
v -0.110565 1.219447 0.073030
v -0.115790 1.216940 0.072355
v -0.104668 1.197898 0.075001
v -0.109512 1.197041 0.074126
v -0.103925 1.178359 0.074930
v -0.108657 1.178840 0.074216
v -0.112875 1.160780 0.072330
v -0.088829 1.053624 0.078028
v -0.108009 1.158816 0.073221
v -0.122831 1.141158 0.068340
v -0.117561 1.137651 0.068930
v -0.125893 1.067054 0.064285
v -0.121314 1.132753 0.067236
v -0.126878 1.138628 0.067503
v -0.127513 1.131920 0.064885
v -0.129521 1.134403 0.065237
v -0.139026 1.130363 0.059676
v -0.125770 1.128952 0.065247
v -0.135227 1.126132 0.058881
v -0.132964 1.120782 0.059698
v -0.134333 1.069780 0.057243
v -0.138255 1.125162 0.053928
v -0.143091 1.129840 0.055320
v -0.136438 1.118154 0.053474
v -0.137413 1.071190 0.047253
v -0.144229 1.130296 0.048230
v -0.137319 1.118424 0.048039
v -0.139190 1.125393 0.048173
v -0.139189 1.125440 0.045386
v -0.144229 1.130329 0.045443
v -0.137318 1.118655 0.045231
v -0.137359 1.097759 0.044832
v -0.137412 1.071421 0.044445
v -0.131719 1.476690 -0.035557
v -0.147401 1.476721 -0.035561
v -0.142465 1.475074 -0.007383
v -0.143741 1.475110 -0.010168
v -0.146853 1.475162 -0.011319
v -0.147410 1.475163 -0.011319
v -0.147404 1.474511 -0.041346
v -0.131755 1.470760 0.065299
v -0.131722 1.474480 -0.041342
v -0.147415 1.468352 -0.044031
v -0.131734 1.468321 -0.044028
v -0.147538 1.406244 -0.048241
v -0.131856 1.406213 -0.048237
v -0.131937 1.365872 -0.046427
v -0.147618 1.365903 -0.046431
v -0.132046 1.312321 -0.037446
v -0.147727 1.312352 -0.037450
v -0.147741 1.305656 -0.033850
v -0.132060 1.305624 -0.033846
v -0.147749 1.302684 -0.027436
v -0.132067 1.302652 -0.027433
v -0.132070 1.302232 -0.018543
v -0.147752 1.302263 -0.018547
v -0.147199 1.300923 -0.014130
v -0.147755 1.300924 -0.014130
v -0.144201 1.300103 -0.013050
v -0.142819 1.297064 -0.010223
v -0.132080 1.298099 -0.010840
v -0.132099 1.289068 -0.007941
v -0.142835 1.289089 -0.007944
v -0.143224 1.093207 -0.011062
v -0.132608 1.032606 -0.012016
v -0.145158 1.086632 -0.011078
v -0.150336 1.082701 -0.011089
v -0.158650 1.080462 -0.011143
v -0.168493 1.032677 -0.012025
v -0.167104 1.076320 -0.011294
v -0.162665 1.080837 -0.011189
v -0.165785 1.079525 -0.011192
v -0.029299 -0.448355 -0.099484
v -0.007047 -0.762831 -0.116940
v -0.050761 -0.763314 -0.117044
v 0.036422 -0.757527 -0.114313
v -0.005889 -0.784550 -0.110201
v 0.017760 -0.448495 -0.098322
v -0.051602 -0.785049 -0.110468
v -0.077918 -0.448324 -0.098505
v 0.039524 -0.778679 -0.107481
v -0.097127 -0.779974 -0.108141
v -0.094325 -0.758644 -0.114832
v -0.141865 -0.769360 -0.103384
v -0.137232 -0.748991 -0.110283
v -0.154841 -0.448586 -0.091111
v -0.185259 -0.753383 -0.096331
v -0.160838 -0.506891 -0.093494
v -0.174392 -0.449204 -0.079583
v -0.181107 -0.505017 -0.079978
v -0.171680 -0.565863 -0.095302
v -0.191314 -0.562264 -0.081506
v -0.178994 -0.734172 -0.103417
v -0.215855 -0.716037 -0.095485
v -0.226563 -0.735352 -0.084623
v -0.232730 -0.724617 -0.084459
v -0.234448 -0.712808 -0.081645
v -0.189312 -0.633715 -0.096030
v -0.208069 -0.628616 -0.082253
v -0.093144 0.495643 0.074550
v -0.094871 0.506441 0.081414
v -0.105101 0.487540 0.080282
v -0.080867 0.511922 0.075836
v -0.100867 0.476573 0.073601
v -0.080334 0.522329 0.082588
v -0.064868 0.524581 0.076749
v -0.101073 0.510519 0.080916
v -0.110387 0.466596 0.079399
v -0.103526 0.456064 0.073159
v -0.111359 0.487677 0.079775
v -0.062399 0.533869 0.083634
v -0.046295 0.532356 0.077602
v -0.110426 0.444966 0.079093
v -0.042219 0.540486 0.084301
v -0.100949 0.435570 0.073039
v -0.026392 0.534959 0.077775
v -0.065165 0.544761 0.083614
v -0.087163 0.528684 0.082303
v -0.045003 0.550644 0.084370
v -0.021081 0.541762 0.084307
v -0.006504 0.532257 0.077449
v -0.020667 0.552301 0.084496
v -0.046616 0.637750 0.085697
v 0.001747 0.637812 0.085362
v 0.002719 0.545964 0.083795
v -0.000267 0.537720 0.083820
v 0.012051 0.524408 0.076605
v -0.109672 0.638211 0.082205
v 0.018899 0.528532 0.082812
v 0.027980 0.511830 0.075358
v 0.022355 0.536403 0.082670
v 0.053298 0.638621 0.082155
v 0.040331 0.522115 0.081303
v 0.035221 0.514649 0.081558
v 0.040184 0.495319 0.074100
v 0.054657 0.500870 0.079802
v 0.047637 0.497002 0.080274
v 0.047826 0.476218 0.073155
v 0.061891 0.481181 0.078604
v 0.055373 0.476950 0.079282
v 0.050402 0.455862 0.072528
v 0.057975 0.455459 0.078631
v 0.055289 0.433874 0.078644
v 0.047741 0.435379 0.072407
v 0.065592 0.455326 0.077665
v 0.062615 0.432423 0.077676
v 0.047473 0.413643 0.078982
v 0.040026 0.416118 0.072954
v 0.113911 0.454096 0.071433
v 0.054779 0.411111 0.078311
v 0.034991 0.396098 0.079648
v 0.027752 0.399694 0.073649
v 0.018617 0.382154 0.080531
v 0.011767 0.387048 0.074373
v 0.034994 0.386693 0.079487
v 0.047298 0.401235 0.078860
v 0.035250 -0.458153 0.066148
v 0.020600 0.374031 0.080213
v -0.000594 0.372886 0.081170
v -0.006821 0.379097 0.075014
v 0.000284 0.364417 0.081058
v -0.014676 -0.124922 0.073628
v -0.014266 0.081302 0.076958
v -0.028325 -0.458099 0.068597
v -0.017181 -0.132813 0.073610
v -0.023711 -0.137679 0.073548
v -0.031776 -0.137663 0.073546
v -0.038286 -0.132771 0.073605
v -0.040760 -0.124850 0.073784
v -0.021320 0.361312 0.081436
v -0.016740 0.089224 0.077138
v -0.023251 0.094130 0.077195
v -0.031315 0.094146 0.077193
v -0.091797 -0.457861 0.066440
v -0.042427 0.363223 0.081365
v -0.037845 0.089266 0.077133
v -0.021415 0.368848 0.081663
v -0.026723 0.376539 0.075326
v -0.040351 0.081354 0.076952
v -0.042555 0.370372 0.081477
v -0.046603 0.379196 0.075165
v -0.062714 0.377135 0.081143
v -0.065148 0.387240 0.074677
v -0.062975 0.368281 0.080914
v -0.082362 0.379679 0.080180
v -0.080599 0.388746 0.080545
v -0.081086 0.399950 0.073945
v -0.097252 0.396341 0.079456
v -0.095068 0.404824 0.079730
v -0.093305 0.416443 0.073408
v -0.105222 0.423936 0.079201
v -0.109874 0.418062 0.078771
v -0.154011 -0.373642 0.061409
v -0.154943 -0.457386 0.060000
v -0.169658 -0.376214 0.052395
v -0.169101 -0.456924 0.052744
v -0.177555 -0.193793 0.054374
v -0.163409 -0.186201 0.062938
v -0.182736 0.028569 0.057534
v -0.169563 0.033828 0.065400
v -0.182648 0.296195 0.062214
v -0.170764 0.306257 0.069495
v -0.178779 0.636075 0.066593
v -0.115410 0.443395 0.078464
v -0.115361 0.468232 0.078872
v -0.167454 0.639350 0.075194
v -0.159076 0.924142 0.080724
v -0.171767 0.925723 0.067278
v -0.163600 1.069566 0.079686
v -0.167138 1.071188 0.071306
v -0.160917 1.075301 0.071297
v -0.158536 1.073931 0.077025
v -0.155543 1.067017 0.083595
v -0.153107 1.071414 0.079623
v -0.103267 1.051528 0.085156
v -0.105090 1.046927 0.088990
v -0.053922 1.031563 0.091681
v -0.052721 1.036349 0.087824
v -0.002307 1.020737 0.091528
v -0.001733 1.025524 0.087673
v 0.049530 1.019204 0.084515
v 0.049586 1.014416 0.088372
v 0.100896 1.017235 0.078376
v 0.101583 1.012445 0.082230
v 0.112589 1.012797 0.076133
v 0.109274 1.017586 0.073752
v 0.104209 0.923762 0.080443
v 0.115471 0.924678 0.074277
v 0.112265 0.640033 0.074618
v 0.124466 0.637478 0.067730
v 0.128537 0.291293 0.061011
v 0.115346 0.291659 0.068494
v 0.115193 0.033838 0.064092
v 0.127774 0.026876 0.056433
v 0.107309 -0.185921 0.062083
v 0.121944 -0.194874 0.053522
v 0.097634 -0.374078 0.060479
v 0.113507 -0.377243 0.051703
v 0.098422 -0.457825 0.059073
v 0.114636 -0.457252 0.050169
v -0.042144 1.356396 0.082187
v -0.028967 1.364017 0.089438
v -0.039707 1.368984 0.082288
v -0.030519 1.355919 0.089279
v -0.028789 1.347449 0.089167
v -0.039426 1.343011 0.081856
v -0.024548 1.370790 0.089595
v -0.032763 1.379693 0.082455
v -0.022351 1.386821 0.082569
v -0.023332 1.339922 0.089104
v -0.030853 1.331150 0.081663
v -0.017921 1.375288 0.089702
v -0.018381 1.324547 0.081651
v -0.010091 1.389250 0.082601
v -0.015393 1.335578 0.088979
v -0.010117 1.376958 0.089661
v -0.005528 1.323754 0.081585
v 0.009244 1.362255 0.089490
v -0.001847 1.375053 0.089565
v 0.002905 1.386404 0.082620
v 0.005023 1.369963 0.089534
v 0.013696 1.378282 0.082465
v 0.020327 1.366241 0.082294
v 0.010084 1.353767 0.089217
v 0.021647 1.352879 0.082126
v -0.007214 1.335181 0.089027
v 0.007333 1.345121 0.089126
v 0.017326 1.339508 0.081793
v 0.000989 1.338352 0.088968
v 0.007360 1.328804 0.081625
v -0.137331 1.103271 -0.027013
v -0.126043 1.274484 -0.024161
v 0.116142 1.142852 -0.026277
v 0.117485 1.021294 -0.028145
v -0.136991 1.274506 -0.024163
v -0.140210 1.092370 -0.027157
v -0.168321 1.021863 -0.028214
v -0.148039 1.084286 -0.027317
v -0.158644 1.081486 -0.027303
v -0.167099 1.077195 -0.027270
v -0.162659 1.081692 -0.027328
v -0.165762 1.080380 -0.027330
v 0.116795 1.471569 -0.021027
v 0.015910 1.514662 -0.020388
v -0.024650 1.514743 -0.020398
v 0.056202 1.509887 -0.020462
v 0.095718 1.500587 -0.020635
v 0.114174 1.483983 -0.020902
v 0.106697 1.494354 -0.020696
v -0.125650 1.472051 -0.021086
v -0.064937 1.510128 -0.020491
v -0.104459 1.500985 -0.020684
v -0.115462 1.494796 -0.020750
v -0.122981 1.484455 -0.020959
v 0.157249 -0.721206 0.054694
v 0.170265 -0.726648 0.047177
v 0.171934 -0.717502 0.045245
v 0.166026 -0.734923 0.047041
v 0.146651 -0.636271 0.048758
v 0.125798 -0.755012 0.057179
v 0.131851 -0.641333 0.057883
v 0.130148 -0.570523 0.050233
v 0.120583 -0.741046 0.062349
v 0.083026 -0.772315 0.064032
v 0.114686 -0.574448 0.059381
v 0.120087 -0.513358 0.050626
v 0.079082 -0.757439 0.068929
v 0.104139 -0.515984 0.059619
v 0.114636 -0.457252 0.050169
v 0.098422 -0.457825 0.059073
v 0.038854 -0.784046 0.068736
v 0.035250 -0.458153 0.066148
v 0.036354 -0.768445 0.073379
v -0.006180 -0.790220 0.071290
v -0.007117 -0.774255 0.075888
v -0.028325 -0.458099 0.068597
v -0.051506 -0.790680 0.071346
v -0.050831 -0.774719 0.075944
v -0.091797 -0.457861 0.066440
v -0.096644 -0.785403 0.069229
v -0.094393 -0.769811 0.073873
v -0.141016 -0.774577 0.064801
v -0.137297 -0.759553 0.069514
v -0.154943 -0.457386 0.060000
v -0.184073 -0.758029 0.058203
v -0.160893 -0.515889 0.060588
v -0.169101 -0.456924 0.052744
v -0.176970 -0.513220 0.051427
v -0.171736 -0.575065 0.060274
v -0.187320 -0.570875 0.051256
v -0.179053 -0.743906 0.063188
v -0.215910 -0.725016 0.055813
v -0.224566 -0.738882 0.048176
v -0.228971 -0.730406 0.048288
v -0.230711 -0.721050 0.046495
v -0.204275 -0.637488 0.049887
v -0.189367 -0.642792 0.059044
v -0.063862 0.146447 0.042019
v -0.064439 -0.144087 0.037351
v 0.008944 -0.144233 0.037368
v 0.009521 0.146301 0.042036
v -0.147437 1.470791 0.065295
v -0.142481 1.472418 0.037119
v -0.143759 1.472204 0.039926
v -0.146872 1.472164 0.041076
v -0.147428 1.472166 0.041076
v -0.131762 1.467874 0.070888
v -0.147444 1.467905 0.070884
v -0.131776 1.461446 0.073634
v -0.147457 1.461477 0.073630
v -0.147583 1.398837 0.075868
v -0.131901 1.398805 0.075872
v -0.131980 1.358806 0.072731
v -0.147661 1.358838 0.072727
v -0.132082 1.306432 0.062098
v -0.147763 1.306463 0.062094
v -0.132093 1.300135 0.058284
v -0.147775 1.300167 0.058280
v -0.132096 1.298045 0.051832
v -0.147777 1.298076 0.051829
v -0.147774 1.298661 0.042757
v -0.132092 1.298630 0.042761
v -0.147218 1.297728 0.038289
v -0.147775 1.297729 0.038289
v -0.144158 1.297218 0.037206
v -0.142835 1.294422 0.034276
v -0.132097 1.295436 0.035133
v -0.132113 1.286774 0.031773
v -0.142849 1.286795 0.031770
v -0.143238 1.090913 0.028652
v -0.132623 1.030114 0.027719
v -0.145172 1.084338 0.028636
v -0.150350 1.080388 0.028462
v -0.158665 1.078148 0.028407
v -0.168507 1.030185 0.027710
v -0.167118 1.074026 0.028420
v -0.162679 1.078543 0.028525
v -0.165800 1.077211 0.028359
v -0.102882 0.468285 0.034853
v -0.097547 0.488803 0.035298
v -0.100867 0.476573 0.073601
v -0.093144 0.495643 0.074550
v -0.103526 0.456064 0.073159
v -0.086417 0.507971 0.035579
v -0.102921 0.448361 0.034664
v -0.080867 0.511922 0.075836
v -0.100949 0.435570 0.073039
v -0.070242 0.523371 0.035827
v -0.097668 0.427822 0.034224
v -0.064868 0.524581 0.076749
v -0.093305 0.416443 0.073408
v -0.051007 0.533288 0.035929
v -0.086614 0.408610 0.033948
v -0.046295 0.532356 0.077602
v -0.081086 0.399950 0.073945
v -0.031180 0.537407 0.036079
v -0.070501 0.393146 0.033705
v -0.026392 0.534959 0.077775
v -0.065148 0.387240 0.074677
v -0.011766 0.536033 0.036082
v -0.051305 0.383152 0.033616
v -0.006504 0.532257 0.077449
v -0.046603 0.379196 0.075165
v -0.031573 0.379015 0.033448
v -0.026723 0.376539 0.075326
v 0.008011 0.528960 0.035952
v 0.012051 0.524408 0.076605
v 0.025683 0.515690 0.035736
v 0.027980 0.511830 0.075358
v 0.039105 0.498174 0.035425
v 0.040184 0.495319 0.074100
v 0.047520 0.478164 0.035121
v 0.047826 0.476218 0.073155
v 0.050402 0.455862 0.072528
v 0.050397 0.458011 0.034798
v 0.047833 0.437889 0.034467
v 0.047741 0.435379 0.072407
v 0.040026 0.416118 0.072954
v 0.039600 0.417579 0.034162
v 0.027752 0.399694 0.073649
v 0.026114 0.399920 0.033837
v 0.011767 0.387048 0.074373
v 0.008086 0.386585 0.033608
v -0.006821 0.379097 0.075014
v -0.012121 0.379763 0.033635
v -0.026723 0.376539 0.075326
v -0.031573 0.379015 0.033448
v -0.129250 0.367946 0.083895
v -0.101193 0.341019 0.083472
v -0.067768 0.323618 0.083316
v -0.033411 0.316415 0.083023
v 0.000460 0.317716 0.083350
v -0.148497 0.401399 0.084376
v 0.035646 0.329595 0.083302
v -0.157644 0.437162 0.085140
v 0.035514 0.577503 0.087384
v -0.157575 0.471855 0.085470
v 0.067036 0.352815 0.083701
v -0.148286 0.507581 0.086245
v 0.066286 0.554398 0.087008
v 0.001077 0.589820 0.087610
v 0.089657 0.523897 0.086466
v -0.128906 0.540957 0.086735
v 0.090518 0.383564 0.084268
v -0.032725 0.592212 0.087605
v -0.067249 0.585040 0.087344
v -0.100743 0.567772 0.087167
v 0.104854 0.418927 0.084799
v 0.104310 0.489056 0.085937
v 0.109350 0.453965 0.085374
v -0.126068 1.270271 0.047529
v -0.137357 1.099064 0.044838
v -0.054453 1.039270 0.043945
v -0.137017 1.270293 0.047526
v -0.108467 1.055747 0.044227
v -0.140236 1.088163 0.044694
v -0.148065 1.080093 0.044533
v -0.158671 1.077110 0.044569
v -0.160908 1.076931 0.044591
v -0.162685 1.077485 0.044523
v 0.116116 1.138645 0.045574
v 0.000755 1.027689 0.043887
v 0.056722 1.020980 0.043722
v 0.113025 1.019366 0.043756
v 0.117512 1.014845 0.043652
v 0.116769 1.467376 0.050822
v 0.015938 1.510469 0.051461
v 0.056207 1.505679 0.051390
v -0.024621 1.510549 0.051451
v 0.095692 1.496196 0.051235
v 0.114148 1.479789 0.050944
v 0.106671 1.490160 0.051153
v -0.125676 1.467858 0.050764
v -0.064932 1.505920 0.051360
v -0.104485 1.496594 0.051186
v -0.115488 1.490602 0.051099
v -0.123007 1.480261 0.050887
v -0.079756 0.147240 0.029813
v 0.025706 -0.190338 0.024501
v 0.026376 0.147029 0.029839
v -0.080426 -0.190127 0.024476
v -0.023711 -0.137679 0.073548
v -0.017110 -0.131157 0.045592
v -0.023903 -0.136220 0.045554
v -0.031564 -0.136205 0.045552
v -0.017181 -0.132813 0.073610
v -0.031776 -0.137663 0.073546
v -0.014676 -0.124922 0.073628
v -0.038337 -0.131115 0.045587
v -0.014666 -0.123265 0.045610
v -0.038286 -0.132771 0.073605
v -0.040760 -0.124850 0.073784
v -0.040750 -0.123213 0.045604
v -0.014266 0.081302 0.076958
v -0.014256 0.082959 0.048941
v -0.016669 0.090697 0.049143
v -0.016740 0.089224 0.077138
v -0.023251 0.094130 0.077195
v -0.023443 0.095787 0.049178
v -0.031103 0.095802 0.049176
v -0.031315 0.094146 0.077193
v -0.037897 0.090739 0.049138
v -0.037845 0.089266 0.077133
v -0.040351 0.081354 0.076952
v -0.040341 0.083011 0.048934
v -0.040760 -0.124850 0.073784
v -0.040750 -0.123213 0.045604
v -0.195797 -0.573625 0.002342
v 0.137666 -0.569227 0.002461
v -0.005734 -0.799799 -0.001171
v 0.040024 -0.793693 -0.001098
v -0.051870 -0.800278 -0.001278
v 0.154604 -0.636419 0.001490
v 0.084717 -0.781924 -0.000897
v 0.127704 -0.764505 -0.000568
v 0.178366 -0.713247 0.000220
v 0.168344 -0.742005 -0.000200
v 0.179466 -0.724155 0.000077
v 0.175893 -0.734504 -0.000134
v 0.127354 -0.510867 0.003364
v -0.097701 -0.795105 -0.001091
v -0.184577 -0.512700 0.003260
v 0.121961 -0.454585 0.004355
v -0.212544 -0.638515 0.001253
v -0.178675 -0.453987 0.004282
v -0.142568 -0.784095 -0.000961
v 0.120701 -0.371421 0.005670
v -0.185804 -0.767639 -0.000676
v -0.177103 -0.370462 0.005553
v -0.237171 -0.716932 0.000014
v 0.127817 -0.210195 0.008104
v -0.226791 -0.746112 -0.000354
v -0.238478 -0.725029 -0.000144
v -0.235359 -0.737077 -0.000310
v -0.183605 -0.208821 0.008102
v 0.134548 0.028567 0.011884
v -0.189362 0.029965 0.011879
v 0.134489 0.300279 0.016231
v -0.188214 0.301472 0.016085
v 0.130153 0.627870 0.021452
v -0.182577 0.628492 0.021377
v 0.120504 0.927809 0.026119
v -0.171752 0.928024 0.026093
v 0.118683 1.015881 0.027491
v -0.140230 1.089038 0.028715
v -0.148060 1.080953 0.028555
v -0.137351 1.099939 0.028859
v -0.167118 1.074026 0.028420
v -0.158665 1.078148 0.028407
v -0.162679 1.078543 0.028525
v -0.165781 1.077211 0.028359
v 0.116122 1.139500 0.029435
v -0.126063 1.271146 0.031550
v -0.137011 1.271168 0.031547
v 0.116774 1.468217 0.034685
v 0.106677 1.491001 0.035016
v 0.114154 1.480834 0.034948
v 0.095698 1.497254 0.035237
v 0.056213 1.506718 0.035228
v 0.015944 1.511324 0.035322
v -0.024616 1.511405 0.035312
v -0.125671 1.468699 0.034626
v -0.064926 1.506959 0.035199
v -0.104479 1.497653 0.035188
v -0.123001 1.481306 0.034890
v -0.115482 1.491443 0.034962
v 0.137068 -0.561974 -0.069105
v 0.127374 -0.507529 -0.052346
v 0.137688 -0.565874 -0.053251
v 0.137680 -0.566899 -0.037091
v 0.127269 -0.505808 -0.067611
v 0.124275 -0.505309 -0.078960
v 0.127368 -0.508370 -0.036209
v 0.121986 -0.450503 -0.065352
v 0.118957 -0.449821 -0.076727
v 0.121981 -0.451450 -0.051493
v 0.121975 -0.452291 -0.035356
v -0.080426 -0.190127 0.024476
v -0.079763 0.146123 0.049913
v -0.080433 -0.191428 0.044595
v -0.079756 0.147240 0.029813
v -0.126049 1.273440 -0.008161
v -0.137337 1.102416 -0.010874
v 0.116136 1.141814 -0.010116
v 0.118653 1.020248 -0.012148
v -0.136997 1.273462 -0.008164
v -0.140216 1.091332 -0.010996
v 0.116789 1.470511 -0.005026
v -0.168864 1.020820 -0.012218
v -0.148045 1.083431 -0.011178
v 0.120518 0.930123 -0.013432
v -0.158650 1.080462 -0.011143
v -0.171738 0.930318 -0.013618
v -0.167104 1.076320 -0.011294
v -0.162665 1.080837 -0.011189
v -0.165767 1.079525 -0.011192
v 0.129397 0.663851 -0.017784
v -0.182563 0.630801 -0.018336
v 0.134215 0.343596 -0.022758
v -0.188199 0.303785 -0.023465
v 0.134909 0.079983 -0.026944
v -0.189348 0.032273 -0.027834
v 0.132280 -0.096303 -0.029667
v -0.183591 -0.206528 -0.031612
v 0.123910 -0.284069 -0.032629
v -0.177089 -0.368168 -0.034158
v 0.120523 -0.382106 -0.034260
v -0.178660 -0.451693 -0.035429
v 0.121975 -0.452291 -0.035356
v 0.127368 -0.508370 -0.036209
v -0.184563 -0.510387 -0.036291
v 0.137680 -0.566899 -0.037091
v -0.195782 -0.571331 -0.037369
v -0.051856 -0.797964 -0.040829
v -0.097686 -0.792797 -0.040804
v -0.005720 -0.797506 -0.040885
v -0.212530 -0.636221 -0.038458
v 0.040039 -0.791385 -0.040814
v -0.142554 -0.781801 -0.040671
v 0.154618 -0.634125 -0.038224
v -0.185790 -0.765345 -0.040387
v 0.084732 -0.779447 -0.040631
v -0.237157 -0.714638 -0.039697
v 0.127718 -0.762211 -0.040279
v -0.226777 -0.743818 -0.040065
v -0.238463 -0.722532 -0.039717
v -0.235345 -0.734763 -0.039861
v 0.178380 -0.710938 -0.039492
v 0.168358 -0.739711 -0.039914
v 0.175908 -0.732013 -0.039869
v 0.179480 -0.721861 -0.039634
v 0.114169 1.483128 -0.004763
v 0.095712 1.499549 -0.004474
v 0.106691 1.493315 -0.004535
v 0.056196 1.509032 -0.004323
v 0.015904 1.513821 -0.004251
v -0.024655 1.513902 -0.004261
v -0.125656 1.470993 -0.005084
v -0.064943 1.509273 -0.004352
v -0.104465 1.499947 -0.004523
v -0.115468 1.493757 -0.004589
v -0.122987 1.483600 -0.004821
v 0.026369 0.145912 0.049939
v 0.025699 -0.191639 0.044621
v -0.014666 -0.123265 0.045610
v -0.017110 -0.131157 0.045592
v -0.014256 0.082959 0.048941
v -0.023903 -0.136220 0.045554
v -0.016669 0.090697 0.049143
v -0.023443 0.095787 0.049178
v -0.080433 -0.191428 0.044595
v -0.031564 -0.136205 0.045552
v -0.040750 -0.123213 0.045604
v -0.079763 0.146123 0.049913
v -0.031103 0.095802 0.049176
v -0.040341 0.083011 0.048934
v -0.037897 0.090739 0.049138
v 0.026376 0.147029 0.029839
v 0.025699 -0.191639 0.044621
v 0.026369 0.145912 0.049939
v 0.025706 -0.190338 0.024501
v -0.095318 0.791448 0.023927
v -0.098168 -0.648287 -0.038460
v -0.095304 0.793742 -0.015786
v -0.098182 -0.650600 0.001091
v -0.132608 1.032606 -0.012016
v -0.132623 1.030114 0.027719
v -0.238483 -0.725870 0.015993
v -0.238478 -0.725029 -0.000144
v -0.237171 -0.716932 0.000014
v -0.238489 -0.726758 0.030339
v -0.237177 -0.717970 0.016176
v -0.230711 -0.721050 0.046495
v -0.212544 -0.638515 0.001253
v -0.237174 -0.718805 0.030839
v -0.210831 -0.634489 0.034304
v -0.204275 -0.637488 0.049887
v -0.212550 -0.639553 0.017417
v -0.195797 -0.573625 0.002342
v -0.195803 -0.574684 0.018344
v -0.184577 -0.512700 0.003260
v -0.194267 -0.568662 0.035442
v -0.187320 -0.570875 0.051256
v -0.184583 -0.513541 0.019397
v -0.178681 -0.455045 0.020283
v -0.178675 -0.453987 0.004282
v -0.178672 -0.455979 0.035776
v -0.184182 -0.511577 0.035520
v -0.176970 -0.513220 0.051427
v -0.169101 -0.456924 0.052744
v -0.234448 -0.712808 -0.081645
v -0.238463 -0.722532 -0.039717
v -0.237129 -0.712785 -0.070684
v -0.237151 -0.713763 -0.055675
v -0.237157 -0.714638 -0.039697
v -0.212530 -0.636221 -0.038458
v -0.210793 -0.628390 -0.071155
v -0.208069 -0.628616 -0.082253
v -0.212524 -0.635360 -0.054432
v -0.195782 -0.571331 -0.037369
v -0.195778 -0.570471 -0.053346
v -0.184563 -0.510387 -0.036291
v -0.194229 -0.562385 -0.070201
v -0.191314 -0.562264 -0.081506
v -0.184557 -0.509348 -0.052452
v -0.178655 -0.450852 -0.051566
v -0.178660 -0.451693 -0.035429
v -0.178635 -0.449899 -0.066899
v -0.184144 -0.505504 -0.068628
v -0.181107 -0.505017 -0.079978
v -0.174392 -0.449204 -0.079583
v -0.131719 1.476690 -0.035557
v -0.131849 1.416745 0.008891
v -0.131857 1.411867 -0.000332
v -0.131874 1.402286 -0.006526
v -0.131897 1.390652 -0.008054
v -0.131734 1.468321 -0.044028
v -0.131722 1.474480 -0.041342
v -0.131856 1.406213 -0.048237
v -0.131755 1.470760 0.065299
v -0.131937 1.365872 -0.046427
v -0.131853 1.415950 0.019296
v -0.132046 1.312321 -0.037446
v -0.131868 1.409739 0.028398
v -0.131890 1.399540 0.034060
v -0.132067 1.302652 -0.027433
v -0.132060 1.305624 -0.033846
v -0.132070 1.302232 -0.018543
v -0.131921 1.379246 -0.004535
v -0.132080 1.298099 -0.010840
v -0.131939 1.370968 0.003018
v -0.132099 1.289068 -0.007941
v -0.131948 1.367517 0.013257
v -0.132113 1.286774 0.031773
v -0.132608 1.032606 -0.012016
v -0.132623 1.030114 0.027719
v -0.131946 1.369673 0.023302
v -0.132097 1.295436 0.035133
v -0.131934 1.377031 0.031240
v -0.132092 1.298630 0.042761
v -0.131913 1.388022 0.035137
v -0.132096 1.298045 0.051832
v -0.132082 1.306432 0.062098
v -0.132093 1.300135 0.058284
v -0.131980 1.358806 0.072731
v -0.131901 1.398805 0.075872
v -0.131776 1.461446 0.073634
v -0.131762 1.467874 0.070888
v 0.107082 1.023907 -0.037791
v -0.128805 1.024377 -0.037848
v -0.122971 1.024693 -0.042796
v 0.115918 1.029948 -0.028054
v 0.112657 1.030691 -0.040581
v 0.109386 1.023397 -0.028073
v 0.103837 1.031307 -0.048018
v -0.130970 1.023875 -0.028132
v -0.137476 1.030452 -0.028116
v -0.134352 1.031347 -0.040823
v -0.125937 1.031586 -0.047890
v -0.089200 1.032459 -0.061740
v 0.100852 1.024228 -0.042902
v -0.087187 1.025424 -0.056301
v -0.050498 1.032862 -0.070135
v 0.065209 1.025121 -0.056265
v 0.067246 1.032129 -0.061862
v -0.049486 1.025835 -0.064531
v -0.010867 1.025805 -0.067308
v -0.010852 1.032981 -0.073092
v 0.027642 1.025682 -0.064512
v 0.028680 1.032686 -0.070275
v -0.012042 1.027598 0.083002
v -0.050233 1.042528 0.086253
v -0.050751 1.036175 0.080321
v -0.010889 1.033950 0.088937
v 0.028462 1.028258 0.086029
v -0.088829 1.053624 0.078028
v -0.013998 1.030341 0.043888
v -0.088724 1.047493 0.072397
v -0.074423 1.044773 0.044095
v -0.125191 1.061144 0.058951
v -0.125893 1.067054 0.064285
v -0.133253 1.065018 0.044408
v -0.134333 1.069780 0.057243
v 0.026672 1.021907 0.080097
v 0.047475 1.021766 0.043788
v 0.066977 1.025270 0.077559
v -0.131098 1.063753 0.054052
v 0.064566 1.018776 0.071968
v 0.103797 1.024845 0.063867
v -0.133254 1.064985 0.047192
v -0.137413 1.071190 0.047253
v -0.137412 1.071421 0.044445
v 0.100793 1.018372 0.058439
v 0.109424 1.019189 0.043778
v 0.107093 1.018668 0.053329
v 0.112628 1.025242 0.056456
v 0.115892 1.025938 0.043773
v -0.035642 -0.132134 0.029511
v -0.027743 -0.137612 0.074029
v -0.035658 -0.134607 0.073991
v -0.027727 -0.134990 0.029370
v -0.039825 -0.124610 0.029577
v -0.039841 -0.127049 0.074215
v -0.038345 -0.118599 0.074330
v -0.038329 -0.115962 0.029668
v -0.031862 -0.113134 0.074481
v -0.031846 -0.110512 0.029822
v -0.023473 -0.113171 0.074324
v -0.023457 -0.110529 0.029824
v -0.017030 -0.118641 0.074335
v -0.017015 -0.116188 0.029696
v -0.015610 -0.127280 0.074243
v -0.015594 -0.124658 0.029583
v -0.019857 -0.134821 0.074017
v -0.019841 -0.132166 0.029515
v -0.027727 -0.134990 0.029370
v -0.027743 -0.137612 0.074029
v 0.025706 -0.190338 0.024501
v -0.080433 -0.191428 0.044595
v 0.025699 -0.191639 0.044621
v -0.080426 -0.190127 0.024476
v 0.076496 1.278597 0.043730
v -0.052275 1.281167 0.004148
v 0.076510 1.280911 0.004179
v -0.052289 1.278854 0.043699
v -0.080524 1.331608 0.044632
v -0.052170 1.333845 0.004925
v -0.052185 1.331551 0.044639
v -0.080510 1.333901 0.004919
v -0.092880 1.398849 0.006001
v -0.082924 1.382826 0.005664
v -0.092903 1.387503 0.008364
v -0.129987 1.398922 0.005992
v -0.130010 1.387393 0.008378
v -0.084088 1.375561 0.013749
v -0.080435 1.371548 0.005566
v -0.092922 1.378785 0.015481
v -0.130029 1.378695 0.015658
v -0.080444 1.367920 0.009772
v -0.080510 1.333901 0.004919
v -0.084100 1.371335 0.025390
v -0.092932 1.375111 0.025420
v -0.130039 1.375185 0.025411
v -0.080459 1.362290 0.025182
v -0.080524 1.331608 0.044632
v -0.080455 1.366066 0.040756
v -0.080450 1.369234 0.045117
v -0.092930 1.377445 0.035281
v -0.130036 1.377722 0.035409
v -0.084097 1.374252 0.036978
v -0.082939 1.380532 0.045375
v -0.092916 1.385497 0.042806
v -0.130022 1.385571 0.042797
v -0.092894 1.396535 0.045552
v -0.130001 1.396609 0.045543
v 0.138189 1.479451 0.013190
v 0.076905 1.479981 0.007236
v 0.131593 1.479872 0.007249
v 0.076891 1.477687 0.046947
v 0.138179 1.477959 0.041025
v 0.131579 1.477578 0.046960
v -0.119298 1.478077 0.046899
v -0.080220 1.480294 0.007198
v -0.080234 1.477999 0.046909
v -0.119284 1.480371 0.007189
v -0.005300 3.324332 0.048931
v -0.005305 3.323483 0.063596
v 0.001654 3.361917 0.056948
v 0.138793 1.783896 0.017963
v 0.131593 1.479872 0.007249
v 0.132216 1.793523 0.012207
v 0.138189 1.479451 0.013190
v 0.138783 1.782220 0.045820
v 0.138179 1.477959 0.041025
v 0.132202 1.791230 0.051921
v 0.131579 1.477578 0.046960
v -0.132676 1.415349 0.017406
v -0.132707 1.398855 0.008453
v -0.132750 1.380207 0.034126
v -0.132688 1.408549 0.010873
v -0.129965 1.410158 0.008714
v -0.129951 1.418007 0.016099
v -0.129987 1.398922 0.005992
v -0.129949 1.420530 0.026099
v -0.132674 1.417546 0.026139
v -0.129958 1.416850 0.035876
v -0.132727 1.388794 0.010663
v -0.130010 1.387393 0.008378
v -0.132682 1.414448 0.034696
v -0.129977 1.408152 0.043153
v -0.132744 1.381292 0.016814
v -0.130029 1.378695 0.015658
v -0.132752 1.378011 0.025394
v -0.130039 1.375185 0.025411
v -0.132699 1.406748 0.040871
v -0.130001 1.396609 0.045543
v -0.130036 1.377722 0.035409
v -0.132719 1.396884 0.043054
v -0.130022 1.385571 0.042797
v -0.132738 1.387190 0.040637
v -0.115160 2.266320 0.019691
v -0.106384 2.469337 0.033883
v -0.106814 2.462040 0.029373
v -0.107089 2.457463 0.022732
v -0.106390 2.468307 0.051516
v -0.105856 2.477716 0.050203
v -0.105850 2.478565 0.035538
v -0.090191 2.690970 0.038933
v -0.090196 2.690121 0.053598
v -0.068198 2.902961 0.042213
v -0.068204 2.902127 0.056876
v -0.039892 3.114220 0.045585
v -0.039897 3.113372 0.060250
v -0.005300 3.324332 0.048931
v -0.005305 3.323483 0.063596
v -0.115174 2.263992 0.059244
v -0.106824 2.460574 0.055895
v -0.107103 2.455149 0.062283
v -0.118103 2.074968 0.016676
v -0.118118 2.072457 0.056251
v -0.119298 1.478077 0.046899
v -0.119284 1.480371 0.007189
v 0.130081 1.821183 0.032560
v 0.130056 1.809102 0.036651
v 0.130059 1.809562 0.028088
v 0.130045 1.801791 0.021345
v 0.130038 1.800672 0.043077
v 0.132202 1.791230 0.051921
v 0.132216 1.793523 0.012207
v 0.138793 1.783896 0.017963
v 0.138783 1.782220 0.045820
v 0.076891 1.477687 0.046947
v 0.076510 1.280911 0.004179
v 0.076905 1.479981 0.007236
v 0.076496 1.278597 0.043730
v 0.121468 1.808882 0.040931
v 0.130038 1.800672 0.043077
v 0.130056 1.809102 0.036651
v 0.116391 1.812486 0.041147
v 0.130081 1.821183 0.032560
v 0.111884 1.820634 0.041627
v 0.112499 2.129977 0.046620
v 0.130695 2.130506 0.037393
v 0.108933 2.321341 0.049634
v 0.127116 2.322638 0.040476
v 0.098865 2.519867 0.052758
v 0.117015 2.521734 0.043692
v 0.082321 2.718222 0.055899
v 0.100420 2.720640 0.046769
v 0.066636 2.858618 0.058092
v 0.084688 2.861403 0.048917
v 0.043555 3.026319 0.060716
v 0.061531 3.029675 0.051635
v 0.035529 3.187209 0.054029
v 0.017634 3.183289 0.063179
v 0.000487 3.275155 0.064741
v -0.005305 3.323483 0.063596
v 0.001654 3.361917 0.056948
v 0.130045 1.801791 0.021345
v 0.121474 1.809802 0.023805
v 0.130059 1.809562 0.028088
v 0.116398 1.813551 0.023675
v 0.130081 1.821183 0.032560
v 0.111891 1.821601 0.023346
v 0.112505 2.130924 0.028180
v 0.130695 2.130506 0.037393
v 0.108940 2.322491 0.031331
v 0.127116 2.322638 0.040476
v 0.098871 2.521017 0.034454
v 0.117015 2.521734 0.043692
v 0.082327 2.719169 0.037458
v 0.100420 2.720640 0.046769
v 0.066643 2.859584 0.039811
v 0.084688 2.861403 0.048917
v 0.043562 3.027470 0.042416
v 0.061531 3.029675 0.051635
v 0.035529 3.187209 0.054029
v 0.017640 3.184256 0.044899
v 0.000493 3.276102 0.046300
v -0.005300 3.324332 0.048931
v 0.001654 3.361917 0.056948
v -0.080220 1.480294 0.007198
v -0.080327 1.426298 0.006419
v -0.080321 1.429688 0.011077
v -0.080318 1.433241 0.026350
v -0.080234 1.477999 0.046909
v -0.080332 1.427742 0.041420
v -0.080341 1.423984 0.045970
v -0.007287 2.881398 0.064967
v 0.000487 3.275155 0.064741
v -0.039897 3.113372 0.060250
v -0.005305 3.323483 0.063596
v -0.068204 2.902127 0.056876
v -0.090196 2.690121 0.053598
v -0.025039 2.488822 0.060958
v -0.012552 2.486560 0.062707
v -0.054827 2.486907 0.057100
v -0.105856 2.477716 0.050203
v -0.106390 2.468307 0.051516
v -0.014249 2.482439 0.062719
v -0.106824 2.460574 0.055895
v -0.107103 2.455149 0.062283
v 0.000493 3.276102 0.046300
v -0.007276 2.883213 0.033660
v -0.039892 3.114220 0.045585
v -0.005300 3.324332 0.048931
v -0.068198 2.902961 0.042213
v -0.090191 2.690970 0.038933
v -0.025026 2.491018 0.025023
v -0.012538 2.488709 0.023338
v -0.054817 2.488544 0.028923
v -0.105850 2.478565 0.035538
v -0.106384 2.469337 0.033883
v -0.014235 2.484752 0.023168
v -0.106814 2.462040 0.029373
v -0.107089 2.457463 0.022732
v -0.052289 1.278854 0.043699
v -0.052170 1.333845 0.004925
v -0.052275 1.281167 0.004148
v -0.052185 1.331551 0.044639
v 0.132202 1.791230 0.051921
v 0.130038 1.800672 0.043077
v 0.061649 1.796630 0.051915
v 0.021874 1.801988 0.052080
v 0.121468 1.808882 0.040931
v 0.002728 1.807103 0.052112
v 0.116391 1.812486 0.041147
v -0.002678 1.810321 0.052209
v -0.003376 1.812191 0.052147
v 0.111884 1.820634 0.041627
v -0.002747 2.129248 0.057180
v 0.112499 2.129977 0.046620
v -0.005885 2.305946 0.060018
v 0.108933 2.321341 0.049634
v -0.012552 2.486560 0.062707
v 0.098865 2.519867 0.052758
v 0.082321 2.718222 0.055899
v -0.007287 2.881398 0.064967
v 0.066636 2.858618 0.058092
v 0.043555 3.026319 0.060716
v 0.017634 3.183289 0.063179
v 0.000487 3.275155 0.064741
v 0.130045 1.801791 0.021345
v 0.132216 1.793523 0.012207
v 0.061664 1.798943 0.012364
v 0.021889 1.804282 0.012369
v 0.121474 1.809802 0.023805
v 0.002742 1.809397 0.012401
v 0.116398 1.813551 0.023675
v -0.002664 1.812798 0.012476
v -0.003362 1.814505 0.012596
v 0.111891 1.821601 0.023346
v -0.002733 2.131561 0.017629
v 0.112505 2.130924 0.028180
v -0.005871 2.308240 0.020307
v 0.108940 2.322491 0.031331
v -0.012538 2.488709 0.023338
v 0.098871 2.521017 0.034454
v 0.082327 2.719169 0.037458
v -0.007276 2.883213 0.033660
v 0.066643 2.859584 0.039811
v 0.043562 3.027470 0.042416
v 0.017640 3.184256 0.044899
v 0.000493 3.276102 0.046300
v -0.118118 2.072457 0.056251
v -0.119298 1.478077 0.046899
v -0.080234 1.477999 0.046909
v -0.003376 1.812191 0.052147
v -0.002747 2.129248 0.057180
v -0.115174 2.263992 0.059244
v -0.005885 2.305946 0.060018
v -0.107103 2.455149 0.062283
v -0.014249 2.482439 0.062719
v -0.012552 2.486560 0.062707
v -0.002678 1.810321 0.052209
v 0.034356 1.741200 0.051148
v 0.002728 1.807103 0.052112
v 0.021874 1.801988 0.052080
v 0.034379 1.753058 0.051338
v 0.039765 1.764891 0.051531
v 0.049951 1.773154 0.051669
v 0.039694 1.729331 0.050957
v 0.061649 1.796630 0.051915
v 0.061673 1.775768 0.051678
v 0.073384 1.773108 0.051675
v 0.083537 1.764804 0.051542
v 0.132202 1.791230 0.051921
v 0.088876 1.752949 0.051351
v 0.088852 1.741091 0.051162
v 0.131579 1.477578 0.046960
v 0.076891 1.477687 0.046947
v 0.083467 1.729244 0.050968
v 0.073280 1.720981 0.050830
v 0.061559 1.718361 0.050659
v 0.049848 1.721027 0.050824
v -0.052185 1.331551 0.044639
v 0.076496 1.278597 0.043730
v -0.052289 1.278854 0.043699
v -0.080341 1.423984 0.045970
v -0.080450 1.369234 0.045117
v -0.080524 1.331608 0.044632
v -0.082831 1.412715 0.045870
v -0.082939 1.380532 0.045375
v -0.092894 1.396535 0.045552
v -0.119284 1.480371 0.007189
v -0.118103 2.074968 0.016676
v -0.080220 1.480294 0.007198
v -0.003362 1.814505 0.012596
v -0.002733 2.131561 0.017629
v -0.115160 2.266320 0.019691
v -0.005871 2.308240 0.020307
v -0.107089 2.457463 0.022732
v -0.014235 2.484752 0.023168
v -0.012538 2.488709 0.023338
v -0.002664 1.812798 0.012476
v 0.034370 1.743494 0.011435
v 0.002742 1.809397 0.012401
v 0.021889 1.804282 0.012369
v 0.034394 1.755535 0.011602
v 0.039779 1.767185 0.011820
v 0.049966 1.775448 0.011958
v 0.039708 1.731625 0.011246
v 0.061664 1.798943 0.012364
v 0.061687 1.778062 0.011967
v 0.073398 1.775402 0.011964
v 0.083552 1.767098 0.011831
v 0.132216 1.793523 0.012207
v 0.088890 1.755427 0.011615
v 0.088867 1.743385 0.011448
v 0.131593 1.479872 0.007249
v 0.076905 1.479981 0.007236
v 0.083481 1.731538 0.011257
v 0.073295 1.723275 0.011119
v 0.061573 1.720675 0.011108
v 0.049862 1.723321 0.011113
v -0.052170 1.333845 0.004925
v 0.076510 1.280911 0.004179
v -0.052275 1.281167 0.004148
v -0.080327 1.426298 0.006419
v -0.080435 1.371548 0.005566
v -0.080510 1.333901 0.004919
v -0.082817 1.415009 0.006156
v -0.082924 1.382826 0.005664
v -0.092880 1.398849 0.006001
v 0.034370 1.743494 0.011435
v 0.039694 1.729331 0.050957
v 0.039708 1.731625 0.011246
v 0.034356 1.741200 0.051148
v 0.049848 1.721027 0.050824
v 0.049862 1.723321 0.011113
v 0.061559 1.718361 0.050659
v 0.061573 1.720675 0.011108
v 0.073280 1.720981 0.050830
v 0.073295 1.723275 0.011119
v 0.083467 1.729244 0.050968
v 0.083481 1.731538 0.011257
v 0.088852 1.741091 0.051162
v 0.088867 1.743385 0.011448
v 0.088876 1.752949 0.051351
v 0.088890 1.755427 0.011615
v 0.083537 1.764804 0.051542
v 0.083552 1.767098 0.011831
v 0.073384 1.773108 0.051675
v 0.073398 1.775402 0.011964
v 0.061687 1.778062 0.011967
v 0.061673 1.775768 0.051678
v 0.049951 1.773154 0.051669
v 0.049966 1.775448 0.011958
v 0.039765 1.764891 0.051531
v 0.039779 1.767185 0.011820
v 0.034379 1.753058 0.051338
v 0.034394 1.755535 0.011602
v 0.034356 1.741200 0.051148
v 0.034370 1.743494 0.011435
v -0.092894 1.396535 0.045552
v -0.082831 1.412715 0.045870
v -0.092872 1.407711 0.043207
v -0.130001 1.396609 0.045543
v -0.129977 1.408152 0.043153
v -0.084005 1.420129 0.037439
v -0.080341 1.423984 0.045970
v -0.080332 1.427742 0.041420
v -0.092851 1.416940 0.035700
v -0.129958 1.416850 0.035876
v -0.129949 1.420530 0.026099
v -0.083995 1.424196 0.026145
v -0.080318 1.433241 0.026350
v -0.092842 1.420456 0.026108
v -0.080321 1.429688 0.011077
v -0.092844 1.418156 0.016408
v -0.129951 1.418007 0.016099
v -0.083997 1.421516 0.014854
v -0.080327 1.426298 0.006419
v -0.082817 1.415009 0.006156
v -0.092859 1.409866 0.008584
v -0.129965 1.410158 0.008714
v -0.092880 1.398849 0.006001
v -0.129987 1.398922 0.005992
vn 0.9902 -0.0631 -0.1243
vn 0.9724 0.1989 -0.1217
vn 0.9768 0.2141 0.0092
vn 0.9999 -0.0106 0.0011
vn 0.9627 0.2697 0.0201
vn 0.8617 -0.5066 -0.0268
vn 0.9632 0.2687 0.0115
vn 0.9670 0.2545 0.0131
vn 0.8493 -0.4688 -0.2425
vn 0.9212 -0.2164 -0.3234
vn 0.6360 -0.7419 -0.2126
vn 0.5501 -0.8336 -0.0503
vn 0.9416 0.2440 -0.2323
vn 0.4481 -0.8924 -0.0530
vn 0.5624 -0.7331 -0.3825
vn 0.4542 -0.8238 -0.3392
vn 0.4431 -0.7777 -0.4460
vn 0.3286 -0.9428 -0.0564
vn 0.3498 -0.8112 -0.4686
vn 0.9489 0.2523 -0.1897
vn 0.3064 -0.8950 -0.3242
vn 0.2330 -0.9709 -0.0544
vn 0.2327 -0.8499 -0.4728
vn 0.9367 0.2611 -0.2334
vn 0.1807 -0.9294 -0.3219
vn 0.1111 -0.9920 -0.0602
vn 0.0998 -0.8725 -0.4782
vn 0.9511 0.1907 -0.2430
vn 0.0539 -0.9458 -0.3203
vn -0.0668 -0.9959 -0.0602
vn -0.0172 -0.8729 -0.4877
vn -0.0650 -0.9360 -0.3460
vn -0.1498 -0.8645 -0.4798
vn -0.1996 -0.9258 -0.3209
vn -0.2121 -0.9758 -0.0530
vn -0.2895 -0.8373 -0.4638
vn -0.3201 -0.8921 -0.3189
vn -0.3178 -0.9464 -0.0570
vn -0.4138 -0.7901 -0.4523
vn -0.4373 -0.8526 -0.2861
vn -0.4292 -0.9017 -0.0520
vn -0.5513 -0.7410 -0.3833
vn -0.5816 -0.7844 -0.2156
vn -0.6179 -0.7849 -0.0473
vn -0.8758 -0.2523 -0.4114
vn -0.8417 -0.4924 -0.2215
vn -0.9396 -0.3412 -0.0286
vn -0.9865 0.0282 -0.1611
vn -0.9617 0.2735 0.0196
vn -0.9617 0.2735 0.0197
vn -0.9719 0.2350 0.0155
vn -0.9719 0.2350 0.0157
vn -0.9719 0.2350 0.0154
vn -0.9990 -0.0444 -0.0032
vn -0.9990 -0.0445 -0.0034
vn -0.8754 -0.4825 -0.0297
vn -0.8754 -0.4825 -0.0302
vn -0.6034 -0.7961 -0.0464
vn -0.6040 -0.7956 -0.0468
vn -0.4129 -0.9093 -0.0516
vn -0.4130 -0.9093 -0.0516
vn -0.2936 -0.9543 -0.0563
vn -0.2936 -0.9543 -0.0561
vn -0.1715 -0.9833 -0.0610
vn -0.1716 -0.9833 -0.0611
vn -0.0507 -0.9969 -0.0601
vn -0.0507 -0.9969 -0.0602
vn 0.0713 -0.9958 -0.0577
vn 0.0710 -0.9957 -0.0595
vn 0.1925 -0.9794 -0.0616
vn 0.1925 -0.9793 -0.0619
vn 0.3930 -0.9182 -0.0503
vn 0.3929 -0.9182 -0.0501
vn 0.8317 -0.5544 -0.0302
vn 0.8317 -0.5544 -0.0299
vn 0.9999 0.0132 -0.0015
vn 0.9999 0.0131 -0.0016
vn 0.8211 0.5695 0.0378
vn 0.5237 0.8505 0.0484
vn 0.5237 0.8505 0.0481
vn -0.5891 -0.7821 0.2035
vn -0.4196 -0.9063 -0.0513
vn -0.4452 -0.8548 0.2666
vn -0.5386 -0.8411 -0.0496
vn -0.3010 -0.9520 -0.0556
vn -0.9113 -0.3820 0.1535
vn -0.8967 -0.4419 -0.0264
vn -0.8635 -0.2479 0.4392
vn -0.5421 -0.7093 0.4506
vn -0.4374 -0.7689 0.4664
vn -0.3266 -0.8041 0.4968
vn -0.3329 -0.9027 0.2725
vn -0.1885 -0.9801 -0.0620
vn -0.2011 -0.8397 0.5044
vn -0.2053 -0.9433 0.2609
vn -0.0669 -0.9959 -0.0602
vn -0.0417 -0.8558 0.5155
vn -0.0587 -0.9632 0.2624
vn 0.0937 -0.8529 0.5137
vn 0.0957 -0.9601 0.2627
vn 0.0871 -0.9944 -0.0599
vn 0.2219 -0.8345 0.5043
vn 0.2243 -0.9369 0.2682
vn 0.2080 -0.9762 -0.0615
vn 0.3475 -0.8001 0.4890
vn 0.3529 -0.8953 0.2717
vn 0.3214 -0.9452 -0.0570
vn 0.4525 -0.7596 0.4673
vn 0.4657 -0.8520 0.2391
vn 0.4256 -0.9034 -0.0525
vn 0.5531 -0.7019 0.4488
vn 0.5689 -0.8212 -0.0440
vn 0.5296 -0.8468 -0.0505
vn 0.6072 -0.7503 0.2615
vn 0.8563 -0.5158 -0.0259
vn 0.8257 -0.5633 -0.0290
vn 0.8691 -0.4461 0.2140
vn 0.8624 -0.2513 0.4396
vn 0.9975 -0.0710 -0.0001
vn 0.9632 -0.1421 0.2280
vn 0.9598 0.2188 0.1757
vn 0.8875 0.2138 0.4082
vn 0.9711 0.2384 0.0152
vn 0.9651 0.2617 0.0122
vn 0.9612 0.2756 0.0104
vn 0.9632 0.2687 0.0112
vn 0.9513 0.2564 0.1710
vn 0.8814 0.2295 0.4130
vn 0.8900 0.1776 0.4200
vn 0.9798 0.1996 0.0110
vn 0.9783 0.2068 0.0101
vn 0.9639 0.1890 0.1875
vn 0.9915 0.1298 0.0105
vn 0.9915 0.1297 0.0106
vn 0.9820 0.1227 0.1433
vn 0.9000 0.1174 0.4198
vn 0.9978 0.0670 0.0007
vn 0.9982 0.0595 0.0017
vn 0.9805 0.0665 0.1850
vn 0.9034 0.0501 0.4258
vn 0.0020 0.9982 0.0592
vn 0.0019 0.8797 -0.4756
vn 0.0020 0.9982 0.0599
vn 0.0013 0.5380 -0.8429
vn 0.0013 0.5381 -0.8429
vn 0.0005 0.1234 -0.9924
vn 0.0005 0.1232 -0.9924
vn -0.0003 -0.2897 -0.9571
vn -0.0012 -0.6698 -0.7426
vn -0.0012 -0.6699 -0.7425
vn -0.0018 -0.9417 -0.3365
vn -0.0020 -0.9778 0.2097
vn -0.0020 -0.9777 0.2102
vn -0.0016 -0.7387 0.6741
vn -0.0016 -0.7383 0.6745
vn -0.0009 -0.3410 0.9401
vn -0.0009 -0.3407 0.9402
vn -0.0001 0.0868 0.9962
vn -0.0001 0.0854 0.9963
vn 0.0008 0.4879 0.8729
vn 0.0008 0.4880 0.8729
vn 0.0015 0.8329 0.5534
vn 0.0020 0.9981 0.0619
vn 0.0020 0.9981 0.0612
vn 0.0020 0.9982 0.0603
vn 0.0020 0.9982 0.0596
vn 0.0020 0.9982 0.0607
vn 0.0020 0.9982 0.0606
vn 0.0020 0.9981 0.0614
vn 0.5627 -0.8250 -0.0527
vn 0.1598 -0.9853 -0.0609
vn 0.1597 -0.9853 -0.0609
vn -0.2766 -0.9594 -0.0550
vn 0.5627 -0.8250 -0.0528
vn 0.8618 -0.5065 -0.0269
vn -0.6569 -0.7527 -0.0441
vn -0.6573 -0.7524 -0.0425
vn 0.9939 -0.1102 -0.0042
vn -0.9159 -0.4007 -0.0218
vn 0.9939 -0.1102 -0.0043
vn -0.9160 -0.4006 -0.0223
vn 0.9557 0.2939 0.0176
vn -1.0000 -0.0055 0.0006
vn 0.9560 0.2927 0.0173
vn -1.0000 -0.0056 0.0006
vn 0.7560 0.6536 0.0360
vn -0.9264 0.3758 0.0251
vn 0.7561 0.6535 0.0359
vn -0.9264 0.3757 0.0250
vn 0.4195 0.9063 0.0513
vn -0.7155 0.6974 0.0397
vn 0.4194 0.9063 0.0515
vn 0.0111 0.9981 0.0602
vn 0.0113 0.9981 0.0600
vn -0.7155 0.6975 0.0398
vn -0.3930 0.9182 0.0502
vn -0.3930 0.9182 0.0505
vn 0.0091 0.9982 0.0601
vn 0.0090 0.9981 0.0604
vn 1.0000 0.0052 -0.0002
vn 0.9999 0.0045 -0.0094
vn 0.9994 0.0175 -0.0286
vn 0.9972 0.0198 -0.0727
vn 0.9536 0.3007 0.0157
vn 0.9040 0.4266 0.0277
vn 0.7447 0.6665 0.0342
vn 0.6443 0.7636 0.0412
vn 0.3659 0.9289 0.0574
vn 0.2841 0.9572 0.0548
vn 0.1796 0.9824 0.0522
vn 0.1478 0.9871 0.0615
vn 0.0910 0.9941 0.0596
vn 0.0507 0.9969 0.0598
vn -0.0710 0.9957 0.0601
vn -0.1850 0.9813 0.0532
vn -0.1850 0.9813 0.0530
vn -0.2803 0.9584 0.0539
vn -0.3619 0.9303 0.0590
vn -0.6414 0.7661 0.0413
vn -0.7420 0.6695 0.0357
vn -0.9024 0.4300 0.0271
vn -0.9523 0.3046 0.0169
vn -0.9994 0.0333 0.0047
vn -0.9999 0.0106 -0.0009
vn -1.0000 0.0020 -0.0002
vn 0.9998 0.0077 0.0167
vn 1.0000 -0.0020 0.0002
vn 0.9993 0.0174 0.0331
vn 0.9968 0.0224 0.0762
vn 0.9999 0.0132 -0.0016
vn 0.9320 0.3619 0.0178
vn 0.7028 0.7103 0.0391
vn 0.7027 0.7104 0.0389
vn 0.3179 0.9464 0.0567
vn 0.3178 0.9464 0.0576
vn 0.1888 0.9805 0.0536
vn 0.1888 0.9805 0.0539
vn 0.0749 0.9954 0.0600
vn 0.0749 0.9954 0.0598
vn -0.0710 0.9957 0.0597
vn -0.0710 0.9957 0.0600
vn -0.1598 0.9853 0.0606
vn -0.1598 0.9853 0.0605
vn -0.3141 0.9476 0.0581
vn -0.3141 0.9476 0.0578
vn -0.6999 0.7132 0.0386
vn -0.6999 0.7132 0.0380
vn -0.9306 0.3656 0.0172
vn -0.9306 0.3656 0.0173
vn -0.9997 0.0247 -0.0031
vn -0.9997 0.0247 -0.0030
vn -0.0020 -0.9982 -0.0605
vn 0.3491 0.9353 0.0573
vn 0.3728 0.9261 0.0584
vn 0.3721 0.9258 0.0674
vn 0.3324 0.9414 0.0577
vn 0.3726 0.9261 0.0593
vn 0.4057 0.9123 0.0564
vn 0.3179 0.9464 0.0569
vn 0.2521 0.9662 0.0538
vn 0.2521 0.9662 0.0540
vn 0.1558 0.9859 0.0607
vn 0.1558 0.9859 0.0609
vn 0.0910 0.9940 0.0599
vn 0.0588 0.9965 0.0601
vn 0.0344 0.9970 0.0693
vn 0.0263 0.9973 0.0690
vn 0.0345 0.9976 0.0594
vn 0.0020 0.9981 0.0609
vn 0.0020 0.9982 0.0600
vn 0.0020 0.9982 0.0604
vn 0.0021 0.9982 0.0604
vn 0.0019 0.9982 0.0605
vn 0.0020 0.9982 0.0601
vn 0.0020 0.9982 0.0595
vn 0.0021 0.9981 0.0609
vn 0.9022 0.1316 0.4107
vn 0.5108 0.0820 0.8558
vn 0.6688 0.1171 0.7342
vn 0.8780 0.3007 0.3723
vn 0.6099 0.2499 0.7520
vn 0.9651 0.2475 0.0856
vn 0.4128 0.0675 0.9083
vn 0.3684 0.1534 0.9169
vn 0.3532 0.0078 0.9355
vn 0.9925 0.1219 0.0103
vn 0.9691 0.2461 0.0159
vn 0.9861 0.1264 0.1075
vn 1.0000 -0.0009 0.0089
vn 0.9899 -0.0077 0.1415
vn 0.8293 0.0439 0.5570
vn 0.9829 0.0052 0.1843
vn 0.9033 0.0650 0.4241
vn 0.6391 0.2607 0.7236
vn 0.7392 0.2372 0.6304
vn 0.9645 0.0674 0.2554
vn 0.9438 0.0605 0.3248
vn 0.8723 0.0352 0.4878
vn 0.6300 0.1843 0.7544
vn 0.6304 0.0569 0.7742
vn 0.8815 0.0703 0.4669
vn 0.4251 0.3982 0.8128
vn 0.3728 0.5542 0.7443
vn 0.2897 0.3343 0.8968
vn 0.4250 0.3572 0.8317
vn 0.2725 0.5071 0.8177
vn 0.9861 0.0006 -0.1664
vn 0.9875 -0.0360 -0.1535
vn 0.9991 -0.0389 0.0138
vn 0.9657 -0.0331 -0.2574
vn 0.9651 -0.0185 -0.2612
vn 0.9662 0.0515 -0.2525
vn 0.9834 0.0858 -0.1601
vn 1.0000 0.0056 -0.0007
vn 0.9971 0.0755 0.0084
vn 1.0000 0.0055 -0.0007
vn 0.9982 0.0594 0.0016
vn 0.9992 -0.0408 -0.0038
vn 0.9997 -0.0247 0.0031
vn 0.9997 -0.0247 0.0030
vn 0.9846 -0.0231 -0.1734
vn 0.9677 -0.0098 -0.2520
vn 0.9672 0.0051 -0.2538
vn 0.9999 -0.0085 0.0098
vn 0.9887 0.0027 -0.1496
vn 0.9999 0.0066 0.0080
vn 0.9998 0.0207 -0.0025
vn 0.9817 0.0287 -0.1880
vn 0.9683 0.0287 -0.2482
vn 0.9996 0.0282 -0.0034
vn 0.9993 0.0347 -0.0130
vn 0.9673 0.0365 -0.2509
vn 0.9993 0.0358 -0.0043
vn 0.9993 0.0348 -0.0130
vn 0.9972 0.0197 -0.0727
vn 0.9966 0.0348 -0.0745
vn 0.9876 0.0329 -0.1532
vn 0.9652 0.0354 -0.2593
vn -0.1360 0.9888 0.0614
vn 0.0829 0.9948 0.0598
vn 0.0831 0.9947 0.0611
vn -0.1361 0.9888 0.0609
vn -0.4577 0.8875 0.0540
vn -0.4575 0.8875 0.0547
vn -0.8979 0.4394 0.0266
vn -0.8978 0.4395 0.0272
vn -0.9997 0.0256 -0.0030
vn -0.9997 0.0236 -0.0117
vn -0.9980 0.0634 -0.0076
vn -0.9984 0.0569 0.0019
vn -0.9991 0.0290 -0.0299
vn -0.7462 0.6648 0.0340
vn -0.5454 0.8366 0.0511
vn -0.1849 0.9813 0.0539
vn -0.1359 0.9889 0.0608
vn -0.1362 0.9888 0.0607
vn -0.4577 0.8875 0.0536
vn -0.4575 0.8876 0.0532
vn -0.8564 0.5157 0.0255
vn -0.9303 0.3664 0.0176
vn -0.9988 0.0484 0.0028
vn -0.9998 0.0180 -0.0018
vn 0.9786 -0.0229 0.2044
vn 0.9166 -0.0053 0.3998
vn 0.9154 -0.0209 0.4020
vn 0.9674 -0.0015 0.2534
vn 0.9169 0.0089 0.3990
vn 0.9826 -0.0412 0.1810
vn 0.9144 -0.0358 0.4033
vn 0.9072 -0.0263 0.4198
vn 0.9628 0.0157 0.2697
vn 0.9140 0.0174 0.4053
vn 0.9999 0.0066 0.0083
vn 0.9997 0.0218 0.0062
vn 0.9998 -0.0160 0.0108
vn 0.9999 -0.0171 0.0021
vn 1.0000 0.0057 -0.0006
vn 0.9994 -0.0333 -0.0047
vn 0.9997 0.0218 0.0061
vn 0.9994 0.0304 0.0139
vn 0.9992 -0.0398 0.0049
vn 0.9999 -0.0106 -0.0075
vn 0.9978 0.0670 0.0006
vn 0.9982 0.0595 0.0016
vn 0.9822 -0.0175 0.1868
vn 0.9805 0.0665 0.1851
vn 0.9033 0.0501 0.4260
vn 0.9996 0.0293 0.0052
vn 0.9945 0.1019 0.0230
vn 0.9968 0.0226 0.0762
vn 0.9780 0.0233 0.2073
vn 0.9704 0.1308 0.2029
vn 0.7028 0.7103 0.0380
vn 0.9052 0.0798 0.4175
vn 0.6961 0.6970 0.1721
vn 0.6661 0.6589 0.3495
vn -0.9932 0.0109 -0.1160
vn -0.9995 0.0322 -0.0039
vn -0.9953 0.0293 -0.0920
vn -0.9999 0.0107 0.0003
vn -0.9997 0.0258 0.0054
vn -1.0000 0.0096 -0.0012
vn -1.0000 -0.0056 0.0007
vn -0.9998 -0.0207 0.0025
vn -0.9996 -0.0293 -0.0052
vn -0.9994 -0.0356 0.0042
vn -0.9962 -0.0161 -0.0859
vn -0.9172 -0.0164 -0.3980
vn -1.0000 0.0020 -0.0003
vn -0.9988 0.0484 0.0029
vn -0.9968 0.0795 0.0079
vn -0.9975 0.0011 -0.0705
vn -0.9780 0.0776 -0.1935
vn -0.9876 -0.0245 -0.1548
vn -0.9495 0.0016 -0.3138
vn -0.9054 0.0485 -0.4218
vn -0.8383 -0.0053 -0.5452
vn -0.9142 -0.0248 -0.4045
vn -0.8426 -0.0191 -0.5382
vn -0.8419 0.0030 -0.5397
vn -0.9364 0.0124 -0.3508
vn -0.8408 0.0177 -0.5411
vn -0.9073 0.0263 -0.4197
vn -0.8440 0.0262 -0.5357
vn -0.9067 0.0337 -0.4204
vn -0.9887 0.0379 -0.1451
vn -0.9739 0.0359 -0.2241
vn -0.9247 0.0390 -0.3788
vn -0.9992 0.0398 -0.0049
vn -0.9994 0.0333 0.0048
vn -0.9991 0.0290 -0.0300
vn 0.9740 -0.0369 -0.2237
vn 0.8368 -0.0234 -0.5469
vn 0.9737 -0.0067 -0.2277
vn 0.9990 0.0003 -0.0440
vn 0.8078 0.0082 -0.5894
vn 0.5530 0.0120 -0.8331
vn 0.4973 0.0002 -0.8676
vn 0.4132 0.0154 -0.9105
vn 0.3469 0.0116 -0.9378
vn 0.2809 0.0089 -0.9597
vn 0.3242 0.0107 -0.9459
vn 0.3158 0.0165 -0.9487
vn 0.2819 0.1226 -0.9516
vn 0.3398 0.0186 -0.9403
vn 0.3542 0.0334 -0.9346
vn 0.1435 0.1169 -0.9827
vn 0.1425 0.0179 -0.9896
vn 0.5140 0.1099 -0.8507
vn 0.0005 0.1165 -0.9932
vn -0.0003 0.0167 -0.9999
vn 0.1268 0.4242 -0.8967
vn -0.0062 0.4240 -0.9056
vn -0.1425 0.1176 -0.9828
vn -0.1421 0.0184 -0.9897
vn 0.2614 0.4232 -0.8675
vn -0.2721 0.1221 -0.9545
vn -0.1320 0.4243 -0.8958
vn -0.2802 0.0167 -0.9598
vn -0.0906 0.6219 -0.7778
vn 0.0320 0.6103 -0.7915
vn 0.1540 0.6035 -0.7824
vn -0.3087 0.0178 -0.9510
vn -0.3368 0.0119 -0.9415
vn -0.3678 0.0140 -0.9298
vn -0.3153 0.0178 -0.9488
vn -0.5569 0.0143 -0.8304
vn -0.3323 0.0338 -0.9426
vn -0.3423 0.1148 -0.9325
vn -0.3297 0.2622 -0.9070
vn -0.3980 0.0160 -0.9173
vn -0.4671 0.0142 -0.8841
vn -0.6569 0.0114 -0.7539
vn -0.8855 0.0049 -0.4646
vn -0.8884 0.0061 -0.4590
vn -0.9829 -0.0051 -0.1842
vn -0.2593 0.4242 -0.8676
vn -0.2591 0.4157 -0.8718
vn -0.2066 0.3886 -0.8980
vn -0.2209 0.6099 -0.7611
vn -0.2037 0.5941 -0.7782
vn -0.1535 0.5228 -0.8386
vn -0.1288 0.6234 -0.7712
vn -0.1357 0.6042 -0.7852
vn -0.1912 0.6270 -0.7552
vn -0.2445 0.6382 -0.7301
vn -0.1133 0.6019 -0.7905
vn -0.3624 0.4960 -0.7891
vn -0.4219 0.8090 -0.4094
vn -0.1662 0.6121 -0.7731
vn -0.2436 0.3838 -0.8907
vn -0.6829 0.6517 -0.3299
vn -0.5133 0.8558 -0.0642
vn -0.5148 0.8558 0.0506
vn -0.7785 0.6267 0.0354
vn -0.8831 0.1518 -0.4439
vn -0.9848 0.1730 0.0139
vn -0.9932 0.1154 -0.0144
vn -0.4138 0.1467 -0.8985
vn -0.9361 0.1054 -0.3355
vn -0.9190 0.3937 -0.0203
vn -0.6102 0.0574 -0.7901
vn -0.8637 0.4200 -0.2788
vn -0.6717 0.7400 0.0342
vn -0.3305 0.0969 -0.9388
vn -0.6232 0.1795 -0.7612
vn -0.6151 0.7307 -0.2963
vn -0.3533 0.9316 0.0850
vn -0.4753 0.3140 -0.8219
vn -0.3758 0.8694 -0.3208
vn -0.2253 0.9286 -0.2948
vn -0.1848 0.9827 0.0093
vn -0.2895 0.4333 -0.8535
vn -0.1119 0.9615 -0.2511
vn -0.1349 0.5404 -0.8305
vn -0.0632 0.9974 -0.0337
vn -0.0445 0.6111 -0.7903
vn -0.2224 0.0996 -0.9698
vn -0.0645 0.2726 -0.9600
vn 0.0020 0.9720 -0.2348
vn 0.0590 0.9982 -0.0086
vn 0.0013 0.6118 -0.7910
vn 0.1072 0.9630 -0.2474
vn 0.1808 0.9835 0.0053
vn 0.0396 0.6086 -0.7925
vn 0.2362 0.9240 -0.3007
vn 0.3723 0.9257 0.0664
vn 0.0736 0.2661 -0.9611
vn 0.1522 0.5233 -0.8384
vn 0.3637 0.8676 -0.3392
vn 0.2233 0.0987 -0.9697
vn 0.3345 0.3793 -0.8627
vn 0.5221 0.7976 -0.3022
vn 0.6340 0.7675 0.0950
vn 0.4610 0.3179 -0.8285
vn 0.7438 0.6223 -0.2440
vn 0.8953 0.4454 -0.0029
vn 0.2960 0.1014 -0.9498
vn 0.9334 0.2879 -0.2142
vn 0.8693 0.0659 -0.4898
vn 0.6516 0.1341 -0.7466
vn 0.6720 0.0394 -0.7395
vn 0.5726 0.2560 -0.7789
vn 0.6332 0.0866 -0.7691
vn -0.9863 -0.0317 0.1616
vn -0.8962 -0.0195 0.4432
vn -0.9032 -0.0363 0.4277
vn -0.9918 -0.0210 0.1259
vn -0.9080 -0.0152 0.4186
vn -0.9808 -0.0125 0.1946
vn -0.9766 0.0727 0.2026
vn -0.8867 0.0577 0.4588
vn -0.9974 0.0720 0.0088
vn -0.9944 0.0071 0.1056
vn -0.9521 0.0085 0.3057
vn -0.9980 0.0634 0.0011
vn -0.9999 -0.0129 0.0013
vn -0.9999 -0.0120 0.0103
vn -0.9999 -0.0132 0.0016
vn -0.9876 0.0209 0.1554
vn -0.9999 0.0106 0.0075
vn -1.0000 0.0095 -0.0012
vn -0.9985 0.0235 0.0501
vn -0.9993 0.0343 0.0134
vn -0.9987 0.0299 0.0403
vn -0.9973 0.0731 0.0090
vn -0.9991 0.0418 0.0035
vn -0.9953 0.0963 0.0061
vn -0.6683 0.7405 0.0708
vn -0.6070 0.7904 0.0827
vn -0.5519 0.8272 0.1054
vn -0.3860 0.9211 0.0512
vn 0.8705 0.0512 -0.4895
vn 0.9713 0.0696 -0.2276
vn 0.9999 0.0045 -0.0093
vn 0.6434 0.2096 -0.7363
vn 0.2964 0.3675 -0.8815
vn 0.9840 0.0147 -0.1778
vn 0.9913 -0.0103 -0.1310
vn 0.9812 0.1340 -0.1391
vn 0.9086 0.0845 -0.4091
vn 0.8351 0.0586 -0.5470
vn 0.9155 0.1429 -0.3761
vn 0.9647 0.2498 -0.0834
vn 0.8952 0.3111 -0.3192
vn 0.6768 0.1375 -0.7232
vn 0.6193 0.2769 -0.7347
vn 0.6596 0.2829 -0.6963
vn 0.4173 0.0960 -0.9037
vn 0.3727 0.1801 -0.9103
vn 0.7651 0.2465 -0.5949
vn 0.4445 0.4311 -0.7852
vn 0.4357 0.3902 -0.8111
vn 0.3926 0.5946 -0.7016
vn 0.2834 0.5505 -0.7853
vn 0.1637 0.4168 -0.8941
vn 0.1508 0.1101 -0.9824
vn 0.0233 0.4238 -0.9054
vn 0.0220 0.1164 -0.9930
vn 0.1581 0.0967 -0.9827
vn 0.1008 0.0958 -0.9903
vn 0.0514 0.2631 -0.9634
vn 0.0297 0.2628 -0.9644
vn -0.0499 0.2643 -0.9631
vn -0.1712 0.0969 -0.9805
vn 0.0006 0.2581 -0.9661
vn -0.0283 0.2586 -0.9656
vn 0.0076 0.0948 -0.9955
vn -0.0779 0.0944 -0.9925
vn -0.1072 0.1178 -0.9872
vn -0.2445 0.1079 -0.9636
vn -0.1102 0.4260 -0.8980
vn -0.2448 0.4163 -0.8757
vn -0.3134 0.2521 -0.9156
vn -0.2971 0.4509 -0.8417
vn -0.2314 0.5081 -0.8296
vn -0.9775 0.2107 0.0099
vn -0.9997 0.0248 -0.0028
vn -0.9775 0.2107 0.0095
vn -0.7115 0.7015 0.0403
vn -0.7117 0.7014 0.0400
vn -0.1597 0.9853 0.0609
vn -0.9999 -0.0131 0.0016
vn -0.9999 -0.0127 0.0013
vn -0.0869 0.9944 0.0600
vn -0.0872 0.9944 0.0598
vn -0.2578 0.9647 0.0548
vn -0.2577 0.9646 0.0553
vn -0.9984 0.0560 0.0020
vn -0.9984 0.0562 0.0021
vn -0.9900 0.1405 0.0078
vn -0.9900 0.1409 0.0090
vn -0.9759 0.2180 0.0087
vn 0.2525 0.3814 0.8892
vn 0.2785 0.0950 0.9557
vn 0.3373 -0.0119 0.9413
vn 0.3150 -0.0178 0.9489
vn 0.1481 0.5520 0.8206
vn 0.1224 0.3841 0.9152
vn 0.2803 -0.0169 0.9598
vn 0.3236 -0.0188 0.9460
vn 0.3456 -0.0199 0.9382
vn 0.4989 -0.0313 0.8661
vn 0.4132 -0.0174 0.9105
vn 0.1421 0.0847 0.9862
vn 0.1490 -0.0183 0.9887
vn 0.0069 -0.0171 0.9998
vn 0.5287 -0.0698 0.8459
vn 0.5066 -0.1264 0.8529
vn 0.8367 -0.0399 0.5462
vn 0.7867 -0.1217 0.6052
vn 0.7156 -0.2644 0.6466
vn 0.9032 -0.3465 0.2532
vn 0.9573 -0.1728 0.2318
vn 0.9754 -0.0449 0.2158
vn 0.9825 -0.1800 0.0484
vn 0.9348 -0.3500 0.0597
vn -0.0000 0.0869 0.9962
vn -0.1286 -0.0179 0.9915
vn -0.0065 0.3789 0.9254
vn -0.1356 0.0858 0.9870
vn -0.2720 0.0894 0.9581
vn 0.0303 0.5645 0.8249
vn -0.1283 0.3843 0.9142
vn -0.0870 0.5713 0.8161
vn 0.1590 0.3779 0.9121
vn 0.0221 0.3844 0.9229
vn -0.2120 0.5565 0.8033
vn 0.0212 0.0869 0.9960
vn 0.1494 0.0851 0.9851
vn 0.2939 0.0737 0.9530
vn -0.1071 0.3846 0.9169
vn -0.1066 0.0864 0.9905
vn -0.2434 0.0835 0.9663
vn 0.3715 0.3383 0.8646
vn -0.2369 0.3761 0.8958
vn -0.0784 0.0591 0.9952
vn -0.2282 0.5791 0.7827
vn -0.2062 0.5653 0.7987
vn -0.2809 0.3757 0.8831
vn -0.1459 0.5571 0.8176
vn -0.3371 0.0800 0.9381
vn -0.1700 0.0649 0.9833
vn -0.2210 0.0635 0.9732
vn -0.0494 0.2294 0.9721
vn -0.0635 0.2358 0.9697
vn -0.0283 0.2225 0.9745
vn 0.0069 0.0596 0.9982
vn 0.0001 0.2231 0.9748
vn 0.0993 0.0587 0.9933
vn 0.0286 0.2226 0.9745
vn 0.1563 0.0644 0.9856
vn 0.0500 0.2289 0.9722
vn 0.2205 0.0627 0.9734
vn 0.0714 0.2274 0.9712
vn 0.1457 0.4798 0.8652
vn 0.0376 0.5583 0.8288
vn 0.0010 0.5649 0.8252
vn 0.2303 0.8859 0.4028
vn 0.4165 0.8061 0.4203
vn 0.3886 0.9189 0.0677
vn 0.1791 0.9782 0.1052
vn 0.6272 0.7779 0.0382
vn 0.1045 0.9282 0.3571
vn 0.0583 0.9896 0.1315
vn 0.7319 0.6103 0.3029
vn 0.8573 0.3115 0.4100
vn 0.0019 0.9379 0.3469
vn -0.0628 0.9878 0.1427
vn -0.1087 0.9287 0.3544
vn -0.1843 0.9770 0.1072
vn -0.0430 0.5652 0.8238
vn -0.2197 0.8957 0.3866
vn -0.3545 0.9348 0.0219
vn -0.1298 0.4950 0.8591
vn -0.2815 0.3969 0.8736
vn -0.3670 0.8377 0.4045
vn -0.4671 0.2809 0.8384
vn -0.9899 0.1413 0.0090
vn -0.9900 0.1411 0.0092
vn -0.8257 0.5634 0.0296
vn -0.8258 0.5633 0.0291
vn -0.6008 0.7980 0.0470
vn -0.6010 0.7979 0.0463
vn -0.9943 -0.0004 0.1065
vn -1.0000 0.0020 -0.0001
vn -0.9943 0.0044 -0.1064
vn -1.0000 0.0020 -0.0004
vn -0.9758 0.0057 -0.2188
vn -0.6695 0.0124 -0.7427
vn -0.7372 0.0145 -0.6755
vn -0.1779 0.0126 -0.9840
vn -0.1850 0.0126 -0.9827
vn 0.0003 0.0163 -0.9999
vn 0.0003 0.0171 -0.9999
vn -0.9755 -0.0018 0.2199
vn -0.6657 -0.0098 0.7461
vn -0.7372 -0.0116 0.6756
vn -0.1712 -0.0188 0.9851
vn -0.1858 -0.0187 0.9824
vn -0.0003 -0.0161 0.9999
vn 0.6928 0.1285 0.7095
vn 0.6969 0.0348 0.7163
vn 0.5760 0.2453 0.7798
vn 0.1563 -0.0515 -0.9864
vn 0.3105 0.0453 -0.9495
vn 0.4305 0.0814 -0.8989
vn 0.5515 0.0696 -0.8312
vn 0.5553 0.1075 -0.8247
vn 0.4507 0.1110 -0.8858
vn 0.5564 0.1302 -0.8207
vn 0.5572 0.1527 -0.8162
vn 0.2348 -0.0976 -0.9671
vn 0.2440 -0.2683 -0.9319
vn 0.3233 -0.2588 -0.9102
vn 0.4152 0.1163 -0.9023
vn 0.4430 -0.0604 -0.8945
vn 0.4042 -0.2762 -0.8720
vn 0.5738 0.1623 -0.8028
vn 0.5110 -0.1051 -0.8531
vn 0.3464 0.0185 -0.9379
vn 0.5513 0.0262 -0.8339
vn 0.3828 0.0204 -0.9236
vn 0.5518 0.0262 -0.8335
vn 0.5569 0.0191 -0.8304
vn 0.0926 0.0169 -0.9956
vn 0.3373 0.0175 -0.9412
vn 0.5612 0.0130 -0.8276
vn 0.1796 0.0119 -0.9837
vn 0.3896 0.0134 -0.9209
vn 0.5616 0.0060 -0.8274
vn 0.4809 0.0063 -0.8767
vn 0.5583 -0.0021 -0.8296
vn 0.3628 0.0056 -0.9318
vn 0.5527 0.0050 -0.8334
vn 0.3104 0.0453 -0.9495
vn 0.5517 0.0696 -0.8311
vn 0.0642 0.0307 -0.9975
vn 0.0074 0.0172 -0.9998
vn 0.0074 0.0376 -0.9993
vn -0.0850 0.0173 -0.9962
vn -0.0707 0.0377 -0.9968
vn -0.1722 0.0126 -0.9850
vn -0.2724 0.0443 -0.9612
vn -0.5199 0.0615 -0.8520
vn -0.4674 0.0072 -0.8840
vn -0.4585 -0.0009 -0.8887
vn -0.3151 0.0109 -0.9490
vn -0.4589 0.0065 -0.8885
vn -0.3898 0.0080 -0.9209
vn -0.4638 0.0131 -0.8858
vn -0.2141 0.0137 -0.9767
vn -0.4578 0.0201 -0.8888
vn -0.2140 0.0137 -0.9767
vn -0.3022 0.0178 -0.9531
vn -0.1720 0.0193 -0.9849
vn -0.4576 0.0201 -0.8889
vn -0.4513 0.0272 -0.8919
vn -0.6040 0.7054 0.3709
vn -0.6698 0.7406 0.0536
vn -0.8547 0.4052 0.3246
vn -0.9169 0.3947 0.0590
vn -0.6137 0.1534 0.7745
vn -0.9270 0.0918 0.3637
vn -0.9934 0.1122 0.0222
vn -0.5910 0.0275 0.8062
vn -0.8411 0.1400 0.5225
vn -0.9853 0.1676 0.0331
vn -0.7638 0.6406 0.0794
vn -0.4035 0.1114 0.9082
vn -0.2664 0.3635 0.8927
vn -0.3281 0.4176 0.8474
vn -0.6242 0.5970 0.5040
vn -0.5055 0.8587 0.0845
vn -0.5014 0.8476 0.1735
vn -0.4098 0.7719 0.4861
vn -0.1762 0.5923 0.7862
vn -0.1673 0.5032 0.8478
vn -0.2513 0.4791 0.8410
vn -0.2891 0.3418 0.8942
vn -0.2149 0.3431 0.9144
vn -0.3330 0.3879 0.8594
vn -0.2730 0.2128 0.9382
vn -0.2219 0.2276 0.9481
vn -0.2454 0.3773 0.8930
vn -0.1994 0.1326 0.9709
vn -0.2721 0.1101 0.9559
vn -0.2647 0.0344 0.9637
vn -0.1787 0.0644 0.9818
vn -0.2505 -0.0000 0.9681
vn -0.1709 0.0165 0.9851
vn -0.2516 -0.0217 0.9676
vn -0.1710 -0.0325 0.9847
vn -0.1799 -0.0827 0.9802
vn -0.2655 -0.0147 0.9640
vn -0.2661 -0.0502 0.9626
vn -0.1873 -0.1334 0.9732
vn -0.2806 -0.0719 0.9571
vn -0.5200 -0.0162 0.8540
vn -0.3335 -0.1042 0.9370
vn -0.2342 -0.2338 0.9436
vn -0.3696 -0.2651 0.8906
vn -0.3044 -0.3625 0.8809
vn -0.4646 -0.5636 0.6830
vn -0.4519 -0.0681 0.8895
vn -0.5767 -0.3761 0.7253
vn -0.6737 -0.0989 0.7323
vn -0.8607 -0.0112 0.5089
vn -0.7949 -0.5007 0.3428
vn -0.6392 -0.7077 0.3010
vn -0.8974 -0.1276 0.4224
vn -0.9923 -0.0059 0.1241
vn -0.6904 -0.7232 0.0158
vn -0.9865 -0.1325 0.0958
vn -0.8581 -0.5114 0.0455
vn -0.8617 -0.5068 -0.0250
vn -0.6937 -0.7186 -0.0493
vn -0.9915 -0.1296 -0.0098
vn 0.0020 0.9877 -0.1562
vn 0.0020 0.9875 -0.1577
vn 0.0019 0.9982 0.0602
vn 0.0004 0.9982 0.0600
vn 0.0020 0.9981 0.0611
vn 0.0016 0.7175 -0.6966
vn 0.0018 0.9638 0.2665
vn 0.0016 0.7190 -0.6950
vn 0.0007 0.2420 -0.9703
vn 0.0007 0.2426 -0.9701
vn 0.0003 0.0093 -1.0000
vn -0.0000 -0.1073 -0.9942
vn -0.0000 -0.1072 -0.9942
vn -0.0004 -0.3247 -0.9458
vn -0.0013 -0.7212 -0.6928
vn -0.0013 -0.7205 -0.6935
vn -0.0019 -0.9702 -0.2422
vn -0.0019 -0.9699 -0.2434
vn -0.0177 -0.9561 -0.2923
vn -0.0181 -0.9806 -0.1954
vn -0.0738 -0.9550 -0.2874
vn -0.0018 -0.9570 -0.2900
vn -0.0415 -0.8997 -0.4346
vn -0.0306 -0.5947 -0.8034
vn -0.0308 -0.6069 -0.7942
vn -0.0073 -0.1415 -0.9899
vn -0.0071 -0.1415 -0.9899
vn -0.0001 0.0172 -0.9999
vn 0.0001 0.0172 -0.9999
vn 0.0006 0.0173 -0.9999
vn 0.0003 0.0170 -0.9999
vn 0.0004 0.0172 -0.9999
vn 0.0007 0.0169 -0.9999
vn 0.0001 0.0166 -0.9999
vn -0.0017 0.0162 -0.9999
vn 0.0287 0.0015 -0.9996
vn -0.0281 -0.0595 -0.9978
vn 0.0784 -0.0189 -0.9967
vn 0.0497 -0.2907 -0.9555
vn -0.0289 -0.2906 -0.9564
vn -0.0706 0.0377 -0.9968
vn 0.1634 -0.2821 -0.9454
vn -0.1000 -0.2894 -0.9520
vn -0.0920 -0.0315 -0.9953
vn -0.1934 -0.2747 -0.9419
vn -0.1560 -0.0508 -0.9864
vn -0.2722 0.0443 -0.9612
vn -0.2955 -0.2590 -0.9196
vn -0.4054 0.0807 -0.9106
vn -0.5197 0.0615 -0.8521
vn -0.5516 0.1011 -0.8280
vn -0.3916 0.1017 -0.9145
vn -0.5545 0.1392 -0.8204
vn -0.2069 -0.0422 -0.9775
vn -0.4098 -0.0609 -0.9102
vn -0.3923 -0.2760 -0.8774
vn -0.5360 -0.0300 -0.8437
vn -0.5639 0.1632 -0.8096
vn -0.4983 0.1400 -0.8556
vn -0.5565 0.1549 -0.8163
vn 0.5560 -0.3420 0.7575
vn 0.3858 -0.3541 0.8519
vn 0.4856 -0.2215 0.8456
vn 0.4460 -0.4936 0.7466
vn 0.6144 -0.1780 0.7687
vn 0.2735 -0.4163 0.8671
vn 0.3136 -0.5996 0.7363
vn -0.0787 -0.0169 0.9968
vn 0.4036 -0.0874 0.9107
vn 0.6312 -0.0226 0.7753
vn -0.1148 -0.0179 0.9932
vn 0.1537 -0.4016 0.9028
vn 0.1221 -0.6720 0.7304
vn 0.2361 0.0343 0.9711
vn 0.0810 -0.4837 0.8715
vn 0.6090 0.1516 0.7785
vn -0.0015 -0.6807 0.7326
vn -0.0503 -0.0103 0.9987
vn -0.0571 -0.0102 0.9983
vn -0.0073 -0.0171 0.9998
vn 0.0061 -0.4996 0.8662
vn -0.1547 -0.6604 0.7348
vn 0.0140 -0.0171 0.9998
vn -0.0217 -0.0171 0.9996
vn 0.0282 -0.0172 0.9995
vn 0.0568 -0.0173 0.9982
vn -0.0521 -0.3344 0.9410
vn -0.3081 -0.5960 0.7415
vn -0.0856 -0.0170 0.9962
vn -0.0592 -0.2047 0.9770
vn -0.4361 -0.4950 0.7516
vn 0.0637 -0.0173 0.9978
vn 0.1061 -0.0173 0.9942
vn 0.0640 -0.0173 0.9978
vn -0.0869 -0.1671 0.9821
vn -0.5560 -0.3301 0.7628
vn 0.0989 -0.0174 0.9949
vn -0.1227 -0.1244 0.9846
vn -0.6127 -0.1666 0.7726
vn 0.1280 -0.0184 0.9916
vn -0.1376 -0.0684 0.9881
vn -0.6311 -0.0272 0.7752
vn -0.1366 -0.0246 0.9903
vn -0.1356 0.0377 0.9900
vn -0.6052 0.1399 0.7837
vn 0.1281 -0.0184 0.9916
vn 0.1279 -0.0183 0.9916
vn -0.1145 0.0868 0.9896
vn -0.5465 0.2983 0.7825
vn 0.2495 -0.0147 0.9683
vn 0.1209 -0.0184 0.9925
vn -0.1205 0.1748 0.9772
vn -0.4212 0.4638 0.7794
vn -0.0707 0.1887 0.9795
vn -0.2943 0.5563 0.7771
vn 0.0708 -0.0172 0.9973
vn 0.0845 -0.0173 0.9963
vn 0.0781 -0.0105 0.9969
vn 0.0493 -0.0173 0.9986
vn -0.0286 0.1963 0.9801
vn -0.1466 0.6129 0.7765
vn 0.0352 -0.0174 0.9992
vn 0.0422 -0.0172 0.9990
vn 0.0214 -0.0172 0.9996
vn -0.0002 -0.0025 1.0000
vn 0.0104 -0.0172 0.9998
vn 0.0075 -0.0172 0.9998
vn -0.0009 -0.0170 0.9999
vn -0.0074 -0.0172 0.9998
vn -0.0287 -0.0171 0.9994
vn 0.0139 -0.0172 0.9998
vn 0.0165 -0.0171 0.9997
vn -0.0001 -0.0172 0.9999
vn -0.0001 -0.0171 0.9999
vn -0.0714 -0.0102 0.9974
vn -0.0145 -0.0173 0.9997
vn -0.0088 -0.0172 0.9998
vn 0.0072 0.2160 0.9764
vn 0.0011 0.6292 0.7772
vn -0.0220 -0.0172 0.9996
vn 0.0358 0.2158 0.9758
vn 0.1190 0.6198 0.7756
vn 0.1281 0.2751 0.9528
vn 0.3035 0.5544 0.7749
vn -0.0360 -0.0174 0.9992
vn -0.0573 -0.0171 0.9982
vn 0.3047 0.3878 0.8699
vn 0.4362 0.4536 0.7772
vn -0.0781 -0.0167 0.9968
vn 0.3859 0.3173 0.8663
vn 0.5460 0.3093 0.7786
vn 0.4745 0.1821 0.8612
vn -0.1065 -0.0170 0.9942
vn -0.2085 -0.0197 0.9778
vn -0.2290 0.0215 0.9732
vn -0.4908 -0.0213 0.8710
vn -0.4715 0.0236 0.8815
vn -0.5046 -0.0293 0.8628
vn -0.2804 -0.0226 0.9596
vn -0.5106 -0.0221 0.8596
vn -0.4573 -0.0183 0.8891
vn -0.5348 -0.0101 0.8449
vn -0.3028 -0.0166 0.9529
vn -0.6068 -0.0028 0.7949
vn -0.1213 -0.0180 0.9924
vn -0.1219 -0.0179 0.9924
vn -0.4048 -0.0074 0.9144
vn -0.3410 -0.0116 0.9400
vn -0.7460 0.0019 0.6659
vn -0.6688 0.0851 0.7386
vn -0.9052 0.1133 0.4097
vn -0.4937 0.7828 0.3788
vn -0.2723 0.7299 0.6270
vn -0.1426 0.1076 0.9839
vn 0.1046 0.6173 0.7798
vn 0.1490 0.6070 0.7806
vn -0.0709 0.0253 0.9972
vn -0.0142 0.0126 0.9998
vn 0.1337 0.6197 0.7733
vn 0.0283 0.0116 0.9995
vn 0.1273 0.6218 0.7728
vn 0.1197 0.6283 0.7687
vn 0.0849 0.0191 0.9962
vn 0.1795 0.6349 0.7514
vn 0.1856 0.0451 0.9816
vn 0.4857 0.0492 0.8727
vn 0.3593 0.6160 0.7010
vn 0.2808 -0.0099 0.9597
vn 0.4886 -0.0012 0.8725
vn 0.3090 -0.0109 0.9510
vn 0.4967 -0.0092 0.8679
vn 0.5018 -0.0162 0.8648
vn 0.2934 -0.0167 0.9558
vn 0.4517 -0.0201 0.8919
vn 0.5047 -0.0243 0.8630
vn 0.2866 -0.0236 0.9578
vn 0.4954 -0.0302 0.8681
vn 0.2141 -0.0137 0.9767
vn 0.4869 -0.0221 0.8732
vn 0.2218 0.0207 0.9749
vn 0.4860 0.0207 0.8737
vn -0.5290 -0.0172 0.8484
vn -0.2795 0.0957 0.9554
vn -0.4805 0.1836 0.8576
vn -0.3033 -0.0167 0.9527
vn -0.2744 -0.1364 0.9519
vn -0.4809 -0.2273 0.8468
vn -0.2132 0.1873 0.9589
vn -0.3704 0.3468 0.8617
vn -0.1950 0.4528 0.8700
vn -0.1968 -0.2452 0.9493
vn -0.3452 -0.4066 0.8459
vn -0.1143 0.2499 0.9615
vn -0.1435 -0.5177 0.8434
vn 0.0008 0.4876 0.8731
vn -0.0806 -0.3026 0.9497
vn 0.0003 0.2754 0.9613
vn 0.0818 -0.5306 0.8437
vn 0.2869 0.0737 0.9551
vn 0.1217 0.2489 0.9608
vn 0.2106 0.4452 0.8703
vn 0.2202 0.1785 0.9590
vn 0.3859 0.3242 0.8637
vn 0.4965 0.1390 0.8568
vn 0.3010 -0.0453 0.9526
vn 0.5230 -0.0699 0.8495
vn 0.0500 -0.3090 0.9497
vn 0.2599 -0.1665 0.9512
vn 0.4576 -0.2800 0.8439
vn 0.1665 -0.2598 0.9512
vn 0.2981 -0.4523 0.8406
vn 0.0002 0.0169 -0.9999
vn 0.0002 0.0163 -0.9999
vn 0.0004 0.0155 -0.9999
vn 0.0003 0.0166 -0.9999
vn 0.0004 0.0170 -0.9999
vn 0.0003 0.0172 -0.9999
vn 0.0010 0.0170 -0.9999
vn 0.0003 0.0174 -0.9998
vn 0.0003 0.0173 -0.9998
vn 0.0004 0.0185 -0.9998
vn -0.0017 0.0176 -0.9998
vn 0.0003 0.0168 -0.9999
vn 0.0003 0.0155 -0.9999
vn 0.0003 0.0173 -0.9999
vn 0.0012 0.0169 -0.9999
vn 0.0009 0.0168 -0.9999
vn 0.0002 0.0170 -0.9999
vn 0.0002 0.0171 -0.9999
vn -0.0004 0.0167 -0.9999
vn -0.0023 0.0172 -0.9998
vn 0.3821 -0.0288 0.9237
vn 0.4663 -0.1070 0.8781
vn 0.5019 0.1176 0.8569
vn 0.3500 -0.2464 0.9038
vn 0.4964 0.1111 0.8610
vn 0.2837 -0.2430 0.9276
vn 0.3306 0.0650 0.9415
vn 0.4876 0.0907 0.8684
vn 0.2228 -0.0928 0.9705
vn 0.2174 -0.2543 0.9424
vn 0.3152 0.0520 0.9476
vn 0.4869 0.0627 0.8712
vn 0.1495 -0.0469 0.9876
vn 0.3607 0.0495 0.9314
vn 0.4857 0.0207 0.8739
vn 0.1367 -0.2649 0.9545
vn 0.0780 -0.0105 0.9969
vn 0.0854 -0.0047 0.9963
vn 0.0574 -0.2724 0.9605
vn 0.0354 -0.0180 0.9992
vn -0.0003 -0.0025 1.0000
vn -0.0300 -0.2729 0.9616
vn -0.0218 -0.0180 0.9996
vn -0.0715 -0.0102 0.9974
vn -0.1239 -0.2644 0.9564
vn -0.0787 -0.0042 0.9969
vn -0.2048 -0.2539 0.9453
vn -0.1431 -0.0462 0.9886
vn -0.2289 0.0216 0.9732
vn -0.2712 -0.2495 0.9296
vn -0.3459 0.0517 0.9368
vn -0.4714 0.0236 0.8816
vn -0.4726 0.0656 0.8788
vn -0.3088 0.0534 0.9496
vn -0.4817 0.0932 0.8714
vn -0.2149 -0.0972 0.9718
vn -0.3768 -0.0205 0.9261
vn -0.3379 -0.2461 0.9085
vn -0.4835 -0.0423 0.8743
vn -0.4968 0.1200 0.8595
vn -0.4875 0.1137 0.8657
vn -0.3220 0.0670 0.9444
vn -0.0003 -0.0172 0.9999
vn 0.0018 0.9641 0.2654
vn 0.0022 0.9982 0.0599
vn 0.0022 0.9981 0.0611
vn 0.0020 0.9983 0.0589
vn 0.0011 0.6655 0.7464
vn 0.0011 0.6667 0.7454
vn 0.0002 0.2093 0.9779
vn 0.0002 0.2096 0.9778
vn -0.0003 -0.0240 0.9997
vn -0.0005 -0.1386 0.9903
vn -0.0009 -0.3605 0.9327
vn -0.0017 -0.7746 0.6325
vn -0.0017 -0.7751 0.6319
vn -0.0020 -0.9914 0.1306
vn -0.0020 -0.9917 0.1284
vn -0.0183 -0.9962 0.0848
vn -0.0182 -0.9827 0.1844
vn -0.0751 -0.9823 0.1717
vn -0.0020 -0.9830 0.1837
vn -0.0434 -0.9395 0.3397
vn -0.0322 -0.6463 0.7624
vn -0.0319 -0.6573 0.7529
vn -0.0077 -0.1803 0.9836
vn -0.0078 -0.1807 0.9835
vn 0.0005 -0.0171 0.9999
vn -0.0004 -0.0167 0.9999
vn -0.0005 -0.0172 0.9999
vn -0.0007 -0.0172 0.9999
vn -0.0003 -0.0171 0.9999
vn -0.0001 -0.0170 0.9999
vn 0.0004 -0.0172 0.9999
vn -0.0011 -0.0171 0.9999
vn 0.9956 -0.0942 0.0026
vn 0.9143 -0.4044 -0.0213
vn 0.9714 -0.2361 -0.0244
vn 0.8785 -0.4767 -0.0305
vn 0.7714 -0.6352 -0.0382
vn 0.9941 0.1073 0.0135
vn 0.7713 -0.6353 -0.0382
vn 0.9631 0.2687 0.0114
vn 0.5689 -0.8212 -0.0436
vn 0.9380 0.3461 0.0195
vn 0.5689 -0.8212 -0.0437
vn 0.8810 0.4725 0.0222
vn 0.2729 -0.9605 -0.0544
vn 0.7738 0.6322 0.0387
vn 0.2728 -0.9605 -0.0548
vn 0.7738 0.6323 0.0389
vn 0.0058 -0.9982 -0.0601
vn 0.5714 0.8190 0.0530
vn 0.0060 -0.9982 -0.0603
vn 0.5714 0.8190 0.0529
vn -0.2062 -0.9771 -0.0523
vn 0.2796 0.9586 0.0545
vn -0.2045 -0.9770 -0.0608
vn 0.2775 0.9592 0.0533
vn 0.1765 0.9825 0.0594
vn 0.1716 0.9835 0.0575
vn -0.4693 -0.8815 -0.0515
vn -0.4631 -0.8850 -0.0486
vn -0.7342 -0.6782 -0.0316
vn -0.7269 -0.6862 -0.0273
vn -0.8793 -0.4763 -0.0062
vn -0.8797 -0.4754 -0.0073
vn -0.9716 -0.2366 -0.0081
vn -0.9745 -0.2242 -0.0073
vn -0.9995 -0.0321 -0.0015
vn -0.9992 -0.0387 -0.0053
vn -0.9736 0.2275 0.0166
vn -0.9736 0.2279 0.0166
vn -0.8817 0.4708 0.0313
vn -0.8848 0.4651 0.0280
vn -0.7251 0.6878 0.0346
vn -0.7328 0.6798 0.0291
vn -0.4601 0.8870 0.0404
vn -0.4604 0.8868 0.0400
vn -0.1999 0.9790 0.0394
vn -0.1886 0.9811 0.0438
vn -0.0907 0.9946 0.0500
vn -0.0762 0.9956 0.0548
vn -0.0002 -0.0172 0.9999
vn -0.0021 -0.0171 0.9999
vn 0.0002 -0.0166 0.9999
vn -0.0003 -0.0179 0.9998
vn -0.0004 -0.0172 0.9999
vn -0.0004 -0.0174 0.9998
vn -0.0005 -0.0171 0.9999
vn 0.0001 -0.0166 0.9999
vn 0.0003 -0.0164 0.9999
vn 0.0001 -0.0167 0.9999
vn -0.0002 -0.0171 0.9999
vn -0.0006 -0.0173 0.9999
vn -0.0002 -0.0173 0.9999
vn -0.0007 -0.0175 0.9998
vn 0.0003 -0.0171 0.9999
vn 0.0007 -0.0171 0.9999
vn -0.0004 -0.0173 0.9998
vn -0.0003 -0.0168 0.9999
vn -0.0004 -0.0173 0.9999
vn -0.0004 -0.0170 0.9999
vn 0.0022 -0.0191 0.9998
vn 0.0002 -0.0167 0.9999
vn -0.0003 -0.0163 0.9999
vn -0.0003 -0.0173 0.9999
vn -0.0001 -0.0176 0.9998
vn -0.0001 -0.0175 0.9998
vn -0.0004 -0.0171 0.9999
vn -0.0008 -0.0173 0.9998
vn -0.0002 -0.0176 0.9998
vn -0.2482 0.9673 0.0526
vn -0.8523 0.5219 0.0336
vn -0.2484 0.9672 0.0535
vn 0.2523 0.9662 0.0525
vn -0.8522 0.5221 0.0336
vn -0.9998 0.0180 -0.0021
vn 0.8544 0.5185 0.0340
vn -0.9998 0.0180 -0.0019
vn 0.8543 0.5187 0.0340
vn 0.9999 0.0141 -0.0028
vn 0.9999 0.0142 -0.0011
vn -0.9999 -0.0140 -0.0001
vn -0.9999 -0.0140 0.0015
vn -0.8543 -0.5186 -0.0341
vn -0.8544 -0.5185 -0.0336
vn -0.2522 -0.9662 -0.0538
vn -0.2521 -0.9662 -0.0545
vn 0.2483 -0.9672 -0.0540
vn 0.2484 -0.9671 -0.0548
vn 0.8523 -0.5220 -0.0337
vn 0.8524 -0.5219 -0.0335
vn 0.9998 -0.0180 0.0021
vn 0.9998 -0.0180 0.0010
vn 0.0002 0.0172 -0.9999
vn 0.0001 0.0170 -0.9999
vn 0.0008 0.0170 -0.9999
vn 0.0003 0.0167 -0.9999
vn 0.0003 0.0164 -0.9999
vn 0.0002 0.0156 -0.9999
vn 0.0004 0.0173 -0.9999
vn 0.0001 0.0171 -0.9999
vn 0.0010 0.0176 -0.9998
vn 0.0001 0.0158 -0.9999
vn 0.0001 0.0159 -0.9999
vn 0.0002 0.0158 -0.9999
vn 0.0003 0.0169 -0.9999
vn 0.0004 0.0171 -0.9999
vn -0.0006 0.0163 -0.9999
vn 0.0006 0.0167 -0.9999
vn 0.0022 0.0168 -0.9999
vn 0.0006 0.0170 -0.9999
vn -0.0013 0.0170 -0.9999
vn 0.0003 0.0175 -0.9998
vn 0.0002 0.0153 -0.9999
vn 0.0007 0.0168 -0.9999
vn -0.0000 0.0173 -0.9999
vn 0.9706 0.1965 -0.1388
vn 0.9926 0.1212 0.0028
vn 0.9798 0.1996 0.0111
vn 0.9813 0.1923 0.0122
vn 0.9721 0.1351 -0.1919
vn 0.9617 0.1124 -0.2499
vn 0.9935 0.1137 0.0038
vn 0.9833 0.0859 -0.1602
vn 0.9662 0.0515 -0.2526
vn 0.9971 0.0756 0.0083
vn -0.0003 -0.0170 0.9999
vn -0.0006 -0.0175 0.9998
vn -0.0006 -0.0162 0.9999
vn 0.0007 -0.0174 0.9998
vn 0.0001 -0.0172 0.9999
vn 0.0005 -0.0175 0.9998
vn 0.0004 -0.0170 0.9999
vn 0.0019 -0.0192 0.9998
vn -0.0004 -0.0157 0.9999
vn -0.0003 -0.0169 0.9999
vn -0.0004 -0.0161 0.9999
vn -0.0002 -0.0151 0.9999
vn -0.0009 -0.0166 0.9999
vn -0.0002 -0.0162 0.9999
vn -0.0002 -0.0165 0.9999
vn -0.0006 -0.0167 0.9999
vn -0.0011 -0.0170 0.9999
vn -0.0001 -0.0174 0.9998
vn -0.0002 -0.0170 0.9999
vn -0.0011 -0.0173 0.9998
vn -0.0011 -0.0167 0.9999
vn -0.0005 -0.0173 0.9998
vn -0.0004 -0.0169 0.9999
vn 0.0007 -0.0169 0.9999
vn 0.0018 -0.0171 0.9999
vn -0.0000 0.0174 -0.9998
vn -0.0001 0.0169 -0.9999
vn 0.0004 0.0169 -0.9999
vn 0.0005 0.0173 -0.9999
vn 0.9971 0.0755 0.0083
vn 0.9882 0.1531 0.0079
vn -0.9924 -0.1222 -0.0116
vn -0.9978 -0.0669 -0.0008
vn -0.9597 0.2805 0.0187
vn -0.9846 -0.0870 0.1518
vn -0.9621 0.2725 0.0109
vn -0.8819 0.2248 0.4144
vn -0.9486 0.2543 0.1886
vn -0.9503 0.2538 0.1801
vn -0.8806 0.2329 0.4126
vn -0.9640 0.2655 0.0119
vn -0.9775 0.2107 0.0097
vn -0.9790 0.2035 0.0106
vn -0.9910 0.1336 0.0101
vn -0.9650 0.1920 0.1786
vn -0.8896 0.1812 0.4193
vn -0.9919 0.1262 0.0110
vn -0.9974 0.0720 0.0089
vn -0.9980 0.0635 0.0011
vn -0.9765 0.0728 0.2027
vn -0.9808 0.1340 0.1416
vn -0.8905 0.1377 0.4337
vn -0.8866 0.0578 0.4590
vn -0.9361 0.2467 -0.2508
vn -0.9999 0.0171 -0.0023
vn -0.9553 0.2731 -0.1129
vn -0.9641 0.2654 0.0117
vn -0.9597 0.2805 0.0183
vn -0.9597 0.2804 0.0184
vn -0.9493 0.2673 -0.1654
vn -0.9394 0.2506 -0.2338
vn -0.9659 0.2584 0.0128
vn -0.9759 0.2180 0.0088
vn -0.9805 0.1962 0.0115
vn -0.9919 0.1262 0.0111
vn -0.9615 0.2112 -0.1759
vn -0.9501 0.1944 -0.2438
vn -0.9930 0.1177 0.0033
vn -0.9781 0.0776 -0.1933
vn -0.9714 0.1390 -0.1924
vn -0.9563 0.1306 -0.2615
vn -0.9059 0.0490 -0.4207
vn 0.3878 -0.8736 -0.2939
vn -0.3911 -0.8721 -0.2940
vn -0.2288 -0.8704 -0.4360
vn 0.7031 -0.6765 -0.2192
vn 0.5981 -0.6760 -0.4305
vn 0.4310 -0.8878 -0.1615
vn 0.3600 -0.6473 -0.6719
vn -0.4355 -0.8870 -0.1532
vn -0.7134 -0.6712 -0.2017
vn -0.6078 -0.6721 -0.4230
vn -0.3627 -0.6465 -0.6712
vn -0.2100 -0.6358 -0.7427
vn 0.2249 -0.8700 -0.4388
vn -0.1258 -0.8748 -0.4679
vn -0.1047 -0.6340 -0.7662
vn 0.1236 -0.8737 -0.4705
vn 0.2087 -0.6384 -0.7409
vn -0.0645 -0.8716 -0.4860
vn -0.0015 -0.8718 -0.4899
vn -0.0009 -0.6335 -0.7737
vn 0.0605 -0.8710 -0.4875
vn 0.1020 -0.6322 -0.7681
vn -0.1637 -0.9060 0.3905
vn -0.2639 -0.6504 0.7123
vn -0.2746 -0.8841 0.3780
vn -0.1178 -0.6730 0.7302
vn 0.0294 -0.6893 0.7239
vn -0.3974 -0.6293 0.6679
vn -0.1882 -0.9796 -0.0708
vn -0.3878 -0.8504 0.3556
vn -0.2762 -0.9590 -0.0640
vn -0.4907 -0.8127 0.3143
vn -0.5471 -0.5959 0.5878
vn -0.6168 -0.7850 -0.0567
vn -0.7438 -0.5631 0.3600
vn -0.0503 -0.9189 0.3912
vn -0.0910 -0.9935 -0.0689
vn 0.1767 -0.6931 0.6988
vn -0.6213 -0.7598 0.1916
vn 0.0709 -0.9244 0.3747
vn 0.3659 -0.6952 0.6187
vn -0.6527 -0.7574 0.0177
vn -0.8343 -0.5483 0.0583
vn -0.8342 -0.5507 -0.0290
vn 0.2076 -0.9179 0.3383
vn 0.4273 -0.9028 0.0483
vn 0.3940 -0.8978 0.1970
vn 0.6186 -0.7023 0.3522
vn 0.7160 -0.6842 0.1382
vn -0.6573 -0.7524 -0.0428
vn -0.0030 -0.9982 -0.0606
vn -0.6574 -0.7523 -0.0423
vn -0.0029 -0.9982 -0.0604
vn -0.9870 -0.1605 -0.0071
vn -0.9870 -0.1605 -0.0069
vn -0.8702 0.4918 0.0287
vn -0.8703 0.4918 0.0285
vn -0.3453 0.9367 0.0578
vn -0.3453 0.9368 0.0570
vn 0.3561 0.9327 0.0574
vn 0.3561 0.9327 0.0573
vn 0.8754 0.4825 0.0299
vn 0.8754 0.4824 0.0302
vn 0.9849 -0.1727 -0.0142
vn 0.9849 -0.1728 -0.0141
vn 0.6497 -0.7590 -0.0424
vn 0.6497 -0.7590 -0.0425
vn -0.0010 -0.9982 -0.0604
vn -0.0010 -0.9982 -0.0602
vn 0.0020 0.9982 0.0594
vn 0.0020 0.9982 0.0605
vn 0.0020 0.9982 0.0593
vn 0.0020 0.9981 0.0608
vn -0.0020 -0.9983 -0.0584
vn -0.0020 -0.9982 -0.0601
vn -0.0020 -0.9982 -0.0599
vn -0.0020 -0.9982 -0.0604
vn -0.0020 -0.9982 -0.0603
vn -0.0020 -0.9982 -0.0598
vn -0.0993 -0.2081 -0.9731
vn -0.6031 -0.4463 -0.6612
vn -0.2030 -0.4107 -0.8889
vn -0.0001 -0.2095 -0.9778
vn -0.0006 -0.4313 -0.9022
vn -0.7358 -0.5562 -0.3863
vn -0.9646 -0.1610 -0.2090
vn -0.2167 -0.7956 -0.5658
vn -0.0015 -0.8101 -0.5863
vn -0.9862 -0.1330 -0.0988
vn -0.7526 -0.6575 -0.0358
vn -0.2117 -0.9754 -0.0617
vn -0.9870 -0.1604 -0.0070
vn -0.9872 -0.1336 0.0868
vn -0.9667 -0.1742 0.1877
vn -0.2255 -0.8438 0.4870
vn -0.0018 -0.8626 0.5058
vn -0.7474 -0.5775 0.3284
vn -0.6192 -0.4803 0.6213
vn -0.2103 -0.4548 0.8654
vn -0.0012 -0.4722 0.8815
vn -0.1025 -0.2436 0.9644
vn -0.0007 -0.2480 0.9688
vn -0.0019 -0.9982 -0.0602
vn -0.0022 -0.9982 -0.0593
vn -0.0020 -0.9981 -0.0618
vn -0.0020 -0.9981 -0.0615
vn -0.0020 -0.9980 -0.0636
vn -0.0020 -0.9982 -0.0600
vn -0.0020 -0.9982 -0.0597
vn -0.9836 0.1801 0.0125
vn -0.9835 0.1802 0.0131
vn -0.9835 0.1802 0.0132
vn 0.8704 0.0059 -0.4923
vn 0.6703 0.0097 -0.7420
vn 0.6696 0.0097 -0.7426
vn 0.9086 0.0077 -0.4177
vn 0.8701 -0.0093 0.4928
vn 0.9083 -0.0114 0.4182
vn 0.6693 -0.0124 0.7428
vn 0.6698 -0.0124 0.7424
vn -0.9080 0.3611 -0.2122
vn -0.8882 0.0059 -0.4594
vn -0.9098 -0.3574 0.2112
vn -0.8951 0.2123 -0.3921
vn -0.6975 0.3359 -0.6330
vn -0.7218 0.5930 -0.3569
vn -0.6814 0.0142 -0.7318
vn -0.7268 0.6855 0.0427
vn -0.9101 0.4138 0.0210
vn -0.7082 0.5757 0.4087
vn -0.8914 -0.1920 -0.4107
vn -0.6874 -0.3142 -0.6548
vn -0.9001 0.3536 0.2544
vn -0.6870 0.3166 0.6540
vn -0.9012 -0.3501 -0.2556
vn -0.7099 -0.5727 -0.4099
vn -0.9118 -0.4102 -0.0207
vn -0.7295 -0.6827 -0.0418
vn -0.8911 0.1951 0.4098
vn -0.6817 -0.0117 0.7316
vn -0.7247 -0.5900 0.3558
vn -0.8885 -0.0025 0.4589
vn -0.6991 -0.3331 0.6327
vn -0.8963 -0.2085 0.3913
vn -0.9997 0.0257 0.0056
vn -0.9989 0.0429 0.0211
vn -0.9990 0.0420 0.0124
vn -0.9988 0.0484 0.0030
vn -0.9961 0.0877 0.0069
vn -0.9930 0.1176 0.0034
vn -0.9930 0.1177 0.0036
vn -0.9889 0.1484 0.0083
vn -0.9864 0.1643 0.0064
vn -0.9864 0.1644 0.0063
vn -0.9990 0.0377 -0.0219
vn -0.9992 0.0398 -0.0047
vn -1.0000 0.0095 -0.0011
vn 0.9843 0.1762 0.0136
vn 0.9843 0.1762 0.0138
vn 0.8968 0.4418 0.0260
vn 0.8967 0.4419 0.0259
vn 0.8176 0.5747 0.0365
vn 0.8177 0.5745 0.0363
vn 0.3800 0.5069 0.7737
vn 0.3569 0.5608 0.7471
vn 0.3731 0.4274 0.8235
vn 0.4148 0.2684 0.8694
vn 0.4282 0.1154 0.8963
vn 0.4488 0.0654 0.8912
vn 0.4490 -0.0121 0.8934
vn 0.4498 0.0014 0.8931
vn 0.4496 0.0014 0.8932
vn 0.4505 0.0158 0.8927
vn 0.4508 0.0298 0.8921
vn 0.4424 0.0446 0.8957
vn 0.4423 0.0447 0.8957
vn 0.4425 0.0518 0.8952
vn 0.4425 0.0521 0.8953
vn 0.4429 0.0656 0.8942
vn 0.4580 0.0717 0.8861
vn 0.4488 0.0724 0.8907
vn 0.4489 0.0724 0.8907
vn 0.3718 0.6047 -0.7043
vn 0.3911 0.5494 -0.7384
vn 0.3848 0.4663 -0.7966
vn 0.4230 0.2991 -0.8553
vn 0.4308 0.1464 -0.8905
vn 0.4530 0.0973 -0.8862
vn 0.4521 0.0181 -0.8918
vn 0.4520 0.0180 -0.8918
vn 0.4514 0.0323 -0.8917
vn 0.4506 0.0462 -0.8915
vn 0.4529 0.0612 -0.8894
vn 0.4529 0.0612 -0.8895
vn 0.4465 0.0686 -0.8922
vn 0.4464 0.0686 -0.8922
vn 0.4452 0.0824 -0.8916
vn 0.4447 0.0893 -0.8912
vn 0.4446 0.0893 -0.8912
vn 0.4619 0.1059 -0.8806
vn 0.4524 0.1044 -0.8857
vn -0.1289 -0.0042 0.9916
vn -0.1356 0.0027 0.9908
vn -0.1211 0.0036 0.9926
vn -0.1290 0.0026 0.9916
vn -0.1286 -0.0042 0.9917
vn -0.1281 0.0173 0.9916
vn -0.1497 0.1327 0.9798
vn -0.1354 0.0446 0.9898
vn -0.1493 0.0857 0.9851
vn -0.1633 0.2683 0.9494
vn -0.1718 0.3823 0.9079
vn -0.2058 0.5922 0.7790
vn -0.2269 0.7574 0.6122
vn -0.1344 0.0388 -0.9902
vn -0.1278 0.0320 -0.9913
vn -0.1207 0.0321 -0.9922
vn -0.1353 0.0400 -0.9900
vn -0.1280 0.0252 -0.9915
vn -0.1285 0.0470 -0.9906
vn -0.1511 0.1696 -0.9739
vn -0.1357 0.0754 -0.9879
vn -0.1510 0.1194 -0.9813
vn -0.1673 0.3064 -0.9371
vn -0.1776 0.4201 -0.8899
vn -0.2137 0.6373 -0.7404
vn -0.2358 0.8071 -0.5413
vn 0.0535 0.6919 0.7200
vn 0.0673 0.5796 0.8121
vn 0.0744 0.5720 0.8169
vn 0.0862 0.3171 0.9445
vn 0.0860 0.2701 0.9590
vn 0.0857 0.1477 0.9853
vn 0.0918 0.0451 0.9948
vn 0.0930 0.0239 0.9954
vn 0.0928 -0.0108 0.9956
vn 0.0917 -0.0116 0.9957
vn 0.0920 -0.0172 0.9956
vn 0.0917 -0.0162 0.9957
vn 0.0920 -0.0110 0.9957
vn 0.0921 -0.0105 0.9957
vn 0.0922 -0.0106 0.9957
vn 0.0923 -0.0037 0.9957
vn 0.0922 -0.0037 0.9957
vn 0.0853 -0.0036 0.9963
vn 0.0782 -0.0037 0.9969
vn 0.0782 -0.0036 0.9969
vn 0.0701 0.6267 -0.7761
vn 0.0563 0.7418 -0.6682
vn 0.0776 0.6172 -0.7830
vn 0.0889 0.3582 -0.9294
vn 0.0880 0.3095 -0.9468
vn 0.0870 0.1753 -0.9807
vn 0.0931 0.0734 -0.9929
vn 0.0927 0.0516 -0.9944
vn 0.0925 0.0166 -0.9956
vn 0.0913 0.0161 -0.9957
vn 0.0925 0.0169 -0.9956
vn 0.0926 0.0170 -0.9956
vn 0.0926 0.0237 -0.9954
vn 0.0925 0.0238 -0.9954
vn 0.0925 0.0237 -0.9954
vn 0.0854 0.0306 -0.9959
vn 0.0782 0.0306 -0.9965
vn 0.0002 -0.0171 0.9999
vn -0.0004 -0.0158 0.9999
vn 0.0647 -0.0104 0.9978
vn 0.0934 -0.0105 0.9956
vn 0.0018 -0.0170 0.9999
vn -0.0007 -0.0158 0.9999
vn -0.0000 -0.0172 0.9999
vn -0.0006 -0.0172 0.9999
vn -0.0006 -0.0168 0.9999
vn -0.0000 -0.0161 0.9999
vn -0.0003 -0.0174 0.9998
vn 0.0001 -0.0176 0.9998
vn -0.0009 -0.0172 0.9999
vn -0.0020 -0.0172 0.9999
vn 0.0018 -0.0172 0.9999
vn 0.0015 0.0170 -0.9999
vn 0.0001 0.0165 -0.9999
vn 0.0639 0.0170 -0.9978
vn 0.0919 0.0169 -0.9956
vn 0.0049 0.0165 -0.9999
vn -0.0007 0.0171 -0.9999
vn 0.0001 0.0169 -0.9999
vn 0.0002 0.0173 -0.9999
vn 0.0005 0.0177 -0.9998
vn -0.0012 0.0169 -0.9999
vn 0.0001 0.0173 -0.9999
vn 0.0004 0.0161 -0.9999
vn 0.0006 0.0169 -0.9999
vn 0.0005 0.0172 -0.9999
vn 0.0015 0.0172 -0.9999
vn -0.0002 0.0172 -0.9999
vn 0.9781 0.2078 0.0101
vn 0.7949 0.6059 0.0324
vn 0.7948 0.6060 0.0329
vn 0.9781 0.2077 0.0121
vn 0.4387 0.8971 0.0529
vn 0.4387 0.8970 0.0541
vn 0.0018 0.9983 0.0581
vn -0.4353 0.8987 0.0527
vn -0.4352 0.8987 0.0538
vn -0.7924 0.6091 0.0321
vn -0.7924 0.6091 0.0326
vn -0.9775 0.2108 0.0096
vn -0.9775 0.2108 0.0097
vn -0.9783 -0.2069 -0.0102
vn -0.7949 -0.6059 -0.0325
vn -0.7948 -0.6060 -0.0330
vn -0.4387 -0.8971 -0.0534
vn -0.4386 -0.8970 -0.0539
vn -0.0020 -0.9982 -0.0602
vn 0.4363 -0.8983 -0.0517
vn 0.4351 -0.8988 -0.0536
vn 0.7924 -0.6092 -0.0326
vn 0.7924 -0.6091 -0.0326
vn 0.9775 -0.2108 -0.0098
vn 0.9775 -0.2107 -0.0095
vn 0.9785 0.2059 0.0100
vn 0.9785 0.2059 0.0119
vn -0.0919 0.2086 0.9737
vn -0.6096 0.4483 0.6538
vn -0.2019 0.4119 0.8886
vn 0.0002 0.2094 0.9778
vn 0.0007 0.4255 0.9050
vn -0.7338 0.5599 0.3848
vn -0.9266 0.2351 0.2935
vn -0.9274 0.3044 0.2174
vn -0.2139 0.8031 0.5561
vn 0.0014 0.8096 0.5869
vn 0.0019 0.9982 0.0599
vn -0.7462 0.6648 0.0350
vn -0.9264 0.3758 0.0247
vn -0.2082 0.9766 0.0529
vn -0.9330 0.3117 -0.1797
vn -0.2209 0.8502 -0.4778
vn 0.0018 0.8622 -0.5065
vn -0.7467 0.5832 -0.3200
vn -0.9322 0.2443 -0.2671
vn -0.6247 0.4840 -0.6128
vn -0.2074 0.4551 -0.8659
vn 0.0010 0.4733 -0.8809
vn -0.0927 0.2408 -0.9661
vn 0.0006 0.2426 -0.9701
vt 0.403005 0.715626
vt 0.408584 0.714949
vt 0.408836 0.723655
vt 0.403215 0.733786
vt 0.408952 0.733786
vt 0.397418 0.733786
vt 0.452778 0.724027
vt 0.452778 0.733786
vt 0.397325 0.715804
vt 0.400967 0.706597
vt 0.391635 0.715818
vt 0.391635 0.733786
vt 0.408358 0.707678
vt 0.365991 0.733786
vt 0.393612 0.706899
vt 0.365991 0.710722
vt 0.368223 0.699228
vt 0.340487 0.733786
vt 0.342160 0.694866
vt 0.452778 0.714629
vt 0.340487 0.706649
vt 0.315117 0.733786
vt 0.316197 0.691751
vt 0.452778 0.707678
vt 0.315117 0.703796
vt 0.289824 0.733786
vt 0.290231 0.690082
vt 0.489113 0.707678
vt 0.289824 0.702272
vt 0.264574 0.733786
vt 0.264267 0.689943
vt 0.264574 0.702139
vt 0.238293 0.691413
vt 0.239291 0.703489
vt 0.239291 0.733786
vt 0.212322 0.694340
vt 0.213936 0.706171
vt 0.213936 0.733786
vt 0.186292 0.698585
vt 0.188455 0.710076
vt 0.188455 0.733786
vt 0.160936 0.706015
vt 0.162858 0.715043
vt 0.162858 0.733786
vt 0.153150 0.705560
vt 0.156007 0.713133
vt 0.156180 0.733786
vt 0.149666 0.713880
vt 0.661491 0.923124
vt 0.661491 0.905940
vt 0.692753 0.914532
vt 0.692753 0.905940
vt 0.692753 0.923124
vt 0.695816 0.905940
vt 0.695816 0.923124
vt 0.700596 0.923124
vt 0.700596 0.905940
vt 0.705371 0.923124
vt 0.705371 0.905940
vt 0.723374 0.923124
vt 0.723374 0.905940
vt 0.741384 0.923124
vt 0.741384 0.905940
vt 0.759406 0.923124
vt 0.759406 0.905940
vt 0.777433 0.905940
vt 0.777433 0.923124
vt 0.795467 0.923124
vt 0.795467 0.905940
vt 0.813507 0.923124
vt 0.813507 0.905940
vt 0.822362 0.905940
vt 0.822362 0.923124
vt 0.826284 0.923124
vt 0.826284 0.905940
vt 0.830030 0.923124
vt 0.830030 0.905940
vt 0.837827 0.923124
vt 0.837827 0.905940
vt 0.913503 0.905940
vt 0.913503 0.923124
vt 0.798088 0.411318
vt 0.773012 0.429961
vt 0.772798 0.406234
vt 0.797772 0.429961
vt 0.747980 0.429961
vt 0.804346 0.411387
vt 0.804249 0.429961
vt 0.807578 0.398964
vt 0.801236 0.399425
vt 0.775679 0.392130
vt 0.749457 0.388077
vt 0.747516 0.402418
vt 0.722822 0.429961
vt 0.723594 0.385286
vt 0.722412 0.399895
vt 0.697626 0.429961
vt 0.697870 0.383952
vt 0.697436 0.398669
vt 0.672432 0.383945
vt 0.672432 0.398749
vt 0.672432 0.429961
vt 0.646361 0.385508
vt 0.647581 0.400101
vt 0.647190 0.429961
vt 0.620419 0.388572
vt 0.622488 0.402868
vt 0.622023 0.429961
vt 0.594258 0.392978
vt 0.597174 0.406853
vt 0.596944 0.429961
vt 0.568647 0.400481
vt 0.572059 0.420120
vt 0.572152 0.429961
vt 0.571783 0.412082
vt 0.566453 0.420193
vt 0.566511 0.429961
vt 0.566342 0.412370
vt 0.562661 0.399977
vt 0.560872 0.420090
vt 0.560990 0.412025
vt 0.560855 0.429961
vt 0.555728 0.411565
vt 0.556449 0.400766
vt 0.555373 0.419880
vt 0.555249 0.429961
vt 0.512681 0.420221
vt 0.512646 0.429961
vt 0.509845 0.410820
vt 0.510023 0.400766
vt 0.473921 0.400766
vt 0.475517 0.420354
vt 0.475509 0.429961
vt 0.473948 0.410863
vt 0.443762 0.420252
vt 0.443743 0.429961
vt 0.443362 0.411076
vt 0.443261 0.400766
vt 0.413583 0.420010
vt 0.413583 0.429961
vt 0.413583 0.411368
vt 0.413583 0.400766
vt 0.716530 0.006638
vt 0.721027 0.002441
vt 0.721027 0.006638
vt 0.716530 0.002441
vt 0.725550 0.002441
vt 0.725550 0.006638
vt 0.730076 0.002441
vt 0.730076 0.006638
vt 0.734427 0.002441
vt 0.734427 0.006638
vt 0.738940 0.002441
vt 0.738940 0.006638
vt 0.743466 0.002441
vt 0.743466 0.006638
vt 0.747979 0.002441
vt 0.747979 0.006638
vt 0.752490 0.002441
vt 0.752490 0.006638
vt 0.757018 0.002441
vt 0.757018 0.006638
vt 0.761533 0.006638
vt 0.761533 0.002441
vt 0.766039 0.006638
vt 0.766039 0.002441
vt 0.770566 0.006638
vt 0.770566 0.002441
vt 0.775088 0.006638
vt 0.775088 0.002441
vt 0.658291 0.002437
vt 0.665541 0.006888
vt 0.658291 0.006888
vt 0.665541 0.002437
vt 0.670430 0.002443
vt 0.677652 0.006877
vt 0.670430 0.006877
vt 0.677652 0.002443
vt 0.047667 0.367441
vt 0.042395 0.425958
vt 0.042395 0.367441
vt 0.037471 0.425958
vt 0.047667 0.425958
vt 0.037471 0.367441
vt 0.053175 0.367441
vt 0.032088 0.425958
vt 0.053175 0.425958
vt 0.032088 0.367441
vt 0.058396 0.367441
vt 0.026606 0.425958
vt 0.058396 0.425958
vt 0.026606 0.367441
vt 0.063436 0.367441
vt 0.021537 0.425958
vt 0.063436 0.425958
vt 0.021538 0.367441
vt 0.068555 0.367441
vt 0.016785 0.367441
vt 0.068555 0.425958
vt 0.016785 0.425958
vt 0.073667 0.367441
vt 0.012009 0.425958
vt 0.073667 0.425958
vt 0.078751 0.425958
vt 0.078751 0.367441
vt 0.012009 0.367441
vt 0.007222 0.425958
vt 0.007222 0.367441
vt 0.002442 0.425958
vt 0.002442 0.367441
vt 0.909033 0.131709
vt 0.909034 0.124460
vt 0.957005 0.131711
vt 0.957014 0.124446
vt 0.779322 0.131704
vt 0.779322 0.124454
vt 0.774264 0.124454
vt 0.774264 0.131703
vt 0.769184 0.124454
vt 0.769184 0.131703
vt 0.764101 0.124454
vt 0.764101 0.131703
vt 0.747613 0.124453
vt 0.747613 0.131702
vt 0.731126 0.124452
vt 0.731125 0.131702
vt 0.714637 0.124451
vt 0.714637 0.131701
vt 0.698158 0.131700
vt 0.698159 0.124451
vt 0.681683 0.124450
vt 0.681683 0.131699
vt 0.676601 0.124450
vt 0.676600 0.131699
vt 0.671520 0.124450
vt 0.671520 0.131699
vt 0.666462 0.124449
vt 0.666462 0.131699
vt 0.588509 0.124446
vt 0.588509 0.131696
vt 0.213494 0.796457
vt 0.213494 0.803678
vt 0.164845 0.803678
vt 0.164836 0.796441
vt 0.342700 0.796457
vt 0.342700 0.803678
vt 0.347738 0.803678
vt 0.347738 0.796457
vt 0.352798 0.803678
vt 0.352798 0.796457
vt 0.357861 0.803678
vt 0.357861 0.796457
vt 0.374273 0.803678
vt 0.374273 0.796457
vt 0.390687 0.803678
vt 0.390687 0.796457
vt 0.407111 0.796457
vt 0.407111 0.803678
vt 0.423534 0.796457
vt 0.423534 0.803678
vt 0.439958 0.803678
vt 0.439958 0.796457
vt 0.445021 0.803678
vt 0.445021 0.796457
vt 0.450082 0.803678
vt 0.450082 0.796457
vt 0.455120 0.803678
vt 0.455120 0.796457
vt 0.532768 0.803678
vt 0.532768 0.796457
vt 0.308494 0.147953
vt 0.265517 0.138941
vt 0.308494 0.138941
vt 0.265517 0.147953
vt 0.994621 0.406185
vt 0.994626 0.428988
vt 0.982585 0.428991
vt 0.994626 0.429749
vt 0.978838 0.425544
vt 0.980044 0.427939
vt 0.976250 0.403960
vt 0.994618 0.383378
vt 0.974943 0.382652
vt 0.974950 0.361577
vt 0.994616 0.360561
vt 0.976300 0.340661
vt 0.994614 0.337745
vt 0.979020 0.319841
vt 0.984831 0.314937
vt 0.994613 0.314937
vt 0.981123 0.316450
vt 0.997534 0.224628
vt 0.987688 0.224628
vt 0.980100 0.218162
vt 0.984207 0.223788
vt 0.976909 0.192043
vt 0.975819 0.165751
vt 0.997534 0.108444
vt 0.976835 0.139462
vt 0.979950 0.113344
vt 0.985696 0.108444
vt 0.981921 0.109835
vt 0.067520 0.139000
vt 0.080641 0.147133
vt 0.065903 0.142100
vt 0.064911 0.138477
vt 0.062893 0.140517
vt 0.065279 0.136225
vt 0.062064 0.145949
vt 0.060476 0.144906
vt 0.059188 0.148851
vt 0.068031 0.135573
vt 0.065483 0.135085
vt 0.067880 0.136742
vt 0.082903 0.137210
vt 0.082794 0.138430
vt 0.081786 0.142835
vt 0.086714 0.140009
vt 0.086630 0.141252
vt 0.086248 0.144346
vt 0.090281 0.141946
vt 0.090357 0.140666
vt 0.094028 0.140730
vt 0.095237 0.140673
vt 0.094321 0.141788
vt 0.095181 0.141889
vt 0.169470 0.140673
vt 0.091031 0.143055
vt 0.089229 0.145875
vt 0.092179 0.157950
vt 0.085946 0.147430
vt 0.089190 0.157688
vt 0.079101 0.665368
vt 0.175677 0.665942
vt 0.126581 0.674391
vt 0.175773 0.659238
vt 0.079135 0.658320
vt 0.036282 0.658575
vt 0.036255 0.665754
vt 0.073911 0.674205
vt 0.036255 0.674211
vt 0.073895 0.684062
vt 0.036255 0.684059
vt 0.126544 0.684242
vt 0.227266 0.684621
vt 0.227301 0.674783
vt 0.271685 0.666287
vt 0.271721 0.659897
vt 0.432586 0.659997
vt 0.321675 0.675092
vt 0.321645 0.684925
vt 0.432580 0.665917
vt 0.462799 0.675487
vt 0.462773 0.685319
vt 0.634117 0.685734
vt 0.622869 0.664857
vt 0.622852 0.659470
vt 0.634137 0.675901
vt 0.776840 0.685951
vt 0.776829 0.658348
vt 0.776854 0.676115
vt 0.825150 0.676183
vt 0.825116 0.686041
vt 0.776873 0.663323
vt 0.825168 0.662822
vt 0.825216 0.657963
vt 0.994150 0.004074
vt 0.986929 0.002443
vt 0.994150 0.002443
vt 0.986929 0.004074
vt 0.994150 0.008516
vt 0.986929 0.008516
vt 0.994150 0.012985
vt 0.986929 0.012985
vt 0.994150 0.017450
vt 0.986929 0.017450
vt 0.994150 0.084751
vt 0.986929 0.084751
vt 0.927445 0.002437
vt 0.905573 0.009687
vt 0.905573 0.002437
vt 0.927450 0.009690
vt 0.904201 0.002437
vt 0.904201 0.009687
vt 0.902840 0.002437
vt 0.902840 0.009687
vt 0.901203 0.009687
vt 0.901203 0.002437
vt 0.896743 0.002437
vt 0.896743 0.009687
vt 0.892257 0.009687
vt 0.892257 0.002437
vt 0.887775 0.009687
vt 0.887775 0.002437
vt 0.820210 0.009687
vt 0.820210 0.002437
vt 0.532943 0.601454
vt 0.391054 0.591945
vt 0.532178 0.591945
vt 0.388863 0.600683
vt 0.206326 0.591945
vt 0.654014 0.601703
vt 0.650578 0.591945
vt 0.747951 0.591945
vt 0.208420 0.599717
vt 0.052835 0.591945
vt 0.387707 0.610414
vt 0.212852 0.610656
vt 0.532716 0.610385
vt 0.532734 0.620418
vt 0.387698 0.620418
vt 0.660188 0.620418
vt 0.212824 0.620418
vt 0.052630 0.620418
vt 0.660149 0.610490
vt 0.746279 0.620418
vt 0.746261 0.610762
vt 0.790689 0.610720
vt 0.790689 0.620418
vt 0.746516 0.602144
vt 0.790689 0.602308
vt 0.790689 0.591945
vt 0.052682 0.611065
vt 0.005646 0.611079
vt 0.005646 0.620418
vt 0.052735 0.598879
vt 0.005968 0.598558
vt 0.002439 0.611079
vt 0.005650 0.591945
vt 0.002439 0.598046
vt 0.002439 0.591945
vt 0.498894 0.565751
vt 0.316514 0.576996
vt 0.309468 0.563784
vt 0.491677 0.586757
vt 0.316503 0.586830
vt 0.156056 0.586449
vt 0.491661 0.576923
vt 0.636953 0.586383
vt 0.636921 0.576553
vt 0.764755 0.585885
vt 0.764711 0.576044
vt 0.851610 0.585437
vt 0.660382 0.566617
vt 0.660355 0.562037
vt 0.851603 0.575581
vt 0.896420 0.585588
vt 0.896453 0.575737
vt 0.853328 0.566110
vt 0.896490 0.566301
vt 0.756243 0.566528
vt 0.853309 0.560795
vt 0.896493 0.558257
vt 0.853294 0.555483
vt 0.756174 0.561601
vt 0.756089 0.556674
vt 0.660336 0.557462
vt 0.498895 0.561710
vt 0.498899 0.557679
vt 0.309489 0.560369
vt 0.309510 0.556960
vt 0.156198 0.555476
vt 0.156118 0.561234
vt 0.107613 0.560430
vt 0.107561 0.554969
vt 0.107575 0.576495
vt 0.156079 0.576613
vt 0.107561 0.586337
vt 0.588507 0.118645
vt 0.588507 0.112873
vt 0.597074 0.116433
vt 0.597099 0.118645
vt 0.598270 0.112957
vt 0.602319 0.109906
vt 0.588507 0.108062
vt 0.606523 0.108035
vt 0.616673 0.101886
vt 0.588507 0.092238
vt 0.625348 0.098921
vt 0.633319 0.098456
vt 0.673103 0.091913
vt 0.641383 0.100321
vt 0.650422 0.104980
vt 0.673085 0.076198
vt 0.588507 0.076384
vt 0.673408 0.107372
vt 0.673194 0.060546
vt 0.588507 0.060545
vt 0.677529 0.076129
vt 0.677619 0.060546
vt 0.673465 0.045293
vt 0.588507 0.044614
vt 0.677549 0.091691
vt 0.673833 0.029985
vt 0.677934 0.045464
vt 0.588507 0.028681
vt 0.682330 0.047467
vt 0.682062 0.064142
vt 0.681699 0.080798
vt 0.648467 0.022605
vt 0.640800 0.020818
vt 0.632430 0.016615
vt 0.656165 0.022300
vt 0.588507 0.012815
vt 0.664711 0.019771
vt 0.674888 0.014926
vt 0.676537 0.013792
vt 0.630496 0.014947
vt 0.628965 0.012950
vt 0.625643 0.009193
vt 0.624518 0.006127
vt 0.588507 0.008236
vt 0.588507 0.002445
vt 0.624471 0.002445
vt 0.678388 0.030366
vt 0.679120 0.014283
vt 0.679041 0.013438
vt 0.682687 0.030858
vt 0.682399 0.014405
vt 0.681448 0.013962
vt 0.683333 0.012579
vt 0.682428 0.011715
vt 0.684724 0.011450
vt 0.683357 0.015108
vt 0.684763 0.012557
vt 0.687181 0.012056
vt 0.684704 0.008840
vt 0.684501 0.013534
vt 0.687052 0.013147
vt 0.687804 0.010454
vt 0.685361 0.007841
vt 0.686446 0.006716
vt 0.688687 0.009124
vt 0.691091 0.011874
vt 0.691210 0.010294
vt 0.763637 0.014006
vt 0.689278 0.013989
vt 0.763509 0.015596
vt 0.769544 0.015302
vt 0.763428 0.016743
vt 0.769064 0.017438
vt 0.774624 0.018589
vt 0.689295 0.014845
vt 0.768300 0.018376
vt 0.773061 0.021976
vt 0.778453 0.023665
vt 0.771888 0.022432
vt 0.774486 0.025407
vt 0.775108 0.027966
vt 0.781655 0.040983
vt 0.773209 0.025700
vt 0.779163 0.046831
vt 0.773989 0.028394
vt 0.782518 0.057646
vt 0.777970 0.047012
vt 0.762541 0.033265
vt 0.766676 0.036536
vt 0.780172 0.065918
vt 0.782518 0.074223
vt 0.778961 0.065918
vt 0.778669 0.083746
vt 0.780555 0.091001
vt 0.777456 0.083521
vt 0.773880 0.101372
vt 0.775962 0.108243
vt 0.766073 0.092567
vt 0.772805 0.100906
vt 0.772495 0.106362
vt 0.761731 0.095730
vt 0.771147 0.106103
vt 0.772170 0.107553
vt 0.771406 0.112558
vt 0.770764 0.107319
vt 0.769540 0.111927
vt 0.766208 0.115214
vt 0.687036 0.097428
vt 0.765571 0.114799
vt 0.760944 0.115827
vt 0.765017 0.113748
vt 0.760955 0.114596
vt 0.768453 0.111204
vt 0.686144 0.113700
vt 0.685641 0.644133
vt 0.779708 0.653302
vt 0.682105 0.653302
vt 0.565708 0.644803
vt 0.563215 0.653302
vt 0.779464 0.643623
vt 0.822565 0.642815
vt 0.822565 0.653302
vt 0.822565 0.634316
vt 0.421866 0.645262
vt 0.420222 0.653302
vt 0.691405 0.634917
vt 0.777870 0.634722
vt 0.822565 0.625438
vt 0.777841 0.625438
vt 0.691395 0.625438
vt 0.563835 0.635023
vt 0.563825 0.625438
vt 0.238781 0.653302
vt 0.418885 0.634986
vt 0.418869 0.625438
vt 0.244146 0.635320
vt 0.244096 0.625438
vt 0.084017 0.625438
vt 0.084035 0.636305
vt 0.084059 0.653302
vt 0.005983 0.635895
vt 0.006056 0.625438
vt 0.006320 0.653302
vt 0.004237 0.625438
vt 0.002439 0.635930
vt 0.002439 0.653302
vt 0.002439 0.625438
vt 0.686167 0.114926
vt 0.681640 0.114619
vt 0.674588 0.117441
vt 0.685362 0.113744
vt 0.684165 0.097372
vt 0.678236 0.114983
vt 0.674429 0.116245
vt 0.659491 0.118359
vt 0.678221 0.113826
vt 0.673848 0.111772
vt 0.659112 0.114942
vt 0.656915 0.118797
vt 0.656491 0.115401
vt 0.657552 0.111807
vt 0.654523 0.113361
vt 0.678119 0.110691
vt 0.653545 0.107930
vt 0.651996 0.109005
vt 0.681659 0.113410
vt 0.682433 0.112231
vt 0.678125 0.107419
vt 0.680934 0.109260
vt 0.681312 0.097334
vt 0.684723 0.080835
vt 0.687754 0.080882
vt 0.685177 0.064142
vt 0.688298 0.064142
vt 0.755582 0.084819
vt 0.752052 0.074371
vt 0.759791 0.082802
vt 0.756248 0.073387
vt 0.760245 0.045842
vt 0.756119 0.043679
vt 0.755173 0.064142
vt 0.756487 0.055018
vt 0.750980 0.064142
vt 0.752334 0.053919
vt 0.688633 0.047656
vt 0.688928 0.031171
vt 0.685475 0.047560
vt 0.685806 0.031019
vt 0.687586 0.014789
vt 0.686637 0.015083
vt 0.686200 0.013982
vt 0.026603 0.905940
vt 0.065400 0.923124
vt 0.026603 0.923124
vt 0.065400 0.905940
vt 0.010001 0.905940
vt 0.179146 0.905940
vt 0.010001 0.923124
vt 0.179146 0.923124
vt 0.008691 0.905940
vt 0.303303 0.905940
vt 0.008691 0.923124
vt 0.303303 0.923124
vt 0.007373 0.905940
vt 0.406288 0.923124
vt 0.007373 0.923124
vt 0.406288 0.905940
vt 0.005799 0.905940
vt 0.496934 0.905940
vt 0.005799 0.923124
vt 0.002441 0.923124
vt 0.002441 0.905940
vt 0.496934 0.923124
vt 0.558368 0.923124
vt 0.558368 0.905940
vt 0.590078 0.905940
vt 0.590078 0.923124
vt 0.612436 0.905940
vt 0.612436 0.923124
vt 0.636000 0.923124
vt 0.636000 0.905940
vt 0.085226 0.162976
vt 0.080641 0.162344
vt 0.051075 0.153399
vt 0.043735 0.155126
vt 0.089231 0.174363
vt 0.085089 0.178532
vt 0.002446 0.160620
vt 0.036418 0.154517
vt 0.028658 0.151386
vt 0.002446 0.144532
vt 0.019526 0.145027
vt 0.080641 0.177649
vt 0.002446 0.176596
vt 0.002446 0.192430
vt 0.015659 0.143036
vt 0.016929 0.141470
vt 0.002446 0.139680
vt 0.011892 0.139826
vt 0.014648 0.138722
vt 0.014298 0.136287
vt 0.010846 0.136215
vt 0.002446 0.133942
vt 0.010882 0.133942
vt 0.014733 0.133942
vt 0.080641 0.192430
vt 0.002445 0.207324
vt 0.084984 0.192430
vt 0.080641 0.208611
vt 0.080641 0.224219
vt 0.089085 0.192430
vt 0.084785 0.208601
vt 0.089064 0.207419
vt 0.092204 0.174700
vt 0.092117 0.192430
vt 0.089114 0.223844
vt 0.095181 0.192430
vt 0.095181 0.175001
vt 0.095181 0.158185
vt 0.092133 0.207724
vt 0.095181 0.207958
vt 0.095181 0.223842
vt 0.179505 0.150609
vt 0.092131 0.223846
vt 0.159492 0.202901
vt 0.089203 0.239411
vt 0.088209 0.240093
vt 0.092509 0.239478
vt 0.089871 0.241947
vt 0.095181 0.239693
vt 0.163008 0.213487
vt 0.169086 0.224410
vt 0.167173 0.211418
vt 0.173373 0.221164
vt 0.163640 0.201872
vt 0.158355 0.192430
vt 0.162550 0.192430
vt 0.159633 0.182210
vt 0.163840 0.183231
vt 0.163424 0.171784
vt 0.167602 0.173875
vt 0.169822 0.160921
vt 0.174100 0.164188
vt 0.181015 0.155949
vt 0.185221 0.173679
vt 0.186396 0.191642
vt 0.182102 0.155512
vt 0.180879 0.150401
vt 0.184284 0.148640
vt 0.188529 0.166197
vt 0.179865 0.144210
vt 0.186428 0.173478
vt 0.189992 0.183224
vt 0.177985 0.144798
vt 0.174704 0.141416
vt 0.187613 0.191642
vt 0.189929 0.200093
vt 0.186219 0.211049
vt 0.188502 0.217124
vt 0.185017 0.210834
vt 0.181438 0.230296
vt 0.184640 0.234769
vt 0.180337 0.229829
vt 0.179437 0.232596
vt 0.180708 0.232921
vt 0.177983 0.235965
vt 0.895777 0.932336
vt 0.895777 0.949519
vt 0.791263 0.940928
vt 0.898391 0.932336
vt 0.821415 0.932336
vt 0.898391 0.949519
vt 0.900904 0.932336
vt 0.900904 0.949519
vt 0.821415 0.949519
vt 0.790177 0.936538
vt 0.790189 0.945294
vt 0.787165 0.933159
vt 0.787189 0.948679
vt 0.818451 0.931284
vt 0.782945 0.931580
vt 0.818451 0.950572
vt 0.782953 0.950274
vt 0.750955 0.950572
vt 0.778632 0.949771
vt 0.774885 0.947254
vt 0.772738 0.943271
vt 0.772695 0.938758
vt 0.750955 0.951880
vt 0.817386 0.951907
vt 0.750955 0.953198
vt 0.817132 0.953198
vt 0.817132 0.953416
vt 0.750955 0.953416
vt 0.750955 0.931284
vt 0.774756 0.934746
vt 0.778465 0.932147
vt 0.750955 0.929975
vt 0.817372 0.929918
vt 0.750955 0.928657
vt 0.817131 0.928657
vt 0.750955 0.928439
vt 0.817131 0.928440
vt 0.090373 0.266972
vt 0.024195 0.266972
vt 0.024610 0.265042
vt 0.024610 0.261164
vt 0.090373 0.256488
vt 0.025561 0.258386
vt 0.028042 0.256767
vt 0.048113 0.252532
vt 0.063365 0.251448
vt 0.089414 0.254016
vt 0.087039 0.252837
vt 0.775524 0.501120
vt 0.775525 0.434943
vt 0.777454 0.500705
vt 0.781332 0.500705
vt 0.786009 0.434943
vt 0.784120 0.499747
vt 0.785729 0.497273
vt 0.789964 0.477203
vt 0.791048 0.461950
vt 0.788480 0.435902
vt 0.789659 0.438277
vt 0.173502 0.142836
vt 0.169465 0.141918
vt 0.176862 0.145448
vt 0.799142 0.705279
vt 0.790949 0.823236
vt 0.788632 0.800227
vt 0.780633 0.823591
vt 0.778435 0.801645
vt 0.784327 0.777004
vt 0.774346 0.779180
vt 0.767617 0.753176
vt 0.782156 0.711671
vt 0.796446 0.696929
vt 0.778544 0.703922
vt 0.777326 0.750434
vt 0.767281 0.719294
vt 0.761096 0.711791
vt 0.757693 0.720949
vt 0.758974 0.716209
vt 0.583625 0.119202
vt 0.547971 0.127505
vt 0.547653 0.120341
vt 0.583625 0.126168
vt 0.434532 0.131596
vt 0.583625 0.092876
vt 0.434346 0.123840
vt 0.294230 0.133809
vt 0.034070 0.118311
vt 0.294176 0.125289
vt 0.175641 0.133779
vt 0.175781 0.124581
vt 0.104948 0.131625
vt 0.105419 0.121989
vt 0.033889 0.128436
vt 0.002444 0.118657
vt 0.002444 0.128956
vt 0.002444 0.085696
vt 0.583625 0.066559
vt 0.002444 0.066559
vt 0.583625 0.040254
vt 0.002444 0.046787
vt 0.035540 0.015660
vt 0.002444 0.015355
vt 0.002444 0.005845
vt 0.034231 0.007971
vt 0.105663 0.004706
vt 0.109478 0.011688
vt 0.176254 0.002526
vt 0.178961 0.009152
vt 0.295264 0.002446
vt 0.297210 0.008328
vt 0.434876 0.004583
vt 0.435243 0.009568
vt 0.547647 0.012861
vt 0.583625 0.013959
vt 0.547849 0.008605
vt 0.583625 0.009935
vt 0.179158 0.236432
vt 0.180630 0.239859
vt 0.174969 0.240917
vt 0.175396 0.243072
vt 0.174220 0.239972
vt 0.169307 0.242614
vt 0.169377 0.244212
vt 0.169280 0.241422
vt 0.096573 0.242317
vt 0.096905 0.244212
vt 0.094456 0.245462
vt 0.095124 0.240519
vt 0.092885 0.241367
vt 0.093012 0.242450
vt 0.093390 0.243790
vt 0.092188 0.247822
vt 0.091132 0.246678
vt 0.090502 0.245667
vt 0.090522 0.243083
vt 0.088228 0.242828
vt 0.087224 0.240506
vt 0.084754 0.240978
vt 0.084778 0.243640
vt 0.084983 0.240247
vt 0.082230 0.240541
vt 0.081271 0.242968
vt 0.084971 0.224067
vt 0.079035 0.241717
vt 0.080641 0.239318
vt 0.070417 0.234125
vt 0.069492 0.236252
vt 0.061310 0.231446
vt 0.060948 0.233424
vt 0.052957 0.230953
vt 0.053080 0.232907
vt 0.045015 0.234569
vt 0.002445 0.222921
vt 0.044433 0.232526
vt 0.035524 0.238714
vt 0.034451 0.236449
vt 0.002445 0.238326
vt 0.031902 0.237946
vt 0.034047 0.240350
vt 0.030773 0.240570
vt 0.031797 0.241378
vt 0.029411 0.245281
vt 0.029737 0.239779
vt 0.027393 0.244168
vt 0.025276 0.243184
vt 0.002445 0.243191
vt 0.026410 0.246448
vt 0.029001 0.247297
vt 0.023457 0.246074
vt 0.002445 0.248173
vt 0.028258 0.249867
vt 0.023122 0.248453
vt 0.025768 0.248645
vt 0.025466 0.249601
vt 0.027824 0.250956
vt 0.023038 0.249601
vt 0.013995 0.249601
vt 0.002445 0.249601
vt 0.181747 0.994633
vt 0.181747 0.988502
vt 0.193948 0.990436
vt 0.192738 0.989936
vt 0.192232 0.988719
vt 0.192232 0.988502
vt 0.179095 0.988502
vt 0.225439 0.994633
vt 0.179095 0.994633
vt 0.176444 0.988502
vt 0.176444 0.994633
vt 0.152727 0.988502
vt 0.152727 0.994633
vt 0.137435 0.994633
vt 0.137435 0.988502
vt 0.116921 0.994633
vt 0.116921 0.988502
vt 0.113970 0.988502
vt 0.113969 0.994633
vt 0.111023 0.988502
vt 0.111020 0.994633
vt 0.107138 0.994633
vt 0.107147 0.988502
vt 0.105173 0.988716
vt 0.105174 0.988502
vt 0.104668 0.989885
vt 0.103026 0.990429
vt 0.103525 0.994633
vt 0.099928 0.994633
vt 0.099887 0.990429
vt 0.025451 0.990429
vt 0.002439 0.994633
vt 0.022944 0.989660
vt 0.021443 0.987599
vt 0.020580 0.984292
vt 0.002439 0.980937
vt 0.018981 0.980937
vt 0.020697 0.982698
vt 0.020187 0.981461
vt 0.843473 0.823202
vt 0.834227 0.698693
vt 0.851990 0.698519
vt 0.816567 0.700950
vt 0.833565 0.689683
vt 0.824212 0.823199
vt 0.852433 0.689444
vt 0.863372 0.823220
vt 0.814850 0.692182
vt 0.871247 0.691536
vt 0.869719 0.700375
vt 0.889754 0.695891
vt 0.887226 0.704330
vt 0.895049 0.823287
vt 0.907783 0.702502
vt 0.897411 0.800130
vt 0.904571 0.823591
vt 0.907661 0.801554
vt 0.901763 0.776645
vt 0.911796 0.778834
vt 0.904317 0.710361
vt 0.919260 0.717636
vt 0.925342 0.709985
vt 0.927558 0.714474
vt 0.928897 0.719285
vt 0.908868 0.749718
vt 0.918625 0.752481
vt 0.750282 0.224136
vt 0.755349 0.225844
vt 0.747797 0.229801
vt 0.756565 0.219571
vt 0.743008 0.226968
vt 0.761653 0.220196
vt 0.761423 0.213643
vt 0.756874 0.228365
vt 0.739475 0.231789
vt 0.735226 0.227859
vt 0.747808 0.232334
vt 0.766271 0.213163
vt 0.764385 0.206561
vt 0.730898 0.231674
vt 0.768893 0.205275
vt 0.727437 0.226714
vt 0.765376 0.199047
vt 0.770572 0.214338
vt 0.764093 0.222953
vt 0.772902 0.206396
vt 0.769402 0.197008
vt 0.764285 0.191566
vt 0.773555 0.196822
vt 0.807114 0.207056
vt 0.807067 0.187623
vt 0.770974 0.187647
vt 0.767731 0.188873
vt 0.761198 0.184607
vt 0.807190 0.232527
vt 0.764010 0.181395
vt 0.756322 0.178676
vt 0.767079 0.179949
vt 0.807108 0.166873
vt 0.761351 0.172944
vt 0.758456 0.175062
vt 0.750024 0.174179
vt 0.752897 0.167411
vt 0.751456 0.170278
vt 0.742756 0.171434
vt 0.745117 0.164668
vt 0.743473 0.167358
vt 0.735016 0.170666
vt 0.734995 0.166490
vt 0.726526 0.167800
vt 0.727285 0.171877
vt 0.734886 0.163370
vt 0.725952 0.164804
vt 0.718571 0.171184
vt 0.720045 0.175049
vt 0.734271 0.143512
vt 0.717555 0.168287
vt 0.711583 0.176070
vt 0.713738 0.179666
vt 0.706080 0.182426
vt 0.708908 0.185588
vt 0.707860 0.175991
vt 0.713639 0.171201
vt 0.374805 0.172432
vt 0.702853 0.181604
vt 0.702408 0.189718
vt 0.705871 0.192314
vt 0.699091 0.189361
vt 0.506053 0.194110
vt 0.587385 0.194442
vt 0.374805 0.199652
vt 0.502944 0.195160
vt 0.501023 0.197913
vt 0.501026 0.201317
vt 0.502952 0.204068
vt 0.506062 0.205115
vt 0.697866 0.197412
vt 0.590499 0.195408
vt 0.592428 0.197932
vt 0.592435 0.201047
vt 0.374805 0.226823
vt 0.698576 0.205267
vt 0.590515 0.203575
vt 0.700802 0.197457
vt 0.704838 0.199383
vt 0.587403 0.204548
vt 0.701367 0.205284
vt 0.705883 0.206466
vt 0.704057 0.212827
vt 0.708909 0.213262
vt 0.700613 0.212936
vt 0.705124 0.220523
vt 0.708698 0.219778
vt 0.713788 0.219137
vt 0.711713 0.226335
vt 0.715011 0.225402
vt 0.720111 0.223716
vt 0.722586 0.229406
vt 0.720299 0.231249
vt 0.407967 0.252394
vt 0.374805 0.254423
vt 0.406796 0.261644
vt 0.374805 0.261644
vt 0.478756 0.261644
vt 0.481859 0.254894
vt 0.566393 0.261644
vt 0.568617 0.256266
vt 0.671893 0.261644
vt 0.676034 0.255762
vt 0.805926 0.261644
vt 0.730280 0.233712
vt 0.740095 0.233830
vt 0.807392 0.255779
vt 0.920093 0.253493
vt 0.920433 0.261644
vt 0.976449 0.257491
vt 0.977169 0.261644
vt 0.979556 0.261644
vt 0.979051 0.257091
vt 0.975586 0.253577
vt 0.978170 0.253073
vt 0.970894 0.230410
vt 0.968413 0.231099
vt 0.962467 0.209466
vt 0.964954 0.208875
vt 0.958116 0.187608
vt 0.960621 0.187185
vt 0.957745 0.165285
vt 0.955219 0.165560
vt 0.956262 0.142921
vt 0.953789 0.143275
vt 0.953860 0.137437
vt 0.956396 0.137437
vt 0.919087 0.142947
vt 0.919245 0.137437
vt 0.807179 0.143174
vt 0.805892 0.137437
vt 0.670200 0.137437
vt 0.670532 0.143886
vt 0.568950 0.142661
vt 0.566080 0.137437
vt 0.482269 0.144364
vt 0.478627 0.137437
vt 0.407935 0.146768
vt 0.406549 0.137437
vt 0.374805 0.145567
vt 0.374805 0.137437
vt 0.817681 0.614159
vt 0.816813 0.607654
vt 0.821256 0.610597
vt 0.814721 0.609782
vt 0.811770 0.610975
vt 0.812715 0.616222
vt 0.817936 0.604874
vt 0.823219 0.605896
vt 0.823148 0.600792
vt 0.808339 0.610797
vt 0.806879 0.615988
vt 0.817928 0.601870
vt 0.801850 0.613222
vt 0.821141 0.596133
vt 0.805359 0.609206
vt 0.816769 0.599101
vt 0.798706 0.609040
vt 0.808231 0.596039
vt 0.814459 0.596893
vt 0.817281 0.592370
vt 0.811437 0.595813
vt 0.812173 0.590486
vt 0.806746 0.590963
vt 0.805445 0.597549
vt 0.802021 0.593470
vt 0.803478 0.606758
vt 0.803454 0.600154
vt 0.798632 0.597862
vt 0.802734 0.603534
vt 0.797350 0.603591
vt 0.819558 0.015029
vt 0.887122 0.019480
vt 0.835364 0.118038
vt 0.787397 0.118682
vt 0.887122 0.015029
vt 0.815228 0.013867
vt 0.787397 0.002497
vt 0.812061 0.010691
vt 0.810911 0.006382
vt 0.809264 0.002949
vt 0.811039 0.004750
vt 0.810525 0.003490
vt 0.965075 0.118038
vt 0.982041 0.076992
vt 0.982040 0.060504
vt 0.980188 0.093375
vt 0.976505 0.109447
vt 0.970017 0.116963
vt 0.974082 0.113915
vt 0.965075 0.019480
vt 0.980186 0.044130
vt 0.976505 0.028071
vt 0.974082 0.023603
vt 0.970017 0.020554
vt 0.545904 0.794737
vt 0.539741 0.797004
vt 0.538696 0.793393
vt 0.541281 0.800427
vt 0.548830 0.761530
vt 0.558143 0.808187
vt 0.556079 0.763609
vt 0.555635 0.735566
vt 0.560831 0.802385
vt 0.575775 0.815005
vt 0.563097 0.737203
vt 0.559777 0.713057
vt 0.577787 0.808764
vt 0.567409 0.714122
vt 0.562028 0.691007
vt 0.569736 0.691226
vt 0.593876 0.819632
vt 0.595640 0.691290
vt 0.595158 0.813081
vt 0.612266 0.822071
vt 0.612758 0.815345
vt 0.621545 0.691298
vt 0.630788 0.822293
vt 0.630455 0.815526
vt 0.647403 0.691267
vt 0.649258 0.820255
vt 0.648118 0.813654
vt 0.667452 0.816016
vt 0.665567 0.809709
vt 0.673276 0.691182
vt 0.685205 0.809578
vt 0.675627 0.714224
vt 0.679849 0.691007
vt 0.683299 0.713154
vt 0.679984 0.737564
vt 0.687485 0.735918
vt 0.682628 0.803693
vt 0.697628 0.796397
vt 0.702167 0.802196
vt 0.703781 0.798720
vt 0.704874 0.795057
vt 0.694389 0.762232
vt 0.687104 0.764325
vt 0.740598 0.550403
vt 0.740598 0.434943
vt 0.770637 0.434943
vt 0.770638 0.550403
vt 0.225439 0.988502
vt 0.213238 0.990436
vt 0.214448 0.989936
vt 0.214954 0.988719
vt 0.214954 0.988502
vt 0.228091 0.994633
vt 0.228091 0.988502
vt 0.230742 0.994633
vt 0.230742 0.988502
vt 0.254459 0.988502
vt 0.254459 0.994633
vt 0.269751 0.994633
vt 0.269751 0.988502
vt 0.290265 0.994633
vt 0.290265 0.988502
vt 0.293229 0.994633
vt 0.293228 0.988502
vt 0.296166 0.994633
vt 0.296163 0.988502
vt 0.300039 0.988502
vt 0.300048 0.994633
vt 0.302013 0.988716
vt 0.302012 0.988502
vt 0.302542 0.989908
vt 0.304159 0.990427
vt 0.303648 0.994633
vt 0.307259 0.994633
vt 0.307299 0.990427
vt 0.381782 0.990427
vt 0.404809 0.994633
vt 0.384290 0.989654
vt 0.385804 0.987628
vt 0.386707 0.984310
vt 0.404809 0.980946
vt 0.388350 0.980946
vt 0.386616 0.982691
vt 0.387143 0.981441
vt 0.352530 0.850437
vt 0.360818 0.850437
vt 0.356845 0.868248
vt 0.365049 0.868376
vt 0.348658 0.868248
vt 0.369638 0.850437
vt 0.344743 0.850437
vt 0.373179 0.868376
vt 0.340464 0.868248
vt 0.378612 0.850437
vt 0.336443 0.850437
vt 0.381292 0.868376
vt 0.332314 0.868248
vt 0.387381 0.850437
vt 0.327553 0.850437
vt 0.389373 0.868376
vt 0.324262 0.868248
vt 0.395626 0.850437
vt 0.318457 0.850437
vt 0.397445 0.868376
vt 0.316300 0.868248
vt 0.403560 0.850437
vt 0.309468 0.850437
vt 0.405528 0.868376
vt 0.308476 0.868248
vt 0.300854 0.850437
vt 0.300854 0.868248
vt 0.412073 0.850437
vt 0.413656 0.868376
vt 0.420945 0.850437
vt 0.421823 0.868376
vt 0.429828 0.850437
vt 0.430014 0.868376
vt 0.438380 0.850437
vt 0.438215 0.868376
vt 0.446390 0.868376
vt 0.446359 0.850437
vt 0.454330 0.850437
vt 0.454578 0.868376
vt 0.462806 0.868376
vt 0.462849 0.850437
vt 0.471065 0.868376
vt 0.471660 0.850437
vt 0.479354 0.868376
vt 0.480386 0.850437
vt 0.487697 0.868376
vt 0.488641 0.850437
vt 0.496150 0.868376
vt 0.496150 0.850437
vt 0.717075 0.690939
vt 0.726006 0.690939
vt 0.734366 0.693379
vt 0.741313 0.697693
vt 0.746722 0.703421
vt 0.708634 0.693416
vt 0.750738 0.710886
vt 0.701578 0.697850
vt 0.712762 0.751686
vt 0.696241 0.703585
vt 0.752625 0.719545
vt 0.692322 0.710941
vt 0.721535 0.752948
vt 0.705030 0.748214
vt 0.730352 0.751676
vt 0.690456 0.719537
vt 0.751988 0.728431
vt 0.698929 0.743230
vt 0.694128 0.736609
vt 0.691096 0.728445
vt 0.749011 0.736501
vt 0.738188 0.748129
vt 0.744353 0.743016
vt 0.894165 0.438998
vt 0.961466 0.434565
vt 0.984882 0.468183
vt 0.894165 0.434565
vt 0.978464 0.446298
vt 0.965778 0.433408
vt 0.968934 0.430244
vt 0.970079 0.425952
vt 0.970195 0.425046
vt 0.969951 0.424326
vt 0.945721 0.537172
vt 0.989402 0.490548
vt 0.991988 0.513217
vt 0.992621 0.536016
vt 0.994366 0.537837
vt 0.816516 0.537172
vt 0.799617 0.496308
vt 0.801464 0.512618
vt 0.799616 0.479884
vt 0.805131 0.528615
vt 0.811593 0.536102
vt 0.807544 0.533065
vt 0.816516 0.438998
vt 0.801462 0.463565
vt 0.805131 0.447556
vt 0.807544 0.443105
vt 0.811593 0.440069
vt 0.194836 0.197945
vt 0.327494 0.240922
vt 0.194836 0.240922
vt 0.327494 0.197945
vt 0.284260 0.262050
vt 0.280955 0.249444
vt 0.284340 0.249444
vt 0.287443 0.249444
vt 0.280996 0.262017
vt 0.287525 0.262062
vt 0.277733 0.261998
vt 0.290828 0.249444
vt 0.277732 0.249445
vt 0.290789 0.262048
vt 0.294052 0.262037
vt 0.294051 0.249444
vt 0.196636 0.262001
vt 0.196636 0.249447
vt 0.193413 0.249447
vt 0.193374 0.262019
vt 0.190109 0.262053
vt 0.190027 0.249447
vt 0.186925 0.249447
vt 0.186844 0.262066
vt 0.183540 0.249447
vt 0.183580 0.262051
vt 0.180317 0.262041
vt 0.180317 0.249447
vt 0.099220 0.262037
vt 0.099221 0.249444
vt 0.193156 0.744278
vt 0.193782 0.785874
vt 0.165812 0.768043
vt 0.166572 0.773749
vt 0.165746 0.762288
vt 0.185637 0.788003
vt 0.168014 0.779321
vt 0.170118 0.784679
vt 0.176335 0.790986
vt 0.172851 0.789743
vt 0.175027 0.791126
vt 0.173780 0.790683
vt 0.200850 0.784573
vt 0.166374 0.756570
vt 0.200547 0.745663
vt 0.207645 0.783886
vt 0.185290 0.742206
vt 0.207646 0.746385
vt 0.167685 0.750970
vt 0.217724 0.783708
vt 0.169660 0.745573
vt 0.217763 0.746560
vt 0.175792 0.739153
vt 0.237248 0.784556
vt 0.172270 0.740455
vt 0.174828 0.738992
vt 0.173354 0.739384
vt 0.237349 0.745709
vt 0.266158 0.785337
vt 0.266265 0.744932
vt 0.299067 0.785262
vt 0.299129 0.745007
vt 0.338741 0.784640
vt 0.338745 0.745630
vt 0.375067 0.783362
vt 0.375021 0.746906
vt 0.385715 0.783113
vt 0.394522 0.750798
vt 0.393550 0.749823
vt 0.395850 0.751154
vt 0.392692 0.747448
vt 0.393197 0.748501
vt 0.393236 0.748000
vt 0.393079 0.747613
vt 0.400701 0.782763
vt 0.416583 0.752520
vt 0.416583 0.751154
vt 0.440503 0.782763
vt 0.443266 0.781498
vt 0.442019 0.782433
vt 0.444010 0.780127
vt 0.445139 0.775199
vt 0.445708 0.770175
vt 0.445709 0.765115
vt 0.440503 0.752520
vt 0.445140 0.760088
vt 0.444010 0.755156
vt 0.442019 0.752850
vt 0.443266 0.753785
vt 0.489113 0.714550
vt 0.520417 0.723970
vt 0.489113 0.724059
vt 0.489113 0.733786
vt 0.520417 0.714696
vt 0.520417 0.707678
vt 0.520417 0.733786
vt 0.550549 0.715040
vt 0.550549 0.707678
vt 0.550549 0.723683
vt 0.550549 0.733786
vt 0.929783 0.392955
vt 0.797124 0.383943
vt 0.929783 0.383943
vt 0.797124 0.392955
vt 0.826270 0.305745
vt 0.805457 0.307116
vt 0.810326 0.275384
vt 0.795549 0.275038
vt 0.826270 0.307116
vt 0.804123 0.307474
vt 0.850284 0.275384
vt 0.795549 0.311044
vt 0.803147 0.308452
vt 0.784592 0.274782
vt 0.802793 0.309780
vt 0.784546 0.311382
vt 0.802286 0.310838
vt 0.802832 0.310283
vt 0.802674 0.310671
vt 0.752204 0.273604
vt 0.748128 0.312663
vt 0.713288 0.272921
vt 0.708357 0.313287
vt 0.681238 0.272769
vt 0.675364 0.313363
vt 0.659804 0.273054
vt 0.646335 0.312583
vt 0.636969 0.274056
vt 0.626672 0.311729
vt 0.625049 0.274455
vt 0.616515 0.311905
vt 0.616515 0.274256
vt 0.609693 0.273567
vt 0.609389 0.312629
vt 0.602597 0.272261
vt 0.601968 0.314019
vt 0.574451 0.295939
vt 0.575081 0.301680
vt 0.574518 0.290162
vt 0.594072 0.316100
vt 0.575281 0.284433
vt 0.576398 0.307301
vt 0.594420 0.270123
vt 0.578381 0.312719
vt 0.576728 0.278839
vt 0.584537 0.319165
vt 0.578840 0.273460
vt 0.581001 0.317858
vt 0.583569 0.319327
vt 0.582089 0.318933
vt 0.585082 0.267129
vt 0.581584 0.268376
vt 0.582517 0.267433
vt 0.583769 0.266988
vt 0.851807 0.275715
vt 0.853805 0.278030
vt 0.853059 0.276654
vt 0.854940 0.282981
vt 0.855511 0.288028
vt 0.855510 0.293107
vt 0.850284 0.305745
vt 0.854939 0.298151
vt 0.853805 0.303099
vt 0.853059 0.304475
vt 0.851807 0.305414
vt 0.993050 0.309915
vt 0.860391 0.309914
vt 0.887188 0.293514
vt 0.884119 0.292531
vt 0.968284 0.293514
vt 0.882140 0.289785
vt 0.971353 0.292531
vt 0.973332 0.289785
vt 0.860391 0.266938
vt 0.882140 0.286682
vt 0.993050 0.266938
vt 0.887188 0.282952
vt 0.973332 0.286682
vt 0.968284 0.282952
vt 0.971353 0.283935
vt 0.994092 0.542937
vt 0.985080 0.675596
vt 0.985080 0.542937
vt 0.994093 0.675596
vt 0.094191 0.928443
vt 0.641443 0.945626
vt 0.094191 0.945627
vt 0.641443 0.928443
vt 0.002440 0.945627
vt 0.002440 0.928443
vt 0.810732 0.420052
vt 0.810773 0.429961
vt 0.814919 0.429961
vt 0.810498 0.411189
vt 0.814833 0.419856
vt 0.813721 0.399946
vt 0.858462 0.429961
vt 0.814488 0.410523
vt 0.861764 0.410081
vt 0.861614 0.399946
vt 0.858434 0.420194
vt 0.894354 0.429961
vt 0.894330 0.420305
vt 0.927552 0.429961
vt 0.898153 0.410143
vt 0.898188 0.399946
vt 0.927540 0.420219
vt 0.959101 0.420354
vt 0.959101 0.429961
vt 0.959101 0.411169
vt 0.929087 0.410427
vt 0.929291 0.399946
vt 0.959101 0.399946
vt 0.145833 0.706913
vt 0.149491 0.733786
vt 0.145568 0.714168
vt 0.145341 0.723674
vt 0.145255 0.733786
vt 0.100378 0.733786
vt 0.100378 0.713951
vt 0.100378 0.706913
vt 0.100378 0.724083
vt 0.065049 0.733786
vt 0.065049 0.723959
vt 0.033309 0.733786
vt 0.065049 0.713923
vt 0.065049 0.706913
vt 0.033309 0.723881
vt 0.002442 0.723922
vt 0.002442 0.733786
vt 0.002442 0.714710
vt 0.033309 0.713959
vt 0.033309 0.706913
vt 0.002442 0.706913
vt 0.194874 0.187679
vt 0.216615 0.168005
vt 0.218677 0.172017
vt 0.222385 0.174615
vt 0.226864 0.175182
vt 0.198208 0.191329
vt 0.195834 0.190151
vt 0.221882 0.192718
vt 0.194875 0.143990
vt 0.237135 0.191634
vt 0.216658 0.163491
vt 0.257205 0.187399
vt 0.218805 0.159508
vt 0.222552 0.156991
vt 0.260637 0.183003
vt 0.259678 0.185790
vt 0.260637 0.179124
vt 0.231085 0.173603
vt 0.262018 0.175797
vt 0.234097 0.170224
vt 0.265335 0.174426
vt 0.235184 0.165834
vt 0.265335 0.157243
vt 0.362723 0.174426
vt 0.362723 0.157243
vt 0.234109 0.161468
vt 0.262008 0.155862
vt 0.231109 0.158083
vt 0.260637 0.152545
vt 0.226874 0.156488
vt 0.260637 0.148666
vt 0.257205 0.144270
vt 0.259686 0.145889
vt 0.237135 0.140035
vt 0.221882 0.138951
vt 0.198209 0.140340
vt 0.195834 0.141519
vt 0.507286 0.391748
vt 0.414388 0.391573
vt 0.416677 0.389382
vt 0.512342 0.395353
vt 0.510381 0.389627
vt 0.508493 0.395950
vt 0.506705 0.386223
vt 0.413199 0.395950
vt 0.409259 0.395338
vt 0.411242 0.389411
vt 0.414826 0.386124
vt 0.429634 0.379856
vt 0.504875 0.389439
vt 0.430788 0.383375
vt 0.445158 0.376144
vt 0.490951 0.383489
vt 0.492110 0.379994
vt 0.445723 0.379780
vt 0.460953 0.378603
vt 0.460963 0.374951
vt 0.476125 0.379849
vt 0.476707 0.376222
vt 0.848484 0.845822
vt 0.832474 0.848893
vt 0.832808 0.845270
vt 0.848605 0.849500
vt 0.864405 0.847999
vt 0.816158 0.846301
vt 0.847222 0.828441
vt 0.816919 0.842831
vt 0.821891 0.829627
vt 0.801069 0.838223
vt 0.799853 0.841464
vt 0.796770 0.832142
vt 0.795915 0.838490
vt 0.863819 0.844356
vt 0.872322 0.828441
vt 0.879735 0.844583
vt 0.798274 0.836376
vt 0.878684 0.841077
vt 0.894294 0.839050
vt 0.796949 0.833431
vt 0.793883 0.834000
vt 0.793647 0.832683
vt 0.892692 0.835814
vt 0.896560 0.829847
vt 0.895262 0.833864
vt 0.898088 0.836018
vt 0.900234 0.830573
vt 0.975216 0.568687
vt 0.956316 0.571912
vt 0.956316 0.568687
vt 0.975216 0.571912
vt 0.975216 0.565467
vt 0.956316 0.565467
vt 0.956316 0.562247
vt 0.975216 0.562247
vt 0.956316 0.559023
vt 0.975216 0.559023
vt 0.956316 0.555814
vt 0.975216 0.555814
vt 0.956316 0.552586
vt 0.975216 0.552586
vt 0.956316 0.549381
vt 0.975216 0.549381
vt 0.956316 0.546152
vt 0.975216 0.546152
vt 0.975216 0.542947
vt 0.956316 0.542947
vt 0.932332 0.002444
vt 0.975308 0.011456
vt 0.932332 0.011456
vt 0.975308 0.002444
vt 0.332382 0.242406
vt 0.353874 0.179443
vt 0.353874 0.242405
vt 0.332382 0.179443
vt 0.313380 0.138445
vt 0.334872 0.152300
vt 0.313380 0.152300
vt 0.334872 0.138445
vt 0.483028 0.756259
vt 0.477827 0.761530
vt 0.477644 0.756801
vt 0.483028 0.738940
vt 0.477324 0.738940
vt 0.472824 0.762372
vt 0.477136 0.765626
vt 0.471972 0.757537
vt 0.471708 0.738940
vt 0.474711 0.766770
vt 0.476712 0.782659
vt 0.466219 0.763270
vt 0.466219 0.757944
vt 0.466219 0.738940
vt 0.466219 0.768334
vt 0.455886 0.782659
vt 0.457778 0.766818
vt 0.455307 0.765696
vt 0.460503 0.757530
vt 0.460667 0.738940
vt 0.459643 0.762386
vt 0.454608 0.761545
vt 0.454808 0.756796
vt 0.455060 0.738940
vt 0.449388 0.756321
vt 0.449388 0.738940
vt 0.209369 0.483171
vt 0.179407 0.479945
vt 0.206144 0.479945
vt 0.179407 0.501436
vt 0.209369 0.498211
vt 0.206144 0.501436
vt 0.021543 0.271944
vt 0.002444 0.293435
vt 0.002444 0.271944
vt 0.021543 0.293435
vt 0.635020 0.010941
vt 0.635020 0.003021
vt 0.653402 0.006981
vt 0.265056 0.860502
vt 0.120616 0.855941
vt 0.269480 0.855940
vt 0.120616 0.860502
vt 0.265056 0.875542
vt 0.120616 0.875542
vt 0.269480 0.880104
vt 0.120616 0.880104
vt 0.221233 0.485926
vt 0.227837 0.479298
vt 0.239255 0.490757
vt 0.223658 0.481716
vt 0.222297 0.480354
vt 0.219370 0.485459
vt 0.227336 0.477444
vt 0.219382 0.491277
vt 0.221235 0.490770
vt 0.222277 0.496296
vt 0.232693 0.479314
vt 0.233169 0.477453
vt 0.223645 0.494942
vt 0.227368 0.499237
vt 0.236887 0.481750
vt 0.238234 0.480378
vt 0.239277 0.485924
vt 0.241134 0.485423
vt 0.227841 0.497372
vt 0.233216 0.499219
vt 0.241116 0.491234
vt 0.232690 0.497369
vt 0.238242 0.496279
vt 0.236853 0.494953
vt 0.624370 0.879447
vt 0.527546 0.885385
vt 0.531162 0.882997
vt 0.533517 0.879446
vt 0.527546 0.894999
vt 0.523177 0.894153
vt 0.523177 0.886232
vt 0.422015 0.886232
vt 0.422014 0.894152
vt 0.320847 0.886231
vt 0.320847 0.894152
vt 0.219679 0.886231
vt 0.219679 0.894151
vt 0.118512 0.886230
vt 0.118512 0.894151
vt 0.624370 0.900938
vt 0.531162 0.897387
vt 0.533517 0.900939
vt 0.715211 0.879446
vt 0.715211 0.900937
vt 0.997370 0.900937
vt 0.997370 0.879446
vt 0.350499 0.250365
vt 0.356078 0.248058
vt 0.356078 0.252673
vt 0.359920 0.256222
vt 0.359920 0.244509
vt 0.364267 0.239620
vt 0.364267 0.261111
vt 0.369742 0.257886
vt 0.369742 0.242845
vt 0.080081 0.474941
vt 0.174529 0.496433
vt 0.080081 0.496432
vt 0.174529 0.474941
vt 0.745754 0.956103
vt 0.750202 0.961035
vt 0.745170 0.961035
vt 0.743788 0.953388
vt 0.739625 0.961035
vt 0.739610 0.950946
vt 0.592327 0.950946
vt 0.592483 0.961035
vt 0.501116 0.950946
vt 0.501172 0.961035
vt 0.406365 0.950946
vt 0.406376 0.961035
vt 0.311604 0.950946
vt 0.311541 0.961035
vt 0.244221 0.950946
vt 0.244186 0.961035
vt 0.163502 0.950946
vt 0.163409 0.961035
vt 0.087518 0.961035
vt 0.087687 0.950946
vt 0.043384 0.950946
vt 0.019978 0.950946
vt 0.002842 0.961035
vt 0.750329 0.965938
vt 0.745802 0.970926
vt 0.745308 0.965938
vt 0.743799 0.973609
vt 0.739736 0.965938
vt 0.739613 0.976026
vt 0.592372 0.976026
vt 0.592588 0.965938
vt 0.501154 0.976026
vt 0.501258 0.965938
vt 0.406413 0.976026
vt 0.406436 0.965938
vt 0.311661 0.976026
vt 0.311577 0.965938
vt 0.244290 0.976026
vt 0.244200 0.965938
vt 0.163584 0.976026
vt 0.163407 0.965938
vt 0.087510 0.965938
vt 0.087785 0.976026
vt 0.043459 0.976026
vt 0.020070 0.976026
vt 0.002847 0.965938
vt 0.797009 0.517446
vt 0.797009 0.543103
vt 0.794507 0.541387
vt 0.786264 0.539234
vt 0.775518 0.517446
vt 0.778020 0.541387
vt 0.775518 0.543103
vt 0.344523 0.808940
vt 0.531821 0.808939
vt 0.454458 0.827309
vt 0.554748 0.812289
vt 0.353890 0.839249
vt 0.253074 0.850723
vt 0.158377 0.814885
vt 0.157430 0.808940
vt 0.156891 0.828194
vt 0.151471 0.850723
vt 0.147118 0.850723
vt 0.155421 0.809550
vt 0.142786 0.850723
vt 0.138497 0.850723
vt 0.886669 0.868711
vt 0.699375 0.868711
vt 0.809258 0.850336
vt 0.909586 0.865357
vt 0.708657 0.838392
vt 0.607821 0.826939
vt 0.513218 0.862767
vt 0.512288 0.868711
vt 0.511690 0.849461
vt 0.506198 0.826939
vt 0.501844 0.826939
vt 0.510279 0.868110
vt 0.497512 0.826939
vt 0.493225 0.826939
vt 0.002445 0.564441
vt 0.027447 0.585932
vt 0.002445 0.585932
vt 0.027447 0.564441
vt 0.970063 0.387288
vt 0.963525 0.387006
vt 0.964347 0.353436
vt 0.960389 0.334392
vt 0.959188 0.383164
vt 0.957447 0.325273
vt 0.957324 0.380777
vt 0.955725 0.322738
vt 0.954886 0.322438
vt 0.953405 0.378732
vt 0.805569 0.322438
vt 0.805569 0.378732
vt 0.720703 0.322438
vt 0.715818 0.378732
vt 0.634774 0.322438
vt 0.621489 0.378732
vt 0.527143 0.374333
vt 0.447650 0.333906
vt 0.460195 0.369692
vt 0.380135 0.361875
vt 0.305159 0.352417
vt 0.261207 0.345922
vt 0.728716 0.487846
vt 0.735254 0.487564
vt 0.729539 0.521416
vt 0.725581 0.540461
vt 0.724379 0.491688
vt 0.722639 0.549580
vt 0.722515 0.494075
vt 0.720917 0.552114
vt 0.720078 0.552414
vt 0.718596 0.496120
vt 0.570774 0.552414
vt 0.570774 0.496120
vt 0.485898 0.552414
vt 0.481011 0.496120
vt 0.399968 0.552414
vt 0.386682 0.496120
vt 0.292337 0.500519
vt 0.212844 0.540946
vt 0.225388 0.505160
vt 0.145328 0.512977
vt 0.070352 0.522434
vt 0.026401 0.528930
vt 0.535017 0.491105
vt 0.252491 0.491105
vt 0.252491 0.472479
vt 0.411382 0.436485
vt 0.561787 0.436485
vt 0.625863 0.491105
vt 0.645752 0.436485
vt 0.716414 0.491105
vt 0.730306 0.437589
vt 0.732252 0.436485
vt 0.410559 0.436124
vt 0.377767 0.417531
vt 0.408974 0.433440
vt 0.406629 0.423957
vt 0.383453 0.417579
vt 0.389053 0.414988
vt 0.392994 0.409992
vt 0.372183 0.414842
vt 0.404196 0.404242
vt 0.394261 0.404194
vt 0.393003 0.398385
vt 0.389076 0.393347
vt 0.401688 0.369438
vt 0.383492 0.390680
vt 0.377808 0.390668
vt 0.252592 0.369438
vt 0.252592 0.396090
vt 0.372211 0.393290
vt 0.368272 0.398277
vt 0.367005 0.404027
vt 0.368266 0.409782
vt 0.183008 0.458513
vt 0.158004 0.396090
vt 0.158004 0.458513
vt 0.226820 0.472479
vt 0.200826 0.472420
vt 0.183008 0.472420
vt 0.221513 0.473675
vt 0.206180 0.473662
vt 0.213819 0.478568
vt 0.096929 0.266941
vt 0.379469 0.266941
vt 0.096929 0.285618
vt 0.255836 0.321507
vt 0.406239 0.321507
vt 0.470314 0.266941
vt 0.490203 0.321507
vt 0.560864 0.266941
vt 0.574755 0.320404
vt 0.576702 0.321507
vt 0.255011 0.321859
vt 0.222224 0.340395
vt 0.253426 0.324542
vt 0.251080 0.334023
vt 0.227908 0.340359
vt 0.233505 0.342968
vt 0.237444 0.347987
vt 0.216640 0.343076
vt 0.248650 0.353758
vt 0.238715 0.353804
vt 0.237461 0.359633
vt 0.233538 0.364685
vt 0.246144 0.388671
vt 0.227957 0.367347
vt 0.222274 0.367343
vt 0.097117 0.388671
vt 0.097117 0.362186
vt 0.216677 0.364717
vt 0.212735 0.359707
vt 0.211461 0.353919
vt 0.212715 0.348120
vt 0.027459 0.299725
vt 0.002437 0.362186
vt 0.002437 0.299725
vt 0.071263 0.285618
vt 0.045264 0.285767
vt 0.027459 0.285767
vt 0.065953 0.284441
vt 0.050617 0.284506
vt 0.058250 0.279574
vt 0.002440 0.559432
vt 0.008612 0.537941
vt 0.008612 0.559432
vt 0.002440 0.537941
vt 0.014949 0.537941
vt 0.014949 0.559432
vt 0.020814 0.537941
vt 0.020814 0.559432
vt 0.026680 0.537941
vt 0.026680 0.559432
vt 0.033018 0.537941
vt 0.033018 0.559432
vt 0.039190 0.537941
vt 0.039190 0.559432
vt 0.044870 0.537941
vt 0.044870 0.559432
vt 0.051043 0.537941
vt 0.051043 0.559432
vt 0.057380 0.537941
vt 0.057380 0.559432
vt 0.063245 0.559432
vt 0.063245 0.537941
vt 0.069111 0.537941
vt 0.069111 0.559432
vt 0.075448 0.537941
vt 0.075448 0.559432
vt 0.081620 0.537941
vt 0.081620 0.559432
vt 0.087301 0.537941
vt 0.087301 0.559432
vt 0.020070 0.658441
vt 0.025676 0.663892
vt 0.020508 0.663892
vt 0.002444 0.658441
vt 0.002444 0.663892
vt 0.025722 0.669209
vt 0.030372 0.665667
vt 0.030372 0.668341
vt 0.020912 0.669775
vt 0.002444 0.669708
vt 0.002443 0.675373
vt 0.025988 0.675373
vt 0.030372 0.675373
vt 0.021070 0.675373
vt 0.030372 0.682409
vt 0.020917 0.680953
vt 0.002443 0.681088
vt 0.025727 0.681537
vt 0.030372 0.685084
vt 0.025672 0.686863
vt 0.020510 0.686863
vt 0.002443 0.686863
vt 0.020063 0.692305
vt 0.002443 0.692305
s 1
usemtl 1Mtl
f 1/1/1 2/2/2 3/3/3
f 1/1/1 3/3/3 4/4/4
f 4/4/4 3/3/3 5/5/5
f 6/6/6 1/1/1 4/4/4
f 5/5/5 3/3/3 7/7/7
f 2/2/2 7/7/7 3/3/3
f 5/5/5 7/7/7 8/8/8
f 6/6/6 9/9/9 1/1/1
f 2/2/2 1/1/1 10/10/10
f 10/10/10 1/1/1 9/9/9
f 6/6/6 11/11/11 9/9/9
f 11/11/11 10/10/10 9/9/9
f 6/6/6 12/12/12 11/11/11
f 2/2/2 10/10/10 13/13/13
f 11/11/11 12/12/12 14/14/14
f 11/11/11 15/15/15 10/10/10
f 11/11/11 14/14/14 16/16/16
f 16/16/16 15/15/15 11/11/11
f 16/16/16 17/17/17 15/15/15
f 16/16/16 14/14/14 18/18/18
f 16/16/16 19/19/19 17/17/17
f 13/13/13 20/20/20 2/2/2
f 16/16/16 18/18/18 21/21/21
f 16/16/16 21/21/21 19/19/19
f 22/22/22 21/21/21 18/18/18
f 21/21/21 23/23/23 19/19/19
f 13/13/13 24/24/24 20/20/20
f 22/22/22 25/25/25 21/21/21
f 21/21/21 25/25/25 23/23/23
f 26/26/26 25/25/25 22/22/22
f 25/25/25 27/27/27 23/23/23
f 28/28/28 20/20/20 24/24/24
f 26/26/26 29/29/29 25/25/25
f 25/25/25 29/29/29 27/27/27
f 30/30/30 29/29/29 26/26/26
f 29/29/29 31/31/31 27/27/27
f 29/29/29 32/32/32 31/31/31
f 30/30/30 32/32/32 29/29/29
f 32/32/32 33/33/33 31/31/31
f 34/34/34 32/32/32 30/30/30
f 32/32/32 34/34/34 33/33/33
f 34/34/34 30/30/30 35/35/35
f 34/34/34 36/36/36 33/33/33
f 37/37/37 34/34/34 35/35/35
f 34/34/34 37/37/37 36/36/36
f 37/37/37 35/35/35 38/38/38
f 37/37/37 39/39/39 36/36/36
f 38/38/38 40/40/40 37/37/37
f 37/37/37 40/40/40 39/39/39
f 38/38/38 41/41/41 40/40/40
f 42/42/42 39/39/39 40/40/40
f 41/41/41 43/43/43 40/40/40
f 42/42/42 40/40/40 43/43/43
f 41/41/41 44/44/44 43/43/43
f 45/45/45 42/42/42 43/43/43
f 46/46/46 43/43/43 44/44/44
f 45/45/45 43/43/43 46/46/46
f 46/46/46 44/44/44 47/47/47
f 45/45/45 46/46/46 48/48/48
f 47/47/47 48/48/48 46/46/46
f 49/49/49 50/50/50 51/51/51
f 50/50/50 52/52/52 51/51/51
f 51/51/51 53/53/53 49/49/49
f 54/54/54 51/51/51 52/52/52
f 51/51/51 55/55/55 53/53/53
f 54/54/54 55/55/55 51/51/51
f 54/54/54 56/56/56 55/55/55
f 54/54/54 57/57/57 56/56/56
f 58/58/58 56/56/56 57/57/57
f 58/58/58 57/57/57 59/59/59
f 59/59/59 60/60/60 58/58/58
f 59/59/59 61/61/61 60/60/60
f 62/62/62 60/60/60 61/61/61
f 62/62/62 61/61/61 63/63/63
f 64/64/64 62/62/62 63/63/63
f 64/64/64 63/63/63 65/65/65
f 64/64/64 65/65/65 66/66/66
f 64/64/64 66/66/66 67/67/67
f 68/68/68 67/67/67 66/66/66
f 68/68/68 66/66/66 69/69/69
f 69/69/69 70/70/70 68/68/68
f 69/69/69 71/71/71 70/70/70
f 70/70/70 71/71/71 72/72/72
f 70/70/70 72/72/72 73/73/73
f 72/72/72 74/74/74 73/73/73
f 72/72/72 75/75/75 74/74/74
f 75/75/75 76/76/76 74/74/74
f 75/75/75 77/77/77 76/76/76
f 78/78/78 76/76/76 77/77/77
f 78/78/78 77/77/77 79/79/78
f 80/80/79 78/78/78 79/79/78
f 80/80/79 81/81/80 78/78/78
f 82/82/81 83/83/82 84/84/83
f 82/82/81 85/85/84 83/83/82
f 84/84/83 83/83/82 86/86/85
f 85/85/84 82/82/81 87/87/86
f 85/85/84 87/87/86 88/88/87
f 82/82/81 89/89/88 87/87/86
f 82/82/81 90/90/89 89/89/88
f 84/84/83 90/90/89 82/82/81
f 84/84/83 91/91/90 90/90/89
f 92/92/91 91/91/90 84/84/83
f 84/84/83 86/86/85 93/93/92
f 92/92/91 84/84/83 93/93/92
f 94/94/93 93/93/92 86/86/85
f 95/95/94 92/92/91 93/93/92
f 94/94/93 96/96/95 93/93/92
f 95/95/94 93/93/92 96/96/95
f 97/97/96 96/96/95 94/94/93
f 98/98/97 95/95/94 96/96/95
f 98/98/97 96/96/95 99/99/98
f 97/97/96 99/99/98 96/96/95
f 100/100/99 98/98/97 99/99/98
f 101/101/100 99/99/98 97/97/96
f 100/100/99 99/99/98 101/101/100
f 101/101/100 97/97/96 102/102/101
f 103/103/102 100/100/99 101/101/100
f 104/104/103 101/101/100 102/102/101
f 103/103/102 101/101/100 104/104/103
f 104/104/103 102/102/101 105/105/104
f 106/106/105 103/103/102 104/104/103
f 107/107/106 104/104/103 105/105/104
f 106/106/105 104/104/103 107/107/106
f 107/107/106 105/105/104 108/108/107
f 109/109/108 106/106/105 107/107/106
f 108/108/107 110/110/109 107/107/106
f 109/109/108 107/107/106 110/110/109
f 108/108/107 111/111/110 110/110/109
f 112/112/111 109/109/108 110/110/109
f 111/111/110 113/113/112 110/110/109
f 111/111/110 114/114/113 113/113/112
f 112/112/111 110/110/109 115/115/114
f 115/115/114 110/110/109 113/113/112
f 116/116/115 113/113/112 114/114/113
f 115/115/114 113/113/112 116/116/115
f 116/116/115 114/114/113 117/117/116
f 118/118/117 112/112/111 115/115/114
f 115/115/114 116/116/115 118/118/117
f 118/118/117 119/119/118 112/112/111
f 120/120/119 116/116/115 117/117/116
f 121/121/120 118/118/117 116/116/115
f 118/118/117 121/121/120 119/119/118
f 121/121/120 116/116/115 120/120/119
f 120/120/119 117/117/116 122/122/119
f 119/119/118 121/121/120 123/123/121
f 120/120/119 123/123/121 121/121/120
f 119/119/118 123/123/121 124/124/122
f 122/122/119 125/125/123 120/120/119
f 120/120/119 125/125/123 123/123/121
f 122/122/119 126/126/124 125/125/123
f 127/127/125 125/125/123 126/126/124
f 127/127/125 123/123/121 125/125/123
f 127/127/125 126/126/124 128/128/126
f 129/129/127 124/124/122 123/123/121
f 123/123/121 127/127/125 129/129/127
f 129/129/127 130/130/128 124/124/122
f 129/129/127 131/131/129 130/130/128
f 128/128/126 132/132/130 127/127/125
f 132/132/130 129/129/127 127/127/125
f 128/128/126 133/133/131 132/132/130
f 129/129/127 134/134/132 131/131/129
f 132/132/130 134/134/132 129/129/127
f 133/133/131 135/135/133 132/132/130
f 135/135/133 134/134/132 132/132/130
f 133/133/131 136/136/134 135/135/133
f 137/137/135 131/131/129 134/134/132
f 135/135/133 137/137/135 134/134/132
f 137/137/135 138/138/136 131/131/129
f 136/136/134 139/139/137 135/135/133
f 136/136/134 140/140/138 139/139/137
f 141/141/139 135/135/133 139/139/137
f 141/141/139 137/137/135 135/135/133
f 141/141/139 138/138/136 137/137/135
f 141/141/139 142/142/140 138/138/136
f 143/143/141 144/144/142 145/145/142
f 143/143/141 146/146/143 144/144/142
f 147/147/144 145/145/142 144/144/142
f 147/147/144 148/148/145 145/145/142
f 149/149/146 148/148/145 147/147/144
f 149/149/146 150/150/147 148/148/145
f 150/150/147 149/149/146 151/151/148
f 150/150/147 151/151/148 152/152/148
f 153/153/149 152/152/148 151/151/148
f 153/153/149 154/154/150 152/152/148
f 154/154/150 153/153/149 155/155/151
f 154/154/150 155/155/151 156/156/151
f 157/157/152 156/156/151 155/155/151
f 157/157/152 158/158/153 156/156/151
f 159/159/154 158/158/153 157/157/152
f 159/159/154 160/160/155 158/158/153
f 161/161/156 160/160/155 159/159/154
f 161/161/156 162/162/157 160/160/155
f 163/163/158 162/162/157 161/161/156
f 163/163/158 161/161/156 164/164/159
f 164/164/159 165/165/160 163/163/158
f 164/164/159 166/166/161 165/165/160
f 167/167/162 165/165/160 166/166/161
f 167/167/162 166/166/161 168/168/162
f 168/168/162 169/169/163 167/167/162
f 168/168/162 170/170/164 169/169/163
f 171/171/143 172/172/165 173/173/166
f 171/171/143 174/174/167 172/172/165
f 175/175/143 176/176/168 177/177/141
f 175/175/143 178/178/169 176/176/168
f 179/179/170 180/180/171 181/181/172
f 182/182/173 181/181/172 180/180/171
f 179/179/170 183/183/174 180/180/171
f 182/182/173 184/184/173 181/181/172
f 185/185/175 183/183/174 179/179/170
f 184/184/173 182/182/173 186/186/176
f 185/185/175 187/187/6 183/183/174
f 184/184/173 186/186/176 188/188/177
f 189/189/178 187/187/6 185/185/175
f 188/188/177 186/186/176 190/190/179
f 189/189/178 191/191/180 187/187/6
f 188/188/177 190/190/179 192/192/181
f 191/191/180 189/189/178 193/193/182
f 194/194/183 192/192/181 190/190/179
f 191/191/180 193/193/182 195/195/184
f 194/194/183 196/196/185 192/192/181
f 197/197/186 195/195/184 193/193/182
f 198/198/187 196/196/185 194/194/183
f 197/197/186 199/199/188 195/195/184
f 198/198/187 194/194/183 200/200/189
f 201/201/190 199/199/188 197/197/186
f 198/198/187 200/200/189 202/202/191
f 201/201/190 203/203/192 199/199/188
f 201/201/190 204/204/193 203/203/192
f 201/201/190 205/205/194 204/204/193
f 198/198/187 202/202/191 206/206/195
f 207/207/196 206/206/195 202/202/191
f 207/207/196 208/208/197 206/206/195
f 209/209/198 208/208/197 207/207/196
f 209/209/198 210/210/199 208/208/197
f 211/211/200 212/212/201 213/213/202
f 214/214/203 213/213/202 212/212/201
f 215/215/76 212/212/201 211/211/200
f 215/215/76 216/216/77 212/212/201
f 217/217/204 216/216/77 215/215/76
f 217/217/204 215/215/76 218/218/205
f 219/219/206 217/217/204 218/218/205
f 219/219/206 218/218/205 220/220/207
f 220/220/207 221/221/208 219/219/206
f 220/220/207 222/222/209 221/221/208
f 222/222/209 223/223/210 221/221/208
f 222/222/209 224/224/211 223/223/210
f 225/225/212 223/223/210 224/224/211
f 225/225/212 224/224/211 226/226/213
f 227/227/214 225/225/212 226/226/213
f 227/227/214 226/226/213 228/228/214
f 227/227/214 228/228/214 229/229/215
f 227/227/214 229/229/215 230/230/216
f 231/231/217 230/230/216 229/229/215
f 231/231/217 229/229/215 232/232/218
f 233/233/219 231/231/217 232/232/218
f 233/233/219 232/232/218 234/234/220
f 234/234/220 235/235/221 233/233/219
f 234/234/220 236/236/222 235/235/221
f 236/236/222 237/237/223 235/235/221
f 236/236/222 238/238/224 237/237/223
f 238/238/224 239/239/225 237/237/223
f 238/238/224 240/240/225 239/239/225
f 241/241/226 242/242/227 243/243/228
f 241/241/226 243/243/228 244/244/229
f 245/245/230 242/242/227 241/241/226
f 245/245/230 246/246/230 242/242/227
f 247/247/231 246/246/230 245/245/230
f 247/247/231 245/245/230 248/248/231
f 249/249/232 247/247/231 248/248/231
f 249/249/232 248/248/231 250/250/233
f 250/250/233 251/251/234 249/249/232
f 250/250/233 252/252/235 251/251/234
f 252/252/235 253/253/236 251/251/234
f 252/252/235 254/254/237 253/253/236
f 254/254/237 255/255/238 253/253/236
f 254/254/237 256/256/239 255/255/238
f 257/257/240 255/255/238 256/256/239
f 257/257/240 258/258/241 255/255/238
f 259/259/242 258/258/241 257/257/240
f 259/259/242 260/260/243 258/258/241
f 261/261/244 260/260/243 259/259/242
f 261/261/244 259/259/242 262/262/245
f 263/263/246 261/261/244 262/262/245
f 263/263/246 262/262/245 264/264/247
f 264/264/247 265/265/248 263/263/246
f 264/264/247 266/266/249 265/265/248
f 266/266/249 267/267/250 265/265/248
f 266/266/249 268/268/251 267/267/250
f 268/268/251 269/269/225 267/267/250
f 268/268/251 270/270/225 269/269/225
f 271/271/252 272/272/252 273/273/252
f 271/271/252 274/274/252 272/272/252
f 275/275/253 276/276/254 277/277/255
f 277/277/255 276/276/254 278/278/256
f 275/275/253 277/277/255 279/279/257
f 279/279/257 277/277/255 280/280/258
f 275/275/253 279/279/257 281/281/259
f 281/281/259 282/282/260 275/275/253
f 281/281/259 283/283/261 282/282/260
f 282/282/260 283/283/261 284/284/262
f 282/282/260 284/284/262 285/285/263
f 285/285/263 284/284/262 286/286/264
f 285/285/263 286/286/264 287/287/265
f 288/288/266 287/287/265 286/286/264
f 289/289/267 287/287/265 288/288/266
f 290/290/268 287/287/265 289/289/267
f 289/289/267 288/288/266 291/291/269
f 292/292/165 293/293/270 294/294/271
f 293/293/270 295/295/272 294/294/271
f 294/294/271 296/296/273 292/292/165
f 296/296/273 297/297/274 292/292/165
f 298/298/270 292/292/165 297/297/274
f 297/297/274 299/299/167 298/298/270
f 299/299/167 300/300/143 298/298/270
f 301/301/275 298/298/270 300/300/143
f 300/300/143 302/302/276 301/301/275
f 303/303/277 304/304/278 305/305/279
f 306/306/280 303/303/277 305/305/279
f 306/306/280 305/305/279 307/307/281
f 303/303/277 306/306/280 308/308/282
f 309/309/283 307/307/281 305/305/279
f 304/304/278 309/309/283 305/305/279
f 309/309/283 310/310/284 307/307/281
f 311/311/285 310/310/284 309/309/283
f 304/304/278 311/311/285 309/309/283
f 312/312/286 308/308/282 313/313/287
f 312/312/286 314/314/288 308/308/282
f 303/303/277 308/308/282 314/314/288
f 315/315/289 314/314/288 312/312/286
f 303/303/277 314/314/288 316/316/290
f 315/315/289 316/316/290 314/314/288
f 303/303/277 316/316/290 317/317/291
f 303/303/277 317/317/291 304/304/278
f 318/318/292 316/316/290 315/315/289
f 317/317/291 316/316/290 318/318/292
f 317/317/291 318/318/292 319/319/293
f 317/317/291 319/319/293 320/320/294
f 320/320/294 304/304/278 317/317/291
f 321/321/295 319/319/293 318/318/292
f 321/321/295 320/320/294 319/319/293
f 322/322/296 318/318/292 315/315/289
f 321/321/295 318/318/292 322/322/296
f 323/323/297 322/322/296 315/315/289
f 315/315/289 324/324/298 323/323/297
f 325/325/299 321/321/295 322/322/296
f 325/325/299 322/322/296 323/323/297
f 323/323/297 324/324/298 326/326/300
f 323/323/297 326/326/300 325/325/299
f 327/327/301 326/326/300 324/324/298
f 320/320/294 321/321/295 328/328/302
f 325/325/299 328/328/302 321/321/295
f 320/320/294 328/328/302 329/329/303
f 330/330/304 328/328/302 325/325/299
f 329/329/303 331/331/305 320/320/294
f 320/320/294 331/331/305 304/304/278
f 328/328/302 332/332/306 329/329/303
f 332/332/306 331/331/305 329/329/303
f 330/330/304 332/332/306 328/328/302
f 333/333/307 334/334/308 335/335/309
f 336/336/310 334/334/308 333/333/307
f 336/336/310 333/333/307 337/337/311
f 338/338/312 337/337/311 333/333/307
f 338/338/312 333/333/307 339/339/313
f 339/339/313 333/333/307 340/340/314
f 333/333/307 335/335/309 340/340/314
f 339/339/313 340/340/314 341/341/315
f 341/341/315 340/340/314 342/342/316
f 341/341/315 342/342/316 343/343/317
f 340/340/314 344/344/318 342/342/316
f 340/340/314 335/335/309 344/344/318
f 345/345/319 344/344/318 335/335/309
f 345/345/319 335/335/309 346/346/320
f 346/346/320 335/335/309 334/334/308
f 336/336/310 347/347/321 334/334/308
f 334/334/308 347/347/321 346/346/320
f 336/336/310 348/348/322 347/347/321
f 349/349/323 347/347/321 348/348/322
f 345/345/319 346/346/320 350/350/324
f 350/350/324 346/346/320 347/347/321
f 345/345/319 350/350/324 351/351/227
f 349/349/323 352/352/325 347/347/321
f 347/347/321 352/352/325 350/350/324
f 353/353/326 351/351/227 350/350/324
f 350/350/324 352/352/325 353/353/326
f 353/353/326 354/354/314 351/351/227
f 353/353/326 355/355/327 354/354/314
f 349/349/323 356/356/328 352/352/325
f 352/352/325 356/356/328 353/353/326
f 349/349/323 357/357/329 356/356/328
f 353/353/326 358/358/330 355/355/327
f 353/353/326 356/356/328 358/358/330
f 358/358/330 359/359/331 355/355/327
f 356/356/328 357/357/329 360/360/332
f 358/358/330 361/361/333 359/359/331
f 356/356/328 361/361/333 358/358/330
f 362/362/334 359/359/331 361/361/333
f 362/362/334 363/363/335 359/359/331
f 356/356/328 364/364/336 361/361/333
f 362/362/334 361/361/333 364/364/336
f 356/356/328 360/360/332 364/364/336
f 362/362/334 364/364/336 365/365/337
f 365/365/337 364/364/336 360/360/332
f 365/365/337 360/360/332 366/366/338
f 367/367/339 368/368/340 369/369/341
f 367/367/339 370/370/342 368/368/340
f 370/370/342 367/367/339 371/371/343
f 370/370/342 371/371/343 372/372/344
f 373/373/345 372/372/344 371/371/343
f 373/373/345 374/374/346 372/372/344
f 375/375/347 374/374/346 373/373/345
f 375/375/347 376/376/347 374/374/346
f 377/377/225 376/376/347 375/375/347
f 377/377/225 378/378/225 376/376/347
f 379/379/348 380/380/349 381/381/350
f 379/379/348 382/382/351 380/380/349
f 380/380/349 383/383/352 381/381/350
f 380/380/349 384/384/353 383/383/352
f 384/384/353 385/385/216 383/383/352
f 384/384/353 386/386/354 385/385/216
f 385/385/216 386/386/354 387/387/355
f 385/385/216 387/387/355 388/388/356
f 389/389/357 388/388/356 387/387/355
f 389/389/357 387/387/355 390/390/358
f 391/391/359 389/389/357 390/390/358
f 391/391/359 392/392/360 389/389/357
f 393/393/361 392/392/360 391/391/359
f 393/393/361 394/394/362 392/392/360
f 394/394/362 393/393/361 395/395/225
f 394/394/362 395/395/225 396/396/225
f 397/397/363 398/398/364 399/399/365
f 397/397/363 400/400/366 398/398/364
f 400/400/366 401/401/367 398/398/364
f 402/402/368 397/397/363 399/399/365
f 402/402/368 399/399/365 403/403/369
f 404/404/370 402/402/368 403/403/369
f 400/400/366 405/405/371 401/401/367
f 405/405/371 406/406/372 401/401/367
f 397/397/363 407/407/373 400/400/366
f 408/408/374 405/405/371 400/400/366
f 408/408/374 400/400/366 407/407/373
f 397/397/363 409/409/375 407/407/373
f 409/409/375 397/397/363 402/402/368
f 407/407/373 409/409/375 410/410/376
f 407/407/373 410/410/376 411/411/377
f 411/411/377 408/408/374 407/407/373
f 409/409/375 412/412/378 410/410/376
f 411/411/377 413/413/379 408/408/374
f 414/414/380 408/408/374 413/413/379
f 409/409/375 415/415/381 412/412/378
f 409/409/375 402/402/368 415/415/381
f 415/415/381 416/416/376 412/412/378
f 402/402/368 417/417/382 415/415/381
f 415/415/381 417/417/382 416/416/376
f 416/416/376 417/417/382 418/418/383
f 416/416/376 418/418/383 419/419/384
f 402/402/368 420/420/385 417/417/382
f 420/420/385 418/418/383 417/417/382
f 404/404/370 420/420/385 402/402/368
f 420/420/385 421/421/386 418/418/383
f 422/422/387 420/420/385 404/404/370
f 422/422/387 421/421/386 420/420/385
f 414/414/380 423/423/388 408/408/374
f 423/423/388 405/405/371 408/408/374
f 414/414/380 424/424/389 423/423/388
f 425/425/390 424/424/389 414/414/380
f 423/423/388 426/426/391 405/405/371
f 426/426/391 423/423/388 424/424/389
f 405/405/371 426/426/391 406/406/372
f 426/426/391 424/424/389 427/427/392
f 406/406/372 426/426/391 427/427/392
f 428/428/393 427/427/392 424/424/389
f 406/406/372 427/427/392 429/429/394
f 428/428/393 430/430/395 427/427/392
f 427/427/392 431/431/396 429/429/394
f 427/427/392 430/430/395 431/431/396
f 432/432/397 433/433/398 434/434/399
f 435/435/400 436/436/401 433/433/398
f 437/437/398 433/433/398 436/436/401
f 435/435/400 433/433/398 438/438/402
f 438/438/402 439/439/403 435/435/400
f 432/432/397 438/438/402 433/433/398
f 438/438/402 440/440/404 439/439/403
f 432/432/397 440/440/404 438/438/402
f 441/441/405 439/439/403 440/440/404
f 441/441/405 440/440/404 442/442/406
f 442/442/406 443/443/404 441/441/405
f 432/432/397 444/444/407 440/440/404
f 442/442/406 440/440/404 444/444/407
f 445/445/408 444/444/407 432/432/397
f 442/442/406 446/446/409 443/443/404
f 446/446/409 447/447/410 443/443/404
f 446/446/409 448/448/411 447/447/410
f 449/449/412 448/448/411 446/446/409
f 442/442/406 449/449/412 446/446/409
f 449/449/412 450/450/413 448/448/411
f 442/442/406 444/444/407 451/451/414
f 442/442/406 451/451/414 449/449/412
f 445/445/408 451/451/414 444/444/407
f 450/450/413 449/449/412 452/452/415
f 452/452/415 449/449/412 451/451/414
f 450/450/413 452/452/415 453/453/416
f 453/453/416 452/452/415 454/454/417
f 452/452/415 451/451/414 455/455/418
f 455/455/418 454/454/417 452/452/415
f 445/445/408 455/455/418 451/451/414
f 455/455/418 456/456/419 454/454/417
f 445/445/408 456/456/419 455/455/418
f 445/445/408 457/457/420 456/456/419
f 458/458/421 457/457/420 445/445/408
f 445/445/408 432/432/397 458/458/421
f 458/458/421 459/459/422 457/457/420
f 434/434/399 458/458/421 432/432/397
f 460/460/423 459/459/422 458/458/421
f 434/434/399 460/460/423 458/458/421
f 460/460/423 461/461/424 459/459/422
f 462/462/425 461/461/424 460/460/423
f 434/434/399 463/463/426 460/460/423
f 462/462/425 460/460/423 463/463/426
f 462/462/425 463/463/426 464/464/427
f 462/462/425 464/464/427 465/465/428
f 463/463/426 466/466/429 464/464/427
f 434/434/399 467/467/430 463/463/426
f 463/463/426 467/467/430 466/466/429
f 434/434/399 433/433/398 467/467/430
f 437/437/398 467/467/430 433/433/398
f 437/437/398 466/466/429 467/467/430
f 437/437/398 468/468/431 466/466/429
f 469/469/432 470/470/433 471/471/434
f 469/469/432 471/471/434 472/472/435
f 470/470/433 473/473/436 471/471/434
f 470/470/433 474/474/437 473/473/436
f 470/470/433 475/475/438 474/474/437
f 475/475/438 476/476/439 474/474/437
f 475/475/438 477/477/440 476/476/439
f 475/475/438 478/478/441 477/477/440
f 477/477/440 478/478/441 479/479/442
f 478/478/441 480/480/443 479/479/442
f 478/478/441 481/481/444 480/480/443
f 481/481/444 482/482/445 480/480/443
f 481/481/444 483/483/446 482/482/445
f 484/484/447 481/481/444 478/478/441
f 484/484/447 478/478/441 485/485/448
f 481/481/444 486/486/449 483/483/446
f 487/487/450 484/484/447 485/485/448
f 487/487/450 485/485/448 488/488/451
f 481/481/444 484/484/447 489/489/452
f 484/484/447 487/487/450 490/490/453
f 484/484/447 490/490/453 489/489/452
f 488/488/451 491/491/454 487/487/450
f 490/490/453 487/487/450 491/491/454
f 488/488/451 492/492/455 491/491/454
f 481/481/444 489/489/452 493/493/456
f 486/486/449 481/481/444 493/493/456
f 492/492/455 494/494/457 491/491/454
f 490/490/453 491/491/454 495/495/458
f 495/495/458 491/491/454 494/494/457
f 492/492/455 496/496/459 494/494/457
f 490/490/453 495/495/458 497/497/460
f 498/498/461 489/489/452 490/490/453
f 490/490/453 497/497/460 498/498/461
f 498/498/461 499/499/462 489/489/452
f 499/499/462 493/493/456 489/489/452
f 494/494/457 496/496/459 500/500/463
f 500/500/463 496/496/459 501/501/464
f 496/496/459 502/502/465 501/501/464
f 494/494/457 500/500/463 503/503/466
f 496/496/459 504/504/467 502/502/465
f 505/505/468 494/494/457 503/503/466
f 506/506/469 494/494/457 505/505/468
f 507/507/470 494/494/457 506/506/469
f 502/502/465 504/504/467 508/508/471
f 508/508/471 504/504/467 509/509/472
f 504/504/467 510/510/473 509/509/472
f 504/504/467 511/511/474 510/510/473
f 504/504/467 512/512/475 511/511/474
f 513/513/476 511/511/474 512/512/475
f 513/513/476 514/514/476 511/511/474
f 507/507/470 515/515/477 494/494/457
f 495/495/458 494/494/457 515/515/477
f 515/515/477 507/507/470 516/516/478
f 507/507/470 517/517/479 516/516/478
f 495/495/458 515/515/477 518/518/480
f 516/516/478 518/518/480 515/515/477
f 495/495/458 518/518/480 497/497/460
f 519/519/481 516/516/478 517/517/479
f 518/518/480 516/516/478 519/519/481
f 519/519/481 517/517/479 520/520/482
f 521/521/483 519/519/481 520/520/482
f 521/521/483 520/520/482 522/522/484
f 523/523/485 521/521/483 522/522/484
f 521/521/483 524/524/486 519/519/481
f 518/518/480 519/519/481 524/524/486
f 523/523/485 525/525/487 521/521/483
f 525/525/487 523/523/485 526/526/488
f 526/526/488 523/523/485 527/527/489
f 528/528/490 521/521/483 525/525/487
f 521/521/483 528/528/490 524/524/486
f 529/529/491 528/528/490 525/525/487
f 525/525/487 526/526/488 529/529/491
f 530/530/492 526/526/488 527/527/489
f 530/530/492 527/527/489 531/531/493
f 530/530/492 531/531/493 532/532/494
f 530/530/492 532/532/494 533/533/495
f 533/533/495 534/534/496 530/530/492
f 530/530/492 534/534/496 526/526/488
f 533/533/495 535/535/497 534/534/496
f 534/534/496 535/535/497 536/536/498
f 534/534/496 537/537/499 526/526/488
f 537/537/499 529/529/491 526/526/488
f 534/534/496 536/536/498 538/538/500
f 538/538/500 536/536/498 539/539/501
f 534/534/496 540/540/502 537/537/499
f 534/534/496 538/538/500 540/540/502
f 538/538/500 539/539/501 541/541/503
f 540/540/502 538/538/500 541/541/503
f 541/541/503 539/539/501 542/542/504
f 540/540/502 543/543/505 537/537/499
f 529/529/491 537/537/499 543/543/505
f 540/540/502 541/541/503 544/544/506
f 544/544/506 543/543/505 540/540/502
f 541/541/503 542/542/504 545/545/507
f 544/544/506 541/541/503 545/545/507
f 546/546/508 545/545/507 542/542/504
f 544/544/506 545/545/507 547/547/509
f 547/547/509 543/543/505 544/544/506
f 546/546/508 548/548/510 545/545/507
f 548/548/510 547/547/509 545/545/507
f 546/546/508 549/549/511 548/548/510
f 550/550/512 549/549/511 546/546/508
f 548/548/510 551/551/513 547/547/509
f 552/552/514 549/549/511 550/550/512
f 548/548/510 549/549/511 553/553/515
f 548/548/510 553/553/515 551/551/513
f 552/552/514 553/553/515 549/549/511
f 550/550/512 554/554/516 552/552/514
f 552/552/514 555/555/517 553/553/515
f 556/556/518 547/547/509 551/551/513
f 556/556/518 543/543/505 547/547/509
f 551/551/513 553/553/515 557/557/519
f 551/551/513 557/557/519 556/556/518
f 557/557/519 553/553/515 555/555/517
f 558/558/520 552/552/514 554/554/516
f 554/554/516 559/559/521 558/558/520
f 560/560/522 555/555/517 552/552/514
f 560/560/522 552/552/514 558/558/520
f 557/557/519 555/555/517 560/560/522
f 561/561/523 558/558/520 559/559/521
f 559/559/521 562/562/524 561/561/523
f 558/558/520 563/563/525 560/560/522
f 558/558/520 561/561/523 563/563/525
f 564/564/526 561/561/523 562/562/524
f 564/564/526 563/563/525 561/561/523
f 564/564/526 562/562/524 565/565/527
f 566/566/528 560/560/522 563/563/525
f 557/557/519 560/560/522 566/566/528
f 564/564/526 567/567/529 563/563/525
f 566/566/528 563/563/525 567/567/529
f 564/564/526 565/565/527 568/568/530
f 567/567/529 569/569/531 566/566/528
f 564/564/526 570/570/532 567/567/529
f 564/564/526 568/568/530 570/570/532
f 567/567/529 570/570/532 569/569/531
f 568/568/530 565/565/527 571/571/533
f 571/571/533 565/565/527 572/572/534
f 568/568/530 573/573/535 570/570/532
f 568/568/530 571/571/533 573/573/535
f 573/573/535 569/569/531 570/570/532
f 571/571/533 572/572/534 574/574/536
f 574/574/536 573/573/535 571/571/533
f 572/572/534 575/575/537 574/574/536
f 573/573/535 576/576/538 569/569/531
f 577/577/539 574/574/536 575/575/537
f 575/575/537 578/578/540 577/577/539
f 574/574/536 577/577/539 579/579/541
f 580/580/542 577/577/539 578/578/540
f 580/580/542 579/579/541 577/577/539
f 574/574/536 579/579/541 581/581/543
f 580/580/542 581/581/543 579/579/541
f 574/574/536 581/581/543 573/573/535
f 582/582/544 580/580/542 578/578/540
f 582/582/544 581/581/543 580/580/542
f 573/573/535 581/581/543 582/582/544
f 583/583/545 584/584/546 585/585/547
f 585/585/547 586/586/548 583/583/545
f 585/585/547 587/587/549 586/586/548
f 583/583/545 588/588/550 584/584/546
f 584/584/546 589/589/551 590/590/552
f 584/584/546 588/588/550 589/589/551
f 591/591/553 589/589/551 588/588/550
f 587/587/549 592/592/554 586/586/548
f 587/587/549 593/593/555 592/592/554
f 586/586/548 594/594/405 583/583/545
f 594/594/405 588/588/550 583/583/545
f 591/591/553 588/588/550 595/595/185
f 594/594/405 595/595/185 588/588/550
f 596/596/556 591/591/553 595/595/185
f 596/596/556 595/595/185 597/597/557
f 597/597/557 595/595/185 594/594/405
f 597/597/557 594/594/405 598/598/405
f 599/599/558 594/594/405 586/586/548
f 599/599/558 598/598/405 594/594/405
f 586/586/548 592/592/554 599/599/558
f 599/599/558 600/600/559 598/598/405
f 601/601/560 592/592/554 593/593/555
f 600/600/559 599/599/558 602/602/561
f 599/599/558 592/592/554 602/602/561
f 600/600/559 602/602/561 603/603/562
f 592/592/554 604/604/563 602/602/561
f 604/604/563 603/603/562 602/602/561
f 601/601/560 604/604/563 592/592/554
f 604/604/563 605/605/251 603/603/562
f 604/604/563 606/606/223 605/605/251
f 601/601/560 607/607/564 604/604/563
f 604/604/563 607/607/564 606/606/223
f 601/601/560 608/608/565 607/607/564
f 606/606/223 607/607/564 609/609/566
f 609/609/566 607/607/564 608/608/565
f 606/606/223 609/609/566 610/610/567
f 609/609/566 608/608/565 611/611/568
f 612/612/569 610/610/567 609/609/566
f 609/609/566 611/611/568 613/613/570
f 613/613/570 612/612/569 609/609/566
f 611/611/568 614/614/571 613/613/570
f 612/612/569 613/613/570 615/615/572
f 573/573/535 582/582/544 576/576/538
f 582/582/544 578/578/540 616/616/573
f 617/617/574 582/582/544 616/616/573
f 616/616/573 618/618/575 617/617/574
f 576/576/538 582/582/544 619/619/576
f 617/617/574 619/619/576 582/582/544
f 576/576/538 619/619/576 620/620/577
f 617/617/574 618/618/575 621/621/578
f 618/618/575 622/622/579 621/621/578
f 622/622/579 618/618/575 623/623/580
f 624/624/581 617/617/574 621/621/578
f 625/625/582 621/621/578 622/622/579
f 625/625/582 624/624/581 621/621/578
f 622/622/579 623/623/580 626/626/583
f 622/622/579 626/626/583 625/625/582
f 627/627/584 626/626/583 623/623/580
f 627/627/584 628/628/585 626/626/583
f 629/629/586 626/626/583 628/628/585
f 625/625/582 626/626/583 629/629/586
f 629/629/586 628/628/585 630/630/587
f 624/624/581 625/625/582 631/631/588
f 630/630/587 632/632/589 629/629/586
f 630/630/587 633/633/590 632/632/589
f 633/633/590 483/483/446 632/632/589
f 483/483/446 486/486/449 632/632/589
f 486/486/449 629/629/586 632/632/589
f 625/625/582 629/629/586 486/486/449
f 486/486/449 631/631/588 625/625/582
f 624/624/581 634/634/591 617/617/574
f 634/634/591 624/624/581 631/631/588
f 634/634/591 619/619/576 617/617/574
f 635/635/592 619/619/576 634/634/591
f 631/631/588 635/635/592 634/634/591
f 635/635/592 620/620/577 619/619/576
f 486/486/449 636/636/593 631/631/588
f 486/486/449 493/493/456 636/636/593
f 631/631/588 637/637/594 635/635/592
f 636/636/593 637/637/594 631/631/588
f 638/638/595 635/635/592 637/637/594
f 636/636/593 638/638/595 637/637/594
f 636/636/593 493/493/456 638/638/595
f 635/635/592 638/638/595 620/620/577
f 499/499/462 638/638/595 493/493/456
f 620/620/577 638/638/595 499/499/462
f 620/620/577 499/499/462 639/639/596
f 498/498/461 639/639/596 499/499/462
f 640/640/597 620/620/577 639/639/596
f 640/640/597 576/576/538 620/620/577
f 498/498/461 641/641/598 639/639/596
f 641/641/598 498/498/461 497/497/460
f 639/639/596 642/642/599 640/640/597
f 639/639/596 641/641/598 642/642/599
f 640/640/597 643/643/600 576/576/538
f 576/576/538 643/643/600 569/569/531
f 640/640/597 644/644/601 643/643/600
f 642/642/599 644/644/601 640/640/597
f 569/569/531 643/643/600 645/645/602
f 569/569/531 645/645/602 566/566/528
f 557/557/519 566/566/528 645/645/602
f 646/646/603 645/645/602 643/643/600
f 646/646/603 643/643/600 644/644/601
f 557/557/519 645/645/602 647/647/604
f 647/647/604 645/645/602 646/646/603
f 557/557/519 647/647/604 648/648/605
f 557/557/519 648/648/605 556/556/518
f 649/649/606 646/646/603 644/644/601
f 647/647/604 646/646/603 650/650/607
f 650/650/607 646/646/603 649/649/606
f 649/649/606 644/644/601 651/651/608
f 651/651/608 650/650/607 649/649/606
f 642/642/599 651/651/608 644/644/601
f 652/652/609 647/647/604 650/650/607
f 651/651/608 652/652/609 650/650/607
f 652/652/609 651/651/608 642/642/599
f 652/652/609 648/648/605 647/647/604
f 652/652/609 642/642/599 653/653/610
f 648/648/605 652/652/609 653/653/610
f 653/653/610 642/642/599 641/641/598
f 556/556/518 648/648/605 654/654/611
f 648/648/605 653/653/610 654/654/611
f 556/556/518 654/654/611 543/543/505
f 653/653/610 641/641/598 655/655/612
f 655/655/612 654/654/611 653/653/610
f 641/641/598 497/497/460 655/655/612
f 655/655/612 497/497/460 518/518/480
f 655/655/612 518/518/480 656/656/613
f 655/655/612 656/656/613 654/654/611
f 656/656/613 518/518/480 524/524/486
f 654/654/611 657/657/614 543/543/505
f 654/654/611 656/656/613 657/657/614
f 529/529/491 543/543/505 657/657/614
f 656/656/613 524/524/486 658/658/615
f 657/657/614 656/656/613 658/658/615
f 658/658/615 529/529/491 657/657/614
f 658/658/615 524/524/486 528/528/490
f 529/529/491 659/659/616 528/528/490
f 658/658/615 528/528/490 659/659/616
f 658/658/615 659/659/616 529/529/491
f 660/660/223 661/661/223 662/662/223
f 660/660/223 663/663/223 661/661/223
f 662/662/223 664/664/617 660/660/223
f 661/661/223 663/663/223 665/665/618
f 662/662/223 666/666/619 664/664/617
f 661/661/223 665/665/618 667/667/251
f 666/666/619 668/668/620 664/664/617
f 669/669/562 667/667/251 665/665/618
f 666/666/619 670/670/621 668/668/620
f 669/669/562 671/671/562 667/667/251
f 670/670/621 672/672/622 668/668/620
f 673/673/623 671/671/562 669/669/562
f 670/670/621 674/674/622 672/672/622
f 673/673/623 669/669/562 675/675/624
f 674/674/622 676/676/625 672/672/622
f 677/677/405 673/673/623 675/675/624
f 674/674/622 678/678/626 676/676/625
f 676/676/625 678/678/626 679/679/627
f 676/676/625 679/679/627 680/680/628
f 677/677/405 681/681/405 673/673/623
f 682/682/623 681/681/405 677/677/405
f 682/682/623 677/677/405 683/683/623
f 682/682/623 683/683/623 684/684/629
f 682/682/623 684/684/629 685/685/630
f 685/685/630 684/684/629 686/686/631
f 685/685/630 686/686/631 687/687/632
f 688/688/633 687/687/632 686/686/631
f 688/688/633 686/686/631 689/689/633
f 50/50/50 688/688/633 689/689/633
f 50/50/50 49/49/49 688/688/633
f 690/690/634 304/304/278 331/331/305
f 690/690/634 331/331/305 332/332/306
f 690/690/634 691/691/635 304/304/278
f 304/304/278 691/691/635 311/311/285
f 311/311/285 691/691/635 692/692/636
f 692/692/636 691/691/635 693/693/637
f 332/332/306 694/694/638 690/690/634
f 694/694/638 332/332/306 330/330/304
f 695/695/639 691/691/635 690/690/634
f 690/690/634 694/694/638 695/695/639
f 691/691/635 696/696/640 693/693/637
f 693/693/637 696/696/640 697/697/641
f 696/696/640 698/698/642 697/697/641
f 696/696/640 699/699/643 698/698/642
f 698/698/642 699/699/643 700/700/644
f 701/701/645 696/696/640 691/691/635
f 695/695/639 701/701/645 691/691/635
f 701/701/645 702/702/646 696/696/640
f 703/703/647 702/702/646 701/701/645
f 700/700/644 699/699/643 704/704/648
f 700/700/644 704/704/648 705/705/649
f 699/699/643 706/706/650 704/704/648
f 707/707/651 705/705/649 704/704/648
f 704/704/648 706/706/650 707/707/651
f 707/707/651 708/708/652 705/705/649
f 707/707/651 709/709/653 708/708/652
f 710/710/654 707/707/651 706/706/650
f 707/707/651 710/710/654 709/709/653
f 711/711/655 710/710/654 706/706/650
f 710/710/654 711/711/655 712/712/656
f 709/709/653 710/710/654 712/712/656
f 709/709/653 712/712/656 713/713/657
f 703/703/647 701/701/645 714/714/658
f 714/714/658 715/715/659 703/703/647
f 716/716/660 714/714/658 701/701/645
f 716/716/660 701/701/645 695/695/639
f 714/714/658 717/717/661 715/715/659
f 717/717/661 714/714/658 716/716/660
f 715/715/659 717/717/661 718/718/662
f 695/695/639 719/719/663 716/716/660
f 694/694/638 719/719/663 695/695/639
f 717/717/661 716/716/660 720/720/664
f 718/718/662 717/717/661 720/720/664
f 721/721/665 716/716/660 719/719/663
f 721/721/665 720/720/664 716/716/660
f 722/722/666 719/719/663 694/694/638
f 694/694/638 330/330/304 722/722/666
f 721/721/665 719/719/663 723/723/667
f 722/722/666 723/723/667 719/719/663
f 724/724/668 720/720/664 721/721/665
f 725/725/669 723/723/667 722/722/666
f 330/330/304 726/726/670 722/722/666
f 725/725/669 722/722/666 726/726/670
f 330/330/304 727/727/671 726/726/670
f 325/325/299 727/727/671 330/330/304
f 721/721/665 723/723/667 728/728/672
f 724/724/668 721/721/665 728/728/672
f 723/723/667 729/729/673 728/728/672
f 723/723/667 725/725/669 729/729/673
f 325/325/299 326/326/300 727/727/671
f 730/730/674 728/728/672 729/729/673
f 326/326/300 731/731/675 727/727/671
f 730/730/674 732/732/676 728/728/672
f 724/724/668 728/728/672 732/732/676
f 725/725/669 733/733/677 729/729/673
f 734/734/678 724/724/668 732/732/676
f 735/735/679 724/724/668 734/734/678
f 734/734/678 732/732/676 736/736/680
f 736/736/680 732/732/676 730/730/674
f 737/737/681 734/734/678 736/736/680
f 734/734/678 737/737/681 735/735/679
f 736/736/680 730/730/674 738/738/682
f 729/729/673 739/739/683 730/730/674
f 729/729/673 733/733/677 739/739/683
f 730/730/674 739/739/683 740/740/684
f 730/730/674 740/740/684 738/738/682
f 741/741/685 739/739/683 733/733/677
f 739/739/683 742/742/686 740/740/684
f 739/739/683 741/741/685 742/742/686
f 741/741/685 733/733/677 743/743/687
f 743/743/687 733/733/677 744/744/688
f 725/725/669 744/744/688 733/733/677
f 743/743/687 744/744/688 745/745/689
f 746/746/690 744/744/688 725/725/669
f 746/746/690 745/745/689 744/744/688
f 746/746/690 725/725/669 726/726/670
f 747/747/691 743/743/687 745/745/689
f 746/746/690 747/747/691 745/745/689
f 747/747/691 741/741/685 743/743/687
f 748/748/692 746/746/690 726/726/670
f 748/748/692 747/747/691 746/746/690
f 748/748/692 726/726/670 727/727/671
f 749/749/693 741/741/685 747/747/691
f 748/748/692 749/749/693 747/747/691
f 749/749/693 742/742/686 741/741/685
f 748/748/692 727/727/671 750/750/694
f 749/749/693 748/748/692 750/750/694
f 727/727/671 731/731/675 750/750/694
f 749/749/693 750/750/694 751/751/695
f 751/751/695 742/742/686 749/749/693
f 750/750/694 752/752/696 751/751/695
f 750/750/694 731/731/675 752/752/696
f 753/753/697 751/751/695 752/752/696
f 754/754/698 751/751/695 753/753/697
f 754/754/698 742/742/686 751/751/695
f 755/755/699 753/753/697 752/752/696
f 756/756/700 752/752/696 731/731/675
f 756/756/700 755/755/699 752/752/696
f 757/757/701 755/755/699 756/756/700
f 758/758/702 755/755/699 757/757/701
f 759/759/703 757/757/701 756/756/700
f 760/760/704 755/755/699 758/758/702
f 755/755/699 760/760/704 753/753/697
f 760/760/704 754/754/698 753/753/697
f 758/758/702 761/761/705 760/760/704
f 759/759/703 756/756/700 762/762/706
f 731/731/675 762/762/706 756/756/700
f 763/763/707 759/759/703 762/762/706
f 764/764/708 760/760/704 761/761/705
f 760/760/704 764/764/708 754/754/698
f 761/761/705 765/765/709 764/764/708
f 766/766/710 764/764/708 765/765/709
f 754/754/698 764/764/708 766/766/710
f 765/765/709 767/767/711 766/766/710
f 754/754/698 766/766/710 768/768/712
f 768/768/712 742/742/686 754/754/698
f 769/769/713 766/766/710 767/767/711
f 768/768/712 766/766/710 769/769/713
f 769/769/713 767/767/711 770/770/714
f 771/771/715 742/742/686 768/768/712
f 768/768/712 769/769/713 771/771/715
f 742/742/686 771/771/715 772/772/716
f 769/769/713 772/772/716 771/771/715
f 742/742/686 772/772/716 740/740/684
f 769/769/713 770/770/714 773/773/717
f 769/769/713 773/773/717 772/772/716
f 774/774/718 740/740/684 772/772/716
f 773/773/717 774/774/718 772/772/716
f 775/775/719 776/776/720 777/777/225
f 776/776/720 775/775/719 778/778/721
f 775/775/719 777/777/225 779/779/225
f 776/776/720 778/778/721 780/780/722
f 781/781/723 780/780/722 778/778/721
f 781/781/723 782/782/724 780/780/722
f 777/777/225 776/776/720 783/783/225
f 779/779/225 777/777/225 784/784/225
f 777/777/225 783/783/225 785/785/225
f 779/779/225 784/784/225 786/786/409
f 785/785/225 783/783/225 787/787/225
f 779/779/225 786/786/409 788/788/725
f 789/789/726 788/788/725 786/786/409
f 787/787/225 783/783/225 790/790/727
f 790/790/727 791/791/728 787/787/225
f 790/790/727 792/792/729 791/791/728
f 791/791/728 792/792/729 793/793/225
f 792/792/729 794/794/225 793/793/225
f 792/792/729 795/795/225 794/794/225
f 796/796/225 795/795/225 792/792/729
f 797/797/730 792/792/729 790/790/727
f 797/797/730 790/790/727 798/798/731
f 798/798/731 799/799/732 797/797/730
f 798/798/731 800/800/733 799/799/732
f 799/799/732 800/800/733 801/801/734
f 799/799/732 801/801/734 802/802/735
f 796/796/225 792/792/729 803/803/736
f 796/796/225 803/803/736 804/804/225
f 804/804/225 803/803/736 805/805/225
f 803/803/736 789/789/726 805/805/225
f 803/803/736 788/788/725 789/789/726
f 788/788/725 803/803/736 806/806/737
f 788/788/725 806/806/737 807/807/738
f 808/808/739 807/807/738 806/806/737
f 808/808/739 809/809/740 807/807/738
f 809/809/740 808/808/739 810/810/741
f 809/809/740 810/810/741 811/811/741
f 812/812/225 813/813/225 814/814/225
f 815/815/225 812/812/225 814/814/225
f 815/815/225 816/816/225 812/812/225
f 816/816/225 815/815/225 817/817/225
f 816/816/225 817/817/225 818/818/225
f 816/816/225 818/818/225 819/819/225
f 816/816/225 819/819/225 820/820/225
f 816/816/225 820/820/225 821/821/225
f 821/821/225 820/820/225 822/822/225
f 823/823/225 824/824/225 825/825/225
f 824/824/225 826/826/225 825/825/225
f 824/824/225 827/827/225 826/826/225
f 826/826/225 827/827/225 828/828/225
f 828/828/225 827/827/225 829/829/225
f 829/829/225 827/827/225 830/830/225
f 830/830/225 827/827/225 831/831/225
f 831/831/225 827/827/225 832/832/225
f 831/831/225 832/832/225 833/833/225
f 834/834/742 327/327/301 763/763/707
f 834/834/742 763/763/707 762/762/706
f 834/834/742 835/835/743 327/327/301
f 327/327/301 835/835/743 326/326/300
f 834/834/742 762/762/706 836/836/744
f 836/836/744 835/835/743 834/834/742
f 836/836/744 326/326/300 835/835/743
f 731/731/675 836/836/744 762/762/706
f 326/326/300 836/836/744 731/731/675
f 837/837/745 838/838/746 839/839/747
f 839/839/747 838/838/746 840/840/748
f 839/839/747 840/840/748 841/841/749
f 842/842/750 839/839/747 841/841/749
f 837/837/745 839/839/747 842/842/750
f 842/842/750 841/841/749 843/843/751
f 842/842/750 843/843/751 844/844/752
f 837/837/745 842/842/750 845/845/753
f 846/846/754 837/837/745 845/845/753
f 846/846/754 845/845/753 847/847/755
f 845/845/753 842/842/750 848/848/756
f 842/842/750 844/844/752 848/848/756
f 847/847/755 845/845/753 849/849/757
f 849/849/757 845/845/753 848/848/756
f 844/844/752 849/849/757 848/848/756
f 847/847/755 849/849/757 850/850/758
f 844/844/752 851/851/759 849/849/757
f 850/850/758 849/849/757 852/852/760
f 849/849/757 851/851/759 852/852/760
f 853/853/761 854/854/762 855/855/763
f 853/853/761 856/856/764 854/854/762
f 857/857/765 855/855/763 854/854/762
f 855/855/763 858/858/766 853/853/761
f 857/857/765 859/859/767 855/855/763
f 859/859/767 858/858/766 855/855/763
f 860/860/768 859/859/767 857/857/765
f 861/861/769 858/858/766 859/859/767
f 860/860/768 862/862/770 859/859/767
f 861/861/769 859/859/767 862/862/770
f 863/863/771 862/862/770 860/860/768
f 863/863/771 864/864/772 862/862/770
f 865/865/773 864/864/772 863/863/771
f 866/866/774 862/862/770 864/864/772
f 865/865/773 866/866/774 864/864/772
f 861/861/769 862/862/770 866/866/774
f 867/867/775 866/866/774 865/865/773
f 867/867/775 861/861/769 866/866/774
f 867/867/775 868/868/776 861/861/769
f 867/867/775 869/869/777 868/868/776
f 870/870/778 861/861/769 868/868/776
f 870/870/778 858/858/766 861/861/769
f 870/870/778 871/871/779 858/858/766
f 870/870/778 872/872/780 871/871/779
f 872/872/780 873/873/781 871/871/779
f 872/872/780 874/874/782 873/873/781
f 873/873/781 874/874/782 875/875/783
f 875/875/783 874/874/782 876/876/784
f 876/876/784 877/877/785 878/878/786
f 876/876/784 878/878/786 875/875/783
f 875/875/783 878/878/786 879/879/787
f 875/875/783 879/879/787 880/880/788
f 880/880/788 879/879/787 881/881/789
f 880/880/788 881/881/789 882/882/790
f 883/883/791 882/882/790 881/881/789
f 884/884/792 875/875/783 880/880/788
f 884/884/792 880/880/788 882/882/790
f 883/883/791 884/884/792 882/882/790
f 873/873/781 875/875/783 884/884/792
f 885/885/793 884/884/792 883/883/791
f 873/873/781 884/884/792 886/886/794
f 885/885/793 886/886/794 884/884/792
f 873/873/781 886/886/794 887/887/795
f 887/887/795 886/886/794 885/885/793
f 873/873/781 887/887/795 888/888/796
f 887/887/795 885/885/793 889/889/797
f 890/890/798 888/888/796 887/887/795
f 890/890/798 887/887/795 889/889/797
f 891/891/799 773/773/717 770/770/714
f 773/773/717 891/891/799 774/774/718
f 891/891/799 770/770/714 892/892/800
f 892/892/800 893/893/801 891/891/799
f 893/893/801 774/774/718 891/891/799
f 892/892/800 894/894/802 893/893/801
f 738/738/682 740/740/684 774/774/718
f 893/893/801 895/895/803 774/774/718
f 738/738/682 774/774/718 895/895/803
f 894/894/802 896/896/804 893/893/801
f 894/894/802 897/897/805 896/896/804
f 893/893/801 898/898/806 895/895/803
f 738/738/682 895/895/803 898/898/806
f 893/893/801 896/896/804 898/898/806
f 897/897/805 899/899/807 896/896/804
f 898/898/806 896/896/804 899/899/807
f 897/897/805 900/900/808 899/899/807
f 899/899/807 900/900/808 901/901/809
f 738/738/682 898/898/806 902/902/810
f 898/898/806 899/899/807 902/902/810
f 903/903/811 738/738/682 902/902/810
f 903/903/811 736/736/680 738/738/682
f 737/737/681 736/736/680 903/903/811
f 904/904/812 903/903/811 902/902/810
f 899/899/807 904/904/812 902/902/810
f 737/737/681 903/903/811 904/904/812
f 899/899/807 901/901/809 905/905/813
f 905/905/813 904/904/812 899/899/807
f 906/906/814 905/905/813 901/901/809
f 906/906/814 907/907/815 905/905/813
f 908/908/816 905/905/813 907/907/815
f 909/909/817 905/905/813 908/908/816
f 909/909/817 904/904/812 905/905/813
f 737/737/681 904/904/812 909/909/817
f 910/910/818 737/737/681 909/909/817
f 737/737/681 910/910/818 911/911/819
f 737/737/681 911/911/819 735/735/679
f 912/912/820 911/911/819 910/910/818
f 912/912/820 735/735/679 911/911/819
f 912/912/820 910/910/818 913/913/821
f 912/912/820 914/914/822 735/735/679
f 913/913/821 915/915/823 912/912/820
f 915/915/823 914/914/822 912/912/820
f 913/913/821 916/916/824 915/915/823
f 917/917/825 735/735/679 914/914/822
f 914/914/822 915/915/823 917/917/825
f 917/917/825 724/724/668 735/735/679
f 724/724/668 917/917/825 720/720/664
f 915/915/823 916/916/824 918/918/826
f 718/718/662 720/720/664 917/917/825
f 718/718/662 917/917/825 915/915/823
f 915/915/823 918/918/826 919/919/827
f 718/718/662 915/915/823 919/919/827
f 920/920/828 919/919/827 918/918/826
f 718/718/662 919/919/827 920/920/828
f 920/920/828 918/918/826 921/921/829
f 922/922/830 920/920/828 921/921/829
f 718/718/662 920/920/828 922/922/830
f 922/922/830 921/921/829 923/923/831
f 923/923/831 924/924/832 922/922/830
f 924/924/832 718/718/662 922/922/830
f 923/923/831 925/925/833 924/924/832
f 924/924/832 925/925/833 926/926/834
f 927/927/835 718/718/662 924/924/832
f 715/715/659 718/718/662 927/927/835
f 924/924/832 926/926/834 928/928/836
f 927/927/835 924/924/832 928/928/836
f 929/929/837 928/928/836 926/926/834
f 930/930/838 927/927/835 928/928/836
f 929/929/837 930/930/838 928/928/836
f 931/931/839 927/927/835 930/930/838
f 929/929/837 932/932/840 930/930/838
f 931/931/839 930/930/838 932/932/840
f 929/929/837 933/933/841 932/932/840
f 934/934/842 932/932/840 933/933/841
f 934/934/842 933/933/841 935/935/843
f 934/934/842 935/935/843 936/936/844
f 932/932/840 934/934/842 937/937/845
f 931/931/839 932/932/840 937/937/845
f 934/934/842 936/936/844 938/938/846
f 938/938/846 937/937/845 934/934/842
f 939/939/847 931/931/839 937/937/845
f 938/938/846 939/939/847 937/937/845
f 940/940/848 931/931/839 939/939/847
f 941/941/849 938/938/846 936/936/844
f 941/941/849 939/939/847 938/938/846
f 941/941/849 936/936/844 942/942/850
f 940/940/848 939/939/847 943/943/851
f 941/941/849 943/943/851 939/939/847
f 943/943/851 944/944/852 940/940/848
f 945/945/853 941/941/849 942/942/850
f 943/943/851 946/946/854 944/944/852
f 941/941/849 946/946/854 943/943/851
f 945/945/853 947/947/855 941/941/849
f 941/941/849 947/947/855 946/946/854
f 948/948/856 947/947/855 945/945/853
f 948/948/856 946/946/854 947/947/855
f 948/948/856 945/945/853 949/949/857
f 948/948/856 950/950/858 946/946/854
f 946/946/854 950/950/858 951/951/225
f 946/946/854 951/951/225 944/944/852
f 944/944/852 951/951/225 952/952/225
f 953/953/859 954/954/860 955/955/861
f 955/955/861 954/954/860 956/956/862
f 956/956/862 954/954/860 957/957/168
f 957/957/168 954/954/860 958/958/863
f 959/959/864 954/954/860 953/953/859
f 960/960/865 953/953/859 955/955/861
f 959/959/864 953/953/859 961/961/866
f 961/961/866 962/962/867 959/959/864
f 961/961/866 963/963/868 962/962/867
f 964/964/869 962/962/867 963/963/868
f 964/964/869 963/963/868 965/965/869
f 964/964/869 965/965/869 966/966/870
f 964/964/869 966/966/870 967/967/871
f 968/968/872 967/967/871 966/966/870
f 968/968/872 969/969/872 967/967/871
f 970/970/873 969/969/872 968/968/872
f 970/970/873 968/968/872 971/971/874
f 971/971/874 972/972/875 970/970/873
f 971/971/874 973/973/876 972/972/875
f 972/972/875 973/973/876 974/974/877
f 972/972/875 974/974/877 975/975/878
f 975/975/878 976/976/879 977/977/880
f 975/975/878 978/978/881 976/976/879
f 974/974/877 978/978/881 975/975/878
f 974/974/877 979/979/882 978/978/881
f 974/974/877 980/980/883 979/979/882
f 981/981/884 979/979/882 980/980/883
f 981/981/884 982/982/885 979/979/882
f 983/983/886 982/982/885 981/981/884
f 983/983/886 981/981/884 984/984/887
f 985/985/888 983/983/886 984/984/887
f 986/986/887 985/985/888 984/984/887
f 984/984/887 987/987/889 986/986/887
f 984/984/887 988/988/890 987/987/889
f 988/988/890 989/989/891 987/987/889
f 989/989/891 990/990/892 987/987/889
f 989/989/891 991/991/893 990/990/892
f 992/992/780 993/993/894 994/994/895
f 992/992/780 995/995/896 993/993/894
f 996/996/897 994/994/895 993/993/894
f 996/996/897 993/993/894 995/995/896
f 992/992/780 997/997/778 995/995/896
f 996/996/897 998/998/898 994/994/895
f 999/999/899 992/992/780 994/994/895
f 996/996/897 995/995/896 1000/1000/900
f 994/994/895 998/998/898 1001/1001/901
f 997/997/778 837/837/745 995/995/896
f 837/837/745 1000/1000/900 995/995/896
f 997/997/778 838/838/746 837/837/745
f 837/837/745 846/846/754 1000/1000/900
f 994/994/895 1001/1001/901 1002/1002/902
f 999/999/899 994/994/895 1002/1002/902
f 1003/1003/903 1002/1002/902 1001/1001/901
f 1004/1004/904 999/999/899 1002/1002/902
f 1003/1003/903 1004/1004/904 1002/1002/902
f 1004/1004/904 1005/1005/905 999/999/899
f 1004/1004/904 1003/1003/903 1006/1006/906
f 1005/1005/905 1004/1004/904 1007/1007/907
f 1008/1008/908 1005/1005/905 1007/1007/907
f 1008/1008/908 1007/1007/907 1009/1009/909
f 1009/1009/909 1007/1007/907 1010/1010/910
f 1007/1007/907 1004/1004/904 1010/1010/910
f 1009/1009/909 1010/1010/910 1011/1011/911
f 1004/1004/904 1006/1006/906 1012/1012/912
f 1010/1010/910 1004/1004/904 1012/1012/912
f 1006/1006/906 1013/1013/913 1012/1012/912
f 1006/1006/906 1014/1014/914 1013/1013/913
f 1013/1013/913 1014/1014/914 1015/1015/915
f 1016/1016/916 1013/1013/913 1015/1015/915
f 1017/1017/917 1011/1011/911 1010/1010/910
f 1010/1010/910 1012/1012/912 1017/1017/917
f 1012/1012/912 1013/1013/913 1017/1017/917
f 1016/1016/916 1017/1017/917 1013/1013/913
f 1017/1017/917 1018/1018/918 1011/1011/911
f 1016/1016/916 1018/1018/918 1017/1017/917
f 1019/1019/919 1020/1020/920 1021/1021/921
f 1022/1022/922 1020/1020/920 1019/1019/919
f 1019/1019/919 1021/1021/921 1023/1023/923
f 1022/1022/922 1024/1024/924 1020/1020/920
f 1025/1025/925 1024/1024/924 1022/1022/922
f 1026/1026/926 1021/1021/921 1020/1020/920
f 1024/1024/924 1026/1026/926 1020/1020/920
f 1023/1023/923 1021/1021/921 1027/1027/927
f 1023/1023/923 1027/1027/927 1028/1028/928
f 1026/1026/926 1029/1029/929 1021/1021/921
f 1029/1029/929 1027/1027/927 1021/1021/921
f 1025/1025/925 1030/1030/930 1024/1024/924
f 1030/1030/930 1025/1025/925 1031/1031/931
f 1028/1028/928 1027/1027/927 1032/1032/932
f 1030/1030/930 1031/1031/931 1033/1033/933
f 1028/1028/928 1032/1032/932 1034/1034/934
f 1033/1033/933 1031/1031/931 1035/1035/935
f 1024/1024/924 1030/1030/930 1036/1036/936
f 1033/1033/933 1036/1036/936 1030/1030/930
f 1024/1024/924 1036/1036/936 1037/1037/937
f 1024/1024/924 1037/1037/937 1026/1026/926
f 1033/1033/933 1038/1038/938 1036/1036/936
f 1033/1033/933 1035/1035/935 1039/1039/939
f 1039/1039/939 1035/1035/935 1040/1040/940
f 1041/1041/941 1038/1038/938 1033/1033/933
f 1041/1041/941 1033/1033/933 1039/1039/939
f 1036/1036/936 1038/1038/938 1042/1042/942
f 1037/1037/937 1036/1036/936 1042/1042/942
f 1043/1043/943 1038/1038/938 1041/1041/941
f 1043/1043/943 1042/1042/942 1038/1038/938
f 1044/1044/944 1041/1041/941 1039/1039/939
f 1043/1043/943 1041/1041/941 1044/1044/944
f 1039/1039/939 1040/1040/940 1045/1045/945
f 1044/1044/944 1039/1039/939 1045/1045/945
f 1045/1045/945 1040/1040/940 1046/1046/946
f 1037/1037/937 1042/1042/942 1047/1047/947
f 1026/1026/926 1037/1037/937 1047/1047/947
f 1047/1047/947 1029/1029/929 1026/1026/926
f 1045/1045/945 1046/1046/946 1048/1048/948
f 1048/1048/948 1046/1046/946 1049/1049/949
f 1045/1045/945 1050/1050/950 1044/1044/944
f 1045/1045/945 1048/1048/948 1050/1050/950
f 1044/1044/944 1050/1050/950 1051/1051/951
f 1043/1043/943 1044/1044/944 1051/1051/951
f 1048/1048/948 1052/1052/952 1050/1050/950
f 1050/1050/950 1052/1052/952 1051/1051/951
f 1048/1048/948 1049/1049/949 1053/1053/953
f 1048/1048/948 1053/1053/953 1052/1052/952
f 1053/1053/953 1049/1049/949 1054/1054/954
f 1053/1053/953 1055/1055/955 1052/1052/952
f 1052/1052/952 1055/1055/955 1051/1051/951
f 1053/1053/953 1054/1054/954 1056/1056/956
f 1053/1053/953 1056/1056/956 1055/1055/955
f 1056/1056/956 1054/1054/954 1057/1057/957
f 1056/1056/956 1058/1058/958 1055/1055/955
f 1051/1051/951 1055/1055/955 1058/1058/958
f 1056/1056/956 1057/1057/957 1059/1059/959
f 1056/1056/956 1059/1059/959 1058/1058/958
f 1059/1059/959 1057/1057/957 1060/1060/960
f 1059/1059/959 1060/1060/960 1061/1061/961
f 1058/1058/958 1059/1059/959 1061/1061/961
f 1062/1062/962 1061/1061/961 1060/1060/960
f 1062/1062/962 1060/1060/960 1063/1063/963
f 1058/1058/958 1061/1061/961 1064/1064/964
f 1061/1061/961 1062/1062/962 1065/1065/965
f 1061/1061/961 1065/1065/965 1064/1064/964
f 1066/1066/966 1062/1062/962 1063/1063/963
f 1066/1066/966 1063/1063/963 1067/1067/967
f 1058/1058/958 1064/1064/964 1068/1068/968
f 1068/1068/968 1064/1064/964 1065/1065/965
f 1069/1069/969 1065/1065/965 1062/1062/962
f 1069/1069/969 1062/1062/962 1066/1066/966
f 1070/1070/970 1066/1066/966 1067/1067/967
f 1070/1070/970 1067/1067/967 1071/1071/971
f 1072/1072/972 1070/1070/970 1071/1071/971
f 1072/1072/972 1071/1071/971 1073/1073/973
f 1074/1074/974 1066/1066/966 1070/1070/970
f 1072/1072/972 1074/1074/974 1070/1070/970
f 1074/1074/974 1075/1075/975 1066/1066/966
f 1075/1075/975 1069/1069/969 1066/1066/966
f 1076/1076/976 1075/1075/975 1074/1074/974
f 1076/1076/976 1069/1069/969 1075/1075/975
f 1072/1072/972 1077/1077/977 1074/1074/974
f 1074/1074/974 1077/1077/977 1076/1076/976
f 1078/1078/978 1072/1072/972 1073/1073/973
f 1078/1078/978 1073/1073/973 1079/1079/979
f 1080/1080/980 1077/1077/977 1072/1072/972
f 1080/1080/980 1072/1072/972 1078/1078/978
f 1081/1081/981 1076/1076/976 1077/1077/977
f 1081/1081/981 1077/1077/977 1080/1080/980
f 1081/1081/981 1080/1080/980 1082/1082/982
f 1083/1083/983 1076/1076/976 1081/1081/981
f 1083/1083/983 1081/1081/981 1084/1084/984
f 1083/1083/983 1084/1084/984 1085/1085/985
f 1086/1086/986 1083/1083/983 1085/1085/985
f 1087/1087/987 1083/1083/983 1086/1086/986
f 1088/1088/988 1083/1083/983 1087/1087/987
f 1080/1080/980 1089/1089/989 1082/1082/982
f 1078/1078/978 1089/1089/989 1080/1080/980
f 1082/1082/982 1089/1089/989 1090/1090/990
f 1090/1090/990 1089/1089/989 1091/1091/991
f 1092/1092/992 1091/1091/991 1089/1089/989
f 1093/1093/993 1083/1083/983 1088/1088/988
f 1092/1092/992 1089/1089/989 1094/1094/994
f 1092/1092/992 1094/1094/994 1095/1095/995
f 1078/1078/978 1096/1096/996 1089/1089/989
f 1094/1094/994 1089/1089/989 1096/1096/996
f 1096/1096/996 1078/1078/978 1079/1079/979
f 1096/1096/996 1079/1079/979 1097/1097/997
f 1095/1095/995 1094/1094/994 1098/1098/998
f 1099/1099/999 1096/1096/996 1097/1097/997
f 1094/1094/994 1096/1096/996 1099/1099/999
f 1099/1099/999 1097/1097/997 1100/1100/1000
f 1101/1101/1001 1099/1099/999 1100/1100/1000
f 1101/1101/1001 1094/1094/994 1099/1099/999
f 1101/1101/1001 1100/1100/1000 1102/1102/1002
f 1094/1094/994 1103/1103/1003 1098/1098/998
f 1101/1101/1001 1103/1103/1003 1094/1094/994
f 1103/1103/1003 1088/1088/988 1098/1098/998
f 1093/1093/993 1088/1088/988 1103/1103/1003
f 1104/1104/1004 1103/1103/1003 1101/1101/1001
f 1093/1093/993 1103/1103/1003 1104/1104/1004
f 1102/1102/1002 1105/1105/1005 1101/1101/1001
f 1104/1104/1004 1101/1101/1001 1105/1105/1005
f 1102/1102/1002 1106/1106/1006 1105/1105/1005
f 1093/1093/993 1104/1104/1004 1107/1107/1007
f 1107/1107/1007 1104/1104/1004 1105/1105/1005
f 1106/1106/1006 1108/1108/1008 1105/1105/1005
f 1107/1107/1007 1105/1105/1005 1108/1108/1008
f 1106/1106/1006 1109/1109/1009 1108/1108/1008
f 1109/1109/1009 1110/1110/1010 1108/1108/1008
f 1110/1110/1010 1107/1107/1007 1108/1108/1008
f 1034/1034/934 1110/1110/1010 1109/1109/1009
f 1107/1107/1007 1111/1111/1011 1093/1093/993
f 1110/1110/1010 1111/1111/1011 1107/1107/1007
f 1034/1034/934 1032/1032/932 1110/1110/1010
f 1111/1111/1011 1110/1110/1010 1032/1032/932
f 1112/1112/1012 1093/1093/993 1111/1111/1011
f 1113/1113/1013 1093/1093/993 1112/1112/1012
f 1114/1114/1014 1113/1113/1013 1112/1112/1012
f 1114/1114/1014 1115/1115/1015 1113/1113/1013
f 1116/1116/1016 1114/1114/1014 1112/1112/1012
f 1116/1116/1016 1112/1112/1012 1117/1117/1017
f 1112/1112/1012 1111/1111/1011 1117/1117/1017
f 1117/1117/1017 1118/1118/1018 1116/1116/1016
f 1117/1117/1017 1119/1119/1019 1118/1118/1018
f 1120/1120/1020 1118/1118/1018 1119/1119/1019
f 1120/1120/1020 1119/1119/1019 1121/1121/1021
f 1117/1117/1017 1121/1121/1021 1119/1119/1019
f 1121/1121/1021 1122/1122/1022 1120/1120/1020
f 1117/1117/1017 1111/1111/1011 1123/1123/1023
f 1117/1117/1017 1123/1123/1023 1121/1121/1021
f 1111/1111/1011 1032/1032/932 1123/1123/1023
f 1124/1124/1024 1123/1123/1023 1032/1032/932
f 1121/1121/1021 1123/1123/1023 1124/1124/1024
f 1124/1124/1024 1032/1032/932 1027/1027/927
f 1029/1029/929 1124/1124/1024 1027/1027/927
f 1121/1121/1021 1124/1124/1024 1125/1125/1025
f 1125/1125/1025 1124/1124/1024 1029/1029/929
f 1121/1121/1021 1125/1125/1025 1122/1122/1022
f 1125/1125/1025 1029/1029/929 1047/1047/947
f 1126/1126/1026 1122/1122/1022 1125/1125/1025
f 1047/1047/947 1126/1126/1026 1125/1125/1025
f 1126/1126/1026 1127/1127/1027 1122/1122/1022
f 1127/1127/1027 1126/1126/1026 1128/1128/1028
f 1129/1129/1029 1127/1127/1027 1128/1128/1028
f 1130/1130/1030 1129/1129/1029 1128/1128/1028
f 1130/1130/1030 1128/1128/1028 1131/1131/1031
f 1131/1131/1031 1128/1128/1028 1132/1132/1032
f 1128/1128/1028 1126/1126/1026 1132/1132/1032
f 1131/1131/1031 1132/1132/1032 1133/1133/1033
f 1132/1132/1032 1134/1134/1034 1133/1133/1033
f 1135/1135/1035 1132/1132/1032 1126/1126/1026
f 1132/1132/1032 1135/1135/1035 1134/1134/1034
f 1047/1047/947 1135/1135/1035 1126/1126/1026
f 1134/1134/1034 1135/1135/1035 1136/1136/1036
f 1047/1047/947 1136/1136/1036 1135/1135/1035
f 1047/1047/947 1042/1042/942 1136/1136/1036
f 1134/1134/1034 1136/1136/1036 1137/1137/1037
f 1136/1136/1036 1042/1042/942 1043/1043/943
f 1138/1138/1038 1137/1137/1037 1136/1136/1036
f 1136/1136/1036 1043/1043/943 1138/1138/1038
f 1138/1138/1038 1139/1139/1039 1137/1137/1037
f 1140/1140/1040 1139/1139/1039 1138/1138/1038
f 1043/1043/943 1141/1141/1041 1138/1138/1038
f 1140/1140/1040 1138/1138/1038 1141/1141/1041
f 1142/1142/1042 1140/1140/1040 1141/1141/1041
f 1043/1043/943 1051/1051/951 1141/1141/1041
f 1142/1142/1042 1141/1141/1041 1143/1143/1043
f 1143/1143/1043 1141/1141/1041 1051/1051/951
f 1142/1142/1042 1143/1143/1043 1144/1144/1044
f 1142/1142/1042 1144/1144/1044 1145/1145/1045
f 1146/1146/1046 1144/1144/1044 1143/1143/1043
f 1051/1051/951 1146/1146/1046 1143/1143/1043
f 1146/1146/1046 1147/1147/1047 1144/1144/1044
f 1146/1146/1046 1051/1051/951 1148/1148/1048
f 1147/1147/1047 1146/1146/1046 1148/1148/1048
f 1051/1051/951 1058/1058/958 1148/1148/1048
f 1147/1147/1047 1148/1148/1048 1149/1149/1049
f 1058/1058/958 1068/1068/968 1148/1148/1048
f 1149/1149/1049 1148/1148/1048 1068/1068/968
f 1150/1150/1050 1149/1149/1049 1068/1068/968
f 1068/1068/968 1151/1151/1051 1150/1150/1050
f 1068/1068/968 1065/1065/965 1151/1151/1051
f 1152/1152/1052 1150/1150/1050 1151/1151/1051
f 1152/1152/1052 1153/1153/1053 1150/1150/1050
f 1065/1065/965 1154/1154/1054 1151/1151/1051
f 1151/1151/1051 1154/1154/1054 1152/1152/1052
f 1153/1153/1053 1152/1152/1052 1154/1154/1054
f 1065/1065/965 1069/1069/969 1154/1154/1054
f 1153/1153/1053 1154/1154/1054 1155/1155/1055
f 1069/1069/969 1156/1156/1056 1154/1154/1054
f 1156/1156/1056 1155/1155/1055 1154/1154/1054
f 1076/1076/976 1156/1156/1056 1069/1069/969
f 1156/1156/1056 1157/1157/1057 1155/1155/1055
f 1076/1076/976 1158/1158/1058 1156/1156/1056
f 1158/1158/1058 1157/1157/1057 1156/1156/1056
f 1158/1158/1058 1159/1159/1059 1157/1157/1057
f 1160/1160/1060 1161/1161/1061 1162/1162/1062
f 1160/1160/1060 1163/1163/1063 1161/1161/1061
f 1164/1164/1064 1163/1163/1063 1160/1160/1060
f 1164/1164/1064 1161/1161/1061 1163/1163/1063
f 1164/1164/1064 1160/1160/1060 1165/1165/1065
f 1166/1166/1066 1162/1162/1062 1161/1161/1061
f 1166/1166/1066 1167/1167/1067 1162/1162/1062
f 1166/1166/1066 1168/1168/1068 1167/1167/1067
f 1165/1165/1065 1169/1169/1069 1164/1164/1064
f 1169/1169/1069 1161/1161/1061 1164/1164/1064
f 1165/1165/1065 1170/1170/1070 1169/1169/1069
f 1161/1161/1061 1171/1171/1071 1166/1166/1066
f 1166/1166/1066 1171/1171/1071 1168/1168/1068
f 1169/1169/1069 1171/1171/1071 1161/1161/1061
f 1169/1169/1069 1170/1170/1070 1172/1172/1072
f 1171/1171/1071 1173/1173/1073 1168/1168/1068
f 1169/1169/1069 1172/1172/1072 1174/1174/1074
f 1171/1171/1071 1175/1175/1075 1173/1173/1073
f 1176/1176/1076 1174/1174/1074 1172/1172/1072
f 1177/1177/1077 1171/1171/1071 1169/1169/1069
f 1177/1177/1077 1169/1169/1069 1174/1174/1074
f 1171/1171/1071 1178/1178/1078 1175/1175/1075
f 1173/1173/1073 1175/1175/1075 1178/1178/1078
f 1171/1171/1071 1177/1177/1077 1178/1178/1078
f 1173/1173/1073 1178/1178/1078 1179/1179/1079
f 1180/1180/1080 1179/1179/1079 1178/1178/1078
f 1178/1178/1078 1177/1177/1077 1180/1180/1080
f 1180/1180/1080 1181/1181/1081 1179/1179/1079
f 1182/1182/1082 1181/1181/1081 1180/1180/1080
f 1182/1182/1082 1180/1180/1080 1177/1177/1077
f 1182/1182/1082 1177/1177/1077 1183/1183/1083
f 1174/1174/1074 1183/1183/1083 1177/1177/1077
f 1182/1182/1082 1183/1183/1083 1184/1184/1084
f 1185/1185/1085 1183/1183/1083 1174/1174/1074
f 1176/1176/1076 1185/1185/1085 1174/1174/1074
f 1186/1186/1086 1184/1184/1084 1183/1183/1083
f 1185/1185/1085 1186/1186/1086 1183/1183/1083
f 1186/1186/1086 1187/1187/1087 1184/1184/1084
f 1176/1176/1076 1188/1188/1088 1185/1185/1085
f 1188/1188/1088 1186/1186/1086 1185/1185/1085
f 1188/1188/1088 1187/1187/1087 1186/1186/1086
f 1176/1176/1076 1189/1189/1089 1188/1188/1088
f 1188/1188/1088 1189/1189/1089 1187/1187/1087
f 1190/1190/1090 1191/1191/1091 1192/1192/735
f 1192/1192/735 1193/1193/1092 1190/1190/1090
f 1190/1190/1090 1194/1194/1093 1191/1191/1091
f 1193/1193/1092 1195/1195/1094 1190/1190/1090
f 1193/1193/1092 1196/1196/1095 1195/1195/1094
f 1196/1196/1095 1197/1197/1096 1195/1195/1094
f 1196/1196/1095 1198/1198/1097 1197/1197/1096
f 1196/1196/1095 1199/1199/1098 1198/1198/1097
f 1198/1198/1097 1199/1199/1098 1200/1200/1099
f 1199/1199/1098 1201/1201/1100 1200/1200/1099
f 1202/1202/890 1192/1192/735 1191/1191/1091
f 1202/1202/890 1191/1191/1091 1203/1203/1101
f 1204/1204/1102 1203/1203/1101 1191/1191/1091
f 1203/1203/1101 1205/1205/1095 1202/1202/890
f 1205/1205/1095 1206/1206/1103 1202/1202/890
f 1207/1207/1104 1202/1202/890 1206/1206/1103
f 1206/1206/1103 1208/1208/1105 1207/1207/1104
f 1209/1209/1106 1204/1204/1102 1191/1191/1091
f 1210/1210/735 1204/1204/1102 1209/1209/1106
f 1211/1211/1107 1210/1210/735 1209/1209/1106
f 1212/1212/1108 1211/1211/1107 1209/1209/1106
f 1209/1209/1106 1213/1213/1109 1212/1212/1108
f 1214/1214/1110 1215/1215/1111 1216/1216/1112
f 1215/1215/1111 1214/1214/1110 1217/1217/1113
f 1218/1218/1114 1214/1214/1110 1216/1216/1112
f 1214/1214/1110 1219/1219/1115 1217/1217/1113
f 1218/1218/1114 1220/1220/1116 1214/1214/1110
f 1220/1220/1116 1218/1218/1114 1221/1221/1117
f 1214/1214/1110 1222/1222/1118 1219/1219/1115
f 1222/1222/1118 1214/1214/1110 1220/1220/1116
f 1222/1222/1118 1223/1223/1119 1219/1219/1115
f 1220/1220/1116 1221/1221/1117 1224/1224/1120
f 1224/1224/1120 1222/1222/1118 1220/1220/1116
f 1225/1225/1121 1224/1224/1120 1221/1221/1117
f 1222/1222/1118 1226/1226/1122 1223/1223/1119
f 1224/1224/1120 1226/1226/1122 1222/1222/1118
f 1225/1225/1121 1227/1227/1123 1224/1224/1120
f 1227/1227/1123 1226/1226/1122 1224/1224/1120
f 1228/1228/1124 1227/1227/1123 1225/1225/1121
f 1228/1228/1124 1229/1229/1058 1227/1227/1123
f 1229/1229/1058 1226/1226/1122 1227/1227/1123
f 1230/1230/1125 1223/1223/1119 1226/1226/1122
f 1231/1231/1126 1226/1226/1122 1229/1229/1058
f 1230/1230/1125 1226/1226/1122 1232/1232/1127
f 1231/1231/1126 1232/1232/1127 1226/1226/1122
f 1232/1232/1127 1233/1233/1128 1230/1230/1125
f 1234/1234/1129 1232/1232/1127 1231/1231/1126
f 1232/1232/1127 1234/1234/1129 1233/1233/1128
f 1234/1234/1129 1231/1231/1126 1235/1235/1130
f 1234/1234/1129 1236/1236/1131 1233/1233/1128
f 1234/1234/1129 1235/1235/1130 1237/1237/1132
f 1234/1234/1129 1237/1237/1132 1236/1236/1131
f 1238/1238/1133 1237/1237/1132 1235/1235/1130
f 1239/1239/1134 1236/1236/1131 1237/1237/1132
f 1239/1239/1134 1237/1237/1132 1240/1240/1135
f 1238/1238/1133 1240/1240/1135 1237/1237/1132
f 1240/1240/1135 1241/1241/1136 1239/1239/1134
f 1242/1242/1137 1240/1240/1135 1238/1238/1133
f 1240/1240/1135 1242/1242/1137 1241/1241/1136
f 1242/1242/1137 1238/1238/1133 1243/1243/1138
f 1244/1244/1139 1241/1241/1136 1242/1242/1137
f 1242/1242/1137 1243/1243/1138 1245/1245/1140
f 1245/1245/1140 1243/1243/1138 1246/1246/1141
f 1245/1245/1140 1246/1246/1141 1247/1247/1142
f 1248/1248/1143 1245/1245/1140 1247/1247/1142
f 1242/1242/1137 1245/1245/1140 1248/1248/1143
f 1248/1248/1143 1247/1247/1142 1249/1249/1144
f 1244/1244/1139 1242/1242/1137 1250/1250/1145
f 1242/1242/1137 1248/1248/1143 1250/1250/1145
f 1244/1244/1139 1250/1250/1145 1251/1251/1146
f 1244/1244/1139 1251/1251/1146 1252/1252/1147
f 1251/1251/1146 1253/1253/1148 1252/1252/1147
f 1253/1253/1148 1251/1251/1146 1254/1254/1149
f 1251/1251/1146 1255/1255/1150 1254/1254/1149
f 1250/1250/1145 1248/1248/1143 1256/1256/1151
f 1251/1251/1146 1250/1250/1145 1256/1256/1151
f 1251/1251/1146 1256/1256/1151 1255/1255/1150
f 1249/1249/1144 1256/1256/1151 1248/1248/1143
f 1249/1249/1144 1255/1255/1150 1256/1256/1151
f 1257/1257/1152 1258/1258/1152 1259/1259/1152
f 1257/1257/1152 1259/1259/1152 1260/1260/1152
f 1261/1261/1153 960/960/865 1262/1262/270
f 960/960/865 955/955/861 1262/1262/270
f 1261/1261/1153 1262/1262/270 1263/1263/1154
f 1261/1261/1153 1263/1263/1154 1264/1264/1155
f 1261/1261/1153 1264/1264/1155 1265/1265/1156
f 1266/1266/1157 960/960/865 1261/1261/1153
f 1266/1266/1157 1261/1261/1153 1267/1267/1158
f 1267/1267/1158 1268/1268/1159 1266/1266/1157
f 1267/1267/1158 1269/1269/1160 1268/1268/1159
f 1268/1268/1159 1269/1269/1160 1270/1270/1161
f 1268/1268/1159 1270/1270/1161 1271/1271/1161
f 1272/1272/1162 1271/1271/1161 1270/1270/1161
f 1272/1272/1162 1270/1270/1161 1273/1273/1162
f 1273/1273/1162 1274/1274/1163 1272/1272/1162
f 1273/1273/1162 1275/1275/1163 1274/1274/1163
f 1276/1276/1164 1274/1274/1163 1275/1275/1163
f 1276/1276/1164 1275/1275/1163 1277/1277/1165
f 1277/1277/1165 1278/1278/1166 1276/1276/1164
f 1277/1277/1165 1279/1279/1167 1278/1278/1166
f 1280/1280/1168 1278/1278/1166 1279/1279/1167
f 1280/1280/1168 1281/1281/1169 1278/1278/1166
f 1282/1282/1170 1280/1280/1168 1283/1283/1171
f 1284/1284/1172 1280/1280/1168 1282/1282/1170
f 1281/1281/1169 1280/1280/1168 1284/1284/1172
f 1281/1281/1169 1284/1284/1172 1285/1285/1173
f 1281/1281/1169 1285/1285/1173 1286/1286/1174
f 1285/1285/1173 1287/1287/1175 1286/1286/1174
f 1285/1285/1173 1288/1288/1176 1287/1287/1175
f 1287/1287/1175 1288/1288/1176 1289/1289/1177
f 1290/1290/1178 1287/1287/1175 1289/1289/1177
f 1290/1290/1178 1289/1289/1177 1291/1291/1179
f 1290/1290/1178 1291/1291/1179 1292/1292/1180
f 1292/1292/1180 1293/1293/1181 1290/1290/1178
f 1294/1294/1182 1290/1290/1178 1293/1293/1181
f 1295/1295/1183 1294/1294/1182 1293/1293/1181
f 1293/1293/1181 1296/1296/1178 1295/1295/1183
f 1296/1296/1178 1297/1297/1184 1295/1295/1183
f 1298/1298/1185 1299/1299/1186 1300/1300/1187
f 1300/1300/1187 1299/1299/1186 1301/1301/1188
f 1302/1302/388 1298/1298/1185 1300/1300/1187
f 1303/1303/1189 1301/1301/1188 1299/1299/1186
f 1302/1302/388 1304/1304/1190 1298/1298/1185
f 1303/1303/1189 1305/1305/1191 1301/1301/1188
f 1306/1306/1192 1304/1304/1190 1302/1302/388
f 1307/1307/1193 1305/1305/1191 1303/1303/1189
f 1306/1306/1192 1308/1308/1194 1304/1304/1190
f 1307/1307/1193 1309/1309/1195 1305/1305/1191
f 1308/1308/1194 1306/1306/1192 1310/1310/1196
f 1311/1311/1197 1309/1309/1195 1307/1307/1193
f 1310/1310/1196 1312/1312/1198 1308/1308/1194
f 1311/1311/1197 1313/1313/1199 1309/1309/1195
f 1310/1310/1196 1314/1314/1200 1312/1312/1198
f 1315/1315/1201 1313/1313/1199 1311/1311/1197
f 1314/1314/1200 1316/1316/1202 1312/1312/1198
f 1315/1315/1201 1317/1317/1203 1313/1313/1199
f 1314/1314/1200 1318/1318/1204 1316/1316/1202
f 1319/1319/1205 1317/1317/1203 1315/1315/1201
f 1318/1318/1204 1320/1320/1206 1316/1316/1202
f 1319/1319/1205 1321/1321/1207 1317/1317/1203
f 1318/1318/1204 1322/1322/1208 1320/1320/1206
f 1322/1322/1208 1323/1323/1209 1320/1320/1206
f 1322/1322/1208 1324/1324/1210 1323/1323/1209
f 1325/1325/1211 1321/1321/1207 1319/1319/1205
f 1325/1325/1211 1326/1326/1212 1321/1321/1207
f 1327/1327/1213 1326/1326/1212 1325/1325/1211
f 1327/1327/1213 1328/1328/1214 1326/1326/1212
f 1329/1329/1215 1328/1328/1214 1327/1327/1213
f 1329/1329/1215 1330/1330/1216 1328/1328/1214
f 1331/1331/1217 1330/1330/1216 1329/1329/1215
f 1331/1331/1217 1332/1332/1218 1330/1330/1216
f 1331/1331/1217 1333/1333/1219 1332/1332/1218
f 1331/1331/1217 1334/1334/1220 1333/1333/1219
f 1333/1333/1219 1334/1334/1220 1335/1335/1221
f 1333/1333/1219 1335/1335/1221 1336/1336/1222
f 1337/1337/1223 1336/1336/1222 1335/1335/1221
f 1337/1337/1223 1335/1335/1221 1338/1338/1224
f 1339/1339/1225 1337/1337/1223 1338/1338/1224
f 1339/1339/1225 1338/1338/1224 1340/1340/1226
f 1341/1341/1227 1339/1339/1225 1340/1340/1226
f 1341/1341/1227 1340/1340/1226 1342/1342/1228
f 1343/1343/1229 1341/1341/1227 1342/1342/1228
f 1343/1343/1229 1342/1342/1228 1344/1344/1230
f 1345/1345/1231 1343/1343/1229 1344/1344/1230
f 1345/1345/1231 1344/1344/1230 1346/1346/1232
f 1347/1347/1233 1348/1348/1234 1349/1349/1235
f 1347/1347/1233 1349/1349/1235 1350/1350/1236
f 1347/1347/1233 1350/1350/1236 1351/1351/1237
f 1347/1347/1233 1351/1351/1237 1352/1352/1238
f 1352/1352/1238 1351/1351/1237 1353/1353/1233
f 1352/1352/1238 1353/1353/1233 1354/1354/1239
f 1353/1353/1233 1355/1355/1240 1354/1354/1239
f 1354/1354/1239 1355/1355/1240 1356/1356/1181
f 1353/1353/1233 1357/1357/1233 1355/1355/1240
f 1358/1358/1233 1356/1356/1181 1355/1355/1240
f 1355/1355/1240 1357/1357/1233 1359/1359/1241
f 1358/1358/1233 1355/1355/1240 1360/1360/1242
f 1359/1359/1241 1357/1357/1233 1361/1361/1243
f 1358/1358/1233 1360/1360/1242 1362/1362/1238
f 1361/1361/1243 1357/1357/1233 1363/1363/1244
f 1362/1362/1238 1360/1360/1242 1364/1364/1245
f 1362/1362/1238 1364/1364/1245 1365/1365/1237
f 1362/1362/1238 1365/1365/1237 1366/1366/1246
f 1361/1361/1243 1363/1363/1244 1367/1367/1247
f 1361/1361/1243 1367/1367/1247 1368/1368/1248
f 1368/1368/1248 1367/1367/1247 1369/1369/1249
f 1370/1370/1181 1371/1371/1250 1372/1372/1152
f 1370/1370/1181 1373/1373/1152 1371/1371/1250
f 1374/1374/1237 1372/1372/1152 1371/1371/1250
f 1375/1375/1251 1374/1374/1237 1371/1371/1250
f 1376/1376/1252 1374/1374/1237 1375/1375/1251
f 1377/1377/1253 1374/1374/1237 1376/1376/1252
f 1378/1378/1254 1374/1374/1237 1377/1377/1253
f 1377/1377/1253 1379/1379/1255 1378/1378/1254
f 1372/1372/1152 1380/1380/1181 1370/1370/1181
f 1372/1372/1152 1381/1381/1152 1380/1380/1181
f 1381/1381/1152 1382/1382/1243 1380/1380/1181
f 1382/1382/1243 1383/1383/1233 1380/1380/1181
f 1383/1383/1233 1384/1384/1233 1380/1380/1181
f 1380/1380/1181 1385/1385/1152 1370/1370/1181
f 1370/1370/1181 1385/1385/1152 1386/1386/1256
f 1387/1387/1152 1386/1386/1256 1385/1385/1152
f 1386/1386/1256 1388/1388/1181 1370/1370/1181
f 1389/1389/1181 1387/1387/1152 1385/1385/1152
f 1385/1385/1152 1390/1390/1257 1389/1389/1181
f 1390/1390/1257 1391/1391/1258 1389/1389/1181
f 1392/1392/1152 1370/1370/1181 1388/1388/1181
f 1388/1388/1181 1393/1393/1259 1392/1392/1152
f 1393/1393/1259 1394/1394/1152 1392/1392/1152
f 1394/1394/1152 1395/1395/1260 1392/1392/1152
f 1395/1395/1260 1396/1396/1261 1392/1392/1152
f 1397/1397/1181 1398/1398/1181 1399/1399/1181
f 1397/1397/1181 1400/1400/1181 1398/1398/1181
f 1401/1401/1262 1402/1402/1263 1403/1403/1264
f 1401/1401/1262 1403/1403/1264 1404/1404/1265
f 1401/1401/1262 1405/1405/1266 1402/1402/1263
f 1401/1401/1262 1404/1404/1265 1406/1406/260
f 1407/1407/1267 1402/1402/1263 1405/1405/1266
f 1408/1408/1268 1406/1406/260 1404/1404/1265
f 1407/1407/1267 1409/1409/1269 1402/1402/1263
f 1408/1408/1268 1410/1410/1270 1406/1406/260
f 1408/1408/1268 1411/1411/1271 1410/1410/1270
f 1408/1408/1268 1412/1412/1272 1411/1411/1271
f 1413/1413/1273 1409/1409/1269 1407/1407/1267
f 1413/1413/1273 1414/1414/1274 1409/1409/1269
f 1415/1415/1275 1414/1414/1274 1413/1413/1273
f 1415/1415/1275 1413/1413/1273 1416/1416/1276
f 1415/1415/1275 1416/1416/1276 1417/1417/1277
f 1415/1415/1275 1417/1417/1277 1418/1418/1278
f 1419/1419/1279 1418/1418/1278 1417/1417/1277
f 1419/1419/1279 1417/1417/1277 1420/1420/1280
f 1420/1420/1280 1421/1421/1281 1419/1419/1279
f 1420/1420/1280 1422/1422/1282 1421/1421/1281
f 1423/1423/1283 1421/1421/1281 1422/1422/1282
f 1423/1423/1283 1424/1424/1284 1421/1421/1281
f 1424/1424/1284 1423/1423/1283 1425/1425/77
f 1424/1424/1284 1425/1425/77 1426/1426/77
f 1427/1427/1095 1428/1428/735 1429/1429/1285
f 1430/1430/1286 1429/1429/1285 1428/1428/735
f 1429/1429/1285 1431/1431/1285 1427/1427/1095
f 1430/1430/1286 1428/1428/735 1432/1432/1094
f 1433/1433/1095 1430/1430/1286 1432/1432/1094
f 1434/1434/1103 1433/1433/1095 1432/1432/1094
f 1432/1432/1094 1435/1435/1285 1434/1434/1103
f 1436/1436/887 1434/1434/1103 1435/1435/1285
f 1435/1435/1285 1437/1437/1285 1436/1436/887
f 1437/1437/1285 1438/1438/1287 1436/1436/887
f 1427/1427/1095 1439/1439/889 1428/1428/735
f 1431/1431/1285 1440/1440/1095 1427/1427/1095
f 1427/1427/1095 1441/1441/735 1439/1439/889
f 1441/1441/735 1442/1442/1288 1439/1439/889
f 1443/1443/1094 1427/1427/1095 1440/1440/1095
f 1444/1444/1289 1442/1442/1288 1441/1441/735
f 1440/1440/1095 1445/1445/1095 1443/1443/1094
f 1442/1442/1288 1444/1444/1289 1446/1446/735
f 1445/1445/1095 1447/1447/1285 1443/1443/1094
f 1444/1444/1289 1448/1448/1095 1446/1446/735
f 1449/1449/735 1443/1443/1094 1447/1447/1285
f 1448/1448/1095 1450/1450/1290 1446/1446/735
f 1449/1449/735 1447/1447/1285 1451/1451/1291
f 1452/1452/1292 1449/1449/735 1451/1451/1291
f 1453/1453/1293 1452/1452/1292 1451/1451/1291
f 1448/1448/1095 1454/1454/1294 1450/1450/1290
f 1455/1455/1295 1450/1450/1290 1454/1454/1294
f 1454/1454/1294 1456/1456/1296 1455/1455/1295
f 1456/1456/1296 1457/1457/735 1455/1455/1295
f 1456/1456/1296 1458/1458/1095 1457/1457/735
f 1458/1458/1095 1459/1459/1103 1457/1457/735
f 1458/1458/1095 1460/1460/1297 1459/1459/1103
f 1460/1460/1297 1461/1461/1095 1459/1459/1103
f 1460/1460/1297 1462/1462/735 1461/1461/1095
f 1461/1461/1095 1462/1462/735 1463/1463/1095
f 1462/1462/735 1464/1464/1297 1463/1463/1095
f 1462/1462/735 1465/1465/890 1464/1464/1297
f 1464/1464/1297 1466/1466/1297 1463/1463/1095
f 1462/1462/735 1467/1467/1298 1465/1465/890
f 1467/1467/1298 1468/1468/1299 1465/1465/890
f 1468/1468/1299 1467/1467/1298 1469/1469/1300
f 1467/1467/1298 1470/1470/1301 1469/1469/1300
f 1471/1471/1095 1463/1463/1095 1466/1466/1297
f 1466/1466/1297 1472/1472/1095 1471/1471/1095
f 1466/1466/1297 1473/1473/1095 1472/1472/1095
f 1474/1474/1302 1471/1471/1095 1472/1472/1095
f 1475/1475/1094 1476/1476/1303 1474/1474/1302
f 1477/1477/890 1475/1475/1094 1474/1474/1302
f 1478/1478/1304 1477/1477/890 1474/1474/1302
f 1479/1479/1305 1478/1478/1304 1474/1474/1302
f 1479/1479/1305 1474/1474/1302 1472/1472/1095
f 1480/1480/1095 1479/1479/1305 1472/1472/1095
f 1472/1472/1095 1481/1481/1298 1480/1480/1095
f 1480/1480/1095 1481/1481/1298 1482/1482/1304
f 1483/1483/1107 1482/1482/1304 1481/1481/1298
f 1481/1481/1298 1484/1484/1306 1483/1483/1107
f 1484/1484/1306 1485/1485/1307 1483/1483/1107
f 1486/1486/1308 1487/1487/1309 1488/1488/1310
f 20/20/20 1486/1486/1308 1488/1488/1310
f 28/28/28 1486/1486/1308 20/20/20
f 20/20/20 1488/1488/1310 7/7/7
f 20/20/20 7/7/7 2/2/2
f 1488/1488/1310 8/8/8 7/7/7
f 1488/1488/1310 1489/1489/1311 8/8/8
f 1487/1487/1309 1489/1489/1311 1488/1488/1310
f 28/28/28 1490/1490/1312 1486/1486/1308
f 1486/1486/1308 1490/1490/1312 1487/1487/1309
f 28/28/28 1491/1491/1313 1490/1490/1312
f 1487/1487/1309 1492/1492/1314 1489/1489/1311
f 1491/1491/1313 1493/1493/1315 1490/1490/1312
f 1487/1487/1309 1490/1490/1312 1493/1493/1315
f 1491/1491/1313 1494/1494/1316 1493/1493/1315
f 1487/1487/1309 1493/1493/1315 1495/1495/1317
f 1495/1495/1317 1492/1492/1314 1487/1487/1309
f 1495/1495/1317 1496/1496/384 1492/1492/1314
f 1497/1497/227 1498/1498/227 1499/1499/227
f 1497/1497/227 1500/1500/227 1498/1498/227
f 1501/1501/1181 1502/1502/1318 1503/1503/1152
f 1504/1504/1152 1503/1503/1152 1502/1502/1318
f 1501/1501/1181 1505/1505/1181 1502/1502/1318
f 1506/1506/1182 1504/1504/1152 1502/1502/1318
f 1503/1503/1152 1507/1507/1319 1501/1501/1181
f 1508/1508/1320 1504/1504/1152 1506/1506/1182
f 1506/1506/1182 1509/1509/1321 1508/1508/1320
f 1510/1510/1152 1504/1504/1152 1508/1508/1320
f 1509/1509/1321 1511/1511/1322 1508/1508/1320
f 1510/1510/1152 1508/1508/1320 1512/1512/1318
f 1513/1513/1323 1508/1508/1320 1511/1511/1322
f 1511/1511/1322 1514/1514/1324 1513/1513/1323
f 1514/1514/1324 1515/1515/1325 1513/1513/1323
f 1516/1516/1181 1510/1510/1152 1512/1512/1318
f 1512/1512/1318 1517/1517/1181 1516/1516/1181
f 1518/1518/1181 1516/1516/1181 1517/1517/1181
f 1517/1517/1181 1519/1519/1181 1518/1518/1181
f 1520/1520/1326 1518/1518/1181 1519/1519/1181
f 1521/1521/1152 1520/1520/1326 1519/1519/1181
f 1522/1522/1152 1520/1520/1326 1521/1521/1152
f 1521/1521/1152 1523/1523/1152 1522/1522/1152
f 1524/1524/1318 1522/1522/1152 1523/1523/1152
f 1523/1523/1152 1525/1525/1327 1524/1524/1318
f 1524/1524/1318 1525/1525/1327 1526/1526/1328
f 1526/1526/1328 1525/1525/1327 1527/1527/1152
f 1528/1528/1181 1526/1526/1328 1527/1527/1152
f 1529/1529/1329 1528/1528/1181 1527/1527/1152
f 1529/1529/1329 1527/1527/1152 1530/1530/1327
f 1531/1531/1152 1529/1529/1329 1530/1530/1327
f 1531/1531/1152 1530/1530/1327 1532/1532/1330
f 1531/1531/1152 1532/1532/1330 1533/1533/1331
f 1533/1533/1331 1532/1532/1330 1534/1534/1237
f 1531/1531/1152 1533/1533/1331 1535/1535/1233
f 1532/1532/1330 1536/1536/1259 1534/1534/1237
f 1535/1535/1233 1537/1537/1243 1531/1531/1152
f 1538/1538/1152 1534/1534/1237 1536/1536/1259
f 1539/1539/1182 1531/1531/1152 1537/1537/1243
f 1540/1540/1152 1538/1538/1152 1536/1536/1259
f 1537/1537/1243 1541/1541/1332 1539/1539/1182
f 1536/1536/1259 1542/1542/1152 1540/1540/1152
f 1541/1541/1332 1543/1543/1333 1539/1539/1182
f 1544/1544/1237 1540/1540/1152 1542/1542/1152
f 1542/1542/1152 1545/1545/1237 1544/1544/1237
f 1545/1545/1237 1546/1546/1334 1544/1544/1237
f 1547/1547/1152 1539/1539/1182 1543/1543/1333
f 1543/1543/1333 1548/1548/1335 1547/1547/1152
f 1549/1549/1336 1547/1547/1152 1548/1548/1335
f 1550/1550/1337 1547/1547/1152 1549/1549/1336
f 1507/1507/1319 1551/1551/1338 1552/1552/1233
f 1551/1551/1338 1553/1553/1339 1552/1552/1233
f 1552/1552/1233 1554/1554/1336 1507/1507/1319
f 1554/1554/1336 1555/1555/1235 1507/1507/1319
f 1501/1501/1181 1507/1507/1319 1555/1555/1235
f 1555/1555/1235 1556/1556/1340 1501/1501/1181
f 1557/1557/1233 1501/1501/1181 1556/1556/1340
f 1556/1556/1340 1558/1558/1237 1557/1557/1233
f 1558/1558/1237 1559/1559/1152 1557/1557/1233
f 1559/1559/1152 1560/1560/1341 1557/1557/1233
f 1560/1560/1341 1561/1561/1342 1557/1557/1233
f 1562/1562/1095 1563/1563/1107 1564/1564/735
f 1563/1563/1107 1565/1565/1298 1564/1564/735
f 1562/1562/1095 1564/1564/735 1566/1566/1343
f 1563/1563/1107 1567/1567/1344 1565/1565/1298
f 1568/1568/1097 1562/1562/1095 1566/1566/1343
f 1569/1569/1094 1562/1562/1095 1568/1568/1097
f 1567/1567/1344 1563/1563/1107 1570/1570/1097
f 1567/1567/1344 1570/1570/1097 1571/1571/735
f 1573/1572/1345 1562/1562/1095 1569/1569/1094
f 1570/1570/1095 1573/1572/1345 1572/1573/889
f 1573/1572/1345 1569/1569/1094 1574/1574/1095
f 1572/1573/889 1573/1572/1345 1575/1575/1346
f 1573/1572/1345 1574/1574/1095 1576/1576/888
f 1573/1572/1345 1576/1576/888 1575/1575/1346
f 1577/1577/225 1578/1578/225 1579/1579/225
f 1577/1577/225 1580/1580/225 1578/1578/225
f 1581/1581/315 1582/1582/227 1583/1583/1347
f 1581/1581/315 1584/1584/227 1582/1582/227
f 1585/1585/1348 1581/1581/315 1583/1583/1347
f 1585/1585/1348 1586/1586/1348 1581/1581/315
f 88/88/87 87/87/86 1587/1587/1349
f 88/88/87 1587/1587/1349 1588/1588/1350
f 1589/1589/1351 1588/1588/1350 1587/1587/1349
f 1587/1587/1349 87/87/86 1590/1590/1352
f 87/87/86 89/89/88 1590/1590/1352
f 1589/1589/1351 1587/1587/1349 1591/1591/1353
f 1590/1590/1352 1591/1591/1353 1587/1587/1349
f 1592/1592/1354 1590/1590/1352 89/89/88
f 1593/1593/50 1589/1589/1351 1591/1591/1353
f 1592/1592/1354 1594/1594/1355 1590/1590/1352
f 1590/1590/1352 1594/1594/1355 1591/1591/1353
f 1592/1592/1354 1595/1595/1356 1594/1594/1355
f 1595/1595/1356 1591/1591/1353 1594/1594/1355
f 1592/1592/1354 1596/1596/1357 1595/1595/1356
f 1593/1593/50 1591/1591/1353 1597/1597/1358
f 1595/1595/1356 1597/1597/1358 1591/1591/1353
f 1597/1597/1358 1598/1598/1359 1593/1593/50
f 1597/1597/1358 1599/1599/1360 1598/1598/1359
f 1599/1599/1360 1597/1597/1358 1595/1595/1356
f 1599/1599/1360 1600/1600/1361 1598/1598/1359
f 1601/1601/1362 1595/1595/1356 1596/1596/1357
f 1599/1599/1360 1595/1595/1356 1601/1601/1362
f 1601/1601/1362 1596/1596/1357 1602/1602/1363
f 1599/1599/1360 1603/1603/1364 1600/1600/1361
f 1601/1601/1362 1603/1603/1364 1599/1599/1360
f 1604/1604/1365 1600/1600/1361 1603/1603/1364
f 1604/1604/1365 1605/1605/1366 1600/1600/1361
f 1603/1603/1364 1606/1606/1367 1604/1604/1365
f 1601/1601/1362 1607/1607/1368 1603/1603/1364
f 1607/1607/1368 1601/1601/1362 1602/1602/1363
f 1603/1603/1364 1607/1607/1368 1606/1606/1367
f 1607/1607/1368 1602/1602/1363 1608/1608/1369
f 1606/1606/1367 1607/1607/1368 1608/1608/1369
f 1606/1606/1367 1608/1608/1369 1609/1609/1370
f 48/48/48 1610/1610/1371 45/45/45
f 47/47/47 1611/1611/1372 48/48/48
f 48/48/48 1612/1612/1373 1610/1610/1371
f 1611/1611/1372 1613/1613/1374 48/48/48
f 48/48/48 1613/1613/1374 1612/1612/1373
f 1611/1611/1372 1614/1614/1375 1613/1613/1374
f 1613/1613/1374 1614/1614/1375 1615/1615/1376
f 1616/1616/1377 1610/1610/1371 1612/1612/1373
f 1613/1613/1374 1616/1616/1377 1612/1612/1373
f 1616/1616/1377 1617/1617/1378 1610/1610/1371
f 1613/1613/1374 1615/1615/1376 1618/1618/1379
f 1613/1613/1374 1618/1618/1379 1616/1616/1377
f 1619/1619/1380 1618/1618/1379 1615/1615/1376
f 1619/1619/1380 1620/1620/1381 1618/1618/1379
f 1616/1616/1377 1618/1618/1379 1620/1620/1381
f 1621/1621/1382 1620/1620/1381 1619/1619/1380
f 1617/1617/1378 1616/1616/1377 1622/1622/1383
f 1616/1616/1377 1620/1620/1381 1622/1622/1383
f 1617/1617/1378 1622/1622/1383 1623/1623/1384
f 1621/1621/1382 1624/1624/1385 1620/1620/1381
f 1624/1624/1385 1622/1622/1383 1620/1620/1381
f 1621/1621/1382 1625/1625/411 1624/1624/1385
f 1621/1621/1382 1626/1626/361 1625/1625/411
f 1627/1627/1386 1624/1624/1385 1625/1625/411
f 1624/1624/1385 1628/1628/1387 1622/1622/1383
f 1623/1623/1384 1622/1622/1383 1628/1628/1387
f 1627/1627/1386 1628/1628/1387 1624/1624/1385
f 1623/1623/1384 1628/1628/1387 1629/1629/1388
f 1629/1629/1388 1628/1628/1387 1627/1627/1386
f 1629/1629/1388 1627/1627/1386 1630/1630/1389
f 1631/1631/227 1632/1632/227 1633/1633/227
f 1631/1631/227 1633/1633/227 1634/1634/227
f 1631/1631/227 1634/1634/227 1635/1635/227
f 1631/1631/227 1636/1636/227 1637/1637/227
f 1631/1631/227 1638/1638/227 1636/1636/227
f 1631/1631/227 1635/1635/227 1638/1638/227
f 1632/1632/227 1631/1631/227 1639/1639/227
f 1638/1638/227 1635/1635/227 1640/1640/227
f 1632/1632/227 1639/1639/227 1641/1641/227
f 1640/1640/227 1635/1635/227 1642/1642/227
f 1641/1641/227 1639/1639/227 1643/1643/227
f 1643/1643/227 1639/1639/227 1644/1644/227
f 1642/1642/227 1635/1635/227 1645/1645/227
f 1642/1642/227 1645/1645/227 1646/1646/227
f 1645/1645/227 1635/1635/227 1647/1647/227
f 1647/1647/227 1635/1635/227 1648/1648/227
f 1648/1648/227 1649/1649/227 1647/1647/227
f 1648/1648/227 1650/1650/227 1649/1649/227
f 1650/1650/227 1651/1651/227 1649/1649/227
f 1652/1652/227 1651/1651/227 1650/1650/227
f 1652/1652/227 1653/1653/227 1651/1651/227
f 1653/1653/227 1654/1654/227 1651/1651/227
f 1653/1653/227 1655/1655/227 1654/1654/227
f 1652/1652/227 1656/1656/227 1653/1653/227
f 1653/1653/227 1656/1656/227 1657/1657/227
f 1657/1657/227 1656/1656/227 1658/1658/227
f 1657/1657/227 1658/1658/227 1659/1659/227
f 1660/1660/227 1659/1659/227 1658/1658/227
f 1660/1660/227 1661/1661/227 1659/1659/227
f 1661/1661/227 1662/1662/227 1663/1663/227
f 1660/1660/227 1662/1662/227 1661/1661/227
f 1660/1660/227 1664/1664/227 1662/1662/227
f 1660/1660/227 1665/1665/227 1664/1664/227
f 1660/1660/227 1639/1639/227 1665/1665/227
f 1644/1644/227 1639/1639/227 1660/1660/227
f 1665/1665/227 1639/1639/227 1666/1666/227
f 1666/1666/227 1639/1639/227 1667/1667/227
f 1668/1668/1390 1669/1669/1391 1670/1670/1392
f 1671/1671/1393 1668/1668/1390 1672/1672/1394
f 1671/1671/1393 1673/1673/1395 1668/1668/1390
f 1668/1668/1390 1674/1674/1396 1672/1672/1394
f 1675/1675/1397 1668/1668/1390 1673/1673/1395
f 1675/1675/1397 1669/1669/1391 1668/1668/1390
f 1669/1669/1391 1675/1675/1397 1676/1676/1398
f 1669/1669/1391 1676/1676/1398 1677/1677/1399
f 1678/1678/1400 1669/1669/1391 1677/1677/1399
f 1678/1678/1400 1670/1670/1392 1669/1669/1391
f 1679/1679/1401 1670/1670/1392 1678/1678/1400
f 1668/1668/1390 1680/1680/1402 1674/1674/1396
f 1668/1668/1390 1670/1670/1392 1680/1680/1402
f 1679/1679/1401 1681/1681/1403 1670/1670/1392
f 1680/1680/1402 1670/1670/1392 1681/1681/1403
f 1681/1681/1403 1679/1679/1401 1682/1682/1404
f 1674/1674/1396 1680/1680/1402 1683/1683/1405
f 1680/1680/1402 1681/1681/1403 1683/1683/1405
f 1674/1674/1396 1683/1683/1405 1684/1684/1406
f 1681/1681/1403 1682/1682/1404 1685/1685/1407
f 1683/1683/1405 1681/1681/1403 1685/1685/1407
f 1686/1686/1408 1685/1685/1407 1682/1682/1404
f 1686/1686/1408 1682/1682/1404 1687/1687/1409
f 1683/1683/1405 1685/1685/1407 1688/1688/1410
f 1688/1688/1410 1685/1685/1407 1686/1686/1408
f 1684/1684/1406 1683/1683/1405 1688/1688/1410
f 1688/1688/1410 1686/1686/1408 1687/1687/1409
f 1684/1684/1406 1688/1688/1410 1689/1689/1411
f 1688/1688/1410 1687/1687/1409 1689/1689/1411
f 1690/1690/1412 1691/1691/1413 1692/1692/1414
f 1690/1690/1412 1693/1693/1415 1691/1691/1413
f 1690/1690/1412 1694/1694/1416 1693/1693/1415
f 1695/1695/1417 1692/1692/1414 1691/1691/1413
f 1696/1696/1418 1690/1690/1412 1692/1692/1414
f 1695/1695/1417 1697/1697/1419 1692/1692/1414
f 1696/1696/1418 1692/1692/1414 1698/1698/1420
f 1698/1698/1420 1692/1692/1414 1697/1697/1419
f 1699/1699/1421 1697/1697/1419 1695/1695/1417
f 1699/1699/1421 1698/1698/1420 1697/1697/1419
f 1699/1699/1421 1695/1695/1417 1700/1700/1422
f 1701/1701/1423 1698/1698/1420 1699/1699/1421
f 1702/1702/1424 1699/1699/1421 1700/1700/1422
f 1696/1696/1418 1703/1703/1425 1690/1690/1412
f 1690/1690/1412 1703/1703/1425 1694/1694/1416
f 1696/1696/1418 1704/1704/1426 1703/1703/1425
f 1703/1703/1425 1705/1705/1427 1694/1694/1416
f 1702/1702/1424 1706/1706/1428 1699/1699/1421
f 1703/1703/1425 1707/1707/1429 1705/1705/1427
f 1703/1703/1425 1704/1704/1426 1707/1707/1429
f 1707/1707/1429 1708/1708/1430 1705/1705/1427
f 1709/1709/1431 1699/1699/1421 1706/1706/1428
f 1709/1709/1431 1706/1706/1428 1702/1702/1424
f 1701/1701/1423 1699/1699/1421 1709/1709/1431
f 1709/1709/1431 1702/1702/1424 1710/1710/1432
f 1710/1710/1432 1701/1701/1423 1709/1709/1431
f 1710/1710/1432 1711/1711/1433 1701/1701/1423
f 1704/1704/1426 1712/1712/1434 1707/1707/1429
f 1707/1707/1429 1712/1712/1434 1708/1708/1430
f 1704/1704/1426 1713/1713/1435 1712/1712/1434
f 1708/1708/1430 1712/1712/1434 1714/1714/1436
f 1712/1712/1434 1713/1713/1435 1714/1714/1436
f 1708/1708/1430 1714/1714/1436 1715/1715/1437
f 1714/1714/1436 1713/1713/1435 1716/1716/1438
f 1714/1714/1436 1716/1716/1438 1715/1715/1437
f 1717/1717/1439 1718/1718/1440 1719/1719/1441
f 1717/1717/1439 1720/1720/1442 1718/1718/1440
f 1719/1719/1441 1721/1721/1443 1717/1717/1439
f 1719/1719/1441 1722/1722/1444 1721/1721/1443
f 1723/1723/1445 1721/1721/1443 1722/1722/1444
f 1723/1723/1445 1724/1724/1446 1721/1721/1443
f 1724/1724/1446 1723/1723/1445 1725/1725/1447
f 1724/1724/1446 1725/1725/1447 1726/1726/1448
f 1727/1727/1449 1726/1726/1448 1725/1725/1447
f 1727/1727/1449 1728/1728/1450 1726/1726/1448
f 1728/1728/1450 1727/1727/1449 1729/1729/1451
f 1728/1728/1450 1729/1729/1451 1730/1730/1452
f 1731/1731/1453 1730/1730/1452 1729/1729/1451
f 1731/1731/1453 1732/1732/1454 1730/1730/1452
f 1732/1732/1454 1731/1731/1453 1733/1733/1455
f 1732/1732/1454 1733/1733/1455 1734/1734/1456
f 1733/1733/1455 1735/1735/1457 1734/1734/1456
f 1733/1733/1455 1736/1736/1458 1735/1735/1457
f 1737/1737/1459 1738/1738/1460 1739/1739/1461
f 1737/1737/1459 1740/1740/1462 1738/1738/1460
f 1741/1741/1463 1742/1742/1464 1743/1743/1465
f 1741/1741/1463 1744/1744/1466 1742/1742/1464
f 1745/1745/1467 1746/1746/1464 1747/1747/1466
f 1745/1745/1467 1748/1748/1468 1746/1746/1464
f 1749/1749/1469 1750/1750/1470 1751/1751/1471
f 1752/1752/1472 1749/1749/1469 1751/1751/1471
f 1752/1752/1472 1751/1751/1471 1753/1753/1473
f 1754/1754/1474 1751/1751/1471 1750/1750/1470
f 1754/1754/1474 1750/1750/1470 1755/1755/1475
f 1756/1756/1476 1753/1753/1473 1751/1751/1471
f 1754/1754/1474 1756/1756/1476 1751/1751/1471
f 1756/1756/1476 1757/1757/1477 1753/1753/1473
f 1754/1754/1474 1755/1755/1475 1758/1758/1478
f 1755/1755/1475 1759/1759/225 1758/1758/1478
f 1760/1760/1479 1756/1756/1476 1754/1754/1474
f 1758/1758/1478 1760/1760/1479 1754/1754/1474
f 1761/1761/1480 1757/1757/1477 1756/1756/1476
f 1760/1760/1479 1761/1761/1480 1756/1756/1476
f 1761/1761/1480 1762/1762/1467 1757/1757/1477
f 1759/1759/225 1763/1763/1481 1758/1758/1478
f 1758/1758/1478 1763/1763/1481 1760/1760/1479
f 1759/1759/225 1764/1764/225 1763/1763/1481
f 1763/1763/1481 1764/1764/225 1765/1765/1482
f 1760/1760/1479 1763/1763/1481 1765/1765/1482
f 1764/1764/225 1766/1766/1483 1765/1765/1482
f 1762/1762/1467 1761/1761/1480 1767/1767/1484
f 1767/1767/1484 1761/1761/1480 1760/1760/1479
f 1762/1762/1467 1767/1767/1484 1768/1768/1485
f 1766/1766/1483 1769/1769/1486 1765/1765/1482
f 1760/1760/1479 1765/1765/1482 1769/1769/1486
f 1767/1767/1484 1760/1760/1479 1769/1769/1486
f 1766/1766/1483 1770/1770/1487 1769/1769/1486
f 1768/1768/1485 1767/1767/1484 1771/1771/1488
f 1771/1771/1488 1767/1767/1484 1769/1769/1486
f 1771/1771/1488 1769/1769/1486 1770/1770/1487
f 1768/1768/1485 1771/1771/1488 1772/1772/1489
f 1770/1770/1487 1773/1773/1490 1771/1771/1488
f 1773/1773/1490 1772/1772/1489 1771/1771/1488
f 1773/1773/1490 1774/1774/1491 1772/1772/1489
f 1775/1775/1492 1776/1776/1493 1777/1777/1494
f 1775/1775/1492 1778/1778/1465 1776/1776/1493
f 1775/1775/1492 1779/1779/1495 1778/1778/1465
f 1778/1778/1465 1779/1779/1495 1780/1780/1496
f 1781/1781/1497 1782/1782/1497 1783/1783/1467
f 1781/1781/1497 1784/1784/1498 1782/1782/1497
f 1785/1785/1499 1786/1786/1500 1787/1787/1501
f 1788/1788/1502 1789/1789/1503 1790/1790/1504
f 1788/1788/1502 1791/1791/1505 1789/1789/1503
f 1792/1792/1506 1791/1791/1505 1788/1788/1502
f 1792/1792/1506 1793/1793/1507 1791/1791/1505
f 1793/1793/1507 1792/1792/1506 1794/1794/1508
f 1793/1793/1507 1794/1794/1508 1795/1795/1509
f 1796/1796/1510 1797/1797/1511 1798/1798/1512
f 1796/1796/1510 1799/1799/1513 1797/1797/1511
f 1800/1800/1514 1797/1797/1511 1799/1799/1513
f 1801/1801/1515 1800/1800/1514 1799/1799/1513
f 1801/1801/1515 1799/1799/1513 1796/1796/1510
f 1800/1800/1514 1802/1802/1516 1797/1797/1511
f 1796/1796/1510 1803/1803/1517 1801/1801/1515
f 1796/1796/1510 1804/1804/1518 1803/1803/1517
f 1805/1805/1519 1803/1803/1517 1804/1804/1518
f 1806/1806/1520 1797/1797/1511 1802/1802/1516
f 1797/1797/1511 1806/1806/1520 1798/1798/1512
f 1806/1806/1520 1802/1802/1516 1807/1807/1521
f 1808/1808/1522 1804/1804/1518 1796/1796/1510
f 1805/1805/1519 1804/1804/1518 1808/1808/1522
f 1808/1808/1522 1796/1796/1510 1798/1798/1512
f 1809/1809/1523 1805/1805/1519 1808/1808/1522
f 1810/1810/1524 1806/1806/1520 1807/1807/1521
f 1806/1806/1520 1810/1810/1524 1798/1798/1512
f 1810/1810/1524 1807/1807/1521 1811/1811/1525
f 1812/1812/1526 1810/1810/1524 1811/1811/1525
f 1810/1810/1524 1812/1812/1526 1798/1798/1512
f 1812/1812/1526 1811/1811/1525 1813/1813/1527
f 1798/1798/1512 1812/1812/1526 1813/1813/1527
f 1809/1809/1523 1808/1808/1522 1814/1814/1528
f 1814/1814/1528 1808/1808/1522 1798/1798/1512
f 1814/1814/1528 1815/1815/1529 1809/1809/1523
f 1798/1798/1512 1813/1813/1527 1816/1816/1530
f 1814/1814/1528 1817/1817/1531 1815/1815/1529
f 1817/1817/1531 1814/1814/1528 1798/1798/1512
f 1817/1817/1531 1818/1818/1532 1815/1815/1529
f 1819/1819/1533 1798/1798/1512 1816/1816/1530
f 1798/1798/1512 1819/1819/1533 1817/1817/1531
f 1819/1819/1533 1816/1816/1530 1818/1818/1532
f 1817/1817/1531 1819/1819/1533 1818/1818/1532
f 1820/1820/1534 1821/1821/410 1822/1822/1535
f 1820/1820/1534 1822/1822/1535 1823/1823/1536
f 1824/1824/1537 1821/1821/410 1820/1820/1534
f 1825/1825/1366 1821/1821/410 1824/1824/1537
f 1825/1825/1366 1826/1826/1366 1821/1821/410
f 1825/1825/1366 1827/1827/1538 1826/1826/1366
f 1825/1825/1366 1828/1828/1538 1827/1827/1538
f 1828/1828/1538 1829/1829/1539 1827/1827/1538
f 1828/1828/1538 1830/1830/1540 1829/1829/1539
f 1831/1831/1541 1829/1829/1539 1830/1830/1540
f 1831/1831/1541 1830/1830/1540 1832/1832/1541
f 1832/1832/1541 1833/1833/1542 1831/1831/1541
f 1832/1832/1541 1834/1834/1543 1833/1833/1542
f 1824/1824/1537 1820/1820/1534 1835/1835/398
f 1824/1824/1537 1835/1835/398 1836/1836/1544
f 1836/1836/1544 1835/1835/398 1837/1837/1545
f 1835/1835/398 1820/1820/1534 1838/1838/1546
f 1835/1835/398 1838/1838/1546 1839/1839/562
f 1840/1840/225 1839/1839/562 1838/1838/1546
f 1840/1840/225 1838/1838/1546 1841/1841/225
f 1842/1842/227 1843/1843/227 1844/1844/227
f 1843/1843/227 1845/1845/1547 1844/1844/227
f 1843/1843/227 1846/1846/1548 1845/1845/1547
f 1847/1847/1549 1845/1845/1547 1846/1846/1548
f 1848/1848/1550 1845/1845/1547 1847/1847/1549
f 1847/1847/1549 1849/1849/1551 1848/1848/1550
f 1847/1847/1549 1850/1850/1552 1849/1849/1551
f 1851/1851/227 1852/1852/227 1853/1853/227
f 1851/1851/227 1854/1854/227 1852/1852/227
f 1855/1855/1553 1856/1856/1554 1857/1857/1555
f 1857/1857/1555 1858/1858/1556 1855/1855/1553
f 1858/1858/1556 1857/1857/1555 1859/1859/1557
f 1858/1858/1556 1859/1859/1557 1860/1860/1558
f 1861/1861/1559 1860/1860/1558 1859/1859/1557
f 1861/1861/1559 1859/1859/1557 1862/1862/1559
f 1863/1863/1560 1861/1861/1559 1862/1862/1559
f 1863/1863/1560 1862/1862/1559 1864/1864/1561
f 1864/1864/1561 1865/1865/1562 1863/1863/1560
f 1864/1864/1561 1866/1866/1562 1865/1865/1562
f 1867/1867/1563 1865/1865/1562 1866/1866/1562
f 1867/1867/1563 1866/1866/1562 1868/1868/1563
f 1869/1869/1564 1867/1867/1563 1868/1868/1563
f 1869/1869/1564 1868/1868/1563 1870/1870/1565
f 1870/1870/1565 1871/1871/1566 1869/1869/1564
f 1870/1870/1565 1872/1872/1567 1871/1871/1566
f 1871/1871/1566 1872/1872/1567 1873/1873/1568
f 1871/1871/1566 1873/1873/1568 1874/1874/1568
f 1873/1873/1568 1875/1875/1569 1874/1874/1568
f 1873/1873/1568 1876/1876/1570 1875/1875/1569
f 1873/1873/1568 1877/1877/1571 1876/1876/1570
f 1878/1878/1572 1879/1879/1573 1880/1880/1574
f 1881/1881/1575 1880/1880/1574 1879/1879/1573
f 1882/1882/1576 1880/1880/1574 1881/1881/1575
f 1882/1882/1576 1881/1881/1575 1883/1883/1577
f 1884/1884/1578 1882/1882/1576 1883/1883/1577
f 1884/1884/1578 1885/1885/1579 1882/1882/1576
f 1885/1885/1579 1884/1884/1578 1886/1886/1580
f 1885/1885/1579 1886/1886/1580 1887/1887/1580
f 1888/1888/1581 1887/1887/1580 1886/1886/1580
f 1888/1888/1581 1889/1889/1581 1887/1887/1580
f 1889/1889/1581 1888/1888/1581 1890/1890/1582
f 1889/1889/1581 1890/1890/1582 1891/1891/1583
f 1891/1891/1583 1890/1890/1582 1892/1892/1584
f 1891/1891/1583 1892/1892/1584 1893/1893/1585
f 1894/1894/1586 1893/1893/1585 1892/1892/1584
f 1894/1894/1586 1895/1895/1586 1893/1893/1585
f 1896/1896/1587 1895/1895/1586 1894/1894/1586
f 1896/1896/1587 1894/1894/1586 1897/1897/1588
f 1898/1898/1589 1896/1896/1587 1897/1897/1588
f 1899/1899/1590 1896/1896/1587 1898/1898/1589
f 1900/1900/1590 1896/1896/1587 1899/1899/1590
f 1901/1901/225 1902/1902/225 1903/1903/225
f 1904/1904/225 1901/1901/225 1903/1903/225
f 1905/1905/225 1901/1901/225 1904/1904/225
f 1905/1905/225 1904/1904/225 1906/1906/225
f 1907/1907/225 1905/1905/225 1906/1906/225
f 1908/1908/1591 1909/1909/1592 1910/1910/1593
f 1911/1911/1592 1910/1910/1593 1909/1909/1592
f 1908/1908/1591 1910/1910/1593 1912/1912/1594
f 1913/1913/1595 1908/1908/1591 1912/1912/1594
f 1914/1914/1596 1908/1908/1591 1913/1913/1595
f 1915/1915/1597 1908/1908/1591 1914/1914/1596
f 1914/1914/1596 1913/1913/1595 1916/1916/1598
f 1916/1916/1598 1913/1913/1595 1917/1917/1599
f 1918/1918/1600 1915/1915/1597 1914/1914/1596
f 1918/1918/1600 1916/1916/1598 1917/1917/1599
f 1918/1918/1600 1914/1914/1596 1916/1916/1598
f 1918/1918/1600 1919/1919/1601 1915/1915/1597
f 1918/1918/1600 1920/1920/1602 1919/1919/1601
f 1919/1919/1601 1920/1920/1602 1921/1921/1603
f 1922/1922/1604 1923/1923/1605 1924/1924/1606
f 1924/1924/1606 1925/1925/1607 1922/1922/1604
f 1924/1924/1606 1923/1923/1605 1926/1926/1605
f 1923/1923/1605 1927/1927/1608 1926/1926/1605
f 1923/1923/1605 1928/1928/1609 1927/1927/1608
f 1923/1923/1605 1929/1929/1610 1928/1928/1609
f 1927/1927/1608 1928/1928/1609 1930/1930/1611
f 1927/1927/1608 1930/1930/1611 1931/1931/1612
f 1930/1930/1611 1932/1932/1613 1931/1931/1612
f 1928/1928/1609 1932/1932/1613 1930/1930/1611
f 1929/1929/1610 1932/1932/1613 1928/1928/1609
f 1933/1933/1614 1932/1932/1613 1929/1929/1610
f 1933/1933/1614 1934/1934/1615 1932/1932/1613
f 1934/1934/1615 1933/1933/1614 1935/1935/1616
f 1936/1936/225 1937/1937/225 1938/1938/225
f 1936/1936/225 1939/1939/225 1937/1937/225
f 1940/1940/1617 1941/1941/1618 1942/1942/1619
f 1941/1941/1618 1943/1943/1620 1942/1942/1619
f 1944/1944/1621 1943/1943/1620 1941/1941/1618
f 1944/1944/1621 1945/1945/1622 1943/1943/1620
f 1946/1946/1623 1945/1945/1622 1944/1944/1621
f 1946/1946/1623 1947/1947/1624 1945/1945/1622
f 1946/1946/1623 1948/1948/1625 1947/1947/1624
f 1946/1946/1623 1949/1949/1626 1948/1948/1625
f 1949/1949/1626 1950/1950/1627 1948/1948/1625
f 1949/1949/1626 1951/1951/1628 1950/1950/1627
f 1952/1952/1629 1950/1950/1627 1951/1951/1628
f 1952/1952/1629 1951/1951/1628 1953/1953/1630
f 1953/1953/1630 1954/1954/1630 1952/1952/1629
f 1953/1953/1630 1955/1955/1631 1954/1954/1630
f 1954/1954/1630 1955/1955/1631 1956/1956/1632
f 1954/1954/1630 1956/1956/1632 1957/1957/1633
f 1957/1957/1633 1956/1956/1632 1958/1958/1633
f 1959/1959/1634 1957/1957/1633 1958/1958/1633
f 1960/1960/1635 1957/1957/1633 1959/1959/1634
f 1961/1961/1636 1957/1957/1633 1960/1960/1635
f 1962/1962/1637 1963/1963/1638 1964/1964/1639
f 1965/1965/1640 1962/1962/1637 1964/1964/1639
f 1965/1965/1640 1966/1966/1641 1962/1962/1637
f 1967/1967/1642 1966/1966/1641 1965/1965/1640
f 1967/1967/1642 1968/1968/1643 1966/1966/1641
f 1969/1969/1644 1968/1968/1643 1967/1967/1642
f 1970/1970/1645 1968/1968/1643 1969/1969/1644
f 1970/1970/1645 1971/1971/766 1968/1968/1643
f 1972/1972/1646 1971/1971/766 1970/1970/1645
f 1972/1972/1646 1973/1973/1647 1971/1971/766
f 1973/1973/1647 1972/1972/1646 1974/1974/1648
f 1973/1973/1647 1974/1974/1648 1975/1975/766
f 1976/1976/1649 1975/1975/766 1974/1974/1648
f 1976/1976/1649 1977/1977/1649 1975/1975/766
f 1977/1977/1649 1976/1976/1649 1978/1978/1650
f 1978/1978/1650 1976/1976/1649 1979/1979/1650
f 1978/1978/1650 1979/1979/1650 1980/1980/1651
f 1979/1979/1650 1981/1981/1652 1980/1980/1651
f 1979/1979/1650 1982/1982/1653 1981/1981/1652
f 1979/1979/1650 1983/1983/1653 1982/1982/1653
f 1984/1984/1233 1985/1985/1318 1986/1986/1152
f 1984/1984/1233 1986/1986/1152 1987/1987/1654
f 1984/1984/1233 1987/1987/1654 1988/1988/1655
f 1988/1988/1655 1989/1989/1181 1984/1984/1233
f 1988/1988/1655 1990/1990/1152 1989/1989/1181
f 1990/1990/1152 1991/1991/1318 1989/1989/1181
f 1990/1990/1152 1992/1992/1656 1991/1991/1318
f 1990/1990/1152 1993/1993/1657 1992/1992/1656
f 1994/1994/1658 1987/1987/1654 1986/1986/1152
f 1995/1995/1659 1994/1994/1658 1986/1986/1152
f 1995/1995/1659 1996/1996/1660 1994/1994/1658
f 1996/1996/1660 1995/1995/1659 1997/1997/1661
f 1997/1997/1661 1995/1995/1659 1998/1998/1662
f 1999/1999/1660 1997/1997/1661 1998/1998/1662
f 2000/2000/991 1997/1997/1661 1999/1999/1660
f 2001/2001/1663 1995/1995/1659 1986/1986/1152
f 2002/2002/1233 1997/1997/1661 2000/2000/991
f 2002/2002/1233 2000/2000/991 2003/2003/1664
f 2004/2004/1665 2002/2002/1233 2003/2003/1664
f 2005/2005/1243 2002/2002/1233 2004/2004/1665
f 2006/2006/1233 2002/2002/1233 2005/2005/1243
f 2006/2006/1233 2005/2005/1243 2007/2007/991
f 2008/2008/1256 2006/2006/1233 2007/2007/991
f 2009/2009/1152 2006/2006/1233 2008/2008/1256
f 2009/2009/1152 2008/2008/1256 2010/2010/1181
f 2010/2010/1181 2008/2008/1256 2011/2011/1666
f 2010/2010/1181 2011/2011/1666 2012/2012/1152
f 2013/2013/1243 2010/2010/1181 2012/2012/1152
f 2014/2014/1152 2010/2010/1181 2013/2013/1243
f 2014/2014/1152 2001/2001/1663 1986/1986/1152
f 2010/2010/1181 2014/2014/1152 1986/1986/1152
f 1986/1986/1152 2015/2015/1318 2010/2010/1181
f 2016/2016/1152 2010/2010/1181 2015/2015/1318
f 2017/2017/1664 2016/2016/1152 2015/2015/1318
f 2015/2015/1318 1986/1986/1152 2018/2018/1179
f 2015/2015/1318 2018/2018/1179 2019/2019/991
f 2015/2015/1318 2019/2019/991 2020/2020/1152
f 2019/2019/991 2018/2018/1179 2021/2021/1667
f 2019/2019/991 2021/2021/1667 2022/2022/1668
f 2021/2021/1667 2023/2023/1245 2022/2022/1668
f 2024/2024/1095 2025/2025/1095 2026/2026/1095
f 2026/2026/1095 2025/2025/1095 2027/2027/1669
f 2027/2027/1669 2025/2025/1095 2028/2028/1297
f 2029/2029/1670 2028/2028/1297 2025/2025/1095
f 2029/2029/1670 2030/2030/1285 2028/2028/1297
f 2031/2031/1095 2030/2030/1285 2029/2029/1670
f 2031/2031/1095 2032/2032/1671 2030/2030/1285
f 2033/2033/1672 2030/2030/1285 2032/2032/1671
f 2026/2026/1095 2027/2027/1669 2034/2034/1673
f 2026/2026/1095 2034/2034/1673 2035/2035/1095
f 2034/2034/1673 2036/2036/1674 2035/2035/1095
f 2035/2035/1095 2036/2036/1674 2037/2037/1302
f 2035/2035/1095 2037/2037/1302 2038/2038/1675
f 2037/2037/1302 2039/2039/1291 2038/2038/1675
f 2037/2037/1302 2040/2040/1093 2039/2039/1291
f 2035/2035/1095 2041/2041/1676 2026/2026/1095
f 2037/2037/1302 2042/2042/890 2040/2040/1093
f 2040/2040/1093 2042/2042/890 2043/2043/1676
f 2042/2042/890 2044/2044/1677 2043/2043/1676
f 2042/2042/890 2045/2045/1678 2044/2044/1677
f 2042/2042/890 2046/2046/1285 2045/2045/1678
f 2045/2045/1678 2046/2046/1285 2047/2047/1679
f 2046/2046/1285 2048/2048/1292 2047/2047/1679
f 2046/2046/1285 2049/2049/1095 2048/2048/1292
f 2048/2048/1292 2049/2049/1095 2050/2050/1095
f 2048/2048/1292 2050/2050/1095 2051/2051/1298
f 2051/2051/1298 2050/2050/1095 2052/2052/1106
f 2050/2050/1095 2053/2053/1680 2052/2052/1106
f 2050/2050/1095 2054/2054/1681 2053/2053/1680
f 2054/2054/1681 2050/2050/1095 2026/2026/1095
f 2041/2041/1676 2054/2054/1681 2026/2026/1095
f 2055/2055/1095 2026/2026/1095 2050/2050/1095
f 2050/2050/1095 2056/2056/735 2055/2055/1095
f 2056/2056/735 2057/2057/735 2055/2055/1095
f 2026/2026/1095 2055/2055/1095 2058/2058/1682
f 2058/2058/1682 2055/2055/1095 2059/2059/1682
f 2059/2059/1682 2055/2055/1095 2060/2060/1095
f 2058/2058/1682 2059/2059/1682 2061/2061/1285
f 2061/2061/1285 2059/2059/1682 2062/2062/1683
f 2063/2063/1684 2061/2061/1285 2062/2062/1683
f 2064/2064/1685 2065/2065/1686 2066/2066/1687
f 2064/2064/1685 2067/2067/1688 2065/2065/1686
f 2066/2066/1687 2065/2065/1686 2068/2068/1689
f 2066/2066/1687 2068/2068/1689 2069/2069/1690
f 2069/2069/1690 2068/2068/1689 2070/2070/1691
f 2069/2069/1690 2070/2070/1691 2071/2071/269
f 2071/2071/269 2070/2070/1691 2072/2072/1692
f 2071/2071/269 2072/2072/1692 2073/2073/1693
f 2073/2073/1693 2072/2072/1692 2074/2074/1694
f 2073/2073/1693 2074/2074/1694 2075/2075/1695
f 2075/2075/1695 2074/2074/1694 2076/2076/1696
f 2075/2075/1695 2076/2076/1696 2077/2077/1697
f 2077/2077/1697 2076/2076/1696 2078/2078/1698
f 2077/2077/1697 2078/2078/1698 2079/2079/1698
f 2079/2079/1698 2078/2078/1698 2080/2080/1699
f 2079/2079/1698 2080/2080/1699 2081/2081/1700
f 2081/2081/1700 2080/2080/1699 2082/2082/1701
f 2081/2081/1700 2082/2082/1701 2083/2083/1702
f 2082/2082/1701 2084/2084/1497 2083/2083/1702
f 2082/2082/1701 2085/2085/1703 2084/2084/1497
f 2084/2084/1497 2085/2085/1703 2086/2086/1704
f 2084/2084/1497 2086/2086/1704 2087/2087/1705
f 2087/2087/1705 2086/2086/1704 2088/2088/1706
f 2087/2087/1705 2088/2088/1706 2089/2089/1707
f 2089/2089/1707 2088/2088/1706 2090/2090/1708
f 2089/2089/1707 2090/2090/1708 2091/2091/1709
f 2091/2091/1709 2090/2090/1708 2092/2092/1710
f 2091/2091/1709 2092/2092/1710 2093/2093/1711
f 2094/2094/1712 2095/2095/1713 2096/2096/1714
f 2097/2097/1715 2094/2094/1712 2096/2096/1714
f 2097/2097/1715 2096/2096/1714 2098/2098/1716
f 2099/2099/1717 2096/2096/1714 2095/2095/1713
f 2099/2099/1717 2095/2095/1713 2100/2100/1718
f 2099/2099/1717 2100/2100/1718 2101/2101/1719
f 2102/2102/1720 2098/2098/1716 2096/2096/1714
f 2099/2099/1717 2102/2102/1720 2096/2096/1714
f 2102/2102/1720 2103/2103/1721 2098/2098/1716
f 2102/2102/1720 2104/2104/1722 2103/2103/1721
f 2101/2101/1719 2105/2105/1723 2099/2099/1717
f 2105/2105/1723 2102/2102/1720 2099/2099/1717
f 2101/2101/1719 2106/2106/1724 2105/2105/1723
f 2102/2102/1720 2107/2107/1725 2104/2104/1722
f 2105/2105/1723 2107/2107/1725 2102/2102/1720
f 2105/2105/1723 2106/2106/1724 2108/2108/1726
f 2104/2104/1722 2107/2107/1725 2109/2109/1727
f 2109/2109/1727 2107/2107/1725 2105/2105/1723
f 2104/2104/1722 2109/2109/1727 2110/2110/1728
f 2105/2105/1723 2108/2108/1726 2111/2111/1729
f 2109/2109/1727 2105/2105/1723 2111/2111/1729
f 2112/2112/1730 2111/2111/1729 2108/2108/1726
f 2112/2112/1730 2113/2113/1731 2111/2111/1729
f 2114/2114/1732 2109/2109/1727 2111/2111/1729
f 2114/2114/1732 2110/2110/1728 2109/2109/1727
f 2114/2114/1732 2111/2111/1729 2113/2113/1731
f 2114/2114/1732 2115/2115/1733 2110/2110/1728
f 2113/2113/1731 2116/2116/1734 2114/2114/1732
f 2114/2114/1732 2117/2117/1735 2115/2115/1733
f 2114/2114/1732 2116/2116/1734 2117/2117/1735
