# Blender 5.2.0 LTS
# www.blender.org
mtllib uzi mag.mtl
o uzi'.4563
v -0.111113 -0.540520 0.048303
v -0.090662 -0.263903 0.052266
v -0.084777 -0.269782 0.052266
v -0.077727 -0.271755 0.052266
v -0.094210 -0.254135 0.052266
v -0.111113 -0.242434 0.048303
v -0.018828 -0.271755 0.052266
v -0.120449 -0.242434 0.048303
v -0.120449 -0.540520 0.048303
v 0.029757 -0.540520 0.048303
v -0.011772 -0.269782 0.052266
v -0.005887 -0.263903 0.052266
v -0.002339 -0.254135 0.052266
v 0.029757 -0.242434 0.048303
v -0.127005 -0.242434 0.042237
v -0.126977 -0.540520 0.042259
v -0.129763 -0.242434 0.034652
v -0.129763 -0.540520 0.034663
v -0.131144 -0.547127 0.039172
v -0.127068 -0.547127 -0.046978
v -0.131144 -0.547127 -0.039172
v -0.127068 -0.547127 0.046973
v -0.127068 -0.547127 -0.046978
v -0.131144 -0.547127 0.039172
v -0.127068 -0.547127 0.046973
v -0.118897 -0.547127 -0.051391
v -0.127068 -0.547127 -0.046978
v -0.118897 -0.547127 0.051385
v -0.118897 -0.547127 -0.051391
v -0.127068 -0.547127 0.046973
v -0.118897 -0.539207 -0.051391
v 0.009169 -0.539207 -0.051720
v -0.118897 -0.532214 -0.051391
v -0.118897 -0.547127 -0.051391
v 0.009169 -0.547127 -0.051720
v 0.009169 -0.539207 -0.051720
v 0.009169 -0.547127 0.051721
v 0.031144 -0.547127 -0.051385
v -0.118897 -0.547127 0.051385
v 0.009169 -0.547127 -0.051720
v -0.118897 -0.547127 -0.051391
v 0.031144 -0.547127 0.051379
v -0.118897 -0.539207 0.051385
v -0.118897 -0.547127 0.051385
v 0.009169 -0.539207 0.051721
v -0.118897 -0.539207 0.051385
v -0.118897 -0.532214 0.051385
v 0.009169 -0.532214 0.051721
v 0.009169 -0.532214 -0.051720
v -0.018828 -0.271755 0.052266
v -0.018828 -0.269782 0.055814
v -0.011772 -0.269782 0.052266
v -0.025878 -0.269782 0.052266
v -0.011772 -0.269782 -0.052266
v -0.018828 -0.269782 -0.055820
v -0.018828 -0.271755 -0.052266
v -0.025878 -0.269782 -0.052266
v -0.011772 -0.269782 0.052266
v -0.018828 -0.269782 0.055814
v -0.012261 -0.267928 0.055570
v -0.011772 -0.269782 0.052266
v -0.005887 -0.263903 0.052266
v -0.012261 -0.267928 -0.055575
v -0.018828 -0.269782 -0.055820
v -0.011772 -0.269782 -0.052266
v -0.005887 -0.263903 -0.052266
v -0.011772 -0.269782 -0.052266
v -0.084288 -0.267928 0.055570
v -0.077727 -0.269782 0.055814
v -0.084777 -0.269782 0.052266
v -0.070671 -0.269782 0.052266
v -0.077727 -0.269782 0.055814
v -0.071160 -0.267928 0.055570
v -0.006774 -0.262425 -0.055325
v -0.012261 -0.267928 -0.055575
v -0.005887 -0.263903 -0.052266
v -0.025389 -0.267928 0.055570
v -0.018828 -0.269782 0.055814
v -0.025878 -0.269782 0.052266
v -0.077727 -0.269782 0.055814
v -0.077727 -0.263903 0.058782
v -0.071160 -0.267928 0.055570
v -0.084288 -0.267928 0.055570
v -0.077727 -0.271755 0.052266
v -0.070671 -0.269782 0.052266
v -0.084777 -0.269782 0.052266
v -0.090662 -0.263903 0.052266
v -0.084777 -0.269782 0.052266
v -0.071160 -0.267928 -0.055575
v -0.077727 -0.263903 -0.058782
v -0.077727 -0.269782 -0.055820
v -0.084288 -0.267928 -0.055575
v -0.084777 -0.269782 -0.052266
v -0.077727 -0.271755 -0.052266
v -0.070671 -0.269782 -0.052266
v -0.090662 -0.263903 -0.052266
v -0.084777 -0.269782 -0.052266
v -0.089775 -0.262425 -0.055325
v -0.090662 -0.263903 -0.052266
v -0.084288 -0.267928 -0.055575
v -0.012261 -0.267928 0.055570
v -0.018828 -0.263903 0.058782
v -0.012750 -0.262425 0.058333
v -0.006774 -0.262425 0.055325
v -0.012750 -0.262425 -0.058333
v -0.018828 -0.263903 -0.058782
v -0.012261 -0.267928 -0.055575
v -0.006774 -0.262425 -0.055325
v -0.064786 -0.263903 -0.052266
v -0.071160 -0.267928 -0.055575
v -0.070671 -0.269782 -0.052266
v -0.089775 -0.262425 0.055325
v -0.083799 -0.262425 0.058333
v -0.084288 -0.267928 0.055570
v -0.077727 -0.263903 0.058782
v -0.083799 -0.262425 -0.058333
v -0.089775 -0.262425 -0.055325
v -0.084288 -0.267928 -0.055575
v -0.084288 -0.267928 -0.055575
v -0.077727 -0.263903 -0.058782
v -0.003459 -0.253327 -0.055575
v -0.006774 -0.262425 -0.055325
v -0.002339 -0.254135 -0.052266
v -0.005887 -0.263903 0.052266
v -0.006774 -0.262425 0.055325
v -0.002339 -0.254135 0.052266
v -0.071160 -0.267928 0.055570
v -0.071649 -0.262425 0.058333
v -0.065673 -0.262425 0.055325
v -0.077727 -0.263903 0.058782
v -0.064786 -0.263903 0.052266
v -0.071160 -0.267928 0.055570
v -0.065673 -0.262425 -0.055325
v -0.071649 -0.262425 -0.058333
v -0.071160 -0.267928 -0.055575
v -0.071160 -0.267928 -0.055575
v -0.064786 -0.263903 -0.052266
v -0.077727 -0.263903 -0.058782
v -0.006774 -0.262425 0.055325
v -0.008582 -0.259428 0.057423
v -0.003459 -0.253327 0.055570
v -0.024900 -0.262425 0.058333
v -0.018828 -0.263903 0.058782
v -0.025389 -0.267928 0.055570
v -0.030876 -0.262425 0.055325
v -0.025389 -0.267928 0.055570
v -0.031763 -0.263903 0.052266
v -0.024900 -0.262425 -0.058333
v -0.025389 -0.267928 -0.055575
v -0.018828 -0.263903 -0.058782
v -0.030876 -0.262425 -0.055325
v -0.031763 -0.263903 -0.052266
v -0.025389 -0.267928 -0.055575
v -0.025389 -0.267928 -0.055575
v -0.025878 -0.269782 -0.052266
v -0.018828 -0.269782 -0.055820
v -0.031763 -0.263903 -0.052266
v -0.025878 -0.269782 -0.052266
v -0.030876 -0.262425 -0.055325
v -0.035311 -0.254135 -0.052266
v -0.006774 -0.252515 0.058333
v -0.008582 -0.259428 0.057423
v -0.012261 -0.253327 0.059999
v -0.006774 -0.252515 -0.058333
v -0.012261 -0.253327 -0.060004
v -0.008582 -0.259428 -0.057423
v -0.012261 -0.253327 0.059999
v -0.008582 -0.259428 0.057423
v -0.012750 -0.262425 0.058333
v -0.018828 -0.254135 0.060562
v -0.003459 -0.253327 0.055570
v -0.006774 -0.252515 0.058333
v -0.008582 -0.259428 -0.057423
v -0.012261 -0.253327 -0.060004
v -0.012750 -0.262425 -0.058333
v -0.006774 -0.252515 -0.058333
v -0.003459 -0.253327 -0.055575
v -0.018828 -0.254135 -0.060567
v -0.089775 -0.252515 0.058333
v -0.087967 -0.259428 0.057423
v -0.093090 -0.253327 0.055570
v -0.093090 -0.253327 0.055570
v -0.089775 -0.262425 0.055325
v -0.084288 -0.253327 0.059999
v -0.083799 -0.262425 0.058333
v -0.077727 -0.254135 0.060562
v -0.087967 -0.259428 0.057423
v -0.089775 -0.262425 0.055325
v -0.093090 -0.253327 0.055570
v -0.094210 -0.254135 0.052266
v -0.093090 -0.253327 -0.055575
v -0.094210 -0.254135 -0.052266
v -0.089775 -0.262425 -0.055325
v -0.087967 -0.259428 -0.057423
v -0.093090 -0.253327 -0.055575
v -0.089775 -0.252515 -0.058333
v -0.093090 -0.253327 -0.055575
v -0.083799 -0.262425 -0.058333
v -0.084288 -0.253327 -0.060004
v -0.077727 -0.254135 -0.060567
v -0.087967 -0.259428 -0.057423
v -0.089775 -0.262425 -0.055325
v -0.094210 -0.254135 0.052266
v -0.089775 -0.262425 0.055325
v -0.090662 -0.263903 0.052266
v -0.018828 -0.263903 -0.058782
v -0.025389 -0.267928 -0.055575
v -0.018828 -0.269782 -0.055820
v -0.012261 -0.267928 -0.055575
v -0.018828 -0.254135 -0.060567
v -0.024900 -0.262425 -0.058333
v -0.012750 -0.262425 -0.058333
v -0.008582 -0.259428 -0.057423
v -0.006774 -0.262425 -0.055325
v -0.002339 -0.254135 -0.052266
v -0.005887 -0.263903 -0.052266
v -0.018828 -0.242434 -0.061164
v -0.025389 -0.253327 -0.060004
v -0.012261 -0.253327 -0.060004
v -0.002339 -0.242434 0.055814
v -0.001151 -0.242434 0.052266
v -0.003459 -0.253327 0.055570
v -0.006774 -0.252515 0.058333
v -0.002339 -0.242434 -0.055820
v -0.006774 -0.252515 -0.058333
v -0.003459 -0.253327 -0.055575
v -0.001151 -0.242434 -0.052266
v 0.031144 -0.539207 0.051379
v 0.031144 -0.539207 -0.051385
v 0.031144 -0.547127 0.051379
v 0.031144 -0.547127 0.051379
v 0.031144 -0.539207 -0.051385
v 0.031144 -0.547127 -0.051385
v 0.029757 0.340123 -0.029927
v 0.029757 0.159191 -0.048309
v 0.029757 0.340123 0.029927
v 0.029757 0.335125 -0.048309
v 0.029757 0.349362 -0.044340
v 0.029757 0.349209 -0.031019
v 0.029757 0.363389 -0.037119
v 0.029757 0.364049 -0.027943
v 0.029757 0.370814 -0.031024
v 0.029757 0.370814 -0.023894
v 0.029757 0.159191 0.048303
v 0.029757 0.335125 0.048303
v 0.029757 0.349362 0.044340
v 0.029757 0.349209 0.031019
v 0.029757 0.363389 0.037119
v 0.029757 0.364049 0.027937
v 0.029757 0.370814 0.031024
v 0.029757 0.370814 0.023894
v 0.029757 -0.093910 -0.048309
v 0.029757 -0.093910 0.048303
v 0.029757 -0.242434 -0.048309
v 0.029757 -0.242434 0.048303
v 0.029757 -0.540520 -0.048309
v 0.029757 -0.540520 0.048303
v -0.025389 -0.267928 0.055570
v -0.018828 -0.263903 0.058782
v -0.018828 -0.269782 0.055814
v -0.012261 -0.267928 0.055570
v -0.024900 -0.262425 0.058333
v -0.018828 -0.254135 0.060562
v -0.012750 -0.262425 0.058333
v -0.006774 -0.262425 0.055325
v -0.008582 -0.259428 0.057423
v -0.025389 -0.253327 0.059999
v -0.018828 -0.242434 0.061165
v -0.012261 -0.253327 0.059999
v -0.002339 -0.242434 0.055814
v -0.006774 -0.252515 0.058333
v -0.005887 -0.242434 0.058782
v -0.011772 -0.242434 0.060562
v -0.005887 -0.242434 0.058782
v -0.011772 -0.242434 -0.060567
v -0.006774 -0.252515 -0.058333
v -0.005887 -0.242434 -0.058782
v -0.005887 -0.242434 -0.058782
v -0.002339 -0.242434 -0.055820
v -0.003459 -0.253327 0.055570
v -0.001151 -0.242434 0.052266
v -0.002339 -0.254135 0.052266
v -0.065673 -0.252515 0.058333
v -0.067481 -0.259428 0.057423
v -0.071160 -0.253327 0.059999
v -0.065673 -0.252515 -0.058333
v -0.071160 -0.253327 -0.060004
v -0.067481 -0.259428 -0.057423
v -0.062358 -0.253327 0.055570
v -0.067481 -0.259428 0.057423
v -0.065673 -0.252515 0.058333
v -0.029068 -0.259428 0.057423
v -0.024900 -0.262425 0.058333
v -0.030876 -0.262425 0.055325
v -0.025389 -0.253327 0.059999
v -0.018828 -0.254135 0.060562
v -0.029068 -0.259428 0.057423
v -0.065673 -0.252515 -0.058333
v -0.067481 -0.259428 -0.057423
v -0.062358 -0.253327 -0.055575
v -0.029068 -0.259428 -0.057423
v -0.030876 -0.262425 -0.055325
v -0.024900 -0.262425 -0.058333
v -0.018828 -0.254135 -0.060567
v -0.025389 -0.253327 -0.060004
v -0.025389 -0.253327 -0.060004
v -0.029068 -0.259428 -0.057423
v -0.071160 -0.253327 0.059999
v -0.067481 -0.259428 0.057423
v -0.071649 -0.262425 0.058333
v -0.067481 -0.259428 -0.057423
v -0.071160 -0.253327 -0.060004
v -0.071649 -0.262425 -0.058333
v -0.131144 -0.547127 0.039172
v -0.131144 -0.539207 0.039172
v -0.127068 -0.547127 0.046973
v -0.127068 -0.547127 -0.046978
v -0.131144 -0.539207 -0.039172
v -0.131144 -0.547127 -0.039172
v -0.127068 -0.539207 -0.046978
v -0.131144 -0.539207 -0.039172
v -0.127068 -0.547127 -0.046978
v -0.127068 -0.532214 0.046973
v -0.127068 -0.539207 0.046973
v -0.131144 -0.532214 0.039172
v -0.127068 -0.547127 0.046973
v -0.131144 -0.539207 0.039172
v -0.127068 -0.539207 0.046973
v -0.131144 -0.532214 0.039172
v -0.127068 -0.539207 0.046973
v -0.131144 -0.539207 0.039172
v -0.131144 -0.532214 -0.039172
v -0.131144 -0.539207 -0.039172
v -0.127068 -0.532214 -0.046978
v -0.065673 -0.262425 0.055325
v -0.067481 -0.259428 0.057423
v -0.062358 -0.253327 0.055570
v -0.062358 -0.253327 -0.055575
v -0.067481 -0.259428 -0.057423
v -0.065673 -0.262425 -0.055325
v -0.012261 -0.253327 0.059999
v -0.018828 -0.242434 0.061165
v -0.011772 -0.242434 0.060562
v -0.011772 -0.242434 0.060562
v -0.006774 -0.252515 0.058333
v -0.018828 -0.242434 -0.061164
v -0.012261 -0.253327 -0.060004
v -0.011772 -0.242434 -0.060567
v -0.006774 -0.252515 -0.058333
v -0.011772 -0.242434 -0.060567
v -0.093090 -0.253327 0.055570
v -0.095398 -0.242434 0.052266
v -0.094210 -0.242434 0.055814
v -0.089775 -0.252515 0.058333
v -0.090662 -0.242434 0.058782
v -0.084777 -0.242434 0.060562
v -0.095398 -0.242434 -0.052266
v -0.093090 -0.253327 -0.055575
v -0.094210 -0.242434 -0.055820
v -0.089775 -0.252515 -0.058333
v -0.090662 -0.242434 -0.058782
v -0.084777 -0.242434 -0.060567
v -0.030876 -0.252515 0.058333
v -0.025389 -0.253327 0.059999
v -0.029068 -0.259428 0.057423
v -0.084288 -0.253327 0.059999
v -0.089775 -0.252515 0.058333
v -0.084777 -0.242434 0.060562
v -0.084777 -0.242434 -0.060567
v -0.089775 -0.252515 -0.058333
v -0.084288 -0.253327 -0.060004
v -0.127068 -0.547127 -0.046978
v -0.118897 -0.539207 -0.051391
v -0.127068 -0.539207 -0.046978
v -0.118897 -0.547127 -0.051391
v -0.118897 -0.539207 -0.051391
v -0.127068 -0.547127 -0.046978
v -0.127068 -0.547127 0.046973
v -0.118897 -0.539207 0.051385
v -0.118897 -0.547127 0.051385
v -0.118897 -0.532214 0.051385
v -0.118897 -0.539207 0.051385
v -0.127068 -0.532214 0.046973
v -0.127068 -0.532214 0.046973
v -0.118897 -0.539207 0.051385
v -0.127068 -0.539207 0.046973
v -0.127068 -0.539207 0.046973
v -0.118897 -0.539207 0.051385
v -0.127068 -0.547127 0.046973
v -0.127068 -0.532214 -0.046978
v -0.127068 -0.539207 -0.046978
v -0.118897 -0.532214 -0.051391
v -0.118897 -0.532214 -0.051391
v -0.127068 -0.539207 -0.046978
v -0.118897 -0.539207 -0.051391
v -0.089775 -0.252515 0.058333
v -0.084288 -0.253327 0.059999
v -0.087967 -0.259428 0.057423
v -0.077727 -0.254135 0.060562
v -0.077727 -0.242434 0.061165
v -0.071160 -0.253327 0.059999
v -0.071160 -0.253327 0.059999
v -0.071649 -0.262425 0.058333
v -0.065673 -0.262425 0.055325
v -0.067481 -0.259428 0.057423
v -0.077727 -0.254135 0.060562
v -0.077727 -0.263903 0.058782
v -0.083799 -0.262425 0.058333
v -0.064786 -0.263903 0.052266
v -0.061238 -0.254135 0.052266
v -0.060050 -0.242434 0.052266
v -0.036499 -0.242434 0.052266
v -0.067481 -0.259428 -0.057423
v -0.071649 -0.262425 -0.058333
v -0.065673 -0.262425 -0.055325
v -0.061238 -0.254135 -0.052266
v -0.064786 -0.263903 -0.052266
v -0.060050 -0.242434 -0.052266
v -0.036499 -0.242434 -0.052266
v -0.071160 -0.253327 -0.060004
v -0.077727 -0.254135 -0.060567
v -0.077727 -0.254135 -0.060567
v -0.077727 -0.263903 -0.058782
v -0.083799 -0.262425 -0.058333
v -0.071160 -0.253327 -0.060004
v -0.077727 -0.242434 -0.061164
v -0.084288 -0.253327 -0.060004
v -0.087967 -0.259428 -0.057423
v -0.089775 -0.252515 -0.058333
v -0.077727 -0.242434 0.061165
v -0.084288 -0.253327 0.059999
v -0.084777 -0.242434 0.060562
v -0.131144 -0.547127 0.039172
v -0.131144 -0.547127 -0.039172
v -0.131144 -0.539207 0.039172
v -0.131144 -0.539207 0.039172
v -0.131144 -0.547127 -0.039172
v -0.131144 -0.539207 -0.039172
v -0.131144 -0.539207 0.039172
v -0.131144 -0.539207 -0.039172
v -0.131144 -0.532214 0.039172
v -0.131144 -0.532214 0.039172
v -0.131144 -0.539207 -0.039172
v -0.131144 -0.532214 -0.039172
v -0.084777 -0.242434 -0.060567
v -0.084288 -0.253327 -0.060004
v -0.077727 -0.242434 -0.061164
v -0.062358 -0.253327 -0.055575
v -0.065673 -0.262425 -0.055325
v -0.061238 -0.254135 -0.052266
v -0.029068 -0.259428 -0.057423
v -0.034191 -0.253327 -0.055575
v -0.030876 -0.262425 -0.055325
v -0.030876 -0.252515 -0.058333
v -0.029068 -0.259428 -0.057423
v -0.029068 -0.259428 -0.057423
v -0.025389 -0.253327 -0.060004
v -0.129763 0.324339 0.034629
v -0.121439 0.324339 -0.030973
v -0.121439 0.324339 0.030967
v -0.129763 0.324339 -0.034635
v -0.129763 0.324339 0.034629
v -0.129763 0.159191 -0.034640
v -0.129763 0.159191 0.034635
v -0.129763 -0.093910 -0.034652
v -0.129763 -0.093910 0.034646
v -0.129763 -0.242434 -0.034657
v -0.129763 -0.242434 0.034652
v -0.129763 -0.540520 0.034663
v -0.129763 -0.540520 -0.034669
v -0.094210 -0.254135 0.052266
v -0.111113 -0.242434 0.048303
v -0.095398 -0.242434 0.052266
v -0.093090 -0.253327 0.055570
v -0.111113 -0.242434 -0.048303
v -0.094210 -0.254135 -0.052266
v -0.095398 -0.242434 -0.052266
v -0.093090 -0.253327 -0.055575
v -0.071160 -0.253327 0.059999
v -0.077727 -0.242434 0.061165
v -0.070671 -0.242434 0.060562
v -0.071160 -0.253327 0.059999
v -0.065673 -0.252515 0.058333
v -0.077727 -0.242434 -0.061164
v -0.071160 -0.253327 -0.060004
v -0.070671 -0.242434 -0.060567
v -0.071160 -0.253327 -0.060004
v -0.065673 -0.252515 -0.058333
v -0.034191 -0.253327 0.055570
v -0.029068 -0.259428 0.057423
v -0.030876 -0.262425 0.055325
v -0.030876 -0.252515 0.058333
v -0.029068 -0.259428 0.057423
v -0.065673 -0.252515 0.058333
v -0.070671 -0.242434 0.060562
v -0.064786 -0.242434 0.058782
v -0.061238 -0.242434 0.055814
v 0.029757 -0.242434 0.048303
v -0.002339 -0.254135 0.052266
v -0.001151 -0.242434 0.052266
v -0.070671 -0.242434 -0.060567
v -0.065673 -0.252515 -0.058333
v -0.064786 -0.242434 -0.058782
v -0.061238 -0.242434 -0.055820
v -0.018828 -0.242434 0.061165
v -0.025389 -0.253327 0.059999
v -0.025878 -0.242434 0.060562
v -0.030876 -0.252515 0.058333
v -0.025878 -0.242434 0.060562
v -0.025878 -0.242434 -0.060567
v -0.030876 -0.252515 -0.058333
v -0.025389 -0.253327 -0.060004
v -0.025878 -0.242434 -0.060567
v -0.018828 -0.242434 -0.061164
v -0.002339 -0.254135 -0.052266
v 0.029757 -0.242434 -0.048309
v -0.001151 -0.242434 -0.052266
v -0.129763 -0.093910 0.034646
v -0.127005 -0.242434 0.042237
v -0.129763 -0.242434 0.034652
v -0.127016 -0.093910 0.042220
v -0.120449 -0.242434 0.048303
v -0.120449 -0.093910 0.048303
v -0.111113 -0.242434 0.048303
v -0.111113 -0.093910 0.048303
v -0.081394 -0.116454 0.048303
v -0.081394 -0.071367 0.048303
v -0.081394 -0.071367 -0.048303
v -0.111113 -0.093910 -0.048303
v -0.081394 -0.116454 -0.048303
v -0.111113 -0.242434 -0.048303
v -0.120449 -0.093910 -0.048309
v -0.120449 -0.242434 -0.048309
v -0.127016 -0.093910 -0.042225
v -0.127005 -0.242434 -0.042237
v -0.129763 -0.093910 -0.034652
v -0.129763 -0.242434 -0.034657
v 0.031144 -0.539207 -0.051385
v 0.009169 -0.539207 -0.051720
v 0.031144 -0.547127 -0.051385
v 0.009169 -0.539207 -0.051720
v 0.009169 -0.547127 -0.051720
v 0.009169 -0.547127 0.051721
v 0.031144 -0.539207 0.051379
v 0.031144 -0.547127 0.051379
v 0.009169 -0.539207 0.051721
v 0.031144 -0.539207 0.051379
v -0.064786 -0.263903 0.052266
v -0.035311 -0.254135 0.052266
v -0.031763 -0.263903 0.052266
v -0.061238 -0.254135 0.052266
v -0.036499 -0.242434 0.052266
v -0.035311 -0.254135 0.052266
v -0.077727 -0.271755 0.052266
v -0.025878 -0.269782 0.052266
v -0.018828 -0.271755 0.052266
v -0.070671 -0.269782 0.052266
v -0.025878 -0.269782 0.052266
v -0.077727 -0.271755 0.052266
v -0.064786 -0.263903 0.052266
v -0.031763 -0.263903 0.052266
v -0.070671 -0.269782 0.052266
v -0.031763 -0.263903 0.052266
v -0.025878 -0.269782 0.052266
v -0.035311 -0.254135 -0.052266
v -0.064786 -0.263903 -0.052266
v -0.031763 -0.263903 -0.052266
v -0.064786 -0.263903 -0.052266
v -0.070671 -0.269782 -0.052266
v -0.031763 -0.263903 -0.052266
v -0.077727 -0.271755 -0.052266
v -0.025878 -0.269782 -0.052266
v -0.031763 -0.263903 -0.052266
v -0.070671 -0.269782 -0.052266
v -0.025878 -0.269782 -0.052266
v -0.025878 -0.269782 -0.052266
v -0.077727 -0.271755 -0.052266
v -0.018828 -0.271755 -0.052266
v -0.036499 -0.242434 -0.052266
v -0.061238 -0.254135 -0.052266
v -0.035311 -0.254135 -0.052266
v -0.061238 -0.254135 0.052266
v -0.035311 -0.254135 0.052266
v -0.064786 -0.263903 0.052266
v -0.036499 -0.242434 0.052266
v -0.034191 -0.253327 0.055570
v -0.036499 -0.242434 0.052266
v -0.035311 -0.242434 0.055814
v -0.061238 -0.254135 -0.052266
v -0.064786 -0.263903 -0.052266
v -0.035311 -0.254135 -0.052266
v -0.034191 -0.253327 -0.055575
v -0.036499 -0.242434 -0.052266
v -0.036499 -0.242434 -0.052266
v -0.035311 -0.242434 -0.055820
v -0.126977 -0.540520 -0.042265
v -0.129763 -0.242434 -0.034657
v -0.129763 -0.540520 -0.034669
v -0.127005 -0.242434 -0.042237
v -0.120449 -0.540520 -0.048309
v -0.120449 -0.242434 -0.048309
v -0.111113 -0.540520 -0.048309
v -0.111113 -0.242434 -0.048303
v -0.094210 -0.254135 -0.052266
v -0.090662 -0.263903 -0.052266
v -0.084777 -0.269782 -0.052266
v -0.077727 -0.271755 -0.052266
v -0.018828 -0.271755 -0.052266
v 0.029757 -0.540520 -0.048309
v -0.011772 -0.269782 -0.052266
v -0.005887 -0.263903 -0.052266
v -0.002339 -0.254135 -0.052266
v 0.029757 -0.242434 -0.048309
v -0.030876 -0.252515 0.058333
v -0.035311 -0.242434 0.055814
v -0.031763 -0.242434 0.058782
v -0.025878 -0.242434 0.060562
v -0.031763 -0.242434 0.058782
v 0.029757 -0.242434 0.048303
v -0.001151 -0.242434 0.052266
v 0.029757 -0.093910 0.048303
v -0.065485 -0.116454 0.048303
v -0.036499 -0.242434 0.052266
v -0.060050 -0.242434 0.052266
v -0.081394 -0.116454 0.048303
v -0.035311 -0.242434 -0.055820
v -0.030876 -0.252515 -0.058333
v -0.031763 -0.242434 -0.058782
v -0.031763 -0.242434 -0.058782
v -0.025878 -0.242434 -0.060567
v -0.065485 -0.116454 -0.048309
v -0.081394 -0.116454 -0.048303
v -0.060050 -0.242434 -0.052266
v -0.036499 -0.242434 -0.052266
v -0.001151 -0.242434 -0.052266
v 0.029757 -0.242434 -0.048309
v 0.029757 -0.093910 -0.048309
v 0.029757 -0.093910 0.048303
v -0.001151 -0.242434 0.052266
v -0.065485 -0.116454 0.048303
v -0.034191 -0.253327 0.055570
v -0.030876 -0.262425 0.055325
v -0.035311 -0.254135 0.052266
v -0.034191 -0.253327 -0.055575
v -0.035311 -0.254135 -0.052266
v -0.030876 -0.262425 -0.055325
v -0.129763 0.159191 0.034635
v -0.127016 -0.093910 0.042220
v -0.129763 -0.093910 0.034646
v -0.127039 0.159191 0.042197
v -0.120449 -0.093910 0.048303
v -0.120449 0.159191 0.048303
v -0.111113 -0.093910 0.048303
v -0.111113 0.159191 0.048303
v -0.081394 -0.071367 0.048303
v -0.081394 0.136647 0.048303
v -0.081394 0.181729 0.048303
v -0.081394 0.181729 0.041105
v -0.111113 0.335125 0.048303
v -0.065485 0.181729 0.048303
v -0.065485 0.136647 0.041065
v -0.065485 0.181729 0.041065
v -0.065485 0.136647 0.048303
v -0.065485 0.136647 0.041065
v -0.065485 -0.071367 0.048303
v 0.029757 0.159191 0.048303
v 0.029757 -0.093910 0.048303
v -0.065485 -0.116454 0.048303
v -0.065485 -0.116454 0.041065
v -0.065485 -0.116454 0.041065
v -0.065485 -0.071367 0.041065
v -0.081394 0.181729 0.041105
v -0.081394 0.136647 0.041105
v -0.081394 -0.071367 0.041105
v -0.081394 -0.116454 0.048303
v -0.081394 -0.071367 0.041105
v -0.081394 -0.116454 0.041105
v -0.111113 -0.242434 0.048303
v -0.095398 -0.242434 0.052266
v -0.081394 -0.116454 0.048303
v -0.060050 -0.242434 0.052266
v -0.062358 -0.253327 0.055570
v -0.065673 -0.252515 0.058333
v -0.061238 -0.242434 0.055814
v -0.060050 -0.242434 0.052266
v -0.061238 -0.242434 -0.055820
v -0.065673 -0.252515 -0.058333
v -0.062358 -0.253327 -0.055575
v -0.060050 -0.242434 -0.052266
v -0.034191 -0.253327 0.055570
v -0.035311 -0.242434 0.055814
v -0.030876 -0.252515 0.058333
v -0.034191 -0.253327 -0.055575
v -0.030876 -0.252515 -0.058333
v -0.035311 -0.242434 -0.055820
v -0.062358 -0.253327 0.055570
v -0.060050 -0.242434 0.052266
v -0.061238 -0.254135 0.052266
v -0.107179 0.335131 0.041168
v 0.021171 0.263138 0.040872
v 0.021171 0.339554 0.040872
v -0.107179 0.263138 0.041168
v -0.107179 0.335131 0.041168
v -0.113934 0.329741 0.040684
v -0.065485 0.181729 0.041065
v 0.021171 0.159191 0.040872
v -0.107179 0.263138 0.041168
v -0.081394 0.181729 0.041105
v -0.107179 0.159191 0.041168
v -0.113934 0.159191 0.040684
v -0.113934 0.329741 0.040684
v -0.113934 0.263138 0.040684
v -0.113934 0.159191 0.040684
v -0.107179 0.159191 0.041168
v -0.081394 0.136647 0.041105
v -0.081394 -0.071367 0.041105
v -0.065485 0.136647 0.041065
v -0.065485 0.181729 0.041065
v -0.065485 -0.071367 0.041065
v 0.021171 -0.093910 0.040872
v -0.065485 -0.116454 0.041065
v 0.021171 -0.540520 0.040872
v -0.107179 -0.540520 0.041168
v -0.081394 -0.116454 0.041105
v -0.107179 -0.093910 0.041168
v -0.113934 -0.540520 0.040684
v -0.113934 -0.093910 0.040684
v -0.113934 0.159191 0.040684
v -0.107179 0.159191 -0.041173
v -0.113934 -0.093910 -0.040684
v -0.113934 0.159191 -0.040684
v -0.107179 -0.093910 -0.041173
v -0.081394 -0.071367 -0.041105
v -0.081394 0.136647 -0.041105
v -0.081394 0.181729 -0.041105
v -0.107179 0.263138 -0.041173
v -0.065485 0.181729 -0.041065
v -0.107179 0.159191 -0.041173
v 0.021171 0.159191 -0.040872
v 0.021171 0.263138 -0.040872
v -0.107179 0.335131 -0.041173
v 0.021171 0.339554 -0.040872
v -0.065485 -0.071367 -0.041065
v -0.065485 0.136647 -0.041065
v -0.065485 0.181729 -0.041065
v 0.021171 -0.093910 -0.040872
v -0.065485 -0.116454 -0.041065
v 0.021171 -0.540520 -0.040872
v -0.107179 -0.540520 -0.041173
v -0.113934 -0.540520 -0.040684
v -0.081394 -0.116454 -0.041105
v -0.107179 0.159191 -0.041173
v -0.113934 0.159191 -0.040684
v -0.113934 0.159191 -0.040684
v -0.113934 0.263138 -0.040684
v -0.113934 0.329741 -0.040684
v -0.107179 0.335131 -0.041173
v -0.121439 0.159191 0.031201
v -0.121439 -0.093910 -0.031195
v -0.121439 -0.093910 0.031195
v -0.121439 0.159191 -0.031201
v -0.121439 -0.540520 -0.031183
v -0.121439 -0.540520 0.031184
v -0.118988 0.159191 0.038058
v -0.121439 0.159191 0.031201
v -0.118982 -0.093910 0.038063
v -0.118977 -0.540520 0.038075
v -0.113934 0.159191 0.040684
v -0.118988 0.159191 0.038058
v -0.113934 -0.093910 0.040684
v -0.113934 0.159191 0.040684
v -0.113934 -0.540520 0.040684
v -0.118982 -0.093910 -0.038069
v -0.118977 -0.540520 -0.038075
v -0.113934 -0.093910 -0.040684
v -0.113934 -0.540520 -0.040684
v -0.113934 0.159191 -0.040684
v -0.118988 0.159191 -0.038063
v -0.118988 0.159191 -0.038063
v -0.121439 0.159191 -0.031201
v 0.021171 0.363747 -0.028125
v 0.021171 0.349317 -0.031030
v 0.021171 0.350727 -0.035272
v 0.021171 0.340123 -0.029927
v 0.021171 0.339554 -0.040872
v 0.021171 0.263138 -0.040872
v 0.021171 0.340123 0.029927
v 0.021171 0.263138 0.040872
v 0.021171 0.159191 -0.040872
v 0.021171 0.159191 0.040872
v 0.021171 -0.093910 -0.040872
v 0.021171 -0.093910 0.040872
v 0.021171 -0.540520 0.040872
v 0.021171 -0.540520 -0.040872
v 0.021171 0.339554 0.040872
v 0.021171 0.350727 0.035272
v 0.021171 0.349317 0.031030
v 0.021171 0.363747 0.028119
v -0.036499 -0.242434 -0.052266
v -0.035311 -0.242434 -0.055820
v -0.001151 -0.242434 -0.052266
v -0.002339 -0.242434 -0.055820
v -0.031763 -0.242434 -0.058782
v -0.005887 -0.242434 -0.058782
v -0.025878 -0.242434 -0.060567
v -0.011772 -0.242434 -0.060567
v -0.018828 -0.242434 -0.061164
v -0.095398 -0.242434 -0.052266
v -0.094210 -0.242434 -0.055820
v -0.060050 -0.242434 -0.052266
v -0.061238 -0.242434 -0.055820
v -0.090662 -0.242434 -0.058782
v -0.064786 -0.242434 -0.058782
v -0.084777 -0.242434 -0.060567
v -0.070671 -0.242434 -0.060567
v -0.077727 -0.242434 -0.061164
v -0.036499 -0.242434 0.052266
v -0.001151 -0.242434 0.052266
v -0.035311 -0.242434 0.055814
v -0.002339 -0.242434 0.055814
v -0.031763 -0.242434 0.058782
v -0.005887 -0.242434 0.058782
v -0.025878 -0.242434 0.060562
v -0.011772 -0.242434 0.060562
v -0.011772 -0.242434 0.060562
v -0.018828 -0.242434 0.061165
v -0.025878 -0.242434 0.060562
v -0.095398 -0.242434 0.052266
v -0.060050 -0.242434 0.052266
v -0.094210 -0.242434 0.055814
v -0.061238 -0.242434 0.055814
v -0.090662 -0.242434 0.058782
v -0.064786 -0.242434 0.058782
v -0.084777 -0.242434 0.060562
v -0.070671 -0.242434 0.060562
v -0.077727 -0.242434 0.061165
v -0.131144 -0.532214 0.039172
v -0.131144 -0.532214 -0.039172
v -0.127068 -0.532214 0.046973
v -0.127068 -0.532214 -0.046978
v -0.118897 -0.532214 0.051385
v -0.118897 -0.532214 -0.051391
v 0.009169 -0.532214 0.051721
v 0.009169 -0.532214 -0.051720
v 0.009169 -0.532214 -0.051720
v 0.009169 -0.539207 -0.051720
v 0.009169 -0.539207 0.051721
v 0.031144 -0.539207 0.051379
v 0.031144 -0.539207 -0.051385
v -0.072035 0.370814 0.023894
v 0.029757 0.370814 0.031024
v -0.072035 0.370814 0.031024
v 0.029757 0.370814 -0.031024
v -0.072035 0.370814 -0.023894
v -0.072035 0.370814 -0.031024
v 0.021171 0.340123 -0.029927
v 0.029757 0.340123 -0.029927
v 0.021171 0.340123 0.029927
v 0.029757 0.340123 0.029927
v -0.113934 0.329741 0.040684
v -0.120449 0.329741 0.048303
v -0.119221 0.326773 0.037768
v -0.119221 0.326773 0.037768
v -0.127051 0.325915 0.042180
v -0.129763 0.324339 0.034629
v -0.113934 0.329741 0.040684
v -0.111113 0.335125 0.048303
v -0.120449 0.329741 0.048303
v -0.107179 0.335131 0.041168
v -0.111113 0.335125 0.048303
v -0.113934 0.329741 0.040684
v -0.089451 0.351608 0.036585
v -0.089997 0.351978 0.043607
v -0.107179 0.335131 0.041168
v -0.107179 0.335131 -0.041173
v -0.089997 0.351978 -0.043613
v -0.089451 0.351608 -0.036585
v -0.089451 0.351608 0.036585
v -0.078113 0.363548 0.036994
v -0.089997 0.351978 0.043607
v -0.089997 0.351978 -0.043613
v -0.078113 0.363548 -0.036994
v -0.089451 0.351608 -0.036585
v -0.078142 0.363515 0.029887
v -0.072035 0.370814 0.031024
v -0.078113 0.363548 0.036994
v -0.078113 0.363548 0.036994
v -0.089451 0.351608 0.036585
v -0.078113 0.363548 -0.036994
v -0.072035 0.370814 -0.031024
v -0.078142 0.363515 -0.029893
v -0.089451 0.351608 -0.036585
v -0.078113 0.363548 -0.036994
v -0.078113 0.363548 0.036994
v -0.072035 0.370814 0.031024
v 0.029757 0.363389 0.037119
v 0.029757 0.363389 -0.037119
v -0.072035 0.370814 -0.031024
v -0.078113 0.363548 -0.036994
v -0.107179 0.335131 0.041168
v -0.089997 0.351978 0.043607
v -0.111113 0.335125 0.048303
v -0.111113 0.335125 -0.048303
v -0.089997 0.351978 -0.043613
v -0.107179 0.335131 -0.041173
v -0.072035 0.370814 0.023894
v -0.072035 0.370814 0.031024
v -0.078142 0.363515 0.029887
v -0.078142 0.363515 -0.029893
v -0.072035 0.370814 -0.031024
v -0.072035 0.370814 -0.023894
v 0.029757 0.370814 0.023894
v 0.029757 0.370814 0.031024
v -0.072035 0.370814 0.023894
v 0.029757 0.363389 0.037119
v -0.072035 0.370814 0.031024
v 0.029757 0.349362 0.044340
v -0.078113 0.363548 0.036994
v 0.029757 0.335125 0.048303
v -0.089997 0.351978 0.043607
v 0.029757 0.370814 -0.023894
v -0.072035 0.370814 -0.023894
v 0.029757 0.370814 -0.031024
v -0.072035 0.370814 -0.031024
v 0.029757 0.363389 -0.037119
v -0.078113 0.363548 -0.036994
v 0.029757 0.349362 -0.044340
v -0.089997 0.351978 -0.043613
v 0.029757 0.335125 -0.048309
v -0.089997 0.351978 0.043607
v -0.078113 0.363548 0.036994
v 0.029757 0.349362 0.044340
v 0.029757 0.349362 -0.044340
v -0.078113 0.363548 -0.036994
v -0.089997 0.351978 -0.043613
v -0.127051 0.325915 0.042180
v -0.127039 0.159191 0.042197
v -0.129763 0.324339 0.034629
v -0.120449 0.159191 0.048303
v -0.120449 0.329741 0.048303
v -0.120449 0.159191 0.048303
v -0.111113 0.159191 0.048303
v -0.111113 0.335125 0.048303
v -0.081394 0.181729 0.048303
v -0.129763 0.159191 0.034635
v -0.111113 0.335125 0.048303
v -0.089997 0.351978 0.043607
v 0.029757 0.335125 0.048303
v 0.029757 0.335125 0.048303
v -0.065485 0.181729 0.048303
v 0.029757 0.159191 0.048303
v 0.029757 0.335125 -0.048309
v -0.065485 0.181729 -0.048303
v 0.029757 0.159191 -0.048309
v -0.111113 0.335125 -0.048303
v 0.029757 0.335125 -0.048309
v -0.089997 0.351978 -0.043613
v -0.118988 0.159191 0.038058
v -0.118988 0.263138 0.038058
v -0.121439 0.159191 0.031201
v -0.121439 0.263138 0.031201
v -0.121439 0.159191 -0.031201
v -0.121439 0.159191 0.031201
v -0.121439 0.263138 -0.031201
v -0.121439 0.324339 0.030967
v -0.119221 0.326773 0.037768
v -0.121439 0.324339 -0.030973
v -0.118988 0.263138 -0.038063
v -0.119221 0.326773 -0.037773
v -0.113934 0.263138 -0.040684
v -0.113934 0.329741 -0.040684
v -0.118988 0.159191 -0.038063
v -0.113934 0.159191 -0.040684
v -0.121439 0.159191 -0.031201
v -0.118988 0.159191 -0.038063
v -0.113934 0.263138 0.040684
v -0.113934 0.329741 0.040684
v -0.118988 0.159191 0.038058
v -0.113934 0.159191 0.040684
v -0.089451 0.351608 0.036585
v 0.021171 0.350727 0.035272
v -0.078142 0.363515 0.029887
v 0.021171 0.339554 0.040872
v -0.107179 0.335131 0.041168
v 0.029757 0.340123 -0.029927
v 0.021171 0.340123 -0.029927
v 0.029757 0.349209 -0.031019
v 0.021171 0.349317 -0.031030
v 0.021171 0.363747 -0.028125
v 0.029757 0.364049 -0.027943
v 0.029757 0.370814 -0.023894
v -0.072035 0.370814 -0.023894
v -0.078142 0.363515 -0.029893
v 0.021171 0.350727 -0.035272
v -0.089451 0.351608 -0.036585
v 0.021171 0.339554 -0.040872
v -0.107179 0.335131 -0.041173
v 0.029757 0.349209 0.031019
v 0.021171 0.340123 0.029927
v 0.029757 0.340123 0.029927
v 0.021171 0.349317 0.031030
v 0.021171 0.363747 0.028119
v 0.029757 0.364049 0.027937
v 0.029757 0.370814 0.023894
v -0.072035 0.370814 0.023894
v -0.078142 0.363515 0.029887
v 0.021171 0.350727 0.035272
v -0.108064 0.358075 0.011287
v -0.104624 0.363203 0.010576
v -0.105147 0.358763 0.015091
v -0.107871 0.359763 0.009570
v -0.104823 0.361577 0.004430
v -0.104624 0.363203 0.010576
v -0.108326 0.355760 0.010656
v -0.108394 0.355135 0.008313
v -0.108195 0.356824 0.006602
v -0.108064 0.358075 0.011287
v -0.108195 0.356824 0.006602
v -0.107871 0.359763 0.009570
v -0.108064 0.358075 0.011287
v -0.107939 0.359137 0.007227
v -0.105147 0.358763 0.015091
v -0.104624 0.363203 0.010576
v -0.097358 0.366450 0.014795
v -0.105147 0.358763 0.015091
v -0.097358 0.366450 0.014795
v -0.097875 0.362139 0.019105
v 0.023243 0.352696 0.027343
v 0.023174 0.361702 0.020236
v 0.024147 0.360451 0.019565
v 0.023174 0.361702 0.020236
v 0.023499 0.364761 0.008944
v -0.104624 0.363203 0.010576
v -0.104823 0.361577 0.004430
v -0.097358 0.366450 0.003048
v 0.024147 0.360451 0.019565
v 0.023499 0.364761 0.008944
v 0.024471 0.363260 0.008944
v 0.024471 0.363260 0.008944
v 0.023174 0.361702 -0.002387
v -0.097358 0.366450 0.014795
v -0.104624 0.363203 0.010576
v -0.097164 0.368013 0.008944
v -0.088272 0.368826 0.016802
v -0.097164 0.368013 0.008944
v -0.104624 0.363203 0.010576
v -0.097358 0.366450 0.003048
v -0.097164 0.368013 0.008944
v -0.088010 0.370953 0.008944
v -0.097164 0.368013 0.008944
v -0.088920 0.363134 0.022573
v -0.097875 0.362139 0.019105
v -0.097358 0.366450 0.014795
v 0.022009 0.342132 0.030226
v 0.022202 0.353508 0.028515
v 0.023243 0.352696 0.027343
v 0.011558 0.365261 0.008944
v 0.014674 0.362453 0.008944
v 0.014350 0.359888 0.018559
v 0.017267 0.359513 0.018559
v -0.079380 0.363572 0.025336
v -0.088920 0.363134 0.022573
v -0.088272 0.368826 0.016802
v -0.107939 0.359137 0.007227
v -0.105534 0.355510 0.002798
v -0.104823 0.361577 0.004430
v -0.097358 0.366450 0.003048
v -0.097875 0.362139 -0.001262
v -0.108064 0.358075 0.011287
v -0.105147 0.358763 0.015091
v -0.105858 0.352639 0.013419
v -0.098523 0.356323 0.020691
v -0.097875 0.362139 0.019105
v -0.089892 0.355322 0.024665
v -0.098523 0.356323 0.020691
v -0.078276 0.373017 0.008944
v -0.088272 0.368826 0.001081
v -0.078532 0.370515 -0.000551
v -0.088010 0.370953 0.008944
v -0.088272 0.368826 0.001081
v -0.068668 0.373517 0.008944
v -0.047897 0.368326 -0.001341
v -0.068992 0.370827 -0.001341
v -0.097358 0.366450 0.003048
v -0.078532 0.370515 0.018394
v -0.078276 0.373017 0.008944
v -0.078532 0.370515 0.018394
v -0.088272 0.368826 0.016802
v -0.097164 0.368013 0.008944
v -0.079380 0.363572 0.025336
v -0.078532 0.370515 0.018394
v -0.069839 0.363322 0.026758
v -0.079380 0.363572 0.025336
v -0.047897 0.368326 0.019230
v -0.068992 0.370827 0.019230
v -0.068992 0.370827 0.019230
v -0.078532 0.370515 0.018394
v -0.047573 0.371078 0.008944
v -0.068668 0.373517 0.008944
v -0.078276 0.373017 0.008944
v -0.097875 0.362139 -0.001262
v -0.088920 0.363134 -0.004690
v -0.097358 0.366450 0.003048
v -0.078532 0.370515 -0.000551
v -0.088920 0.363134 -0.004690
v -0.098523 0.356323 -0.002808
v -0.089892 0.355322 -0.006822
v -0.079380 0.363572 -0.007448
v -0.089892 0.355322 -0.006822
v -0.080483 0.354197 -0.010001
v -0.090802 0.347511 -0.004690
v -0.069839 0.363322 0.026758
v -0.078532 0.370515 0.018394
v -0.068992 0.370827 0.019230
v -0.059320 0.373574 0.008944
v 0.011558 0.365261 0.008944
v 0.011166 0.362390 0.019776
v 0.014350 0.359888 0.018559
v -0.047573 0.371078 0.008944
v -0.047897 0.368326 0.019230
v -0.068992 0.370827 0.019230
v 0.020775 0.331568 0.027343
v 0.020906 0.342262 0.031522
v 0.022009 0.342132 0.030226
v -0.105858 0.352639 0.013419
v -0.098523 0.356323 0.020691
v -0.099240 0.350513 0.019105
v -0.105858 0.352639 0.013419
v -0.105147 0.358763 0.015091
v -0.098523 0.356323 0.020691
v 0.020775 0.331568 0.027343
v 0.019541 0.331073 0.028515
v 0.020906 0.342262 0.031522
v 0.022009 0.342132 -0.012343
v 0.020775 0.331568 -0.009500
v 0.023243 0.352696 -0.009500
v 0.022202 0.353508 -0.010626
v 0.020906 0.342262 -0.013679
v 0.022009 0.342132 0.030226
v 0.023243 0.352696 0.027343
v 0.023243 0.352696 -0.009500
v 0.020906 0.342262 -0.013679
v 0.022009 0.342132 -0.012343
v -0.047897 0.368326 0.019230
v -0.048739 0.360827 0.026758
v -0.069839 0.363322 0.026758
v 0.011558 0.365261 0.008944
v -0.059644 0.370703 -0.001927
v 0.011166 0.362390 -0.001927
v 0.014674 0.362453 0.008944
v 0.014674 0.362453 0.008944
v 0.014350 0.359888 -0.000716
v 0.017528 0.362077 0.008944
v -0.104823 0.361577 0.004430
v -0.105534 0.355510 0.002798
v -0.098523 0.356323 -0.002808
v -0.104823 0.361577 0.004430
v -0.098523 0.356323 -0.002808
v -0.097875 0.362139 -0.001262
v -0.047897 0.368326 -0.001341
v -0.047573 0.371078 0.008944
v -0.068668 0.373517 0.008944
v -0.071073 0.353071 0.029515
v -0.079380 0.363572 0.025336
v -0.069839 0.363322 0.026758
v -0.080483 0.354197 0.027844
v -0.079380 0.363572 0.025336
v -0.080483 0.354197 0.027844
v -0.088920 0.363134 0.022573
v 0.010256 0.354447 -0.009875
v -0.060554 0.362765 -0.009875
v -0.061850 0.352008 -0.012758
v 0.011166 0.362390 -0.001927
v 0.010256 0.354447 -0.009875
v -0.059644 0.370703 -0.001927
v 0.011558 0.365261 0.008944
v -0.059320 0.373574 0.008944
v 0.011166 0.362390 0.019776
v -0.059644 0.370703 0.019776
v 0.011166 0.362390 0.019776
v 0.010256 0.354447 0.027719
v -0.060554 0.362765 0.027719
v 0.009023 0.343695 0.030647
v -0.061850 0.352008 0.030647
v 0.010256 0.354447 0.027719
v 0.009023 0.343695 0.030647
v 0.012400 0.343257 0.028219
v 0.015322 0.342944 0.028219
v 0.016425 0.352513 0.025626
v 0.013571 0.352883 0.025626
v 0.014350 0.359888 0.018559
v 0.014151 0.333381 0.025626
v 0.012400 0.343257 0.028219
v 0.013571 0.352883 0.025626
v 0.012400 0.343257 0.028219
v 0.016425 0.352513 0.025626
v 0.014350 0.359888 0.018559
v 0.017267 0.359513 0.018559
v 0.014674 0.362453 0.008944
v 0.017528 0.362077 0.008944
v 0.009023 0.343695 0.030647
v 0.007726 0.332881 0.027719
v 0.011297 0.333694 0.025626
v 0.014350 0.359888 -0.000716
v 0.013571 0.352883 -0.007783
v 0.017267 0.359513 -0.000716
v 0.010256 0.354447 -0.009875
v 0.013571 0.352883 -0.007783
v 0.017528 0.362077 0.008944
v 0.014350 0.359888 -0.000716
v 0.016425 0.352513 -0.007783
v 0.013571 0.352883 -0.007783
v 0.012400 0.343257 -0.010336
v 0.009023 0.343695 -0.012758
v -0.061850 0.352008 -0.012758
v 0.010256 0.354447 -0.009875
v 0.013571 0.352883 -0.007783
v 0.009023 0.343695 -0.012758
v -0.063084 0.341261 -0.009875
v 0.009023 0.343695 -0.012758
v 0.007726 0.332881 -0.009875
v -0.064062 0.333319 -0.001927
v 0.007726 0.332881 -0.009875
v 0.012400 0.343257 -0.010336
v 0.011297 0.333694 -0.007783
v 0.015322 0.342944 -0.010336
v 0.007726 0.332881 -0.009875
v 0.014151 0.333381 -0.007783
v 0.012400 0.343257 -0.010336
v 0.016425 0.352513 -0.007783
v 0.011297 0.333694 -0.007783
v -0.090802 0.347511 0.022573
v -0.098523 0.356323 0.020691
v -0.089892 0.355322 0.024665
v -0.091450 0.341762 0.016802
v -0.099240 0.350513 0.019105
v -0.099757 0.346197 0.014795
v -0.097875 0.362139 0.019105
v -0.088920 0.363134 0.022573
v -0.097358 0.366450 0.014795
v -0.088272 0.368826 0.016802
v -0.068992 0.370827 -0.001341
v -0.078532 0.370515 -0.000551
v -0.079380 0.363572 -0.007448
v -0.088920 0.363134 -0.004690
v -0.079380 0.363572 -0.007448
v -0.108394 0.355135 0.008313
v -0.108326 0.355760 0.010656
v -0.105858 0.352639 0.013419
v 0.019865 0.323880 0.019565
v 0.019541 0.331073 0.028515
v 0.020775 0.331568 0.027343
v -0.108195 0.356824 0.006602
v -0.108394 0.355135 0.008313
v -0.106057 0.351013 0.007273
v -0.108195 0.356824 0.006602
v -0.106057 0.351013 0.007273
v -0.105534 0.355510 0.002798
v -0.090802 0.347511 0.022573
v -0.099240 0.350513 0.019105
v -0.098523 0.356323 0.020691
v -0.048739 0.360827 0.026758
v -0.049973 0.350637 0.029515
v -0.071073 0.353071 0.029515
v -0.048739 0.360827 0.026758
v -0.071073 0.353071 0.029515
v -0.069839 0.363322 0.026758
v -0.048739 0.360827 -0.008869
v -0.068992 0.370827 -0.001341
v -0.069839 0.363322 -0.008869
v -0.079380 0.363572 -0.007448
v -0.069839 0.363322 -0.008869
v 0.011166 0.331568 -0.030492
v -0.059644 0.339885 -0.030492
v -0.060554 0.332011 -0.038435
v 0.010256 0.323630 -0.038435
v 0.014350 0.329071 -0.029275
v 0.013571 0.322066 -0.036343
v 0.017267 0.328696 -0.029275
v 0.014350 0.329071 -0.029275
v 0.017528 0.331260 -0.019661
v 0.013571 0.322066 -0.036343
v 0.016425 0.321691 -0.036343
v 0.012400 0.312503 -0.038935
v 0.013571 0.322066 -0.036343
v 0.009023 0.312879 -0.041363
v 0.010256 0.323630 -0.038435
v -0.061850 0.321197 -0.041363
v 0.013571 0.322066 -0.036343
v 0.009023 0.312879 -0.041363
v -0.061850 0.321197 -0.041363
v 0.009023 0.312879 -0.041363
v -0.063084 0.310445 -0.038435
v 0.011558 0.334444 -0.019661
v -0.059320 0.342757 -0.019661
v -0.059644 0.339885 -0.008789
v 0.011166 0.331568 -0.008789
v 0.010256 0.323630 -0.000841
v -0.060554 0.332011 -0.000841
v 0.011166 0.331568 -0.008789
v 0.013571 0.322066 -0.002933
v 0.014350 0.329071 -0.010001
v 0.016425 0.321691 -0.002933
v 0.012400 0.312503 -0.000340
v 0.015322 0.312128 -0.000340
v 0.012400 0.312503 -0.000340
v 0.014151 0.302565 -0.002933
v 0.009023 0.312879 0.002087
v 0.010256 0.323630 -0.000841
v -0.060554 0.332011 -0.000841
v 0.012400 0.312503 -0.000340
v 0.013571 0.322066 -0.002933
v 0.016425 0.321691 -0.002933
v 0.014350 0.329071 -0.010001
v 0.017267 0.328696 -0.010001
v 0.014674 0.331630 -0.019661
v 0.017528 0.331260 -0.019661
v -0.061850 0.321197 0.002087
v 0.007726 0.302064 -0.000841
v 0.009023 0.312879 0.002087
v 0.011297 0.302877 -0.002933
v -0.099757 0.346197 0.014795
v -0.105858 0.352639 0.013419
v -0.099240 0.350513 0.019105
v -0.048739 0.360827 -0.008869
v -0.047897 0.368326 -0.001341
v -0.068992 0.370827 -0.001341
v -0.088920 0.363134 -0.004690
v -0.097875 0.362139 -0.001262
v -0.098523 0.356323 -0.002808
v 0.014151 0.333381 0.025626
v 0.011297 0.333694 0.025626
v 0.012400 0.343257 0.028219
v 0.009023 0.343695 0.030647
v -0.081586 0.344821 0.025336
v -0.090802 0.347511 0.022573
v -0.089892 0.355322 0.024665
v -0.098523 0.356323 -0.002808
v -0.105534 0.355510 0.002798
v -0.099240 0.350513 -0.001262
v 0.020906 0.342262 -0.013679
v 0.017398 0.354072 -0.010626
v 0.016101 0.342820 -0.013679
v 0.019541 0.331073 -0.010626
v 0.022202 0.353508 -0.010626
v 0.018370 0.362265 -0.002387
v 0.023174 0.361702 -0.002387
v 0.018762 0.365324 0.008944
v 0.023174 0.361702 -0.002387
v 0.023499 0.364761 0.008944
v 0.018370 0.362265 0.020236
v 0.023174 0.361702 0.020236
v 0.017398 0.354072 0.028515
v 0.022202 0.353508 0.028515
v 0.016101 0.342820 0.031522
v 0.020906 0.342262 0.031522
v 0.014799 0.331630 0.028515
v 0.019541 0.331073 0.028515
v 0.013827 0.323380 0.020236
v 0.018569 0.322817 0.020236
v 0.013440 0.320383 0.008944
v 0.018245 0.319821 0.008944
v 0.018569 0.322817 0.020236
v 0.013827 0.323380 0.020236
v 0.018370 0.362265 0.020236
v 0.023174 0.361702 0.020236
v 0.014799 0.331630 -0.010626
v 0.018569 0.322817 -0.002387
v 0.013827 0.323380 -0.002387
v 0.018245 0.319821 0.008944
v 0.013827 0.323380 -0.002387
v 0.013440 0.320383 0.008944
v -0.061850 0.352008 -0.012758
v -0.060554 0.362765 -0.009875
v -0.060554 0.362765 0.027719
v -0.064386 0.330447 0.008944
v -0.064062 0.333319 -0.001927
v -0.064062 0.333319 0.019776
v -0.063084 0.341261 -0.009875
v -0.063084 0.341261 0.027719
v -0.061850 0.352008 0.030647
v -0.061850 0.352008 -0.012758
v -0.060554 0.362765 0.027719
v -0.063084 0.341261 -0.009875
v -0.061850 0.352008 -0.012758
v -0.061850 0.352008 0.030647
v -0.047897 0.337509 -0.029946
v -0.068668 0.342757 -0.019661
v -0.068992 0.340011 -0.029946
v -0.078532 0.339698 -0.029110
v -0.078276 0.342194 -0.019661
v -0.088272 0.338009 -0.027518
v -0.088010 0.340136 -0.019661
v -0.088272 0.338009 -0.027518
v -0.097358 0.335633 -0.025511
v -0.088272 0.338009 -0.011757
v -0.097164 0.337197 -0.019661
v -0.078532 0.339698 -0.010165
v -0.078276 0.342194 -0.019661
v -0.068992 0.340011 -0.009330
v -0.047573 0.340261 -0.019661
v -0.068668 0.342757 -0.019661
v -0.078276 0.342194 -0.019661
v -0.079380 0.332818 -0.003223
v -0.078532 0.339698 -0.010165
v -0.069839 0.332506 -0.001802
v -0.079380 0.332818 -0.003223
v -0.047897 0.337509 -0.009330
v -0.068992 0.340011 -0.009330
v -0.069839 0.332506 -0.001802
v -0.078532 0.339698 -0.010165
v -0.060554 0.362765 -0.009875
v -0.059644 0.370703 0.019776
v -0.060554 0.362765 0.027719
v -0.059644 0.370703 -0.001927
v -0.059644 0.370703 -0.001927
v -0.059320 0.373574 0.008944
v -0.059644 0.370703 0.019776
v -0.106057 0.351013 0.007273
v -0.105858 0.352639 0.013419
v -0.099757 0.346197 0.014795
v -0.106057 0.351013 0.007273
v -0.099757 0.346197 0.014795
v -0.099888 0.344633 0.008944
v -0.105534 0.355510 0.002798
v -0.106057 0.351013 0.007273
v -0.099757 0.346197 0.003048
v -0.105534 0.355510 0.002798
v -0.099757 0.346197 0.003048
v -0.099240 0.350513 -0.001262
v -0.047897 0.337509 -0.029946
v -0.047573 0.340261 -0.019661
v -0.068668 0.342757 -0.019661
v -0.082365 0.337947 0.018394
v -0.090802 0.347511 0.022573
v -0.081586 0.344821 0.025336
v -0.089892 0.355322 0.024665
v -0.080483 0.354197 0.027844
v -0.049973 0.350637 0.029515
v -0.072238 0.342882 0.026758
v -0.071073 0.353071 0.029515
v -0.099757 0.346197 0.003048
v -0.106057 0.351013 0.007273
v -0.099888 0.344633 0.008944
v -0.089892 0.355322 -0.006822
v -0.098523 0.356323 -0.002808
v -0.099240 0.350513 -0.001262
v -0.072238 0.342882 0.026758
v -0.081586 0.344821 0.025336
v -0.080483 0.354197 0.027844
v -0.071073 0.353071 0.029515
v -0.051144 0.340386 0.026758
v -0.073148 0.335383 0.019230
v -0.049973 0.350637 0.029515
v -0.051144 0.340386 0.026758
v -0.089892 0.355322 0.024665
v -0.088920 0.363134 0.022573
v -0.089892 0.355322 -0.006822
v -0.099240 0.350513 -0.001262
v -0.090802 0.347511 -0.004690
v -0.049973 0.350637 -0.011632
v -0.069839 0.363322 -0.008869
v -0.071073 0.353071 -0.011632
v -0.080483 0.354197 -0.010001
v -0.071073 0.353071 -0.011632
v -0.047573 0.340261 -0.019661
v -0.047897 0.337509 -0.009330
v -0.068992 0.340011 -0.009330
v -0.049973 0.350637 -0.011632
v -0.048739 0.360827 -0.008869
v -0.069839 0.363322 -0.008869
v -0.082365 0.337947 0.018394
v -0.091450 0.341762 0.016802
v -0.090802 0.347511 0.022573
v -0.071073 0.353071 -0.011632
v -0.081586 0.344821 -0.007448
v -0.072238 0.342882 -0.008869
v -0.071073 0.353071 -0.011632
v -0.080483 0.354197 -0.010001
v -0.079380 0.363572 -0.007448
v -0.089892 0.355322 -0.006822
v -0.069839 0.363322 -0.008869
v -0.080483 0.354197 -0.010001
v -0.080483 0.354197 -0.010001
v -0.090802 0.347511 -0.004690
v -0.081586 0.344821 -0.007448
v -0.073148 0.335383 0.019230
v -0.082365 0.337947 0.018394
v -0.081586 0.344821 0.025336
v -0.073148 0.335383 0.019230
v -0.081586 0.344821 0.025336
v -0.072238 0.342882 0.026758
v -0.091712 0.339698 0.008944
v -0.099888 0.344633 0.008944
v -0.099757 0.346197 0.014795
v -0.091712 0.339698 0.008944
v -0.099757 0.346197 0.014795
v -0.091450 0.341762 0.016802
v -0.090802 0.347511 -0.004690
v -0.099240 0.350513 -0.001262
v -0.099757 0.346197 0.003048
v -0.090802 0.347511 -0.004690
v -0.099757 0.346197 0.003048
v -0.091450 0.341762 0.001081
v -0.091450 0.341762 0.001081
v -0.099888 0.344633 0.008944
v -0.091712 0.339698 0.008944
v -0.082689 0.335383 0.008944
v -0.091450 0.341762 0.016802
v -0.082365 0.337947 0.018394
v -0.082689 0.335383 0.008944
v -0.091712 0.339698 0.008944
v 0.007726 0.332881 0.027719
v -0.063084 0.341261 0.027719
v -0.061850 0.352008 0.030647
v 0.006817 0.325006 0.019776
v -0.064062 0.333319 0.019776
v 0.007726 0.332881 0.027719
v 0.006817 0.325006 0.019776
v 0.010455 0.326695 0.018559
v 0.007726 0.332881 0.027719
v 0.011297 0.333694 0.025626
v 0.013372 0.326382 0.018559
v 0.006817 0.325006 0.019776
v 0.006430 0.322135 0.008944
v 0.010194 0.324131 0.008944
v -0.081586 0.344821 -0.007448
v -0.090802 0.347511 -0.004690
v -0.091450 0.341762 0.001081
v -0.051144 0.340386 -0.008869
v -0.049973 0.350637 -0.011632
v -0.071073 0.353071 -0.011632
v -0.051144 0.340386 -0.008869
v -0.071073 0.353071 -0.011632
v -0.072238 0.342882 -0.008869
v -0.082365 0.337947 -0.000551
v -0.091712 0.339698 0.008944
v -0.082689 0.335383 0.008944
v -0.082365 0.337947 -0.000551
v -0.091450 0.341762 0.001081
v -0.091712 0.339698 0.008944
v -0.081586 0.344821 -0.007448
v -0.091450 0.341762 0.001081
v -0.082365 0.337947 -0.000551
v -0.072238 0.342882 -0.008869
v -0.082365 0.337947 -0.000551
v -0.073472 0.332631 0.008944
v -0.082365 0.337947 0.018394
v -0.073148 0.335383 0.019230
v -0.073472 0.332631 0.008944
v -0.082689 0.335383 0.008944
v -0.051144 0.340386 0.026758
v -0.052054 0.332943 0.019230
v -0.073148 0.335383 0.019230
v -0.052054 0.332943 0.019230
v -0.073472 0.332631 0.008944
v 0.013048 0.323818 0.008944
v 0.010455 0.326695 0.018559
v 0.013372 0.326382 0.018559
v 0.011297 0.333694 0.025626
v 0.014151 0.333381 0.025626
v 0.006430 0.322135 0.008944
v -0.064386 0.330447 0.008944
v -0.064062 0.333319 0.019776
v -0.073148 0.335383 -0.001341
v -0.082689 0.335383 0.008944
v -0.073472 0.332631 0.008944
v -0.052054 0.332943 0.019230
v -0.052378 0.330197 0.008944
v -0.073472 0.332631 0.008944
v -0.052054 0.332943 -0.001341
v -0.051144 0.340386 -0.008869
v -0.072238 0.342882 -0.008869
v -0.082365 0.337947 -0.000551
v -0.073148 0.335383 -0.001341
v -0.052378 0.330197 0.008944
v -0.073148 0.335383 -0.001341
v -0.073472 0.332631 0.008944
v -0.052054 0.332943 -0.001341
v -0.072238 0.342882 -0.008869
v 0.017528 0.362077 0.008944
v 0.018762 0.365324 0.008944
v 0.017267 0.359513 0.018559
v 0.016425 0.352513 0.025626
v 0.018370 0.362265 0.020236
v 0.017398 0.354072 0.028515
v 0.017267 0.359513 0.018559
v 0.017528 0.362077 0.008944
v 0.018370 0.362265 -0.002387
v 0.018762 0.365324 0.008944
v 0.018370 0.362265 -0.002387
v 0.017267 0.359513 -0.000716
v 0.016101 0.342820 0.031522
v 0.015322 0.342944 0.028219
v 0.016425 0.352513 0.025626
v 0.016425 0.352513 0.025626
v 0.017398 0.354072 0.028515
v 0.018370 0.362265 -0.002387
v 0.017267 0.359513 -0.000716
v 0.017398 0.354072 -0.010626
v 0.016425 0.352513 -0.007783
v 0.017398 0.354072 -0.010626
v 0.014799 0.331630 0.028515
v 0.014151 0.333381 0.025626
v 0.016101 0.342820 0.031522
v 0.015322 0.342944 0.028219
v 0.017398 0.354072 -0.010626
v 0.016425 0.352513 -0.007783
v 0.016101 0.342820 -0.013679
v 0.015322 0.342944 -0.010336
v 0.016425 0.352513 -0.007783
v 0.013372 0.326382 0.018559
v 0.014799 0.331630 0.028515
v 0.013827 0.323380 0.020236
v 0.014799 0.331630 0.028515
v 0.014151 0.333381 0.025626
v 0.014151 0.333381 -0.007783
v 0.014799 0.331630 -0.010626
v 0.015322 0.342944 -0.010336
v 0.016101 0.342820 -0.013679
v 0.015322 0.342944 -0.010336
v 0.014799 0.331630 -0.010626
v -0.113934 0.329741 -0.040684
v -0.119221 0.326773 -0.037773
v -0.120449 0.329741 -0.048303
v -0.119221 0.326773 -0.037773
v -0.127051 0.325915 -0.042185
v -0.129763 0.324339 -0.034635
v -0.121439 0.324339 0.030967
v -0.119221 0.326773 0.037768
v -0.129763 0.324339 0.034629
v -0.129763 0.324339 -0.034635
v -0.119221 0.326773 -0.037773
v -0.121439 0.324339 -0.030973
v -0.120449 0.329741 -0.048303
v -0.111113 0.335125 -0.048303
v -0.113934 0.329741 -0.040684
v -0.113934 0.329741 -0.040684
v -0.111113 0.335125 -0.048303
v -0.107179 0.335131 -0.041173
v -0.081394 0.181729 -0.048303
v -0.111113 0.335125 -0.048303
v -0.111113 0.159191 -0.048303
v -0.120449 0.329741 -0.048303
v -0.120449 0.159191 -0.048303
v -0.127051 0.325915 -0.042185
v -0.127039 0.159191 -0.042197
v -0.120449 0.159191 -0.048303
v -0.129763 0.324339 -0.034635
v -0.129763 0.159191 -0.034640
v 0.029757 -0.093910 -0.048309
v 0.029757 0.159191 -0.048309
v -0.065485 -0.071367 -0.048309
v -0.065485 -0.116454 -0.048309
v -0.065485 -0.116454 -0.041065
v -0.065485 0.136647 -0.048303
v -0.065485 -0.116454 -0.041065
v -0.065485 -0.071367 -0.041065
v -0.081394 0.136647 -0.048303
v -0.081394 -0.071367 -0.048303
v -0.111113 0.159191 -0.048303
v -0.111113 -0.093910 -0.048303
v -0.081394 -0.116454 -0.048303
v -0.081394 -0.071367 -0.041105
v -0.081394 -0.071367 -0.041105
v -0.081394 -0.116454 -0.041105
v -0.095398 -0.242434 -0.052266
v -0.111113 -0.242434 -0.048303
v -0.060050 -0.242434 -0.052266
v -0.081394 -0.116454 -0.048303
v -0.120449 0.159191 -0.048303
v -0.120449 -0.093910 -0.048309
v -0.127039 0.159191 -0.042197
v -0.127016 -0.093910 -0.042225
v -0.129763 0.159191 -0.034640
v -0.129763 -0.093910 -0.034652
v -0.081394 0.181729 -0.048303
v -0.111113 0.335125 -0.048303
v -0.081394 0.181729 -0.041105
v -0.065485 0.181729 -0.048303
v -0.065485 0.136647 -0.041065
v -0.065485 0.136647 -0.041065
v -0.065485 0.181729 -0.041065
v -0.081394 0.181729 -0.041105
v -0.081394 0.136647 -0.041105
v -0.108064 0.358075 0.011287
v -0.107871 0.359763 0.009570
v -0.104624 0.363203 0.010576
v -0.107871 0.359763 0.009570
v -0.107939 0.359137 0.007227
v -0.104823 0.361577 0.004430
v 0.023243 0.352696 0.027343
v 0.022202 0.353508 0.028515
v 0.023174 0.361702 0.020236
v -0.108326 0.324943 -0.017944
v -0.108394 0.324318 -0.020286
v -0.108195 0.326007 -0.021958
v -0.108195 0.326007 -0.021958
v -0.107871 0.328946 -0.019030
v -0.108064 0.327257 -0.017318
v -0.108195 0.326007 -0.021958
v -0.107939 0.328321 -0.021332
v -0.107871 0.328946 -0.019030
v -0.108195 0.312879 0.018434
v -0.107871 0.315818 0.021362
v -0.108064 0.314129 0.023079
v -0.108195 0.312879 0.018434
v -0.107939 0.315193 0.019020
v -0.107871 0.315818 0.021362
v -0.108326 0.311753 0.022448
v -0.108394 0.311190 0.020111
v -0.108195 0.312879 0.018434
v -0.107939 0.328321 -0.021332
v -0.108195 0.326007 -0.021958
v -0.105534 0.324693 -0.025767
v -0.107939 0.328321 -0.021332
v -0.105534 0.324693 -0.025767
v -0.104823 0.330760 -0.024135
v 0.024471 0.363260 0.008944
v 0.023174 0.361702 -0.002387
v 0.024147 0.360451 -0.001722
v 0.023174 0.361702 -0.002387
v 0.022202 0.353508 -0.010626
v -0.105858 0.308693 0.025251
v -0.098523 0.312378 0.032529
v -0.099240 0.306505 0.030937
v -0.105858 0.308693 0.025251
v -0.105147 0.314817 0.026883
v -0.098523 0.312378 0.032529
v 0.023243 0.321941 -0.038060
v 0.022202 0.322692 -0.039231
v 0.020906 0.311502 -0.042239
v -0.108394 0.311190 0.020111
v -0.108326 0.311753 0.022448
v -0.105858 0.308693 0.025251
v 0.024147 0.329634 -0.030282
v 0.022202 0.322692 -0.039231
v 0.023243 0.321941 -0.038060
v -0.099757 0.302252 0.026633
v -0.105858 0.308693 0.025251
v -0.099240 0.306505 0.030937
v -0.108195 0.326007 -0.021958
v -0.106057 0.320196 -0.021292
v -0.105534 0.324693 -0.025767
v 0.024471 0.332506 -0.019661
v 0.023174 0.330948 -0.030953
v 0.024147 0.329634 -0.030282
v 0.023174 0.330948 -0.030953
v 0.022202 0.322692 -0.039231
v 0.024147 0.360451 -0.001722
v 0.022202 0.353508 -0.010626
v 0.023243 0.352696 -0.009500
v -0.104823 0.330760 -0.024135
v -0.105534 0.324693 -0.025767
v -0.098523 0.325507 -0.031407
v -0.107871 0.328946 -0.019030
v -0.104823 0.330760 -0.024135
v -0.104624 0.332449 -0.017989
v -0.108064 0.314129 0.023079
v -0.107871 0.315818 0.021362
v -0.104624 0.319258 0.022408
v -0.108064 0.314129 0.023079
v -0.104624 0.319258 0.022408
v -0.105147 0.314817 0.026883
v -0.108064 0.358075 0.011287
v -0.105858 0.352639 0.013419
v -0.108326 0.355760 0.010656
v -0.108064 0.314129 0.023079
v -0.105147 0.314817 0.026883
v -0.105858 0.308693 0.025251
v -0.098523 0.312378 0.032529
v -0.097875 0.318195 0.030937
v -0.089892 0.311320 0.036503
v -0.098523 0.312378 0.032529
v -0.098523 0.325507 -0.031407
v -0.105534 0.324693 -0.025767
v -0.099240 0.319695 -0.029821
v 0.022009 0.311377 -0.040903
v 0.020906 0.311502 -0.042239
v 0.019541 0.300256 -0.039231
v 0.019541 0.300256 -0.039231
v 0.020775 0.300813 -0.038060
v 0.019865 0.293063 -0.030282
v 0.019865 0.293063 -0.008994
v 0.023243 0.308756 0.039176
v 0.023174 0.317757 0.032068
v 0.024147 0.316506 0.031397
v 0.023174 0.317757 0.032068
v 0.023499 0.320759 0.020737
v -0.090802 0.303503 0.034365
v -0.098523 0.312378 0.032529
v -0.089892 0.311320 0.036503
v -0.090802 0.303503 0.034365
v -0.099240 0.306505 0.030937
v -0.098523 0.312378 0.032529
v 0.024147 0.329634 -0.008994
v 0.023499 0.333944 -0.019661
v 0.024471 0.332506 -0.019661
v 0.023499 0.333944 -0.019661
v 0.023174 0.330948 -0.030953
v 0.022009 0.298192 -0.000505
v 0.020906 0.298317 -0.001847
v 0.019541 0.287127 0.001166
v 0.020775 0.287628 0.002338
v 0.019865 0.279878 0.031397
v 0.020775 0.287628 0.039176
v 0.022009 0.298192 -0.000505
v 0.022009 0.298192 0.042018
v 0.023243 0.308756 0.002338
v 0.024147 0.316506 0.010116
v 0.023243 0.308756 0.039176
v 0.024147 0.316506 0.010116
v 0.024147 0.316506 0.031397
v 0.022009 0.298192 0.042018
v 0.022202 0.309569 0.040347
v 0.020906 0.298317 0.043360
v 0.022202 0.309569 0.040347
v -0.105534 0.324693 -0.025767
v -0.099757 0.315443 -0.025511
v -0.099240 0.319695 -0.029821
v -0.105534 0.324693 -0.025767
v -0.106057 0.320196 -0.021292
v -0.099757 0.315443 -0.025511
v -0.088920 0.332318 -0.033250
v -0.097875 0.331385 -0.029821
v -0.098523 0.325507 -0.031407
v -0.104823 0.330760 -0.024135
v -0.098523 0.325507 -0.031407
v 0.023243 0.308756 0.002338
v 0.020906 0.298317 -0.001847
v 0.022009 0.298192 -0.000505
v 0.022009 0.298192 0.042018
v 0.023243 0.308756 0.039176
v -0.091450 0.297817 0.028640
v -0.099757 0.302252 0.026633
v -0.099240 0.306505 0.030937
v -0.091450 0.297817 0.028640
v -0.090802 0.303503 0.034365
v 0.023243 0.321941 -0.038060
v 0.020906 0.311502 -0.042239
v 0.022009 0.311377 -0.040903
v 0.022009 0.311377 0.001627
v 0.023243 0.321941 -0.001216
v 0.022009 0.311377 -0.040903
v 0.022009 0.311377 0.001627
v 0.020775 0.300813 -0.001216
v 0.019541 0.300256 -0.000045
v 0.020906 0.311502 0.002963
v 0.022009 0.311377 -0.040903
v 0.020775 0.300813 -0.038060
v 0.024147 0.329634 -0.030282
v 0.023243 0.321941 -0.001216
v 0.024147 0.329634 -0.008994
v -0.105147 0.314817 0.026883
v -0.104624 0.319258 0.022408
v -0.097358 0.322442 0.026633
v -0.105147 0.314817 0.026883
v -0.097358 0.322442 0.026633
v -0.097875 0.318195 0.030937
v -0.104624 0.332449 -0.017989
v -0.104823 0.330760 -0.024135
v -0.097358 0.335633 -0.025511
v -0.081586 0.300813 0.037168
v -0.090802 0.303503 0.034365
v -0.089892 0.311320 0.036503
v -0.081586 0.300813 0.037168
v -0.089892 0.311320 0.036503
v -0.080483 0.310257 0.039682
v 0.019865 0.293063 -0.008994
v 0.019541 0.300256 -0.000045
v 0.020775 0.300813 -0.001216
v 0.020906 0.311502 0.002963
v 0.022009 0.311377 0.001627
v 0.022202 0.322692 -0.000045
v 0.023243 0.321941 -0.001216
v 0.024147 0.329634 -0.030282
v 0.023243 0.321941 -0.038060
v -0.097358 0.335633 -0.025511
v -0.104823 0.330760 -0.024135
v -0.097875 0.331385 -0.029821
v -0.088272 0.338009 -0.027518
v -0.097358 0.335633 -0.025511
v 0.024147 0.360451 -0.001722
v 0.023243 0.352696 -0.009500
v 0.023243 0.352696 0.027343
v 0.024147 0.360451 -0.001722
v 0.024147 0.360451 0.019565
v 0.016425 0.308569 0.037464
v 0.012400 0.299318 0.040057
v 0.013571 0.308881 0.037464
v 0.010256 0.310507 0.039551
v 0.023243 0.321941 -0.001216
v 0.023174 0.330948 -0.008329
v 0.024147 0.329634 -0.008994
v 0.023174 0.330948 -0.008329
v 0.023499 0.333944 -0.019661
v 0.019865 0.323880 -0.001722
v 0.019473 0.321003 0.008944
v 0.019865 0.323880 0.019565
v 0.020775 0.331568 -0.009500
v 0.019865 0.323880 -0.001722
v 0.022009 0.342132 -0.012343
v 0.020906 0.342262 -0.013679
v 0.019541 0.331073 -0.010626
v 0.022009 0.342132 -0.012343
v 0.020775 0.331568 -0.009500
v 0.019865 0.323880 0.019565
v 0.020775 0.331568 0.027343
v 0.022009 0.342132 0.030226
v 0.023243 0.352696 -0.009500
v 0.020906 0.342262 0.031522
v 0.022202 0.353508 0.028515
v -0.108064 0.327257 -0.017318
v -0.107871 0.328946 -0.019030
v -0.104624 0.332449 -0.017989
v -0.108064 0.327257 -0.017318
v -0.104624 0.332449 -0.017989
v -0.105147 0.327945 -0.013514
v -0.108195 0.312879 0.018434
v -0.106057 0.307067 0.019105
v -0.105534 0.311502 0.014630
v -0.108195 0.312879 0.018434
v -0.108394 0.311190 0.020111
v -0.106057 0.307067 0.019105
v -0.089892 0.324506 -0.035382
v -0.098523 0.325507 -0.031407
v -0.099240 0.319695 -0.029821
v 0.024147 0.316506 0.031397
v 0.023499 0.320759 0.020737
v 0.024471 0.319320 0.020737
v 0.023499 0.320759 0.020737
v 0.023174 0.317757 0.009445
v -0.089892 0.324506 -0.035382
v -0.099240 0.319695 -0.029821
v -0.090802 0.316693 -0.033250
v -0.080483 0.310257 0.039682
v -0.088920 0.319133 0.034365
v -0.079380 0.319633 0.037168
v -0.108064 0.327257 -0.017318
v -0.105147 0.327945 -0.013514
v -0.105858 0.321879 -0.015140
v -0.108064 0.327257 -0.017318
v -0.108326 0.324943 -0.017944
v -0.108394 0.324318 -0.020286
v -0.105858 0.321879 -0.015140
v -0.089892 0.311320 0.036503
v -0.097875 0.318195 0.030937
v -0.088920 0.319133 0.034365
v -0.097358 0.322442 0.026633
v -0.088272 0.324881 0.028640
v -0.104624 0.332449 -0.017989
v -0.097358 0.335633 -0.025511
v -0.097164 0.337197 -0.019661
v -0.088010 0.340136 -0.019661
v -0.097164 0.337197 -0.019661
v 0.023243 0.321941 -0.001216
v 0.022202 0.322692 -0.000045
v 0.023174 0.330948 -0.008329
v -0.079380 0.332818 -0.036053
v -0.088920 0.332318 -0.033250
v -0.089892 0.324506 -0.035382
v -0.098523 0.325507 -0.031407
v -0.089892 0.324506 -0.035382
v -0.078532 0.339698 -0.029110
v -0.088272 0.338009 -0.027518
v -0.097875 0.331385 -0.029821
v -0.088920 0.332318 -0.033250
v -0.099757 0.315443 -0.025511
v -0.106057 0.320196 -0.021292
v -0.099888 0.313817 -0.019661
v -0.107871 0.315818 0.021362
v -0.104823 0.317631 0.016262
v -0.104624 0.319258 0.022408
v -0.080483 0.323380 -0.038560
v -0.089892 0.324506 -0.035382
v -0.090802 0.316693 -0.033250
v -0.072238 0.298943 0.038590
v -0.081586 0.300813 0.037168
v -0.080483 0.310257 0.039682
v -0.071073 0.309131 0.041353
v -0.051144 0.296441 0.038590
v -0.073148 0.291437 0.031062
v -0.049973 0.306629 0.041353
v -0.051144 0.296441 0.038590
v -0.089892 0.311320 0.036503
v -0.088920 0.319133 0.034365
v 0.007726 0.288941 0.039551
v -0.063084 0.297254 0.039551
v -0.061850 0.308068 0.042479
v -0.097358 0.335633 -0.013765
v -0.104624 0.332449 -0.017989
v -0.097164 0.337197 -0.019661
v -0.090802 0.316693 -0.033250
v -0.099757 0.315443 -0.025511
v -0.091450 0.310940 -0.027518
v -0.069839 0.332506 -0.037474
v -0.079380 0.332818 -0.036053
v -0.080483 0.323380 -0.038560
v -0.089892 0.324506 -0.035382
v -0.080483 0.323380 -0.038560
v -0.090802 0.316693 -0.033250
v -0.099240 0.319695 -0.029821
v -0.099757 0.315443 -0.025511
v -0.071073 0.309131 0.041353
v -0.079380 0.319633 0.037168
v -0.069839 0.319320 0.038590
v -0.080483 0.310257 0.039682
v -0.079380 0.319633 0.037168
v -0.049973 0.306629 0.041353
v -0.072238 0.298943 0.038590
v -0.071073 0.309131 0.041353
v -0.106057 0.320196 -0.021292
v -0.105858 0.321879 -0.015140
v -0.099757 0.315443 -0.013765
v -0.106057 0.320196 -0.021292
v -0.099757 0.315443 -0.013765
v -0.099888 0.313817 -0.019661
v 0.024471 0.319320 0.020737
v 0.023174 0.317757 0.009445
v 0.024147 0.316506 0.010116
v 0.023174 0.317757 0.009445
v 0.022202 0.309569 0.001166
v -0.080483 0.323380 -0.038560
v -0.090802 0.316693 -0.033250
v -0.081586 0.314004 -0.036053
v -0.071073 0.322317 -0.040232
v -0.081586 0.314004 -0.036053
v -0.088920 0.319133 0.034365
v -0.097875 0.318195 0.030937
v -0.097358 0.322442 0.026633
v -0.105147 0.327945 -0.013514
v -0.097358 0.335633 -0.013765
v -0.097875 0.331385 -0.009455
v -0.097358 0.322442 0.026633
v -0.104624 0.319258 0.022408
v -0.097164 0.324005 0.020737
v -0.105147 0.327945 -0.013514
v -0.104624 0.332449 -0.017989
v -0.097358 0.335633 -0.013765
v -0.105534 0.311502 0.014630
v -0.106057 0.307067 0.019105
v -0.099757 0.302252 0.014880
v -0.105534 0.311502 0.014630
v -0.099757 0.302252 0.014880
v -0.099240 0.306505 0.010576
v 0.024147 0.316506 0.010116
v 0.022202 0.309569 0.001166
v 0.023243 0.308756 0.002338
v -0.081586 0.314004 -0.036053
v -0.090802 0.316693 -0.033250
v -0.091450 0.310940 -0.027518
v -0.107939 0.315193 0.019020
v -0.105534 0.311502 0.014630
v -0.104823 0.317631 0.016262
v 0.023243 0.308756 0.002338
v 0.022202 0.309569 0.001166
v 0.020906 0.298317 -0.001847
v -0.060554 0.318820 0.039551
v 0.010256 0.310507 0.039551
v 0.009023 0.299693 0.042479
v 0.012400 0.299318 0.040057
v 0.016425 0.308569 0.037464
v 0.015322 0.299005 0.040057
v 0.014151 0.289379 0.037464
v 0.012400 0.299318 0.040057
v 0.014350 0.315881 0.030397
v 0.017267 0.315567 0.030397
v -0.081586 0.314004 -0.036053
v -0.091450 0.310940 -0.027518
v -0.082365 0.307130 -0.029110
v -0.079380 0.319633 0.037168
v -0.088920 0.319133 0.034365
v -0.088272 0.324881 0.028640
v -0.048739 0.316881 0.038590
v -0.071073 0.309131 0.041353
v -0.069839 0.319320 0.038590
v -0.048739 0.316881 0.038590
v -0.049973 0.306629 0.041353
v -0.071073 0.309131 0.041353
v -0.049973 0.319821 -0.040232
v -0.069839 0.332506 -0.037474
v -0.071073 0.322317 -0.040232
v -0.080483 0.323380 -0.038560
v -0.071073 0.322317 -0.040232
v -0.091450 0.310940 -0.027518
v -0.099757 0.315443 -0.025511
v -0.099888 0.313817 -0.019661
v -0.048739 0.330009 -0.037474
v -0.068992 0.340011 -0.029946
v -0.069839 0.332506 -0.037474
v -0.079380 0.332818 -0.036053
v -0.069839 0.332506 -0.037474
v -0.078532 0.339698 -0.029110
v -0.088920 0.332318 -0.033250
v -0.068992 0.340011 -0.029946
v -0.079380 0.332818 -0.036053
v -0.091450 0.310940 -0.027518
v -0.099888 0.313817 -0.019661
v -0.091712 0.308881 -0.019661
v -0.049973 0.319821 -0.040232
v -0.048739 0.330009 -0.037474
v -0.069839 0.332506 -0.037474
v -0.105858 0.321879 -0.015140
v -0.098523 0.325507 -0.007868
v -0.099240 0.319695 -0.009455
v -0.105858 0.321879 -0.015140
v -0.105147 0.327945 -0.013514
v -0.098523 0.325507 -0.007868
v -0.051144 0.309569 -0.037474
v -0.071073 0.322317 -0.040232
v -0.072238 0.312065 -0.037474
v -0.081586 0.314004 -0.036053
v -0.072238 0.312065 -0.037474
v -0.051144 0.309569 -0.037474
v -0.049973 0.319821 -0.040232
v -0.071073 0.322317 -0.040232
v -0.099757 0.315443 -0.013765
v -0.105858 0.321879 -0.015140
v -0.099240 0.319695 -0.009455
v -0.072238 0.312065 -0.037474
v -0.081586 0.314004 -0.036053
v -0.082365 0.307130 -0.029110
v 0.012400 0.312503 -0.038935
v 0.015322 0.312128 -0.038935
v 0.016425 0.321691 -0.036343
v 0.011297 0.302877 -0.036343
v 0.014151 0.302565 -0.036343
v -0.088272 0.338009 -0.011757
v -0.097358 0.335633 -0.013765
v -0.097164 0.337197 -0.019661
v -0.079380 0.302565 -0.036053
v -0.088920 0.302064 -0.033250
v -0.089892 0.294252 -0.035382
v -0.098523 0.295253 -0.031407
v -0.089892 0.294252 -0.035382
v -0.078532 0.309444 -0.029110
v -0.088272 0.307755 -0.027518
v -0.097875 0.301126 -0.029821
v -0.088920 0.302064 -0.033250
v -0.097358 0.305379 -0.025511
v -0.104823 0.300569 -0.024135
v 0.009023 0.312879 -0.041363
v -0.063084 0.310445 -0.038435
v 0.007726 0.302127 -0.038435
v 0.012400 0.312503 -0.038935
v 0.012400 0.312503 -0.038935
v 0.011297 0.302877 -0.036343
v 0.015322 0.312128 -0.038935
v 0.007726 0.302127 -0.038435
v -0.064062 0.302565 -0.030492
v -0.048739 0.330009 -0.037474
v -0.047897 0.337509 -0.029946
v -0.068992 0.340011 -0.029946
v 0.019473 0.321003 0.008944
v 0.018569 0.322817 0.020236
v 0.019865 0.323880 0.019565
v -0.082365 0.307130 -0.029110
v -0.091712 0.308881 -0.019661
v -0.082689 0.304566 -0.019661
v -0.082365 0.307130 -0.029110
v -0.091450 0.310940 -0.027518
v -0.091712 0.308881 -0.019661
v -0.088272 0.324881 0.028640
v -0.097358 0.322442 0.026633
v -0.097164 0.324005 0.020737
v -0.064062 0.333319 -0.001927
v -0.063084 0.341261 0.027719
v -0.064062 0.333319 0.019776
v -0.052054 0.302127 -0.029946
v -0.051144 0.309569 -0.037474
v -0.072238 0.312065 -0.037474
v -0.082365 0.307130 -0.029110
v -0.073148 0.304566 -0.029946
v -0.104823 0.317631 0.016262
v -0.105534 0.311502 0.014630
v -0.098523 0.312378 0.008984
v -0.104823 0.317631 0.016262
v -0.098523 0.312378 0.008984
v -0.097875 0.318195 0.010576
v -0.098523 0.312378 0.008984
v -0.105534 0.311502 0.014630
v -0.099240 0.306505 0.010576
v -0.052054 0.302127 -0.029946
v -0.072238 0.312065 -0.037474
v -0.073148 0.304566 -0.029946
v -0.091712 0.308881 -0.019661
v -0.099757 0.315443 -0.013765
v -0.091450 0.310940 -0.011757
v -0.059644 0.339885 -0.030492
v 0.011166 0.331568 -0.030492
v 0.011558 0.334444 -0.019661
v 0.014674 0.331630 -0.019661
v 0.014350 0.329071 -0.029275
v 0.014674 0.331630 -0.019661
v 0.017528 0.331260 -0.019661
v -0.091712 0.308881 -0.019661
v -0.099888 0.313817 -0.019661
v -0.099757 0.315443 -0.013765
v -0.047897 0.324381 0.031062
v -0.048739 0.316881 0.038590
v -0.069839 0.319320 0.038590
v -0.088272 0.307755 -0.027518
v -0.097358 0.305379 -0.025511
v -0.097875 0.301126 -0.029821
v -0.098523 0.325507 -0.007868
v -0.105147 0.327945 -0.013514
v -0.097875 0.331385 -0.009455
v -0.089892 0.324506 -0.003894
v -0.098523 0.325507 -0.007868
v -0.063084 0.310445 -0.038435
v -0.061850 0.321197 0.002087
v -0.063084 0.310445 -0.000841
v -0.061850 0.321197 -0.041363
v -0.060554 0.332011 -0.000841
v -0.060554 0.332011 -0.038435
v -0.059644 0.339885 -0.008789
v -0.064062 0.302565 -0.030492
v -0.063084 0.310445 -0.038435
v -0.063084 0.310445 -0.000841
v -0.060554 0.332011 -0.038435
v -0.059644 0.339885 -0.030492
v -0.059644 0.339885 -0.008789
v -0.073148 0.304566 -0.029946
v -0.082365 0.307130 -0.029110
v -0.082689 0.304566 -0.019661
v -0.059644 0.339885 -0.030492
v -0.059320 0.342757 -0.019661
v -0.059644 0.339885 -0.008789
v -0.097358 0.322442 0.014880
v -0.104823 0.317631 0.016262
v -0.097875 0.318195 0.010576
v -0.090802 0.303503 0.007148
v -0.099240 0.306505 0.010576
v -0.099757 0.302252 0.014880
v -0.088920 0.332318 -0.006026
v -0.097875 0.331385 -0.009455
v -0.097358 0.335633 -0.013765
v -0.063084 0.297254 0.001962
v -0.061850 0.308068 0.042479
v -0.063084 0.297254 0.039551
v -0.061850 0.308068 -0.000966
v -0.060554 0.318820 0.039551
v -0.060554 0.318820 0.001962
v -0.060554 0.318820 0.001962
v -0.059644 0.326695 0.031608
v -0.060554 0.318820 0.039551
v -0.059644 0.326695 0.009905
v -0.059644 0.326695 0.009905
v -0.059320 0.329634 0.020737
v -0.059644 0.326695 0.031608
v -0.082689 0.304566 -0.019661
v -0.091450 0.310940 -0.011757
v -0.082365 0.307130 -0.010165
v -0.091712 0.308881 -0.019661
v -0.091450 0.310940 -0.011757
v -0.078276 0.329009 0.020737
v -0.088272 0.324881 0.012873
v -0.078532 0.326507 0.011287
v -0.088010 0.326945 0.020737
v -0.088272 0.324881 0.012873
v -0.068668 0.329571 0.020737
v -0.047897 0.324381 0.010451
v -0.068992 0.326820 0.010451
v -0.097358 0.322442 0.014880
v -0.104624 0.319258 0.022408
v -0.104823 0.317631 0.016262
v -0.104624 0.319258 0.022408
v -0.097164 0.324005 0.020737
v -0.088272 0.324881 0.028640
v -0.097164 0.324005 0.020737
v -0.078532 0.326507 0.030226
v -0.078276 0.329009 0.020737
v -0.068992 0.326820 0.031062
v -0.047573 0.327070 0.020737
v -0.068668 0.329571 0.020737
v -0.078276 0.329009 0.020737
v -0.079380 0.319633 0.037168
v -0.078532 0.326507 0.030226
v -0.069839 0.319320 0.038590
v -0.079380 0.319633 0.037168
v -0.047897 0.324381 0.031062
v -0.068992 0.326820 0.031062
v -0.069839 0.319320 0.038590
v -0.078532 0.326507 0.030226
v -0.060554 0.301751 -0.038435
v -0.059644 0.309632 -0.030492
v -0.059644 0.309632 -0.008789
v -0.059644 0.309632 -0.030492
v -0.059320 0.312503 -0.019661
v -0.059644 0.309632 -0.008789
v -0.091450 0.280685 -0.011757
v -0.099757 0.285189 -0.013765
v -0.099240 0.289442 -0.009455
v -0.099240 0.289442 -0.009455
v -0.090802 0.286439 -0.006026
v -0.098523 0.295253 -0.007868
v -0.089892 0.294252 -0.003894
v -0.097875 0.301126 -0.009455
v -0.088920 0.302064 -0.006026
v -0.097358 0.305379 -0.013765
v -0.088272 0.307755 -0.011757
v -0.063084 0.280185 -0.038435
v -0.061850 0.290937 0.002087
v -0.063084 0.280185 -0.000841
v -0.061850 0.290937 -0.041363
v -0.060554 0.301751 -0.000841
v -0.060554 0.301751 -0.038435
v -0.059644 0.309632 -0.008789
v -0.091450 0.310940 -0.011757
v -0.099757 0.315443 -0.013765
v -0.099240 0.319695 -0.009455
v -0.079380 0.332818 -0.003223
v -0.088920 0.332318 -0.006026
v -0.088272 0.338009 -0.011757
v -0.090802 0.316693 -0.006026
v -0.098523 0.325507 -0.007868
v -0.089892 0.324506 -0.003894
v -0.091450 0.310940 -0.011757
v -0.099240 0.319695 -0.009455
v -0.097875 0.331385 -0.009455
v -0.088920 0.332318 -0.006026
v -0.097358 0.335633 -0.013765
v -0.088272 0.338009 -0.011757
v -0.088010 0.326945 0.020737
v -0.097164 0.324005 0.020737
v -0.097358 0.322442 0.014880
v -0.059320 0.342757 -0.019661
v 0.011558 0.334444 -0.019661
v 0.011166 0.331568 -0.008789
v 0.014350 0.329071 -0.010001
v 0.017267 0.328696 -0.010001
v 0.014674 0.331630 -0.019661
v 0.011558 0.334444 -0.019661
v -0.090802 0.316693 -0.006026
v -0.099240 0.319695 -0.009455
v -0.098523 0.325507 -0.007868
v -0.073472 0.301877 -0.019661
v -0.082365 0.307130 -0.010165
v -0.073148 0.304566 -0.009330
v -0.082689 0.304566 -0.019661
v 0.007726 0.288941 0.001962
v -0.064062 0.289379 0.009905
v 0.006817 0.281061 0.009905
v 0.011297 0.289754 0.004049
v 0.010455 0.282749 0.011116
v 0.011297 0.289754 0.004049
v 0.014151 0.289379 0.004049
v 0.011297 0.289754 0.004049
v 0.015322 0.299005 0.001456
v 0.012400 0.299318 0.001456
v 0.012400 0.299318 0.001456
v 0.016425 0.308569 0.004049
v 0.017267 0.315567 0.011116
v 0.013571 0.308881 0.004049
v 0.007726 0.288941 0.001962
v 0.006817 0.281061 0.009905
v -0.064386 0.286502 0.020737
v 0.006430 0.278127 0.020737
v 0.010455 0.282749 0.011116
v 0.011297 0.302877 -0.002933
v 0.009023 0.312879 0.002087
v 0.012400 0.312503 -0.000340
v 0.014151 0.302565 -0.002933
v -0.089892 0.311320 0.005010
v -0.098523 0.312378 0.008984
v -0.099240 0.306505 0.010576
v -0.082365 0.307130 -0.010165
v -0.091450 0.310940 -0.011757
v -0.090802 0.316693 -0.006026
v -0.089892 0.311320 0.005010
v -0.099240 0.306505 0.010576
v -0.090802 0.303503 0.007148
v -0.048739 0.299756 -0.037474
v -0.068992 0.309757 -0.029946
v -0.069839 0.302252 -0.037474
v -0.079380 0.302565 -0.036053
v -0.069839 0.302252 -0.037474
v -0.078532 0.309444 -0.029110
v -0.088920 0.302064 -0.033250
v -0.068992 0.309757 -0.029946
v -0.079380 0.302565 -0.036053
v -0.047573 0.327070 0.020737
v -0.047897 0.324381 0.031062
v -0.068992 0.326820 0.031062
v -0.082365 0.307130 -0.010165
v -0.090802 0.316693 -0.006026
v -0.081586 0.314004 -0.003223
v -0.089892 0.324506 -0.003894
v -0.080483 0.323380 -0.000716
v -0.081586 0.314004 -0.003223
v -0.090802 0.316693 -0.006026
v -0.089892 0.324506 -0.003894
v -0.088010 0.309882 -0.019661
v -0.097164 0.306943 -0.019661
v -0.097358 0.305379 -0.025511
v -0.088272 0.324881 0.012873
v -0.097358 0.322442 0.014880
v -0.097875 0.318195 0.010576
v 0.016101 0.298880 -0.001847
v 0.020906 0.298317 -0.001847
v 0.017398 0.310132 0.001166
v 0.019541 0.287127 0.001166
v 0.019541 0.287127 0.001166
v 0.014799 0.287628 0.001166
v 0.018569 0.278878 0.009445
v 0.018569 0.278878 0.009445
v 0.013827 0.279440 0.009445
v 0.018245 0.275875 0.020737
v 0.013440 0.276438 0.020737
v 0.013827 0.279440 0.009445
v 0.022202 0.309569 0.001166
v 0.018370 0.318319 0.009445
v 0.023174 0.317757 0.009445
v 0.018762 0.321322 0.020737
v 0.023174 0.317757 0.009445
v 0.023499 0.320759 0.020737
v 0.018370 0.318319 0.032068
v 0.023174 0.317757 0.032068
v 0.017398 0.310132 0.040347
v 0.022202 0.309569 0.040347
v 0.016101 0.298880 0.043360
v 0.020906 0.298317 0.043360
v 0.014799 0.287628 0.040347
v 0.019541 0.287127 0.040347
v 0.013827 0.279440 0.032068
v 0.018569 0.278878 0.032068
v 0.013440 0.276438 0.020737
v 0.018569 0.278878 0.032068
v 0.018245 0.275875 0.020737
v 0.013827 0.279440 0.032068
v 0.014799 0.287628 0.040347
v 0.019541 0.287127 0.040347
v 0.018370 0.318319 0.032068
v 0.023174 0.317757 0.032068
v -0.048739 0.299756 -0.037474
v -0.047897 0.307255 -0.029946
v -0.068992 0.309757 -0.029946
v -0.088920 0.319133 0.007148
v -0.098523 0.312378 0.008984
v -0.089892 0.311320 0.005010
v -0.080483 0.310257 0.001837
v -0.089892 0.311320 0.005010
v -0.090802 0.303503 0.007148
v -0.071073 0.322317 0.000956
v -0.079380 0.332818 -0.003223
v -0.069839 0.332506 -0.001802
v -0.080483 0.323380 -0.000716
v -0.079380 0.332818 -0.003223
v -0.080483 0.323380 -0.000716
v -0.088920 0.332318 -0.006026
v -0.073148 0.304566 -0.009330
v -0.082365 0.307130 -0.010165
v -0.081586 0.314004 -0.003223
v -0.073148 0.304566 -0.009330
v -0.081586 0.314004 -0.003223
v -0.072238 0.312065 -0.001802
v 0.013571 0.308881 0.004049
v 0.009023 0.299693 -0.000966
v 0.012400 0.299318 0.001456
v 0.016425 0.308569 0.004049
v -0.059320 0.329634 0.020737
v 0.011558 0.321259 0.020737
v 0.011166 0.318382 0.031608
v 0.014350 0.315881 0.030397
v 0.014350 0.315881 0.030397
v 0.014674 0.318445 0.020737
v 0.017267 0.315567 0.030397
v 0.014674 0.318445 0.020737
v 0.017528 0.318132 0.020737
v 0.014350 0.315881 0.011116
v 0.017267 0.315567 0.011116
v 0.014350 0.315881 0.011116
v 0.013571 0.308881 0.004049
v 0.010256 0.310507 0.001962
v 0.017528 0.318132 0.020737
v 0.014674 0.318445 0.020737
v 0.011166 0.318382 0.009905
v -0.059644 0.326695 0.009905
v 0.011558 0.321259 0.020737
v 0.014674 0.318445 0.020737
v -0.079380 0.319633 0.004345
v -0.088920 0.319133 0.007148
v -0.089892 0.311320 0.005010
v -0.078532 0.326507 0.011287
v -0.088272 0.324881 0.012873
v -0.097875 0.318195 0.010576
v -0.088920 0.319133 0.007148
v -0.088920 0.319133 0.007148
v -0.098523 0.312378 0.008984
v -0.047897 0.337509 -0.009330
v -0.048739 0.330009 -0.001802
v -0.069839 0.332506 -0.001802
v 0.006430 0.291313 -0.019661
v -0.064062 0.302565 -0.008789
v 0.006817 0.294189 -0.008789
v 0.010194 0.293313 -0.019661
v 0.006817 0.294189 -0.008789
v -0.063084 0.310445 -0.000841
v 0.007726 0.302064 -0.000841
v 0.006817 0.294189 -0.008789
v 0.010455 0.295878 -0.010001
v 0.013372 0.295565 -0.010001
v 0.011297 0.302877 -0.002933
v 0.007726 0.302064 -0.000841
v -0.051144 0.309569 -0.001802
v -0.052054 0.302127 -0.009330
v -0.073148 0.304566 -0.009330
v -0.052054 0.302127 -0.009330
v -0.073472 0.301877 -0.019661
v -0.060554 0.318820 0.039551
v 0.009023 0.299693 0.042479
v -0.061850 0.308068 0.042479
v 0.010256 0.310507 0.039551
v -0.059644 0.326695 0.031608
v 0.011166 0.318382 0.031608
v 0.011166 0.318382 0.031608
v -0.059320 0.329634 0.020737
v 0.011558 0.321259 0.020737
v -0.059644 0.326695 0.009905
v 0.011166 0.318382 0.009905
v -0.060554 0.318820 0.001962
v 0.010256 0.310507 0.001962
v -0.061850 0.308068 -0.000966
v 0.010256 0.310507 0.001962
v 0.014350 0.315881 0.011116
v 0.013571 0.308881 0.037464
v 0.014350 0.315881 0.030397
v 0.016425 0.308569 0.037464
v 0.007726 0.288941 0.039551
v 0.009023 0.299693 0.042479
v 0.011297 0.289754 0.037464
v -0.088272 0.307755 -0.011757
v -0.097358 0.305379 -0.013765
v -0.097164 0.306943 -0.019661
v -0.071073 0.309131 0.000160
v -0.081586 0.300813 0.004345
v -0.072238 0.298943 0.002923
v -0.080483 0.310257 0.001837
v -0.080483 0.310257 0.001837
v -0.090802 0.303503 0.007148
v -0.081586 0.300813 0.004345
v -0.079380 0.319633 0.004345
v -0.089892 0.311320 0.005010
v -0.069839 0.319320 0.002923
v -0.080483 0.310257 0.001837
v 0.010194 0.324131 0.008944
v 0.006817 0.325006 0.019776
v 0.010455 0.326695 0.018559
v 0.013048 0.323818 0.008944
v -0.091450 0.341762 0.001081
v -0.099757 0.346197 0.003048
v -0.099888 0.344633 0.008944
v -0.047897 0.324381 0.010451
v -0.047573 0.327070 0.020737
v -0.068668 0.329571 0.020737
v -0.072238 0.312065 -0.001802
v -0.081586 0.314004 -0.003223
v -0.080483 0.323380 -0.000716
v -0.071073 0.322317 0.000956
v -0.051144 0.309569 -0.001802
v -0.073148 0.304566 -0.009330
v -0.049973 0.319821 0.000956
v -0.051144 0.309569 -0.001802
v -0.089892 0.324506 -0.003894
v -0.088920 0.332318 -0.006026
v -0.048739 0.330009 -0.001802
v -0.071073 0.322317 0.000956
v -0.069839 0.332506 -0.001802
v -0.048739 0.330009 -0.001802
v -0.049973 0.319821 0.000956
v -0.071073 0.322317 0.000956
v 0.007726 0.302064 -0.000841
v -0.063084 0.310445 -0.000841
v -0.061850 0.321197 0.002087
v -0.049973 0.319821 0.000956
v -0.072238 0.312065 -0.001802
v -0.071073 0.322317 0.000956
v -0.047897 0.307255 -0.029946
v -0.068668 0.312503 -0.019661
v -0.068992 0.309757 -0.029946
v -0.078532 0.309444 -0.029110
v -0.078276 0.311940 -0.019661
v -0.088272 0.307755 -0.027518
v -0.088010 0.309882 -0.019661
v -0.088272 0.307755 -0.027518
v -0.097358 0.305379 -0.025511
v -0.088272 0.307755 -0.011757
v -0.097164 0.306943 -0.019661
v -0.078532 0.309444 -0.010165
v -0.078276 0.311940 -0.019661
v -0.068992 0.309757 -0.009330
v -0.047573 0.310007 -0.019661
v -0.068668 0.312503 -0.019661
v -0.078276 0.311940 -0.019661
v -0.079380 0.302565 -0.003223
v -0.078532 0.309444 -0.010165
v -0.069839 0.302252 -0.001802
v -0.079380 0.302565 -0.003223
v -0.047897 0.307255 -0.009330
v -0.068992 0.309757 -0.009330
v -0.069839 0.302252 -0.001802
v -0.078532 0.309444 -0.010165
v -0.079380 0.302565 -0.003223
v -0.088920 0.302064 -0.006026
v -0.088272 0.307755 -0.011757
v 0.013571 0.291813 -0.036343
v 0.017267 0.298505 -0.029275
v 0.014350 0.298817 -0.029275
v 0.010256 0.293439 -0.038435
v 0.017528 0.301063 -0.019661
v 0.014350 0.298817 -0.029275
v 0.017528 0.301063 -0.019661
v 0.014674 0.301376 -0.019661
v 0.011166 0.301313 -0.030492
v -0.059644 0.309632 -0.030492
v 0.011558 0.304191 -0.019661
v 0.014674 0.301376 -0.019661
v 0.017267 0.298505 -0.010001
v 0.014674 0.301376 -0.019661
v 0.014350 0.298817 -0.010001
v 0.014674 0.301376 -0.019661
v 0.011558 0.304191 -0.019661
v 0.016101 0.312065 -0.042239
v 0.020906 0.311502 -0.042239
v 0.017398 0.323255 -0.039231
v 0.019541 0.300256 -0.039231
v 0.014799 0.300813 -0.039231
v 0.018569 0.292063 -0.030953
v 0.013827 0.292626 -0.030953
v 0.018569 0.292063 -0.030953
v 0.018245 0.289004 -0.019661
v 0.013827 0.292626 -0.030953
v 0.013440 0.289567 -0.019661
v 0.022202 0.322692 -0.039231
v 0.018370 0.331511 -0.030953
v 0.023174 0.330948 -0.030953
v 0.018762 0.334507 -0.019661
v 0.023499 0.333944 -0.019661
v 0.018370 0.331511 -0.008329
v 0.018370 0.331511 -0.008329
v 0.023174 0.330948 -0.008329
v 0.017398 0.323255 -0.000045
v 0.022202 0.322692 -0.000045
v 0.016101 0.312065 0.002963
v 0.020906 0.311502 0.002963
v 0.014799 0.300813 -0.000045
v 0.019541 0.300256 -0.000045
v 0.013827 0.292626 -0.008329
v 0.018569 0.292063 -0.008329
v 0.013440 0.289567 -0.019661
v 0.018245 0.289004 -0.019661
v 0.018569 0.292063 -0.008329
v 0.018370 0.331511 -0.030953
v 0.023174 0.330948 -0.030953
v -0.048739 0.316881 0.002923
v -0.068992 0.326820 0.010451
v -0.069839 0.319320 0.002923
v -0.079380 0.319633 0.004345
v -0.069839 0.319320 0.002923
v -0.078532 0.326507 0.011287
v -0.088920 0.319133 0.007148
v -0.068992 0.326820 0.010451
v -0.079380 0.319633 0.004345
v -0.051144 0.296441 0.002923
v -0.071073 0.309131 0.000160
v -0.072238 0.298943 0.002923
v -0.051144 0.296441 0.002923
v -0.049973 0.306629 0.000160
v -0.071073 0.309131 0.000160
v -0.047897 0.307255 -0.029946
v -0.047573 0.310007 -0.019661
v -0.068668 0.312503 -0.019661
v -0.061850 0.308068 -0.000966
v 0.009023 0.299693 -0.000966
v 0.010256 0.310507 0.001962
v 0.009023 0.299693 -0.000966
v -0.063084 0.297254 0.001962
v 0.013571 0.308881 0.004049
v -0.048739 0.316881 0.002923
v -0.047897 0.324381 0.010451
v -0.068992 0.326820 0.010451
v -0.049973 0.306629 0.000160
v -0.069839 0.319320 0.002923
v -0.071073 0.309131 0.000160
v -0.080483 0.310257 0.001837
v -0.071073 0.309131 0.000160
v -0.049973 0.306629 0.000160
v -0.048739 0.316881 0.002923
v -0.069839 0.319320 0.002923
v -0.073148 0.335383 -0.001341
v -0.082365 0.337947 -0.000551
v -0.082689 0.335383 0.008944
v -0.059320 0.312503 -0.019661
v 0.011558 0.304191 -0.019661
v 0.011166 0.301313 -0.008789
v 0.014350 0.298817 -0.010001
v -0.047573 0.310007 -0.019661
v -0.047897 0.307255 -0.009330
v -0.068992 0.309757 -0.009330
v -0.047897 0.307255 -0.009330
v -0.048739 0.299756 -0.001802
v -0.069839 0.302252 -0.001802
v 0.006817 0.325006 -0.001927
v 0.010455 0.326695 -0.000716
v 0.011297 0.333694 -0.007783
v 0.011297 0.333694 -0.007783
v 0.007726 0.332881 -0.009875
v -0.064062 0.333319 -0.001927
v 0.006817 0.325006 -0.001927
v -0.064386 0.330447 0.008944
v 0.010455 0.326695 -0.000716
v 0.006430 0.322135 0.008944
v -0.064386 0.330447 0.008944
v 0.014151 0.333381 -0.007783
v 0.014151 0.333381 -0.007783
v 0.013372 0.326382 -0.000716
v 0.010194 0.324131 0.008944
v 0.013048 0.323818 0.008944
v 0.010455 0.326695 -0.000716
v 0.010194 0.324131 0.008944
v 0.006430 0.322135 0.008944
v -0.052378 0.330197 0.008944
v -0.052054 0.332943 -0.001341
v -0.073148 0.335383 -0.001341
v 0.011297 0.272623 -0.002933
v 0.007726 0.271873 -0.000841
v 0.009023 0.282625 0.002087
v 0.012400 0.282249 -0.000340
v 0.014151 0.272311 -0.002933
v 0.009023 0.282625 0.002087
v -0.061850 0.290937 0.002087
v 0.009023 0.282625 0.002087
v -0.060554 0.301751 -0.000841
v 0.010256 0.293439 -0.000841
v -0.059644 0.309632 -0.008789
v 0.011166 0.301313 -0.008789
v -0.059320 0.312503 -0.019661
v 0.011166 0.301313 -0.008789
v 0.013571 0.291813 -0.002933
v 0.013571 0.291813 -0.002933
v 0.014350 0.298817 -0.010001
v 0.016425 0.291437 -0.002933
v 0.012400 0.282249 -0.000340
v 0.015322 0.281874 -0.000340
v 0.014151 0.272311 -0.002933
v 0.012400 0.282249 -0.000340
v 0.010256 0.293439 -0.000841
v -0.060554 0.301751 -0.000841
v 0.011558 0.304191 -0.019661
v -0.059644 0.309632 -0.030492
v 0.011166 0.301313 -0.030492
v -0.060554 0.301751 -0.038435
v 0.010256 0.293439 -0.038435
v 0.010256 0.293439 -0.038435
v -0.061850 0.290937 -0.041363
v 0.014350 0.298817 -0.029275
v -0.063084 0.280185 -0.000841
v -0.061850 0.290937 0.002087
v 0.014151 0.302565 -0.036343
v 0.014799 0.300813 -0.039231
v 0.015322 0.312128 -0.038935
v 0.015322 0.312128 -0.038935
v 0.016101 0.312065 -0.042239
v 0.016425 0.321691 -0.036343
v 0.016425 0.321691 -0.036343
v 0.017398 0.323255 -0.039231
v 0.015322 0.312128 -0.038935
v 0.014799 0.300813 -0.039231
v 0.016101 0.312065 -0.042239
v 0.016101 0.298880 0.043360
v 0.016425 0.308569 0.037464
v 0.017398 0.310132 0.040347
v 0.016425 0.308569 0.037464
v 0.015322 0.299005 0.040057
v 0.017398 0.323255 -0.039231
v 0.017267 0.328696 -0.029275
v 0.016425 0.321691 -0.036343
v 0.018370 0.331511 -0.030953
v 0.017398 0.323255 -0.039231
v 0.017267 0.328696 -0.029275
v 0.018370 0.331511 -0.030953
v 0.017528 0.331260 -0.019661
v 0.018762 0.334507 -0.019661
v 0.018370 0.318319 0.032068
v 0.016425 0.308569 0.037464
v 0.017267 0.315567 0.030397
v 0.017398 0.310132 0.040347
v 0.018762 0.321322 0.020737
v 0.017267 0.315567 0.030397
v 0.017528 0.318132 0.020737
v 0.018370 0.318319 0.032068
v 0.017267 0.328696 -0.010001
v 0.018370 0.331511 -0.008329
v 0.016425 0.321691 -0.002933
v 0.017398 0.323255 -0.000045
v 0.013440 0.320383 0.008944
v 0.013048 0.323818 0.008944
v 0.013827 0.323380 0.020236
v 0.013372 0.326382 0.018559
v 0.016425 0.321691 -0.002933
v 0.017398 0.323255 -0.000045
v 0.016101 0.312065 0.002963
v 0.016425 0.321691 -0.002933
v 0.015322 0.312128 -0.000340
v 0.014799 0.331630 -0.010626
v 0.014151 0.333381 -0.007783
v 0.013827 0.323380 -0.002387
v 0.014151 0.333381 -0.007783
v 0.013372 0.326382 -0.000716
v 0.013827 0.323380 -0.002387
v 0.013372 0.326382 -0.000716
v 0.013440 0.320383 0.008944
v 0.013048 0.323818 0.008944
v 0.017267 0.315567 0.011116
v 0.018370 0.318319 0.009445
v 0.017528 0.318132 0.020737
v 0.018762 0.321322 0.020737
v 0.017398 0.310132 0.001166
v 0.017267 0.315567 0.011116
v 0.016425 0.308569 0.004049
v 0.018370 0.318319 0.009445
v 0.015322 0.299005 0.001456
v 0.016101 0.298880 -0.001847
v 0.016425 0.308569 0.004049
v 0.016425 0.308569 0.004049
v 0.017398 0.310132 0.001166
v -0.001151 -0.242434 -0.052266
v 0.029757 -0.093910 -0.048309
v -0.065485 -0.116454 -0.048309
v -0.081394 -0.116454 0.048303
v -0.081394 -0.116454 0.041105
v -0.065485 -0.116454 0.048303
v -0.065485 -0.116454 0.048303
v -0.081394 -0.116454 0.041105
v -0.065485 -0.116454 0.041065
v -0.081394 -0.116454 -0.041105
v -0.065485 -0.116454 -0.048309
v -0.065485 -0.116454 -0.041065
v -0.081394 -0.116454 -0.048303
v -0.065485 -0.116454 -0.048309
v -0.081394 -0.116454 -0.041105
v -0.081394 -0.071367 0.048303
v -0.065485 -0.071367 0.048303
v -0.081394 -0.071367 0.041105
v -0.081394 -0.071367 0.041105
v -0.065485 -0.071367 0.048303
v -0.065485 -0.071367 0.041065
v -0.081394 -0.071367 -0.041105
v -0.065485 -0.071367 -0.048309
v -0.081394 -0.071367 -0.048303
v -0.065485 -0.071367 -0.041065
v -0.065485 -0.071367 -0.048309
v -0.081394 -0.071367 -0.041105
v -0.084288 -0.267928 -0.055575
v -0.084777 -0.269782 -0.052266
v -0.077727 -0.269782 -0.055820
v -0.071160 -0.267928 -0.055575
v -0.077727 -0.269782 -0.055820
v -0.070671 -0.269782 -0.052266
v -0.005887 -0.263903 0.052266
v -0.012261 -0.267928 0.055570
v -0.006774 -0.262425 0.055325
v -0.089775 -0.262425 0.055325
v -0.084288 -0.267928 0.055570
v -0.090662 -0.263903 0.052266
v -0.070671 -0.269782 0.052266
v -0.071160 -0.267928 0.055570
v -0.064786 -0.263903 0.052266
v -0.002339 -0.254135 0.052266
v -0.006774 -0.262425 0.055325
v -0.003459 -0.253327 0.055570
v -0.003459 -0.253327 -0.055575
v -0.008582 -0.259428 -0.057423
v -0.006774 -0.262425 -0.055325
v -0.089775 -0.262425 -0.055325
v -0.094210 -0.254135 -0.052266
v -0.090662 -0.263903 -0.052266
v -0.001151 -0.242434 -0.052266
v -0.003459 -0.253327 -0.055575
v -0.002339 -0.254135 -0.052266
v -0.031763 -0.263903 0.052266
v -0.025389 -0.267928 0.055570
v -0.025878 -0.269782 0.052266
v -0.035311 -0.254135 0.052266
v -0.030876 -0.262425 0.055325
v -0.061238 -0.254135 0.052266
v -0.065673 -0.262425 0.055325
v -0.062358 -0.253327 0.055570
v -0.060050 -0.242434 -0.052266
v -0.062358 -0.253327 -0.055575
v -0.061238 -0.254135 -0.052266
v -0.108195 0.295753 -0.021958
v -0.106057 0.290004 -0.021292
v -0.105534 0.294439 -0.025767
v -0.108195 0.295753 -0.021958
v -0.108394 0.294064 -0.020286
v -0.106057 0.290004 -0.021292
v 0.020775 0.287628 0.039176
v 0.020906 0.298317 0.043360
v 0.022009 0.298192 0.042018
v -0.108064 0.314129 0.023079
v -0.105858 0.308693 0.025251
v -0.108326 0.311753 0.022448
v -0.105534 0.294439 -0.025767
v -0.106057 0.290004 -0.021292
v -0.099757 0.285189 -0.025511
v -0.108195 0.295753 -0.021958
v -0.107939 0.298129 -0.021332
v -0.107871 0.298755 -0.019030
v -0.108195 0.295753 -0.021958
v -0.107871 0.298755 -0.019030
v -0.108064 0.297004 -0.017318
v -0.108326 0.294689 -0.017944
v -0.108394 0.294064 -0.020286
v -0.108195 0.295753 -0.021958
v -0.108195 0.326007 -0.021958
v -0.108394 0.324318 -0.020286
v -0.106057 0.320196 -0.021292
v -0.098523 0.295253 -0.031407
v -0.105534 0.294439 -0.025767
v -0.099240 0.289442 -0.029821
v 0.023243 0.308756 0.039176
v 0.022202 0.309569 0.040347
v 0.023174 0.317757 0.032068
v -0.107871 0.328946 -0.019030
v -0.107939 0.328321 -0.021332
v -0.104823 0.330760 -0.024135
v 0.020775 0.300813 -0.038060
v 0.019541 0.300256 -0.039231
v 0.018569 0.292063 -0.030953
v 0.020775 0.300813 -0.038060
v 0.018569 0.292063 -0.030953
v 0.019865 0.293063 -0.030282
v -0.107939 0.298129 -0.021332
v -0.105534 0.294439 -0.025767
v -0.104823 0.300569 -0.024135
v -0.106057 0.307067 0.019105
v -0.105858 0.308693 0.025251
v -0.099757 0.302252 0.026633
v 0.024147 0.299380 -0.030282
v 0.023243 0.291687 -0.001216
v 0.024147 0.299380 -0.008994
v -0.107939 0.359137 0.007227
v -0.108195 0.356824 0.006602
v -0.105534 0.355510 0.002798
v 0.020775 0.287628 0.039176
v 0.019541 0.287127 0.040347
v 0.020906 0.298317 0.043360
v 0.022009 0.298192 -0.000505
v 0.020775 0.287628 0.002338
v 0.020775 0.300813 -0.038060
v 0.019865 0.293063 -0.008994
v 0.020775 0.300813 -0.001216
v -0.089892 0.294252 -0.035382
v -0.099240 0.289442 -0.029821
v -0.090802 0.286439 -0.033250
v -0.089892 0.294252 -0.035382
v -0.098523 0.295253 -0.031407
v -0.099240 0.289442 -0.029821
v -0.104823 0.300569 -0.024135
v -0.105534 0.294439 -0.025767
v -0.098523 0.295253 -0.031407
v -0.108394 0.294064 -0.020286
v -0.108326 0.294689 -0.017944
v -0.105858 0.291625 -0.015140
v -0.108064 0.297004 -0.017318
v -0.105858 0.291625 -0.015140
v -0.108064 0.297004 -0.017318
v -0.105147 0.297692 -0.013514
v 0.014151 0.289379 0.037464
v 0.011297 0.289754 0.037464
v 0.012400 0.299318 0.040057
v 0.013372 0.282375 0.030397
v 0.011297 0.289754 0.037464
v 0.009023 0.299693 0.042479
v 0.024147 0.299380 -0.030282
v 0.022202 0.292438 -0.039231
v 0.023243 0.291687 -0.038060
v -0.108394 0.324318 -0.020286
v -0.105858 0.321879 -0.015140
v -0.106057 0.320196 -0.021292
v -0.082365 0.293939 0.030226
v -0.090802 0.303503 0.034365
v -0.081586 0.300813 0.037168
v -0.082365 0.293939 0.030226
v -0.091450 0.297817 0.028640
v -0.090802 0.303503 0.034365
v 0.024471 0.363260 0.008944
v 0.024147 0.360451 -0.001722
v 0.024147 0.360451 0.019565
v -0.080483 0.293126 -0.038560
v -0.089892 0.294252 -0.035382
v -0.090802 0.286439 -0.033250
v 0.024471 0.302252 -0.019661
v 0.023174 0.300688 -0.030953
v 0.024147 0.299380 -0.030282
v 0.023174 0.300688 -0.030953
v 0.022202 0.292438 -0.039231
v -0.091712 0.295691 0.020737
v -0.099888 0.300688 0.020737
v -0.099757 0.302252 0.026633
v -0.091712 0.295691 0.020737
v -0.091450 0.297817 0.028640
v -0.088920 0.302064 -0.033250
v -0.097875 0.301126 -0.029821
v -0.098523 0.295253 -0.031407
v -0.104823 0.300569 -0.024135
v -0.098523 0.295253 -0.031407
v -0.099757 0.302252 0.014880
v -0.106057 0.307067 0.019105
v -0.099888 0.300688 0.020737
v -0.073148 0.291437 0.031062
v -0.082365 0.293939 0.030226
v -0.081586 0.300813 0.037168
v -0.073148 0.291437 0.031062
v -0.081586 0.300813 0.037168
v -0.072238 0.298943 0.038590
v -0.107871 0.315818 0.021362
v -0.107939 0.315193 0.019020
v -0.104823 0.317631 0.016262
v 0.022009 0.311377 0.001627
v 0.020906 0.311502 0.002963
v 0.022202 0.322692 -0.000045
v -0.082689 0.291437 0.020737
v -0.091712 0.295691 0.020737
v -0.091450 0.297817 0.028640
v -0.091450 0.297817 0.028640
v -0.082365 0.293939 0.030226
v 0.019865 0.323880 0.019565
v 0.018569 0.322817 0.020236
v 0.019541 0.331073 0.028515
v 0.006817 0.281061 0.031608
v -0.064062 0.289379 0.031608
v -0.063084 0.297254 0.039551
v 0.007726 0.288941 0.039551
v 0.006817 0.281061 0.031608
v 0.010455 0.282749 0.030397
v 0.011297 0.289754 0.037464
v 0.013372 0.282375 0.030397
v 0.007726 0.288941 0.039551
v 0.006430 0.278127 0.020737
v 0.006817 0.281061 0.031608
v 0.010194 0.280185 0.020737
v -0.107939 0.315193 0.019020
v -0.108195 0.312879 0.018434
v -0.105534 0.311502 0.014630
v -0.107871 0.298755 -0.019030
v -0.104823 0.300569 -0.024135
v -0.104624 0.302189 -0.017989
v 0.024147 0.299380 -0.008994
v 0.023499 0.303690 -0.019661
v 0.024471 0.302252 -0.019661
v 0.023499 0.303690 -0.019661
v 0.023174 0.300688 -0.030953
v -0.105858 0.291625 -0.015140
v -0.098523 0.295253 -0.007868
v -0.099240 0.289442 -0.009455
v -0.105858 0.291625 -0.015140
v -0.105147 0.297692 -0.013514
v -0.098523 0.295253 -0.007868
v -0.073472 0.288691 0.020737
v -0.082365 0.293939 0.030226
v -0.073148 0.291437 0.031062
v -0.082689 0.291437 0.020737
v -0.082365 0.293939 0.030226
v -0.051144 0.296441 0.038590
v -0.052054 0.288941 0.031062
v -0.073148 0.291437 0.031062
v -0.052054 0.288941 0.031062
v -0.073472 0.288691 0.020737
v 0.023243 0.291687 -0.001216
v 0.023174 0.300688 -0.008329
v 0.024147 0.299380 -0.008994
v 0.023174 0.300688 -0.008329
v 0.023499 0.303690 -0.019661
v -0.091450 0.297817 0.012873
v -0.099888 0.300688 0.020737
v -0.091712 0.295691 0.020737
v -0.091450 0.297817 0.012873
v -0.099757 0.302252 0.014880
v -0.099888 0.300688 0.020737
v 0.010256 0.293439 -0.038435
v -0.061850 0.290937 -0.041363
v 0.009023 0.282625 -0.041363
v 0.013571 0.291813 -0.036343
v 0.009023 0.282625 -0.041363
v -0.063084 0.280185 -0.038435
v -0.069839 0.302252 -0.037474
v -0.079380 0.302565 -0.036053
v -0.080483 0.293126 -0.038560
v -0.089892 0.294252 -0.035382
v -0.080483 0.293126 -0.038560
v -0.108064 0.297004 -0.017318
v -0.104624 0.302189 -0.017989
v -0.105147 0.297692 -0.013514
v 0.009023 0.282625 -0.041363
v 0.012400 0.282249 -0.038935
v 0.013571 0.291813 -0.036343
v 0.016425 0.291437 -0.036343
v 0.017267 0.298505 -0.029275
v 0.013571 0.291813 -0.036343
v -0.108064 0.297004 -0.017318
v -0.107871 0.298755 -0.019030
v -0.104624 0.302189 -0.017989
v -0.082365 0.293939 0.011287
v -0.091450 0.297817 0.012873
v -0.091712 0.295691 0.020737
v -0.082365 0.293939 0.011287
v -0.091712 0.295691 0.020737
v -0.082689 0.291437 0.020737
v 0.020775 0.331568 -0.009500
v 0.018569 0.322817 -0.002387
v 0.019865 0.323880 -0.001722
v -0.104624 0.302189 -0.017989
v -0.104823 0.300569 -0.024135
v -0.097358 0.305379 -0.025511
v -0.097164 0.306943 -0.019661
v 0.020775 0.331568 -0.009500
v 0.019541 0.331073 -0.010626
v 0.018569 0.322817 -0.002387
v -0.049973 0.289561 -0.040232
v -0.069839 0.302252 -0.037474
v -0.071073 0.292063 -0.040232
v -0.080483 0.293126 -0.038560
v -0.071073 0.292063 -0.040232
v -0.049973 0.289561 -0.040232
v -0.048739 0.299756 -0.037474
v -0.069839 0.302252 -0.037474
v -0.082365 0.276876 -0.010165
v -0.090802 0.286439 -0.006026
v -0.081586 0.283750 -0.003223
v -0.089892 0.294252 -0.003894
v -0.080483 0.293126 -0.000716
v -0.073148 0.291437 0.010451
v -0.082365 0.293939 0.011287
v -0.082689 0.291437 0.020737
v -0.064062 0.302565 -0.030492
v -0.063084 0.310445 -0.000841
v -0.064062 0.302565 -0.008789
v 0.006817 0.294189 -0.008789
v 0.010455 0.295878 -0.010001
v 0.010194 0.293313 -0.019661
v 0.013048 0.293001 -0.019661
v -0.090802 0.303503 0.007148
v -0.099757 0.302252 0.014880
v -0.091450 0.297817 0.012873
v -0.073148 0.304566 -0.029946
v -0.082689 0.304566 -0.019661
v -0.073472 0.301877 -0.019661
v -0.090802 0.286439 -0.006026
v -0.099240 0.289442 -0.009455
v -0.098523 0.295253 -0.007868
v -0.064062 0.289379 0.009905
v -0.063084 0.297254 0.039551
v -0.064062 0.289379 0.031608
v -0.064062 0.289379 0.009905
v -0.063084 0.297254 0.001962
v -0.063084 0.297254 0.039551
v 0.007726 0.302127 -0.038435
v -0.064062 0.302565 -0.030492
v 0.006817 0.294189 -0.030492
v 0.011297 0.302877 -0.036343
v 0.010455 0.295878 -0.029275
v 0.011297 0.302877 -0.036343
v 0.014151 0.302565 -0.036343
v 0.013372 0.295565 -0.029275
v 0.014151 0.302565 -0.036343
v 0.010194 0.293313 -0.019661
v 0.013048 0.293001 -0.019661
v 0.010194 0.293313 -0.019661
v 0.010455 0.295878 -0.029275
v 0.006430 0.291313 -0.019661
v 0.006817 0.294189 -0.030492
v -0.064386 0.299631 -0.019661
v 0.006430 0.291313 -0.019661
v 0.010455 0.295878 -0.029275
v -0.064386 0.299631 -0.019661
v -0.105147 0.297692 -0.013514
v -0.097358 0.305379 -0.013765
v -0.097875 0.301126 -0.009455
v -0.105147 0.297692 -0.013514
v -0.104624 0.302189 -0.017989
v -0.097358 0.305379 -0.013765
v -0.081586 0.300813 0.004345
v -0.090802 0.303503 0.007148
v -0.091450 0.297817 0.012873
v -0.052378 0.299380 -0.019661
v -0.073148 0.304566 -0.029946
v -0.073472 0.301877 -0.019661
v -0.052378 0.299380 -0.019661
v -0.052054 0.302127 -0.029946
v -0.073148 0.304566 -0.029946
v -0.097358 0.305379 -0.013765
v -0.104624 0.302189 -0.017989
v -0.097164 0.306943 -0.019661
v -0.098523 0.295253 -0.007868
v -0.105147 0.297692 -0.013514
v -0.097875 0.301126 -0.009455
v -0.089892 0.294252 -0.003894
v -0.098523 0.295253 -0.007868
v -0.081586 0.300813 0.004345
v -0.091450 0.297817 0.012873
v -0.082365 0.293939 0.011287
v -0.072238 0.298943 0.002923
v -0.082365 0.293939 0.011287
v -0.072238 0.281811 -0.001802
v -0.081586 0.283750 -0.003223
v -0.080483 0.293126 -0.000716
v -0.071073 0.292063 0.000956
v -0.051144 0.279378 -0.001802
v -0.073148 0.274312 -0.009330
v -0.049973 0.289561 0.000956
v -0.051144 0.279378 -0.001802
v -0.089892 0.294252 -0.003894
v -0.088920 0.302064 -0.006026
v -0.052378 0.286189 0.020737
v -0.073148 0.291437 0.010451
v -0.073472 0.288691 0.020737
v -0.052054 0.288941 0.010451
v -0.072238 0.298943 0.002923
v -0.051144 0.296441 0.002923
v -0.072238 0.298943 0.002923
v -0.082365 0.293939 0.011287
v -0.073148 0.291437 0.010451
v 0.006430 0.291313 -0.019661
v -0.064386 0.299631 -0.019661
v -0.064062 0.302565 -0.008789
v -0.052054 0.302127 -0.009330
v -0.052378 0.299380 -0.019661
v -0.073472 0.301877 -0.019661
v 0.010455 0.295878 -0.010001
v 0.013372 0.295565 -0.010001
v 0.013048 0.293001 -0.019661
v 0.011297 0.302877 -0.002933
v 0.014151 0.302565 -0.002933
v -0.088920 0.302064 -0.006026
v -0.097875 0.301126 -0.009455
v -0.097358 0.305379 -0.013765
v -0.063084 0.297254 0.001962
v 0.007726 0.288941 0.001962
v 0.009023 0.299693 -0.000966
v 0.007726 0.288941 0.001962
v -0.064062 0.289379 0.009905
v 0.012400 0.299318 0.001456
v 0.014350 0.298817 -0.010001
v 0.017267 0.298505 -0.010001
v 0.016425 0.291437 -0.002933
v 0.013571 0.291813 -0.002933
v 0.012400 0.282249 -0.000340
v 0.010256 0.293439 -0.000841
v -0.071073 0.292063 0.000956
v -0.079380 0.302565 -0.003223
v -0.069839 0.302252 -0.001802
v -0.080483 0.293126 -0.000716
v -0.079380 0.302565 -0.003223
v -0.080483 0.293126 -0.000716
v -0.088920 0.302064 -0.006026
v -0.048739 0.299756 -0.001802
v -0.071073 0.292063 0.000956
v -0.069839 0.302252 -0.001802
v -0.048739 0.299756 -0.001802
v -0.049973 0.289561 0.000956
v -0.071073 0.292063 0.000956
v 0.020906 0.281249 -0.042239
v 0.017398 0.293001 -0.039231
v 0.016101 0.281811 -0.042239
v 0.019541 0.270002 -0.039231
v 0.022202 0.292438 -0.039231
v 0.018370 0.301257 -0.030953
v 0.023174 0.300688 -0.030953
v 0.018762 0.304253 -0.019661
v 0.023499 0.303690 -0.019661
v 0.018370 0.301257 -0.008329
v 0.018370 0.301257 -0.008329
v 0.023174 0.300688 -0.008329
v 0.017398 0.293001 -0.000045
v 0.022202 0.292438 -0.000045
v 0.016101 0.281811 0.002963
v 0.020906 0.281249 0.002963
v 0.014799 0.270559 -0.000045
v 0.019541 0.270002 -0.000045
v 0.013827 0.262371 -0.008329
v 0.018569 0.261809 -0.008329
v 0.013440 0.259370 -0.019661
v 0.018245 0.258812 -0.019661
v 0.018569 0.261809 -0.008329
v 0.013827 0.262371 -0.008329
v 0.023174 0.300688 -0.030953
v 0.018370 0.301257 -0.030953
v 0.014799 0.270559 -0.039231
v 0.018569 0.261809 -0.030953
v 0.013827 0.262371 -0.030953
v 0.018245 0.258812 -0.019661
v 0.013440 0.259370 -0.019661
v 0.013827 0.262371 -0.030953
v 0.016101 0.298880 0.043360
v 0.014151 0.289379 0.037464
v 0.015322 0.299005 0.040057
v 0.014799 0.287628 0.040347
v 0.014151 0.289379 0.037464
v 0.013372 0.295565 -0.029275
v 0.013827 0.292626 -0.030953
v 0.014151 0.302565 -0.036343
v 0.013827 0.292626 -0.030953
v 0.014799 0.300813 -0.039231
v 0.013440 0.289567 -0.019661
v 0.013372 0.295565 -0.029275
v 0.013048 0.293001 -0.019661
v 0.013827 0.292626 -0.030953
v 0.013372 0.295565 -0.029275
v 0.018762 0.334507 -0.019661
v 0.017267 0.328696 -0.010001
v 0.017528 0.331260 -0.019661
v 0.018370 0.331511 -0.008329
v 0.013372 0.295565 -0.010001
v 0.014799 0.300813 -0.000045
v 0.013827 0.292626 -0.008329
v 0.015322 0.312128 -0.000340
v 0.016101 0.312065 0.002963
v 0.014151 0.302565 -0.002933
v 0.014799 0.300813 -0.000045
v 0.014151 0.302565 -0.002933
v 0.017398 0.293001 -0.039231
v 0.017267 0.298505 -0.029275
v 0.016425 0.291437 -0.036343
v 0.018370 0.301257 -0.030953
v 0.017267 0.298505 -0.029275
v 0.014151 0.289379 0.004049
v 0.014799 0.287628 0.001166
v 0.015322 0.299005 0.001456
v 0.016101 0.298880 -0.001847
v 0.014799 0.287628 0.001166
v 0.018762 0.304253 -0.019661
v 0.017267 0.298505 -0.010001
v 0.017528 0.301063 -0.019661
v 0.018370 0.301257 -0.008329
v 0.017267 0.298505 -0.010001
v 0.018370 0.301257 -0.008329
v 0.016425 0.291437 -0.002933
v 0.017398 0.293001 -0.000045
v -0.108326 0.324943 -0.017944
v -0.108195 0.326007 -0.021958
v -0.108064 0.327257 -0.017318
v -0.108326 0.311753 0.022448
v -0.108195 0.312879 0.018434
v -0.108064 0.314129 0.023079
v 0.024471 0.319320 0.020737
v 0.024147 0.316506 0.010116
v 0.024147 0.316506 0.031397
v 0.024471 0.332506 -0.019661
v 0.024147 0.329634 -0.030282
v 0.024147 0.329634 -0.008994
v 0.019865 0.323880 -0.001722
v 0.018245 0.319821 0.008944
v 0.019473 0.321003 0.008944
v 0.018569 0.322817 0.020236
v 0.019865 0.323880 -0.001722
v 0.018569 0.322817 -0.002387
v 0.018245 0.319821 0.008944
v 0.018370 0.362265 0.020236
v 0.017267 0.359513 0.018559
v 0.018762 0.365324 0.008944
v -0.108394 0.311190 0.020111
v -0.105858 0.308693 0.025251
v -0.106057 0.307067 0.019105
v -0.108394 0.355135 0.008313
v -0.105858 0.352639 0.013419
v -0.106057 0.351013 0.007273
v -0.106057 0.307067 0.019105
v -0.099757 0.302252 0.026633
v -0.099888 0.300688 0.020737
v -0.107871 0.298755 -0.019030
v -0.107939 0.298129 -0.021332
v -0.104823 0.300569 -0.024135
v -0.064386 0.299631 -0.019661
v -0.064062 0.302565 -0.030492
v -0.064062 0.302565 -0.008789
v 0.014799 0.300813 -0.000045
v 0.013372 0.295565 -0.010001
v 0.014151 0.302565 -0.002933
v 0.018370 0.301257 -0.030953
v 0.017528 0.301063 -0.019661
v 0.017267 0.298505 -0.029275
v 0.018762 0.304253 -0.019661
v 0.017528 0.301063 -0.019661
v -0.105534 0.294439 -0.025767
v -0.099757 0.285189 -0.025511
v -0.099240 0.289442 -0.029821
v -0.108326 0.294689 -0.017944
v -0.108195 0.295753 -0.021958
v -0.108064 0.297004 -0.017318
v -0.108394 0.294064 -0.020286
v -0.105858 0.291625 -0.015140
v -0.106057 0.290004 -0.021292
v -0.107939 0.298129 -0.021332
v -0.108195 0.295753 -0.021958
v -0.105534 0.294439 -0.025767
v 0.024471 0.302252 -0.019661
v 0.024147 0.299380 -0.030282
v 0.024147 0.299380 -0.008994
v 0.019865 0.293063 -0.030282
v 0.018569 0.292063 -0.030953
v 0.018245 0.289004 -0.019661
v 0.019473 0.290192 -0.019661
v 0.018569 0.292063 -0.008329
v 0.019865 0.293063 -0.008994
v -0.080483 0.293126 -0.038560
v -0.090802 0.286439 -0.033250
v -0.081586 0.283750 -0.036053
v -0.071073 0.292063 -0.040232
v -0.081586 0.283750 -0.036053
v 0.019865 0.293063 -0.008994
v 0.018569 0.292063 -0.008329
v 0.019541 0.300256 -0.000045
v -0.051144 0.279378 -0.037474
v -0.071073 0.292063 -0.040232
v -0.072238 0.281811 -0.037474
v -0.081586 0.283750 -0.036053
v -0.072238 0.281811 -0.037474
v -0.051144 0.279378 -0.037474
v -0.049973 0.289561 -0.040232
v -0.071073 0.292063 -0.040232
v -0.073148 0.291437 0.010451
v -0.082689 0.291437 0.020737
v -0.073472 0.288691 0.020737
v -0.081586 0.283750 -0.003223
v -0.090802 0.286439 -0.006026
v -0.089892 0.294252 -0.003894
v -0.049973 0.289561 0.000956
v -0.072238 0.281811 -0.001802
v -0.071073 0.292063 0.000956
v 0.015322 0.281874 -0.038935
v 0.016101 0.281811 -0.042239
v 0.016425 0.291437 -0.036343
v 0.017398 0.293001 -0.039231
v 0.016425 0.291437 -0.036343
v 0.013372 0.295565 -0.010001
v 0.013827 0.292626 -0.008329
v 0.013048 0.293001 -0.019661
v 0.013827 0.292626 -0.008329
v 0.013440 0.289567 -0.019661
v 0.020775 0.270559 -0.038060
v 0.019541 0.270002 -0.039231
v 0.018569 0.261809 -0.030953
v 0.019865 0.279878 0.031397
v 0.018569 0.278878 0.032068
v 0.019541 0.287127 0.040347
v 0.023243 0.291687 -0.038060
v 0.022202 0.292438 -0.039231
v 0.020906 0.281249 -0.042239
v 0.019865 0.279878 0.010116
v 0.018245 0.275875 0.020737
v 0.019473 0.277064 0.020737
v 0.018569 0.278878 0.032068
v 0.022009 0.281123 -0.040903
v 0.020906 0.281249 -0.042239
v 0.019541 0.270002 -0.039231
v 0.020775 0.270559 -0.038060
v 0.019865 0.262809 -0.030282
v 0.019865 0.262809 -0.008994
v 0.010194 0.263060 -0.019661
v 0.013048 0.262747 -0.019661
v 0.013372 0.265311 -0.029275
v 0.014151 0.272311 -0.036343
v 0.010455 0.265624 -0.029275
v 0.010194 0.263060 -0.019661
v 0.010455 0.265624 -0.029275
v 0.006430 0.261059 -0.019661
v 0.014151 0.272311 -0.036343
v 0.011297 0.272623 -0.036343
v 0.006817 0.263935 -0.030492
v 0.011297 0.272623 -0.036343
v 0.007726 0.271873 -0.038435
v -0.064062 0.272311 -0.030492
v 0.006817 0.263935 -0.030492
v -0.064386 0.269371 -0.019661
v 0.010455 0.265624 -0.029275
v 0.006430 0.261059 -0.019661
v -0.064386 0.269371 -0.019661
v 0.020775 0.287628 0.002338
v 0.019541 0.287127 0.001166
v 0.018569 0.278878 0.009445
v 0.020775 0.287628 0.002338
v 0.018569 0.278878 0.009445
v 0.019865 0.279878 0.010116
v 0.022009 0.281123 0.001627
v 0.020906 0.281249 0.002963
v 0.022202 0.292438 -0.000045
v 0.010194 0.280185 0.020737
v 0.013048 0.279816 0.020737
v 0.013372 0.282375 0.011116
v 0.013827 0.262371 -0.030953
v 0.014151 0.272311 -0.036343
v 0.013372 0.265311 -0.029275
v 0.014799 0.270559 -0.039231
v 0.013827 0.262371 -0.030953
v 0.014151 0.272311 -0.036343
v 0.014799 0.270559 -0.039231
v 0.015322 0.281874 -0.038935
v 0.012400 0.282249 -0.038935
v 0.015322 0.281874 -0.038935
v 0.016425 0.291437 -0.036343
v 0.011297 0.272623 -0.036343
v 0.014151 0.272311 -0.036343
v 0.019865 0.262809 -0.008994
v 0.019541 0.270002 -0.000045
v 0.020775 0.270559 -0.001216
v 0.020906 0.281249 0.002963
v 0.022009 0.281123 0.001627
v 0.022202 0.292438 -0.000045
v 0.023243 0.291687 -0.001216
v 0.024147 0.299380 -0.030282
v 0.023243 0.291687 -0.038060
v -0.090802 0.286439 -0.033250
v -0.099757 0.285189 -0.025511
v -0.091450 0.280685 -0.027518
v -0.090802 0.286439 -0.033250
v -0.099240 0.289442 -0.029821
v -0.099757 0.285189 -0.025511
v -0.091450 0.280685 -0.027518
v -0.099888 0.283625 -0.019661
v -0.091712 0.278628 -0.019661
v -0.099757 0.285189 -0.025511
v -0.106057 0.290004 -0.021292
v -0.099888 0.283625 -0.019661
v -0.106057 0.290004 -0.021292
v -0.099757 0.285189 -0.013765
v -0.099888 0.283625 -0.019661
v -0.106057 0.290004 -0.021292
v -0.105858 0.291625 -0.015140
v -0.099757 0.285189 -0.013765
v -0.091450 0.280685 -0.027518
v -0.099757 0.285189 -0.025511
v -0.099888 0.283625 -0.019661
v -0.091712 0.278628 -0.019661
v -0.099888 0.283625 -0.019661
v -0.099757 0.285189 -0.013765
v -0.091712 0.278628 -0.019661
v -0.091450 0.280685 -0.011757
v -0.099757 0.285189 -0.013765
v -0.105858 0.291625 -0.015140
v -0.099240 0.289442 -0.009455
v -0.082365 0.276876 -0.010165
v -0.091450 0.280685 -0.011757
v -0.090802 0.286439 -0.006026
v -0.073148 0.274312 -0.009330
v -0.082365 0.276876 -0.010165
v -0.081586 0.283750 -0.003223
v 0.019865 0.279878 0.031397
v 0.019541 0.287127 0.040347
v 0.020775 0.287628 0.039176
v 0.019473 0.277064 0.020737
v 0.018569 0.278878 0.032068
v 0.019865 0.279878 0.031397
v 0.020775 0.287628 0.002338
v 0.019865 0.279878 0.010116
v 0.019865 0.279878 0.031397
v 0.010194 0.280185 0.020737
v 0.006817 0.281061 0.031608
v 0.010455 0.282749 0.030397
v 0.013048 0.279816 0.020737
v 0.006430 0.278127 0.020737
v 0.010194 0.280185 0.020737
v 0.010455 0.282749 0.011116
v 0.013372 0.282375 0.011116
v 0.010455 0.282749 0.030397
v 0.013372 0.282375 0.030397
v 0.013048 0.279816 0.020737
v -0.073148 0.274312 -0.009330
v -0.081586 0.283750 -0.003223
v -0.072238 0.281811 -0.001802
v -0.064386 0.286502 0.020737
v -0.064062 0.289379 0.009905
v -0.064062 0.289379 0.031608
v 0.023243 0.291687 -0.038060
v 0.020906 0.281249 -0.042239
v 0.022009 0.281123 -0.040903
v 0.022009 0.281123 0.001627
v 0.023243 0.291687 -0.001216
v 0.022009 0.281123 -0.040903
v 0.022009 0.281123 0.001627
v 0.020775 0.270559 -0.001216
v 0.019541 0.270002 -0.000045
v 0.020906 0.281249 0.002963
v 0.022009 0.281123 -0.040903
v 0.020775 0.270559 -0.038060
v 0.006430 0.278127 0.020737
v -0.064386 0.286502 0.020737
v -0.064062 0.289379 0.031608
v -0.052054 0.288941 0.031062
v -0.052378 0.286189 0.020737
v -0.073472 0.288691 0.020737
v -0.052378 0.286189 0.020737
v -0.052054 0.288941 0.010451
v -0.073148 0.291437 0.010451
v 0.014151 0.289379 0.004049
v 0.010455 0.282749 0.011116
v 0.013372 0.282375 0.011116
v 0.014799 0.287628 0.040347
v 0.013372 0.282375 0.030397
v 0.014151 0.289379 0.037464
v 0.013827 0.279440 0.032068
v 0.013372 0.282375 0.030397
v 0.014799 0.287628 0.040347
v 0.013372 0.282375 0.030397
v 0.013827 0.279440 0.032068
v 0.013048 0.279816 0.020737
v 0.013440 0.276438 0.020737
v -0.081586 0.283750 -0.036053
v -0.090802 0.286439 -0.033250
v -0.091450 0.280685 -0.027518
v -0.081586 0.283750 -0.036053
v -0.091450 0.280685 -0.027518
v -0.082365 0.276876 -0.029110
v 0.019865 0.293063 -0.030282
v 0.019473 0.290192 -0.019661
v 0.019865 0.293063 -0.008994
v -0.072238 0.281811 -0.037474
v -0.081586 0.283750 -0.036053
v -0.082365 0.276876 -0.029110
v 0.019865 0.293063 -0.030282
v 0.018245 0.289004 -0.019661
v 0.019473 0.290192 -0.019661
v 0.018569 0.292063 -0.008329
v -0.052054 0.271873 -0.029946
v -0.072238 0.281811 -0.037474
v -0.073148 0.274312 -0.029946
v -0.051144 0.279378 -0.037474
v -0.072238 0.281811 -0.037474
v -0.082365 0.276876 -0.029110
v -0.073148 0.274312 -0.029946
v 0.007726 0.271873 -0.038435
v 0.012400 0.282249 -0.038935
v 0.009023 0.282625 -0.041363
v -0.063084 0.280185 -0.038435
v 0.012400 0.282249 -0.038935
v 0.011297 0.272623 -0.036343
v 0.015322 0.281874 -0.038935
v 0.007726 0.271873 -0.038435
v -0.064062 0.272311 -0.030492
v -0.064062 0.272311 -0.030492
v -0.063084 0.280185 -0.038435
v -0.063084 0.280185 -0.000841
v 0.015322 0.281874 -0.038935
v 0.014799 0.270559 -0.039231
v 0.016101 0.281811 -0.042239
v 0.023243 0.291687 -0.001216
v 0.022202 0.292438 -0.000045
v 0.023174 0.300688 -0.008329
v 0.013827 0.279440 0.009445
v 0.014151 0.289379 0.004049
v 0.013372 0.282375 0.011116
v 0.014799 0.287628 0.001166
v 0.013827 0.279440 0.009445
v 0.016101 0.281811 0.002963
v 0.016425 0.291437 -0.002933
v 0.017398 0.293001 -0.000045
v 0.015322 0.281874 -0.000340
v 0.016425 0.291437 -0.002933
vn -0.0000 -0.0157 0.9999
vn -0.0393 -0.0236 0.9989
vn -0.2277 -0.0000 0.9737
vn -0.0157 -0.0236 0.9996
vn -0.0001 -0.0157 0.9999
vn -0.1182 0.0079 0.9930
vn -0.3537 -0.0000 0.9354
vn 0.0393 -0.0157 0.9991
vn 0.0157 -0.0236 0.9996
vn 0.1260 -0.0000 0.9920
vn -0.8247 -0.0000 0.5655
vn -0.9992 -0.0000 0.0394
vn -0.7263 -0.6867 0.0316
vn -0.7811 -0.6232 -0.0394
vn -0.0866 -0.9925 -0.0866
vn -0.0788 -0.9938 0.0788
vn -0.0000 -0.9969 -0.0785
vn -0.0000 -0.9969 0.0785
vn 0.0002 -0.9969 -0.0784
vn -0.0315 -0.0000 -0.9995
vn -0.0000 -0.0000 -1.0000
vn -0.0000 -0.9969 -0.0784
vn 0.3389 -0.9382 -0.0709
vn 0.3389 -0.9382 0.0709
vn -0.0315 -0.0000 0.9995
vn -0.0000 -0.9969 0.0784
vn -0.0000 -0.0000 1.0000
vn 0.0001 -0.9969 0.0784
vn -0.0631 -0.1024 0.9927
vn -0.0001 -0.0158 0.9999
vn -0.0000 -0.6625 0.7491
vn 0.0157 -0.0237 0.9996
vn 0.0158 -0.0236 -0.9996
vn 0.0001 -0.0158 -0.9999
vn -0.0000 -0.6625 -0.7491
vn -0.0630 -0.1024 -0.9927
vn 0.0235 -0.0213 0.9995
vn 0.3720 -0.5857 0.7201
vn 0.0001 -0.6625 0.7491
vn 0.0158 -0.0236 0.9996
vn 0.3720 -0.5857 -0.7201
vn 0.0157 -0.0236 -0.9996
vn 0.0001 -0.6625 -0.7491
vn 0.0393 -0.0158 -0.9991
vn 0.3720 -0.5856 -0.7202
vn -0.3719 -0.5857 0.7201
vn -0.0001 -0.6625 0.7491
vn 0.0790 -0.1343 0.9878
vn 0.0001 -0.6624 0.7491
vn 0.6694 -0.3938 -0.6300
vn -0.3720 -0.5857 0.7201
vn -0.0630 -0.1024 0.9927
vn -0.0000 -0.6624 0.7491
vn -0.3719 -0.5856 0.7202
vn -0.0000 -0.6623 0.7492
vn -0.0000 -0.3068 0.9518
vn 0.3719 -0.5856 0.7202
vn -0.0158 -0.0236 0.9996
vn -0.3720 -0.5857 0.7202
vn 0.3719 -0.5856 -0.7203
vn -0.0000 -0.6623 -0.7492
vn -0.0000 -0.3068 -0.9518
vn -0.3719 -0.5856 -0.7203
vn -0.0157 -0.0236 -0.9996
vn 0.0790 -0.1343 -0.9878
vn -0.3720 -0.5857 -0.7201
vn -0.0158 -0.0236 -0.9996
vn -0.0393 -0.0236 -0.9989
vn -0.6694 -0.3938 -0.6300
vn -0.3720 -0.5856 -0.7202
vn -0.0394 -0.0236 -0.9989
vn 0.3719 -0.5856 0.7203
vn 0.2363 -0.2836 0.9294
vn 0.0001 -0.3068 0.9518
vn 0.6693 -0.3938 0.6301
vn 0.2363 -0.2836 -0.9294
vn 0.0001 -0.3068 -0.9518
vn 0.6693 -0.3937 -0.6301
vn 0.0790 -0.0553 -0.9953
vn -0.6693 -0.3937 0.6301
vn -0.2363 -0.2836 0.9294
vn -0.0001 -0.3069 0.9518
vn -0.2364 -0.2836 -0.9294
vn -0.6693 -0.3937 -0.6301
vn -0.2362 -0.2836 -0.9294
vn -0.0001 -0.3069 -0.9518
vn -0.3719 -0.5856 -0.7202
vn 0.7945 -0.1731 -0.5820
vn 0.1260 -0.0001 -0.9920
vn 0.6694 -0.3938 -0.6299
vn 0.0394 -0.0158 0.9991
vn 0.1260 -0.0001 0.9920
vn 0.6694 -0.3937 0.6299
vn 0.6693 -0.3937 0.6301
vn 0.0790 -0.0553 0.9953
vn 0.6694 -0.3938 0.6300
vn 0.3720 -0.5856 -0.7201
vn 0.7944 -0.1731 0.5822
vn 0.4316 -0.2354 0.8708
vn -0.6694 -0.3938 0.6300
vn -0.0628 -0.0393 0.9973
vn -0.2363 -0.2836 -0.9294
vn -0.0001 -0.3068 -0.9518
vn -0.0629 -0.0392 -0.9973
vn -0.3719 -0.5857 -0.7201
vn -0.0001 -0.6624 -0.7491
vn -0.0631 -0.1024 -0.9927
vn -0.0628 -0.0393 -0.9973
vn -0.6695 -0.3937 -0.6299
vn -0.0629 -0.0392 -0.9972
vn -0.0948 -0.0237 -0.9952
vn 0.4499 -0.1263 0.8841
vn 0.1889 -0.1102 0.9758
vn 0.4314 -0.2353 0.8709
vn 0.4499 -0.1263 -0.8841
vn 0.4314 -0.2354 -0.8709
vn 0.1890 -0.1102 -0.9758
vn 0.2363 -0.2835 0.9294
vn 0.0001 -0.1105 0.9939
vn 0.4500 -0.1263 0.8840
vn 0.4314 -0.2353 -0.8709
vn 0.2363 -0.2835 -0.9294
vn 0.1889 -0.1102 -0.9758
vn 0.4500 -0.1264 -0.8840
vn 0.7944 -0.1731 -0.5822
vn 0.4316 -0.2354 -0.8708
vn 0.0001 -0.1105 -0.9939
vn -0.4500 -0.1264 0.8840
vn -0.7944 -0.1731 0.5822
vn -0.4316 -0.2354 0.8708
vn -0.4316 -0.2353 0.8708
vn -0.4315 -0.2353 0.8709
vn -0.2363 -0.2835 0.9294
vn -0.1889 -0.1102 0.9758
vn -0.0001 -0.1105 0.9939
vn -0.4315 -0.2354 0.8708
vn -0.2364 -0.2836 0.9294
vn -0.7945 -0.1731 0.5820
vn -0.6694 -0.3938 0.6299
vn -0.7945 -0.1731 -0.5820
vn -0.6694 -0.3937 -0.6300
vn -0.2290 0.0031 -0.9734
vn -0.4316 -0.2354 -0.8708
vn -0.7944 -0.1731 -0.5822
vn -0.4500 -0.1263 -0.8840
vn -0.2363 -0.2835 -0.9294
vn -0.4314 -0.2353 -0.8709
vn -0.1889 -0.1102 -0.9758
vn -0.0001 -0.1105 -0.9939
vn -0.4315 -0.2355 -0.8708
vn -0.0394 -0.0236 0.9989
vn -0.6694 -0.3937 0.6299
vn 0.2362 -0.2835 -0.9294
vn -0.0000 -0.3067 -0.9518
vn -0.0000 -0.1104 -0.9939
vn -0.2362 -0.2835 -0.9294
vn 0.4315 -0.2355 -0.8708
vn 0.2364 -0.2836 -0.9294
vn 0.0394 -0.0157 -0.9991
vn 0.6695 -0.3937 -0.6299
vn -0.0000 -0.0550 -0.9985
vn 0.1888 -0.1101 -0.9758
vn -0.1888 -0.1101 -0.9758
vn 0.8116 -0.1024 0.5751
vn 0.7944 -0.1730 0.5822
vn 0.0394 0.0157 0.9991
vn 0.8116 -0.1024 -0.5751
vn 0.7944 -0.1730 -0.5822
vn 0.4500 -0.1263 -0.8840
vn 0.0394 0.0157 -0.9991
vn 1.0000 -0.0000 -0.0000
vn 0.3391 -0.9381 0.0710
vn 0.3391 -0.9381 -0.0709
vn 0.9654 -0.1883 -0.1804
vn 0.9654 -0.1883 0.1805
vn -0.2362 -0.2835 0.9294
vn -0.0000 -0.3067 0.9518
vn -0.0000 -0.1105 0.9939
vn 0.2362 -0.2835 0.9294
vn 0.4315 -0.2354 0.8708
vn 0.2364 -0.2836 0.9294
vn -0.0000 -0.1104 0.9939
vn -0.0000 -0.0550 0.9985
vn -0.1888 -0.1102 0.9758
vn 0.1888 -0.1101 0.9758
vn 0.8115 -0.1024 0.5753
vn 0.4553 -0.0785 0.8869
vn 0.4498 -0.1263 0.8841
vn 0.4552 -0.0785 0.8869
vn 0.1807 -0.0628 0.9815
vn 0.1807 -0.0628 -0.9815
vn 0.4551 -0.0785 -0.8870
vn 0.4553 -0.0785 -0.8869
vn 0.8115 -0.1024 -0.5753
vn 0.7945 -0.1730 0.5820
vn 0.1261 -0.0000 0.9920
vn 0.1890 -0.1102 0.9758
vn 0.4315 -0.2354 0.8709
vn 0.4499 -0.1264 -0.8841
vn -0.4314 -0.2353 0.8709
vn -0.6693 -0.3938 -0.6301
vn -0.1888 -0.1102 -0.9758
vn -0.2364 -0.2835 -0.9294
vn -0.4315 -0.2353 -0.8709
vn 0.4315 -0.2353 0.8709
vn -0.7262 -0.6868 0.0315
vn -0.9989 -0.0000 0.0472
vn -0.7810 -0.6233 -0.0394
vn -0.9989 -0.0000 -0.0472
vn -0.7072 -0.0000 -0.7070
vn -0.7072 -0.0000 0.7070
vn -0.0787 -0.9938 0.0789
vn -0.7072 -0.0000 -0.7071
vn 0.4316 -0.2353 -0.8708
vn 0.1805 -0.0628 0.9816
vn 0.1889 -0.1101 0.9758
vn 0.1805 -0.0628 -0.9816
vn 0.1889 -0.1101 -0.9758
vn -0.7944 -0.1730 0.5822
vn -0.8116 -0.1024 0.5752
vn -0.0948 0.0394 0.9947
vn -0.4500 -0.1263 0.8840
vn -0.1807 -0.0628 0.9815
vn -0.4552 -0.0785 0.8869
vn -0.0948 0.0395 -0.9947
vn -0.8116 -0.1024 -0.5752
vn -0.7944 -0.1730 -0.5822
vn -0.4500 -0.1263 -0.8841
vn -0.4552 -0.0785 -0.8869
vn -0.1807 -0.0628 -0.9815
vn -0.4499 -0.1263 0.8841
vn -0.1889 -0.1101 0.9758
vn -0.1889 -0.1101 -0.9758
vn -0.4499 -0.1263 -0.8841
vn -0.7070 -0.0000 -0.7072
vn -0.0865 -0.9925 -0.0866
vn -0.0789 -0.9938 0.0788
vn -0.0315 -0.0001 0.9995
vn -0.7070 -0.0000 0.7072
vn -0.7070 0.0001 0.7072
vn -0.0787 -0.9938 0.0788
vn -0.0315 0.0002 0.9995
vn -0.7070 -0.0001 -0.7072
vn -0.1890 -0.1102 0.9758
vn -0.0000 -0.0551 0.9985
vn 0.1888 -0.1102 0.9758
vn 0.6693 -0.3937 0.6300
vn 0.1104 -0.0238 0.9936
vn 0.0079 0.0315 0.9995
vn 0.1103 -0.0236 0.9936
vn -0.0079 0.0315 0.9995
vn 0.1104 -0.0236 -0.9936
vn 0.0791 -0.0552 -0.9953
vn 0.0079 0.0315 -0.9995
vn -0.0079 0.0315 -0.9995
vn 0.1103 -0.0236 -0.9936
vn 0.1888 -0.1102 -0.9758
vn -0.0000 -0.0551 -0.9985
vn -0.1805 -0.0628 0.9816
vn -0.1888 -0.1101 0.9758
vn -0.7261 -0.6868 0.0316
vn -0.7810 -0.6233 -0.0395
vn -0.1806 -0.0628 -0.9816
vn 0.1105 -0.0238 -0.9936
vn -0.4500 -0.1264 -0.8840
vn -0.1890 -0.1102 -0.9758
vn -0.9985 0.0392 -0.0393
vn -0.9985 0.0392 0.0393
vn -0.0079 0.9997 0.0236
vn -0.0079 0.9997 -0.0236
vn -0.9985 0.0393 -0.0393
vn -0.9992 -0.0000 -0.0393
vn -0.9985 0.0393 0.0393
vn -0.9992 -0.0000 0.0393
vn -0.2277 0.0001 0.9737
vn -0.0948 0.0395 0.9947
vn -0.1183 0.0079 0.9929
vn -0.7945 -0.1730 0.5820
vn -0.1183 0.0079 -0.9930
vn -0.2277 -0.0000 -0.9737
vn 0.4552 -0.0785 -0.8869
vn -0.1805 -0.0628 -0.9816
vn 0.1260 -0.0000 -0.9920
vn 0.0393 0.0157 -0.9991
vn -0.9992 -0.0000 0.0395
vn -0.3537 -0.0000 0.9353
vn 0.0315 0.0236 0.9992
vn 0.0236 -0.0079 0.9997
vn 0.0236 -0.0079 -0.9997
vn 0.0315 0.0236 -0.9992
vn 0.0002 -0.0000 -1.0000
vn -0.1182 0.0079 -0.9930
vn -0.3537 -0.0000 -0.9354
vn -0.8247 -0.0000 -0.5655
vn -0.9992 0.0001 -0.0394
vn -0.9992 -0.0000 -0.0395
vn 0.0158 -0.0000 -0.9999
vn 0.3389 -0.9381 -0.0708
vn 0.3390 -0.9381 -0.0708
vn -0.0001 -0.9969 0.0784
vn 0.3390 -0.9381 0.0708
vn 0.0155 -0.0000 0.9999
vn 0.0161 -0.0000 0.9999
vn 0.0789 -0.0553 0.9953
vn -0.0628 -0.0392 0.9973
vn -0.0947 -0.0237 0.9952
vn -0.0630 -0.1024 0.9928
vn -0.0630 -0.1023 0.9928
vn -0.0947 -0.0237 -0.9952
vn -0.0628 -0.0392 -0.9973
vn 0.0789 -0.0553 -0.9953
vn -0.0630 -0.1024 -0.9928
vn -0.0000 -0.0157 -0.9999
vn -0.0630 -0.1023 -0.9928
vn 0.1103 -0.0237 0.9936
vn -0.0948 -0.0237 0.9952
vn -0.0080 0.0315 0.9995
vn -0.8116 -0.1024 0.5751
vn -0.0079 0.0314 0.9995
vn -0.0949 -0.0237 -0.9952
vn -0.0080 0.0314 -0.9995
vn -0.0080 0.0315 -0.9995
vn -0.8116 -0.1024 -0.5751
vn -0.8248 -0.0000 -0.5655
vn -0.9992 -0.0001 -0.0394
vn -0.9992 -0.0000 -0.0394
vn -0.0000 -0.0158 -0.9999
vn 0.0393 -0.0157 -0.9991
vn -0.4553 -0.0785 0.8869
vn -0.8115 -0.1024 0.5752
vn -0.4498 -0.1263 0.8841
vn 0.1259 -0.0000 0.9920
vn 0.0001 0.0079 1.0000
vn 0.0393 0.0157 0.9991
vn -0.0236 0.0314 0.9992
vn 0.0079 0.0314 0.9995
vn 0.0314 0.0236 0.9992
vn -0.8115 -0.1024 -0.5753
vn -0.4553 -0.0785 -0.8869
vn -0.4551 -0.0785 -0.8870
vn -0.0236 0.0315 -0.9992
vn -0.0079 0.0314 -0.9995
vn 0.0001 0.0079 -1.0000
vn -0.0000 0.0079 1.0000
vn -0.0236 0.0315 0.9992
vn -0.0948 -0.0238 0.9952
vn -0.9992 0.0001 0.0394
vn 0.0236 0.0079 0.9997
vn 0.0315 -0.0078 0.9995
vn 0.9439 -0.3303 -0.0000
vn -0.0079 0.0236 0.9997
vn 0.0315 -0.0079 0.9995
vn -0.0079 -0.0000 1.0000
vn -0.9439 -0.3303 -0.0000
vn -0.9439 0.3303 -0.0000
vn -0.0235 0.0315 0.9992
vn 0.0235 0.0079 0.9997
vn 0.9439 0.3303 -0.0000
vn 0.0235 -0.0078 0.9997
vn 0.0314 0.0237 0.9992
vn -0.1183 0.0079 0.9930
vn -0.0947 0.0395 0.9947
vn 0.4500 -0.1263 -0.8841
vn -0.8115 -0.1024 0.5753
vn 0.1105 -0.0237 0.9936
vn 0.0315 0.0157 -0.9994
vn 0.0236 0.0472 -0.9986
vn -0.1885 -0.0000 -0.9821
vn 0.1960 -0.0000 -0.9806
vn 0.0157 0.0079 -0.9998
vn -0.0001 -0.0000 -1.0000
vn 0.0315 -0.0000 -0.9995
vn 0.2049 0.1339 -0.9696
vn 0.2517 -0.0000 -0.9678
vn 0.0785 -0.1255 -0.9890
vn 0.0393 0.0079 -0.9992
vn 0.0236 -0.0000 -0.9997
vn 0.2049 -0.1340 -0.9696
vn 0.0236 -0.0000 0.9997
vn 0.0158 -0.0157 0.9998
vn 0.2517 -0.0000 0.9678
vn 0.2049 -0.1339 0.9696
vn 0.0472 0.0157 0.9988
vn -0.0001 -0.0000 1.0000
vn 0.0236 0.0472 0.9986
vn -0.1885 -0.0000 0.9821
vn 0.2049 0.1339 0.9696
vn 0.1961 -0.0000 0.9806
vn 0.9876 -0.1184 0.1026
vn 0.9610 -0.0945 -0.2598
vn 0.9992 -0.0000 0.0394
vn 0.9992 -0.0000 -0.0394
vn 0.7847 -0.0000 -0.6199
vn 0.7300 -0.0313 -0.6828
vn 0.9610 -0.0945 -0.2600
vn 0.2519 -0.0000 -0.9678
vn 0.7846 -0.0000 -0.6200
vn 0.7298 -0.0314 -0.6829
vn 0.3147 -0.1572 -0.9361
vn 0.7847 -0.0000 0.6199
vn 0.2519 -0.0000 0.9678
vn 0.3147 -0.1573 0.9361
vn 0.7556 -0.0472 0.6534
vn 0.7557 -0.0472 0.6533
vn 0.9876 -0.1185 0.1028
vn -1.0000 -0.0000 -0.0000
vn -0.0000 1.0000 -0.0000
vn -0.0000 1.0000 -0.0001
vn -0.0000 1.0000 0.0001
vn 0.0550 0.9985 -0.0000
vn 0.3068 0.9518 -0.0000
vn -0.0472 0.9989 -0.0000
vn -0.0392 0.8398 0.5415
vn -0.0000 0.8730 0.4876
vn -0.0000 0.8730 -0.4876
vn -0.0392 0.8398 -0.5415
vn -0.1804 0.9654 0.1883
vn -0.1805 0.9654 -0.1883
vn -0.4488 0.8270 -0.3386
vn -0.2361 0.9364 -0.2597
vn -0.2683 0.0395 0.9625
vn -0.8078 0.0391 0.5882
vn -0.9985 0.0393 0.0392
vn -0.4489 0.8269 -0.3387
vn -0.6305 0.7093 -0.3152
vn -0.4490 0.8269 -0.3386
vn -0.0078 0.0236 0.9997
vn -0.7088 0.7010 -0.0788
vn -0.0393 0.3533 0.9347
vn -0.6305 0.7093 0.3151
vn -0.7088 0.7010 0.0788
vn -0.0393 0.3534 -0.9346
vn -0.0392 0.3535 0.9346
vn -0.0394 0.5507 0.8338
vn -0.0394 0.3534 -0.9347
vn -0.7088 0.7009 0.0788
vn -0.0395 0.5506 -0.8338
vn -0.7491 0.6624 -0.0000
vn -0.0392 0.8397 0.5416
vn -0.7088 0.7010 -0.0787
vn -0.0395 0.5506 0.8338
vn -0.0394 0.5506 -0.8338
vn -0.7088 0.7010 0.0787
vn -0.0394 0.5507 -0.8338
vn -0.0393 0.5507 0.8338
vn -0.0000 0.5272 0.8497
vn -0.0000 0.5272 -0.8497
vn -0.0393 0.5507 -0.8338
vn -0.0392 0.8397 -0.5416
vn -0.6305 0.7093 -0.3153
vn -0.0078 0.0236 -0.9997
vn -0.6305 0.7093 0.3152
vn -0.0394 0.3535 -0.9346
vn -0.0471 0.9989 -0.0001
vn -0.7492 0.6624 -0.0000
vn -0.0471 0.9989 -0.0000
vn -0.0393 0.8397 -0.5416
vn -0.0000 0.8730 0.4877
vn -0.0000 0.3633 0.9317
vn -0.0000 0.5271 0.8498
vn -0.0393 0.5506 0.8338
vn -0.0000 0.0237 0.9997
vn -0.0000 0.3631 0.9317
vn -0.0392 0.3534 0.9347
vn -0.0000 0.8730 -0.4877
vn -0.0000 0.5271 -0.8498
vn -0.0000 0.3633 -0.9317
vn -0.0393 0.5506 -0.8339
vn -0.0000 0.3631 -0.9317
vn -0.0000 0.0237 -0.9997
vn -0.0392 0.3534 -0.9347
vn -0.0393 0.3535 0.9346
vn -0.0392 0.3535 -0.9346
vn -0.0393 0.5506 -0.8338
vn -0.8078 0.0392 0.5881
vn -0.3538 -0.0000 0.9353
vn -0.9985 0.0393 0.0394
vn -0.8077 0.0392 0.5882
vn -0.3536 -0.0001 0.9354
vn -0.0079 0.0237 0.9997
vn -0.0000 0.0236 0.9997
vn -0.0079 -0.0000 -1.0000
vn -0.0079 0.0236 -0.9997
vn -0.0000 0.0236 -0.9997
vn -0.0079 0.0237 -0.9997
vn 0.7743 0.0316 -0.6320
vn 0.9924 0.0945 -0.0789
vn 0.7816 -0.0000 -0.6237
vn 0.9648 0.1176 0.2352
vn 0.9924 0.0944 -0.0787
vn 0.7226 -0.0000 -0.6912
vn 0.7816 -0.0000 0.6237
vn 0.7227 -0.0000 0.6912
vn 0.1962 -0.0000 0.9806
vn 0.7556 0.0472 0.6534
vn 0.3147 0.1573 0.9361
vn 0.9648 0.1176 0.2354
vn 0.7557 0.0472 0.6533
vn 0.1962 -0.0000 -0.9806
vn 0.7742 0.0316 -0.6321
vn 0.3147 0.1573 -0.9361
vn -0.0000 -0.3233 -0.9463
vn -0.0157 -0.4503 -0.8927
vn -0.0079 -0.2592 -0.9658
vn -0.0000 -0.4722 -0.8815
vn -0.0394 -0.2755 -0.9605
vn -0.0000 0.1182 0.9930
vn -0.0078 -0.0785 0.9969
vn -0.0000 0.1181 0.9930
vn -0.0000 -0.0785 0.9969
vn -0.0079 -0.4876 0.8730
vn -0.0079 -0.3163 0.9486
vn -0.0000 -0.5122 0.8588
vn -0.0158 -0.6236 0.7815
vn -0.0158 -0.5121 0.8588
vn -0.0158 -0.4660 0.8846
vn -0.0000 -0.3233 0.9463
vn -0.0079 -0.2592 0.9658
vn -0.0393 -0.2756 0.9605
vn -0.0000 -0.0785 -0.9969
vn -0.0078 -0.0785 -0.9969
vn -0.0000 0.1182 -0.9930
vn -0.0079 -0.4876 -0.8730
vn -0.0079 -0.3162 -0.9486
vn -0.0000 -0.5123 -0.8588
vn -0.0158 -0.6236 -0.7815
vn -0.0236 -0.5973 -0.8017
vn -0.0157 -0.4815 -0.8763
vn -0.9034 0.2043 0.3771
vn -0.7098 0.2603 0.6545
vn -0.6557 0.7347 0.1739
vn -0.8718 0.4792 0.1020
vn -0.6557 0.7347 0.1737
vn -0.6766 0.5586 -0.4798
vn -0.9455 -0.1733 0.2757
vn -0.9263 0.0079 -0.3767
vn -0.9583 -0.2670 -0.1021
vn -0.9034 0.2043 0.3770
vn -0.8718 0.4790 0.1021
vn -0.8835 0.3786 -0.2760
vn -0.9034 0.2042 0.3770
vn -0.7098 0.2604 0.6546
vn -0.4342 0.7893 0.4342
vn -0.4669 0.4906 0.7358
vn 0.9394 0.0869 0.3316
vn 0.9534 0.2286 0.1970
vn 0.8253 0.4637 0.3223
vn 0.8381 0.5456 0.0001
vn 0.8253 0.4638 0.3222
vn -0.6557 0.7348 0.1737
vn -0.4317 0.8005 -0.4159
vn -0.6765 0.5586 -0.4798
vn 0.9612 0.2758 -0.0000
vn 0.8253 0.4638 -0.3222
vn 0.8381 0.5455 -0.0001
vn -0.4342 0.7894 0.4341
vn -0.4186 0.9081 -0.0078
vn -0.6557 0.7348 0.1738
vn -0.2681 0.8437 0.4651
vn -0.4185 0.9082 -0.0078
vn -0.4341 0.7894 0.4340
vn -0.4186 0.9081 -0.0080
vn -0.4317 0.8005 -0.4158
vn -0.2518 0.9678 -0.0001
vn -0.4316 0.8005 -0.4158
vn -0.4185 0.9082 -0.0080
vn -0.3081 0.5057 0.8058
vn -0.4341 0.7893 0.4342
vn -0.4668 0.4906 0.7358
vn 0.9127 -0.1101 0.3935
vn 0.9394 0.0868 0.3317
vn 0.8027 0.2281 0.5510
vn 0.4026 0.9154 -0.0000
vn 0.4162 0.7776 0.4712
vn 0.4346 0.9006 -0.0000
vn 0.1101 0.8571 0.5032
vn -0.1883 0.5100 0.8393
vn -0.2680 0.8436 0.4653
vn -0.8834 0.3786 -0.2761
vn -0.6766 0.5585 -0.4799
vn -0.7502 -0.0868 -0.6554
vn -0.4317 0.8004 -0.4160
vn -0.4649 0.4728 -0.7485
vn -0.6765 0.5586 -0.4799
vn -0.9034 0.2042 0.3771
vn -0.7852 -0.3925 0.4790
vn -0.7098 0.2602 0.6546
vn -0.5207 0.0553 0.8519
vn -0.4669 0.4905 0.7359
vn -0.7097 0.2603 0.6546
vn -0.3628 0.0474 0.9307
vn -0.4668 0.4905 0.7359
vn -0.5206 0.0553 0.8520
vn -0.1259 0.9920 -0.0001
vn -0.1421 0.8605 -0.4893
vn -0.2680 0.8437 -0.4651
vn 0.0315 0.9995 -0.0001
vn -0.1260 0.9920 -0.0001
vn -0.2681 0.8437 -0.4651
vn 0.1023 0.8579 -0.5036
vn 0.0158 0.8677 -0.4968
vn -0.4316 0.8005 -0.4159
vn -0.1412 0.8625 0.4860
vn -0.1260 0.9920 0.0001
vn -0.2518 0.9678 0.0001
vn -0.1412 0.8624 0.4862
vn -0.2681 0.8436 0.4653
vn -0.0236 0.5028 0.8641
vn -0.1411 0.8624 0.4862
vn -0.1882 0.5100 0.8393
vn 0.1023 0.8578 0.5037
vn 0.0158 0.8676 0.4970
vn -0.0235 0.5028 0.8641
vn 0.0157 0.8677 0.4968
vn -0.1259 0.9920 0.0001
vn -0.1411 0.8625 0.4860
vn 0.1182 0.9930 0.0001
vn 0.0315 0.9995 0.0001
vn 0.0158 0.8677 0.4969
vn -0.2681 0.8436 -0.4652
vn -0.4648 0.4728 -0.7486
vn -0.4316 0.8004 -0.4160
vn -0.3081 0.5057 -0.8058
vn -0.1421 0.8603 -0.4895
vn -0.2681 0.8436 -0.4653
vn -0.3082 0.5056 -0.8059
vn -0.3628 0.0474 -0.9307
vn -0.5201 0.0710 -0.8512
vn -0.1807 0.5106 -0.8406
vn -0.3081 0.5056 -0.8059
vn -0.2443 0.0314 -0.9692
vn -0.4187 -0.4186 -0.8059
vn -0.3628 0.0472 -0.9307
vn 0.3859 0.7876 0.4803
vn 0.4024 0.9154 0.0001
vn 0.4163 0.7776 0.4712
vn 0.0158 0.8677 0.4968
vn 0.1023 0.8578 0.5036
vn 0.8871 -0.3062 0.3455
vn 0.9127 -0.1102 0.3935
vn 0.7536 -0.0864 0.6516
vn -0.7851 -0.3926 0.4790
vn -0.5651 -0.3531 0.7456
vn -0.5207 0.0551 0.8520
vn -0.5207 0.0552 0.8520
vn 0.7095 -0.4177 0.5676
vn 0.9156 -0.1105 -0.3867
vn 0.8871 -0.3061 0.3454
vn 0.8830 -0.3074 -0.3547
vn 0.9369 0.0866 -0.3387
vn 0.7641 -0.0945 -0.6381
vn 0.7950 0.2361 -0.5589
vn 0.9370 0.0866 -0.3385
vn 0.9395 0.0868 0.3315
vn 0.9128 -0.1102 0.3934
vn 0.9369 0.0866 -0.3386
vn 0.9155 -0.1105 -0.3868
vn 0.1023 0.8578 0.5038
vn 0.0551 0.4963 0.8664
vn 0.4025 0.9154 -0.0001
vn 0.3858 0.7876 -0.4804
vn 0.4346 0.9006 -0.0001
vn 0.4345 0.9007 -0.0001
vn 0.4163 0.7776 -0.4712
vn 0.3860 0.7876 -0.4804
vn 0.1337 0.9910 -0.0001
vn -0.5202 0.0710 -0.8511
vn -0.7502 -0.0868 -0.6555
vn -0.4650 0.4727 -0.7486
vn 0.1182 0.9930 -0.0001
vn -0.0863 0.0079 0.9962
vn -0.0236 0.5027 0.8642
vn -0.1882 0.5098 0.8394
vn -0.2442 0.0316 0.9692
vn -0.2443 0.0316 0.9692
vn -0.1883 0.5098 0.8394
vn -0.3081 0.5056 0.8059
vn 0.3398 0.4425 -0.8299
vn -0.0000 0.0001 -1.0000
vn 0.0551 0.4961 -0.8665
vn 0.3859 0.7875 -0.4805
vn 0.0551 0.4963 -0.8664
vn 0.1023 0.8578 -0.5037
vn 0.3398 0.4426 -0.8298
vn 0.4024 0.9155 -0.0001
vn 0.3858 0.7876 0.4804
vn 0.1023 0.8579 0.5036
vn 0.3398 0.4427 0.8298
vn 0.3859 0.7875 0.4805
vn 0.2900 -0.0313 0.9565
vn 0.0551 0.4961 0.8665
vn -0.0000 0.0001 1.0000
vn 0.3398 0.4425 0.8299
vn 0.0551 0.4962 0.8665
vn 0.2901 -0.0313 0.9565
vn 0.3160 -0.0395 0.9479
vn 0.0630 0.4959 0.8661
vn 0.3159 -0.0394 0.9480
vn 0.0630 0.4961 0.8660
vn 0.4163 0.7775 0.4713
vn 0.3710 0.4342 0.8209
vn -0.0551 -0.4962 0.8665
vn -0.0000 -0.0001 1.0000
vn 0.3159 -0.0395 0.9480
vn 0.3399 0.4425 0.8299
vn 0.3160 -0.0394 0.9479
vn 0.3710 0.4340 0.8210
vn 0.1101 0.8570 0.5033
vn 0.4162 0.7776 0.4713
vn 0.4345 0.9007 -0.0000
vn 0.1337 0.9910 0.0001
vn 0.2286 -0.5123 0.8278
vn 0.2900 -0.0314 0.9565
vn 0.2599 -0.5118 0.8189
vn 0.4163 0.7775 -0.4713
vn 0.3399 0.4426 -0.8298
vn 0.4162 0.7776 -0.4713
vn 0.3710 0.4342 -0.8209
vn 0.1105 0.8604 -0.4974
vn 0.3709 0.4342 -0.8209
vn 0.0630 0.4961 -0.8660
vn 0.1105 0.8605 -0.4973
vn 0.3161 -0.0394 -0.9479
vn 0.3709 0.4341 -0.8210
vn 0.0630 0.4959 -0.8661
vn 0.2901 -0.0314 -0.9565
vn 0.2900 -0.0313 -0.9565
vn 0.3710 0.4341 -0.8209
vn 0.2900 -0.0314 -0.9565
vn -0.0551 -0.4962 -0.8665
vn -0.0000 -0.0001 -1.0000
vn 0.2901 -0.0315 -0.9565
vn 0.2286 -0.5124 -0.8278
vn 0.2286 -0.5125 -0.8277
vn -0.1024 -0.8578 -0.5038
vn -0.0551 -0.4963 -0.8664
vn 0.3160 -0.0395 -0.9479
vn 0.2287 -0.5124 -0.8277
vn 0.3159 -0.0395 -0.9480
vn 0.2610 -0.5059 -0.8222
vn 0.2608 -0.5059 -0.8222
vn -0.0551 -0.4961 -0.8665
vn 0.3159 -0.0394 -0.9480
vn -0.4187 -0.4186 0.8059
vn -0.3628 0.0472 0.9307
vn -0.5206 0.0551 0.8520
vn -0.4577 -0.7574 0.4656
vn -0.4188 -0.4188 0.8058
vn -0.5651 -0.3533 0.7456
vn -0.6062 -0.6770 0.4173
vn 0.0157 0.8676 -0.4970
vn -0.1806 0.5107 -0.8405
vn -0.1421 0.8604 -0.4895
vn -0.1421 0.8604 -0.4894
vn -0.1807 0.5107 -0.8405
vn -0.9582 -0.2671 -0.1020
vn -0.7852 -0.3926 0.4789
vn -0.9455 -0.1734 0.2757
vn 0.8753 -0.4416 0.1972
vn 0.8871 -0.3063 0.3454
vn 0.7094 -0.4179 0.5675
vn -0.9262 0.0078 -0.3768
vn -0.8109 -0.5590 -0.1733
vn -0.9582 -0.2671 -0.1022
vn -0.9263 0.0078 -0.3768
vn -0.7502 -0.0869 -0.6554
vn -0.8109 -0.5589 -0.1732
vn -0.5206 0.0552 0.8520
vn -0.5651 -0.3531 0.7457
vn -0.0863 0.0080 0.9962
vn -0.0235 0.5027 0.8642
vn -0.0862 0.0079 0.9962
vn 0.0552 0.4963 -0.8664
vn -0.0235 0.5028 -0.8641
vn 0.0158 0.8676 -0.4970
vn -0.0236 0.5028 -0.8641
vn -0.1807 0.5107 -0.8406
vn 0.1027 0.8612 -0.4979
vn 0.4163 0.7775 -0.4714
vn 0.3698 0.4405 -0.8180
vn 0.1260 0.9920 -0.0001
vn 0.3696 0.4405 -0.8181
vn 0.3697 0.4405 -0.8181
vn 0.2902 -0.0313 -0.9565
vn 0.0551 0.4962 -0.8665
vn 0.3698 0.4404 -0.8181
vn 0.4024 0.9154 -0.0000
vn 0.1027 0.8613 -0.4977
vn 0.1027 0.8613 0.4977
vn 0.3399 0.4427 0.8298
vn 0.1027 0.8612 0.4978
vn 0.3231 -0.0315 0.9458
vn 0.3232 -0.0315 0.9458
vn 0.2923 -0.0315 0.9558
vn 0.3232 -0.0314 0.9458
vn 0.1105 0.8604 0.4974
vn 0.1105 0.8605 0.4973
vn 0.1260 0.9920 0.0001
vn 0.2922 -0.0315 0.9558
vn 0.2286 -0.5124 0.8278
vn 0.2922 -0.0317 0.9558
vn 0.2599 -0.5117 0.8189
vn -0.6063 -0.6770 0.4173
vn -0.5651 -0.3533 0.7455
vn -0.5201 0.0710 -0.8511
vn -0.4649 0.4727 -0.7486
vn -0.0551 -0.4961 0.8665
vn 0.3160 -0.0396 0.9479
vn 0.2598 -0.5118 0.8189
vn 0.2902 -0.0314 0.9565
vn -0.2991 -0.4485 0.8422
vn -0.5202 0.0709 -0.8511
vn -0.5685 -0.3710 -0.7343
vn -0.7502 -0.0869 -0.6555
vn 0.0552 0.4962 -0.8664
vn -0.0000 -0.0002 -1.0000
vn -0.0552 -0.4962 -0.8664
vn 0.1182 0.9930 -0.0000
vn 0.0552 0.4962 0.8664
vn -0.0001 -0.0002 1.0000
vn -0.0552 -0.4962 0.8664
vn -0.1023 -0.8578 0.5037
vn -0.1023 -0.8578 0.5038
vn -0.1182 -0.9930 0.0001
vn -0.1023 -0.8579 0.5036
vn -0.1023 -0.8579 -0.5036
vn -0.1023 -0.8578 -0.5037
vn -0.1182 -0.9930 -0.0001
vn -0.9930 0.1182 -0.0000
vn -0.9939 0.1105 -0.0000
vn -0.9930 0.1183 -0.0000
vn -0.1494 0.8648 -0.4795
vn -0.1337 0.9910 -0.0001
vn -0.1417 0.8657 0.4800
vn -0.4155 0.9096 -0.0077
vn -0.1337 0.9910 0.0001
vn -0.1417 0.8657 0.4802
vn -0.1416 0.8657 0.4801
vn -0.0235 0.5029 0.8641
vn 0.0157 0.8676 0.4970
vn -0.9939 0.1104 -0.0000
vn -0.8109 -0.5590 -0.1731
vn -0.6063 -0.6770 0.4172
vn -0.6151 -0.7884 0.0080
vn -0.6062 -0.6771 0.4172
vn -0.6054 -0.6682 -0.4325
vn -0.5685 -0.3711 -0.7342
vn 0.1023 0.8578 -0.5036
vn -0.3389 -0.8039 0.4888
vn -0.2991 -0.4487 0.8421
vn -0.4187 -0.4188 0.8058
vn -0.2991 -0.4486 0.8422
vn -0.2443 0.0314 0.9692
vn -0.0863 0.0077 0.9962
vn -0.1416 -0.4800 0.8658
vn -0.6054 -0.6683 -0.4323
vn -0.6150 -0.7885 0.0078
vn -0.8108 -0.5590 -0.1732
vn -0.5684 -0.3710 -0.7343
vn -0.5201 0.0708 -0.8511
vn -0.1417 -0.4800 0.8657
vn -0.2442 0.0314 0.9692
vn -0.0863 0.0078 0.9962
vn -0.0551 -0.4963 0.8664
vn -0.1416 -0.4802 0.8657
vn -0.1885 -0.8483 0.4949
vn -0.1417 -0.4800 0.8658
vn -0.0862 0.0079 -0.9962
vn -0.0235 0.5027 -0.8642
vn -0.0236 0.5027 -0.8642
vn -0.0863 0.0080 -0.9962
vn -0.2442 0.0316 -0.9692
vn -0.3390 -0.8039 0.4887
vn -0.4576 -0.7575 0.4656
vn -0.0864 0.0078 -0.9962
vn -0.1411 -0.4860 -0.8625
vn -0.2980 -0.4548 -0.8392
vn -0.0863 0.0077 -0.9962
vn -0.2443 0.0316 -0.9692
vn -0.1885 -0.8482 0.4949
vn -0.2991 -0.4487 0.8422
vn -0.1886 -0.8482 0.4949
vn -0.1417 -0.4802 0.8657
vn -0.4723 -0.8815 0.0001
vn -0.6150 -0.7885 0.0080
vn -0.4722 -0.8815 0.0001
vn -0.4577 -0.7575 0.4655
vn -0.4188 -0.4188 -0.8058
vn -0.6053 -0.6682 -0.4325
vn -0.5684 -0.3712 -0.7342
vn -0.4577 -0.7574 -0.4656
vn -0.4577 -0.7575 -0.4655
vn -0.4723 -0.8815 -0.0001
vn -0.3537 -0.9354 0.0001
vn -0.3389 -0.8040 0.4886
vn -0.4577 -0.7576 0.4655
vn -0.3537 -0.9353 0.0001
vn -0.4576 -0.7576 0.4655
vn 0.1886 -0.8569 0.4796
vn 0.1887 -0.8569 0.4797
vn 0.2285 -0.5125 0.8277
vn 0.2286 -0.8510 0.4728
vn 0.2284 -0.8510 0.4728
vn 0.2599 -0.5118 0.8188
vn 0.2287 -0.5125 0.8277
vn -0.0945 -0.8584 0.5041
vn 0.1733 -0.9849 0.0001
vn 0.1886 -0.8570 0.4795
vn 0.2053 -0.9787 0.0001
vn -0.2981 -0.4550 -0.8392
vn -0.4576 -0.7575 -0.4656
vn -0.4187 -0.4188 -0.8058
vn -0.0863 0.0078 -0.9962
vn -0.3390 -0.8040 -0.4886
vn -0.3537 -0.9354 -0.0001
vn -0.4722 -0.8815 -0.0001
vn -0.4576 -0.7576 -0.4655
vn -0.2981 -0.4550 -0.8391
vn -0.3389 -0.8039 -0.4887
vn -0.1412 -0.4862 -0.8624
vn -0.2980 -0.4550 -0.8392
vn -0.1977 -0.9803 0.0001
vn -0.1885 -0.8483 0.4947
vn -0.1027 -0.8612 0.4978
vn -0.1027 -0.8613 0.4977
vn -0.1885 -0.8483 0.4948
vn -0.1976 -0.9803 0.0001
vn -0.1104 -0.9939 0.0001
vn -0.0945 -0.8585 0.5040
vn 0.2285 -0.8511 0.4728
vn -0.0944 -0.8585 0.5041
vn 0.1733 -0.9849 -0.0000
vn -0.1822 -0.8474 -0.4988
vn -0.1977 -0.9803 -0.0001
vn -0.1411 -0.4862 -0.8624
vn -0.1822 -0.8473 -0.4989
vn -0.3389 -0.8039 -0.4888
vn -0.1976 -0.9803 -0.0001
vn -0.1821 -0.8474 -0.4988
vn -0.1821 -0.8473 -0.4989
vn -0.9354 0.3537 -0.0000
vn -0.9429 0.3143 0.1100
vn -0.9452 0.3072 0.1103
vn -0.9534 0.2285 0.1970
vn -0.9444 0.3069 -0.1180
vn -0.9656 0.1099 0.2355
vn -0.9665 0.1179 0.2279
vn -0.9444 0.3069 -0.1181
vn -0.9534 0.2285 -0.1970
vn -0.9771 -0.0079 0.2128
vn -0.9674 0.1101 -0.2281
vn -0.9893 -0.0863 0.1178
vn -0.9771 -0.0079 0.2127
vn -0.9893 -0.0864 0.1178
vn -0.9771 -0.0079 -0.2128
vn -0.4489 0.8270 0.3386
vn -0.2682 0.0395 -0.9626
vn -0.2361 0.9364 0.2597
vn -0.8078 0.0391 -0.5882
vn -0.9985 0.0393 -0.0392
vn -0.0079 0.9997 -0.0237
vn -0.9985 0.0392 0.0392
vn -0.2360 0.9364 -0.2597
vn -0.0079 0.9997 0.0237
vn -0.2360 0.9364 0.2597
vn -0.2683 0.0394 -0.9625
vn -0.4489 0.8269 0.3387
vn -0.4490 0.8269 0.3386
vn 0.0315 -0.0079 -0.9995
vn -0.2682 0.0394 -0.9625
vn -0.3536 -0.0000 -0.9354
vn -0.8077 0.0392 -0.5883
vn -0.8078 0.0392 -0.5881
vn -0.9985 0.0393 -0.0394
vn -0.3538 -0.0000 -0.9353
vn -0.0000 0.0079 -1.0000
vn -0.0235 0.0315 -0.9992
vn -0.0078 -0.0000 -1.0000
vn 0.0236 0.0079 -0.9997
vn 0.0235 -0.0078 -0.9997
vn 0.0314 0.0236 -0.9992
vn 0.0314 0.0237 -0.9992
vn -0.0947 0.0395 -0.9947
vn 0.0315 -0.0078 -0.9995
vn -0.0079 0.0001 -1.0000
vn 0.0235 0.0079 -0.9997
vn -0.8718 0.4791 0.1022
vn -0.8718 0.4791 0.1021
vn -0.8834 0.3787 -0.2761
vn 0.8028 0.2283 0.5509
vn -0.9455 -0.1732 0.2757
vn -0.9263 0.0078 -0.3767
vn -0.8725 0.4794 0.0943
vn -0.9263 -0.0000 -0.3767
vn -0.8815 0.3777 -0.2833
vn -0.9442 -0.1809 0.2753
vn -0.9262 0.0079 -0.3769
vn 0.9612 0.2758 -0.0001
vn 0.9534 0.2286 -0.1970
vn 0.9534 0.2285 -0.1970
vn 0.7950 0.2362 -0.5588
vn 0.8253 0.4637 -0.3223
vn -0.7876 -0.3858 0.4805
vn -0.5684 -0.3552 0.7421
vn -0.7876 -0.3859 0.4805
vn -0.5207 0.0551 0.8519
vn 0.7647 -0.0866 -0.6386
vn 0.7964 0.2286 -0.5599
vn -0.9582 -0.2671 -0.1021
vn -0.7876 -0.3860 0.4804
vn -0.9441 -0.1811 0.2754
vn 0.9551 0.2211 -0.1974
vn 0.9369 0.0867 -0.3386
vn 0.7964 0.2288 -0.5598
vn -0.5685 -0.3553 0.7420
vn -0.7875 -0.3860 0.4805
vn -0.7503 -0.0869 -0.6554
vn -0.8074 -0.5643 -0.1725
vn 0.9569 0.2903 -0.0000
vn 0.8328 0.4557 -0.3142
vn 0.7964 0.2287 -0.5598
vn 0.8328 0.4556 -0.3144
vn 0.9534 0.2285 -0.1971
vn -0.6765 0.5585 -0.4800
vn -0.8725 0.4795 0.0943
vn -0.6519 0.7383 0.1728
vn -0.8725 0.4795 0.0944
vn -0.9033 0.2043 0.3771
vn -0.7098 0.2603 0.6546
vn -0.6520 0.7383 0.1729
vn -0.9454 -0.1733 0.2759
vn -0.7876 -0.3858 0.4804
vn -0.5207 0.0553 0.8520
vn -0.4651 0.4964 0.7330
vn -0.4650 0.4965 0.7330
vn 0.7188 -0.4107 -0.5609
vn 0.7647 -0.0868 -0.6386
vn 0.8916 -0.2998 -0.3394
vn 0.8916 -0.2998 -0.3392
vn 0.8673 -0.4572 0.1971
vn 0.8659 -0.4565 -0.2046
vn 0.9369 0.0867 0.3386
vn 0.9534 0.2286 0.1971
vn 0.8284 0.5602 0.0001
vn -0.4173 -0.4251 0.8032
vn 0.9565 0.2214 0.1897
vn 0.9569 0.2903 0.0001
vn 0.9569 0.2903 -0.0001
vn 0.8284 0.5602 -0.0001
vn 0.7118 -0.4112 -0.5695
vn 0.7641 -0.0946 -0.6381
vn 0.8871 -0.3062 -0.3455
vn 0.8871 -0.3061 -0.3454
vn 0.8673 -0.4572 0.1970
vn 0.9156 -0.1105 0.3867
vn 0.9370 0.0865 -0.3385
vn 0.9534 0.2284 -0.1970
vn 0.9370 0.0866 0.3385
vn 0.9534 0.2284 -0.1969
vn 0.9534 0.2284 0.1969
vn 0.9155 -0.1104 0.3868
vn 0.9369 0.0866 0.3387
vn 0.8027 0.2282 0.5510
vn 0.9155 -0.1105 0.3868
vn 0.7647 -0.0866 0.6385
vn -0.7502 -0.0870 -0.6555
vn -0.6054 -0.6682 -0.4324
vn -0.8073 -0.5643 -0.1725
vn -0.3082 0.5055 -0.8059
vn 0.9155 -0.1104 -0.3868
vn -0.5684 -0.3554 0.7421
vn -0.6062 -0.6770 0.4174
vn -0.4577 -0.7575 0.4656
vn -0.4173 -0.4253 0.8031
vn -0.5684 -0.3553 0.7421
vn 0.7647 -0.0866 -0.6385
vn 0.8916 -0.2998 0.3392
vn 0.8916 -0.2999 0.3394
vn 0.7647 -0.0868 0.6385
vn 0.7188 -0.4107 0.5609
vn 0.8917 -0.2998 0.3392
vn 0.9551 0.2209 -0.1973
vn 0.9566 0.2213 0.1897
vn -0.6519 0.7383 0.1729
vn -0.4650 0.4966 0.7329
vn -0.2981 -0.4548 0.8392
vn -0.2980 -0.4548 0.8392
vn 0.8672 -0.4573 0.1972
vn 0.8916 -0.2999 0.3393
vn 0.7188 -0.4108 0.5608
vn 0.8916 -0.2998 0.3394
vn 0.7647 -0.0868 0.6386
vn 0.9369 0.0866 0.3386
vn 0.7964 0.2286 0.5599
vn 0.9551 0.2210 -0.1973
vn -0.4649 0.4729 -0.7485
vn -0.4649 0.4728 -0.7486
vn 0.9534 0.2285 -0.1969
vn 0.9534 0.2285 0.1969
vn 0.3641 0.4353 0.8233
vn 0.3399 0.4425 0.8298
vn 0.9565 0.2214 0.1898
vn 0.8328 0.4557 0.3143
vn 0.8284 0.5601 0.0001
vn 0.8328 0.4557 0.3142
vn 0.8753 -0.4415 -0.1971
vn 0.8753 -0.4415 0.1971
vn 0.8678 -0.4969 -0.0000
vn 0.7023 -0.4181 -0.5761
vn 0.8829 -0.3075 -0.3548
vn 0.7023 -0.4182 -0.5761
vn 0.8830 -0.3075 -0.3547
vn 0.8027 0.2282 0.5509
vn 0.7537 -0.0863 0.6516
vn -0.8724 0.4795 0.0944
vn -0.6558 0.7347 0.1739
vn -0.9263 -0.0001 -0.3768
vn -0.8109 -0.5589 -0.1733
vn -0.9263 -0.0001 -0.3769
vn -0.3630 0.0394 -0.9310
vn -0.5201 0.0708 -0.8512
vn 0.8227 0.4668 -0.3243
vn 0.8284 0.5601 -0.0001
vn -0.9454 -0.1733 0.2758
vn -0.7876 -0.3860 0.4803
vn -0.3082 0.5055 0.8059
vn -0.4650 0.4964 0.7330
vn -0.4156 0.9095 -0.0079
vn -0.4155 0.9095 -0.0079
vn 0.8328 0.4557 0.3144
vn 0.7964 0.2287 0.5598
vn -0.1883 0.5098 -0.8394
vn -0.3629 0.0395 -0.9310
vn -0.3081 0.5055 -0.8059
vn -0.1494 0.8647 -0.4796
vn -0.6151 -0.7884 0.0078
vn -0.8073 -0.5644 -0.1725
vn -0.6520 0.7383 0.1727
vn -0.2444 0.0236 -0.9694
vn -0.3629 0.0394 -0.9310
vn -0.2980 -0.4548 0.8393
vn -0.0552 -0.4963 0.8664
vn -0.1416 -0.4801 0.8657
vn -0.1809 -0.8495 0.4956
vn -0.4315 0.7923 0.4313
vn -0.4156 0.9095 -0.0077
vn -0.6556 0.7348 0.1738
vn -0.0236 0.5027 -0.8641
vn -0.2443 0.0237 -0.9694
vn -0.8073 -0.5644 -0.1724
vn -0.6063 -0.6771 0.4172
vn 0.8228 0.4668 -0.3243
vn 0.8028 0.2283 -0.5509
vn 0.8228 0.4667 -0.3244
vn -0.4187 -0.4187 -0.8059
vn -0.2980 -0.4548 -0.8393
vn -0.2443 0.0236 -0.9694
vn -0.4651 0.4966 0.7329
vn -0.4315 0.7922 0.4315
vn -0.6519 0.7384 0.1728
vn -0.2981 -0.4549 -0.8392
vn -0.8815 0.3778 -0.2834
vn 0.8028 0.2282 -0.5509
vn 0.3161 -0.0395 0.9479
vn -0.0630 -0.4959 0.8661
vn 0.0949 0.8618 0.4982
vn 0.4097 0.7801 0.4728
vn -0.4576 -0.7575 -0.4657
vn -0.0235 0.5027 0.8641
vn -0.0863 0.0079 -0.9962
vn -0.1882 0.5100 -0.8393
vn -0.1883 0.5100 -0.8393
vn -0.1882 0.5100 -0.8394
vn -0.4577 -0.7576 -0.4655
vn -0.5209 0.0473 0.8523
vn -0.7875 -0.3859 0.4805
vn 0.2597 -0.5118 -0.8189
vn -0.4155 0.9095 -0.0077
vn -0.4314 0.7923 0.4314
vn -0.6765 0.5586 -0.4800
vn 0.2280 -0.5032 -0.8336
vn 0.3161 -0.0395 -0.9479
vn 0.3159 -0.0396 -0.9480
vn 0.2599 -0.5117 -0.8189
vn 0.2281 -0.5032 -0.8335
vn 0.2280 -0.5033 -0.8335
vn -0.1023 -0.8578 -0.5038
vn 0.8677 -0.4970 -0.0000
vn 0.8753 -0.4417 0.1971
vn 0.6925 -0.6453 0.3226
vn -0.3389 -0.8040 -0.4886
vn -0.4341 0.7894 0.4341
vn -0.0552 -0.4963 -0.8664
vn -0.1412 -0.4861 -0.8624
vn -0.1885 -0.8482 -0.4949
vn -0.4659 0.4816 -0.7423
vn -0.5202 0.0708 -0.8511
vn -0.1885 -0.8483 -0.4949
vn 0.1027 0.8612 -0.4977
vn 0.3859 0.7876 -0.4804
vn 0.4164 0.7776 -0.4712
vn -0.5209 0.0474 0.8523
vn -0.5208 0.0475 0.8524
vn -0.9930 0.1178 -0.0000
vn -0.9930 0.1185 -0.0000
vn -0.1885 -0.8483 -0.4948
vn -0.4659 0.4817 -0.7422
vn -0.4314 0.7922 0.4315
vn -0.3390 -0.8040 0.4886
vn -0.1417 0.8658 -0.4800
vn -0.6519 0.7383 0.1727
vn -0.1417 0.8658 0.4800
vn -0.1417 0.8657 0.4801
vn -0.9930 0.1181 -0.0000
vn -0.5208 0.0472 0.8523
vn -0.3082 0.5057 0.8058
vn -0.2681 0.8436 0.4652
vn -0.4314 0.7923 0.4315
vn -0.9930 0.1177 -0.0000
vn 0.4164 0.7776 0.4712
vn 0.1105 0.8605 0.4972
vn 0.4346 0.9006 0.0001
vn -0.5208 0.0473 0.8523
vn -0.5684 -0.3552 0.7422
vn 0.1886 -0.8569 -0.4797
vn -0.1027 -0.8612 -0.4979
vn 0.2609 -0.5060 -0.8221
vn 0.1887 -0.8569 -0.4796
vn 0.2608 -0.5060 -0.8222
vn 0.2211 -0.8525 -0.4737
vn -0.0630 -0.4961 -0.8660
vn 0.2609 -0.5059 -0.8222
vn -0.0630 -0.4959 -0.8661
vn 0.0949 0.8618 -0.4982
vn 0.3641 0.4355 -0.8233
vn 0.2287 -0.5124 -0.8278
vn 0.1887 -0.8570 -0.4795
vn -0.1027 -0.8613 -0.4977
vn 0.1733 -0.9849 -0.0001
vn 0.2211 -0.8525 -0.4736
vn 0.2598 -0.5117 0.8189
vn 0.3232 -0.0316 0.9458
vn 0.2923 -0.0316 0.9558
vn -0.1493 0.8647 -0.4796
vn -0.2980 -0.4550 0.8392
vn -0.4658 0.4818 -0.7422
vn 0.0551 0.4962 -0.8664
vn -0.0551 -0.4962 -0.8664
vn -0.1027 -0.8612 -0.4978
vn -0.1027 -0.8612 -0.4977
vn -0.1028 -0.8612 -0.4977
vn 0.1027 0.8612 -0.4978
vn 0.1027 0.8612 0.4979
vn -0.1027 -0.8612 0.4979
vn -0.0236 0.5027 0.8641
vn -0.1417 -0.4801 0.8657
vn -0.2980 -0.4550 0.8391
vn 0.3641 0.4354 -0.8233
vn 0.2900 -0.0392 -0.9562
vn 0.0552 0.4961 -0.8665
vn 0.4024 0.9155 0.0001
vn 0.4098 0.7801 0.4727
vn 0.4097 0.7802 0.4728
vn 0.4251 0.9051 -0.0000
vn 0.4026 0.9154 0.0001
vn 0.0949 0.8619 0.4981
vn 0.0950 0.8619 0.4981
vn 0.1104 0.9939 0.0001
vn 0.4250 0.9052 -0.0000
vn 0.4097 0.7801 -0.4728
vn 0.1104 0.9939 -0.0001
vn 0.0949 0.8619 -0.4981
vn 0.3642 0.4354 -0.8233
vn 0.4098 0.7801 -0.4727
vn -0.1417 0.8657 -0.4802
vn -0.2680 0.8436 -0.4653
vn 0.0552 0.4963 0.8664
vn 0.1734 -0.9849 0.0001
vn 0.2053 -0.9787 -0.0000
vn 0.1886 -0.8569 0.4797
vn 0.2286 -0.5125 0.8277
vn -0.0949 -0.8618 0.4982
vn -0.1885 -0.8484 0.4947
vn 0.3859 0.7876 0.4804
vn 0.4024 0.9155 -0.0000
vn 0.1023 0.8578 -0.5038
vn 0.3398 0.4427 -0.8298
vn 0.3398 0.4426 -0.8299
vn 0.4098 0.7801 -0.4728
vn 0.3641 0.4355 0.8233
vn 0.4098 0.7801 0.4728
vn 0.2526 -0.5128 0.8205
vn -0.3629 0.0396 -0.9310
vn 0.2052 -0.9787 0.0001
vn 0.2286 -0.8511 0.4727
vn 0.1888 -0.8570 0.4795
vn -0.6053 -0.6683 -0.4323
vn 0.2285 -0.5124 0.8278
vn -0.1494 0.8648 -0.4794
vn 0.1105 0.9939 -0.0001
vn 0.4250 0.9052 -0.0001
vn 0.3859 0.7876 -0.4803
vn 0.0947 0.8585 0.5040
vn 0.0945 0.8585 0.5040
vn 0.4025 0.9154 -0.0000
vn -0.0551 -0.4962 0.8664
vn 0.2900 -0.0391 -0.9562
vn 0.2899 -0.0392 -0.9563
vn 0.3642 0.4353 -0.8233
vn -0.0235 0.5027 -0.8641
vn 0.2608 -0.5060 -0.8221
vn 0.2286 -0.8510 -0.4728
vn 0.2610 -0.5060 -0.8221
vn 0.1886 -0.8570 -0.4795
vn -0.0949 -0.8618 -0.4982
vn 0.2285 -0.8510 -0.4728
vn 0.2052 -0.9787 -0.0000
vn -0.0949 -0.8619 -0.4980
vn -0.1104 -0.9939 -0.0001
vn -0.0949 -0.8619 -0.4981
vn 0.2053 -0.9787 -0.0001
vn 0.2285 -0.8511 -0.4728
vn 0.1734 -0.9849 -0.0000
vn 0.2901 -0.0314 0.9565
vn 0.3709 0.4342 0.8209
vn 0.4098 0.7800 0.4728
vn 0.3860 0.7875 0.4805
vn 0.3711 0.4341 0.8209
vn -0.9452 0.3072 -0.1103
vn -0.9327 0.3605 -0.0000
vn -0.9327 0.3606 -0.0000
vn -0.9939 -0.1104 -0.0000
vn -0.9893 -0.0864 0.1177
vn -0.9674 0.1101 0.2281
vn -0.9771 -0.0079 -0.2127
vn -0.9893 -0.0864 -0.1178
vn -0.9421 0.3140 -0.1177
vn -0.9421 0.3140 -0.1178
vn -0.9656 0.1099 -0.2355
vn 0.0314 0.0235 0.9992
vn 0.9438 0.3304 0.0001
vn -0.0235 0.0314 0.9992
vn -0.9438 0.3304 0.0024
vn 0.9438 0.3304 -0.0000
vn 0.9438 0.3304 0.0024
vn -0.9438 0.3304 -0.0000
vn -0.0235 0.0314 -0.9992
vn 0.0314 0.0235 -0.9992
vn 0.9438 -0.3304 -0.0000
vn -0.0078 -0.0000 1.0000
vn 0.9438 -0.3304 -0.0024
vn -0.9438 -0.3304 -0.0000
vn 0.0235 -0.0079 -0.9997
vn -0.9438 -0.3304 -0.0024
vn 0.9438 -0.3304 -0.0001
vn -0.0000 -0.6624 -0.7491
vn -0.0235 -0.0213 -0.9995
vn 0.0394 -0.0157 0.9991
vn 0.7945 -0.1731 0.5820
vn -0.2277 -0.0001 -0.9737
vn 0.1261 -0.0000 -0.9920
vn -0.3720 -0.5856 0.7202
vn -0.0629 -0.0392 0.9972
vn 0.1105 -0.0236 0.9936
vn 0.6695 -0.3937 0.6299
vn 0.0080 0.0315 -0.9995
vn 0.1105 -0.0236 -0.9936
vn 0.7945 -0.1730 -0.5820
vn -0.8046 -0.5679 -0.1736
vn 0.8871 -0.3061 0.3455
vn -0.9441 -0.1809 0.2754
vn -0.9263 0.0077 -0.3768
vn -0.8724 0.4795 0.0943
vn 0.8916 -0.2999 -0.3393
vn 0.6789 -0.6551 -0.3316
vn 0.7188 -0.4108 -0.5608
vn 0.8658 -0.4566 -0.2047
vn 0.6788 -0.6551 -0.3316
vn -0.8834 0.3786 -0.2762
vn -0.3629 0.0393 -0.9310
vn -0.3630 0.0393 -0.9310
vn -0.5201 0.0709 -0.8511
vn -0.9034 0.2042 0.3772
vn 0.3161 -0.0396 0.9479
vn 0.2524 -0.5128 0.8206
vn -0.1105 -0.8604 0.4974
vn -0.0630 -0.4961 0.8660
vn 0.2524 -0.5129 0.8205
vn -0.7876 -0.3859 0.4804
vn -0.3403 -0.8070 0.4827
vn -0.2981 -0.4550 0.8391
vn -0.3402 -0.8070 0.4827
vn 0.9612 0.2757 -0.0000
vn 0.9551 0.2211 -0.1973
vn 0.8328 0.4556 -0.3143
vn -0.8108 -0.5591 -0.1732
vn -0.1810 -0.8495 0.4956
vn -0.8815 0.3778 -0.2833
vn 0.7647 -0.0866 0.6386
vn -0.3538 -0.9353 0.0001
vn -0.3402 -0.8071 0.4826
vn 0.7095 -0.4179 0.5675
vn 0.6925 -0.6452 0.3227
vn 0.1886 -0.8570 0.4796
vn 0.2211 -0.8525 0.4737
vn 0.2210 -0.8525 0.4737
vn 0.2525 -0.5129 0.8205
vn 0.1977 -0.9803 -0.0000
vn -0.9263 0.0001 -0.3768
vn -0.8718 0.4792 0.1021
vn -0.6548 0.7337 0.1814
vn -0.5685 -0.3552 0.7421
vn -0.2053 -0.9787 0.0001
vn -0.1809 -0.8496 0.4955
vn -0.2052 -0.9787 0.0001
vn -0.6053 -0.6683 -0.4324
vn 0.3711 0.4341 -0.8209
vn 0.2899 -0.0392 -0.9562
vn -0.0552 -0.4962 -0.8665
vn -0.2443 0.0238 -0.9694
vn -0.7098 0.2604 0.6545
vn -0.6548 0.7337 0.1815
vn 0.2901 -0.0391 -0.9562
vn -0.3537 -0.9353 -0.0001
vn 0.8753 -0.4416 -0.1972
vn 0.6925 -0.6452 -0.3227
vn 0.7023 -0.4183 -0.5760
vn 0.1888 -0.8570 0.4796
vn 0.2286 -0.8510 0.4727
vn -0.1886 -0.8483 -0.4947
vn -0.5208 0.0473 0.8524
vn 0.2599 -0.5118 -0.8188
vn 0.1888 -0.8569 -0.4796
vn 0.2597 -0.5119 -0.8189
vn 0.2286 -0.8510 -0.4729
vn 0.2284 -0.8510 -0.4729
vn 0.1886 -0.8570 -0.4796
vn -0.4315 0.7923 0.4314
vn -0.4156 0.9095 -0.0078
vn -0.6547 0.7337 0.1815
vn -0.5208 0.0474 0.8523
vn -0.2980 -0.4550 -0.8391
vn -0.2052 -0.9787 -0.0001
vn -0.1821 -0.8473 -0.4990
vn 0.1732 -0.9849 -0.0000
vn -0.0949 -0.8619 0.4981
vn -0.4650 0.4966 0.7330
vn 0.2900 -0.0393 -0.9562
vn 0.2286 -0.5123 -0.8278
vn 0.0945 0.8584 0.5041
vn 0.3710 0.4341 0.8210
vn 0.3231 -0.0314 0.9458
vn -0.3081 0.5055 0.8059
vn 0.0552 0.4961 0.8665
vn -0.1027 -0.8612 0.4977
vn -0.1026 -0.8612 -0.4979
vn -0.9665 0.1178 0.2279
vn -0.9771 -0.0078 0.2128
vn -0.9893 -0.0863 -0.1178
vn -0.9771 -0.0078 -0.2128
vn -0.9452 0.3072 0.1102
vn 0.9570 0.2901 -0.0000
vn 0.9534 0.2284 0.1970
vn 0.8752 -0.4417 -0.1972
vn 0.8677 -0.4971 -0.0000
vn 0.6912 -0.7226 -0.0000
vn 0.8752 -0.4417 -0.1971
vn 0.6912 -0.7227 -0.0001
vn 0.6925 -0.6453 -0.3226
vn -0.7876 -0.3859 0.4803
vn -0.6151 -0.7884 0.0079
vn -0.9939 0.1103 -0.0000
vn -0.8046 -0.5679 -0.1734
vn -0.9263 -0.0000 -0.3768
vn 0.8658 -0.4566 -0.2046
vn 0.6788 -0.6552 -0.3315
vn 0.8677 -0.4970 0.0001
vn 0.8672 -0.4573 0.1971
vn 0.6788 -0.6552 0.3314
vn 0.6789 -0.6551 0.3316
vn 0.8916 -0.2999 -0.3394
vn 0.7094 -0.4178 0.5675
vn 0.6789 -0.6552 0.3314
vn 0.9155 -0.1106 -0.3868
vn 0.2051 -0.9787 -0.0000
vn 0.1734 -0.9848 -0.0000
vn 0.7118 -0.4113 -0.5694
vn 0.1976 -0.9803 -0.0000
vn -0.1105 -0.8605 -0.4973
vn -0.1337 -0.9910 -0.0001
vn -0.4577 -0.7575 -0.4656
vn -0.8045 -0.5680 -0.1736
vn -0.8046 -0.5679 -0.1735
vn -0.5684 -0.3553 0.7420
vn 0.6788 -0.6552 0.3315
vn 0.8871 -0.3062 -0.3454
vn 0.1976 -0.9803 0.0001
vn 0.2211 -0.8526 0.4736
vn 0.1887 -0.8570 0.4796
vn -0.1337 -0.9910 0.0001
vn 0.2210 -0.8526 -0.4736
vn 0.2209 -0.8526 0.4736
vn -0.1105 -0.8605 0.4972
vn -0.1105 -0.8604 -0.4974
vn 0.2209 -0.8525 -0.4737
vn -0.9930 -0.1182 -0.0000
vn -0.3402 -0.8070 -0.4827
vn 0.8672 -0.4572 0.1971
vn 0.8328 0.4556 0.3144
vt 0.807084 0.611551
vt 0.689854 0.625146
vt 0.685556 0.623805
vt 0.692543 0.627587
vt 0.693560 0.630620
vt 0.694580 0.655889
vt 0.679578 0.616838
vt 0.679384 0.612871
vt 0.809628 0.672193
vt 0.806824 0.607575
vt 0.691173 0.661635
vt 0.693738 0.658988
vt 0.686887 0.663310
vt 0.680892 0.676989
vt 0.679197 0.609074
vt 0.806578 0.603790
vt 0.679029 0.605645
vt 0.806356 0.600352
vt 0.617555 0.013623
vt 0.617743 0.047860
vt 0.616059 0.050904
vt 0.615870 0.010625
vt 0.612962 0.052423
vt 0.612870 0.009188
vt 0.613953 0.055766
vt 0.560422 0.056475
vt 0.614707 0.058739
vt 0.560350 0.052822
vt 0.560192 0.009258
vt 0.550627 0.052702
vt 0.550470 0.009432
vt 0.613795 0.005852
vt 0.560235 0.005616
vt 0.614482 0.002953
vt 0.560248 0.002441
vt 0.560454 0.059629
vt 0.693648 0.652779
vt 0.693126 0.655895
vt -0.306262 0.658988
vt -0.305419 0.655889
vt -0.306874 0.655895
vt -0.306352 0.652779
vt 0.692456 0.658512
vt -0.307544 0.658512
vt -0.308827 0.661635
vt 0.691310 0.628146
vt 0.692135 0.630703
vt 0.692874 0.633767
vt 0.691574 0.633351
vt -0.309697 0.660805
vt 0.692375 0.653274
vt 0.689840 0.630826
vt -0.308426 0.633351
vt -0.307865 0.630703
vt -0.310160 0.630826
vt -0.308690 0.628146
vt -0.306440 0.630620
vt -0.307457 0.627587
vt -0.307126 0.633767
vt -0.310146 0.625146
vt -0.310954 0.626022
vt 0.690293 0.658289
vt 0.690803 0.655912
vt 0.690303 0.660805
vt -0.309707 0.658289
vt -0.309197 0.655912
vt -0.309564 0.636593
vt 0.689046 0.626022
vt 0.689186 0.628503
vt -0.310814 0.628503
vt -0.313397 0.662203
vt -0.313113 0.663310
vt 0.689400 0.633219
vt 0.689505 0.635766
vt 0.690436 0.636593
vt -0.310495 0.635766
vt -0.310600 0.633219
vt 0.686603 0.662203
vt 0.689169 0.659996
vt 0.690205 0.653534
vt 0.690149 0.650976
vt 0.691025 0.650098
vt -0.309795 0.653534
vt -0.307625 0.653274
vt -0.309851 0.650976
vt -0.308975 0.650098
vt -0.313475 0.648475
vt 0.686608 0.660676
vt 0.687158 0.658480
vt -0.313392 0.660676
vt -0.310831 0.659996
vt -0.312842 0.658480
vt 0.687466 0.655944
vt -0.312534 0.655944
vt 0.685385 0.626351
vt 0.685313 0.624874
vt 0.687969 0.626884
vt 0.686061 0.628483
vt 0.686525 0.630976
vt -0.314687 0.624874
vt -0.314444 0.623805
vt -0.312031 0.626884
vt -0.314615 0.626351
vt -0.313939 0.628483
vt -0.313475 0.630976
vt -0.316310 0.655992
vt -0.312969 0.653407
vt 0.682198 0.662129
vt 0.681172 0.663378
vt -0.317802 0.662129
vt -0.318828 0.663378
vt 0.546907 0.009353
vt 0.547061 0.052775
vt 0.874406 0.298801
vt 0.874518 0.373320
vt 0.866737 0.375447
vt 0.841385 0.375485
vt 0.872847 0.379352
vt 0.867204 0.379296
vt 0.869798 0.385298
vt 0.865911 0.385583
vt 0.867221 0.388447
vt 0.864201 0.388452
vt 0.833486 0.298863
vt 0.833598 0.373381
vt 0.835287 0.379408
vt 0.840929 0.379335
vt 0.838354 0.385345
vt 0.842242 0.385619
vt 0.843960 0.388482
vt 0.840940 0.388487
vt 0.874245 0.191602
vt 0.833325 0.191664
vt 0.833231 0.128758
vt 0.874150 0.128696
vt 0.833042 0.002503
vt 0.873961 0.002441
vt 0.683690 0.655992
vt 0.687031 0.653407
vt 0.683132 0.660539
vt 0.683605 0.658454
vt -0.316395 0.658454
vt -0.316868 0.660539
vt 0.685714 0.635746
vt 0.686251 0.633516
vt 0.688315 0.634979
vt -0.314286 0.635746
vt -0.311685 0.634979
vt -0.313749 0.633516
vt 0.685711 0.637309
vt 0.689010 0.651829
vt -0.314289 0.637309
vt -0.310990 0.651829
vt 0.620843 0.012188
vt 0.621128 0.049366
vt 0.618436 0.053429
vt 0.620112 0.006032
vt 0.623874 0.011042
vt 0.618251 0.008247
vt 0.624071 0.050412
vt 0.620536 0.055551
vt 0.680887 0.625019
vt 0.679887 0.623805
vt 0.682526 0.628662
vt 0.681924 0.626587
vt -0.320113 0.623805
vt -0.319113 0.625019
vt -0.318076 0.626587
vt -0.317474 0.628662
vt 0.686362 0.651201
vt 0.682769 0.631123
vt 0.685989 0.638455
vt 0.680323 0.638647
vt 0.680798 0.648672
vt -0.314011 0.638455
vt -0.319677 0.638647
vt -0.319201 0.648672
vt -0.317231 0.631123
vt -0.313711 0.649640
vt -0.313637 0.651201
vt 0.929094 0.777867
vt 0.958431 0.777965
vt 0.930633 0.781398
vt 0.956868 0.781485
vt 0.929324 0.707918
vt 0.958666 0.708015
vt 0.929676 0.600719
vt 0.929882 0.537813
vt 0.959026 0.600816
vt 0.959238 0.537910
vt 0.959662 0.411656
vt 0.930296 0.411559
vt -0.320422 0.616838
vt 0.682693 0.633595
vt -0.317307 0.633595
vt 0.686289 0.649640
vt 0.682232 0.635705
vt 0.681307 0.637341
vt -0.317768 0.635705
vt -0.318693 0.637341
vt 0.683450 0.653531
vt -0.316550 0.653531
vt -0.319108 0.676989
vt 0.616525 0.609911
vt 0.616473 0.606484
vt 0.616581 0.613717
vt 0.616637 0.617682
vt 0.626045 0.630208
vt 0.607897 0.630493
vt -0.392102 0.630494
vt -0.373955 0.630208
vt -0.383363 0.617682
vt -0.383419 0.613717
vt -0.320616 0.612871
vt -0.320803 0.609074
vt -0.383475 0.609911
vt -0.383527 0.606484
vt -0.320971 0.605645
vt 0.550307 0.056502
vt 0.550086 0.005641
vt 0.686525 0.648475
vt 0.681804 0.649871
vt -0.318196 0.649871
vt -0.193422 0.603790
vt -0.193644 0.600352
vt -0.193176 0.607574
vt -0.192916 0.611551
vt -0.190372 0.672192
vt 0.682845 0.651450
vt 0.617487 0.678463
vt 0.626410 0.637709
vt -0.317154 0.651450
vt -0.373590 0.637709
vt -0.382514 0.678463
vt 0.509541 0.610165
vt 0.509576 0.606747
vt 0.509499 0.613992
vt 0.509450 0.617970
vt 0.518215 0.630449
vt 0.499903 0.630509
vt 0.501403 0.631729
vt 0.434970 0.616840
vt 0.499651 0.637934
vt 0.501658 0.636316
vt 0.516377 0.636531
vt 0.518339 0.637758
vt 0.607776 0.637773
vt 0.509127 0.678230
vt 0.624405 0.636485
vt 0.609745 0.636139
vt 0.516572 0.632001
vt 0.609407 0.631704
vt 0.624457 0.631784
vt 0.916299 0.851311
vt 0.916211 0.871617
vt 0.880096 0.851150
vt 0.880002 0.872705
vt 0.918128 0.870105
vt 0.904641 0.828297
vt 0.880228 0.821829
vt 0.909128 0.828317
vt 0.916431 0.821991
vt 0.918341 0.822000
vt 0.918209 0.851319
vt 0.909186 0.815600
vt 0.909451 0.756928
vt 0.904699 0.815580
vt 0.904964 0.756908
vt 0.880551 0.750438
vt 0.905021 0.744190
vt 0.881120 0.624466
vt 0.917324 0.624630
vt 0.909509 0.744210
vt 0.916754 0.750602
vt 0.919234 0.624639
vt 0.918664 0.750611
vt -0.083246 0.750602
vt -0.083569 0.821991
vt -0.081336 0.750611
vt -0.081659 0.822000
vt -0.090549 0.756928
vt -0.090814 0.815600
vt -0.090872 0.828317
vt -0.083701 0.851311
vt -0.095359 0.828297
vt -0.119772 0.821829
vt -0.119904 0.851150
vt -0.083789 0.871617
vt -0.119998 0.872705
vt -0.095302 0.815580
vt -0.095036 0.756908
vt -0.119449 0.750438
vt -0.094979 0.744190
vt -0.118880 0.624466
vt -0.082676 0.624630
vt -0.090491 0.744210
vt -0.080766 0.624639
vt -0.081791 0.851319
vt -0.081872 0.870105
vt 0.951074 0.199900
vt 0.933473 0.199820
vt 0.951395 0.128511
vt 0.933798 0.128431
vt 0.951962 0.002538
vt 0.934370 0.002458
vt 0.931739 0.128422
vt 0.931418 0.199811
vt 0.932307 0.002449
vt 0.930136 0.128414
vt 0.929813 0.199804
vt 0.930705 0.002441
vt 0.953454 0.128520
vt 0.954026 0.002547
vt 0.955058 0.128527
vt 0.955627 0.002554
vt 0.954735 0.199917
vt 0.953129 0.199909
vt 0.977602 0.090112
vt 0.979608 0.093790
vt 0.978410 0.094184
vt 0.978092 0.096777
vt 0.981178 0.096946
vt 0.981116 0.118500
vt 0.958059 0.118434
vt 0.961208 0.096729
vt 0.981031 0.147821
vt 0.957974 0.147754
vt 0.980825 0.219211
vt 0.957768 0.219144
vt 0.957404 0.345117
vt 0.980461 0.345184
vt 0.958121 0.096879
vt 0.959710 0.093732
vt 0.960905 0.094134
vt 0.961737 0.090066
vt 0.070184 0.071964
vt 0.085154 0.071964
vt 0.070687 0.070460
vt 0.084651 0.070460
vt 0.083149 0.069205
vt 0.072188 0.069205
vt 0.074681 0.068449
vt 0.080657 0.068449
vt 0.077669 0.068196
vt 0.621221 0.061033
vt 0.636191 0.061033
vt 0.621724 0.059528
vt 0.635688 0.059528
vt 0.623225 0.058273
vt 0.634187 0.058273
vt 0.625718 0.057517
vt 0.631694 0.057517
vt 0.628706 0.057264
vt 0.466250 0.074424
vt 0.464746 0.073921
vt 0.466250 0.059454
vt 0.464746 0.059956
vt 0.463491 0.072419
vt 0.463491 0.061458
vt 0.462735 0.069927
vt 0.462735 0.063951
vt 0.462482 0.066939
vt 0.477142 0.063136
vt 0.477645 0.061631
vt 0.492112 0.063136
vt 0.491609 0.061631
vt 0.479147 0.060377
vt 0.490108 0.060377
vt 0.481639 0.059620
vt 0.487615 0.059620
vt 0.484627 0.059367
vt 0.429622 0.848044
vt 0.430655 0.846068
vt 0.429622 0.867888
vt 0.430655 0.869864
vt 0.432724 0.844950
vt 0.432724 0.870982
vt 0.465161 0.844865
vt 0.465161 0.871067
vt 0.466932 0.871067
vt 0.466932 0.844865
vt 0.472499 0.844951
vt 0.472499 0.870980
vt 0.414471 0.632725
vt 0.417465 0.633166
vt 0.415971 0.676123
vt -0.584028 0.676123
vt -0.582535 0.633166
vt -0.585529 0.632725
vt 0.866742 0.379084
vt 0.841390 0.379122
vt 0.433719 0.612376
vt 0.435193 0.609222
vt 0.437627 0.612996
vt 0.439089 0.609228
vt 0.439511 0.605838
vt 0.431607 0.616091
vt 0.424592 0.624215
vt 0.427268 0.625614
vt -0.568393 0.616091
vt -0.575408 0.624215
vt -0.572732 0.625614
vt 0.421483 0.630592
vt -0.578517 0.630592
vt 0.418623 0.629303
vt -0.581377 0.629303
vt 0.420089 0.676289
vt -0.579911 0.676289
vt -0.565030 0.616840
vt 0.412939 0.675994
vt 0.426830 0.676526
vt 0.433128 0.676749
vt -0.587061 0.675994
vt -0.573170 0.676526
vt -0.566872 0.676749
vt -0.500349 0.637934
vt -0.490873 0.678230
vt 0.931287 0.229131
vt 0.933341 0.229140
vt 0.950941 0.229220
vt 0.933326 0.246403
vt 0.931306 0.247081
vt 0.950800 0.246482
vt 0.952996 0.229229
vt 0.952814 0.247177
vt 0.954602 0.229236
vt 0.954513 0.248022
vt 0.929600 0.247910
vt 0.929681 0.229124
vt 0.911193 0.876423
vt 0.879987 0.876230
vt 0.907983 0.880259
vt -0.122430 0.873647
vt -0.122439 0.876229
vt -0.120008 0.873655
vt -0.120017 0.876268
vt -0.120034 0.880420
vt -0.122457 0.880504
vt -0.122471 0.882728
vt -0.093758 0.882912
vt -0.092017 0.880259
vt -0.088807 0.876423
vt 0.879983 0.876268
vt 0.877561 0.876229
vt 0.879992 0.873655
vt 0.877570 0.873647
vt 0.879966 0.880420
vt 0.877543 0.880504
vt 0.877529 0.882728
vt 0.906242 0.882912
vt 0.028935 0.393341
vt 0.027553 0.391659
vt 0.030164 0.390763
vt 0.030394 0.392836
vt 0.032928 0.391043
vt 0.027937 0.394125
vt 0.029088 0.395470
vt 0.028013 0.395190
vt 0.029780 0.393677
vt 0.029933 0.394742
vt 0.028628 0.387344
vt 0.026401 0.388017
vt 0.258468 0.501609
vt 0.254935 0.504747
vt 0.254321 0.504299
vt 0.252708 0.509118
vt 0.033158 0.387344
vt 0.253400 0.509174
vt 0.253707 0.514161
vt 0.030855 0.387064
vt 0.027860 0.383534
vt 0.030931 0.383254
vt 0.024865 0.384486
vt 0.263076 0.500712
vt 0.258161 0.500936
vt 0.602576 0.795199
vt 0.597814 0.793461
vt 0.602576 0.793461
vt 0.597814 0.792284
vt 0.023483 0.380676
vt 0.031930 0.392892
vt 0.035232 0.392556
vt 0.035385 0.388073
vt 0.025710 0.393565
vt 0.024404 0.389250
vt 0.022024 0.386000
vt 0.030931 0.379275
vt 0.034771 0.379667
vt 0.034003 0.383590
vt 0.031008 0.375408
vt 0.036614 0.367226
vt 0.035385 0.375856
vt 0.027169 0.379611
vt 0.022331 0.376977
vt 0.025326 0.367170
vt 0.026631 0.375800
vt 0.031008 0.366722
vt 0.036998 0.384542
vt 0.039763 0.386112
vt 0.037382 0.389362
vt 0.038457 0.380788
vt 0.041836 0.382581
vt 0.042220 0.388241
vt 0.602576 0.825740
vt 0.597814 0.795199
vt 0.267606 0.502225
vt 0.263152 0.499927
vt 0.022715 0.390875
vt 0.267990 0.501553
vt 0.261924 0.518869
vt 0.266531 0.517972
vt 0.257470 0.517356
vt 0.261847 0.519597
vt 0.257009 0.517972
vt 0.019950 0.368571
vt 0.607414 0.795199
vt 0.607414 0.825740
vt 0.607414 0.793461
vt 0.602576 0.792284
vt 0.018337 0.378826
vt 0.020027 0.382413
vt 0.612175 0.795199
vt 0.617013 0.825740
vt 0.612175 0.825740
vt 0.597814 0.825740
vt 0.592977 0.795199
vt 0.592977 0.825740
vt 0.588215 0.795199
vt 0.588215 0.825740
vt 0.588215 0.793461
vt 0.588215 0.792284
vt 0.592977 0.792284
vt 0.592977 0.793461
vt 0.583377 0.792284
vt 0.583377 0.795199
vt 0.583377 0.793461
vt 0.612175 0.793461
vt 0.607414 0.792284
vt 0.612175 0.792284
vt 0.617013 0.793461
vt 0.617013 0.795199
vt 0.621851 0.825740
vt 0.621851 0.795199
vt 0.626688 0.825740
vt 0.621851 0.793461
vt 0.617013 0.792284
vt 0.621851 0.792284
vt 0.019566 0.388073
vt 0.017493 0.390651
vt 0.021409 0.392948
vt 0.270678 0.505755
vt 0.033235 0.393621
vt 0.036307 0.395022
vt 0.033696 0.394630
vt 0.014882 0.370701
vt 0.041990 0.368571
vt 0.039686 0.377089
vt 0.016802 0.384767
vt 0.039071 0.390987
vt 0.612175 0.790940
vt 0.612175 0.788866
vt 0.617013 0.788866
vt 0.617013 0.790940
vt 0.621851 0.788866
vt 0.607414 0.790940
vt 0.607414 0.788866
vt 0.602576 0.790940
vt 0.602576 0.788866
vt 0.597814 0.790940
vt 0.592977 0.790940
vt 0.597814 0.788866
vt 0.592977 0.788866
vt 0.588215 0.790940
vt 0.588215 0.788866
vt 0.583377 0.790940
vt 0.583377 0.788866
vt 0.578539 0.790940
vt 0.578539 0.788866
vt 0.573702 0.790940
vt 0.573702 0.788866
vt 0.621851 0.790940
vt 0.626688 0.788866
vt 0.626688 0.790940
vt 0.631450 0.788866
vt 0.631450 0.790940
vt 0.129303 0.484629
vt 0.133450 0.467144
vt 0.133910 0.483228
vt 0.119704 0.475606
vt 0.120856 0.470955
vt 0.121086 0.480202
vt 0.124158 0.467425
vt 0.124618 0.483508
vt 0.128765 0.466024
vt 0.136905 0.470451
vt 0.137212 0.479753
vt 0.138288 0.475046
vt 0.025556 0.396199
vt 0.020795 0.395302
vt 0.040377 0.393173
vt 0.013960 0.387625
vt 0.014575 0.381348
vt 0.041222 0.395582
vt 0.010351 0.373391
vt 0.011119 0.384262
vt 0.047058 0.370757
vt 0.043602 0.378995
vt 0.047288 0.381516
vt 0.044985 0.384935
vt 0.015880 0.393677
vt 0.044370 0.390819
vt 0.045983 0.393845
vt 0.011426 0.390875
vt 0.583377 0.825740
vt 0.578539 0.795199
vt 0.578539 0.825740
vt 0.578539 0.793461
vt 0.578539 0.792284
vt 0.573702 0.795199
vt 0.573702 0.793461
vt 0.051742 0.373503
vt 0.047826 0.387793
vt 0.050360 0.391043
vt 0.007740 0.387457
vt 0.006204 0.376417
vt 0.573702 0.792284
vt 0.573702 0.825740
vt 0.050667 0.384486
vt 0.053892 0.387625
vt 0.002441 0.379219
vt 0.055812 0.376529
vt 0.059652 0.379555
vt -0.566281 0.612376
vt -0.562373 0.612996
vt -0.564807 0.609222
vt -0.560911 0.609228
vt -0.560489 0.605838
vt 0.435327 0.605835
vt -0.564673 0.605835
vt -0.500097 0.630509
vt -0.490550 0.617970
vt -0.490500 0.613992
vt -0.490459 0.610165
vt -0.490424 0.606747
vt -0.392224 0.637773
vt -0.375595 0.636485
vt -0.481661 0.637758
vt -0.481785 0.630449
vt -0.390255 0.636139
vt -0.390593 0.631704
vt -0.375543 0.631784
vt -0.498597 0.631729
vt -0.483623 0.636531
vt -0.498342 0.636316
vt -0.483428 0.632001
vt 0.254321 0.513825
vt 0.266915 0.518645
vt 0.270064 0.514834
vt 0.271599 0.510351
vt 0.271369 0.505419
vt 0.626688 0.795199
vt 0.626688 0.793461
vt 0.631450 0.825740
vt 0.631450 0.795199
vt 0.626688 0.792284
vt 0.631450 0.793461
vt 0.631450 0.792284
vt 0.270755 0.515226
vt 0.272367 0.510407
s 1
usemtl Mag1Mtl
f 1/1/1 2/2/2 5/3/3
f 1/1/1 3/4/4 2/2/2
f 1/1/1 4/5/5 3/4/4
f 7/6/1 4/5/5 1/1/1
f 1/1/1 5/3/3 6/7/6
f 6/7/6 8/8/7 1/1/1
f 10/9/1 7/6/1 1/1/1
f 8/8/7 9/10/7 1/1/1
f 10/9/1 12/11/8 11/12/9
f 10/9/1 11/12/9 7/6/1
f 10/9/1 13/13/10 12/11/8
f 14/14/10 13/13/10 10/9/1
f 8/8/7 15/15/11 9/10/7
f 15/15/11 16/16/11 9/10/7
f 15/15/11 17/17/12 16/16/11
f 17/17/12 18/18/12 16/16/11
f 19/19/13 21/20/14 20/21/15
f 22/22/16 24/19/13 23/21/15
f 25/22/16 27/21/15 26/23/17
f 28/24/18 30/22/16 29/23/17
f 34/23/19 31/25/20 32/26/21
f 31/25/20 33/27/20 32/26/21
f 35/28/22 34/23/22 36/26/21
f 37/29/18 39/24/18 35/28/17
f 37/29/18 35/28/17 38/30/23
f 39/24/18 41/23/17 40/28/17
f 42/31/24 37/29/18 38/30/23
f 43/32/25 44/24/26 37/29/26
f 45/33/27 46/32/25 37/29/28
f 47/34/25 46/32/25 45/33/27
f 48/35/27 47/34/25 45/33/27
f 33/27/20 49/36/21 32/26/21
f 53/37/29 50/6/30 51/38/31
f 50/6/30 52/12/32 51/38/31
f 54/39/33 56/40/34 55/41/35
f 55/41/35 56/40/34 57/42/36
f 58/12/37 60/43/38 59/38/39
f 61/12/40 62/11/8 60/43/38
f 63/44/41 65/39/42 64/41/43
f 66/45/44 67/39/33 63/44/45
f 68/46/46 70/4/4 69/47/47
f 71/48/48 73/49/38 72/47/49
f 74/50/50 76/45/44 75/44/41
f 77/51/51 79/37/52 78/38/53
f 83/46/54 80/47/55 81/52/56
f 80/47/55 82/49/57 81/52/56
f 86/4/58 84/5/30 80/47/31
f 84/5/30 85/48/48 80/47/31
f 87/2/2 88/4/58 83/46/59
f 89/53/60 91/54/61 90/55/62
f 90/55/62 91/54/61 92/56/63
f 91/54/35 94/57/34 93/58/64
f 95/59/65 94/57/34 91/54/35
f 92/56/66 97/58/67 96/60/68
f 98/61/69 100/56/70 99/60/71
f 101/43/72 103/62/73 102/63/74
f 101/43/72 104/64/75 103/62/73
f 105/65/76 107/44/60 106/66/77
f 108/50/78 107/44/60 105/65/76
f 109/67/79 111/59/65 110/53/45
f 112/68/80 114/46/54 113/69/81
f 113/69/81 114/46/54 115/52/82
f 116/70/83 118/56/70 117/61/84
f 116/70/85 120/55/86 119/56/87
f 121/71/88 123/72/89 122/50/90
f 124/11/91 126/13/92 125/64/93
f 127/49/72 128/73/73 130/52/74
f 127/49/72 129/74/94 128/73/73
f 131/75/95 129/74/96 132/49/38
f 133/76/78 135/53/60 134/77/76
f 133/76/50 137/67/79 136/53/97
f 134/77/76 135/53/60 138/55/77
f 139/64/94 141/78/98 140/79/99
f 142/80/81 144/51/54 143/63/82
f 145/81/80 144/51/54 142/80/81
f 145/81/100 147/82/101 146/51/51
f 148/83/102 149/84/87 151/85/84
f 148/83/102 150/66/103 149/84/87
f 151/85/69 153/84/70 152/86/104
f 154/84/105 156/41/106 155/42/36
f 154/84/66 158/42/107 157/86/108
f 159/85/109 157/86/110 160/87/111
f 161/88/112 163/89/113 162/79/114
f 164/90/115 166/91/116 165/92/117
f 167/89/113 169/62/118 168/79/114
f 167/89/113 170/93/119 169/62/118
f 171/78/98 172/88/120 168/79/99
f 173/91/121 175/65/122 174/92/123
f 176/90/124 177/71/125 173/91/126
f 174/92/123 175/65/122 178/94/127
f 179/95/128 181/96/129 180/97/130
f 182/96/129 183/68/80 180/97/131
f 180/97/132 185/69/133 184/98/134
f 184/98/134 185/69/133 186/99/135
f 187/97/136 188/68/80 185/69/137
f 189/96/138 190/3/3 183/68/139
f 191/100/140 193/61/141 192/101/142
f 194/102/143 193/61/84 195/100/144
f 196/103/145 194/102/143 197/100/144
f 198/70/146 194/102/147 199/104/148
f 198/70/146 199/104/148 200/105/149
f 201/102/150 198/70/83 202/61/84
f 203/3/3 205/2/151 204/68/152
f 206/66/62 208/41/61 207/84/63
f 209/44/60 208/41/61 206/66/62
f 212/65/153 206/66/154 210/94/155
f 206/66/154 211/83/156 210/94/155
f 213/91/157 214/50/78 212/65/158
f 215/72/89 216/45/159 214/50/160
f 210/94/155 217/106/161 219/92/162
f 217/106/161 210/94/155 218/107/163
f 220/108/164 222/78/165 221/109/166
f 222/78/165 220/108/164 223/88/120
f 224/110/167 226/71/168 225/90/169
f 224/110/167 227/111/170 226/71/168
f 228/112/171 230/31/172 229/113/171
f 231/31/172 233/30/173 232/113/171
f 235/114/171 237/115/171 234/116/174
f 234/116/174 236/117/175 235/114/171
f 237/115/171 238/118/171 234/116/174
f 238/118/171 239/119/171 234/116/174
f 240/120/171 241/121/171 239/119/171
f 238/118/171 240/120/171 239/119/171
f 240/120/171 242/122/171 241/121/171
f 242/122/171 243/123/171 241/121/171
f 236/117/175 244/124/171 235/114/171
f 236/117/175 245/125/171 244/124/171
f 246/126/171 245/125/171 236/117/175
f 247/127/171 246/126/171 236/117/175
f 248/128/171 246/126/171 247/127/171
f 249/129/171 248/128/171 247/127/171
f 251/130/171 250/131/171 249/129/171
f 250/131/171 248/128/171 249/129/171
f 235/114/171 244/124/171 252/132/171
f 244/124/171 253/133/171 252/132/171
f 253/133/171 255/134/171 254/135/171
f 252/132/171 253/133/171 254/135/171
f 255/134/171 257/136/171 256/137/171
f 254/135/171 255/134/171 256/137/171
f 258/51/54 260/38/55 259/63/56
f 260/38/55 261/43/57 259/63/56
f 262/80/176 259/63/177 263/93/178
f 263/93/178 259/63/177 264/62/179
f 265/64/94 266/79/180 264/62/181
f 263/93/182 268/138/183 267/139/184
f 263/93/182 269/89/185 268/138/183
f 270/108/186 272/140/187 271/88/120
f 271/88/188 274/140/189 273/141/190
f 275/142/191 277/143/192 276/90/115
f 278/143/193 279/110/194 276/90/169
f 280/78/195 282/13/196 281/109/166
f 283/144/112 285/145/197 284/146/198
f 286/147/199 288/148/121 287/149/123
f 289/150/98 291/144/120 290/146/99
f 292/151/136 294/81/80 293/80/137
f 297/151/200 293/80/133 295/139/134
f 295/139/134 293/80/133 296/93/135
f 298/147/124 300/152/125 299/148/126
f 301/153/150 303/83/83 302/85/201
f 303/83/156 305/107/202 304/94/149
f 303/83/203 307/153/204 306/107/148
f 308/145/113 310/73/118 309/146/205
f 311/148/121 313/77/122 312/149/123
f 314/19/206 316/22/16 315/154/207
f 317/21/15 319/20/208 318/155/209
f 320/156/210 322/21/15 321/155/209
f 323/157/211 325/158/207 324/159/211
f 326/22/212 328/159/211 327/154/207
f 329/158/207 331/154/207 330/159/211
f 332/160/209 334/161/213 333/155/209
f 335/74/94 337/150/98 336/146/99
f 338/152/125 340/76/78 339/148/214
f 341/89/185 343/141/215 342/138/183
f 341/89/216 345/88/112 344/141/190
f 346/106/161 348/142/217 347/92/162
f 347/92/218 350/142/191 349/90/115
f 351/96/219 353/162/220 352/163/221
f 351/96/219 354/95/222 353/162/220
f 356/164/223 355/165/224 354/95/222
f 354/95/222 355/165/224 353/162/220
f 357/166/225 359/167/226 358/100/227
f 358/100/227 359/167/226 360/103/228
f 359/167/226 361/168/229 360/103/228
f 361/168/229 362/169/230 360/103/228
f 363/170/231 365/151/200 364/139/134
f 366/98/232 368/164/223 367/95/231
f 369/169/230 371/104/233 370/103/234
f 372/21/15 374/156/235 373/25/20
f 375/23/22 377/21/236 376/25/20
f 378/22/237 380/24/26 379/32/238
f 381/34/238 383/157/239 382/32/25
f 384/157/239 386/159/240 385/32/25
f 387/159/239 389/22/241 388/32/242
f 390/161/243 392/27/20 391/156/235
f 393/27/20 395/25/20 394/156/235
f 396/95/231 398/97/200 397/98/244
f 399/99/182 400/171/245 397/98/184
f 399/99/182 401/145/185 400/171/245
f 402/145/246 399/99/119 403/73/179
f 404/74/247 405/146/180 403/73/181
f 406/99/178 407/52/177 403/73/179
f 408/69/176 407/52/177 406/99/178
f 409/75/95 410/172/248 404/74/93
f 411/173/249 410/172/250 412/174/251
f 413/148/157 415/76/78 414/77/158
f 416/175/252 417/67/253 415/76/160
f 418/176/254 419/177/255 416/175/256
f 420/149/257 414/77/153 421/105/127
f 414/77/153 423/55/154 422/105/155
f 423/55/154 424/70/156 422/105/155
f 421/105/155 426/178/258 425/149/162
f 426/178/258 421/105/155 427/104/163
f 428/102/147 429/103/234 427/104/148
f 430/171/183 432/164/259 431/98/260
f 433/19/261 435/154/207 434/20/208
f 436/154/207 438/155/209 437/20/262
f 439/154/207 441/158/207 440/155/209
f 442/158/207 444/160/209 443/155/209
f 445/169/263 447/178/161 446/104/163
f 448/152/88 450/175/264 449/76/90
f 451/153/143 453/85/84 452/179/144
f 454/180/265 455/153/143 452/179/144
f 456/153/147 454/180/234 457/107/266
f 461/181/267 458/182/268 459/183/269
f 458/182/268 460/184/270 459/183/269
f 461/181/271 463/185/272 462/182/273
f 463/185/272 464/186/274 462/182/273
f 463/185/272 465/187/272 464/186/274
f 465/187/272 467/188/272 466/189/274
f 465/187/272 466/189/274 464/186/274
f 467/188/272 468/190/274 466/189/274
f 468/190/274 467/188/272 469/191/274
f 467/188/272 470/192/272 469/191/274
f 471/3/275 473/163/276 472/7/277
f 471/3/275 474/96/278 473/163/276
f 475/193/279 477/166/225 476/101/280
f 476/101/280 477/166/225 478/100/140
f 479/145/185 481/194/215 480/171/183
f 482/145/216 483/144/112 481/194/190
f 484/178/161 486/195/217 485/149/162
f 487/149/218 486/195/191 488/147/115
f 489/196/129 491/81/80 490/151/130
f 492/170/128 489/196/129 493/151/130
f 494/144/112 496/197/189 495/194/190
f 497/198/186 496/197/189 494/144/112
f 498/14/10 500/109/166 499/13/10
f 501/195/191 503/199/281 502/147/115
f 503/199/281 504/200/194 502/147/115
f 505/138/183 507/201/259 506/139/260
f 506/139/232 509/201/223 508/170/231
f 510/202/230 512/107/233 511/180/234
f 513/202/282 514/106/161 512/107/163
f 515/72/283 517/111/284 516/203/283
f 521/204/11 518/205/12 519/15/11
f 518/205/12 520/17/285 519/15/11
f 522/8/7 523/206/286 521/204/11
f 519/15/11 522/8/7 521/204/11
f 522/8/7 524/7/6 523/206/286
f 524/7/6 525/207/27 523/206/286
f 525/207/27 526/208/287 527/209/288
f 525/207/27 524/7/6 526/208/287
f 528/210/289 530/211/290 529/212/291
f 531/193/292 529/212/291 530/211/290
f 532/213/293 529/212/291 531/193/292
f 533/214/293 532/213/293 531/193/292
f 535/215/294 534/216/294 533/214/293
f 534/216/294 532/213/293 533/214/293
f 534/216/294 535/215/294 536/217/295
f 535/215/294 537/218/296 536/217/295
f 538/219/297 540/30/298 539/26/21
f 540/30/299 542/28/22 541/26/21
f 543/29/300 545/31/301 544/220/302
f 546/33/27 543/29/26 547/220/303
f 548/75/304 550/82/305 549/221/306
f 551/172/250 553/221/306 552/174/251
f 554/5/1 556/6/1 555/37/307
f 557/48/48 559/5/1 558/37/307
f 560/75/304 557/48/48 561/82/305
f 562/48/48 564/37/308 563/82/305
f 565/87/309 567/86/310 566/67/311
f 568/67/311 570/86/310 569/59/65
f 569/59/65 572/42/312 571/57/313
f 573/86/310 575/42/312 574/59/65
f 576/42/314 578/40/313 577/57/313
f 579/177/255 581/87/309 580/175/256
f 582/172/315 584/75/304 583/221/306
f 583/221/316 586/196/278 585/174/317
f 586/196/138 588/222/318 587/174/319
f 589/175/256 591/87/309 590/67/311
f 591/87/320 593/177/321 592/179/140
f 594/177/322 595/223/323 592/179/140
f 599/215/294 596/224/324 597/218/325
f 596/224/324 598/225/326 597/218/325
f 600/226/293 596/224/324 599/215/294
f 601/214/293 600/226/293 599/215/294
f 602/227/313 600/226/293 601/214/293
f 603/193/292 602/227/313 601/214/293
f 603/193/292 604/101/280 602/227/313
f 604/101/280 605/60/68 602/227/313
f 605/60/68 606/58/64 602/227/313
f 606/58/64 607/57/327 602/227/313
f 602/227/313 607/57/327 608/40/313
f 609/228/313 602/227/313 608/40/313
f 608/40/313 610/39/42 609/228/313
f 610/39/42 611/45/328 609/228/313
f 611/45/328 612/72/283 609/228/313
f 612/72/283 613/203/283 609/228/313
f 614/170/222 616/229/329 615/222/330
f 617/201/223 618/229/224 614/170/331
f 619/14/332 621/230/333 620/109/334
f 622/231/335 623/174/251 620/109/334
f 624/173/336 623/174/251 622/231/335
f 622/231/335 625/208/337 624/173/336
f 626/223/338 628/232/339 627/180/145
f 629/232/340 630/202/230 627/180/234
f 631/233/341 633/176/254 632/211/290
f 631/233/341 634/177/342 633/176/254
f 635/111/284 634/177/342 631/233/341
f 636/203/283 635/111/170 637/234/343
f 638/230/344 640/231/345 639/109/334
f 641/196/138 643/221/346 642/81/139
f 644/179/140 646/85/141 645/87/320
f 650/235/11 647/236/12 648/204/11
f 647/236/12 649/205/347 648/204/11
f 648/204/11 651/206/7 650/235/11
f 651/206/7 652/237/7 650/235/11
f 651/206/7 653/207/27 652/237/7
f 653/207/27 654/238/27 652/237/7
f 653/207/27 655/209/288 654/238/27
f 655/209/288 656/239/348 654/238/27
f 654/238/27 656/239/348 657/240/349
f 657/240/349 656/239/348 658/241/350
f 659/242/351 657/240/352 660/243/353
f 660/243/353 662/244/354 661/245/355
f 663/246/353 660/243/353 664/245/355
f 663/246/353 656/239/348 665/247/353
f 666/248/27 663/246/353 665/247/353
f 667/230/344 666/248/27 665/247/353
f 667/230/344 665/247/353 668/231/356
f 668/231/356 665/247/353 669/249/355
f 656/239/348 655/209/288 665/247/353
f 665/247/353 671/250/354 670/249/355
f 656/239/357 673/251/358 672/241/350
f 655/209/359 675/208/360 674/252/350
f 675/208/360 677/253/358 676/252/350
f 678/7/361 679/163/276 675/208/337
f 680/208/337 679/163/362 681/173/249
f 682/150/165 684/198/164 683/144/120
f 684/198/164 682/150/165 685/173/336
f 686/200/167 688/152/168 687/147/363
f 686/200/167 689/176/254 688/152/168
f 690/196/219 692/170/222 691/222/364
f 693/179/144 695/223/338 694/180/228
f 696/150/195 698/172/365 697/173/336
f 702/254/366 699/255/367 700/256/21
f 699/255/367 701/257/368 700/256/21
f 703/255/367 702/254/366 704/258/369
f 700/256/21 705/259/21 707/254/370
f 700/256/21 706/260/21 705/259/21
f 705/259/21 708/261/371 707/254/370
f 708/261/371 709/262/372 707/254/370
f 709/262/372 710/263/373 707/254/370
f 707/254/370 712/264/374 711/258/375
f 713/263/373 712/264/374 707/254/370
f 714/262/376 708/261/21 715/265/21
f 715/265/21 716/266/21 714/262/376
f 715/265/21 717/267/21 716/266/21
f 717/267/21 706/260/21 719/268/21
f 706/260/21 717/267/21 718/259/21
f 717/267/21 719/268/21 716/266/21
f 720/269/21 721/270/21 719/268/21
f 706/260/21 720/269/21 719/268/21
f 722/271/21 721/270/21 720/269/21
f 723/272/21 721/270/21 722/271/21
f 723/272/21 724/273/21 721/270/21
f 723/272/21 725/274/377 724/273/21
f 725/274/377 716/266/21 724/273/21
f 723/272/21 726/275/374 725/274/377
f 726/275/374 727/276/374 725/274/377
f 725/274/377 727/276/374 714/262/376
f 716/266/21 725/274/377 714/262/376
f 727/276/374 728/263/378 714/262/376
f 732/277/379 729/278/380 730/279/381
f 729/278/380 731/280/382 730/279/381
f 729/278/380 732/277/379 733/281/27
f 734/282/27 729/278/380 733/281/27
f 734/282/27 735/283/27 729/278/380
f 736/284/27 738/278/383 735/283/27
f 736/284/27 735/283/27 737/285/384
f 737/285/384 739/286/27 740/287/27
f 736/284/27 737/285/384 740/287/27
f 736/284/27 740/287/27 741/288/385
f 740/287/27 742/289/386 741/288/385
f 744/290/27 743/291/27 739/286/27
f 743/291/27 746/292/27 739/286/27
f 745/285/27 744/290/27 739/286/27
f 743/291/27 747/293/27 746/292/27
f 746/292/27 747/293/27 748/294/27
f 747/293/27 749/295/27 748/294/27
f 751/296/384 732/277/379 749/295/27
f 749/295/27 732/277/379 750/297/381
f 747/293/27 751/296/384 749/295/27
f 751/296/384 733/281/27 732/277/379
f 732/277/379 730/279/381 750/297/381
f 733/281/27 743/291/27 744/290/27
f 734/282/27 733/281/27 744/290/27
f 752/278/383 736/284/27 753/280/387
f 736/284/27 755/298/381 754/280/387
f 755/298/381 736/284/27 756/299/388
f 736/284/27 757/288/385 756/299/388
f 761/300/389 758/301/390 759/302/391
f 758/301/390 760/303/392 759/302/391
f 759/302/391 760/303/392 762/304/391
f 760/303/392 763/305/392 762/304/391
f 763/305/392 760/303/392 766/306/393
f 766/306/393 760/303/392 764/307/394
f 760/303/392 765/301/395 764/307/394
f 767/308/393 763/305/392 766/306/393
f 767/308/393 766/306/393 770/309/396
f 766/306/397 769/307/398 768/310/399
f 770/309/396 766/306/393 771/310/399
f 772/311/396 767/308/393 770/309/396
f 773/312/400 759/302/391 762/304/391
f 774/313/400 773/312/400 762/304/391
f 775/314/401 773/312/400 774/313/400
f 776/315/401 775/314/401 774/313/400
f 775/314/401 777/316/402 773/312/400
f 777/316/402 778/317/403 773/312/400
f 773/312/400 779/317/404 759/302/391
f 779/317/404 780/300/405 759/302/391
f 781/318/406 783/319/406 782/320/406
f 784/321/406 782/320/406 783/319/406
f 785/322/406 784/321/406 783/319/406
f 785/322/406 786/323/406 784/321/406
f 786/323/406 788/324/406 787/325/406
f 784/321/406 786/323/406 787/325/406
f 786/323/406 789/326/406 788/324/406
f 789/326/406 790/327/406 788/324/406
f 789/326/406 791/328/406 790/327/406
f 791/328/406 792/329/406 790/327/406
f 792/329/406 791/328/406 793/330/406
f 791/328/406 794/331/406 793/330/406
f 787/325/406 788/324/406 795/332/406
f 787/325/406 795/332/406 796/333/406
f 797/334/406 787/325/406 796/333/406
f 797/334/406 796/333/406 798/335/406
f 799/336/407 801/337/407 800/338/407
f 801/337/407 802/339/407 800/338/407
f 802/339/407 804/340/407 803/341/407
f 800/338/407 802/339/407 803/341/407
f 803/341/407 804/340/407 805/342/407
f 804/340/407 806/343/407 805/342/407
f 807/344/407 805/342/407 806/343/407
f 808/345/407 810/346/407 809/347/407
f 810/346/407 811/348/407 809/347/407
f 809/347/407 811/348/407 812/349/407
f 811/348/407 813/350/407 812/349/407
f 812/349/407 813/350/407 814/351/407
f 813/350/407 815/352/407 814/351/407
f 816/353/408 814/351/407 815/352/407
f 817/354/407 819/355/407 818/356/407
f 819/355/407 820/357/407 818/356/407
f 819/355/407 821/358/407 820/357/407
f 821/358/407 822/359/407 820/357/407
f 821/358/407 823/360/407 822/359/407
f 823/360/407 824/361/407 822/359/407
f 825/361/407 827/360/407 826/362/407
f 828/363/407 830/364/407 829/365/407
f 830/364/407 831/366/407 829/365/407
f 830/364/407 832/367/407 831/366/407
f 832/367/407 833/368/407 831/366/407
f 832/367/407 834/369/407 833/368/407
f 835/370/407 834/369/407 836/371/409
f 834/369/407 835/370/407 833/368/407
f 837/372/407 839/373/407 838/374/407
f 839/373/407 840/375/407 838/374/407
f 839/373/407 841/376/407 840/375/407
f 841/376/407 842/377/407 840/375/407
f 842/377/407 841/376/407 843/378/410
f 844/379/410 842/377/407 843/378/410
f 845/379/410 843/378/410 846/380/411
f 843/378/410 847/381/411 846/380/411
f 846/380/411 847/381/411 848/382/407
f 849/383/407 846/380/411 848/382/407
f 850/384/412 852/385/413 851/386/414
f 853/387/415 855/388/416 854/389/412
f 856/390/407 858/391/407 857/116/417
f 858/391/407 859/117/418 857/116/417
f 860/392/419 862/393/420 861/394/421
f 863/393/420 864/395/422 861/394/421
f 865/396/423 864/395/422 863/393/420
f 866/392/424 868/394/421 867/242/351
f 869/397/425 871/392/426 870/242/427
f 872/398/428 874/397/425 873/399/429
f 875/400/430 877/401/431 876/402/432
f 878/398/428 880/399/433 879/403/434
f 881/402/435 883/401/436 882/404/437
f 884/405/438 886/403/434 885/385/439
f 884/405/438 888/398/440 887/403/441
f 889/404/442 891/406/438 890/388/416
f 892/401/443 891/406/438 893/404/444
f 894/403/445 896/407/446 895/385/439
f 897/408/447 899/404/448 898/388/449
f 900/397/450 902/242/427 901/399/433
f 903/409/451 905/400/452 904/402/453
f 906/384/454 908/405/455 907/385/439
f 909/406/455 911/389/456 910/388/457
f 912/410/407 914/384/412 913/386/414
f 915/407/446 913/386/458 916/385/439
f 917/411/459 915/407/460 918/403/461
f 919/412/462 917/411/463 920/399/464
f 921/413/407 923/387/415 922/389/412
f 923/387/465 925/408/447 924/388/449
f 925/408/466 927/414/467 926/404/468
f 927/414/469 929/415/470 928/402/471
f 930/399/472 932/411/459 931/403/461
f 933/414/467 935/402/473 934/404/474
f 936/395/475 937/235/11 939/237/476
f 936/395/475 938/396/477 937/235/11
f 940/394/421 936/395/478 941/237/479
f 940/394/421 941/237/479 942/238/27
f 943/242/351 942/238/27 944/240/352
f 943/242/351 940/394/421 942/238/27
f 938/396/477 945/236/285 937/235/11
f 946/242/480 948/412/462 947/399/464
f 946/242/351 950/243/353 949/412/481
f 950/243/353 951/248/27 949/412/481
f 953/416/482 955/409/483 952/415/484
f 952/415/484 954/417/371 953/416/482
f 956/415/470 955/409/485 957/402/471
f 958/307/486 960/301/487 959/418/488
f 960/301/487 961/419/392 959/418/488
f 964/420/391 961/419/392 962/300/489
f 961/419/392 963/301/490 962/300/489
f 965/421/392 961/419/392 964/420/391
f 959/418/488 961/419/392 965/421/392
f 966/422/491 959/418/488 965/421/392
f 967/423/391 965/421/392 964/420/391
f 968/424/492 969/425/493 967/423/391
f 964/420/391 968/424/492 967/423/391
f 970/426/401 971/427/494 969/425/493
f 968/424/492 970/426/401 969/425/493
f 970/426/401 968/424/492 972/317/495
f 973/316/496 970/426/401 972/317/495
f 968/424/492 964/420/391 974/300/497
f 975/317/498 968/424/492 974/300/497
f 966/422/491 977/428/499 976/429/396
f 959/418/488 966/422/491 976/429/396
f 978/307/500 959/418/488 976/429/396
f 979/310/501 978/307/500 976/429/396
f 980/430/502 981/431/503 983/257/504
f 980/430/502 982/432/505 981/431/503
f 984/255/506 980/430/502 983/257/504
f 985/433/507 987/434/508 986/435/509
f 987/434/508 988/436/510 986/435/509
f 989/437/511 988/436/510 987/434/508
f 990/438/512 989/437/511 987/434/508
f 990/438/512 991/439/513 989/437/511
f 989/437/511 991/439/513 992/440/514
f 993/441/515 989/437/511 992/440/514
f 994/436/516 989/437/511 993/441/515
f 995/442/517 994/436/516 993/441/515
f 996/289/518 994/436/516 995/442/517
f 997/288/519 996/289/518 995/442/517
f 1001/443/520 998/444/521 999/445/522
f 998/444/521 1000/446/522 999/445/522
f 1001/443/520 1002/447/523 998/444/521
f 1002/447/523 1003/448/524 998/444/521
f 1002/447/523 1004/449/525 1003/448/524
f 1005/450/526 1004/449/525 1002/447/523
f 1006/432/527 1005/450/526 1002/447/523
f 1006/432/527 1002/447/523 1007/431/528
f 1008/451/529 1010/452/530 1009/453/531
f 1011/454/532 1013/453/533 1012/455/534
f 1014/456/535 1016/457/536 1015/458/537
f 1014/456/535 1017/451/538 1016/457/536
f 1018/457/536 1019/459/539 1021/460/540
f 1018/457/536 1020/451/541 1019/459/539
f 1022/452/542 1024/461/543 1023/453/531
f 1025/452/542 1027/462/544 1026/461/543
f 1028/463/545 1030/464/546 1029/465/547
f 1030/464/546 1032/466/548 1031/465/549
f 1033/453/550 1035/467/551 1034/455/552
f 1036/464/546 1038/468/553 1037/466/548
f 1039/468/553 1040/469/554 1037/466/555
f 1041/461/556 1043/470/557 1042/453/558
f 1044/471/559 1045/470/560 1041/461/561
f 1046/453/550 1048/470/562 1047/467/563
f 1049/472/564 1047/467/565 1050/470/566
f 1051/473/567 1053/461/568 1052/462/569
f 1054/474/570 1056/463/571 1055/475/572
f 1057/476/573 1059/477/574 1058/478/575
f 1058/478/575 1059/477/574 1060/479/576
f 1061/480/577 1063/471/578 1062/473/567
f 1064/481/579 1066/455/580 1065/482/581
f 1067/467/582 1068/483/583 1066/455/584
f 1069/451/585 1071/484/586 1070/452/587
f 1072/485/588 1073/462/589 1070/452/590
f 1074/486/591 1073/462/592 1075/485/593
f 1076/487/594 1078/488/595 1077/489/596
f 1081/490/597 1078/488/595 1076/487/594
f 1076/487/598 1080/489/599 1079/472/564
f 1082/491/600 1083/492/601 1081/490/597
f 1081/490/597 1083/492/601 1078/488/595
f 1079/472/564 1080/489/599 1084/467/602
f 1085/493/603 1086/487/604 1079/472/605
f 1087/493/603 1079/472/605 1088/471/559
f 1088/471/559 1079/472/605 1089/470/560
f 1090/480/577 1091/493/606 1088/471/607
f 1092/494/608 1091/493/609 1093/480/610
f 1094/495/611 1095/496/612 1092/494/613
f 1096/496/614 1086/487/615 1097/493/616
f 1098/497/617 1099/490/618 1096/496/619
f 1096/496/619 1099/490/618 1100/487/604
f 1077/489/620 1101/483/621 1103/467/622
f 1077/489/620 1102/498/623 1101/483/621
f 1104/488/624 1105/498/623 1077/489/625
f 1105/498/626 1107/499/627 1106/500/628
f 1108/501/629 1109/499/627 1105/498/630
f 1110/502/631 1111/503/632 1109/499/633
f 1112/494/608 1114/496/612 1113/493/609
f 1115/504/617 1117/505/634 1116/476/635
f 1116/476/635 1117/505/634 1118/477/636
f 1119/497/617 1121/496/637 1120/495/638
f 1122/506/639 1124/474/640 1123/507/641
f 1125/484/642 1127/508/643 1126/485/644
f 1128/484/586 1130/485/645 1129/452/587
f 1131/506/639 1133/507/641 1132/509/646
f 1134/510/647 1131/506/648 1135/511/649
f 1136/512/650 1138/513/651 1137/514/652
f 1136/512/653 1140/463/654 1139/474/655
f 1141/512/656 1143/510/657 1142/513/651
f 1144/495/658 1146/494/613 1145/515/659
f 1147/476/660 1149/516/661 1148/517/600
f 1150/478/662 1149/516/661 1147/476/660
f 1151/478/663 1152/518/664 1149/516/665
f 1153/519/666 1152/518/664 1151/478/663
f 1154/455/580 1156/500/667 1155/482/668
f 1157/455/580 1159/483/669 1158/500/667
f 1160/491/600 1162/490/597 1161/497/670
f 1163/520/671 1165/494/672 1164/480/673
f 1163/520/671 1167/480/673 1166/521/674
f 1168/521/675 1167/480/676 1169/473/677
f 1170/522/678 1172/523/679 1171/524/680
f 1173/516/681 1171/524/682 1175/517/683
f 1173/516/681 1174/522/684 1171/524/682
f 1176/476/685 1175/517/600 1177/504/670
f 1178/505/686 1177/504/617 1179/525/687
f 1179/525/611 1181/526/688 1180/505/689
f 1181/526/688 1179/525/611 1182/527/659
f 1183/528/690 1182/527/691 1184/529/692
f 1185/526/693 1182/527/694 1186/528/695
f 1187/530/696 1185/526/693 1186/528/695
f 1188/531/692 1189/532/697 1187/530/698
f 1189/532/699 1191/477/700 1190/533/701
f 1190/533/701 1191/477/700 1180/505/689
f 1180/505/689 1181/526/688 1190/533/701
f 1192/534/702 1188/531/703 1193/530/704
f 1185/526/705 1195/530/706 1194/533/707
f 1194/533/707 1195/530/706 1196/532/697
f 1196/532/699 1198/479/708 1197/477/709
f 1199/478/710 1198/479/576 1200/519/711
f 1184/529/703 1202/535/712 1201/528/713
f 1201/528/713 1202/535/712 1203/536/714
f 1204/518/715 1174/522/684 1173/516/681
f 1207/522/716 1204/518/717 1205/537/718
f 1205/537/718 1204/518/717 1206/538/719
f 1208/537/720 1206/538/719 1211/539/721
f 1209/519/666 1206/538/722 1210/518/717
f 1213/540/723 1212/537/724 1211/539/725
f 1214/541/726 1212/537/724 1213/540/723
f 1214/541/727 1215/523/679 1216/522/678
f 1217/537/728 1214/541/727 1216/522/678
f 1218/541/729 1219/542/730 1215/523/731
f 1220/541/732 1223/543/733 1219/542/730
f 1221/543/734 1222/544/735 1219/542/736
f 1224/540/737 1223/543/733 1220/541/732
f 1227/543/738 1224/540/739 1225/545/740
f 1225/545/740 1224/540/739 1226/546/731
f 1231/545/741 1226/546/731 1228/547/742
f 1229/540/743 1230/539/725 1226/546/679
f 1232/548/744 1234/486/745 1233/485/746
f 1235/549/747 1232/548/748 1236/508/749
f 1235/549/747 1236/508/749 1237/550/750
f 1234/486/591 1239/473/677 1238/462/592
f 1239/473/567 1241/471/607 1240/461/568
f 1242/492/751 1244/501/752 1243/488/753
f 1243/488/754 1246/501/755 1245/498/623
f 1247/458/756 1249/484/757 1248/456/758
f 1250/551/759 1252/506/760 1251/509/761
f 1253/552/762 1255/553/763 1254/554/764
f 1256/552/765 1258/482/766 1257/553/767
f 1259/548/744 1261/485/768 1260/508/769
f 1262/515/691 1264/520/770 1263/555/692
f 1265/515/691 1267/494/771 1266/520/772
f 1268/556/773 1270/557/774 1269/492/775
f 1269/492/751 1272/557/776 1271/501/777
f 1273/516/681 1275/524/682 1274/517/778
f 1275/524/682 1273/516/681 1276/522/684
f 1276/522/684 1273/516/681 1277/518/779
f 1277/518/779 1278/537/780 1276/522/684
f 1279/538/719 1278/537/780 1277/518/779
f 1280/518/717 1281/519/781 1279/538/722
f 1279/538/719 1283/539/721 1282/537/782
f 1284/540/723 1285/537/783 1283/539/725
f 1286/541/784 1285/537/783 1284/540/723
f 1287/522/678 1288/523/679 1275/524/785
f 1289/537/786 1290/541/727 1287/522/678
f 1287/522/678 1290/541/727 1291/523/679
f 1292/541/729 1293/542/742 1291/523/731
f 1294/476/787 1274/517/788 1295/504/670
f 1297/505/686 1295/504/617 1296/525/789
f 1298/526/790 1300/505/689 1296/525/791
f 1298/526/790 1296/525/791 1299/527/659
f 1301/533/701 1302/477/700 1300/505/689
f 1301/533/701 1300/505/689 1298/526/790
f 1303/532/699 1302/477/700 1301/533/701
f 1304/530/792 1305/531/692 1303/532/697
f 1306/530/792 1307/534/702 1305/531/703
f 1304/530/793 1309/526/693 1308/528/794
f 1308/528/794 1309/526/693 1310/527/694
f 1311/530/795 1312/533/707 1309/526/705
f 1313/532/697 1312/533/707 1311/530/795
f 1314/477/709 1313/532/699 1315/479/796
f 1315/479/797 1317/519/798 1316/478/710
f 1308/528/799 1299/527/694 1318/529/692
f 1319/535/800 1320/528/801 1318/529/703
f 1321/536/802 1320/528/801 1319/535/800
f 1322/550/803 1324/508/804 1323/484/642
f 1325/556/682 1327/492/775 1326/491/683
f 1328/498/626 1330/500/805 1329/483/806
f 1331/534/807 1333/530/808 1332/536/809
f 1332/536/809 1333/530/808 1334/528/810
f 1335/558/811 1337/486/745 1336/548/744
f 1338/500/812 1340/559/813 1339/482/814
f 1342/560/815 1345/561/815 1341/562/816
f 1341/562/816 1343/563/731 1342/560/815
f 1343/563/731 1341/562/816 1344/564/817
f 1345/561/815 1342/560/815 1346/565/683
f 1346/565/683 1347/566/683 1345/561/815
f 1346/565/683 1348/567/670 1347/566/683
f 1348/567/818 1350/568/818 1349/566/600
f 1350/568/818 1348/567/818 1351/569/687
f 1351/569/611 1353/570/819 1352/571/611
f 1353/570/819 1354/572/819 1352/571/611
f 1354/572/819 1353/570/819 1355/573/703
f 1356/574/820 1355/573/703 1357/575/821
f 1355/573/703 1356/574/820 1354/572/819
f 1357/575/821 1358/576/821 1356/574/820
f 1357/575/821 1359/577/822 1358/576/821
f 1359/577/822 1360/578/823 1358/576/821
f 1361/579/824 1362/580/824 1360/578/825
f 1363/578/825 1364/577/825 1361/579/824
f 1365/569/687 1366/571/687 1350/568/617
f 1367/581/817 1344/564/817 1368/582/826
f 1344/564/817 1367/581/817 1343/563/731
f 1368/582/826 1369/583/827 1367/581/817
f 1369/583/827 1368/582/826 1370/584/828
f 1370/584/828 1372/585/828 1371/583/826
f 1373/586/829 1375/587/829 1374/588/829
f 1376/589/830 1378/590/829 1377/591/829
f 1377/591/829 1380/592/829 1379/593/831
f 1379/593/831 1380/592/829 1381/594/829
f 1382/586/829 1381/594/829 1383/587/829
f 1384/593/829 1386/594/829 1385/586/829
f 1387/491/600 1389/492/601 1388/490/597
f 1388/490/597 1389/492/601 1390/488/832
f 1388/490/597 1390/488/832 1391/487/833
f 1391/487/833 1390/488/832 1392/489/596
f 1391/487/833 1394/489/599 1393/472/564
f 1393/472/564 1394/489/599 1395/467/602
f 1398/493/834 1393/472/605 1396/471/559
f 1396/471/559 1393/472/605 1397/470/835
f 1398/493/834 1399/487/836 1393/472/605
f 1400/496/637 1399/487/836 1398/493/834
f 1401/497/617 1402/490/618 1400/496/619
f 1400/496/619 1402/490/618 1403/487/836
f 1404/480/577 1405/493/837 1396/471/607
f 1406/494/608 1405/493/838 1407/480/577
f 1408/495/611 1409/496/612 1406/494/839
f 1410/494/608 1409/496/840 1411/493/837
f 1412/588/829 1413/595/830 1415/596/841
f 1412/588/829 1414/587/829 1413/595/830
f 1416/596/830 1418/595/830 1417/597/830
f 1419/598/842 1421/550/843 1420/484/757
f 1422/598/842 1424/599/844 1423/550/845
f 1425/482/766 1427/600/846 1426/553/763
f 1428/482/766 1430/559/847 1429/600/846
f 1431/491/848 1433/490/597 1432/497/670
f 1434/601/849 1436/558/850 1435/548/851
f 1436/558/852 1438/521/853 1437/486/745
f 1439/555/703 1441/520/854 1440/602/855
f 1442/600/856 1444/603/857 1443/553/858
f 1445/499/633 1447/559/859 1446/500/860
f 1448/602/861 1450/521/862 1449/558/811
f 1448/602/861 1451/520/863 1450/521/862
f 1452/604/864 1448/602/865 1453/605/866
f 1454/555/703 1448/602/867 1455/604/702
f 1450/521/675 1457/473/677 1456/486/591
f 1458/499/633 1460/503/632 1459/559/859
f 1461/606/679 1463/607/868 1462/557/869
f 1462/557/870 1465/607/871 1464/502/872
f 1466/497/617 1468/496/619 1467/495/687
f 1469/606/679 1471/557/870 1470/556/785
f 1472/601/873 1474/548/851 1473/549/874
f 1475/607/875 1477/608/876 1476/609/877
f 1478/607/878 1476/609/877 1479/502/631
f 1480/501/629 1479/502/879 1481/499/627
f 1482/557/870 1483/502/872 1480/501/629
f 1484/502/631 1486/609/877 1485/503/632
f 1487/605/880 1489/558/881 1488/601/849
f 1490/605/882 1492/602/883 1491/558/881
f 1493/610/884 1495/550/845 1494/599/885
f 1496/610/886 1498/549/887 1497/550/845
f 1499/503/888 1501/600/889 1500/559/890
f 1502/503/888 1504/611/891 1503/600/889
f 1505/611/892 1507/612/893 1506/603/857
f 1508/613/894 1510/601/895 1509/549/896
f 1511/613/897 1509/549/898 1512/610/886
f 1513/535/800 1515/529/703 1514/614/807
f 1516/615/899 1514/614/864 1517/616/822
f 1514/614/864 1519/615/900 1518/535/901
f 1518/535/901 1519/615/900 1520/617/902
f 1520/617/903 1522/536/904 1521/535/905
f 1523/618/906 1522/536/904 1520/617/903
f 1517/616/825 1525/619/907 1524/615/908
f 1524/615/908 1525/619/907 1526/620/909
f 1527/609/910 1529/611/911 1528/503/912
f 1530/621/730 1532/607/913 1531/606/731
f 1533/621/742 1535/608/876 1534/607/878
f 1536/622/914 1538/623/915 1537/612/916
f 1539/622/914 1541/612/916 1540/611/917
f 1542/609/918 1544/622/919 1543/611/911
f 1545/608/920 1546/622/919 1542/609/921
f 1547/624/922 1549/605/923 1548/601/895
f 1550/624/922 1548/601/895 1551/613/894
f 1552/604/864 1554/605/880 1553/625/924
f 1555/625/925 1554/605/926 1556/624/927
f 1557/626/928 1559/618/929 1558/617/930
f 1559/618/931 1561/534/864 1560/536/809
f 1562/619/932 1564/616/825 1563/627/824
f 1565/628/933 1567/629/934 1566/623/915
f 1568/625/925 1570/624/927 1569/630/824
f 1571/631/827 1573/608/935 1572/621/736
f 1573/608/920 1575/628/936 1574/622/937
f 1576/632/828 1578/629/938 1577/628/939
f 1579/631/827 1577/628/940 1580/608/935
f 1581/519/941 1583/479/942 1582/567/941
f 1585/569/943 1587/479/942 1584/532/944
f 1584/532/944 1586/570/944 1585/569/943
f 1588/519/941 1590/567/941 1589/565/945
f 1591/565/945 1592/538/945 1588/519/941
f 1593/573/946 1595/532/944 1594/531/947
f 1593/573/946 1597/570/944 1596/532/944
f 1598/565/948 1600/560/949 1599/538/948
f 1601/539/949 1599/538/948 1602/560/949
f 1603/575/950 1605/573/946 1604/534/950
f 1605/573/946 1606/531/947 1604/534/950
f 1607/560/949 1609/563/951 1608/539/949
f 1610/546/951 1611/539/949 1609/563/951
f 1612/618/952 1614/577/952 1613/575/950
f 1615/575/953 1616/534/953 1612/618/954
f 1617/547/955 1619/546/951 1618/581/955
f 1620/563/951 1622/581/955 1621/546/951
f 1623/633/956 1625/634/957 1624/635/958
f 1625/634/957 1627/636/959 1626/635/958
f 1627/636/959 1628/637/960 1626/635/958
f 1629/638/961 1631/396/962 1630/393/963
f 1632/637/267 1634/639/964 1633/635/965
f 1635/634/966 1637/633/967 1636/409/483
f 1638/633/968 1640/400/452 1639/409/451
f 1641/640/969 1643/641/21 1642/409/483
f 1644/634/970 1642/409/483 1643/641/21
f 1645/642/971 1644/634/970 1643/641/21
f 1646/636/972 1644/634/970 1645/642/971
f 1646/636/973 1647/643/294 1649/637/974
f 1647/643/294 1646/636/973 1648/642/975
f 1647/643/294 1650/644/296 1649/637/974
f 1651/234/976 1653/645/482 1652/417/21
f 1654/233/977 1653/645/482 1651/234/976
f 1654/233/977 1655/646/355 1653/645/482
f 1653/645/482 1656/647/978 1652/417/21
f 1656/647/978 1653/645/482 1659/648/979
f 1657/646/355 1658/649/354 1653/645/482
f 1653/645/482 1660/210/289 1659/648/979
f 1661/641/21 1659/648/979 1660/210/289
f 1662/212/371 1661/641/21 1660/210/289
f 1660/210/980 1664/650/350 1663/211/981
f 1665/650/350 1666/651/358 1663/211/982
f 1667/166/225 1668/193/279 1663/211/981
f 1669/176/254 1667/166/983 1670/211/981
f 1672/213/293 1671/642/293 1662/212/371
f 1671/642/293 1661/641/21 1662/212/371
f 1673/643/294 1671/642/293 1672/213/293
f 1674/216/294 1673/643/294 1672/213/293
f 1674/216/294 1676/217/326 1675/644/326
f 1673/643/294 1674/216/294 1675/644/326
f 1677/640/984 1659/648/979 1661/641/21
f 1677/640/984 1679/652/350 1659/648/979
f 1680/416/482 1677/640/969 1678/409/483
f 1656/647/482 1681/653/355 1680/416/985
f 1682/653/355 1683/654/354 1680/416/482
f 1684/652/350 1685/655/358 1659/648/986
f 1686/451/529 1688/453/531 1687/454/987
f 1689/454/988 1691/455/534 1690/481/989
f 1692/463/545 1694/465/547 1693/475/990
f 1695/456/991 1697/457/536 1696/458/537
f 1698/457/992 1700/451/541 1699/459/993
f 1701/457/536 1703/459/993 1702/460/540
f 1704/457/994 1706/451/541 1705/459/993
f 1707/457/994 1709/459/993 1708/460/995
f 1710/456/996 1712/457/994 1711/458/537
f 1713/481/579 1715/482/668 1714/552/997
f 1716/481/579 1718/455/580 1717/482/668
f 1719/468/998 1721/656/999 1720/469/554
f 1721/656/1000 1723/514/1001 1722/469/1002
f 1724/484/1003 1726/508/1004 1725/485/644
f 1727/484/1005 1729/485/1006 1728/452/587
f 1730/512/656 1732/513/1007 1731/514/1008
f 1733/458/1009 1735/484/1010 1734/456/1011
f 1736/656/1012 1738/512/1013 1737/514/1014
f 1739/550/750 1741/508/1015 1740/484/1016
f 1742/552/765 1744/482/1017 1743/553/1018
f 1745/468/1019 1747/656/1012 1746/469/1020
f 1747/656/1012 1749/514/1021 1748/469/1022
f 1750/656/1023 1752/512/1013 1751/514/1001
f 1753/455/1024 1755/500/667 1754/482/668
f 1756/454/1025 1758/453/533 1757/455/534
f 1759/451/529 1761/453/1026 1760/454/1027
f 1762/451/1028 1764/452/1029 1763/453/1030
f 1765/451/585 1767/456/1031 1766/484/586
f 1768/451/585 1770/484/1032 1769/452/587
f 1771/485/1033 1772/462/1034 1769/452/590
f 1773/486/591 1772/462/1035 1774/485/593
f 1775/500/812 1777/559/813 1776/482/814
f 1778/510/657 1780/657/1036 1779/513/1037
f 1778/510/657 1782/511/1038 1781/657/1036
f 1782/511/1039 1784/551/1040 1783/658/1041
f 1785/463/1042 1787/464/1043 1786/465/547
f 1787/464/546 1789/466/1044 1788/465/549
f 1790/548/1045 1792/486/745 1791/485/746
f 1793/548/1045 1795/485/746 1794/508/1004
f 1796/464/1046 1798/468/1047 1797/466/1044
f 1798/468/1048 1800/469/1020 1799/466/1049
f 1801/510/657 1803/657/1050 1802/513/1051
f 1801/510/657 1804/511/1052 1803/657/1050
f 1804/511/1053 1806/506/648 1805/551/1054
f 1807/510/647 1808/474/1055 1806/506/648
f 1809/512/1056 1808/474/1055 1807/510/647
f 1810/656/1057 1811/463/1058 1809/512/653
f 1812/656/1059 1813/464/1060 1811/463/1058
f 1814/474/1061 1811/463/1062 1815/475/1063
f 1814/474/1064 1817/475/572 1816/507/1065
f 1818/482/1066 1820/559/847 1819/600/846
f 1821/482/1066 1823/600/1067 1822/553/1068
f 1824/498/1069 1826/500/805 1825/483/806
f 1827/455/1024 1825/483/806 1828/500/667
f 1829/512/656 1831/510/1070 1830/513/651
f 1829/512/1056 1833/463/1058 1832/474/1055
f 1834/549/747 1836/508/1071 1835/550/1072
f 1837/549/1073 1838/548/1074 1836/508/1075
f 1839/512/656 1841/510/1070 1840/513/1076
f 1839/512/1056 1843/463/1058 1842/474/1055
f 1839/512/1056 1845/474/1055 1844/510/647
f 1844/510/647 1845/474/1055 1846/506/1077
f 1846/506/1078 1848/507/1079 1847/509/1080
f 1849/510/647 1846/506/1081 1850/511/1039
f 1851/656/1082 1853/464/1083 1852/463/1058
f 1854/452/530 1856/461/543 1855/453/1084
f 1857/452/530 1859/462/1085 1858/461/543
f 1860/453/550 1862/467/563 1861/455/534
f 1863/558/1086 1865/486/745 1864/548/1045
f 1866/558/1087 1868/521/853 1867/486/745
f 1869/551/1088 1871/506/1089 1870/509/1090
f 1871/506/1091 1873/474/1064 1872/507/1092
f 1873/474/1061 1875/463/1093 1874/475/1094
f 1876/656/1095 1875/463/1058 1877/512/653
f 1878/467/582 1880/483/1096 1879/455/584
f 1881/489/625 1880/483/1097 1882/467/622
f 1883/656/1098 1885/463/654 1884/512/1056
f 1886/656/1057 1887/464/1099 1885/463/654
f 1888/532/694 1890/533/1100 1889/530/706
f 1889/530/706 1890/533/1100 1891/526/1101
f 1892/463/1042 1894/464/1102 1893/465/1103
f 1894/464/1102 1896/466/1104 1895/465/1105
f 1897/658/1106 1899/551/1107 1898/659/1108
f 1900/511/649 1899/551/1107 1901/658/1106
f 1902/510/657 1904/657/1109 1903/513/1051
f 1905/510/657 1906/511/1110 1904/657/1111
f 1906/511/1112 1908/506/648 1907/551/1107
f 1905/510/647 1909/474/655 1908/506/648
f 1910/512/1056 1909/474/655 1905/510/647
f 1909/474/570 1912/475/1113 1911/507/1114
f 1913/451/529 1915/453/531 1914/454/1115
f 1916/451/529 1918/452/530 1917/453/1116
f 1919/552/1117 1921/482/1017 1920/553/1118
f 1922/552/1119 1924/553/763 1923/554/764
f 1925/499/1120 1927/559/859 1926/500/1121
f 1928/464/546 1930/468/1019 1929/466/1044
f 1930/468/1019 1932/469/1122 1931/466/1123
f 1933/499/1120 1935/503/632 1934/559/859
f 1936/521/675 1938/480/676 1937/473/677
f 1939/451/585 1941/484/1003 1940/452/587
f 1942/451/585 1943/456/1124 1941/484/1003
f 1944/458/1009 1945/484/1125 1943/456/758
f 1946/486/591 1948/473/1126 1947/462/1127
f 1948/473/567 1950/471/607 1949/461/568
f 1951/453/533 1953/470/1128 1952/467/563
f 1954/472/564 1952/467/602 1955/470/1129
f 1956/463/1042 1958/465/1130 1957/475/1131
f 1959/501/1132 1961/499/1133 1960/498/1134
f 1960/498/626 1963/499/1133 1962/500/628
f 1964/488/1135 1960/498/623 1965/489/625
f 1965/489/625 1967/498/623 1966/483/583
f 1968/600/856 1970/603/1136 1969/553/1137
f 1971/454/1025 1973/453/1138 1972/455/534
f 1974/502/1139 1976/503/632 1975/499/1140
f 1977/602/867 1979/521/853 1978/558/1141
f 1977/602/867 1980/520/854 1979/521/853
f 1981/604/1142 1977/602/1143 1982/605/1144
f 1983/555/703 1977/602/867 1984/604/702
f 1979/521/675 1986/473/677 1985/486/591
f 1987/535/800 1989/529/703 1988/614/807
f 1990/461/1145 1992/470/1146 1991/453/1147
f 1993/503/912 1995/611/891 1994/600/889
f 1996/557/1148 1998/502/1149 1997/501/1132
f 1997/501/1132 2000/502/1149 1999/499/1133
f 2001/503/888 2003/600/889 2002/559/890
f 2004/520/671 2006/494/672 2005/480/676
f 2004/520/770 2008/480/673 2007/521/675
f 2009/555/703 2011/520/863 2010/602/855
f 2012/598/1150 2014/550/843 2013/484/1010
f 2015/598/1150 2017/599/844 2016/550/1151
f 2018/468/1019 2020/656/999 2019/469/1152
f 2020/656/999 2022/514/1153 2021/469/1154
f 2023/502/1139 2025/609/877 2024/503/1155
f 2026/607/913 2027/609/1156 2023/502/1157
f 2028/473/567 2030/461/568 2029/462/1085
f 2031/452/1029 2033/462/1158 2032/461/1159
f 2034/461/556 2036/470/557 2035/453/1160
f 2037/452/1029 2039/461/1159 2038/453/531
f 2040/482/1066 2042/600/846 2041/553/763
f 2043/482/1066 2045/559/847 2044/600/1067
f 2046/656/999 2048/512/1013 2047/514/1153
f 2049/609/1161 2051/611/911 2050/503/912
f 2052/481/1162 2054/455/580 2053/482/581
f 2055/512/656 2057/513/651 2056/514/1163
f 2058/527/691 2060/528/695 2059/526/693
f 2059/526/693 2060/528/695 2061/530/1164
f 2061/530/704 2063/531/692 2062/532/691
f 2064/534/1165 2063/531/703 2065/530/704
f 2062/532/659 2067/479/1166 2066/477/1167
f 2068/609/910 2070/622/937 2069/611/1168
f 2071/480/577 2073/471/578 2072/473/567
f 2074/515/694 2076/494/1169 2075/520/772
f 2077/515/694 2079/520/772 2078/555/692
f 2080/606/679 2082/607/868 2081/557/1148
f 2081/557/1148 2084/607/1170 2083/502/1149
f 2085/611/892 2087/603/857 2086/600/856
f 2088/556/773 2090/557/774 2089/492/775
f 2089/492/751 2092/557/776 2091/501/1171
f 2093/488/1135 2091/501/1172 2094/498/623
f 2095/492/751 2096/501/1173 2093/488/1135
f 2097/611/1174 2099/612/893 2098/603/857
f 2100/606/679 2102/557/870 2101/556/785
f 2103/484/1005 2105/508/1004 2104/485/1175
f 2106/484/1003 2108/485/1175 2107/452/587
f 2109/621/730 2111/608/876 2110/607/878
f 2110/607/875 2113/608/876 2112/609/877
f 2114/621/730 2116/607/913 2115/606/731
f 2117/550/750 2119/508/1015 2118/484/1176
f 2120/608/920 2122/622/919 2121/609/921
f 2123/540/739 2125/539/725 2124/546/679
f 2126/545/1177 2124/546/731 2127/547/742
f 2128/471/559 2130/470/1178 2129/461/1179
f 2131/501/1132 2133/499/1133 2132/498/1134
f 2132/498/630 2135/499/1133 2134/500/628
f 2136/488/1135 2132/498/623 2137/489/625
f 2137/489/625 2139/498/623 2138/483/1097
f 2140/467/582 2138/483/583 2141/455/1180
f 2142/541/726 2144/543/1181 2143/542/742
f 2145/540/1182 2144/543/1181 2142/541/726
f 2146/540/1183 2147/545/1184 2144/543/1185
f 2148/546/731 2147/545/1184 2146/540/1183
f 2149/543/1186 2150/544/1187 2143/542/736
f 2151/556/773 2153/492/775 2152/491/683
f 2154/659/1188 2156/551/1189 2155/660/1190
f 2157/622/914 2159/623/915 2158/612/916
f 2160/622/1191 2162/612/916 2161/611/917
f 2163/471/559 2165/470/560 2164/461/1192
f 2166/591/829 2168/590/829 2167/592/829
f 2169/631/1187 2171/608/935 2170/621/1193
f 2171/608/1194 2173/628/1195 2172/622/919
f 2174/455/1024 2176/500/667 2175/482/668
f 2177/455/580 2179/483/1196 2178/500/667
f 2180/500/1197 2182/559/813 2181/482/814
f 2183/631/827 2185/628/1198 2184/608/935
f 2186/610/884 2188/549/887 2187/550/845
f 2189/517/1199 2191/476/660 2190/516/1200
f 2190/516/1200 2191/476/660 2192/478/575
f 2190/516/665 2194/478/663 2193/518/1201
f 2193/518/1201 2194/478/663 2195/519/781
f 2196/610/884 2198/550/845 2197/599/885
f 2199/495/791 2201/494/613 2200/515/659
f 2202/489/625 2204/483/1096 2203/467/622
f 2205/485/1202 2207/462/1035 2206/452/590
f 2208/486/591 2207/462/1035 2209/485/1203
f 2210/593/829 2211/594/831 2213/586/831
f 2210/593/829 2212/592/829 2211/594/831
f 2213/586/831 2214/587/1204 2215/588/1205
f 2213/586/831 2211/594/831 2214/587/1204
f 2215/588/1205 2214/587/1204 2216/595/829
f 2217/591/829 2219/592/829 2218/593/829
f 2220/588/829 2222/595/829 2221/596/829
f 2223/628/1206 2225/623/915 2224/622/1191
f 2226/596/829 2228/595/829 2227/597/841
f 2229/467/582 2231/483/1207 2230/455/584
f 2232/503/888 2234/600/889 2233/559/890
f 2235/473/567 2237/461/1208 2236/462/1085
f 2238/593/829 2239/594/829 2241/586/829
f 2238/593/829 2240/592/829 2239/594/829
f 2241/586/829 2239/594/829 2242/587/829
f 2241/586/829 2242/587/829 2243/588/831
f 2244/588/829 2245/595/841 2247/596/841
f 2244/588/829 2246/587/829 2245/595/841
f 2248/596/841 2250/595/841 2249/597/830
f 2251/613/897 2253/601/1209 2252/549/898
f 2251/613/897 2255/549/898 2254/610/886
f 2256/487/598 2258/488/1210 2257/489/599
f 2261/490/597 2258/488/1210 2256/487/598
f 2256/487/598 2260/489/599 2259/472/564
f 2262/491/788 2263/492/601 2261/490/597
f 2261/490/597 2263/492/601 2258/488/1210
f 2259/472/564 2260/489/599 2264/467/565
f 2265/453/1211 2264/467/551 2266/455/552
f 2267/453/1211 2268/470/562 2264/467/551
f 2271/493/1212 2259/472/605 2269/471/559
f 2269/471/559 2259/472/605 2270/470/560
f 2271/493/1212 2272/487/604 2259/472/605
f 2273/496/637 2272/487/604 2271/493/1212
f 2274/497/617 2275/490/618 2273/496/619
f 2273/496/619 2275/490/618 2276/487/604
f 2277/480/577 2278/493/1213 2269/471/578
f 2279/494/608 2278/493/838 2280/480/610
f 2281/495/791 2282/496/612 2279/494/613
f 2283/494/608 2282/496/612 2284/493/838
f 2285/588/1214 2287/595/1214 2286/596/1214
f 2288/596/829 2290/595/829 2289/597/830
f 2291/549/1073 2293/508/1075 2292/550/750
f 2291/549/1073 2295/548/748 2294/508/1075
f 2295/548/744 2297/486/745 2296/485/1215
f 2297/486/591 2299/473/1126 2298/462/1035
f 2299/473/1216 2301/471/1217 2300/461/1218
f 2302/593/829 2303/594/829 2305/586/829
f 2302/593/829 2304/592/829 2303/594/829
f 2305/586/829 2303/594/829 2306/587/1219
f 2305/586/829 2306/587/1219 2307/588/1205
f 2307/588/1205 2306/587/1219 2308/595/831
f 2309/549/1073 2311/508/1071 2310/550/750
f 2312/480/577 2314/471/578 2313/473/567
f 2315/548/744 2317/486/745 2316/485/1215
f 2318/549/747 2315/548/851 2319/508/1075
f 2317/486/591 2321/473/677 2320/462/1035
f 2321/473/1216 2323/471/1217 2322/461/1218
f 2324/472/564 2326/467/565 2325/470/566
f 2327/504/617 2329/505/634 2328/476/635
f 2328/476/635 2329/505/634 2330/477/1220
f 2331/479/1221 2332/478/1222 2330/477/574
f 2330/477/574 2332/478/1222 2333/476/573
f 2334/548/744 2336/485/1223 2335/508/1224
f 2337/624/922 2338/601/895 2340/613/894
f 2337/624/922 2339/605/923 2338/601/895
f 2341/543/734 2343/661/1225 2342/544/1226
f 2344/545/1227 2343/661/1225 2341/543/734
f 2343/661/1228 2346/545/1229 2345/662/1230
f 2345/662/1230 2346/545/1229 2347/547/1231
f 2348/545/1232 2349/546/731 2347/547/1233
f 2348/545/1232 2350/540/739 2349/546/731
f 2351/540/739 2352/539/785 2349/546/679
f 2353/538/1234 2352/539/773 2354/537/1235
f 2355/543/1236 2350/540/739 2348/545/1232
f 2356/661/1237 2357/663/828 2342/544/1238
f 2357/663/828 2356/661/1237 2358/664/1239
f 2358/664/1239 2356/661/1237 2359/662/1240
f 2360/536/1241 2362/530/1242 2361/528/1243
f 2363/534/702 2362/530/1242 2360/536/1241
f 2364/499/1140 2366/559/859 2365/500/1121
f 2367/601/873 2369/548/851 2368/549/874
f 2370/499/1120 2372/503/632 2371/559/859
f 2373/556/682 2375/557/774 2374/492/775
f 2374/492/775 2377/557/776 2376/501/1171
f 2378/488/1135 2376/501/1172 2379/498/623
f 2380/492/751 2381/501/1171 2378/488/1244
f 2382/497/617 2384/496/619 2383/495/789
f 2385/601/873 2387/558/1245 2386/548/851
f 2387/558/1087 2389/521/853 2388/486/745
f 2390/558/1086 2392/486/745 2391/548/744
f 2393/472/564 2395/467/602 2394/470/1129
f 2396/489/625 2398/483/1246 2397/467/622
f 2399/563/21 2400/562/21 2402/564/742
f 2399/563/21 2401/560/1247 2400/562/21
f 2403/564/1248 2404/581/1248 2399/563/731
f 2404/581/1248 2403/564/1248 2405/582/1226
f 2406/582/1249 2407/583/1249 2404/581/1193
f 2407/583/1250 2405/582/1251 2408/584/828
f 2409/585/828 2410/583/1238 2408/584/828
f 2401/560/1247 2411/561/815 2400/562/21
f 2411/561/815 2401/560/1247 2412/565/1252
f 2413/566/1252 2412/565/1252 2414/567/670
f 2412/565/1252 2413/566/1252 2411/561/815
f 2414/567/818 2416/568/818 2415/566/788
f 2414/567/818 2417/569/789 2416/568/818
f 2418/571/791 2417/569/1253 2419/570/819
f 2419/570/819 2420/572/819 2418/571/791
f 2420/572/819 2419/570/819 2421/573/27
f 2421/573/27 2422/574/27 2420/572/819
f 2422/574/27 2421/573/27 2423/575/807
f 2424/576/864 2423/575/864 2425/577/1254
f 2426/578/925 2425/577/925 2427/579/824
f 2427/579/824 2429/580/824 2428/578/925
f 2430/577/924 2428/578/924 2424/576/864
f 2431/575/702 2432/576/702 2422/574/703
f 2433/569/789 2434/571/789 2416/568/617
f 2435/556/773 2437/492/775 2436/491/683
f 2438/498/630 2440/499/1133 2439/500/805
f 2441/502/631 2443/503/1155 2442/499/1140
f 2444/520/671 2446/494/1255 2445/480/673
f 2444/520/770 2448/480/676 2447/521/674
f 2449/521/675 2448/480/676 2450/473/677
f 2451/605/880 2453/558/1245 2452/601/849
f 2454/605/882 2456/602/1256 2455/558/1257
f 2457/537/1258 2459/540/723 2458/541/1259
f 2460/539/1260 2459/540/723 2457/537/1258
f 2461/504/617 2463/505/634 2462/476/1261
f 2462/476/1261 2463/505/634 2464/477/1262
f 2465/477/1263 2466/478/1264 2462/476/1265
f 2467/479/1266 2466/478/1264 2465/477/1263
f 2467/479/1267 2469/519/1268 2468/478/1269
f 2470/518/1270 2469/519/1271 2471/538/1272
f 2471/538/1234 2473/537/1273 2472/518/1270
f 2472/518/1270 2473/537/1273 2474/522/716
f 2470/518/1274 2476/478/1269 2475/519/1271
f 2477/516/665 2476/478/1269 2470/518/1274
f 2478/517/600 2479/476/660 2477/516/661
f 2477/516/661 2479/476/660 2480/478/1264
f 2481/501/1132 2483/499/1133 2482/498/630
f 2484/488/1275 2482/498/623 2485/489/1276
f 2485/489/620 2487/498/623 2486/483/1246
f 2488/498/626 2489/500/805 2486/483/1196
f 2490/495/658 2492/494/613 2491/515/1277
f 2493/619/1278 2495/615/908 2494/616/825
f 2496/620/1279 2495/615/908 2493/619/1278
f 2497/615/1280 2498/614/864 2494/616/822
f 2498/614/864 2500/615/900 2499/535/1281
f 2499/535/1281 2500/615/900 2501/617/902
f 2502/618/1282 2503/536/904 2501/617/903
f 2501/617/903 2503/536/904 2504/535/905
f 2505/604/864 2507/605/880 2506/625/924
f 2508/625/925 2507/605/1283 2509/624/927
f 2510/527/694 2512/529/692 2511/528/690
f 2513/526/790 2514/525/658 2510/527/1277
f 2514/525/658 2513/526/790 2515/505/689
f 2516/505/1284 2517/504/617 2514/525/638
f 2518/476/1285 2519/517/600 2517/504/670
f 2520/516/681 2521/524/682 2519/517/1286
f 2520/516/681 2522/522/1287 2521/524/682
f 2523/523/679 2521/524/785 2524/522/1288
f 2525/518/1289 2522/522/1287 2520/516/681
f 2515/505/689 2513/526/790 2526/533/1290
f 2526/533/1290 2527/477/1291 2515/505/689
f 2528/532/1277 2527/477/1291 2526/533/1290
f 2529/535/712 2530/528/713 2512/529/703
f 2531/536/1292 2530/528/713 2529/535/712
f 2532/471/559 2534/470/1178 2533/461/1179
f 2535/607/913 2536/609/877 2538/502/631
f 2535/607/913 2537/608/876 2536/609/877
f 2539/502/631 2541/609/877 2540/503/632
f 2542/501/1132 2539/502/879 2543/499/1293
f 2544/557/870 2545/502/872 2542/501/1132
f 2546/620/1294 2548/617/1295 2547/615/1296
f 2549/626/928 2548/617/1295 2546/620/1294
f 2550/611/892 2552/603/857 2551/600/1297
f 2553/491/1199 2555/490/597 2554/497/670
f 2556/602/861 2558/521/862 2557/558/1087
f 2556/602/861 2559/520/854 2558/521/862
f 2560/604/864 2556/602/865 2561/605/866
f 2562/555/703 2556/602/855 2563/604/702
f 2558/521/675 2565/473/677 2564/486/591
f 2566/515/691 2568/494/1255 2567/520/671
f 2569/515/694 2571/520/772 2570/555/692
f 2572/535/1298 2574/529/703 2573/614/807
f 2575/555/703 2577/520/854 2576/602/855
f 2578/491/600 2580/492/601 2579/490/597
f 2579/490/597 2580/492/601 2581/488/1299
f 2582/487/833 2581/488/1299 2583/489/596
f 2579/490/597 2581/488/1299 2582/487/833
f 2582/487/833 2585/489/599 2584/472/564
f 2584/472/564 2585/489/599 2586/467/602
f 2589/493/834 2584/472/605 2587/471/559
f 2587/471/559 2584/472/605 2588/470/835
f 2589/493/834 2590/487/836 2584/472/605
f 2591/496/619 2590/487/836 2589/493/834
f 2592/497/617 2593/490/618 2591/496/637
f 2591/496/637 2593/490/618 2594/487/836
f 2595/480/577 2596/493/1213 2587/471/578
f 2597/494/608 2596/493/838 2598/480/577
f 2599/495/611 2600/496/612 2597/494/839
f 2601/494/608 2600/496/840 2602/493/837
f 2603/480/577 2605/471/578 2604/473/567
f 2606/537/718 2608/518/1270 2607/538/1234
f 2609/522/716 2608/518/1270 2606/537/718
f 2610/519/1271 2607/538/1272 2611/518/1270
f 2612/519/1300 2611/518/1274 2613/478/1301
f 2613/478/1301 2611/518/1274 2614/516/665
f 2615/517/788 2616/476/660 2614/516/1302
f 2614/516/1302 2616/476/660 2617/478/1264
f 2618/479/1303 2610/519/1268 2619/478/1269
f 2618/479/1304 2621/478/1264 2620/477/1263
f 2620/477/1263 2621/478/1264 2622/476/1305
f 2623/563/679 2624/562/21 2626/564/817
f 2623/563/679 2625/560/815 2624/562/21
f 2627/581/730 2623/563/679 2626/564/817
f 2627/581/730 2626/564/817 2628/582/1187
f 2629/583/827 2627/581/1193 2630/582/827
f 2629/583/826 2628/582/826 2631/584/828
f 2631/584/828 2633/585/828 2632/583/826
f 2625/560/815 2634/561/815 2624/562/21
f 2634/561/815 2625/560/815 2635/565/1286
f 2635/565/1286 2636/566/1286 2634/561/815
f 2637/567/818 2638/568/818 2636/566/600
f 2638/568/818 2637/567/818 2639/569/687
f 2640/569/611 2641/571/791 2638/568/617
f 2641/571/791 2640/569/611 2642/570/819
f 2642/570/819 2643/572/819 2641/571/791
f 2642/570/819 2644/573/703 2643/572/819
f 2644/573/703 2645/574/27 2643/572/819
f 2645/574/27 2644/573/703 2646/575/821
f 2646/575/821 2647/576/1306 2645/574/27
f 2646/575/821 2648/577/822 2647/576/1306
f 2648/577/822 2649/578/823 2647/576/1306
f 2650/579/824 2651/580/824 2649/578/825
f 2648/577/825 2650/579/824 2652/578/825
f 2653/565/600 2637/567/670 2654/566/600
f 2655/556/773 2657/557/774 2656/492/775
f 2656/492/751 2659/557/776 2658/501/1171
f 2660/488/1275 2658/501/1172 2661/498/623
f 2662/492/775 2663/501/1171 2660/488/1275
f 2664/621/730 2666/608/876 2665/607/913
f 2667/621/730 2669/607/878 2668/606/731
f 2670/491/600 2672/490/597 2671/497/670
f 2673/523/679 2675/522/678 2674/541/1307
f 2676/541/1308 2677/542/742 2673/523/731
f 2674/541/1307 2675/522/678 2678/537/1309
f 2679/556/773 2681/492/775 2680/491/1252
f 2682/606/679 2684/607/868 2683/557/1310
f 2683/557/1148 2686/607/1170 2685/502/872
f 2687/606/679 2689/557/869 2688/556/785
f 2690/628/939 2692/623/915 2691/622/1191
f 2693/504/617 2695/505/634 2694/476/1261
f 2694/476/1261 2695/505/634 2696/477/1291
f 2697/497/617 2699/496/619 2698/495/687
f 2700/495/611 2702/494/608 2701/515/659
f 2703/661/1228 2705/545/1311 2704/662/1312
f 2703/661/1225 2707/543/734 2706/545/1313
f 2708/544/827 2707/543/734 2703/661/1225
f 2709/661/1314 2710/663/828 2708/544/826
f 2711/662/1312 2712/664/1239 2709/661/1237
f 2709/661/1237 2712/664/1239 2713/663/828
f 2704/662/1312 2705/545/1311 2714/547/736
f 2715/547/736 2716/665/1315 2704/662/1316
f 2717/666/1317 2716/665/1318 2718/667/1319
f 2716/665/1320 2720/666/1321 2719/662/1322
f 2719/662/1322 2720/666/1321 2721/664/1323
f 2722/632/828 2724/628/939 2723/631/826
f 2725/536/714 2727/528/713 2726/535/712
f 2730/528/1324 2725/536/1241 2728/530/1242
f 2728/530/1242 2725/536/1241 2729/534/702
f 2726/535/712 2727/528/713 2731/529/703
f 2732/528/690 2733/527/694 2731/529/692
f 2734/526/790 2735/525/791 2733/527/659
f 2736/505/686 2737/504/617 2735/525/789
f 2735/525/791 2734/526/790 2738/505/689
f 2739/533/1325 2741/477/1326 2738/505/1327
f 2738/505/689 2734/526/790 2740/533/1328
f 2742/532/699 2741/477/1326 2739/533/1325
f 2744/531/692 2742/532/697 2743/530/792
f 2745/534/702 2744/531/703 2746/530/792
f 2743/530/793 2747/526/693 2732/528/695
f 2732/528/695 2747/526/693 2748/527/691
f 2749/476/787 2750/517/788 2737/504/670
f 2751/516/681 2752/524/682 2750/517/778
f 2752/524/682 2751/516/681 2753/522/1287
f 2754/522/678 2755/523/679 2752/524/785
f 2753/522/1287 2751/516/681 2756/518/1289
f 2726/535/1298 2758/529/703 2757/614/807
f 2759/547/955 2761/546/951 2760/581/955
f 2762/546/951 2764/539/949 2763/563/951
f 2765/539/949 2766/560/949 2763/563/951
f 2767/546/951 2769/563/951 2768/581/955
f 2770/573/946 2772/570/944 2771/532/944
f 2773/532/944 2774/531/947 2770/573/946
f 2775/560/949 2777/539/949 2776/538/1329
f 2778/565/1329 2779/560/949 2776/538/1329
f 2780/538/1329 2782/519/941 2781/565/1329
f 2782/519/941 2783/567/941 2781/565/1329
f 2787/570/944 2784/569/942 2785/532/944
f 2784/569/942 2786/479/942 2785/532/944
f 2789/479/942 2791/569/942 2788/567/1330
f 2788/567/1330 2790/519/1331 2789/479/942
f 2792/479/943 2794/532/944 2793/569/943
f 2795/570/944 2793/569/943 2794/532/944
f 2796/579/1332 2798/577/954 2797/626/1332
f 2798/577/954 2799/618/1333 2797/626/1332
f 2800/532/944 2802/573/1334 2801/570/944
f 2803/532/944 2804/531/947 2802/573/1334
f 2805/581/1335 2807/583/1336 2806/547/1335
f 2807/583/1336 2809/665/1336 2808/547/1335
f 2810/583/1336 2812/585/1332 2811/665/1336
f 2813/667/1332 2811/665/1336 2812/585/1332
f 2814/538/945 2816/519/1331 2815/565/1337
f 2817/567/1331 2815/565/1337 2816/519/1331
f 2821/565/1338 2818/560/949 2819/538/945
f 2818/560/949 2820/539/949 2819/538/945
f 2822/546/1339 2824/539/949 2823/563/951
f 2825/539/949 2826/560/949 2823/563/951
f 2827/111/284 2829/233/341 2828/234/976
f 2830/208/1340 2832/231/335 2831/253/1341
f 2833/231/1342 2835/249/1343 2834/253/1344
f 2836/651/1345 2838/646/1346 2837/233/1347
f 2839/211/1348 2841/651/1344 2840/233/1347
f 2842/209/288 2844/252/1349 2843/247/1350
f 2845/252/1351 2847/250/1352 2846/247/1350
f 2848/650/1349 2850/210/1353 2849/645/978
f 2851/649/1354 2853/650/1355 2852/645/482
f 2854/56/66 2856/54/1356 2855/58/1357
f 2857/53/41 2859/59/65 2858/54/35
f 2860/11/1358 2862/64/96 2861/43/38
f 2863/68/139 2865/2/2 2864/46/51
f 2866/48/48 2868/75/95 2867/49/38
f 2869/13/196 2871/78/1359 2870/64/93
f 2872/71/125 2874/50/78 2873/91/126
f 2875/61/109 2877/60/71 2876/101/1360
f 2878/111/170 2880/72/1361 2879/71/88
f 2881/82/101 2883/37/52 2882/51/1362
f 2884/221/316 2881/82/1363 2885/81/152
f 2886/172/1364 2888/150/1359 2887/74/1365
f 2889/176/1366 2891/175/1367 2890/152/1368
f 2892/552/1117 2894/482/766 2893/553/1369
f 2895/552/1117 2897/553/1369 2896/554/1009
f 2898/506/1370 2900/474/1064 2899/507/1079
f 2901/451/585 2903/456/1371 2902/484/1005
f 2904/482/766 2906/600/1067 2905/553/1369
f 2907/457/994 2909/459/539 2908/460/540
f 2910/457/994 2912/451/541 2911/459/539
f 2913/456/991 2915/457/994 2914/458/537
f 2916/552/1372 2918/553/1068 2917/554/764
f 2919/500/1197 2921/559/813 2920/482/814
f 2922/463/1042 2924/465/547 2923/475/990
f 2925/454/1373 2927/455/534 2926/481/989
f 2928/511/1374 2930/668/1375 2929/657/1376
f 2931/511/1374 2933/658/1377 2932/668/1378
f 2934/481/1379 2936/455/580 2935/482/581
f 2937/598/842 2939/550/843 2938/484/1010
f 2940/656/1082 2942/464/1083 2941/463/1058
f 2943/481/1379 2945/482/668 2944/552/997
f 2946/506/639 2948/507/1092 2947/509/646
f 2949/510/647 2946/506/648 2950/511/1053
f 2951/511/1039 2953/506/1077 2952/551/1054
f 2954/499/1380 2956/503/632 2955/559/859
f 2957/499/1381 2959/559/859 2958/500/1382
f 2960/455/1024 2962/500/667 2961/482/668
f 2963/458/1009 2965/484/1125 2964/456/758
f 2966/451/585 2964/456/1124 2967/484/1005
f 2968/451/1383 2967/484/1032 2969/452/587
f 2970/534/1165 2972/530/1384 2971/536/1385
f 2973/618/1386 2970/534/1387 2974/536/1388
f 2971/536/1385 2972/530/1384 2975/528/1324
f 2976/656/1012 2978/512/1013 2977/514/1014
f 2979/458/756 2981/598/1150 2980/484/1389
f 2982/601/1390 2984/558/1391 2983/548/1074
f 2985/601/1392 2987/548/1074 2986/549/874
f 2988/468/1393 2990/464/1099 2989/656/1000
f 2991/502/1139 2993/503/632 2992/499/1140
f 2994/468/1019 2996/656/1394 2995/469/1020
f 2996/656/1012 2998/514/1014 2997/469/1395
f 2999/610/884 3001/550/845 3000/599/885
f 3002/610/886 3003/549/887 3001/550/845
f 3004/498/626 3006/500/805 3005/483/806
f 3007/455/1024 3005/483/806 3008/500/667
f 3009/600/856 3011/603/857 3010/553/1396
f 3012/605/1144 3014/558/1245 3013/601/1392
f 3015/605/1397 3017/602/883 3016/558/1245
f 3018/454/1373 3020/455/534 3019/481/1398
f 3021/474/1064 3023/475/1094 3022/507/1399
f 3024/613/1400 3026/549/898 3025/610/886
f 3024/613/897 3028/601/1401 3027/549/896
f 3029/551/759 3031/509/1402 3030/660/1403
f 3032/615/1404 3034/614/1142 3033/616/924
f 3034/614/864 3036/615/900 3035/535/1281
f 3035/535/1281 3036/615/900 3037/617/1405
f 3040/535/905 3037/617/1406 3038/536/1407
f 3038/536/1407 3037/617/1406 3039/618/1386
f 3041/619/907 3042/615/908 3033/616/925
f 3043/620/1408 3042/615/908 3041/619/907
f 3044/481/1162 3046/482/668 3045/552/1409
f 3047/454/1410 3049/453/1411 3048/455/534
f 3050/464/1046 3052/468/1047 3051/466/1044
f 3052/468/1019 3054/469/1020 3053/466/1049
f 3055/484/1005 3057/508/1412 3056/485/1175
f 3058/484/1176 3060/485/1175 3059/452/587
f 3061/624/1413 3063/605/1414 3062/601/1401
f 3061/624/1413 3065/601/1401 3064/613/894
f 3066/604/864 3068/605/1144 3067/625/823
f 3069/625/825 3068/605/1414 3070/624/1415
f 3071/463/1042 3073/464/1102 3072/465/1103
f 3073/464/1046 3075/466/1104 3074/465/1105
f 3076/611/892 3078/612/916 3077/603/857
f 3079/611/892 3081/603/857 3080/600/1416
f 3082/522/678 3084/541/1307 3083/523/679
f 3085/537/1417 3084/541/1307 3082/522/678
f 3086/541/1418 3087/542/1419 3083/523/731
f 3088/557/870 3090/502/1149 3089/501/1132
f 3089/501/1132 3092/502/1420 3091/499/1133
f 3093/451/529 3095/452/1421 3094/453/1422
f 3096/541/1423 3098/537/724 3097/540/723
f 3097/540/723 3098/537/724 3099/539/725
f 3100/538/1234 3099/539/721 3101/537/720
f 3102/451/529 3104/453/1422 3103/454/987
f 3105/622/1191 3107/612/916 3106/611/917
f 3108/622/914 3110/623/1424 3109/612/916
f 3111/511/1110 3113/658/1425 3112/668/1426
f 3114/453/1411 3116/467/563 3115/455/552
f 3114/453/1411 3117/470/1128 3116/467/563
f 3118/511/1110 3120/668/1426 3119/657/1427
f 3121/606/679 3123/607/868 3122/557/869
f 3122/557/1148 3125/607/1170 3124/502/1149
f 3126/606/679 3128/557/870 3127/556/680
f 3129/601/1392 3131/558/1245 3130/548/851
f 3131/558/1087 3133/521/853 3132/486/745
f 3134/628/933 3136/623/915 3135/622/1191
f 3137/591/829 3139/590/829 3138/592/829
f 3140/615/1428 3142/620/1317 3141/617/1429
f 3141/617/1429 3142/620/1317 3143/626/928
f 3144/503/912 3146/611/891 3145/600/889
f 3147/628/1430 3149/629/934 3148/623/915
f 3150/548/744 3152/485/1431 3151/508/1224
f 3153/591/829 3155/590/829 3154/592/829
f 3156/591/829 3158/592/829 3157/593/829
f 3159/543/1186 3161/661/1228 3160/544/1187
f 3162/545/1432 3161/661/1228 3159/543/1186
f 3161/661/1433 3164/545/1434 3163/662/1435
f 3163/662/1435 3164/545/1434 3165/547/736
f 3163/662/1436 3167/547/736 3166/665/1315
f 3166/665/1320 3169/667/1319 3168/666/1317
f 3170/666/1279 3171/662/1322 3166/665/1320
f 3172/664/1323 3171/662/1322 3170/666/1279
f 3173/661/1437 3174/663/828 3160/544/826
f 3177/663/828 3173/661/1237 3175/664/1239
f 3175/664/1239 3173/661/1237 3176/662/1312
f 3178/452/530 3180/462/1085 3179/461/1159
f 3181/452/1029 3183/461/1159 3182/453/1422
f 3184/609/918 3186/611/911 3185/503/912
f 3187/632/828 3189/629/938 3188/628/1206
f 3190/632/828 3192/628/1206 3191/631/826
f 3193/461/1438 3195/470/1439 3194/453/1440
f 3196/485/1202 3198/462/1035 3197/452/590
f 3199/486/591 3198/462/1035 3200/485/1441
f 3201/609/1161 3203/622/919 3202/611/911
f 3204/608/935 3205/622/919 3201/609/1442
f 3206/602/861 3208/521/862 3207/558/1087
f 3206/602/861 3209/520/854 3208/521/862
f 3210/604/1142 3206/602/1143 3211/605/866
f 3212/555/703 3206/602/855 3213/604/807
f 3208/521/675 3215/473/677 3214/486/591
f 3216/632/828 3218/629/1443 3217/628/939
f 3219/631/1187 3217/628/1444 3220/608/935
f 3219/631/1187 3222/608/935 3221/621/736
f 3222/608/920 3224/628/1444 3223/622/919
f 3225/619/1445 3227/616/825 3226/627/824
f 3228/625/925 3230/624/927 3229/630/824
f 3231/617/930 3233/626/928 3232/618/1446
f 3232/618/1282 3235/534/864 3234/536/809
f 3236/473/567 3238/461/1218 3237/462/1447
f 3239/542/730 3241/541/1448 3240/543/1449
f 3242/543/734 3243/544/1249 3239/542/736
f 3240/543/1449 3241/541/1448 3244/540/737
f 3245/477/1167 3247/532/699 3246/479/1450
f 3248/533/1451 3249/530/1452 3247/532/697
f 3250/526/1101 3249/530/1452 3248/533/1451
f 3251/520/671 3253/494/1255 3252/480/676
f 3251/520/671 3255/480/673 3254/521/674
f 3256/521/675 3255/480/676 3257/473/1453
f 3258/515/691 3260/494/1169 3259/520/671
f 3261/515/1454 3263/520/671 3262/555/692
f 3265/560/1247 3268/561/815 3264/562/21
f 3264/562/21 3266/563/21 3265/560/1247
f 3266/563/21 3264/562/21 3267/564/817
f 3268/561/815 3265/560/1247 3269/565/1286
f 3269/565/1286 3270/566/683 3268/561/815
f 3271/567/818 3272/568/818 3270/566/600
f 3272/568/818 3271/567/818 3273/569/687
f 3274/569/611 3275/571/791 3272/568/617
f 3274/569/611 3276/570/819 3275/571/791
f 3276/570/819 3277/572/819 3275/571/791
f 3278/573/27 3279/574/27 3277/572/819
f 3277/572/819 3276/570/819 3278/573/27
f 3278/573/27 3280/575/1306 3279/574/27
f 3280/575/1306 3281/576/821 3279/574/27
f 3282/577/924 3283/578/924 3281/576/821
f 3280/575/1306 3282/577/924 3281/576/821
f 3284/579/824 3285/580/824 3283/578/1455
f 3286/578/925 3287/577/925 3284/579/824
f 3288/566/600 3289/565/600 3271/567/670
f 3290/581/817 3266/563/21 3267/564/817
f 3290/581/817 3267/564/817 3291/582/1456
f 3291/582/1456 3292/583/1249 3290/581/817
f 3292/583/1249 3291/582/1456 3293/584/828
f 3294/585/828 3295/583/1238 3293/584/828
f 3296/573/946 3298/531/1457 3297/534/1458
f 3299/575/950 3296/573/946 3300/534/950
f 3301/665/1336 3303/547/1335 3302/583/1336
f 3303/547/1335 3305/581/1335 3304/583/1459
f 3306/585/1332 3308/667/1332 3307/665/1336
f 3309/583/1336 3306/585/1332 3310/665/1336
f 3314/569/943 3311/567/941 3312/479/943
f 3311/567/941 3313/519/941 3312/479/943
f 3315/618/954 3317/577/954 3316/575/950
f 3318/531/1457 3320/534/953 3319/573/1334
f 3321/575/950 3319/573/1334 3322/534/950
f 3323/560/949 3325/539/949 3324/538/948
f 3326/565/1338 3323/560/949 3327/538/945
f 3328/547/1460 3330/546/1339 3329/581/1460
f 3331/563/951 3332/581/955 3330/546/1339
f 3336/569/1461 3333/567/1331 3334/479/942
f 3333/567/1331 3335/519/1331 3334/479/942
f 3337/479/942 3339/532/944 3338/569/943
f 3339/532/944 3340/570/944 3338/569/943
f 3341/456/535 3343/451/541 3342/457/536
f 3344/456/996 3346/451/541 3345/457/994
f 3347/468/1462 3349/464/1463 3348/656/1057
f 3350/468/1462 3352/464/1083 3351/656/1082
f 3353/658/1464 3355/659/1465 3354/669/1466
f 3355/659/1465 3356/660/1190 3354/669/1466
f 3357/658/1467 3359/669/1468 3358/668/1469
f 3360/569/943 3362/567/941 3361/479/942
f 3363/458/1009 3365/598/842 3364/484/1470
f 3366/458/1009 3368/598/842 3367/484/757
f 3369/598/842 3371/599/1471 3370/550/845
f 3372/454/1410 3374/455/534 3373/481/989
f 3375/589/1472 3377/590/829 3376/591/829
f 3378/575/953 3380/534/953 3379/618/954
f 3381/565/1338 3383/538/945 3382/519/1331
f 3384/567/1331 3381/565/1337 3385/519/1331
f 3386/482/814 3388/559/847 3387/600/1067
f 3389/456/535 3391/451/538 3390/457/994
f 3392/458/1009 3394/598/1473 3393/484/1470
f 3395/481/1379 3397/482/581 3396/552/1474
f 3398/468/1462 3400/464/1083 3399/656/1082
f 3401/658/1475 3403/669/1468 3402/668/1476
f 3404/659/1477 3406/551/1478 3405/660/1479
f 3407/502/1139 3409/609/877 3408/503/1155
f 3410/607/913 3411/609/1156 3407/502/1157
f 3412/551/1088 3414/509/1090 3413/660/1480
f 3415/621/730 3417/608/876 3416/607/878
f 3416/607/875 3419/608/876 3418/609/877
f 3420/621/742 3422/607/878 3421/606/731
f 3423/628/933 3425/629/1443 3424/623/915
f 3426/558/1086 3428/486/745 3427/548/744
f 3429/555/703 3431/520/863 3430/602/855
f 3432/546/951 3434/539/949 3433/563/951
f 3435/560/949 3433/563/951 3436/539/949
f 3437/618/954 3439/626/1332 3438/577/1333
f 3439/626/1332 3441/579/1332 3440/577/1333
f 3442/511/1481 3444/668/1375 3443/657/1376
f 3445/551/1478 3447/509/1482 3446/660/1480
f 3448/512/656 3450/513/1007 3449/514/1008
f 3451/658/1377 3453/659/1465 3452/669/1466
f 3453/659/1465 3454/660/1483 3452/669/1466
f 3455/510/1484 3457/657/1036 3456/513/1037
f 3455/510/1484 3458/511/1038 3457/657/1036
f 3458/511/1039 3460/551/1040 3459/658/1041
f 3461/666/1485 3463/665/1320 3462/667/1319
f 3464/547/736 3463/665/1315 3465/662/1436
f 3466/666/1321 3467/662/1322 3463/665/1320
f 3468/664/1486 3467/662/1322 3466/666/1321
f 3465/662/1435 3470/545/1434 3469/547/736
f 3471/661/1433 3470/545/1434 3465/662/1435
f 3471/661/1228 3473/543/1186 3472/545/1432
f 3474/544/1187 3473/543/1186 3471/661/1228
f 3475/661/1437 3476/663/828 3474/544/826
f 3477/662/1312 3478/664/1239 3475/661/1237
f 3475/661/1237 3478/664/1239 3479/663/828
f 3480/511/1052 3482/668/1378 3481/657/1487
f 3483/511/1052 3485/658/1377 3484/668/1375
f 3486/474/1061 3488/475/1094 3487/507/1065
f 3489/666/1488 3491/665/1489 3490/667/1490
f 3492/583/1336 3494/665/1336 3493/547/1335
f 3495/581/1335 3496/583/1336 3493/547/1335
f 3497/547/955 3499/546/951 3498/581/955
f 3500/540/739 3502/539/725 3501/546/679
f 3503/545/1177 3501/546/731 3504/547/742
f 3505/551/1088 3507/506/1089 3506/509/1090
f 3507/506/1078 3509/474/1064 3508/507/1092
f 3509/474/1061 3511/463/1093 3510/475/1094
f 3512/656/1095 3511/463/1058 3513/512/653
f 3514/503/888 3516/611/1491 3515/600/889
f 3517/503/912 3519/600/889 3518/559/890
f 3520/611/892 3522/612/916 3521/603/857
f 3523/600/856 3525/603/1136 3524/553/1492
f 3526/598/1493 3528/599/1471 3527/550/845
f 3529/598/1493 3531/550/845 3530/484/1010
f 3532/611/892 3534/603/857 3533/600/856
f 3535/610/884 3537/550/845 3536/599/885
f 3538/610/886 3539/549/887 3537/550/845
f 3540/550/750 3542/508/1494 3541/484/1016
f 3543/601/1390 3545/548/851 3544/549/1073
f 3546/605/880 3548/558/1245 3547/601/1392
f 3549/551/1478 3551/506/639 3550/509/761
f 3552/659/1465 3554/551/1478 3553/660/1495
f 3555/511/1496 3557/551/1040 3556/658/1041
f 3558/620/1497 3560/617/1498 3559/615/1499
f 3561/626/1500 3560/617/1498 3558/620/1497
f 3562/664/1486 3564/662/1501 3563/666/1408
f 3563/666/1408 3564/662/1501 3565/665/1489
f 3566/617/1502 3568/626/1500 3567/618/1503
f 3569/605/882 3571/602/1256 3570/558/1257
f 3572/589/830 3574/590/829 3573/591/829
f 3575/512/650 3577/510/657 3576/513/1076
f 3575/512/1056 3579/463/1058 3578/474/1055
f 3575/512/1056 3581/474/1055 3580/510/647
f 3580/510/647 3581/474/1055 3582/506/1077
f 3582/506/1091 3584/507/1092 3583/509/1080
f 3585/510/647 3582/506/1081 3586/511/1039
f 3587/619/907 3589/616/925 3588/627/824
f 3590/625/825 3592/624/1415 3591/630/824
f 3593/632/828 3595/628/939 3594/631/826
f 3596/547/1231 3598/665/1504 3597/662/1505
f 3599/575/953 3601/534/953 3600/618/954
f 3602/577/954 3604/575/953 3603/618/954
f 3605/618/954 3607/626/1506 3606/577/954
f 3608/579/1506 3606/577/954 3607/626/1506
f 3609/609/918 3611/611/911 3610/503/912
f 3612/609/1161 3614/622/1507 3613/611/911
f 3615/658/1041 3617/551/1508 3616/659/1108
f 3618/608/920 3620/622/1507 3619/609/921
f 3621/658/1475 3623/659/1465 3622/669/1466
f 3623/659/1465 3624/660/1483 3622/669/1466
f 3625/631/827 3627/628/1198 3626/608/935
f 3625/631/1187 3629/608/935 3628/621/736
f 3629/608/1194 3631/628/1195 3630/622/1507
f 3632/543/1181 3634/541/1448 3633/540/1182
f 3635/542/742 3634/541/1448 3632/543/1181
f 3636/540/1183 3637/545/1184 3632/543/1185
f 3638/546/731 3637/545/1184 3636/540/1183
f 3639/543/1186 3640/544/1187 3635/542/1193
f 3641/591/829 3643/592/829 3642/593/829
f 3644/546/951 3646/563/951 3645/581/955
f 3647/463/1042 3649/465/1509 3648/475/1131
f 3650/583/1459 3652/665/1336 3651/547/1335
f 3653/581/1335 3654/583/1336 3651/547/1335
f 3655/573/1334 3657/570/944 3656/532/944
f 3655/573/1334 3659/532/944 3658/531/947
