# Blender 5.1.1
# www.blender.org
mtllib vandalmag.mtl
o GN_AK_Magazine_Ashen_Staticmesh.mo_GN_AK_Magazine_Ashen_Staticmesh.md
v -0.710451 -0.762263 -0.072146
v -0.723811 -0.756764 -0.071452
v -0.718415 -0.756777 -0.082373
v -0.159325 -0.032423 -0.074016
v -0.173637 -0.031324 -0.071073
v -0.163867 -0.031290 -0.067069
v -0.169379 -0.032677 -0.078675
v -0.163656 -0.032397 -0.079390
v -0.159325 -0.032423 0.074016
v -0.163867 -0.031290 0.067069
v -0.173637 -0.031324 0.071073
v -0.169379 -0.032677 0.078675
v -0.163656 -0.032397 0.079391
v -0.173327 -0.075534 -0.075887
v -0.169379 -0.032677 -0.078675
v -0.163656 -0.032397 -0.079390
v -0.185700 -0.070030 -0.075628
v -0.212520 -0.087851 -0.062742
v -0.190989 -0.065664 -0.061147
v -0.173637 -0.031324 -0.071073
v -0.207922 -0.100087 -0.080649
v -0.159325 -0.032423 -0.074016
v -0.169892 -0.084041 -0.064879
v -0.224734 -0.108099 -0.075740
v -0.220855 -0.091161 -0.063548
v -0.198544 -0.128346 -0.082687
v -0.186985 -0.129294 -0.066198
v -0.193424 -0.193574 -0.071047
v -0.234694 -0.134608 -0.085316
v -0.210645 -0.193824 -0.086152
v -0.196143 -0.268173 -0.074568
v -0.215998 -0.268690 -0.089480
v -0.198052 -0.321105 -0.078847
v -0.213274 -0.334233 -0.090966
v -0.238961 -0.193674 -0.089885
v -0.248369 -0.268504 -0.096759
v -0.267785 -0.328315 -0.100814
v -0.271857 -0.267548 -0.077869
v -0.287411 -0.317808 -0.081886
v -0.264880 -0.193501 -0.070844
v -0.264578 -0.148917 -0.064931
v -0.272379 -0.120351 -0.061720
v -0.260811 -0.098996 -0.073003
v -0.319179 -0.054437 -0.057273
v -0.246960 -0.084472 -0.070103
v -0.239331 -0.074086 -0.062056
v -0.306577 -0.044038 -0.068728
v -0.354971 -0.010279 -0.055040
v -0.292014 -0.029962 -0.065483
v -0.284351 -0.022463 -0.056678
v -0.346468 0.001314 -0.066388
v -0.371495 0.000620 -0.054062
v -0.332453 0.015881 -0.062819
v -0.326441 0.023608 -0.054514
v -0.353920 0.040688 -0.055100
v -0.358053 0.033443 -0.061397
v -0.375271 0.049519 -0.046227
v -0.381128 0.043226 -0.051222
v -0.368754 0.015286 -0.064142
v -0.383442 0.006111 -0.046606
v -0.387295 0.023841 -0.052329
v -0.391919 0.047528 -0.027996
v -0.385515 0.052260 -0.026147
v -0.395979 0.046989 0.000000
v -0.388933 0.052587 0.000000
v -0.397294 0.026276 -0.028789
v -0.391596 0.008356 -0.024734
v -0.400599 0.027060 0.000000
v -0.394613 0.008865 0.000000
v -0.178163 -0.074568 -0.052088
v -0.159325 -0.032423 -0.074016
v -0.163867 -0.031290 -0.067069
v -0.169892 -0.084041 -0.064879
v -0.186985 -0.129294 -0.066198
v -0.173637 -0.031324 -0.071073
v -0.190989 -0.065664 -0.061147
v -0.212520 -0.087851 -0.062742
v -0.218463 -0.134431 -0.049640
v -0.193424 -0.193574 -0.071047
v -0.220855 -0.091161 -0.063548
v -0.196143 -0.268173 -0.074568
v -0.239331 -0.074086 -0.062056
v -0.229591 -0.358527 -0.064685
v -0.198052 -0.321105 -0.078847
v -0.271857 -0.267548 -0.077869
v -0.287411 -0.317808 -0.081886
v -0.264880 -0.193501 -0.070844
v -0.264578 -0.148917 -0.064931
v -0.272379 -0.120351 -0.061720
v -0.297949 -0.039444 -0.042581
v -0.319179 -0.054437 -0.057273
v -0.284351 -0.022463 -0.056678
v -0.354971 -0.010279 -0.055040
v -0.326441 0.023608 -0.054514
v -0.346128 0.015674 -0.040857
v -0.371495 0.000620 -0.054062
v -0.353920 0.040688 -0.055100
v -0.373206 0.027897 -0.025415
v -0.383442 0.006111 -0.046606
v -0.375271 0.049519 -0.046227
v -0.385515 0.052260 -0.026147
v -0.379136 0.028858 0.000000
v -0.388933 0.052587 0.000000
v -0.169379 -0.032677 0.078675
v -0.173327 -0.075534 0.075887
v -0.163656 -0.032397 0.079391
v -0.185700 -0.070030 0.075628
v -0.190989 -0.065664 0.061147
v -0.212520 -0.087851 0.062742
v -0.173637 -0.031324 0.071073
v -0.207922 -0.100087 0.080649
v -0.159325 -0.032423 0.074016
v -0.169892 -0.084041 0.064880
v -0.224734 -0.108099 0.075740
v -0.220855 -0.091161 0.063548
v -0.198544 -0.128346 0.082688
v -0.186985 -0.129294 0.066198
v -0.193424 -0.193574 0.071047
v -0.234694 -0.134608 0.085317
v -0.210645 -0.193824 0.086153
v -0.196143 -0.268173 0.074568
v -0.215998 -0.268690 0.089480
v -0.198052 -0.321105 0.078848
v -0.213274 -0.334233 0.090967
v -0.238961 -0.193674 0.089885
v -0.248369 -0.268504 0.096759
v -0.267785 -0.328315 0.100814
v -0.271857 -0.267548 0.077869
v -0.287411 -0.317808 0.081886
v -0.264880 -0.193501 0.070844
v -0.264578 -0.148917 0.064931
v -0.272379 -0.120351 0.061720
v -0.260811 -0.098996 0.073003
v -0.319179 -0.054438 0.057273
v -0.246960 -0.084472 0.070103
v -0.239331 -0.074086 0.062057
v -0.306577 -0.044038 0.068728
v -0.354971 -0.010279 0.055040
v -0.292014 -0.029962 0.065483
v -0.284351 -0.022463 0.056678
v -0.346468 0.001314 0.066388
v -0.371495 0.000620 0.054062
v -0.332453 0.015881 0.062819
v -0.326441 0.023608 0.054515
v -0.353920 0.040688 0.055101
v -0.368754 0.015286 0.064143
v -0.358053 0.033443 0.061397
v -0.375271 0.049519 0.046227
v -0.381128 0.043226 0.051222
v -0.383442 0.006111 0.046606
v -0.387295 0.023841 0.052329
v -0.391919 0.047528 0.027996
v -0.385515 0.052260 0.026148
v -0.395979 0.046989 0.000000
v -0.388933 0.052587 0.000000
v -0.397294 0.026276 0.028789
v -0.391596 0.008356 0.024734
v -0.400599 0.027060 0.000000
v -0.394613 0.008865 0.000000
v -0.159325 -0.032423 0.074016
v -0.178163 -0.074569 0.052088
v -0.163867 -0.031290 0.067069
v -0.169892 -0.084041 0.064880
v -0.186985 -0.129294 0.066198
v -0.173637 -0.031324 0.071073
v -0.190989 -0.065664 0.061147
v -0.212520 -0.087851 0.062742
v -0.218463 -0.134431 0.049640
v -0.193424 -0.193574 0.071047
v -0.220855 -0.091161 0.063548
v -0.196143 -0.268173 0.074568
v -0.239331 -0.074086 0.062057
v -0.229591 -0.358527 0.064686
v -0.198052 -0.321105 0.078848
v -0.287411 -0.317808 0.081886
v -0.271857 -0.267548 0.077869
v -0.264880 -0.193501 0.070844
v -0.264578 -0.148917 0.064931
v -0.272379 -0.120351 0.061720
v -0.297949 -0.039444 0.042581
v -0.319179 -0.054438 0.057273
v -0.284351 -0.022463 0.056678
v -0.354971 -0.010279 0.055040
v -0.326441 0.023608 0.054515
v -0.346128 0.015674 0.040857
v -0.371495 0.000620 0.054062
v -0.353920 0.040688 0.055101
v -0.373206 0.027897 0.025415
v -0.383442 0.006111 0.046606
v -0.375271 0.049519 0.046227
v -0.385515 0.052260 0.026148
v -0.379136 0.028858 0.000000
v -0.388933 0.052587 0.000000
v -0.817303 -0.811425 -0.092324
v -0.801211 -0.799737 -0.086381
v -0.813218 -0.807507 -0.083230
v -0.806878 -0.802956 -0.092212
v -0.524010 -0.653454 -0.092126
v -0.622208 -0.661216 -0.087178
v -0.537814 -0.616101 -0.084523
v -0.613063 -0.693160 -0.094177
v -0.672538 -0.727656 -0.076805
v -0.611063 -0.702456 -0.072904
v -0.517381 -0.667340 -0.065530
v -0.678748 -0.721561 -0.088691
v -0.694953 -0.745507 -0.074589
v -0.687152 -0.700745 -0.082670
v -0.624906 -0.655600 -0.067396
v -0.540701 -0.608352 -0.063035
v -0.688751 -0.697776 -0.069198
v -0.713274 -0.729535 -0.069327
v -0.708830 -0.730935 -0.081778
v -0.723811 -0.756764 -0.071452
v -0.718415 -0.756777 -0.082373
v -0.710451 -0.762263 -0.072146
v -0.699922 -0.738240 -0.085868
v -0.928060 -0.907701 -0.155742
v -0.922876 -0.904176 -0.138758
v -0.926539 -0.897909 -0.138934
v -0.917376 -0.899349 -0.125117
v -0.921126 -0.887260 -0.125320
v -0.915351 -0.894931 -0.118144
v -0.917139 -0.902762 -0.126626
v -0.908024 -0.894612 -0.112003
v -0.905085 -0.892177 -0.106762
v -0.907494 -0.898607 -0.113800
v -0.901038 -0.894267 -0.106874
v -0.891432 -0.886178 -0.096539
v -0.898547 -0.860487 -0.102198
v -0.878282 -0.871904 -0.086751
v -0.867629 -0.857057 -0.082235
v -0.875442 -0.839550 -0.090880
v -0.851458 -0.843839 -0.079158
v -0.839421 -0.812683 -0.084260
v -0.857229 -0.870969 -0.080278
v -0.832435 -0.815097 -0.084558
v -0.813386 -0.796043 -0.084778
v -0.811084 -0.801357 -0.085872
v -0.834379 -0.820820 -0.082455
v -0.837594 -0.833422 -0.078576
v -0.824182 -0.835034 -0.078240
v -0.837426 -0.846950 -0.076779
v -0.830194 -0.846743 -0.076218
v -0.823509 -0.849084 -0.076826
v -0.827061 -0.862401 -0.077309
v -0.843567 -0.868788 -0.078955
v -0.849549 -0.873891 -0.078679
v -0.850730 -0.878899 -0.081175
v -0.851846 -0.875589 -0.080739
v -0.857789 -0.885169 -0.084067
v -0.864271 -0.875770 -0.083536
v -0.864681 -0.892660 -0.088682
v -0.864513 -0.867999 -0.081515
v -0.867344 -0.879222 -0.085028
v -0.868736 -0.866862 -0.084110
v -0.928060 -0.907701 -0.155742
v -0.929569 -0.893871 -0.144153
v -0.923716 -0.896621 -0.139973
v -0.928577 -0.882101 -0.134150
v -0.918346 -0.886281 -0.126893
v -0.923561 -0.875554 -0.128608
v -0.930469 -0.882239 -0.137374
v -0.925513 -0.867685 -0.126104
v -0.897194 -0.860194 -0.103318
v -0.921423 -0.862073 -0.123829
v -0.927586 -0.867676 -0.130000
v -0.923794 -0.859229 -0.125225
v -0.916920 -0.846942 -0.117088
v -0.903309 -0.833379 -0.106930
v -0.875253 -0.840507 -0.092945
v -0.888393 -0.825091 -0.098974
v -0.869801 -0.814386 -0.097573
v -0.855376 -0.805012 -0.096453
v -0.839585 -0.814717 -0.087937
v -0.892431 -0.814929 -0.112076
v -0.843843 -0.806249 -0.090087
v -0.837637 -0.807085 -0.088756
v -0.812989 -0.798948 -0.090816
v -0.815864 -0.794005 -0.089721
v -0.851299 -0.793289 -0.100099
v -0.863319 -0.796233 -0.105758
v -0.862289 -0.789389 -0.108089
v -0.874076 -0.790018 -0.115218
v -0.867667 -0.800396 -0.101159
v -0.886604 -0.802534 -0.113653
v -0.892599 -0.807025 -0.115295
v -0.897056 -0.807585 -0.118528
v -0.895254 -0.808761 -0.115739
v -0.904244 -0.813653 -0.121527
v -0.911593 -0.820441 -0.126505
v -0.900512 -0.819971 -0.112761
v -0.894478 -0.821251 -0.107615
v -0.904107 -0.822626 -0.114670
v -0.895707 -0.825341 -0.105857
v -0.832435 -0.815097 -0.084558
v -0.812989 -0.798948 -0.090816
v -0.811084 -0.801357 -0.085872
v -0.839585 -0.814717 -0.087937
v -0.834379 -0.820820 -0.082455
v -0.836676 -0.833806 -0.081373
v -0.824182 -0.835034 -0.078240
v -0.875253 -0.840507 -0.092945
v -0.830207 -0.847209 -0.079059
v -0.823509 -0.849084 -0.076826
v -0.827061 -0.862401 -0.077309
v -0.837426 -0.846950 -0.076779
v -0.850648 -0.843869 -0.082131
v -0.843567 -0.868788 -0.078955
v -0.867629 -0.857057 -0.082235
v -0.897194 -0.860194 -0.103318
v -0.856621 -0.870059 -0.083200
v -0.878282 -0.871904 -0.086751
v -0.891432 -0.886178 -0.096539
v -0.864280 -0.867741 -0.083269
v -0.868736 -0.866862 -0.084110
v -0.867344 -0.879222 -0.085028
v -0.864271 -0.875770 -0.083536
v -0.864681 -0.892660 -0.088682
v -0.857789 -0.885169 -0.084067
v -0.851846 -0.875589 -0.080739
v -0.849364 -0.873593 -0.080433
v -0.850730 -0.878899 -0.081175
v -0.902581 -0.891078 -0.108637
v -0.901038 -0.894267 -0.106874
v -0.907494 -0.898607 -0.113800
v -0.908024 -0.894612 -0.112003
v -0.912067 -0.893255 -0.119338
v -0.917139 -0.902762 -0.126626
v -0.918346 -0.886281 -0.126893
v -0.917376 -0.899349 -0.125117
v -0.923716 -0.896621 -0.139973
v -0.922876 -0.904176 -0.138758
v -0.928060 -0.907701 -0.155742
v -0.928060 -0.907701 -0.155742
v -0.926539 -0.897909 -0.138934
v -0.929569 -0.893871 -0.144153
v -0.928577 -0.882101 -0.134150
v -0.921126 -0.887260 -0.125320
v -0.926979 -0.877033 -0.127518
v -0.930469 -0.882239 -0.137374
v -0.925513 -0.867685 -0.126104
v -0.924276 -0.862634 -0.122234
v -0.927586 -0.867676 -0.130000
v -0.923794 -0.859229 -0.125225
v -0.916920 -0.846942 -0.117088
v -0.898547 -0.860487 -0.102198
v -0.903309 -0.833379 -0.106930
v -0.875442 -0.839550 -0.090880
v -0.888393 -0.825091 -0.098974
v -0.871378 -0.813170 -0.095216
v -0.839421 -0.812683 -0.084260
v -0.813386 -0.796043 -0.084778
v -0.815864 -0.794005 -0.089721
v -0.837637 -0.807085 -0.088756
v -0.843843 -0.806249 -0.090087
v -0.856669 -0.804059 -0.093953
v -0.851299 -0.793289 -0.100099
v -0.864099 -0.794552 -0.103555
v -0.862289 -0.789389 -0.108089
v -0.874076 -0.790018 -0.115218
v -0.867667 -0.800396 -0.101159
v -0.886604 -0.802534 -0.113653
v -0.894608 -0.813425 -0.110417
v -0.893629 -0.806033 -0.114218
v -0.897056 -0.807585 -0.118528
v -0.895254 -0.808761 -0.115739
v -0.904244 -0.813653 -0.121527
v -0.900512 -0.819971 -0.112761
v -0.911593 -0.820441 -0.126505
v -0.895496 -0.820303 -0.106499
v -0.895707 -0.825341 -0.105857
v -0.904107 -0.822626 -0.114670
v -0.394613 0.008865 0.000000
v -0.391596 0.008356 -0.024734
v -0.395587 -0.739688 -0.075887
v -0.393699 -0.746084 -0.087221
v -0.403163 -0.756716 -0.084498
v -0.404999 -0.755048 -0.077149
v -0.400116 -0.744813 -0.070417
v -0.395587 -0.739688 0.075887
v -0.403163 -0.756716 0.084498
v -0.393699 -0.746084 0.087221
v -0.404999 -0.755048 0.077149
v -0.400116 -0.744813 0.070418
v -0.394613 0.008865 0.000000
v -0.391596 0.008356 0.024734
v -0.387950 -0.582709 -0.073732
v -0.358898 -0.561345 -0.077270
v -0.396203 -0.551653 -0.053945
v -0.331125 -0.517855 -0.064470
v -0.355756 -0.473909 -0.083605
v -0.421398 -0.518898 -0.074594
v -0.283890 -0.475559 -0.071896
v -0.283994 -0.536349 -0.083967
v -0.299720 -0.442632 -0.090566
v -0.259337 -0.502603 -0.084368
v -0.228122 -0.446727 -0.067957
v -0.232156 -0.418580 -0.083670
v -0.214623 -0.474340 -0.082205
v -0.160717 -0.410163 -0.078085
v -0.149240 -0.451666 -0.077947
v -0.119476 -0.425182 -0.056135
v -0.114602 -0.408913 -0.076576
v -0.118683 -0.446916 -0.074141
v -0.102310 -0.445572 -0.062350
v -0.079413 -0.440904 0.000000
v -0.091570 -0.407723 -0.066642
v -0.096941 -0.422484 0.000000
v -0.060200 -0.405780 0.000000
v -0.387950 -0.582709 0.073732
v -0.396203 -0.551653 0.053946
v -0.358898 -0.561345 0.077270
v -0.331125 -0.517855 0.064470
v -0.355756 -0.473909 0.083606
v -0.421398 -0.518898 0.074594
v -0.283890 -0.475559 0.071896
v -0.283994 -0.536349 0.083968
v -0.299720 -0.442632 0.090566
v -0.259337 -0.502603 0.084368
v -0.228122 -0.446727 0.067957
v -0.232156 -0.418580 0.083670
v -0.214623 -0.474340 0.082205
v -0.160717 -0.410163 0.078085
v -0.149240 -0.451666 0.077947
v -0.119476 -0.425182 0.056135
v -0.114602 -0.408913 0.076576
v -0.118683 -0.446916 0.074141
v -0.102310 -0.445572 0.062350
v -0.079413 -0.440904 0.000000
v -0.091570 -0.407723 0.066642
v -0.096941 -0.422484 0.000000
v -0.060200 -0.405780 0.000000
v -0.710451 -0.762263 -0.072146
v -0.713274 -0.729535 -0.069327
v -0.723811 -0.756764 -0.071452
v -0.694953 -0.745507 -0.074589
v -0.679252 -0.715330 -0.063789
v -0.672538 -0.727656 -0.076805
v -0.611063 -0.702456 -0.072904
v -0.688751 -0.697776 -0.069198
v -0.617045 -0.684515 -0.055652
v -0.624906 -0.655600 -0.067396
v -0.527721 -0.647265 -0.048390
v -0.540701 -0.608352 -0.063035
v -0.517381 -0.667340 -0.065530
v -0.008874 -0.293734 0.000000
v -0.035186 -0.287157 -0.045546
v -0.021705 -0.280723 0.000000
v -0.023610 -0.302496 -0.054665
v -0.062794 -0.297897 -0.068280
v -0.013016 -0.328126 0.000000
v -0.061665 -0.316433 -0.081097
v -0.027118 -0.337323 -0.053967
v -0.039254 -0.344770 0.000000
v -0.161488 -0.317545 -0.079395
v -0.050860 -0.350442 -0.040344
v -0.059058 -0.348602 -0.081791
v -0.072857 -0.360393 -0.065888
v -0.159066 -0.339353 -0.094893
v -0.213274 -0.334233 -0.090966
v -0.198052 -0.321105 -0.078847
v -0.153403 -0.375352 -0.096966
v -0.154580 -0.383558 -0.080024
v -0.296302 -0.352166 -0.099987
v -0.267785 -0.328315 -0.100814
v -0.287411 -0.317808 -0.081886
v -0.307680 -0.336547 -0.081317
v -0.223721 -0.387493 -0.102064
v -0.225139 -0.396720 -0.085661
v -0.391919 -0.362212 -0.097509
v -0.391829 -0.352420 -0.078593
v -0.290863 -0.394828 -0.102814
v -0.289838 -0.404909 -0.086178
v -0.394139 -0.413188 -0.081610
v -0.395410 -0.398604 -0.100021
v -0.498892 -0.372775 -0.087881
v -0.498431 -0.365242 -0.071973
v -0.498858 -0.399897 -0.091453
v -0.499901 -0.417412 -0.075098
v -0.522118 -0.418239 -0.070068
v -0.528225 -0.373797 -0.069073
v -0.517282 -0.368259 -0.058915
v -0.535487 -0.399599 -0.077020
v -0.563556 -0.397337 -0.046252
v -0.555389 -0.416722 -0.042042
v -0.550709 -0.375745 -0.039353
v -0.532056 -0.371008 -0.030371
v -0.540719 -0.372689 -0.000332
v -0.560785 -0.376990 0.000000
v -0.577529 -0.397643 0.000000
v -0.570697 -0.414468 0.000000
v -0.035186 -0.287157 -0.045546
v -0.055067 -0.315231 0.000000
v -0.021705 -0.280723 0.000000
v -0.073750 -0.323807 -0.043628
v -0.039254 -0.344770 0.000000
v -0.062794 -0.297897 -0.068280
v -0.050860 -0.350442 -0.040344
v -0.161488 -0.317545 -0.079395
v -0.072857 -0.360393 -0.065888
v -0.161742 -0.342986 -0.061169
v -0.198052 -0.321105 -0.078847
v -0.154580 -0.383558 -0.080024
v -0.229591 -0.358527 -0.064685
v -0.225139 -0.396720 -0.085661
v -0.289838 -0.404909 -0.086178
v -0.287411 -0.317808 -0.081886
v -0.307680 -0.336547 -0.081317
v -0.395462 -0.383248 -0.064332
v -0.391829 -0.352420 -0.078593
v -0.394139 -0.413188 -0.081610
v -0.498431 -0.365242 -0.071973
v -0.497522 -0.391747 -0.055648
v -0.499901 -0.417412 -0.075098
v -0.517282 -0.368259 -0.058915
v -0.522118 -0.418239 -0.070068
v -0.532056 -0.371008 -0.030371
v -0.555389 -0.416722 -0.042042
v -0.539745 -0.394643 0.000000
v -0.540719 -0.372689 -0.000332
v -0.570697 -0.414468 0.000000
v -0.395587 -0.739688 -0.075887
v -0.400116 -0.744813 -0.070417
v -0.369082 -0.739809 -0.069370
v -0.368530 -0.749105 -0.061746
v -0.404999 -0.755048 -0.077149
v -0.366207 -0.764336 -0.067138
v -0.361509 -0.738193 -0.068207
v -0.353260 -0.763698 -0.064991
v -0.353373 -0.745925 -0.058135
v -0.353342 -0.734314 -0.067164
v -0.340831 -0.759087 -0.062832
v -0.321368 -0.727005 -0.055394
v -0.337931 -0.718424 -0.067120
v -0.312796 -0.742925 -0.062535
v -0.326837 -0.691725 -0.069155
v -0.288450 -0.728022 -0.065647
v -0.296876 -0.708899 -0.057979
v -0.255890 -0.707878 -0.067724
v -0.259178 -0.689501 -0.065470
v -0.282559 -0.683881 -0.073861
v -0.240111 -0.698276 -0.064375
v -0.257670 -0.674800 -0.074391
v -0.238396 -0.677951 -0.058902
v -0.228475 -0.692108 -0.057212
v -0.238599 -0.666866 -0.074637
v -0.228790 -0.662638 -0.069357
v -0.208560 -0.683148 -0.032323
v -0.204935 -0.653221 -0.039831
v -0.213602 -0.665323 -0.031578
v -0.195281 -0.677865 -0.012347
v -0.199393 -0.660207 -0.010184
v -0.187110 -0.646446 -0.015222
v -0.191868 -0.676891 0.000000
v -0.182356 -0.644671 0.000000
v -0.197130 -0.659785 -0.000047
v -0.395587 -0.739688 0.075887
v -0.369082 -0.739809 0.069370
v -0.400116 -0.744813 0.070418
v -0.368530 -0.749105 0.061746
v -0.404999 -0.755048 0.077149
v -0.366207 -0.764336 0.067138
v -0.361509 -0.738193 0.068207
v -0.353260 -0.763698 0.064992
v -0.353373 -0.745925 0.058135
v -0.353342 -0.734314 0.067164
v -0.340831 -0.759087 0.062832
v -0.321368 -0.727005 0.055394
v -0.337931 -0.718424 0.067121
v -0.312796 -0.742925 0.062535
v -0.326837 -0.691725 0.069155
v -0.288450 -0.728022 0.065647
v -0.296876 -0.708899 0.057980
v -0.255890 -0.707878 0.067724
v -0.259178 -0.689501 0.065470
v -0.282559 -0.683881 0.073861
v -0.240107 -0.698276 0.064375
v -0.257670 -0.674800 0.074391
v -0.238396 -0.677951 0.058902
v -0.228475 -0.692108 0.057212
v -0.238599 -0.666866 0.074637
v -0.228790 -0.662638 0.069357
v -0.208560 -0.683148 0.032323
v -0.204935 -0.653221 0.039831
v -0.213602 -0.665323 0.031578
v -0.195281 -0.677865 0.012348
v -0.199393 -0.660207 0.010184
v -0.187110 -0.646446 0.015222
v -0.191868 -0.676891 0.000000
v -0.182356 -0.644671 0.000000
v -0.197130 -0.659785 0.000047
v -0.021705 -0.280723 0.000000
v -0.035186 -0.287157 0.045546
v -0.008874 -0.293734 0.000000
v -0.023610 -0.302496 0.054665
v -0.062794 -0.297897 0.068280
v -0.013016 -0.328126 0.000000
v -0.061665 -0.316433 0.081097
v -0.027118 -0.337323 0.053967
v -0.161488 -0.317545 0.079395
v -0.050860 -0.350442 0.040344
v -0.059058 -0.348602 0.081791
v -0.072857 -0.360393 0.065888
v -0.159066 -0.339353 0.094893
v -0.213274 -0.334233 0.090967
v -0.198052 -0.321105 0.078848
v -0.153403 -0.375352 0.096966
v -0.154580 -0.383558 0.080024
v -0.223721 -0.387493 0.102064
v -0.225139 -0.396720 0.085661
v -0.296302 -0.352166 0.099987
v -0.267785 -0.328315 0.100814
v -0.287411 -0.317808 0.081886
v -0.307680 -0.336547 0.081317
v -0.290863 -0.394828 0.102814
v -0.289838 -0.404909 0.086178
v -0.394139 -0.413188 0.081610
v -0.391919 -0.362212 0.097509
v -0.391829 -0.352420 0.078593
v -0.395410 -0.398604 0.100021
v -0.498892 -0.372775 0.087881
v -0.498431 -0.365242 0.071973
v -0.498858 -0.399897 0.091454
v -0.499901 -0.417412 0.075098
v -0.522118 -0.418239 0.070069
v -0.528225 -0.373797 0.069073
v -0.517282 -0.368259 0.058915
v -0.535487 -0.399599 0.077020
v -0.563556 -0.397337 0.046253
v -0.555389 -0.416722 0.042042
v -0.550709 -0.375745 0.039353
v -0.532056 -0.371008 0.030371
v -0.540719 -0.372689 0.000332
v -0.560785 -0.376990 0.000000
v -0.577529 -0.397643 0.000000
v -0.570697 -0.414468 0.000000
v -0.055067 -0.315231 0.000000
v -0.035186 -0.287157 0.045546
v -0.021705 -0.280723 0.000000
v -0.073750 -0.323807 0.043628
v -0.062794 -0.297897 0.068280
v -0.039254 -0.344770 0.000000
v -0.050860 -0.350442 0.040344
v -0.161488 -0.317545 0.079395
v -0.072857 -0.360393 0.065888
v -0.161742 -0.342986 0.061169
v -0.198052 -0.321105 0.078848
v -0.154580 -0.383558 0.080024
v -0.229591 -0.358527 0.064686
v -0.225139 -0.396720 0.085661
v -0.289838 -0.404909 0.086178
v -0.307680 -0.336547 0.081317
v -0.287411 -0.317808 0.081886
v -0.395462 -0.383248 0.064332
v -0.391829 -0.352420 0.078593
v -0.394139 -0.413188 0.081610
v -0.498431 -0.365242 0.071973
v -0.497522 -0.391747 0.055648
v -0.499901 -0.417412 0.075098
v -0.517282 -0.368259 0.058915
v -0.522118 -0.418239 0.070069
v -0.532056 -0.371008 0.030371
v -0.555389 -0.416722 0.042042
v -0.539745 -0.394643 0.000000
v -0.540719 -0.372689 0.000332
v -0.570697 -0.414468 0.000000
v -0.396203 -0.551653 0.053946
v -0.472697 -0.558643 0.068603
v -0.421398 -0.518898 0.074594
v -0.456044 -0.597117 0.047675
v -0.387950 -0.582709 0.073732
v -0.541606 -0.605529 0.064858
v -0.443477 -0.623954 0.067069
v -0.528022 -0.642753 0.046916
v -0.516717 -0.667638 0.065371
v -0.626833 -0.640749 0.065565
v -0.608990 -0.703529 0.075201
v -0.618713 -0.676016 0.050778
v -0.682812 -0.721316 0.072947
v -0.681774 -0.657350 0.063755
v -0.715601 -0.698685 0.055678
v -0.766555 -0.673378 0.059160
v -0.763849 -0.702547 0.055402
v -0.749054 -0.734668 0.072573
v -0.816834 -0.685911 0.047731
v -0.767857 -0.726035 0.069401
v -0.817023 -0.705499 0.049011
v -0.835137 -0.693199 0.029582
v -0.823484 -0.720053 0.061052
v -0.832129 -0.710274 0.034698
v -0.846506 -0.723143 0.044955
v -0.844313 -0.704400 -0.010024
v -0.848997 -0.733500 -0.001336
v -0.835736 -0.720139 -0.007447
v -0.845088 -0.743748 -0.040542
v -0.833163 -0.728961 -0.049093
v -0.844847 -0.717972 -0.055424
v -0.828935 -0.739947 -0.066724
v -0.840132 -0.754458 -0.060350
v -0.840240 -0.733275 -0.078153
v -0.821807 -0.759070 -0.077141
v -0.833525 -0.768896 -0.070762
v -0.830892 -0.759625 -0.090570
v -0.801211 -0.799737 -0.086381
v -0.813218 -0.807507 -0.083230
v -0.806878 -0.802956 -0.092212
v -0.421398 -0.518898 -0.074594
v -0.472232 -0.559268 -0.067383
v -0.396203 -0.551653 -0.053945
v -0.455398 -0.593945 -0.047597
v -0.387950 -0.582709 -0.073732
v -0.443516 -0.623992 -0.067357
v -0.421398 -0.518898 -0.074594
v -0.355756 -0.473909 -0.083605
v -0.416718 -0.529608 -0.089505
v -0.352834 -0.480748 -0.098965
v -0.299720 -0.442632 -0.090566
v -0.332522 -0.517584 -0.109899
v -0.395794 -0.568401 -0.097134
v -0.295466 -0.448636 -0.103042
v -0.232156 -0.418580 -0.083670
v -0.276934 -0.483144 -0.112873
v -0.230419 -0.424100 -0.096436
v -0.160717 -0.410163 -0.078085
v -0.154627 -0.415851 -0.091609
v -0.114602 -0.408913 -0.076576
v -0.219998 -0.458264 -0.105223
v -0.110353 -0.414735 -0.086739
v -0.266496 -0.498306 -0.103064
v -0.095238 -0.413856 -0.081623
v -0.091570 -0.407723 -0.066642
v -0.147447 -0.443400 -0.098004
v -0.108676 -0.439387 -0.092703
v -0.081033 -0.414162 -0.072883
v -0.060200 -0.405780 0.000000
v -0.051347 -0.412417 0.000000
v -0.051132 -0.434892 0.000000
v -0.092316 -0.438116 -0.086519
v -0.079826 -0.437689 -0.074714
v -0.079413 -0.440904 0.000000
v -0.102310 -0.445572 -0.062350
v -0.118683 -0.446916 -0.074141
v -0.149240 -0.451666 -0.077947
v -0.215326 -0.469478 -0.097543
v -0.214623 -0.474340 -0.082205
v -0.259337 -0.502603 -0.084368
v -0.292721 -0.531914 -0.101866
v -0.283994 -0.536349 -0.083967
v -0.297587 -0.570293 -0.094134
v -0.289299 -0.567560 -0.080744
v -0.286666 -0.610636 -0.077705
v -0.332173 -0.537047 -0.101310
v -0.350015 -0.544822 -0.091130
v -0.333780 -0.582313 -0.091609
v -0.358898 -0.561345 -0.077270
v -0.387950 -0.582709 -0.073732
v -0.346942 -0.586200 -0.077779
v -0.292872 -0.612403 -0.087398
v -0.282175 -0.656557 -0.074861
v -0.323252 -0.621769 -0.090238
v -0.334215 -0.622609 -0.077024
v -0.286467 -0.659337 -0.081084
v -0.282559 -0.683881 -0.073861
v -0.313128 -0.664366 -0.086032
v -0.325337 -0.662022 -0.073516
v -0.326837 -0.691725 -0.069155
v -0.287760 -0.694918 -0.079369
v -0.316123 -0.696543 -0.080666
v -0.337931 -0.718424 -0.067120
v -0.257915 -0.682808 -0.082196
v -0.257670 -0.674800 -0.074391
v -0.330337 -0.725768 -0.078184
v -0.353342 -0.734314 -0.067164
v -0.290045 -0.725014 -0.075507
v -0.257428 -0.704288 -0.078425
v -0.235448 -0.672301 -0.081209
v -0.238599 -0.666866 -0.074637
v -0.228790 -0.662638 -0.069357
v -0.235349 -0.693509 -0.075831
v -0.288450 -0.728022 -0.065647
v -0.255890 -0.707878 -0.067724
v -0.312796 -0.742925 -0.062535
v -0.240111 -0.698276 -0.064375
v -0.314386 -0.743339 -0.074482
v -0.223454 -0.688191 -0.069866
v -0.228475 -0.692108 -0.057212
v -0.224148 -0.667004 -0.076016
v -0.197639 -0.677192 -0.041395
v -0.208560 -0.683148 -0.032323
v -0.195281 -0.677865 -0.012347
v -0.196272 -0.656057 -0.046313
v -0.204935 -0.653221 -0.039831
v -0.187110 -0.646446 -0.015222
v -0.184214 -0.672628 -0.016200
v -0.191868 -0.676891 0.000000
v -0.178994 -0.670155 0.000000
v -0.176848 -0.649528 -0.019217
v -0.182356 -0.644671 0.000000
v -0.171642 -0.647519 0.000000
v -0.347179 -0.741503 -0.078968
v -0.338293 -0.759936 -0.072059
v -0.340831 -0.759087 -0.062832
v -0.353260 -0.763698 -0.064991
v -0.357747 -0.746218 -0.080244
v -0.361509 -0.738193 -0.068207
v -0.353230 -0.765142 -0.073835
v -0.366207 -0.764336 -0.067138
v -0.368793 -0.747679 -0.081761
v -0.369082 -0.739809 -0.069370
v -0.395587 -0.739688 -0.075887
v -0.393699 -0.746084 -0.087221
v -0.369754 -0.766099 -0.076007
v -0.404999 -0.755048 -0.077149
v -0.403163 -0.756716 -0.084498
v -0.282175 -0.656557 -0.074861
v -0.296876 -0.708899 -0.057979
v -0.282559 -0.683881 -0.073861
v -0.325337 -0.662022 -0.073516
v -0.326837 -0.691725 -0.069155
v -0.313610 -0.614489 -0.057367
v -0.286666 -0.610636 -0.077705
v -0.334215 -0.622609 -0.077024
v -0.289299 -0.567560 -0.080744
v -0.346942 -0.586200 -0.077779
v -0.331125 -0.517855 -0.064470
v -0.283994 -0.536349 -0.083967
v -0.358898 -0.561345 -0.077270
v -0.355756 -0.473909 0.083606
v -0.421398 -0.518898 0.074594
v -0.416718 -0.529608 0.089506
v -0.352834 -0.480748 0.098966
v -0.299720 -0.442632 0.090566
v -0.332522 -0.517584 0.109899
v -0.395794 -0.568401 0.097134
v -0.295466 -0.448636 0.103043
v -0.232156 -0.418580 0.083670
v -0.276934 -0.483144 0.112873
v -0.230419 -0.424100 0.096436
v -0.160717 -0.410163 0.078085
v -0.154627 -0.415851 0.091609
v -0.114602 -0.408913 0.076576
v -0.219998 -0.458264 0.105223
v -0.110353 -0.414735 0.086739
v -0.266496 -0.498306 0.103064
v -0.147447 -0.443400 0.098005
v -0.095238 -0.413856 0.081623
v -0.091570 -0.407723 0.066642
v -0.108676 -0.439387 0.092703
v -0.081033 -0.414162 0.072883
v -0.060200 -0.405780 0.000000
v -0.051347 -0.412417 0.000000
v -0.051132 -0.434892 0.000000
v -0.092316 -0.438116 0.086519
v -0.079826 -0.437689 0.074714
v -0.079413 -0.440904 0.000000
v -0.102310 -0.445572 0.062350
v -0.118683 -0.446916 0.074141
v -0.149240 -0.451666 0.077947
v -0.215326 -0.469478 0.097543
v -0.214623 -0.474340 0.082205
v -0.259337 -0.502603 0.084368
v -0.292721 -0.531914 0.101866
v -0.283994 -0.536349 0.083968
v -0.297587 -0.570293 0.094134
v -0.289299 -0.567560 0.080744
v -0.286666 -0.610636 0.077705
v -0.332173 -0.537047 0.101310
v -0.350015 -0.544822 0.091130
v -0.333780 -0.582313 0.091609
v -0.358898 -0.561345 0.077270
v -0.387950 -0.582709 0.073732
v -0.346942 -0.586200 0.077779
v -0.292872 -0.612403 0.087398
v -0.282175 -0.656557 0.074861
v -0.323252 -0.621769 0.090238
v -0.334215 -0.622609 0.077024
v -0.286467 -0.659337 0.081084
v -0.282559 -0.683881 0.073861
v -0.313128 -0.664366 0.086032
v -0.325337 -0.662022 0.073516
v -0.326837 -0.691725 0.069155
v -0.287760 -0.694918 0.079369
v -0.316123 -0.696543 0.080666
v -0.337931 -0.718424 0.067121
v -0.257915 -0.682808 0.082196
v -0.257670 -0.674800 0.074391
v -0.330337 -0.725768 0.078184
v -0.353342 -0.734314 0.067164
v -0.290045 -0.725014 0.075507
v -0.257428 -0.704288 0.078425
v -0.235448 -0.672301 0.081209
v -0.238599 -0.666866 0.074637
v -0.228790 -0.662638 0.069357
v -0.235349 -0.693509 0.075831
v -0.288450 -0.728022 0.065647
v -0.255890 -0.707878 0.067724
v -0.312796 -0.742925 0.062535
v -0.240107 -0.698276 0.064375
v -0.314386 -0.743339 0.074482
v -0.223454 -0.688191 0.069866
v -0.228475 -0.692108 0.057212
v -0.224148 -0.667004 0.076016
v -0.197639 -0.677192 0.041396
v -0.208560 -0.683148 0.032323
v -0.195281 -0.677865 0.012348
v -0.196272 -0.656057 0.046313
v -0.204935 -0.653221 0.039831
v -0.187110 -0.646446 0.015222
v -0.184214 -0.672628 0.016201
v -0.191868 -0.676891 0.000000
v -0.178994 -0.670155 0.000000
v -0.176848 -0.649528 0.019217
v -0.182356 -0.644671 0.000000
v -0.171642 -0.647519 0.000000
v -0.347179 -0.741503 0.078968
v -0.338293 -0.759936 0.072060
v -0.340831 -0.759087 0.062832
v -0.353260 -0.763698 0.064992
v -0.357747 -0.746218 0.080244
v -0.361509 -0.738193 0.068207
v -0.353230 -0.765142 0.073835
v -0.366207 -0.764336 0.067138
v -0.368793 -0.747679 0.081761
v -0.369082 -0.739809 0.069370
v -0.395587 -0.739688 0.075887
v -0.393699 -0.746084 0.087221
v -0.369754 -0.766099 0.076007
v -0.404999 -0.755048 0.077149
v -0.403163 -0.756716 0.084498
v -0.282175 -0.656557 0.074861
v -0.282559 -0.683881 0.073861
v -0.296876 -0.708899 0.057980
v -0.326837 -0.691725 0.069155
v -0.325337 -0.662022 0.073516
v -0.313610 -0.614489 0.057368
v -0.286666 -0.610636 0.077705
v -0.334215 -0.622609 0.077024
v -0.289299 -0.567560 0.080744
v -0.346942 -0.586200 0.077779
v -0.331125 -0.517855 0.064470
v -0.283994 -0.536349 0.083968
v -0.358898 -0.561345 0.077270
v -0.395794 -0.568401 0.097134
v -0.443477 -0.623954 0.067069
v -0.387950 -0.582709 0.073732
v -0.446934 -0.609003 0.088691
v -0.516717 -0.667638 0.065371
v -0.467530 -0.566983 0.084386
v -0.416718 -0.529608 0.089506
v -0.421398 -0.518898 0.074594
v -0.472697 -0.558643 0.068603
v -0.536818 -0.613903 0.084157
v -0.541606 -0.605529 0.064858
v -0.520807 -0.651144 0.092514
v -0.608990 -0.703529 0.075201
v -0.623337 -0.649567 0.087028
v -0.626833 -0.640749 0.065565
v -0.611584 -0.687251 0.098302
v -0.673969 -0.700676 0.097897
v -0.682812 -0.721316 0.072947
v -0.680968 -0.664336 0.086006
v -0.681774 -0.657350 0.063755
v -0.761207 -0.679283 0.079399
v -0.766555 -0.673378 0.059160
v -0.704538 -0.715368 0.085110
v -0.818096 -0.686519 0.070077
v -0.816834 -0.685911 0.047731
v -0.764142 -0.701715 0.088894
v -0.836904 -0.690579 0.058915
v -0.835137 -0.693199 0.029582
v -0.820079 -0.697556 0.079416
v -0.848791 -0.695724 0.040176
v -0.844313 -0.704400 -0.010024
v -0.842503 -0.699155 0.066944
v -0.857233 -0.704624 0.045925
v -0.864534 -0.716829 -0.002775
v -0.846506 -0.723143 0.044955
v -0.823484 -0.720053 0.061052
v -0.848997 -0.733500 -0.001336
v -0.767857 -0.726035 0.069401
v -0.845088 -0.743748 -0.040542
v -0.735611 -0.720394 0.088795
v -0.749054 -0.734668 0.072573
v -0.738331 -0.753661 0.075826
v -0.861341 -0.730578 -0.052032
v -0.844847 -0.717972 -0.055424
v -0.840132 -0.754458 -0.060350
v -0.840240 -0.733275 -0.078153
v -0.855936 -0.745343 -0.073219
v -0.833525 -0.768896 -0.070762
v -0.830892 -0.759625 -0.090570
v -0.845166 -0.767599 -0.085976
v -0.813218 -0.807507 -0.083230
v -0.806878 -0.802956 -0.092212
v -0.817303 -0.811425 -0.092324
v -0.720458 -0.751523 0.090247
v -0.722953 -0.814493 0.077895
v -0.698030 -0.748351 0.091876
v -0.679076 -0.747308 0.078063
v -0.705818 -0.812084 0.090566
v -0.694673 -0.889445 0.073796
v -0.681597 -0.807568 0.094600
v -0.666245 -0.800991 0.082356
v -0.646757 -0.867715 0.078563
v -0.681817 -0.883252 0.087575
v -0.659337 -0.950312 0.066987
v -0.660539 -0.875899 0.092859
v -0.620618 -0.925957 0.072452
v -0.647132 -0.945955 0.082571
v -0.622954 -0.992272 0.052278
v -0.632043 -0.938313 0.086545
v -0.588967 -0.966443 0.059548
v -0.611154 -0.992578 0.066784
v -0.587157 -1.013997 0.023040
v -0.596181 -0.982122 0.070887
v -0.559203 -0.988828 0.037383
v -0.575102 -1.018023 0.032875
v -0.563134 -1.011580 -0.003099
v -0.564198 -1.008498 0.039999
v -0.543111 -0.992371 0.012016
v -0.553269 -1.016471 0.003525
v -0.542292 -0.997396 -0.023165
v -0.533875 -0.997034 -0.021027
v -0.531250 -0.992948 -0.017192
v -0.543542 -1.009201 0.008292
v -0.534577 -0.989613 -0.009012
v -0.443516 -0.623992 -0.067357
v -0.395794 -0.568401 -0.097134
v -0.387950 -0.582709 -0.073732
v -0.449050 -0.610960 -0.088126
v -0.468702 -0.565004 -0.082877
v -0.416718 -0.529608 -0.089505
v -0.421398 -0.518898 -0.074594
v -0.472232 -0.559268 -0.067383
v -0.536047 -0.991531 -0.019743
v -0.531250 -0.992948 -0.017192
v -0.533875 -0.997034 -0.021027
v -0.542292 -0.997396 -0.023165
v -0.534577 -0.989613 -0.009012
v -0.540809 -0.989496 -0.017519
v -0.534577 -0.989613 -0.009012
v -0.555587 -0.996099 0.000685
v -0.543111 -0.992371 0.012016
v -0.540809 -0.989496 -0.017519
v -0.542292 -0.997396 -0.023165
v -0.563134 -1.011580 -0.003099
v -0.559203 -0.988828 0.037383
v -0.587157 -1.013997 0.023040
v -0.579593 -0.993461 0.029199
v -0.588967 -0.966443 0.059548
v -0.622954 -0.992272 0.052278
v -0.609210 -0.972007 0.048657
v -0.620618 -0.925957 0.072452
v -0.659337 -0.950312 0.066987
v -0.638215 -0.936232 0.059488
v -0.667935 -0.878662 0.066715
v -0.646757 -0.867715 0.078563
v -0.694673 -0.889445 0.073796
v -0.689143 -0.808322 0.063117
v -0.666245 -0.800991 0.082356
v -0.722953 -0.814493 0.077895
v -0.706270 -0.753962 0.059975
v -0.679076 -0.747308 0.078063
v -0.738331 -0.753661 0.075826
v -0.682812 -0.721316 0.072947
v -0.749054 -0.734668 0.072573
v -0.715601 -0.698685 0.055678
v -0.763233 -0.858363 -0.064173
v -0.673266 -0.941839 -0.062181
v -0.753669 -0.884639 0.000000
v -0.368565 0.109468 -0.050532
v -0.369707 0.044567 -0.046102
v -0.380985 0.069499 0.000000
v -0.763233 -0.858363 0.064173
v -0.753669 -0.884639 0.000000
v -0.673266 -0.941839 0.062182
v -0.368565 0.109468 0.050532
v -0.380985 0.069499 0.000000
v -0.369707 0.044567 0.046102
v -0.170461 -0.615614 0.000000
v -0.202215 -0.553773 -0.073512
v -0.167074 -0.493815 -0.071878
v -0.231841 -0.660600 -0.073857
v -0.338517 -0.787316 -0.054670
v -0.387678 -0.722096 -0.064112
v -0.383825 -0.853475 -0.074727
v -0.528449 -0.861823 -0.091971
v -0.487549 -0.917661 -0.072305
v -0.633086 -0.661535 -0.052049
v -0.657277 -0.778576 -0.083687
v -0.567077 -0.921751 -0.062664
v -0.837801 -0.799396 -0.064763
v -0.666254 -0.870245 -0.071611
v -0.170461 -0.615614 0.000000
v -0.167074 -0.493815 0.071879
v -0.202215 -0.553773 0.073512
v -0.231841 -0.660600 0.073857
v -0.338517 -0.787316 0.054670
v -0.387678 -0.722096 0.064112
v -0.383825 -0.853475 0.074727
v -0.528449 -0.861823 0.091971
v -0.487549 -0.917661 0.072305
v -0.633086 -0.661535 0.052049
v -0.657277 -0.778580 0.083687
v -0.837801 -0.799396 0.064763
v -0.567077 -0.921751 0.062664
v -0.666254 -0.870245 0.071611
v -0.375835 -0.844619 0.000000
v -0.214455 -0.697720 0.000000
v -0.087321 -0.464815 0.000000
v -0.124502 -0.455295 -0.069206
v -0.449282 -0.916514 0.000000
v -0.544589 -0.942895 0.000000
v -0.669495 -0.960254 0.000000
v -0.842003 -0.841154 0.000000
v -0.298875 -0.797961 0.000000
v 0.053346 0.204175 -0.028113
v 0.053346 0.204175 0.000000
v 0.048696 0.083484 0.000000
v 0.040386 0.085419 -0.052502
v 0.053122 0.203184 -0.050618
v -0.038258 0.200296 -0.048463
v -0.085196 0.139059 -0.066543
v -0.170228 0.076343 -0.077826
v 0.002917 -0.013107 -0.081239
v -0.027307 -0.107310 -0.078610
v -0.230147 0.204322 -0.054256
v -0.165815 0.257810 -0.043680
v -0.242171 -0.040133 -0.051209
v -0.400276 -0.084300 -0.054846
v -0.380572 -0.174784 -0.063923
v -0.036190 -0.230565 -0.066271
v 0.009158 -0.132850 0.000000
v -0.007357 -0.230445 0.000000
v -0.305254 -0.251606 -0.075050
v -0.447153 -0.263759 -0.067332
v -0.266427 -0.348028 -0.082920
v -0.309529 -0.438387 -0.084674
v -0.551433 -0.479360 -0.065422
v -0.519528 -0.416679 -0.069185
v -0.554424 -0.403784 0.000000
v -0.665095 -0.531207 0.000000
v -0.691091 -0.577261 -0.057346
v -0.774705 -0.638853 0.000000
v -0.735439 -0.641464 -0.044210
v -0.842278 -0.715821 -0.051769
v -0.375171 0.173515 -0.022406
v -0.375171 0.173515 0.000000
v -0.429039 -0.175318 -0.035603
v -0.477007 -0.271258 0.000000
v -0.484024 -0.320269 -0.067978
v -0.511955 -0.329923 0.000000
v -0.417761 -0.099039 0.000000
v -0.375835 -0.844619 0.000000
v -0.214455 -0.697720 0.000000
v -0.087321 -0.464815 0.000000
v -0.124502 -0.455295 0.069207
v -0.449282 -0.916514 0.000000
v -0.544589 -0.942895 0.000000
v -0.669495 -0.960254 0.000000
v -0.842003 -0.841154 0.000000
v -0.298875 -0.797961 0.000000
v 0.053346 0.204175 0.028113
v 0.048696 0.083484 0.000000
v 0.040386 0.085419 0.052502
v 0.053122 0.203184 0.050618
v -0.038258 0.200296 0.048464
v -0.085196 0.139059 0.066543
v -0.170228 0.076343 0.077826
v 0.002917 -0.013107 0.081239
v -0.027307 -0.107310 0.078610
v -0.230147 0.204322 0.054256
v -0.165815 0.257810 0.043680
v -0.242171 -0.040133 0.051209
v -0.400276 -0.084300 0.054846
v -0.380572 -0.174784 0.063923
v -0.036190 -0.230565 0.066272
v 0.009158 -0.132850 0.000000
v -0.007357 -0.230445 0.000000
v -0.305254 -0.251606 0.075051
v -0.447153 -0.263759 0.067332
v -0.266427 -0.348028 0.082920
v -0.309529 -0.438387 0.084674
v -0.551433 -0.479360 0.065423
v -0.519528 -0.416679 0.069185
v -0.554424 -0.403784 0.000000
v -0.665095 -0.531207 0.000000
v -0.691091 -0.577261 0.057346
v -0.774705 -0.638853 0.000000
v -0.735439 -0.641464 0.044210
v -0.842278 -0.715821 0.051769
v -0.375171 0.173515 0.022407
v -0.429039 -0.175318 0.035603
v -0.477007 -0.271258 0.000000
v -0.484024 -0.320269 0.067978
v -0.511955 -0.329923 0.000000
v -0.417761 -0.099039 0.000000
v 0.005154 -0.042728 0.000000
v -0.845300 -0.705051 0.000000
v 0.052454 0.257276 0.040624
v 0.052850 0.250898 0.034862
v -0.349360 0.203796 -0.048231
v -0.374607 0.204175 -0.033021
v -0.374607 0.204175 0.000000
v -0.343059 0.146743 0.000000
v -0.366336 0.175981 -0.019329
v -0.366336 0.176705 0.000000
v -0.343059 0.146743 -0.034819
v 0.036749 0.146743 0.000000
v 0.037809 0.146743 -0.048300
v 0.052454 0.257276 -0.040624
v 0.052850 0.250898 -0.034862
v -0.845300 -0.705051 0.000000
v -0.349360 0.203796 0.048231
v -0.374607 0.204175 0.033022
v -0.366336 0.175981 0.019329
v -0.343059 0.146743 0.034819
v 0.037809 0.146743 0.048300
v 0.005154 -0.042728 0.000000
v 0.052454 0.257276 -0.040624
v 0.044989 0.250898 -0.034862
v 0.052850 0.250898 -0.034862
v -0.165815 0.257810 -0.043680
v -0.165854 0.250898 -0.034862
v 0.037809 0.146743 -0.048300
v -0.228820 0.203649 -0.045597
v -0.230147 0.204322 -0.054256
v -0.343059 0.146743 -0.034819
v -0.348274 0.203934 -0.042020
v -0.349360 0.203796 -0.048231
v -0.366336 0.175981 -0.019329
v -0.365216 0.204055 -0.030905
v -0.374607 0.204175 -0.033021
v -0.374607 0.204175 0.000000
v -0.365216 0.204003 0.000000
v -0.366336 0.176705 0.000000
v 0.052454 0.257276 0.040624
v 0.052850 0.250898 0.034862
v 0.044989 0.250898 0.034862
v -0.165815 0.257810 0.043680
v -0.165854 0.250898 0.034862
v 0.037809 0.146743 0.048300
v -0.228820 0.203649 0.045598
v -0.230147 0.204322 0.054256
v -0.343059 0.146743 0.034819
v -0.348274 0.203934 0.042020
v -0.349360 0.203796 0.048231
v -0.366336 0.175981 0.019329
v -0.365216 0.204055 0.030906
v -0.374607 0.204175 0.033022
v 0.044989 0.250898 -0.034862
v 0.053346 0.204175 -0.028113
v 0.052850 0.250898 -0.034862
v 0.044782 0.201413 0.000000
v 0.053346 0.204175 0.000000
v 0.044782 0.201413 -0.028121
v 0.037809 0.146743 -0.048300
v 0.036749 0.146743 0.000000
v 0.053346 0.204175 0.028113
v 0.044989 0.250898 0.034862
v 0.052850 0.250898 0.034862
v 0.044782 0.201413 0.000000
v 0.044782 0.201413 0.028121
v 0.037809 0.146743 0.048300
v 0.036749 0.146743 0.000000
vn -0.3833 -0.9048 -0.1856
vn 0.0275 0.9931 -0.1139
vn 0.0275 0.9931 -0.1138
vn 0.0353 0.9920 -0.1215
vn 0.0197 0.9942 -0.1061
vn 0.0275 0.9940 0.1061
vn 0.0353 0.9929 0.1138
vn 0.0196 0.9950 0.0983
vn 0.0197 0.9950 0.0982
vn 0.4920 -0.1220 -0.8620
vn -0.4975 0.1293 -0.8578
vn 0.5149 -0.1847 -0.8371
vn -0.3718 0.2935 -0.8807
vn -0.5740 0.6131 -0.5428
vn -0.7322 0.4816 -0.4816
vn -0.8418 0.3093 -0.4424
vn -0.1612 0.3027 -0.9394
vn 0.8181 -0.2332 -0.5257
vn 0.7948 -0.2887 -0.5338
vn -0.0666 0.4034 -0.9126
vn 0.0431 0.5837 -0.8109
vn 0.4296 -0.0276 -0.9026
vn 0.7616 -0.1618 -0.6275
vn 0.6790 -0.0196 -0.7339
vn -0.2152 0.0665 -0.9743
vn 0.3652 0.0196 -0.9307
vn 0.6106 0.0197 -0.7917
vn 0.3418 0.0354 -0.9391
vn 0.5927 0.0353 -0.8047
vn 0.2948 0.0275 -0.9552
vn -0.2312 0.0980 -0.9680
vn -0.1451 0.0981 -0.9845
vn -0.1217 0.1217 -0.9851
vn -0.5991 0.1840 -0.7792
vn -0.5994 0.2390 -0.7639
vn -0.5975 0.1210 -0.7927
vn -0.5837 0.0431 -0.8108
vn -0.5071 -0.1690 -0.8452
vn -0.2709 -0.0353 -0.9620
vn -0.4590 -0.3021 -0.8355
vn 0.1607 0.2861 -0.9446
vn 0.3725 0.4353 -0.8196
vn -0.2000 -0.0824 -0.9763
vn -0.4600 -0.3892 -0.7981
vn 0.2164 0.2635 -0.9401
vn 0.4289 0.4367 -0.7908
vn -0.1531 -0.0746 -0.9854
vn -0.4823 -0.4274 -0.7646
vn 0.2235 0.2941 -0.9293
vn 0.4120 0.4826 -0.7729
vn 0.1688 0.6008 -0.7814
vn -0.0275 0.3652 -0.9305
vn -0.2698 0.7546 -0.5982
vn -0.5754 0.4345 -0.6929
vn -0.3020 -0.0274 -0.9529
vn -0.7876 -0.3409 -0.5133
vn -0.7557 0.0352 -0.6539
vn -0.8654 0.4269 -0.2624
vn -0.5588 0.8010 -0.2149
vn -0.9144 0.3885 -0.1138
vn -0.5999 0.7958 -0.0823
vn -0.9671 0.0039 -0.2545
vn -0.9246 -0.3187 -0.2085
vn -0.9925 -0.0118 -0.1216
vn -0.9479 -0.3029 -0.0983
vn 0.2339 0.0436 0.9713
vn 0.8209 -0.0674 0.5671
vn 0.4397 0.1624 0.8834
vn 0.6213 -0.2335 0.7480
vn 0.5275 -0.2182 0.8210
vn -0.3347 0.4135 0.8467
vn -0.3749 0.3354 0.8642
vn -0.3735 0.3028 0.8768
vn 0.0118 -0.0827 0.9965
vn 0.5037 -0.0754 0.8606
vn 0.2015 0.3121 0.9284
vn 0.4628 0.3203 0.8266
vn -0.1068 -0.0514 0.9930
vn 0.4943 -0.0751 0.8660
vn -0.3678 -0.0277 0.9295
vn -0.2804 0.0118 0.9598
vn -0.3677 -0.0356 0.9293
vn -0.2726 -0.1383 0.9521
vn -0.3051 -0.2892 0.9073
vn 0.0197 -0.0198 0.9996
vn -0.3287 -0.3129 0.8911
vn 0.4466 0.3439 0.8260
vn -0.3602 -0.3444 0.8670
vn 0.4159 0.3763 0.8279
vn 0.1701 0.0277 0.9850
vn 0.0119 -0.6704 0.7419
vn 0.5174 0.5727 0.6359
vn 0.8220 -0.0437 0.5679
vn 0.1863 -0.7332 0.6540
vn 0.6110 0.5558 0.5637
vn 0.8830 0.4237 0.2019
vn 0.9795 -0.1071 0.1705
vn 0.8959 0.4223 0.1381
vn -0.5008 0.1301 0.8557
vn 0.4954 -0.1229 0.8599
vn 0.5182 -0.1859 0.8348
vn -0.3744 0.2956 0.8789
vn -0.7349 0.4834 0.4756
vn -0.5765 0.6157 0.5372
vn -0.8447 0.3104 0.4361
vn -0.1623 0.3049 0.9385
vn 0.8215 -0.2341 0.5199
vn 0.7982 -0.2899 0.5281
vn -0.0671 0.4063 0.9113
vn 0.0434 0.5874 0.8081
vn 0.4327 -0.0278 0.9011
vn 0.7655 -0.1626 0.6226
vn 0.6829 -0.0197 0.7303
vn -0.2169 0.0670 0.9739
vn 0.3679 0.0198 0.9297
vn 0.6144 0.0198 0.7888
vn 0.3444 0.0356 0.9381
vn 0.5965 0.0355 0.8018
vn 0.2970 0.0277 0.9545
vn -0.2330 0.0987 0.9675
vn -0.1462 0.0988 0.9843
vn -0.1226 0.1226 0.9849
vn -0.6028 0.1852 0.7761
vn -0.6030 0.2404 0.7607
vn -0.6012 0.1218 0.7898
vn -0.5874 0.0434 0.8081
vn -0.5105 -0.1701 0.8429
vn -0.2730 -0.0356 0.9614
vn -0.4620 -0.3040 0.8331
vn 0.1619 0.2883 0.9437
vn 0.3750 0.4381 0.8170
vn -0.2015 -0.0830 0.9760
vn -0.4629 -0.3917 0.7952
vn 0.2179 0.2655 0.9392
vn 0.4315 0.4394 0.7878
vn -0.1543 -0.0752 0.9852
vn -0.4852 -0.4300 0.7614
vn 0.2251 0.2962 0.9282
vn 0.4145 0.4855 0.7697
vn 0.1699 0.6045 0.7783
vn -0.3042 -0.0277 0.9522
vn -0.0277 0.3678 0.9295
vn -0.2710 0.7581 0.5931
vn -0.5786 0.4369 0.6888
vn -0.7907 -0.3423 0.5075
vn -0.7596 0.0354 0.6494
vn -0.8672 0.4277 0.2551
vn -0.5597 0.8023 0.2074
vn -0.9152 0.3889 0.1060
vn -0.6002 0.7964 0.0745
vn -0.9690 0.0039 0.2471
vn -0.9261 -0.3192 0.2010
vn -0.9934 -0.0118 0.1139
vn -0.9486 -0.3031 0.0906
vn 0.8172 -0.0671 -0.5724
vn 0.2321 0.0432 -0.9717
vn 0.4366 0.1613 -0.8851
vn 0.6177 -0.2321 -0.7514
vn 0.5241 -0.2167 -0.8236
vn -0.3325 0.4108 -0.8489
vn -0.3724 0.3332 -0.8662
vn -0.3710 0.3007 -0.8786
vn 0.0117 -0.0821 -0.9966
vn 0.5003 -0.0748 -0.8626
vn 0.2000 0.3098 -0.9295
vn 0.5002 -0.0749 -0.8627
vn 0.4597 0.3183 -0.8291
vn -0.1060 -0.0510 -0.9931
vn 0.4909 -0.0746 -0.8680
vn -0.2783 0.0117 -0.9604
vn -0.3651 -0.0275 -0.9306
vn -0.3651 -0.0353 -0.9303
vn -0.2706 -0.1372 -0.9529
vn -0.3029 -0.2872 -0.9087
vn 0.0196 -0.0196 -0.9996
vn -0.3264 -0.3107 -0.8927
vn 0.4437 0.3416 -0.8285
vn -0.3578 -0.3420 -0.8689
vn 0.4132 0.3739 -0.8304
vn 0.1688 0.0275 -0.9853
vn 0.0118 -0.6665 -0.7454
vn 0.5148 0.5698 -0.6405
vn 0.8183 -0.0435 -0.5732
vn 0.1853 -0.7294 -0.6585
vn 0.6083 0.5533 -0.5690
vn 0.8816 0.4230 -0.2095
vn 0.9782 -0.1069 -0.1782
vn 0.8949 0.4218 -0.1459
vn 0.5732 -0.8183 0.0435
vn 0.5827 -0.8126 0.0119
vn 0.5602 -0.8224 0.0993
vn 0.6210 -0.7633 -0.1780
vn 0.1534 -0.2792 -0.9479
vn -0.2701 0.4815 -0.8338
vn -0.2156 0.4195 -0.8818
vn 0.0983 -0.2791 -0.9552
vn 0.3597 -0.7865 -0.5020
vn 0.3436 -0.8176 -0.4621
vn 0.3824 -0.7766 -0.5007
vn 0.0118 -0.2082 -0.9780
vn 0.4701 -0.6202 -0.6280
vn -0.4095 0.4797 -0.7760
vn -0.4743 0.8270 -0.3018
vn -0.4972 0.7946 -0.3484
vn -0.5918 0.7565 -0.2783
vn -0.8174 0.4811 -0.3168
vn -0.6521 0.3866 -0.6521
vn -0.8594 0.3414 -0.3806
vn -0.4043 -0.1210 -0.9066
vn 0.4923 -0.5790 -0.6499
vn 0.1063 -0.2716 -0.9565
vn -0.8176 -0.4621 0.3436
vn -0.8160 -0.3587 0.4533
vn -0.8146 -0.3424 0.4683
vn -0.8265 -0.2965 0.4785
vn -0.7908 -0.0511 0.6099
vn -0.7445 -0.2087 0.6342
vn -0.6049 -0.5178 0.6049
vn -0.5640 -0.5720 0.5956
vn -0.7031 0.0039 0.7111
vn -0.4934 -0.5487 0.6749
vn -0.2968 -0.6133 0.7320
vn -0.6019 0.0040 0.7986
vn -0.6115 0.0986 0.7851
vn -0.5641 0.1223 0.8166
vn -0.4690 0.1458 0.8711
vn -0.4924 0.2009 0.8469
vn -0.2806 0.1700 0.9447
vn -0.2018 0.1860 0.9616
vn -0.1699 -0.0514 0.9841
vn 0.0912 -0.0357 0.9952
vn 0.0831 -0.0752 0.9937
vn 0.0592 0.2800 0.9582
vn -0.1146 0.2251 0.9676
vn 0.0197 0.1855 0.9824
vn -0.1226 0.0040 0.9924
vn -0.0039 0.0749 0.9972
vn 0.0516 0.0832 0.9952
vn -0.0040 -0.0592 0.9982
vn -0.1226 -0.0198 0.9923
vn 0.0198 -0.1226 0.9923
vn 0.1308 -0.4638 0.8762
vn -0.2263 -0.3056 0.9249
vn -0.2889 -0.2573 0.9221
vn -0.2655 -0.2496 0.9312
vn -0.3127 -0.2573 0.9143
vn -0.3364 -0.0831 0.9380
vn -0.4397 -0.1624 0.8833
vn -0.5474 -0.0985 0.8310
vn 0.6383 0.5364 -0.5521
vn 0.6317 0.4905 -0.6003
vn 0.6335 0.4761 -0.6099
vn 0.6638 0.3731 -0.6481
vn 0.6319 0.2708 -0.7261
vn 0.6096 0.2006 -0.7669
vn 0.6731 0.2244 -0.7047
vn 0.4517 0.1689 -0.8760
vn 0.5163 0.0433 -0.8553
vn 0.6245 0.1532 -0.7659
vn 0.7626 -0.1541 -0.6283
vn 0.6252 0.1455 -0.7668
vn 0.6082 0.0902 -0.7887
vn 0.4769 0.0118 -0.8789
vn 0.3739 -0.0669 -0.9250
vn 0.4058 -0.1458 -0.9023
vn 0.3667 -0.3036 -0.8794
vn 0.3272 -0.3035 -0.8949
vn 0.2478 -0.2006 -0.9478
vn 0.5148 -0.4283 -0.7427
vn 0.4287 -0.1377 -0.8929
vn -0.0587 0.0039 -0.9983
vn -0.0898 0.0195 -0.9958
vn 0.4523 -0.3815 -0.8062
vn 0.3499 -0.5151 -0.7824
vn 0.4764 -0.3662 -0.7993
vn 0.3029 -0.5862 -0.7514
vn 0.4134 -0.3898 -0.8229
vn 0.5244 -0.3115 -0.7925
vn 0.4841 -0.3739 -0.7911
vn 0.5327 -0.5407 -0.6511
vn 0.5562 -0.2486 -0.7930
vn 0.6115 -0.0986 -0.7851
vn 0.6116 -0.4380 -0.6589
vn 0.5268 -0.6852 -0.5030
vn 0.5163 -0.5479 -0.6582
vn 0.5788 -0.3819 -0.7205
vn 0.5869 -0.4609 -0.6657
vn 0.3683 -0.6613 -0.6535
vn 0.3662 -0.6812 -0.6339
vn 0.3499 -0.3499 -0.8690
vn 0.4605 -0.1771 -0.8698
vn 0.2791 -0.2320 -0.9318
vn 0.2483 -0.0749 -0.9658
vn 0.4927 -0.2562 -0.8316
vn 0.0822 -0.1058 -0.9910
vn 0.2635 -0.0433 -0.9637
vn 0.0039 -0.1061 -0.9943
vn 0.2161 -0.1061 -0.9706
vn 0.2956 -0.2010 -0.9339
vn 0.3350 -0.0197 -0.9420
vn 0.4372 -0.1930 -0.8784
vn 0.6351 -0.1302 -0.7614
vn 0.2157 0.0118 -0.9764
vn 0.5957 -0.1696 -0.7851
vn 0.6871 -0.0196 -0.7263
vn 0.0902 0.0902 -0.9918
vn 0.2005 0.1297 -0.9711
vn 0.2797 0.0749 -0.9572
vn -0.0587 0.2153 -0.9748
vn 0.2242 0.1455 -0.9636
vn 0.5374 0.0039 -0.8433
vn 0.3815 -0.0039 -0.9244
vn 0.2562 -0.0434 -0.9656
vn 0.1063 0.1141 -0.9878
vn 0.7378 -0.0197 -0.6747
vn 0.7340 -0.0040 -0.6791
vn 0.5074 0.2321 -0.8299
vn 0.7044 -0.2007 -0.6808
vn 0.7670 -0.0275 -0.6411
vn 0.7913 0.0355 -0.6103
vn 0.8153 0.0039 -0.5790
vn 0.8726 0.0513 -0.4858
vn 0.9295 0.0277 -0.3678
vn 0.9292 0.0356 -0.3678
vn 0.9535 0.0515 -0.2968
vn -0.9125 -0.3121 0.2646
vn -0.8701 -0.2559 0.4212
vn -0.8722 -0.2723 0.4065
vn -0.8400 -0.2722 0.4693
vn -0.6966 -0.2007 0.6888
vn -0.7964 -0.1216 0.5924
vn -0.9479 0.0039 0.3186
vn -0.9637 0.0432 0.2636
vn -0.6476 -0.0824 0.7575
vn -0.9417 0.1457 0.3034
vn -0.9156 0.3340 0.2240
vn -0.6276 0.0355 0.7777
vn -0.5556 0.0039 0.8314
vn -0.5252 0.0592 0.8489
vn -0.4300 0.1144 0.8955
vn -0.4772 0.1617 0.8638
vn -0.3982 0.3509 0.8476
vn -0.3428 0.4059 0.8472
vn -0.4133 0.6966 0.5864
vn -0.3812 0.6955 0.6091
vn -0.1379 0.5949 0.7919
vn -0.2802 0.4776 0.8327
vn -0.2404 0.6030 0.7606
vn -0.3341 0.6092 0.7192
vn -0.3190 0.6421 0.6971
vn -0.4593 0.6320 0.6242
vn -0.4594 0.5222 0.7185
vn -0.4916 0.5231 0.6962
vn -0.5239 0.5003 0.6894
vn -0.4860 0.6599 0.5730
vn -0.6418 0.7283 0.2403
vn -0.7185 0.4594 0.5222
vn -0.7171 0.4036 0.5682
vn -0.7016 0.4194 0.5761
vn -0.7333 0.3726 0.5687
vn -0.6159 0.3413 0.7101
vn -0.6946 0.1138 0.7103
vn -0.7044 0.2479 0.6651
vn 0.7564 -0.6375 0.1465
vn 0.7395 -0.6446 0.1938
vn -0.7718 0.5368 -0.3409
vn -0.7263 0.5379 -0.4279
vn -0.7632 0.5284 -0.3718
vn -0.8020 0.5203 -0.2934
vn -0.8267 0.5289 -0.1920
vn -0.7739 0.5382 0.3339
vn -0.7654 0.5299 0.3651
vn -0.7287 0.5397 0.4215
vn -0.8038 0.5215 0.2862
vn -0.8279 0.5297 0.1844
vn 0.7554 -0.6368 -0.1543
vn 0.7384 -0.6436 -0.2014
vn 0.3853 -0.4488 0.8063
vn 0.0512 0.1379 0.9891
vn -0.0039 0.2249 0.9744
vn -0.1224 0.3910 0.9122
vn -0.1147 0.4075 0.9060
vn -0.0119 0.1304 0.9914
vn 0.2896 -0.1786 0.9403
vn -0.1935 0.3988 0.8964
vn 0.2184 -0.2581 0.9411
vn -0.0909 0.0909 0.9917
vn -0.2171 0.4381 0.8723
vn 0.1148 -0.3683 0.9226
vn -0.1773 0.5949 0.7840
vn 0.0517 -0.6397 0.7669
vn -0.6565 0.3420 0.6723
vn -0.1301 0.7927 0.5955
vn -0.1224 -0.6358 0.7621
vn -0.6661 -0.6582 0.3508
vn -0.6910 -0.6594 0.2961
vn -0.4355 0.8827 0.1765
vn -0.8360 0.4356 0.3336
vn -0.4435 0.8831 0.1531
vn 0.3828 -0.4460 -0.8090
vn 0.0508 0.1368 -0.9893
vn 0.3828 -0.4459 -0.8091
vn -0.0039 0.2232 -0.9748
vn -0.1215 0.3882 -0.9135
vn -0.1139 0.4046 -0.9074
vn -0.0118 0.1293 -0.9915
vn 0.2875 -0.1772 -0.9412
vn -0.1921 0.3960 -0.8979
vn 0.2168 -0.2562 -0.9420
vn -0.0902 0.0902 -0.9918
vn -0.2156 0.4351 -0.8742
vn 0.1140 -0.3656 -0.9238
vn -0.1762 0.5912 -0.7870
vn 0.0513 -0.6358 -0.7701
vn -0.6531 0.3401 -0.6766
vn -0.1296 0.7890 -0.6006
vn -0.1217 -0.6319 -0.7654
vn -0.6642 -0.6564 -0.3577
vn -0.6893 -0.6579 -0.3033
vn -0.4349 0.8815 -0.1841
vn -0.8338 0.4344 -0.3406
vn -0.4430 0.8820 -0.1607
vn 0.1301 -0.0670 0.9892
vn 0.0119 -0.1226 0.9924
vn 0.1071 -0.2102 0.9718
vn -0.0357 -0.1547 0.9873
vn 0.2499 -0.6226 0.7416
vn 0.1858 -0.6287 0.7552
vn -0.2247 0.2484 0.9422
vn -0.0435 -0.1147 0.9924
vn -0.2090 0.2879 0.9346
vn -0.0040 -0.0913 0.9958
vn -0.2171 0.3276 0.9195
vn 0.2417 -0.5428 0.8043
vn 0.9420 0.1852 -0.2798
vn 0.5541 0.6720 -0.4912
vn 0.6733 0.6812 -0.2874
vn 0.8254 0.1856 -0.5332
vn 0.0900 0.5907 -0.8019
vn 0.8917 -0.4161 -0.1783
vn 0.2080 0.2785 -0.9376
vn 0.8072 -0.4213 -0.4134
vn 0.5110 -0.8596 -0.0040
vn -0.0117 0.5753 -0.8179
vn 0.4949 -0.8669 -0.0594
vn 0.3512 -0.2723 -0.8958
vn 0.3606 -0.8758 -0.3210
vn 0.0509 0.2468 -0.9677
vn -0.0039 0.4736 -0.8807
vn -0.0744 0.7245 -0.6853
vn 0.2009 -0.3821 -0.9020
vn 0.2567 -0.8730 -0.4148
vn -0.0824 0.2629 -0.9613
vn -0.1058 0.0745 -0.9916
vn -0.4640 0.5030 -0.7292
vn -0.2227 0.7383 -0.6367
vn 0.0827 -0.2795 -0.9566
vn 0.1464 -0.8658 -0.4785
vn -0.0980 0.3958 -0.9131
vn -0.1291 0.8489 -0.5125
vn 0.0039 -0.3351 -0.9422
vn 0.0433 -0.8307 -0.5551
vn -0.0040 -0.7711 -0.6367
vn -0.0353 -0.2709 -0.9619
vn -0.1841 0.4505 -0.8736
vn -0.1606 0.8972 -0.4114
vn -0.1373 -0.2393 -0.9612
vn -0.0827 -0.6968 -0.7125
vn -0.4272 -0.5605 -0.7094
vn -0.5212 0.5995 -0.6074
vn -0.2867 0.9385 -0.1924
vn -0.6150 -0.0431 -0.7873
vn -0.8721 0.0900 -0.4810
vn -0.7503 -0.4674 -0.4675
vn -0.6147 0.7321 -0.2936
vn -0.2394 0.9696 -0.0510
vn -0.2157 0.9764 -0.0118
vn -0.6407 0.7507 -0.1612
vn -0.9467 0.1611 -0.2789
vn -0.8756 -0.3887 -0.2866
vn -0.6910 0.7066 0.1522
vn -0.8992 0.3495 0.2631
vn -0.6940 0.7097 0.1216
vn -0.4856 0.2092 0.8488
vn -0.7834 -0.5078 0.3583
vn -0.3263 0.6723 0.6645
vn -0.7525 -0.4925 0.4373
vn -0.2006 0.6096 0.7669
vn -0.0913 -0.4721 0.8768
vn -0.1069 -0.0277 0.9939
vn -0.1141 0.5077 0.8540
vn -0.0040 -0.4551 0.8904
vn 0.0119 -0.2416 0.9703
vn 0.0277 -0.4549 0.8901
vn 0.0672 -0.4946 0.8665
vn -0.1540 0.2014 0.9673
vn -0.0750 0.4221 0.9034
vn 0.0357 -0.0833 0.9959
vn -0.0356 0.4548 0.8899
vn 0.0752 -0.5189 0.8515
vn 0.0356 0.4766 0.8784
vn 0.1861 -0.1544 0.9703
vn 0.0908 -0.5569 0.8256
vn 0.6102 0.5945 0.5236
vn 0.3918 -0.6926 0.6056
vn 0.7191 0.4754 0.5069
vn 0.4565 -0.8296 0.3215
vn 0.6699 -0.6303 0.3924
vn 0.9631 0.0436 0.2656
vn 0.5266 -0.8196 0.2257
vn -0.1535 0.7834 0.6023
vn -0.3051 -0.2338 0.9232
vn -0.2012 0.6352 0.7457
vn -0.2732 -0.1227 0.9541
vn -0.3049 -0.3761 0.8750
vn -0.2413 -0.3679 0.8980
vn -0.3040 0.6118 0.7303
vn -0.1071 -0.3452 0.9324
vn -0.1226 0.0039 0.9924
vn -0.3973 0.4917 0.7749
vn 0.1072 -0.2977 0.9486
vn -0.0591 0.0434 0.9973
vn -0.3274 0.3827 0.8639
vn 0.1947 -0.2742 0.9418
vn -0.2806 0.3201 0.9049
vn 0.2422 -0.2025 0.9489
vn 0.0513 0.0197 0.9985
vn 0.1467 -0.1864 0.9715
vn -0.0909 0.2332 0.9682
vn -0.1535 0.5705 0.8068
vn -0.1939 -0.1939 0.9617
vn -0.2953 0.6182 0.7284
vn -0.6498 0.3032 0.6970
vn -0.6439 -0.2725 0.7149
vn -0.4506 0.6543 0.6073
vn -0.6627 0.6706 0.3333
vn -0.7150 -0.2726 0.6439
vn -0.6718 0.6796 0.2947
vn -0.8006 0.3037 0.5166
vn -0.8316 -0.2562 0.4927
vn -0.8594 0.3414 0.3807
vn -0.6865 0.6944 0.2158
vn -0.9323 -0.2636 0.2478
vn -0.7097 0.6940 0.1215
vn -0.9238 0.3263 0.2005
vn -0.1528 0.7797 -0.6073
vn -0.2000 0.6315 -0.7491
vn -0.3029 -0.2321 -0.9243
vn -0.2711 -0.1217 -0.9548
vn -0.3028 -0.3735 -0.8768
vn -0.2396 -0.3653 -0.8995
vn -0.3022 0.6083 -0.7339
vn -0.1063 -0.3427 -0.9334
vn -0.1216 0.0039 -0.9926
vn -0.3949 0.4887 -0.7780
vn 0.1064 -0.2954 -0.9494
vn -0.0587 0.0430 -0.9973
vn -0.3252 0.3801 -0.8659
vn 0.1933 -0.2721 -0.9426
vn -0.2785 0.3178 -0.9063
vn 0.2404 -0.2010 -0.9496
vn 0.0509 0.0196 -0.9985
vn 0.1456 -0.1849 -0.9719
vn -0.0902 0.2314 -0.9687
vn -0.1525 0.5670 -0.8095
vn -0.1925 -0.1925 -0.9622
vn -0.2936 0.6147 -0.7321
vn -0.6462 0.3016 -0.7010
vn -0.6402 -0.2710 -0.7188
vn -0.4484 0.6512 -0.6122
vn -0.6610 0.6688 -0.3403
vn -0.7113 -0.2712 -0.6484
vn -0.6702 0.6781 -0.3018
vn -0.7973 0.3024 -0.5224
vn -0.8284 -0.2552 -0.4986
vn -0.8568 0.3404 -0.3873
vn -0.6853 0.6932 -0.2232
vn -0.9304 -0.2630 -0.2552
vn -0.7090 0.6933 -0.1293
vn -0.9223 0.3257 -0.2080
vn 0.6748 0.6827 0.2802
vn 0.5563 0.6746 0.4853
vn 0.9440 0.1857 0.2726
vn 0.8289 0.1864 0.5275
vn 0.0905 0.5944 0.7991
vn 0.8929 -0.4167 0.1706
vn 0.2095 0.2806 0.9367
vn 0.8098 -0.4227 0.4069
vn -0.0118 0.5790 0.8153
vn 0.4951 -0.8673 0.0515
vn 0.3538 -0.2743 0.8942
vn 0.3615 -0.8780 0.3138
vn 0.0513 0.2487 0.9672
vn -0.0039 0.4769 0.8790
vn -0.0748 0.7283 0.6811
vn 0.2023 -0.3848 0.9005
vn 0.2576 -0.8758 0.4082
vn 0.0833 -0.2817 0.9559
vn 0.1468 -0.8691 0.4723
vn -0.0830 0.2649 0.9607
vn -0.1066 0.0750 0.9915
vn -0.4667 0.5059 0.7255
vn -0.2238 0.7419 0.6321
vn 0.0040 -0.3376 0.9413
vn 0.0435 -0.8343 0.5496
vn -0.0040 -0.7750 0.6319
vn -0.0987 0.3987 0.9117
vn -0.1296 0.8523 0.5067
vn -0.0356 -0.2730 0.9613
vn -0.1854 0.4536 0.8717
vn -0.1612 0.9001 0.4048
vn -0.1384 -0.2411 0.9606
vn -0.0831 -0.7007 0.7086
vn -0.4296 -0.5636 0.7055
vn -0.5237 0.6024 0.6024
vn -0.2871 0.9399 0.1848
vn -0.6188 -0.0433 0.7843
vn -0.8754 0.0903 0.4750
vn -0.7530 -0.4692 0.4613
vn -0.6161 0.7338 0.2865
vn -0.2395 0.9699 0.0432
vn -0.2157 0.9765 0.0039
vn -0.6414 0.7517 0.1535
vn -0.9488 0.1614 0.2716
vn -0.8776 -0.3896 0.2794
vn -0.8974 0.3487 -0.2704
vn -0.6902 0.7058 -0.1599
vn -0.6933 0.7090 -0.1293
vn -0.4823 0.2078 -0.8510
vn -0.3246 0.6688 -0.6688
vn -0.7812 -0.5064 -0.3651
vn -0.7499 -0.4908 -0.4436
vn -0.1994 0.6059 -0.7701
vn -0.0906 -0.4689 -0.8786
vn -0.1061 -0.0275 -0.9940
vn -0.1134 0.5043 -0.8561
vn -0.0039 -0.4519 -0.8920
vn 0.0118 -0.2397 -0.9708
vn 0.0275 -0.4518 -0.8917
vn 0.0668 -0.4912 -0.8685
vn -0.0744 0.4191 -0.9049
vn -0.1528 0.1998 -0.9679
vn 0.0354 -0.0826 -0.9960
vn -0.0353 0.4516 -0.8915
vn 0.0748 -0.5154 -0.8537
vn 0.0352 0.4733 -0.8802
vn 0.1847 -0.1533 -0.9708
vn 0.0903 -0.5534 -0.8280
vn 0.6077 0.5920 -0.5293
vn 0.3900 -0.6893 -0.6106
vn 0.7162 0.4735 -0.5127
vn 0.4553 -0.8275 -0.3286
vn 0.6678 -0.6283 -0.3991
vn 0.9611 0.0435 -0.2729
vn 0.5257 -0.8181 -0.2332
vn 0.0354 0.0983 -0.9945
vn -0.2153 0.3875 -0.8964
vn -0.2080 0.4041 -0.8908
vn 0.0353 0.0117 -0.9993
vn 0.3977 -0.4056 -0.8230
vn -0.2001 0.3727 -0.9061
vn 0.3428 -0.4374 -0.8314
vn 0.0039 -0.0665 -0.9978
vn 0.2247 -0.5323 -0.8162
vn -0.1373 0.3413 -0.9299
vn 0.1380 -0.5719 -0.8086
vn -0.0039 -0.1370 -0.9906
vn 0.1140 -0.5700 -0.8137
vn -0.0823 0.2939 -0.9523
vn 0.0118 -0.0587 -0.9982
vn 0.0509 0.1215 -0.9913
vn 0.0589 -0.1533 -0.9864
vn 0.0118 -0.4613 -0.8872
vn 0.2710 0.0275 -0.9622
vn 0.0434 -0.5163 -0.8553
vn 0.2716 -0.3581 -0.8933
vn 0.8956 0.1618 -0.4143
vn 0.2166 -0.6498 -0.7286
vn 0.8663 -0.4233 -0.2651
vn 0.6682 -0.7393 -0.0830
vn 0.8869 0.4297 -0.1695
vn 0.7461 -0.6513 0.1382
vn 0.9854 -0.1702 0.0039
vn 0.7967 -0.5429 0.2656
vn 0.9921 0.1146 0.0514
vn 0.7761 0.6028 -0.1852
vn 0.9679 0.2489 0.0355
vn 0.7391 -0.3122 0.5968
vn 0.7194 0.5857 -0.3734
vn 0.9314 0.2973 0.2100
vn 0.4812 -0.0994 0.8709
vn 0.6953 0.4674 -0.5460
vn 0.8909 0.3049 0.3366
vn 0.4002 -0.0436 0.9154
vn 0.6665 0.4378 -0.6034
vn -0.2012 0.4142 0.8877
vn -0.2090 0.3747 0.9033
vn 0.0355 0.0119 0.9993
vn 0.3843 -0.4081 0.8281
vn 0.3451 -0.4402 0.8289
vn -0.5511 0.6527 -0.5199
vn -0.5211 0.6935 -0.4976
vn -0.3488 0.2704 -0.8973
vn -0.3186 0.3186 -0.8927
vn -0.3787 0.8004 -0.4646
vn -0.1533 0.0510 -0.9869
vn -0.0823 -0.0980 -0.9918
vn -0.1841 0.4191 -0.8891
vn -0.1607 0.8897 -0.4272
vn -0.0038 0.0509 -0.9987
vn -0.0431 0.4978 -0.8662
vn -0.0588 0.9058 -0.4196
vn 0.0195 0.4888 -0.8722
vn 0.0197 0.8997 -0.4361
vn 0.0667 0.1059 -0.9921
vn 0.1294 0.4668 -0.8748
vn 0.3912 -0.4781 -0.7864
vn 0.4121 0.3966 -0.8203
vn 0.4445 0.8537 -0.2715
vn 0.1374 -0.0983 -0.9856
vn 0.1930 -0.1772 -0.9651
vn 0.8403 0.3196 -0.4379
vn 0.4831 0.8444 -0.2317
vn 0.8819 0.3045 -0.3599
vn 0.8044 -0.5190 -0.2892
vn 0.4847 -0.2168 -0.8474
vn 0.7465 -0.5649 -0.3516
vn 0.2415 -0.9698 -0.0356
vn 0.2412 -0.9687 -0.0593
vn 0.1623 -0.9384 -0.3049
vn 0.2497 -0.9078 -0.3369
vn 0.3750 -0.6750 -0.6354
vn 0.4397 -0.8358 -0.3288
vn 0.5972 -0.7000 -0.3915
vn 0.3123 -0.3123 -0.8972
vn 0.7868 -0.3994 -0.4705
vn 0.2557 -0.1455 -0.9557
vn 0.8560 -0.0908 -0.5089
vn 0.8373 0.0197 -0.5464
vn -0.0667 -0.2392 -0.9687
vn 0.0825 -0.6086 -0.7892
vn -0.2320 -0.1847 -0.9550
vn 0.0433 -0.6576 -0.7521
vn 0.4365 -0.6960 -0.5702
vn -0.6718 -0.2554 -0.6953
vn 0.3110 -0.0591 -0.9486
vn 0.8189 0.0198 -0.5736
vn -0.2001 -0.1451 -0.9690
vn -0.7161 -0.2231 -0.6614
vn 0.3180 -0.0667 -0.9458
vn 0.2866 0.3887 -0.8756
vn -0.1372 -0.1137 -0.9840
vn -0.7332 -0.1529 -0.6626
vn -0.7163 0.0822 -0.6929
vn 0.0590 -0.0748 -0.9955
vn -0.2079 -0.0510 -0.9768
vn -0.6287 0.3710 -0.6834
vn -0.0274 0.0665 -0.9974
vn -0.2783 0.6389 -0.7172
vn -0.1370 0.0039 -0.9906
vn -0.4486 0.6202 -0.6436
vn 0.2170 -0.4063 -0.8876
vn 0.1929 -0.4054 -0.8935
vn 0.1923 0.0903 -0.9772
vn -0.2081 0.7186 -0.6636
vn 0.0588 0.8983 -0.4354
vn 0.3811 -0.4676 -0.7976
vn 0.5111 -0.8201 -0.2575
vn 0.4866 -0.8188 -0.3046
vn 0.5433 -0.8368 -0.0674
vn 0.4871 -0.8515 -0.1940
vn 0.2643 -0.4298 -0.8634
vn 0.6912 -0.4700 -0.5490
vn 0.4630 -0.8825 -0.0831
vn 0.6398 0.1295 -0.7576
vn 0.7529 -0.4770 -0.4534
vn 0.4478 -0.8916 -0.0674
vn 0.4323 -0.9003 -0.0516
vn 0.7372 0.2090 -0.6426
vn 0.0980 0.9291 -0.3567
vn 0.1449 0.9518 -0.2703
vn 0.8031 -0.5024 -0.3204
vn 0.4392 -0.8982 -0.0198
vn 0.8588 -0.4709 -0.2018
vn 0.8721 0.1618 -0.4617
vn 0.2322 0.9564 -0.1771
vn 0.9524 0.0988 -0.2885
vn -0.0430 0.0587 -0.9973
vn 0.3499 -0.6093 -0.7116
vn 0.4627 -0.8819 0.0909
vn 0.1785 -0.9717 0.1547
vn 0.0825 0.0746 -0.9938
vn -0.1683 0.7947 -0.5833
vn 0.2165 -0.6415 -0.7359
vn -0.1465 -0.9700 0.1940
vn 0.1612 0.1769 -0.9709
vn 0.0745 0.8502 -0.5211
vn 0.1373 0.8515 -0.5061
vn 0.1844 0.1059 -0.9771
vn -0.0118 -0.7918 -0.6106
vn -0.2968 -0.9298 0.2176
vn -0.0750 -0.8327 -0.5486
vn 0.5831 0.1071 0.8053
vn 0.0833 0.0436 0.9956
vn 0.7303 0.0118 0.6830
vn -0.6207 -0.0909 0.7788
vn -0.2650 0.1463 0.9531
vn 0.0277 0.0277 0.9992
vn 0.5581 0.1306 0.8194
vn -0.6032 -0.0907 0.7924
vn 0.5194 0.1308 0.8445
vn -0.5540 -0.0747 0.8292
vn 0.1147 0.0356 0.9928
vn 0.3842 0.0277 0.9228
vn -0.2414 -0.1306 0.9616
vn -0.5231 0.6962 0.4916
vn -0.5533 0.6554 0.5141
vn -0.3512 0.2723 0.8958
vn -0.3208 0.3208 0.8911
vn -0.3801 0.8033 0.4585
vn -0.1545 0.0515 0.9867
vn -0.0830 -0.0988 0.9916
vn -0.1854 0.4221 0.8874
vn -0.1612 0.8927 0.4208
vn -0.0039 0.0513 0.9987
vn -0.0434 0.5012 0.8642
vn -0.0590 0.9088 0.4131
vn 0.0197 0.4922 0.8702
vn 0.0197 0.9028 0.4297
vn 0.0672 0.1067 0.9920
vn 0.1304 0.4701 0.8729
vn 0.3936 -0.4811 0.7833
vn 0.1385 -0.0990 0.9854
vn 0.4148 0.3991 0.8178
vn 0.4455 0.8554 0.2641
vn 0.1945 -0.1786 0.9645
vn 0.8432 0.3207 0.4315
vn 0.4839 0.8459 0.2243
vn 0.8844 0.3054 0.3530
vn 0.8062 -0.5202 0.2819
vn 0.4880 -0.2182 0.8451
vn 0.7486 -0.5664 0.3446
vn 0.2415 -0.9700 0.0277
vn 0.2413 -0.9691 0.0514
vn 0.1627 -0.9407 0.2977
vn 0.2504 -0.9102 0.3299
vn 0.3769 -0.6783 0.6307
vn 0.4408 -0.8380 0.3217
vn 0.5990 -0.7022 0.3848
vn 0.3145 -0.3145 0.8956
vn 0.7898 -0.4008 0.4643
vn 0.2576 -0.1466 0.9551
vn 0.8595 -0.0911 0.5030
vn 0.8409 0.0197 0.5409
vn -0.0672 -0.2411 0.9682
vn 0.0830 -0.6124 0.7862
vn -0.2336 -0.1861 0.9543
vn 0.0436 -0.6615 0.7487
vn 0.4384 -0.6991 0.5648
vn -0.6755 -0.2568 0.6912
vn 0.3133 -0.0595 0.9478
vn 0.8227 0.0199 0.5682
vn -0.2016 -0.1463 0.9685
vn -0.7199 -0.2242 0.6569
vn 0.3204 -0.0672 0.9449
vn 0.2886 0.3914 0.8738
vn -0.1384 -0.1146 0.9837
vn -0.7370 -0.1537 0.6582
vn -0.7203 0.0827 0.6888
vn 0.0595 -0.0753 0.9954
vn -0.2095 -0.0514 0.9765
vn -0.6321 0.3730 0.6792
vn -0.0276 0.0671 0.9974
vn -0.2798 0.6425 0.7134
vn -0.1382 0.0040 0.9904
vn -0.4508 0.6233 0.6390
vn 0.2185 -0.4092 0.8859
vn 0.1943 -0.4083 0.8919
vn 0.1938 0.0910 0.9768
vn -0.2092 0.7223 0.6592
vn 0.0590 0.9014 0.4290
vn 0.3835 -0.4705 0.7947
vn 0.5121 -0.8217 0.2501
vn 0.4877 -0.8208 0.2974
vn 0.5436 -0.8372 0.0595
vn 0.4879 -0.8528 0.1864
vn 0.2660 -0.4327 0.8614
vn 0.6942 -0.4720 0.5434
vn 0.4633 -0.8830 0.0752
vn 0.6436 0.1303 0.7542
vn 0.7556 -0.4787 0.4470
vn 0.4480 -0.8921 0.0595
vn 0.4324 -0.9006 0.0436
vn 0.7409 0.2100 0.6379
vn 0.0983 0.9316 0.3498
vn 0.1452 0.9538 0.2630
vn 0.8051 -0.5037 0.3133
vn 0.4393 -0.8983 0.0119
vn 0.8601 -0.4717 0.1942
vn 0.8753 0.1625 0.4555
vn 0.2325 0.9577 0.1695
vn 0.9545 0.0990 0.2812
vn -0.0434 0.0592 0.9973
vn 0.3518 -0.6128 0.7076
vn 0.4623 -0.8812 -0.0988
vn 0.1782 -0.9705 -0.1624
vn 0.0831 0.0752 0.9937
vn -0.1691 0.7983 0.5781
vn 0.2177 -0.6452 0.7323
vn -0.1463 -0.9685 -0.2016
vn 0.1624 0.1783 0.9705
vn 0.0748 0.8537 0.5154
vn 0.1379 0.8548 0.5003
vn 0.1859 0.1068 0.9767
vn -0.0119 -0.7956 0.6057
vn -0.2962 -0.9282 -0.2251
vn -0.0753 -0.8364 0.5430
vn 0.5794 0.1064 -0.8081
vn 0.7264 0.0118 -0.6871
vn 0.0826 0.0433 -0.9956
vn -0.2630 0.1452 -0.9538
vn -0.6168 -0.0904 -0.7819
vn 0.0274 0.0274 -0.9992
vn 0.5545 0.1298 -0.8220
vn -0.5994 -0.0901 -0.7953
vn 0.5159 0.1300 -0.8467
vn -0.5505 -0.0742 -0.8316
vn 0.1138 0.0353 -0.9929
vn 0.3814 0.0275 -0.9240
vn -0.2396 -0.1296 -0.9622
vn 0.0277 -0.2097 0.9774
vn 0.4393 -0.7163 0.5422
vn 0.4472 -0.6926 0.5660
vn 0.1308 -0.2655 0.9552
vn 0.3837 -0.7477 0.5420
vn -0.2567 0.2961 0.9200
vn -0.3127 0.2573 0.9143
vn -0.5391 0.6336 0.5549
vn -0.5198 0.6839 0.5120
vn -0.1776 0.4066 0.8962
vn -0.4119 0.7962 0.4432
vn 0.1547 -0.2499 0.9558
vn 0.2653 -0.7803 0.5664
vn -0.1537 0.5084 0.8473
vn -0.3101 0.8676 0.3887
vn 0.1152 -0.2661 0.9570
vn -0.0040 -0.1226 0.9924
vn 0.3289 -0.5429 0.7727
vn -0.1620 0.5965 0.7861
vn -0.2160 0.9231 0.3182
vn -0.1693 0.6890 0.7047
vn -0.2085 0.9481 0.2400
vn 0.1069 -0.2178 0.9701
vn -0.2322 0.8147 0.5313
vn -0.2236 0.9689 0.1059
vn -0.1778 0.0118 0.9840
vn -0.4669 0.8513 0.2393
vn -0.2937 0.9436 -0.1527
vn -0.2496 -0.1624 0.9546
vn -0.5662 0.8240 -0.0195
vn -0.5754 0.7868 -0.2231
vn -0.6661 0.1143 0.7370
vn -0.9425 -0.1696 0.2879
vn -0.9999 -0.0118 -0.0039
vn -0.7439 -0.5786 0.3346
vn -0.2326 -0.5955 0.7690
vn -0.7507 -0.6407 0.1611
vn -0.2423 -0.5837 0.7750
vn -0.7056 -0.6899 0.1616
vn -0.2337 -0.1386 0.9624
vn -0.4855 -0.4145 0.7697
vn -0.6102 -0.1614 0.7756
vn -0.9771 0.1295 -0.1687
vn -0.5992 0.7245 -0.3407
vn -0.6835 -0.6440 0.3437
vn -0.5439 0.4500 -0.7083
vn -0.9218 -0.0745 -0.3805
vn -0.6886 -0.5469 0.4761
vn -0.2863 0.0981 -0.9531
vn -0.7973 -0.3024 -0.5224
vn -0.6963 -0.5153 0.4996
vn -0.1765 -0.0039 -0.9843
vn -0.7336 -0.4355 -0.5217
vn -0.3207 -0.0436 0.9462
vn -0.6037 -0.1775 0.7772
vn 0.2096 0.1305 0.9690
vn 0.5569 0.2172 0.8017
vn -0.3909 -0.1224 0.9123
vn -0.6143 -0.3289 0.7173
vn 0.2019 0.0594 0.9776
vn 0.5898 0.1781 0.7877
vn 0.6286 0.1858 0.7552
vn -0.4150 -0.2253 0.8815
vn -0.6044 -0.5096 0.6123
vn 0.2098 0.0119 0.9777
vn 0.6383 0.2339 0.7334
vn -0.3843 -0.4081 0.8281
vn -0.5021 -0.7630 0.4072
vn 0.2657 -0.0278 0.9637
vn 0.6529 0.1622 0.7399
vn -0.2256 -0.6928 0.6849
vn -0.3436 -0.9361 0.0750
vn 0.3922 -0.1941 0.8992
vn 0.7419 -0.0119 0.6705
vn -0.0040 -0.9325 0.3611
vn -0.1067 -0.9207 -0.3754
vn 0.5574 -0.4467 0.6998
vn 0.8600 -0.1228 0.4954
vn 0.2333 -0.9688 -0.0831
vn 0.0514 -0.8242 -0.5639
vn 0.4546 -0.8341 -0.3123
vn 0.8441 -0.5270 0.0991
vn 0.7826 -0.5124 0.3535
vn 0.9228 -0.0832 0.3762
vn 0.4374 -0.7132 -0.5477
vn 0.0118 -0.2007 -0.9796
vn 0.4453 -0.6895 -0.5713
vn 0.1301 -0.2562 -0.9578
vn -0.2858 0.3171 -0.9043
vn -0.3175 0.2548 -0.9134
vn -0.5527 0.6625 -0.5056
vn -0.5520 0.7164 -0.4267
vn 0.2474 0.7343 -0.6322
vn 0.4432 0.8041 -0.3962
vn 0.3036 0.3272 -0.8948
vn 0.0589 0.4511 -0.8905
vn 0.3346 0.9172 -0.2165
vn 0.1215 0.8586 -0.4980
vn -0.2632 0.9624 0.0668
vn -0.5196 0.7618 -0.3868
vn -0.1686 0.9761 -0.1372
vn -0.6165 0.7421 -0.2631
vn -0.7563 0.4742 -0.4507
vn -0.6942 0.4511 -0.5609
vn -0.0039 0.8968 -0.4425
vn -0.5584 0.3632 -0.7458
vn -0.3012 0.6299 -0.7159
vn 0.1992 0.6445 -0.7382
vn -0.3803 0.1451 -0.9134
vn -0.1059 0.3728 -0.9219
vn 0.3575 0.3811 -0.8526
vn -0.3021 -0.0039 -0.9533
vn -0.0039 0.1765 -0.9843
vn 0.0196 0.0509 -0.9985
vn 0.4694 0.2170 -0.8559
vn -0.2943 -0.0667 -0.9534
vn 0.0509 0.0039 -0.9987
vn 0.5455 0.1295 -0.8280
vn -0.3652 -0.1217 -0.9229
vn 0.0117 -0.0665 -0.9977
vn 0.5400 0.0591 -0.8396
vn -0.3816 -0.1691 -0.9087
vn 0.4982 -0.0039 -0.8670
vn -0.3575 -0.1847 -0.9155
vn 0.0196 -0.1139 -0.9933
vn -0.2951 -0.4131 -0.8615
vn -0.1220 -0.7830 -0.6099
vn -0.5789 -0.7600 -0.2954
vn -0.2157 0.0039 -0.9764
vn -0.2398 -0.0039 -0.9708
vn -0.9515 0.1136 -0.2859
vn -0.2971 -0.4159 0.8595
vn -0.5802 -0.7618 0.2881
vn -0.1226 -0.7868 0.6049
vn -0.2173 0.0040 0.9761
vn -0.9536 0.1138 0.2786
vn -0.2416 -0.0039 0.9704
vn 0.7608 -0.3351 -0.5558
vn 0.2718 -0.0985 -0.9573
vn 0.2868 -0.1454 -0.9469
vn 0.0666 -0.1214 -0.9904
vn 0.4144 -0.3671 -0.8328
vn -0.0196 0.0039 -0.9998
vn 0.4139 -0.2641 -0.8711
vn 0.0196 0.1060 -0.9942
vn 0.2328 -0.7223 -0.6512
vn -0.0275 0.1061 -0.9940
vn -0.0196 0.1447 -0.9893
vn 0.0354 -0.7668 -0.6409
vn -0.6096 -0.2006 -0.7669
vn -0.0904 -0.1375 -0.9864
vn 0.7641 -0.3365 0.5503
vn 0.2889 -0.1465 0.9461
vn 0.2739 -0.0992 0.9566
vn 0.0670 -0.1223 0.9902
vn 0.4172 -0.3695 0.8303
vn -0.0197 0.0040 0.9998
vn 0.4168 -0.2659 0.8692
vn 0.0198 0.1069 0.9941
vn 0.2341 -0.7260 0.6466
vn -0.0277 0.1069 0.9939
vn -0.0197 0.1458 0.9891
vn -0.6133 -0.2018 0.7636
vn 0.0356 -0.7706 0.6363
vn -0.0911 -0.1386 0.9861
vn 0.7076 -0.6997 -0.0988
vn 0.6978 -0.5480 -0.4613
vn 0.8158 -0.3271 -0.4769
vn 0.5016 -0.2015 -0.8413
vn 0.4779 -0.8648 -0.1540
vn 0.1387 -0.9471 -0.2893
vn -0.0832 -0.9462 -0.3127
vn -0.7564 -0.5762 -0.3096
vn 0.5875 -0.5954 -0.5481
vn 0.9984 -0.0434 -0.0355
vn 0.9996 -0.0277 -0.0039
vn 0.9558 -0.2499 -0.1547
vn 0.6492 -0.0433 -0.7594
vn 0.2319 0.0589 -0.9710
vn 0.0352 0.1293 -0.9910
vn 0.0826 0.1376 -0.9870
vn -0.0983 -0.0118 -0.9951
vn 0.4669 -0.0510 -0.8828
vn 0.0432 -0.1061 -0.9934
vn -0.0666 0.1136 -0.9913
vn 0.0039 0.1841 -0.9829
vn -0.0665 0.0039 -0.9978
vn -0.1843 0.1137 -0.9763
vn -0.0355 0.1061 -0.9937
vn 0.3500 -0.0983 -0.9316
vn 0.9034 -0.0750 -0.4221
vn 0.8657 -0.2411 -0.4387
vn -0.0039 0.0983 -0.9952
vn -0.2391 0.1450 -0.9601
vn -0.0039 0.0274 -0.9996
vn -0.0353 -0.0118 -0.9993
vn -0.1370 0.0274 -0.9902
vn -0.2314 0.0903 -0.9687
vn -0.7219 0.4487 -0.5268
vn -0.5966 0.6902 -0.4095
vn -0.3726 0.3099 -0.8747
vn -0.5896 0.6912 -0.4178
vn -0.2630 0.2552 -0.9304
vn -0.6310 0.2312 -0.7406
vn -0.9453 0.0745 -0.3177
vn -0.9994 0.0353 -0.0039
vn -0.7800 0.2783 -0.5605
vn -0.8511 0.4118 -0.3256
vn -0.1842 0.1137 -0.9763
vn -0.8338 0.4815 -0.2701
vn -0.9303 0.2473 -0.2709
vn 0.7081 -0.7002 0.0910
vn 0.7003 -0.5500 0.4550
vn 0.8188 -0.3284 0.4708
vn 0.5050 -0.2028 0.8390
vn 0.4784 -0.8659 0.1463
vn 0.1390 -0.9493 0.2820
vn -0.0834 -0.9485 0.3056
vn -0.7583 -0.5775 0.3025
vn 0.5900 -0.5980 0.5425
vn 0.9987 -0.0434 0.0276
vn 0.9570 -0.2501 0.1469
vn 0.6531 -0.0435 0.7560
vn 0.2337 0.0594 0.9705
vn 0.0355 0.1303 0.9908
vn 0.0832 0.1387 0.9868
vn -0.0991 -0.0119 0.9950
vn 0.4702 -0.0513 0.8811
vn 0.0435 -0.1070 0.9933
vn -0.0671 0.1145 0.9912
vn 0.0039 0.1855 0.9826
vn -0.0670 0.0039 0.9977
vn -0.1857 0.1146 0.9759
vn -0.0356 0.1069 0.9936
vn 0.3525 -0.0990 0.9306
vn 0.9064 -0.0752 0.4156
vn 0.8687 -0.2420 0.4323
vn -0.0040 0.0991 0.9951
vn -0.2408 0.1461 0.9595
vn -0.0039 0.0277 0.9996
vn -0.0356 -0.0119 0.9993
vn -0.1381 0.0276 0.9900
vn -0.2331 0.0909 0.9682
vn -0.7249 0.4506 0.5211
vn -0.5985 0.6924 0.4029
vn -0.3752 0.3121 0.8728
vn -0.5916 0.6934 0.4113
vn -0.2650 0.2571 0.9293
vn -0.6346 0.2325 0.7370
vn -0.9476 0.0747 0.3106
vn -0.7834 0.2795 0.5551
vn -0.8533 0.4129 0.3185
vn -0.8355 0.4825 0.2628
vn -0.9322 0.2479 0.2636
vn 0.9473 -0.2418 -0.2101
vn -0.9681 0.2234 -0.1137
vn 0.0988 0.1463 0.9843
vn 0.9999 0.0119 0.0040
vn -0.1297 0.0983 -0.9867
vn -0.8992 -0.1217 -0.4202
vn -0.9999 0.0118 -0.0039
vn 0.0353 0.9994 -0.0039
vn 0.7812 0.6242 -0.0039
vn 0.0274 0.9996 -0.0039
vn -0.0039 1.0000 -0.0039
vn 0.0981 0.1451 -0.9845
vn 0.9999 0.0119 -0.0119
vn -0.9689 0.2236 0.1059
vn -0.1308 0.0990 0.9865
vn -0.9022 -0.1221 0.4137
vn 0.9489 -0.2422 0.2025
vn -0.0039 0.7415 0.6709
vn -0.0119 -0.0118 0.9999
vn -0.0040 0.6748 0.7380
vn -0.1539 0.7696 0.6197
vn -0.0276 -0.0670 0.9974
vn -0.0040 -0.1148 0.9934
vn -0.2713 0.9475 0.1691
vn 0.0435 0.1225 0.9915
vn 0.0673 0.2017 0.9771
vn -0.0039 0.9998 0.0196
vn 0.8453 0.1230 0.5199
vn 0.7304 0.4461 0.5172
vn 0.0039 1.0000 -0.0039
vn 0.9298 0.3680 -0.0040
vn -0.0039 0.7376 -0.6752
vn -0.0039 0.6709 -0.7415
vn -0.0118 -0.0117 -0.9999
vn -0.1532 0.7659 -0.6245
vn -0.0274 -0.0665 -0.9974
vn -0.0039 -0.1139 -0.9935
vn -0.0039 0.0743 -0.9972
vn -0.2709 0.9462 -0.1767
vn 0.0431 0.1215 -0.9917
vn 0.0668 0.2001 -0.9775
vn -0.0039 0.9996 -0.0274
vn 0.8419 0.1225 -0.5256
vn 0.7274 0.4443 -0.5229
vn -0.2802 0.1302 0.9511
vn -0.1535 0.5472 0.8228
vn -0.0197 0.1381 0.9902
vn -0.9706 0.2397 -0.0196
vn -0.3021 0.9533 -0.0039
vn -0.9771 0.1687 0.1296
vn -0.9916 0.1293 -0.0039
vn -0.9905 0.1370 -0.0118
vn -0.1526 0.5437 -0.8253
vn -0.2781 0.1293 -0.9518
vn -0.0196 0.1370 -0.9904
vn -0.9708 0.2397 0.0118
vn -0.9761 0.1685 -0.1373
vn -0.9906 0.1370 0.0039
vt 0.185669 0.623779
vt 0.187378 0.635254
vt 0.177979 0.632324
vt 0.446045 0.435547
vt 0.446045 0.427246
vt 0.442627 0.432129
vt 0.449951 0.430664
vt 0.449707 0.433594
vt 0.471680 0.316895
vt 0.460449 0.316895
vt 0.460449 0.318359
vt 0.470703 0.313477
vt 0.475830 0.305176
vt 0.468994 0.309570
vt 0.460449 0.314453
vt 0.480713 0.309082
vt 0.460449 0.320312
vt 0.473877 0.320312
vt 0.483398 0.304199
vt 0.477539 0.303711
vt 0.488037 0.313965
vt 0.487549 0.320312
vt 0.506836 0.320312
vt 0.491699 0.303711
vt 0.507812 0.312988
vt 0.528809 0.320312
vt 0.529785 0.312988
vt 0.544434 0.320312
vt 0.547852 0.314941
vt 0.508301 0.304199
vt 0.530273 0.303223
vt 0.545410 0.299805
vt 0.530273 0.293945
vt 0.541992 0.293945
vt 0.508301 0.293945
vt 0.496582 0.293945
vt 0.489502 0.293945
vt 0.483154 0.293945
vt 0.489502 0.280273
vt 0.478516 0.294922
vt 0.474854 0.294434
vt 0.483154 0.280273
vt 0.489502 0.267090
vt 0.478516 0.280273
vt 0.474854 0.279785
vt 0.483154 0.267090
vt 0.489502 0.261230
vt 0.478516 0.267090
vt 0.474854 0.267090
vt 0.474854 0.260742
vt 0.478516 0.260742
vt 0.474854 0.255371
vt 0.478516 0.255371
vt 0.483154 0.260742
vt 0.489502 0.256836
vt 0.483154 0.255859
vt 0.478516 0.250000
vt 0.474854 0.250000
vt 0.478516 0.243652
vt 0.474854 0.243652
vt 0.483154 0.250488
vt 0.489502 0.250000
vt 0.483154 0.243652
vt 0.489502 0.243652
vt 0.059357 0.211914
vt 0.056885 0.219238
vt 0.058289 0.219238
vt 0.056885 0.210938
vt 0.056885 0.203613
vt 0.060150 0.219238
vt 0.061920 0.212891
vt 0.064148 0.208984
vt 0.063171 0.202148
vt 0.056885 0.192383
vt 0.065063 0.208496
vt 0.056885 0.180176
vt 0.068481 0.210938
vt 0.063171 0.166016
vt 0.056885 0.171875
vt 0.071167 0.180176
vt 0.072754 0.173340
vt 0.070679 0.191895
vt 0.070862 0.198242
vt 0.072876 0.202148
vt 0.080017 0.213867
vt 0.083313 0.210449
vt 0.077759 0.217285
vt 0.091187 0.216309
vt 0.086548 0.223145
vt 0.090393 0.221191
vt 0.094238 0.217285
vt 0.090393 0.226074
vt 0.096680 0.223633
vt 0.096558 0.218262
vt 0.093750 0.228027
vt 0.097107 0.228516
vt 0.101318 0.224609
vt 0.101379 0.228516
vt 0.172485 0.490723
vt 0.159790 0.498047
vt 0.165161 0.489258
vt 0.165894 0.497559
vt 0.902344 0.496582
vt 0.875000 0.485352
vt 0.902344 0.485352
vt 0.875000 0.494141
vt 0.854980 0.496094
vt 0.875000 0.500732
vt 0.902344 0.505127
vt 0.854980 0.491211
vt 0.844727 0.493652
vt 0.854980 0.485352
vt 0.875000 0.479980
vt 0.902344 0.479980
vt 0.854980 0.479980
vt 0.844727 0.479980
vt 0.844727 0.485352
vt 0.835938 0.479980
vt 0.835938 0.485352
vt 0.835938 0.491699
vt 0.844727 0.489258
vt 0.712891 0.222656
vt 0.709961 0.215820
vt 0.712891 0.214844
vt 0.708496 0.209473
vt 0.712891 0.207520
vt 0.708496 0.206543
vt 0.707520 0.210938
vt 0.706543 0.203613
vt 0.706055 0.201660
vt 0.705566 0.205078
vt 0.704102 0.201660
vt 0.703613 0.195801
vt 0.712891 0.192871
vt 0.704102 0.188965
vt 0.705566 0.182129
vt 0.712891 0.182617
vt 0.705078 0.175293
vt 0.712891 0.165527
vt 0.697754 0.183105
vt 0.709961 0.163574
vt 0.712891 0.151855
vt 0.709961 0.151855
vt 0.708984 0.165527
vt 0.705078 0.169434
vt 0.700684 0.166016
vt 0.700195 0.172363
vt 0.698730 0.169922
vt 0.696289 0.168457
vt 0.692871 0.172363
vt 0.694824 0.178711
vt 0.694824 0.181641
vt 0.693359 0.183105
vt 0.694824 0.183105
vt 0.693359 0.187012
vt 0.698242 0.186523
vt 0.692871 0.191406
vt 0.700684 0.184570
vt 0.697754 0.188477
vt 0.702148 0.185547
vt 1.663086 0.105469
vt 1.666016 0.098633
vt 1.663086 0.097656
vt 1.667969 0.092285
vt 1.663086 0.090332
vt 1.667969 0.089355
vt 1.668945 0.093750
vt 1.669922 0.086426
vt 1.663086 0.075684
vt 1.670898 0.084473
vt 1.670898 0.087891
vt 1.671875 0.084473
vt 1.672852 0.079102
vt 1.672852 0.071777
vt 1.663086 0.065430
vt 1.670898 0.065430
vt 1.671875 0.058594
vt 1.670898 0.052246
vt 1.663086 0.048340
vt 1.678711 0.065918
vt 1.667969 0.048828
vt 1.666016 0.046387
vt 1.663086 0.035156
vt 1.666016 0.035156
vt 1.675781 0.049316
vt 1.677734 0.053223
vt 1.679688 0.051758
vt 1.683594 0.055664
vt 1.675781 0.055664
vt 1.681641 0.062012
vt 1.681641 0.064453
vt 1.682617 0.065918
vt 1.681641 0.065918
vt 1.682617 0.069824
vt 1.683594 0.074219
vt 1.678711 0.069336
vt 1.675781 0.067383
vt 1.678711 0.071289
vt 1.673828 0.068359
vt 0.666504 0.046387
vt 0.663574 0.035156
vt 0.666504 0.035156
vt 0.663574 0.048340
vt 0.667969 0.048828
vt 0.671387 0.052246
vt 0.676270 0.049316
vt 0.663574 0.065430
vt 0.677734 0.053223
vt 0.680176 0.051758
vt 0.683594 0.055664
vt 0.676270 0.055664
vt 0.671875 0.058594
vt 0.681641 0.062012
vt 0.671387 0.065430
vt 0.663574 0.075684
vt 0.678711 0.065918
vt 0.672852 0.071777
vt 0.672852 0.079102
vt 0.675781 0.067383
vt 0.674316 0.068359
vt 0.678711 0.071289
vt 0.678711 0.069336
vt 0.684082 0.074219
vt 0.683105 0.069824
vt 0.681641 0.065918
vt 0.681641 0.064453
vt 0.683105 0.065918
vt 0.670898 0.084473
vt 0.672363 0.084473
vt 0.671387 0.087891
vt 0.670410 0.086426
vt 0.667969 0.089355
vt 0.668945 0.093750
vt 0.663574 0.090332
vt 0.667969 0.092285
vt 0.663574 0.097656
vt 0.666504 0.098633
vt 0.663574 0.105469
vt 1.712891 0.222656
vt 1.712891 0.214844
vt 1.709961 0.215820
vt 1.708008 0.209473
vt 1.712891 0.207520
vt 1.708008 0.206543
vt 1.707031 0.210938
vt 1.706055 0.203613
vt 1.706055 0.201660
vt 1.705078 0.205078
vt 1.704102 0.201660
vt 1.703125 0.196289
vt 1.712891 0.192871
vt 1.704102 0.188965
vt 1.712891 0.182617
vt 1.705078 0.182129
vt 1.705078 0.175293
vt 1.712891 0.165527
vt 1.712891 0.151855
vt 1.709961 0.151855
vt 1.709961 0.163574
vt 1.708984 0.165527
vt 1.705078 0.169434
vt 1.700195 0.166016
vt 1.698242 0.169922
vt 1.696289 0.168457
vt 1.692383 0.172363
vt 1.700195 0.172363
vt 1.694336 0.178711
vt 1.697266 0.183105
vt 1.694336 0.181641
vt 1.693359 0.183105
vt 1.694336 0.183105
vt 1.693359 0.187012
vt 1.698242 0.186523
vt 1.692383 0.191406
vt 1.700195 0.184570
vt 1.702148 0.185547
vt 1.697266 0.188477
vt 0.103271 0.221680
vt 0.099609 0.219727
vt 0.760254 0.814331
vt 0.760742 0.809326
vt 0.755371 0.807983
vt 0.754395 0.810669
vt 0.756836 0.814941
vt 0.450439 0.341797
vt 0.456055 0.341797
vt 0.450439 0.335449
vt 0.464111 0.336426
vt 0.464600 0.327148
vt 0.450439 0.327148
vt 0.475098 0.333496
vt 0.471191 0.343262
vt 0.474854 0.327148
vt 0.477295 0.339355
vt 0.485352 0.331543
vt 0.485596 0.327148
vt 0.486328 0.336914
vt 0.497559 0.327148
vt 0.498291 0.336914
vt 0.504395 0.331543
vt 0.504395 0.327148
vt 0.502930 0.336914
vt 0.504883 0.336914
vt 0.516113 0.336914
vt 0.506348 0.327148
vt 0.516113 0.331543
vt 0.516113 0.327148
vt 0.660645 0.738770
vt 0.665527 0.741943
vt 0.660645 0.741943
vt 0.665527 0.737549
vt 0.670898 0.738770
vt 0.670898 0.735352
vt 0.682617 0.732422
vt 0.670898 0.741943
vt 0.682617 0.736816
vt 0.682617 0.741943
vt 0.699707 0.734375
vt 0.699707 0.741943
vt 0.699707 0.729492
vt 0.289307 0.684814
vt 0.301758 0.678711
vt 0.289307 0.678711
vt 0.302734 0.684814
vt 0.312988 0.678711
vt 0.289307 0.694824
vt 0.314697 0.684814
vt 0.304199 0.694824
vt 0.289307 0.701172
vt 0.343994 0.678711
vt 0.304443 0.701172
vt 0.315674 0.694824
vt 0.318359 0.701172
vt 0.344971 0.684814
vt 0.359619 0.681885
vt 0.354492 0.678711
vt 0.344971 0.694824
vt 0.345215 0.701172
vt 0.382812 0.684814
vt 0.374756 0.679443
vt 0.380615 0.676270
vt 0.385498 0.678711
vt 0.364258 0.694824
vt 0.364990 0.701172
vt 0.408203 0.684814
vt 0.407959 0.678711
vt 0.382324 0.694824
vt 0.382324 0.701172
vt 0.410156 0.701172
vt 0.409912 0.694824
vt 0.439941 0.684814
vt 0.440918 0.678711
vt 0.439941 0.694824
vt 0.441162 0.701172
vt 0.448730 0.701172
vt 0.451172 0.684814
vt 0.450928 0.678711
vt 0.451172 0.694824
vt 0.463135 0.694824
vt 0.462891 0.701172
vt 0.463623 0.684814
vt 0.464111 0.678711
vt 0.477051 0.678711
vt 0.477051 0.684814
vt 0.477051 0.694824
vt 0.477051 0.701172
vt 0.490967 0.698242
vt 0.489014 0.692139
vt 0.484131 0.698242
vt 0.497314 0.692139
vt 0.489014 0.686035
vt 0.496094 0.698242
vt 0.495605 0.686035
vt 0.512695 0.698242
vt 0.500488 0.686035
vt 0.513672 0.692139
vt 0.519043 0.698242
vt 0.514160 0.686035
vt 0.525391 0.692139
vt 0.525391 0.686035
vt 0.536133 0.686035
vt 0.534668 0.699951
vt 0.537598 0.698242
vt 0.553223 0.692139
vt 0.551758 0.698242
vt 0.553223 0.686035
vt 0.571777 0.698242
vt 0.573242 0.692139
vt 0.572754 0.686035
vt 0.575195 0.698242
vt 0.575684 0.686035
vt 0.581543 0.698242
vt 0.582520 0.686035
vt 0.588379 0.692139
vt 0.588379 0.698242
vt 0.588379 0.686035
vt 0.528320 0.013184
vt 0.528809 0.011719
vt 0.522461 0.014160
vt 0.521484 0.012207
vt 0.529785 0.009277
vt 0.521484 0.009277
vt 0.520508 0.014648
vt 0.519531 0.009277
vt 0.518555 0.012207
vt 0.518066 0.015137
vt 0.517578 0.009277
vt 0.511230 0.012695
vt 0.513184 0.016602
vt 0.511230 0.009277
vt 0.508301 0.016602
vt 0.505859 0.009277
vt 0.505371 0.013184
vt 0.498779 0.009277
vt 0.497559 0.012207
vt 0.500000 0.016113
vt 0.495361 0.009277
vt 0.496338 0.015137
vt 0.492920 0.012207
vt 0.492432 0.009277
vt 0.493408 0.016113
vt 0.491943 0.016113
vt 0.486328 0.009277
vt 0.485596 0.015625
vt 0.485840 0.012695
vt 0.481689 0.009277
vt 0.480957 0.012695
vt 0.480225 0.016113
vt 0.479492 0.009277
vt 0.477539 0.015625
vt 0.479248 0.012207
vt 0.419434 0.233398
vt 0.412354 0.227539
vt 0.419434 0.227539
vt 0.412354 0.233398
vt 0.419434 0.238770
vt 0.403564 0.227539
vt 0.412354 0.238770
vt 0.403564 0.233398
vt 0.403564 0.238770
vt 0.393311 0.227539
vt 0.393311 0.238770
vt 0.393311 0.233398
vt 0.384766 0.238770
vt 0.386719 0.227539
vt 0.380127 0.233398
vt 0.374756 0.227539
vt 0.374268 0.229980
vt 0.374268 0.236816
vt 0.368896 0.227539
vt 0.372803 0.233887
vt 0.368896 0.229980
vt 0.366699 0.227539
vt 0.368896 0.232910
vt 0.366699 0.229980
vt 0.366699 0.232910
vt 0.362793 0.227539
vt 0.362793 0.232910
vt 0.362793 0.229980
vt 0.358643 0.232910
vt 0.358643 0.229980
vt 0.358643 0.227539
vt 0.356445 0.229980
vt 0.356445 0.232910
vt 0.356445 0.227539
vt 0.354248 0.229980
vt 0.354248 0.232910
vt 0.354248 0.227539
vt 0.348389 0.229980
vt 0.348389 0.232910
vt 0.348389 0.227539
vt 0.726562 0.741943
vt 0.714355 0.741943
vt 0.726562 0.735596
vt 0.714355 0.734863
vt 0.726562 0.729736
vt 0.714355 0.728516
vt 0.206909 0.148438
vt 0.206909 0.126465
vt 0.201904 0.148438
vt 0.201904 0.126465
vt 0.206909 0.109375
vt 0.191406 0.126465
vt 0.191406 0.148438
vt 0.201904 0.108887
vt 0.206909 0.089355
vt 0.191406 0.108398
vt 0.201904 0.089355
vt 0.206909 0.067383
vt 0.201904 0.067383
vt 0.206909 0.054688
vt 0.191406 0.089355
vt 0.201904 0.054688
vt 0.185913 0.107422
vt 0.201904 0.049805
vt 0.206909 0.045898
vt 0.191406 0.067383
vt 0.195068 0.054688
vt 0.201904 0.045898
vt 0.206909 0.024414
vt 0.201904 0.024414
vt 0.195068 0.024414
vt 0.195068 0.049805
vt 0.195068 0.045898
vt 0.187256 0.024414
vt 0.187256 0.045898
vt 0.187256 0.054688
vt 0.184326 0.067383
vt 0.187378 0.089355
vt 0.182861 0.089355
vt 0.180542 0.104980
vt 0.182129 0.118652
vt 0.177246 0.116211
vt 0.173950 0.125000
vt 0.171875 0.121582
vt 0.162842 0.124512
vt 0.186401 0.129395
vt 0.186646 0.135254
vt 0.174561 0.135254
vt 0.183472 0.140137
vt 0.183472 0.148438
vt 0.174805 0.140137
vt 0.163452 0.127441
vt 0.151733 0.125977
vt 0.163452 0.135254
vt 0.163940 0.140137
vt 0.151611 0.127930
vt 0.143433 0.127441
vt 0.151489 0.135254
vt 0.152588 0.140137
vt 0.144653 0.142090
vt 0.140259 0.130371
vt 0.142456 0.138184
vt 0.139038 0.145996
vt 0.140259 0.121094
vt 0.143433 0.120117
vt 0.136108 0.143555
vt 0.136108 0.150391
vt 0.133911 0.133789
vt 0.133911 0.123047
vt 0.140259 0.114258
vt 0.143433 0.114258
vt 0.143433 0.110352
vt 0.133911 0.115723
vt 0.130127 0.133301
vt 0.130127 0.123047
vt 0.128540 0.139160
vt 0.130127 0.116699
vt 0.131104 0.140625
vt 0.133911 0.111816
vt 0.130127 0.110840
vt 0.140259 0.110840
vt 0.133911 0.100586
vt 0.130127 0.100586
vt 0.130127 0.092773
vt 0.140259 0.100098
vt 0.143433 0.100098
vt 0.143433 0.092285
vt 0.133911 0.092773
vt 0.130127 0.087891
vt 0.133911 0.087891
vt 0.140259 0.091797
vt 0.143433 0.087891
vt 0.140259 0.087891
vt 0.132935 0.148438
vt 0.128174 0.146484
vt 0.125977 0.145996
vt 0.125488 0.149414
vt 0.131836 0.151367
vt 0.135254 0.152344
vt 0.127319 0.149902
vt 0.125488 0.152344
vt 0.131348 0.154297
vt 0.134766 0.154297
vt 0.133545 0.160645
vt 0.130249 0.160645
vt 0.127075 0.153320
vt 0.125610 0.160645
vt 0.127197 0.160645
vt 0.563965 0.007324
vt 0.574219 0.011230
vt 0.569824 0.007324
vt 0.563965 0.014648
vt 0.570312 0.014648
vt 0.555176 0.011230
vt 0.554688 0.007324
vt 0.555664 0.014648
vt 0.547852 0.007324
vt 0.549316 0.014648
vt 0.540039 0.011230
vt 0.543457 0.007324
vt 0.545410 0.014648
vt 0.024216 0.720703
vt 0.031158 0.702637
vt 0.031158 0.720703
vt 0.024216 0.703857
vt 0.031158 0.681885
vt 0.013153 0.704590
vt 0.013153 0.720703
vt 0.007973 0.720703
vt 0.007973 0.704346
vt 0.013153 0.682861
vt 0.007973 0.682861
vt 0.024216 0.682373
vt 0.031158 0.657715
vt 0.013153 0.658447
vt 0.007973 0.658447
vt 0.024216 0.658203
vt 0.024216 0.643066
vt 0.031158 0.639648
vt 0.013153 0.643066
vt 0.007973 0.643066
vt 0.013153 0.621826
vt 0.007973 0.620117
vt 0.027161 0.632812
vt 0.013153 0.607422
vt 0.007973 0.605957
vt 0.019333 0.620117
vt 0.013153 0.603027
vt 0.007973 0.598145
vt 0.015915 0.607422
vt 0.013153 0.598145
vt 0.007973 0.586426
vt 0.015915 0.603027
vt 0.015915 0.598145
vt 0.014053 0.586426
vt 0.020187 0.598145
vt 0.021515 0.604004
vt 0.020187 0.586426
vt 0.026077 0.616455
vt 0.020187 0.575195
vt 0.026306 0.626709
vt 0.029282 0.620117
vt 0.036133 0.620117
vt 0.014053 0.575195
vt 0.007973 0.575195
vt 0.020187 0.568848
vt 0.007973 0.568848
vt 0.014053 0.568848
vt 0.020187 0.562256
vt 0.007973 0.562256
vt 0.014053 0.562256
vt 0.020187 0.548584
vt 0.007973 0.548584
vt 0.014053 0.548584
vt 0.036133 0.626709
vt 0.053650 0.620117
vt 0.036133 0.632812
vt 0.036133 0.639648
vt 0.053650 0.626709
vt 0.075806 0.620117
vt 0.053650 0.632812
vt 0.053650 0.639648
vt 0.075806 0.639648
vt 0.075806 0.626709
vt 0.097595 0.620117
vt 0.075806 0.632812
vt 0.097595 0.639648
vt 0.097595 0.626709
vt 0.116699 0.620117
vt 0.097595 0.632812
vt 0.116699 0.639648
vt 0.116699 0.626709
vt 0.134766 0.620117
vt 0.116699 0.632812
vt 0.134766 0.639648
vt 0.134766 0.626709
vt 0.150024 0.620117
vt 0.134766 0.632812
vt 0.150024 0.639648
vt 0.150024 0.626709
vt 0.167480 0.620117
vt 0.167480 0.626709
vt 0.167480 0.632812
vt 0.150024 0.632812
vt 0.167480 0.639648
vt 0.926270 0.505615
vt 0.945801 0.496582
vt 0.945801 0.504150
vt 0.926270 0.498535
vt 0.926270 0.485352
vt 0.945801 0.485352
vt 0.945801 0.479980
vt 0.926270 0.479980
vt 0.221069 0.598633
vt 0.224365 0.596436
vt 0.224487 0.601318
vt 0.219116 0.605225
vt 0.220215 0.590820
vt 0.217041 0.597900
vt 0.468262 0.008301
vt 0.457520 0.013184
vt 0.457520 0.008301
vt 0.468262 0.013184
vt 0.468262 0.020020
vt 0.457520 0.020020
vt 0.447510 0.008301
vt 0.447510 0.020020
vt 0.447510 0.013184
vt 0.436279 0.008301
vt 0.436279 0.020020
vt 0.436279 0.013184
vt 0.423828 0.008301
vt 0.423828 0.020020
vt 0.423828 0.013184
vt 0.409424 0.013184
vt 0.409424 0.008301
vt 0.409424 0.020020
vt 0.395264 0.013184
vt 0.395264 0.008301
vt 0.395264 0.020020
vt 0.385254 0.013184
vt 0.385254 0.008301
vt 0.385254 0.020020
vt 0.382080 0.008301
vt 0.380371 0.020020
vt 0.376953 0.013184
vt 0.767090 0.039062
vt 0.790039 0.022461
vt 0.762207 0.021973
vt 0.853516 0.328125
vt 0.851562 0.308594
vt 0.837891 0.318359
vt 0.929688 0.106445
vt 0.909180 0.129395
vt 0.919434 0.147461
vt 0.900879 0.099609
vt 0.873047 0.061035
vt 0.858398 0.080078
vt 0.857910 0.046387
vt 0.823730 0.042969
vt 0.833984 0.030762
vt 0.792480 0.091309
vt 0.790527 0.060547
vt 0.814941 0.026367
vt 0.750977 0.051758
vt 0.790527 0.038574
vt 0.872559 0.035156
vt 0.916504 0.081543
vt 0.952637 0.152832
vt 0.930664 0.159668
vt 0.849609 0.017578
vt 0.822754 0.009277
vt 0.788574 0.007324
vt 0.740723 0.038574
vt 0.891602 0.052734
vt 0.984375 0.357422
vt 0.992676 0.356934
vt 0.991211 0.321289
vt 0.975586 0.322754
vt 0.978027 0.356934
vt 0.951660 0.355957
vt 0.937500 0.337402
vt 0.913086 0.318359
vt 0.963867 0.292969
vt 0.957031 0.264648
vt 0.894531 0.357422
vt 0.913574 0.373047
vt 0.891113 0.282715
vt 0.843262 0.268066
vt 0.849121 0.239746
vt 0.954590 0.227051
vt 0.982422 0.252930
vt 0.976074 0.223145
vt 0.874023 0.217285
vt 0.831543 0.209473
vt 0.887207 0.188965
vt 0.876465 0.161621
vt 0.807617 0.143555
vt 0.815430 0.162598
vt 0.794434 0.168945
vt 0.770508 0.129395
vt 0.775391 0.109863
vt 0.750488 0.094238
vt 0.766113 0.092285
vt 0.746582 0.068848
vt 0.847656 0.348145
vt 0.840820 0.348633
vt 0.831055 0.240234
vt 0.809082 0.211426
vt 0.822754 0.191406
vt 0.801758 0.192383
vt 0.825684 0.266602
vt 0.986328 0.280762
vt 0.735840 0.072754
vt 0.978027 0.373047
vt 0.980469 0.371582
vt 0.858887 0.357422
vt 0.850586 0.357422
vt 0.840820 0.357422
vt 0.695801 0.259277
vt 0.689453 0.256348
vt 0.689453 0.259277
vt 0.695801 0.252441
vt 0.760742 0.259277
vt 0.760742 0.252441
vt 0.994629 0.059570
vt 0.993652 0.061523
vt 0.994629 0.061523
vt 0.960938 0.059570
vt 0.960938 0.061523
vt 0.993652 0.077637
vt 0.950684 0.068359
vt 0.950195 0.067383
vt 0.932617 0.077637
vt 0.932617 0.068359
vt 0.932617 0.067383
vt 0.927734 0.073730
vt 0.929199 0.068359
vt 0.928711 0.067383
vt 0.923828 0.067383
vt 0.923828 0.068359
vt 0.923828 0.073730
vt 0.863281 0.016602
vt 0.870605 0.012695
vt 0.862793 0.015137
vt 0.872559 0.007812
vt 0.870605 0.007812
vt 0.872559 0.013672
vt 0.882812 0.016602
vt 0.882812 0.007812
s 1
usemtl AK_Ashen_MI.001
f 1/1/1 2/2/1 3/3/1
f 4/4/2 5/5/3 6/6/4
f 4/4/2 7/7/5 5/5/3
f 7/7/5 4/4/2 8/8/5
f 9/4/6 10/6/7 11/5/6
f 12/7/8 9/4/6 11/5/6
f 9/4/6 12/7/8 13/8/9
f 14/9/10 15/10/11 16/11/12
f 15/10/11 14/9/10 17/12/13
f 17/12/13 18/13/14 19/14/15
f 19/14/15 15/10/11 17/12/13
f 15/10/11 19/14/15 20/15/16
f 17/12/13 21/16/17 18/13/14
f 21/16/17 17/12/13 14/9/10
f 14/9/10 16/11/12 22/17/18
f 22/17/18 23/18/19 14/9/10
f 24/19/20 18/13/14 21/16/17
f 18/13/14 24/19/20 25/20/21
f 14/9/10 26/21/22 21/16/17
f 23/18/19 26/21/22 14/9/10
f 26/21/22 23/18/19 27/22/23
f 26/21/22 27/22/23 28/23/24
f 26/21/22 29/24/25 21/16/17
f 21/16/17 29/24/25 24/19/20
f 30/25/26 26/21/22 28/23/24
f 30/25/26 29/24/25 26/21/22
f 31/26/27 30/25/26 28/23/24
f 30/25/26 31/26/27 32/27/28
f 33/28/29 32/27/28 31/26/27
f 32/27/28 33/28/29 34/29/30
f 32/27/28 35/30/31 30/25/26
f 29/24/25 30/25/26 35/30/31
f 34/29/30 36/31/32 32/27/28
f 35/30/31 32/27/28 36/31/32
f 36/31/32 34/29/30 37/32/33
f 38/33/34 37/32/33 39/34/35
f 36/31/32 37/32/33 38/33/34
f 40/35/36 36/31/32 38/33/34
f 36/31/32 40/35/36 35/30/31
f 40/35/36 41/36/37 35/30/31
f 29/24/25 35/30/31 41/36/37
f 42/37/38 29/24/25 41/36/37
f 43/38/39 29/24/25 42/37/38
f 43/38/39 24/19/20 29/24/25
f 42/37/38 44/39/40 43/38/39
f 24/19/20 43/38/39 45/40/41
f 45/40/41 25/20/21 24/19/20
f 25/20/21 45/40/41 46/41/42
f 43/38/39 44/39/40 47/42/43
f 43/38/39 47/42/43 45/40/41
f 44/39/40 48/43/44 47/42/43
f 45/40/41 49/44/45 46/41/42
f 45/40/41 47/42/43 49/44/45
f 46/41/42 49/44/45 50/45/46
f 51/46/47 47/42/43 48/43/44
f 51/46/47 49/44/45 47/42/43
f 51/46/47 48/43/44 52/47/48
f 49/44/45 53/48/49 50/45/46
f 49/44/45 51/46/47 53/48/49
f 50/45/46 53/48/49 54/49/50
f 53/48/49 55/50/51 54/49/50
f 55/50/51 53/48/49 56/51/52
f 51/46/47 56/51/52 53/48/49
f 57/52/53 55/50/51 56/51/52
f 57/52/53 56/51/52 58/53/54
f 56/51/52 51/46/47 59/54/55
f 56/51/52 59/54/55 58/53/54
f 59/54/55 51/46/47 52/47/48
f 60/55/56 59/54/55 52/47/48
f 58/53/54 59/54/55 61/56/57
f 59/54/55 60/55/56 61/56/57
f 62/57/58 57/52/53 58/53/54
f 57/52/53 62/57/58 63/58/59
f 64/59/60 63/58/59 62/57/58
f 63/58/59 64/59/60 65/60/61
f 66/61/62 61/56/57 60/55/56
f 60/55/56 67/62/63 66/61/62
f 68/63/64 66/61/62 67/62/63
f 68/63/64 67/62/63 69/64/65
f 66/61/62 58/53/54 61/56/57
f 58/53/54 66/61/62 62/57/58
f 68/63/64 62/57/58 66/61/62
f 62/57/58 68/63/64 64/59/60
f 70/65/66 71/66/67 72/67/68
f 71/66/67 70/65/66 73/68/69
f 70/65/66 74/69/70 73/68/69
f 75/70/71 70/65/66 72/67/68
f 70/65/66 75/70/71 76/71/72
f 76/71/72 77/72/73 70/65/66
f 70/65/66 78/73/74 74/69/70
f 78/73/74 70/65/66 77/72/73
f 78/73/74 79/74/75 74/69/70
f 78/73/74 77/72/73 80/75/76
f 78/73/74 81/76/75 79/74/75
f 78/73/74 80/75/76 82/77/77
f 83/78/78 84/79/79 81/76/75
f 81/76/75 78/73/74 83/78/78
f 83/78/78 85/80/80 86/81/81
f 83/78/78 78/73/74 85/80/80
f 85/80/80 78/73/74 87/82/82
f 87/82/82 78/73/74 88/83/83
f 88/83/83 78/73/74 89/84/84
f 90/85/85 89/84/84 78/73/74
f 90/85/85 78/73/74 82/77/77
f 89/84/84 90/85/85 91/86/86
f 82/77/77 92/87/87 90/85/85
f 90/85/85 93/88/88 91/86/86
f 92/87/87 94/89/89 90/85/85
f 93/88/88 90/85/85 95/90/90
f 94/89/89 95/90/90 90/85/85
f 96/91/91 93/88/88 95/90/90
f 95/90/90 94/89/89 97/92/92
f 95/90/90 98/93/93 96/91/91
f 97/92/92 98/93/93 95/90/90
f 98/93/93 99/94/94 96/91/91
f 98/93/93 97/92/92 100/95/95
f 100/95/95 101/96/96 98/93/93
f 102/97/97 98/93/93 101/96/96
f 102/97/97 101/96/96 103/98/98
f 104/10/99 105/9/100 106/11/101
f 105/9/100 104/10/99 107/12/102
f 107/12/102 108/14/103 109/13/104
f 110/15/105 108/14/103 104/10/99
f 104/10/99 108/14/103 107/12/102
f 109/13/104 111/16/106 107/12/102
f 111/16/106 105/9/100 107/12/102
f 105/9/100 112/17/107 106/11/101
f 113/18/108 112/17/107 105/9/100
f 109/13/104 114/19/109 111/16/106
f 114/19/109 109/13/104 115/20/110
f 116/21/111 105/9/100 111/16/106
f 116/21/111 113/18/108 105/9/100
f 113/18/108 116/21/111 117/22/112
f 116/21/111 118/23/113 117/22/112
f 116/21/111 111/16/106 119/24/114
f 111/16/106 114/19/109 119/24/114
f 118/23/113 116/21/111 120/25/115
f 119/24/114 120/25/115 116/21/111
f 120/25/115 121/26/116 118/23/113
f 121/26/116 120/25/115 122/27/117
f 122/27/117 123/28/118 121/26/116
f 123/28/118 122/27/117 124/29/119
f 125/30/120 122/27/117 120/25/115
f 120/25/115 119/24/114 125/30/120
f 126/31/121 124/29/119 122/27/117
f 122/27/117 125/30/120 126/31/121
f 124/29/119 126/31/121 127/32/122
f 128/33/123 129/34/124 127/32/122
f 128/33/123 127/32/122 126/31/121
f 126/31/121 130/35/125 128/33/123
f 130/35/125 126/31/121 125/30/120
f 131/36/126 130/35/125 125/30/120
f 131/36/126 125/30/120 119/24/114
f 131/36/126 119/24/114 132/37/127
f 119/24/114 133/38/128 132/37/127
f 114/19/109 133/38/128 119/24/114
f 134/39/129 132/37/127 133/38/128
f 133/38/128 114/19/109 135/40/130
f 115/20/110 135/40/130 114/19/109
f 135/40/130 115/20/110 136/41/131
f 133/38/128 137/42/132 134/39/129
f 137/42/132 133/38/128 135/40/130
f 138/43/133 134/39/129 137/42/132
f 136/41/131 139/44/134 135/40/130
f 135/40/130 139/44/134 137/42/132
f 139/44/134 136/41/131 140/45/135
f 137/42/132 141/46/136 138/43/133
f 139/44/134 141/46/136 137/42/132
f 141/46/136 142/47/137 138/43/133
f 140/45/135 143/48/138 139/44/134
f 141/46/136 139/44/134 143/48/138
f 140/45/135 144/49/139 143/48/138
f 144/49/139 145/50/140 143/48/138
f 146/54/141 142/47/137 141/46/136
f 147/51/142 143/48/138 145/50/140
f 143/48/138 147/51/142 141/46/136
f 147/51/142 146/54/141 141/46/136
f 145/50/140 148/52/143 147/51/142
f 149/53/144 147/51/142 148/52/143
f 147/51/142 149/53/144 146/54/141
f 146/54/141 150/55/145 142/47/137
f 149/53/144 151/56/146 146/54/141
f 150/55/145 146/54/141 151/56/146
f 148/52/143 152/57/147 149/53/144
f 152/57/147 148/52/143 153/58/148
f 153/58/148 154/59/149 152/57/147
f 154/59/149 153/58/148 155/60/150
f 156/61/151 150/55/145 151/56/146
f 150/55/145 156/61/151 157/62/152
f 158/63/153 157/62/152 156/61/151
f 157/62/152 158/63/153 159/64/154
f 149/53/144 156/61/151 151/56/146
f 156/61/151 149/53/144 152/57/147
f 152/57/147 158/63/153 156/61/151
f 158/63/153 152/57/147 154/59/149
f 160/66/155 161/65/156 162/67/157
f 161/65/156 160/66/155 163/68/158
f 163/68/158 164/69/159 161/65/156
f 162/67/157 161/65/156 165/70/160
f 165/70/160 161/65/156 166/71/161
f 161/65/156 167/72/162 166/71/161
f 164/69/159 168/73/163 161/65/156
f 161/65/156 168/73/163 167/72/162
f 168/73/163 164/69/159 169/74/164
f 168/73/163 170/75/165 167/72/162
f 171/76/166 168/73/163 169/74/164
f 168/73/163 172/77/167 170/75/165
f 173/78/168 171/76/166 174/79/169
f 173/78/168 168/73/163 171/76/166
f 173/78/168 175/81/170 176/80/171
f 168/73/163 173/78/168 176/80/171
f 168/73/163 176/80/171 177/82/172
f 177/82/172 178/83/173 168/73/163
f 178/83/173 179/84/174 168/73/163
f 179/84/174 180/85/175 168/73/163
f 180/85/175 172/77/167 168/73/163
f 180/85/175 179/84/174 181/86/176
f 172/77/167 180/85/175 182/87/177
f 183/88/178 180/85/175 181/86/176
f 180/85/175 184/89/179 182/87/177
f 180/85/175 183/88/178 185/90/180
f 184/89/179 180/85/175 185/90/180
f 186/91/181 185/90/180 183/88/178
f 185/90/180 187/92/182 184/89/179
f 185/90/180 186/91/181 188/93/183
f 188/93/183 187/92/182 185/90/180
f 188/93/183 186/91/181 189/94/184
f 187/92/182 188/93/183 190/95/185
f 190/95/185 188/93/183 191/96/186
f 192/97/187 191/96/186 188/93/183
f 191/96/186 192/97/187 193/98/188
f 194/99/189 195/100/190 196/101/191
f 197/102/192 195/100/190 194/99/189
f 198/103/193 199/104/194 200/105/195
f 199/104/194 198/103/193 201/106/196
f 202/107/197 201/106/196 203/108/198
f 201/106/196 198/103/193 203/108/198
f 203/108/198 198/103/193 204/109/199
f 201/106/196 202/107/197 205/110/200
f 206/111/201 205/110/200 202/107/197
f 207/112/202 201/106/196 205/110/200
f 201/106/196 207/112/202 199/104/194
f 208/113/203 209/114/204 199/104/194
f 199/104/194 209/114/204 200/105/195
f 207/112/202 208/113/203 199/104/194
f 208/113/203 207/112/202 210/115/205
f 211/116/206 210/115/205 207/112/202
f 207/112/202 212/117/207 211/116/206
f 205/110/200 212/117/207 207/112/202
f 213/118/208 211/116/206 212/117/207
f 212/117/207 214/119/209 213/118/208
f 206/111/201 215/120/210 214/119/209
f 205/110/200 216/121/211 212/117/207
f 205/110/200 206/111/201 216/121/211
f 216/121/211 214/119/209 212/117/207
f 206/111/201 214/119/209 216/121/211
f 217/122/212 218/123/213 219/124/214
f 218/123/213 220/125/215 219/124/214
f 221/126/216 219/124/214 220/125/215
f 220/125/215 222/127/217 221/126/216
f 223/128/218 222/127/217 220/125/215
f 223/128/218 224/129/219 222/127/217
f 225/130/220 221/126/216 222/127/217
f 225/130/220 222/127/217 224/129/219
f 226/131/221 225/130/220 224/129/219
f 227/132/222 225/130/220 226/131/221
f 228/133/223 225/130/220 227/132/222
f 229/134/224 221/126/216 225/130/220
f 228/133/223 229/134/224 225/130/220
f 229/134/224 228/133/223 230/135/225
f 231/136/226 229/134/224 230/135/225
f 229/134/224 231/136/226 232/137/227
f 232/137/227 231/136/226 233/138/228
f 233/138/228 234/139/229 232/137/227
f 235/140/230 233/138/228 231/136/226
f 236/141/231 237/142/232 234/139/229
f 237/142/232 236/141/231 238/143/232
f 234/139/229 239/144/233 236/141/231
f 234/139/229 240/145/234 239/144/233
f 240/145/234 234/139/229 233/138/228
f 239/144/233 240/145/234 241/146/235
f 233/138/228 242/147/236 240/145/234
f 243/148/237 241/146/235 240/145/234
f 243/148/237 240/145/234 242/147/236
f 241/146/235 243/148/237 244/149/238
f 244/149/238 243/148/237 245/150/239
f 245/150/239 243/148/237 242/147/236
f 233/138/228 246/151/240 242/147/236
f 233/138/228 235/140/230 246/151/240
f 246/151/240 235/140/230 247/152/241
f 246/151/240 247/152/241 248/153/242
f 248/153/242 247/152/241 249/154/243
f 235/140/230 249/154/243 247/152/241
f 249/154/243 235/140/230 250/155/244
f 250/155/244 251/156/245 252/157/246
f 235/140/230 251/156/245 250/155/244
f 253/158/247 251/156/245 235/140/230
f 231/136/226 253/158/247 235/140/230
f 253/158/247 254/159/248 251/156/245
f 231/136/226 255/160/249 253/158/247
f 253/158/247 255/160/249 254/159/248
f 256/161/250 257/162/251 258/163/252
f 259/164/253 258/163/252 257/162/251
f 258/163/252 259/164/253 260/165/254
f 259/164/253 261/166/255 260/165/254
f 262/167/256 261/166/255 259/164/253
f 262/167/256 263/168/257 261/166/255
f 260/165/254 261/166/255 264/169/258
f 265/170/259 261/166/255 263/168/257
f 264/169/258 261/166/255 265/170/259
f 266/171/260 265/170/259 263/168/257
f 267/172/261 265/170/259 266/171/260
f 268/173/262 265/170/259 267/172/261
f 268/173/262 264/169/258 265/170/259
f 264/169/258 268/173/262 269/174/263
f 264/169/258 269/174/263 270/175/264
f 270/175/264 269/174/263 271/176/265
f 270/175/264 271/176/265 272/177/266
f 270/175/264 272/177/266 273/178/267
f 274/179/268 270/175/264 273/178/267
f 275/180/269 272/177/266 271/176/265
f 274/179/268 273/178/267 276/181/270
f 274/179/268 276/181/270 277/182/271
f 277/182/271 278/183/272 274/179/268
f 278/183/272 277/182/271 279/184/272
f 276/181/270 273/178/267 280/185/273
f 281/186/274 280/185/273 273/178/267
f 280/185/273 281/186/274 282/187/275
f 282/187/275 281/186/274 283/188/276
f 283/188/276 281/186/274 284/189/277
f 281/186/274 273/178/267 284/189/277
f 272/177/266 284/189/277 273/178/267
f 285/190/278 284/189/277 272/177/266
f 275/180/269 285/190/278 272/177/266
f 285/190/278 275/180/269 286/191/279
f 285/190/278 286/191/279 287/192/280
f 287/192/280 286/191/279 288/193/281
f 286/191/279 275/180/269 288/193/281
f 288/193/281 275/180/269 289/194/282
f 289/194/282 275/180/269 290/195/283
f 290/195/283 275/180/269 291/196/284
f 291/196/284 275/180/269 292/197/285
f 271/176/265 292/197/285 275/180/269
f 292/197/285 293/198/286 291/196/284
f 271/176/265 294/199/287 292/197/285
f 292/197/285 294/199/287 293/198/286
f 295/200/288 296/201/289 297/202/289
f 296/201/289 295/200/288 298/203/290
f 298/203/290 295/200/288 299/204/291
f 298/203/290 299/204/291 300/205/292
f 299/204/291 301/206/293 300/205/292
f 298/203/290 300/205/292 302/207/294
f 301/206/293 303/208/295 300/205/292
f 303/208/295 301/206/293 304/209/296
f 304/209/296 305/210/297 303/208/295
f 305/210/297 306/211/298 303/208/295
f 303/208/295 306/211/298 300/205/292
f 306/211/298 307/212/299 300/205/292
f 302/207/294 300/205/292 307/212/299
f 308/213/300 307/212/299 306/211/298
f 302/207/294 307/212/299 309/214/301
f 309/214/301 310/215/302 302/207/294
f 307/212/299 308/213/300 311/216/303
f 311/216/303 309/214/301 307/212/299
f 310/215/302 309/214/301 312/217/304
f 310/215/302 312/217/304 313/218/305
f 309/214/301 311/216/303 314/219/306
f 309/214/301 314/219/306 315/220/307
f 314/219/306 316/221/308 315/220/307
f 314/219/306 317/222/309 316/221/308
f 317/222/309 314/219/306 311/216/303
f 318/223/310 317/222/309 311/216/303
f 319/224/311 318/223/310 311/216/303
f 320/225/312 319/224/311 311/216/303
f 311/216/303 321/226/313 320/225/312
f 308/213/300 321/226/313 311/216/303
f 322/227/314 320/225/312 321/226/313
f 308/213/300 322/227/314 321/226/313
f 313/218/305 323/228/315 310/215/302
f 313/218/305 324/229/316 323/228/315
f 324/229/316 325/230/317 323/228/315
f 325/230/317 326/231/318 323/228/315
f 310/215/302 323/228/315 327/232/319
f 327/232/319 323/228/315 326/231/318
f 328/233/320 327/232/319 326/231/318
f 329/234/321 310/215/302 327/232/319
f 328/233/320 330/235/322 327/232/319
f 330/235/322 329/234/321 327/232/319
f 330/235/322 331/236/323 329/234/321
f 330/235/322 332/237/324 331/236/323
f 333/238/325 331/236/323 332/237/324
f 334/239/326 335/240/327 336/241/328
f 335/240/327 337/242/329 336/241/328
f 335/240/327 338/243/330 337/242/329
f 337/242/329 338/243/330 339/244/331
f 340/245/332 337/242/329 339/244/331
f 340/245/332 339/244/331 341/246/333
f 338/243/330 342/247/334 339/244/331
f 339/244/331 342/247/334 341/246/333
f 343/248/335 341/246/333 342/247/334
f 344/249/336 343/248/335 342/247/334
f 345/250/337 344/249/336 342/247/334
f 346/251/338 342/247/334 338/243/330
f 345/250/337 342/247/334 346/251/338
f 346/251/338 347/252/339 345/250/337
f 348/253/340 347/252/339 346/251/338
f 347/252/339 348/253/340 349/254/341
f 348/253/340 350/255/342 349/254/341
f 351/256/343 350/255/342 348/253/340
f 351/256/343 352/257/344 353/258/344
f 353/258/344 354/259/345 351/256/343
f 351/256/343 354/259/345 355/260/346
f 351/256/343 355/260/346 356/261/347
f 356/261/347 350/255/342 351/256/343
f 355/260/346 357/262/348 356/261/347
f 357/262/348 358/263/349 356/261/347
f 358/263/349 357/262/348 359/264/350
f 359/264/350 360/265/351 358/263/349
f 360/265/351 361/266/352 358/263/349
f 358/263/349 361/266/352 356/261/347
f 361/266/352 350/255/342 356/261/347
f 362/267/353 350/255/342 361/266/352
f 363/268/354 350/255/342 362/267/353
f 363/268/354 349/254/341 350/255/342
f 362/267/353 364/269/355 363/268/354
f 362/267/353 365/270/356 364/269/355
f 365/270/356 366/271/357 364/269/355
f 363/268/354 364/269/355 366/271/357
f 366/271/357 367/272/358 363/268/354
f 368/273/359 367/272/358 369/274/360
f 363/268/354 367/272/358 368/273/359
f 349/254/341 363/268/354 370/275/361
f 368/273/359 370/275/361 363/268/354
f 349/254/341 370/275/361 371/276/362
f 370/275/361 368/273/359 372/277/363
f 370/275/361 372/277/363 371/276/362
f 373/278/364 98/93/93 102/97/97
f 373/278/364 374/279/365 98/93/93
f 98/93/93 374/279/365 99/94/94
f 375/280/366 376/281/367 377/282/368
f 377/282/368 378/283/369 375/280/366
f 375/280/366 378/283/369 379/284/370
f 380/280/371 381/282/372 382/281/373
f 381/282/372 380/280/371 383/283/374
f 380/280/371 384/284/375 383/283/374
f 188/93/183 385/278/376 192/97/187
f 385/278/376 188/93/183 386/279/377
f 188/93/183 189/94/184 386/279/377
f 387/285/378 388/286/378 389/287/379
f 388/286/378 390/288/380 389/287/379
f 389/287/379 391/289/381 392/290/382
f 391/289/381 389/287/379 390/288/380
f 390/288/380 393/291/383 391/289/381
f 394/292/384 393/291/383 390/288/380
f 393/291/383 395/293/385 391/289/381
f 393/291/383 394/292/384 396/294/386
f 397/295/387 395/293/385 393/291/383
f 396/294/386 397/295/387 393/291/383
f 395/293/385 397/295/387 398/296/388
f 397/295/387 396/294/386 399/297/389
f 398/296/388 397/295/387 400/298/390
f 397/295/387 399/297/389 401/299/391
f 397/295/387 402/300/392 400/298/390
f 397/295/387 401/299/391 402/300/392
f 400/298/390 402/300/392 403/301/393
f 402/300/392 401/299/391 404/302/394
f 402/300/392 404/302/394 405/303/395
f 405/303/395 406/304/396 402/300/392
f 407/305/397 403/301/393 402/300/392
f 408/306/398 402/300/392 406/304/396
f 408/306/398 407/305/397 402/300/392
f 407/305/397 408/306/398 409/307/399
f 410/285/400 411/287/401 412/286/402
f 411/287/401 413/288/403 412/286/402
f 414/289/404 411/287/401 415/290/405
f 411/287/401 414/289/404 413/288/403
f 413/288/403 414/289/404 416/291/406
f 416/291/406 417/292/407 413/288/403
f 416/291/406 414/289/404 418/293/408
f 417/292/407 416/291/406 419/294/409
f 420/295/410 416/291/406 418/293/408
f 420/295/410 419/294/409 416/291/406
f 418/293/408 421/296/411 420/295/410
f 419/294/409 420/295/410 422/297/412
f 421/296/411 423/298/413 420/295/410
f 420/295/410 424/299/414 422/297/412
f 420/295/410 423/298/413 425/300/415
f 420/295/410 425/300/415 424/299/414
f 423/298/413 426/301/416 425/300/415
f 425/300/415 427/302/417 424/299/414
f 425/300/415 428/303/418 427/302/417
f 425/300/415 429/304/419 428/303/418
f 430/305/420 425/300/415 426/301/416
f 425/300/415 431/306/421 429/304/419
f 430/305/420 431/306/421 425/300/415
f 431/306/421 430/305/420 432/307/422
f 433/308/423 434/309/424 435/310/423
f 434/309/424 433/308/423 436/311/425
f 436/311/425 437/312/426 434/309/424
f 436/311/425 438/313/427 437/312/426
f 439/314/428 437/312/426 438/313/427
f 434/309/424 437/312/426 440/315/429
f 437/312/426 439/314/428 441/316/430
f 441/316/430 440/315/429 437/312/426
f 440/315/429 441/316/430 442/317/431
f 442/317/431 443/318/432 444/319/433
f 443/318/432 442/317/431 441/316/430
f 439/314/428 443/318/432 441/316/430
f 443/318/432 439/314/428 445/320/434
f 446/321/435 447/322/436 448/323/437
f 447/322/436 446/321/435 449/324/438
f 449/324/438 450/325/439 447/322/436
f 451/326/440 449/324/438 446/321/435
f 450/325/439 449/324/438 452/327/441
f 449/324/438 451/326/440 453/328/442
f 453/328/442 452/327/441 449/324/438
f 454/329/443 453/328/442 451/326/440
f 452/327/441 455/330/444 450/325/439
f 454/329/443 456/331/445 453/328/442
f 456/331/445 457/332/446 453/328/442
f 452/327/441 453/328/442 457/332/446
f 457/332/446 456/331/445 458/333/447
f 455/330/444 452/327/441 459/334/448
f 457/332/446 459/334/448 452/327/441
f 460/335/449 461/336/450 455/330/444
f 460/335/449 455/330/444 459/334/448
f 462/337/451 457/332/446 458/333/447
f 459/334/448 457/332/446 462/337/451
f 462/337/451 458/333/447 463/338/452
f 460/335/449 459/334/448 464/339/453
f 464/339/453 465/340/454 460/335/449
f 464/339/453 466/341/455 465/340/454
f 466/341/455 464/339/453 467/342/456
f 459/334/448 462/337/451 468/343/457
f 463/338/452 468/343/457 462/337/451
f 459/334/448 468/343/457 464/339/453
f 468/343/457 463/338/452 469/344/458
f 470/345/459 467/342/456 464/339/453
f 471/346/460 467/342/456 470/345/459
f 468/343/457 472/347/461 464/339/453
f 472/347/461 468/343/457 469/344/458
f 472/347/461 470/345/459 464/339/453
f 469/344/458 473/348/462 472/347/461
f 474/349/463 472/347/461 473/348/462
f 470/345/459 472/347/461 475/350/464
f 475/350/464 472/347/461 474/349/463
f 476/351/465 471/346/460 470/345/459
f 475/350/464 476/351/465 470/345/459
f 471/346/460 476/351/465 477/352/466
f 474/349/463 478/353/467 475/350/464
f 476/351/465 475/350/464 478/353/467
f 478/353/467 474/349/463 479/354/468
f 480/355/469 478/353/467 479/354/468
f 481/356/470 477/352/466 476/351/465
f 481/356/470 476/351/465 478/353/467
f 477/352/466 481/356/470 482/357/471
f 480/355/469 483/358/472 478/353/467
f 483/358/472 481/356/470 478/353/467
f 484/359/473 483/358/472 480/355/469
f 484/359/473 481/356/470 483/358/472
f 480/355/469 485/360/474 484/359/473
f 486/361/475 482/357/471 481/356/470
f 481/356/470 484/359/473 486/361/475
f 482/357/471 486/361/475 487/362/476
f 486/361/475 488/363/477 487/362/476
f 486/361/475 489/364/478 488/363/477
f 486/361/475 490/365/479 489/364/478
f 490/365/479 486/361/475 484/359/473
f 490/365/479 484/359/473 485/360/474
f 490/365/479 485/360/474 491/366/480
f 492/367/481 493/368/482 494/369/483
f 493/368/482 492/367/481 495/370/484
f 495/370/484 496/371/485 493/368/482
f 497/372/486 495/370/484 492/367/481
f 496/371/485 495/370/484 498/373/487
f 495/370/484 497/372/486 499/374/488
f 495/370/484 500/375/489 498/373/487
f 501/376/490 495/370/484 499/374/488
f 500/375/489 495/370/484 501/376/490
f 502/377/491 501/376/490 499/374/488
f 503/378/492 500/375/489 501/376/490
f 501/376/490 502/377/491 504/379/493
f 504/379/493 503/378/492 501/376/490
f 503/378/492 504/379/493 505/380/494
f 504/379/493 506/381/495 505/380/494
f 504/379/493 507/382/496 508/383/497
f 504/379/493 509/384/498 506/381/495
f 508/383/497 509/384/498 504/379/493
f 509/384/498 508/383/497 510/385/499
f 506/381/495 509/384/498 511/386/500
f 509/384/498 510/385/499 512/387/501
f 511/386/500 509/384/498 513/388/502
f 513/388/502 509/384/498 512/387/501
f 514/389/503 511/386/500 513/388/502
f 513/388/502 512/387/501 515/390/504
f 516/391/505 514/389/503 513/388/502
f 517/392/506 513/388/502 515/390/504
f 513/388/502 518/393/507 516/391/505
f 519/394/508 513/388/502 517/392/506
f 519/394/508 518/393/507 513/388/502
f 520/395/509 519/394/508 517/392/506
f 519/394/508 521/396/510 518/393/507
f 522/397/511 523/398/512 524/399/513
f 524/399/513 523/398/512 525/400/514
f 526/401/515 525/400/514 523/398/512
f 525/400/514 526/401/515 527/402/516
f 525/400/514 528/403/517 524/399/513
f 529/404/518 525/400/514 527/402/516
f 528/403/517 525/400/514 530/405/519
f 525/400/514 529/404/518 530/405/519
f 530/405/519 531/406/520 528/403/517
f 529/404/518 532/407/521 530/405/519
f 530/405/519 533/408/522 531/406/520
f 532/407/521 533/408/522 530/405/519
f 531/406/520 533/408/522 534/409/523
f 533/408/522 532/407/521 535/410/524
f 533/408/522 536/411/525 534/409/523
f 537/412/526 533/408/522 535/410/524
f 536/411/525 533/408/522 538/413/527
f 533/408/522 537/412/526 538/413/527
f 537/412/526 539/414/528 538/413/527
f 540/415/529 538/413/527 539/414/528
f 538/413/527 540/415/529 541/416/530
f 542/417/531 540/415/529 539/414/528
f 540/415/529 543/418/532 541/416/530
f 540/415/529 542/417/531 544/419/533
f 544/419/533 543/418/532 540/415/529
f 545/420/534 544/419/533 542/417/531
f 543/418/532 544/419/533 546/421/535
f 544/419/533 547/422/536 546/421/535
f 545/420/534 548/423/537 544/419/533
f 549/424/538 547/422/536 544/419/533
f 548/423/537 550/425/539 544/419/533
f 544/419/533 550/425/539 549/424/538
f 551/426/540 550/425/539 548/423/537
f 552/427/541 549/424/538 550/425/539
f 550/425/539 551/426/540 552/427/541
f 549/424/538 552/427/541 553/428/542
f 554/429/543 552/427/541 551/426/540
f 552/427/541 555/430/544 553/428/542
f 552/427/541 554/429/543 556/431/545
f 555/430/544 552/427/541 556/431/545
f 557/397/546 558/399/547 559/398/548
f 558/399/547 560/400/549 559/398/548
f 560/400/549 561/401/550 559/398/548
f 561/401/550 560/400/549 562/402/551
f 563/403/552 560/400/549 558/399/547
f 560/400/549 564/404/553 562/402/551
f 560/400/549 563/403/552 565/405/554
f 564/404/553 560/400/549 565/405/554
f 565/405/554 563/403/552 566/406/555
f 564/404/553 565/405/554 567/407/556
f 568/408/557 565/405/554 566/406/555
f 568/408/557 567/407/556 565/405/554
f 568/408/557 566/406/555 569/409/558
f 567/407/556 568/408/557 570/410/559
f 571/411/560 568/408/557 569/409/558
f 568/408/557 572/412/561 570/410/559
f 568/408/557 571/411/560 573/413/562
f 572/412/561 568/408/557 573/413/562
f 574/414/563 572/412/561 573/413/562
f 574/414/563 573/413/562 575/415/564
f 576/416/565 575/415/564 573/413/562
f 575/415/564 577/417/566 574/414/563
f 575/415/564 576/416/565 578/418/567
f 577/417/566 575/415/564 579/419/568
f 578/418/567 579/419/568 575/415/564
f 580/420/569 577/417/566 579/419/568
f 579/419/568 578/418/567 581/421/570
f 579/419/568 581/421/570 582/422/571
f 579/419/568 583/423/572 580/420/569
f 582/422/571 584/424/573 579/419/568
f 583/423/572 579/419/568 585/425/574
f 579/419/568 584/424/573 585/425/574
f 585/425/574 586/426/575 583/423/572
f 584/424/573 587/427/576 585/425/574
f 586/426/575 585/425/574 587/427/576
f 587/427/576 584/424/573 588/428/577
f 587/427/576 589/429/578 586/426/575
f 590/430/579 587/427/576 588/428/577
f 589/429/578 587/427/576 591/431/580
f 587/427/576 590/430/579 591/431/580
f 592/323/581 593/322/582 594/321/583
f 595/324/584 594/321/583 593/322/582
f 596/325/585 595/324/584 593/322/582
f 595/324/584 597/326/586 594/321/583
f 595/324/584 596/325/585 598/327/587
f 597/326/586 595/324/584 599/328/588
f 598/327/587 599/328/588 595/324/584
f 597/326/586 599/328/588 454/329/443
f 596/325/585 600/330/589 598/327/587
f 454/329/443 599/328/588 601/331/590
f 602/332/591 601/331/590 599/328/588
f 599/328/588 598/327/587 602/332/591
f 601/331/590 602/332/591 603/333/592
f 604/334/593 598/327/587 600/330/589
f 602/332/591 598/327/587 604/334/593
f 605/335/594 600/330/589 606/336/595
f 605/335/594 604/334/593 600/330/589
f 607/337/596 603/333/592 602/332/591
f 607/337/596 602/332/591 604/334/593
f 608/338/597 603/333/592 607/337/596
f 609/343/598 608/338/597 607/337/596
f 604/334/593 609/343/598 607/337/596
f 608/338/597 609/343/598 610/344/599
f 605/335/594 611/339/600 604/334/593
f 604/334/593 611/339/600 609/343/598
f 611/339/600 605/335/594 612/340/601
f 613/341/602 611/339/600 612/340/601
f 611/339/600 613/341/602 614/342/603
f 615/347/604 610/344/599 609/343/598
f 609/343/598 611/339/600 615/347/604
f 610/344/599 615/347/604 616/348/605
f 617/349/606 616/348/605 615/347/604
f 618/345/607 611/339/600 614/342/603
f 618/345/607 615/347/604 611/339/600
f 618/345/607 614/342/603 619/346/608
f 615/347/604 620/350/609 617/349/606
f 615/347/604 618/345/607 620/350/609
f 619/346/608 621/351/610 618/345/607
f 621/351/610 620/350/609 618/345/607
f 621/351/610 619/346/608 622/352/611
f 617/349/606 620/350/609 623/353/612
f 620/350/609 621/351/610 623/353/612
f 624/354/613 617/349/606 623/353/612
f 623/353/612 625/355/614 624/354/613
f 622/352/611 626/356/615 621/351/610
f 626/356/615 623/353/612 621/351/610
f 626/356/615 622/352/611 627/357/616
f 625/355/614 623/353/612 628/358/617
f 628/358/617 623/353/612 626/356/615
f 629/359/618 625/355/614 628/358/617
f 626/356/615 629/359/618 628/358/617
f 625/355/614 629/359/618 630/360/619
f 627/357/616 631/361/620 626/356/615
f 629/359/618 626/356/615 631/361/620
f 631/361/620 627/357/616 632/362/621
f 633/363/622 631/361/620 632/362/621
f 631/361/620 633/363/622 634/364/623
f 635/365/624 631/361/620 634/364/623
f 631/361/620 635/365/624 629/359/618
f 635/365/624 630/360/619 629/359/618
f 630/360/619 635/365/624 636/366/625
f 637/368/626 638/367/627 639/369/628
f 638/367/627 637/368/626 640/370/629
f 641/372/630 638/367/627 640/370/629
f 642/371/631 640/370/629 637/368/626
f 640/370/629 642/371/631 643/373/632
f 644/374/633 641/372/630 640/370/629
f 640/370/629 643/373/632 645/375/634
f 644/374/633 640/370/629 646/376/635
f 645/375/634 646/376/635 640/370/629
f 646/376/635 647/377/636 644/374/633
f 646/376/635 645/375/634 648/378/637
f 647/377/636 646/376/635 649/379/638
f 648/378/637 649/379/638 646/376/635
f 649/379/638 648/378/637 650/380/639
f 649/379/638 650/380/639 651/381/640
f 649/379/638 652/383/641 653/382/642
f 654/384/643 649/379/638 651/381/640
f 654/384/643 652/383/641 649/379/638
f 652/383/641 654/384/643 655/385/644
f 651/381/640 656/386/645 654/384/643
f 654/384/643 657/387/646 655/385/644
f 656/386/645 658/388/647 654/384/643
f 657/387/646 654/384/643 658/388/647
f 658/388/647 656/386/645 659/389/648
f 658/388/647 660/390/649 657/387/646
f 661/391/650 658/388/647 659/389/648
f 662/392/651 660/390/649 658/388/647
f 658/388/647 661/391/650 663/393/652
f 664/394/653 662/392/651 658/388/647
f 664/394/653 658/388/647 663/393/652
f 665/395/654 662/392/651 664/394/653
f 664/394/653 663/393/652 666/396/655
f 667/432/656 668/433/657 669/434/658
f 667/432/656 670/435/659 668/433/657
f 671/436/660 670/435/659 667/432/656
f 670/435/659 672/437/661 668/433/657
f 671/436/660 673/438/662 670/435/659
f 670/435/659 674/439/663 672/437/661
f 673/438/662 674/439/663 670/435/659
f 673/438/662 675/440/664 674/439/663
f 674/439/663 676/441/665 672/437/661
f 677/442/666 674/439/663 675/440/664
f 676/441/665 674/439/663 678/443/667
f 674/439/663 677/442/666 678/443/667
f 677/442/666 679/444/668 678/443/667
f 680/445/669 676/441/665 678/443/667
f 681/446/670 678/443/667 679/444/668
f 678/443/667 681/446/670 680/445/669
f 681/446/670 682/447/671 680/445/669
f 682/447/671 681/446/670 683/448/672
f 681/446/670 684/449/673 683/448/672
f 683/448/672 685/450/674 682/447/671
f 683/448/672 684/449/673 686/451/675
f 685/450/674 683/448/672 687/452/676
f 686/451/675 687/452/676 683/448/672
f 687/452/676 688/453/677 685/450/674
f 687/452/676 686/451/675 689/454/678
f 688/453/677 687/452/676 690/455/679
f 690/455/679 687/452/676 689/454/678
f 689/454/678 691/456/680 690/455/679
f 690/455/679 692/457/681 688/453/677
f 691/456/680 693/458/682 690/455/679
f 693/458/682 694/459/683 690/455/679
f 692/457/681 690/455/679 694/459/683
f 695/460/684 694/459/683 693/458/682
f 696/461/685 692/457/681 694/459/683
f 694/459/683 695/460/684 696/461/685
f 692/457/681 696/461/685 697/462/686
f 696/461/685 695/460/684 698/463/687
f 698/463/687 697/462/686 696/461/685
f 695/460/684 699/464/688 698/463/687
f 697/462/686 698/463/687 700/465/689
f 701/466/690 698/463/687 699/464/688
f 700/465/689 698/463/687 701/466/690
f 702/467/691 701/466/690 699/464/688
f 703/468/692 700/465/689 701/466/690
f 702/467/691 704/469/693 701/466/690
f 704/469/693 703/468/692 701/466/690
f 704/469/693 702/467/691 705/470/694
f 706/471/695 703/468/692 704/469/693
f 707/472/696 708/473/697 709/474/238
f 710/475/698 709/474/238 708/473/697
f 708/473/697 444/319/433 710/475/698
f 709/474/238 710/475/698 711/476/699
f 443/318/432 710/475/698 444/319/433
f 712/477/700 711/476/699 710/475/698
f 710/475/698 443/318/432 712/477/700
f 445/320/434 712/477/700 443/318/432
f 713/478/701 714/479/702 715/480/703
f 715/480/703 714/479/702 716/481/704
f 714/479/702 717/482/705 716/481/704
f 718/483/706 715/480/703 716/481/704
f 715/480/703 718/483/706 719/484/707
f 720/485/708 716/481/704 717/482/705
f 717/482/705 721/486/709 720/485/708
f 722/487/710 716/481/704 720/485/708
f 722/487/710 718/483/706 716/481/704
f 720/485/708 721/486/709 723/488/711
f 723/488/711 722/487/710 720/485/708
f 721/486/709 724/489/712 723/488/711
f 725/490/713 723/488/711 724/489/712
f 724/489/712 726/491/714 725/490/713
f 722/487/710 723/488/711 727/492/715
f 725/490/713 727/492/715 723/488/711
f 728/493/716 725/490/713 726/491/714
f 727/492/715 729/494/717 722/487/710
f 730/495/718 728/493/716 726/491/714
f 731/496/719 730/495/718 726/491/714
f 732/497/720 725/490/713 728/493/716
f 727/492/715 725/490/713 732/497/720
f 730/495/718 733/498/721 728/493/716
f 732/497/720 728/493/716 733/498/721
f 731/496/719 734/499/722 730/495/718
f 735/500/723 734/499/722 731/496/719
f 734/499/722 735/500/723 736/501/724
f 737/502/725 734/499/722 736/501/724
f 733/498/721 730/495/718 738/503/726
f 734/499/722 738/503/726 730/495/718
f 737/502/725 739/504/727 734/499/722
f 738/503/726 734/499/722 739/504/727
f 739/504/727 737/502/725 740/505/728
f 740/505/728 741/506/729 739/504/727
f 739/504/727 741/506/729 738/503/726
f 741/506/729 742/507/730 738/503/726
f 742/507/730 733/498/721 738/503/726
f 732/497/720 733/498/721 742/507/730
f 732/497/720 742/507/730 743/508/731
f 732/497/720 743/508/731 744/509/732
f 732/497/720 744/509/732 727/492/715
f 743/508/731 745/510/733 744/509/732
f 729/494/717 727/492/715 744/509/732
f 746/511/734 744/509/732 745/510/733
f 729/494/717 744/509/732 746/511/734
f 746/511/734 747/512/735 729/494/717
f 747/512/735 722/487/710 729/494/717
f 747/512/735 746/511/734 748/513/736
f 722/487/710 747/512/735 718/483/706
f 749/514/737 747/512/735 748/513/736
f 748/513/736 750/515/738 749/514/737
f 751/516/739 749/514/737 750/515/738
f 752/517/740 718/483/706 747/512/735
f 749/514/737 752/517/740 747/512/735
f 753/518/741 718/483/706 752/517/740
f 753/518/741 719/484/707 718/483/706
f 752/517/740 749/514/737 754/519/742
f 754/519/742 753/518/741 752/517/740
f 719/484/707 753/518/741 755/520/743
f 756/521/744 719/484/707 755/520/743
f 754/519/742 755/520/743 753/518/741
f 755/520/743 754/519/742 757/522/745
f 758/523/746 749/514/737 751/516/739
f 758/523/746 754/519/742 749/514/737
f 759/524/747 758/523/746 751/516/739
f 754/519/742 760/525/748 757/522/745
f 754/519/742 758/523/746 760/525/748
f 757/522/745 760/525/748 761/526/749
f 762/527/750 758/523/746 759/524/747
f 760/525/748 758/523/746 762/527/750
f 763/528/751 762/527/750 759/524/747
f 760/525/748 764/529/752 761/526/749
f 764/529/752 760/525/748 762/527/750
f 764/529/752 765/530/753 761/526/749
f 764/529/752 766/531/754 765/530/753
f 762/527/750 763/528/751 767/532/755
f 767/532/755 764/529/752 762/527/750
f 766/531/754 764/529/752 768/533/756
f 764/529/752 767/532/755 768/533/756
f 768/533/756 769/534/757 766/531/754
f 763/528/751 770/535/758 767/532/755
f 770/535/758 763/528/751 771/536/759
f 769/534/757 768/533/756 772/537/760
f 772/537/760 773/538/761 769/534/757
f 768/533/756 767/532/755 774/539/762
f 774/539/762 772/537/760 768/533/756
f 775/540/763 767/532/755 770/535/758
f 767/532/755 775/540/763 774/539/762
f 771/536/759 776/541/764 770/535/758
f 776/541/764 771/536/759 777/542/765
f 778/543/766 776/541/764 777/542/765
f 770/535/758 779/544/767 775/540/763
f 779/544/767 770/535/758 776/541/764
f 774/539/762 775/540/763 780/545/768
f 780/545/768 775/540/763 781/546/769
f 779/544/767 781/546/769 775/540/763
f 782/547/770 774/539/762 780/545/768
f 781/546/769 779/544/767 783/548/771
f 774/539/762 782/547/770 784/549/772
f 772/537/760 774/539/762 784/549/772
f 785/550/773 783/548/771 779/544/767
f 776/541/764 785/550/773 779/544/767
f 783/548/771 785/550/773 786/551/774
f 785/550/773 776/541/764 787/552/775
f 776/541/764 778/543/766 787/552/775
f 788/553/776 786/551/774 785/550/773
f 788/553/776 785/550/773 787/552/775
f 786/551/774 788/553/776 789/554/777
f 790/555/778 789/554/777 788/553/776
f 791/556/779 787/552/775 778/543/766
f 788/553/776 787/552/775 791/556/779
f 778/543/766 792/557/780 791/556/779
f 793/558/781 791/556/779 792/557/780
f 788/553/776 794/559/782 790/555/778
f 791/556/779 794/559/782 788/553/776
f 795/560/783 790/555/778 794/559/782
f 795/560/783 794/559/782 796/561/784
f 791/556/779 793/558/781 797/562/785
f 794/559/782 791/556/779 797/562/785
f 794/559/782 797/562/785 796/561/784
f 798/563/786 797/562/785 793/558/781
f 796/561/784 797/562/785 799/564/787
f 797/562/785 798/563/786 799/564/787
f 784/549/772 800/565/788 772/537/760
f 772/537/760 800/565/788 773/538/761
f 800/565/788 784/549/772 801/566/789
f 782/547/770 801/566/789 784/549/772
f 801/566/789 782/547/770 802/567/790
f 803/568/791 801/566/789 802/567/790
f 804/569/792 773/538/761 800/565/788
f 801/566/789 804/569/792 800/565/788
f 773/538/761 804/569/792 805/570/793
f 801/566/789 803/568/791 806/571/794
f 804/569/792 801/566/789 806/571/794
f 807/572/795 806/571/794 803/568/791
f 808/573/796 805/570/793 804/569/792
f 806/571/794 808/573/796 804/569/792
f 805/570/793 808/573/796 809/574/797
f 808/573/796 810/575/798 809/574/797
f 810/575/798 808/573/796 811/576/799
f 806/571/794 807/572/795 812/577/800
f 808/573/796 806/571/794 812/577/800
f 812/577/800 811/576/799 808/573/796
f 813/578/801 812/577/800 807/572/795
f 811/576/799 812/577/800 814/579/802
f 812/577/800 813/578/801 814/579/802
f 815/580/803 816/581/804 817/582/805
f 816/581/804 818/583/806 819/584/807
f 820/585/808 816/581/804 815/580/803
f 816/581/804 820/585/808 818/583/806
f 820/585/808 815/580/803 821/586/809
f 818/583/806 820/585/808 822/587/810
f 820/585/808 821/586/809 823/588/811
f 820/585/808 824/589/812 822/587/810
f 825/590/813 820/585/808 823/588/811
f 824/589/812 820/585/808 825/590/813
f 823/588/811 826/591/814 825/590/813
f 827/592/815 824/589/812 825/590/813
f 828/479/816 829/478/817 830/480/818
f 830/480/818 831/481/819 828/479/816
f 832/482/820 828/479/816 831/481/819
f 830/480/818 833/483/821 831/481/819
f 833/483/821 830/480/818 834/484/822
f 831/481/819 835/485/823 832/482/820
f 836/486/824 832/482/820 835/485/823
f 831/481/819 837/487/825 835/485/823
f 837/487/825 831/481/819 833/483/821
f 835/485/823 838/488/826 836/486/824
f 837/487/825 838/488/826 835/485/823
f 839/489/827 836/486/824 838/488/826
f 838/488/826 840/490/828 839/489/827
f 841/491/829 839/489/827 840/490/828
f 838/488/826 837/487/825 842/492/830
f 842/492/830 840/490/828 838/488/826
f 840/490/828 843/493/831 841/491/829
f 844/494/832 842/492/830 837/487/825
f 845/497/833 843/493/831 840/490/828
f 840/490/828 842/492/830 845/497/833
f 846/495/834 841/491/829 843/493/831
f 847/496/835 841/491/829 846/495/834
f 848/498/836 846/495/834 843/493/831
f 843/493/831 845/497/833 848/498/836
f 847/496/835 846/495/834 849/499/837
f 849/499/837 850/500/838 847/496/835
f 850/500/838 849/499/837 851/501/839
f 851/501/839 849/499/837 852/502/840
f 846/495/834 848/498/836 853/503/841
f 853/503/841 849/499/837 846/495/834
f 854/504/842 852/502/840 849/499/837
f 849/499/837 853/503/841 854/504/842
f 852/502/840 854/504/842 855/505/843
f 855/505/843 854/504/842 856/506/844
f 854/504/842 853/503/841 856/506/844
f 856/506/844 853/503/841 857/507/845
f 857/507/845 853/503/841 848/498/836
f 845/497/833 857/507/845 848/498/836
f 857/507/845 845/497/833 858/508/846
f 845/497/833 859/509/847 858/508/846
f 845/497/833 842/492/830 859/509/847
f 858/508/846 859/509/847 860/510/848
f 844/494/832 859/509/847 842/492/830
f 859/509/847 861/511/849 860/510/848
f 861/511/849 859/509/847 844/494/832
f 862/512/850 861/511/849 844/494/832
f 862/512/850 844/494/832 837/487/825
f 861/511/849 862/512/850 863/513/851
f 837/487/825 833/483/821 862/512/850
f 864/514/852 863/513/851 862/512/850
f 863/513/851 864/514/852 865/515/853
f 866/516/854 865/515/853 864/514/852
f 867/517/855 862/512/850 833/483/821
f 867/517/855 864/514/852 862/512/850
f 868/518/856 867/517/855 833/483/821
f 868/518/856 833/483/821 834/484/822
f 867/517/855 869/519/857 864/514/852
f 869/519/857 867/517/855 868/518/856
f 868/518/856 834/484/822 870/520/858
f 870/520/858 834/484/822 871/521/859
f 870/520/858 869/519/857 868/518/856
f 869/519/857 870/520/858 872/522/860
f 864/514/852 873/523/861 866/516/854
f 869/519/857 873/523/861 864/514/852
f 873/523/861 874/524/862 866/516/854
f 872/522/860 875/525/863 869/519/857
f 873/523/861 869/519/857 875/525/863
f 875/525/863 872/522/860 876/526/864
f 874/524/862 873/523/861 877/527/865
f 875/525/863 877/527/865 873/523/861
f 877/527/865 878/528/866 874/524/862
f 876/526/864 879/529/867 875/525/863
f 877/527/865 875/525/863 879/529/867
f 879/529/867 876/526/864 880/530/868
f 881/531/869 879/529/867 880/530/868
f 878/528/866 877/527/865 882/532/870
f 879/529/867 882/532/870 877/527/865
f 879/529/867 881/531/869 883/533/871
f 882/532/870 879/529/867 883/533/871
f 881/531/869 884/534/872 883/533/871
f 882/532/870 885/535/873 878/528/866
f 886/536/874 878/528/866 885/535/873
f 884/534/872 887/537/875 883/533/871
f 884/534/872 888/538/876 887/537/875
f 883/533/871 889/539/877 882/532/870
f 889/539/877 883/533/871 887/537/875
f 882/532/870 890/540/878 885/535/873
f 890/540/878 882/532/870 889/539/877
f 885/535/873 891/541/879 886/536/874
f 892/542/880 886/536/874 891/541/879
f 891/541/879 893/543/881 892/542/880
f 894/544/882 885/535/873 890/540/878
f 885/535/873 894/544/882 891/541/879
f 895/545/883 890/540/878 889/539/877
f 890/540/878 895/545/883 896/546/884
f 896/546/884 894/544/882 890/540/878
f 889/539/877 897/547/885 895/545/883
f 894/544/882 896/546/884 898/548/886
f 897/547/885 889/539/877 899/549/887
f 889/539/877 887/537/875 899/549/887
f 898/548/886 900/550/888 894/544/882
f 891/541/879 894/544/882 900/550/888
f 900/550/888 898/548/886 901/551/889
f 900/550/888 902/552/890 891/541/879
f 893/543/881 891/541/879 902/552/890
f 901/551/889 903/553/891 900/550/888
f 903/553/891 902/552/890 900/550/888
f 903/553/891 901/551/889 904/554/892
f 905/555/893 903/553/891 904/554/892
f 902/552/890 906/556/894 893/543/881
f 906/556/894 902/552/890 903/553/891
f 907/557/895 893/543/881 906/556/894
f 906/556/894 908/558/896 907/557/895
f 909/559/897 903/553/891 905/555/893
f 909/559/897 906/556/894 903/553/891
f 910/560/898 909/559/897 905/555/893
f 911/561/899 909/559/897 910/560/898
f 908/558/896 906/556/894 912/562/900
f 906/556/894 909/559/897 912/562/900
f 911/561/899 912/562/900 909/559/897
f 912/562/900 913/563/901 908/558/896
f 911/561/899 914/564/902 912/562/900
f 913/563/901 912/562/900 914/564/902
f 915/565/903 899/549/887 887/537/875
f 887/537/875 888/538/876 915/565/903
f 899/549/887 915/565/903 916/566/904
f 897/547/885 899/549/887 916/566/904
f 917/567/905 897/547/885 916/566/904
f 916/566/904 918/568/906 917/567/905
f 888/538/876 919/569/907 915/565/903
f 916/566/904 915/565/903 919/569/907
f 919/569/907 888/538/876 920/570/908
f 918/568/906 916/566/904 921/571/909
f 919/569/907 921/571/909 916/566/904
f 921/571/909 922/572/910 918/568/906
f 920/570/908 923/573/911 919/569/907
f 923/573/911 921/571/909 919/569/907
f 923/573/911 920/570/908 924/574/912
f 923/573/911 924/574/912 925/575/913
f 926/576/914 923/573/911 925/575/913
f 922/572/910 921/571/909 927/577/915
f 923/573/911 927/577/915 921/571/909
f 926/576/914 927/577/915 923/573/911
f 927/577/915 928/578/916 922/572/910
f 927/577/915 926/576/914 929/579/917
f 928/578/916 927/577/915 929/579/917
f 930/580/918 931/582/919 932/581/920
f 932/581/920 933/584/921 934/583/922
f 935/585/923 930/580/918 932/581/920
f 935/585/923 932/581/920 934/583/922
f 930/580/918 935/585/923 936/586/924
f 934/583/922 937/587/925 935/585/923
f 935/585/923 938/588/926 936/586/924
f 939/589/927 935/585/923 937/587/925
f 940/590/928 938/588/926 935/585/923
f 935/585/923 939/589/927 940/590/928
f 938/588/926 940/590/928 941/591/929
f 942/592/930 940/590/928 939/589/927
f 943/593/931 944/594/932 945/595/933
f 944/594/932 943/593/931 946/596/934
f 946/596/934 947/597/935 944/594/932
f 946/596/934 943/593/931 948/598/936
f 943/593/931 949/599/937 948/598/936
f 948/598/936 949/599/937 950/600/938
f 950/600/938 951/601/939 948/598/936
f 952/602/940 948/598/936 951/601/939
f 952/602/940 946/596/934 948/598/936
f 952/602/940 951/601/939 953/603/941
f 947/597/935 946/596/934 954/604/942
f 946/596/934 952/602/940 954/604/942
f 955/605/943 947/597/935 954/604/942
f 956/606/944 952/602/940 953/603/941
f 954/604/942 952/602/940 956/606/944
f 953/603/941 957/607/945 956/606/944
f 954/604/942 958/608/946 955/605/943
f 958/608/946 954/604/942 956/606/944
f 959/609/947 955/605/943 958/608/946
f 956/606/944 959/609/947 958/608/946
f 960/610/948 955/605/943 959/609/947
f 957/607/945 961/611/949 956/606/944
f 959/609/947 956/606/944 961/611/949
f 961/611/949 957/607/945 962/612/950
f 962/612/950 963/613/951 961/611/949
f 963/613/951 959/609/947 961/611/949
f 963/613/951 962/612/950 964/614/952
f 959/609/947 965/615/953 960/610/948
f 966/616/954 963/613/951 964/614/952
f 964/614/952 967/617/955 966/616/954
f 959/609/947 963/613/951 968/618/956
f 966/616/954 968/618/956 963/613/951
f 968/618/956 965/615/953 959/609/947
f 966/616/954 967/617/955 969/619/957
f 969/619/957 967/617/955 970/620/958
f 968/618/956 966/616/954 971/621/959
f 969/619/957 970/620/958 972/622/960
f 973/623/961 972/622/960 970/620/958
f 966/616/954 969/619/957 974/624/962
f 966/616/954 974/624/962 971/621/959
f 975/625/963 969/619/957 972/622/960
f 969/619/957 975/625/963 974/624/962
f 973/623/961 976/626/964 972/622/960
f 976/626/964 975/625/963 972/622/960
f 977/627/965 974/624/962 975/625/963
f 975/625/963 976/626/964 977/627/965
f 977/627/965 978/628/966 974/624/962
f 974/624/962 978/628/966 971/621/959
f 979/629/967 977/627/965 976/626/964
f 980/630/968 971/621/959 978/628/966
f 971/621/959 980/630/968 968/618/956
f 976/626/964 981/631/969 979/629/967
f 982/632/970 968/618/956 980/630/968
f 982/632/970 980/630/968 983/633/971
f 982/632/970 965/615/953 968/618/956
f 984/634/972 982/632/970 983/633/971
f 976/626/964 985/635/973 981/631/969
f 973/623/961 985/635/973 976/626/964
f 985/635/973 973/623/961 986/636/974
f 987/637/975 981/631/969 985/635/973
f 988/638/976 985/635/973 986/636/974
f 989/639/977 987/637/975 985/635/973
f 985/635/973 988/638/976 989/639/977
f 987/637/975 989/639/977 990/640/978
f 991/641/979 989/639/977 988/638/976
f 990/640/978 989/639/977 992/642/980
f 989/639/977 991/641/979 992/642/980
f 993/643/981 990/640/978 992/642/980
f 994/644/982 992/642/980 991/641/979
f 992/642/980 995/645/983 993/643/981
f 995/645/983 992/642/980 994/644/982
f 984/634/972 996/646/984 982/632/970
f 996/646/984 965/615/953 982/632/970
f 997/647/985 996/646/984 984/634/972
f 965/615/953 996/646/984 998/648/986
f 965/615/953 998/648/986 960/610/948
f 998/648/986 999/649/987 960/610/948
f 996/646/984 997/647/985 1000/650/988
f 1000/650/988 998/648/986 996/646/984
f 1001/651/989 1000/650/988 997/647/985
f 998/648/986 1002/652/990 999/649/987
f 998/648/986 1000/650/988 1002/652/990
f 1003/653/991 999/649/987 1002/652/990
f 1004/654/992 1003/653/991 1002/652/990
f 1000/650/988 1001/651/989 1005/655/993
f 1005/655/993 1002/652/990 1000/650/988
f 1006/656/994 1005/655/993 1001/651/989
f 1002/652/990 1007/657/995 1004/654/992
f 1002/652/990 1005/655/993 1007/657/995
f 1007/657/995 1008/658/996 1004/654/992
f 1005/655/993 1006/656/994 1009/659/997
f 1009/659/997 1007/657/995 1005/655/993
f 1010/660/998 1009/659/997 1006/656/994
f 1008/658/996 1007/657/995 1011/661/999
f 1007/657/995 1009/659/997 1011/661/999
f 1011/661/999 1012/662/1000 1008/658/996
f 1009/659/997 1010/660/998 1013/663/1001
f 1013/663/1001 1011/661/999 1009/659/997
f 1014/664/1002 1013/663/1001 1010/660/998
f 1012/662/1000 1011/661/999 1015/665/1003
f 1011/661/999 1013/663/1001 1015/665/1003
f 1016/666/1004 1012/662/1000 1015/665/1003
f 1013/663/1001 1014/664/1002 1017/667/1005
f 1017/667/1005 1015/665/1003 1013/663/1001
f 1018/668/1006 1017/667/1005 1014/664/1002
f 1015/665/1003 1019/669/1007 1016/666/1004
f 1015/665/1003 1017/667/1005 1019/669/1007
f 1019/669/1007 1020/670/1008 1016/666/1004
f 1017/667/1005 1018/668/1006 1021/671/1009
f 1021/671/1009 1019/669/1007 1017/667/1005
f 1022/672/1010 1021/671/1009 1018/668/1006
f 1021/671/1009 1022/672/1010 1023/673/1011
f 1021/671/1009 1023/673/1011 1024/674/1012
f 1019/669/1007 1025/675/1013 1020/670/1008
f 1019/669/1007 1021/671/1009 1025/675/1013
f 1024/674/1012 1025/675/1013 1021/671/1009
f 1025/675/1013 1026/676/1014 1020/670/1008
f 1026/676/1014 1025/675/1013 1024/674/1012
f 1027/677/1015 1028/678/1016 1029/679/1017
f 1028/678/1016 1027/677/1015 1030/680/1018
f 204/109/199 1030/680/1018 1027/677/1015
f 198/103/193 1030/680/1018 204/109/199
f 1030/680/1018 198/103/193 200/105/195
f 1031/681/1019 1028/678/1016 1030/680/1018
f 1030/680/1018 200/105/195 1031/681/1019
f 1028/678/1016 1031/681/1019 1032/682/1020
f 1031/681/1019 1033/683/1021 1032/682/1020
f 1034/684/1022 1033/683/1021 1031/681/1019
f 200/105/195 1034/684/1022 1031/681/1019
f 209/114/204 1034/684/1022 200/105/195
f 1035/685/1023 1036/686/1024 1037/687/1025
f 1035/685/1023 1037/687/1025 1038/688/1026
f 1036/686/1024 1035/685/1023 1039/689/1027
f 1035/685/1023 1038/688/1026 1040/690/1028
f 1035/685/1023 1040/690/1028 1039/689/1027
f 1041/691/1029 1042/692/1030 1043/693/1031
f 1042/692/1030 1041/691/1029 1044/694/1032
f 1045/695/1033 1042/692/1030 1044/694/1032
f 1042/692/1030 1045/695/1033 1046/696/1034
f 1047/697/1035 1043/693/1031 1042/692/1030
f 1048/698/1036 1042/692/1030 1046/696/1034
f 1042/692/1030 1049/699/1037 1047/697/1035
f 1042/692/1030 1048/698/1036 1049/699/1037
f 1050/700/1038 1047/697/1035 1049/699/1037
f 1051/701/1039 1049/699/1037 1048/698/1036
f 1049/699/1037 1052/702/1040 1050/700/1038
f 1049/699/1037 1051/701/1039 1052/702/1040
f 1052/702/1040 1053/703/1041 1050/700/1038
f 1054/704/1042 1052/702/1040 1051/701/1039
f 1053/703/1041 1052/702/1040 1055/705/1043
f 1052/702/1040 1054/704/1042 1055/705/1043
f 1056/706/1044 1053/703/1041 1055/705/1043
f 1056/706/1044 1055/705/1043 1054/704/1042
f 1053/703/1041 1056/706/1044 1057/707/1045
f 1054/704/1042 1058/708/1046 1056/706/1044
f 1059/709/1047 1057/707/1045 1056/706/1044
f 1058/708/1046 1059/709/1047 1056/706/1044
f 1057/707/1045 1059/709/1047 1060/710/1048
f 1058/708/1046 1061/711/1049 1059/709/1047
f 1062/712/1050 1060/710/1048 1059/709/1047
f 1061/711/1049 1062/712/1050 1059/709/1047
f 1060/710/1048 1062/712/1050 1063/713/1051
f 1061/711/1049 1064/714/1052 1062/712/1050
f 1062/712/1050 1065/715/1053 1063/713/1051
f 1066/716/1054 1062/712/1050 1064/714/1052
f 1065/715/1053 1062/712/1050 1067/717/1055
f 1062/712/1050 1066/716/1054 1067/717/1055
usemtl AK_Ashen_Crystal_MI.001
f 1068/718/1056 1069/719/1057 1070/720/1058
f 1071/721/1059 1072/722/1060 1073/723/1061
f 1074/718/1062 1075/720/1063 1076/719/1064
f 1077/721/1065 1078/723/1066 1079/722/1067
f 1080/724/1068 1081/725/1069 1082/726/1070
f 1080/724/1068 1083/727/1071 1081/725/1069
f 1084/728/1072 1085/729/1073 1083/727/1071
f 1085/729/1073 1084/728/1072 1086/730/1074
f 1085/729/1073 1086/730/1074 1087/731/1075
f 1087/731/1075 1086/730/1074 1088/732/1076
f 1085/729/1073 1087/731/1075 1089/733/1077
f 1089/733/1077 1087/731/1075 1090/734/1078
f 1087/731/1075 1088/732/1076 1091/735/1079
f 1092/736/1080 1090/734/1078 1068/718/1056
f 1091/735/1079 1093/737/1081 1087/731/1075
f 1090/734/1078 1087/731/1075 1093/737/1081
f 1068/718/1056 1090/734/1078 1093/737/1081
f 1093/737/1081 1091/735/1079 1069/719/1057
f 1068/718/1056 1093/737/1081 1069/719/1057
f 1094/724/1082 1095/726/1083 1096/725/1084
f 1094/724/1082 1096/725/1084 1097/727/1085
f 1098/728/1086 1097/727/1085 1099/729/1087
f 1099/729/1087 1100/730/1088 1098/728/1086
f 1099/729/1087 1101/731/1089 1100/730/1088
f 1101/731/1089 1102/732/1090 1100/730/1088
f 1099/729/1087 1103/733/1091 1101/731/1089
f 1103/733/1091 1104/734/1092 1101/731/1089
f 1074/718/1062 1104/734/1092 1105/736/1093
f 1101/731/1089 1106/735/1094 1102/732/1090
f 1074/718/1062 1107/737/1095 1104/734/1092
f 1104/734/1092 1107/737/1095 1101/731/1089
f 1106/735/1094 1101/731/1089 1107/737/1095
f 1074/718/1062 1076/719/1064 1107/737/1095
f 1107/737/1095 1076/719/1064 1106/735/1094
f 1108/738/1096 1086/730/1074 1084/728/1072
f 1084/728/1072 1083/727/1071 1109/739/1097
f 1109/739/1097 1083/727/1071 1080/724/1068
f 1110/740/1098 1080/724/1068 1082/726/1070
f 1111/741/1099 1110/740/1098 1082/726/1070
f 1086/730/1074 1108/738/1096 1112/742/1100
f 1112/742/1100 1088/732/1076 1086/730/1074
f 1112/742/1100 1113/743/1101 1088/732/1076
f 1091/735/1079 1088/732/1076 1113/743/1101
f 1114/744/1102 1091/735/1079 1113/743/1101
f 1069/719/1057 1091/735/1079 1114/744/1102
f 1069/719/1057 1114/744/1102 1070/720/1058
f 1115/745/1103 1068/718/1056 1070/720/1058
f 1068/718/1056 1115/745/1103 1092/736/1080
f 1084/728/1072 1109/739/1097 1116/746/1104
f 1084/728/1072 1116/746/1104 1108/738/1096
f 1117/747/1105 1118/748/1106 1119/749/1107
f 1120/750/1108 1117/747/1105 1119/749/1107
f 1121/751/1109 1120/750/1108 1122/752/1110
f 1123/753/1111 1122/752/1110 1120/750/1108
f 1123/753/1111 1120/750/1108 1124/754/1112
f 1120/750/1108 1125/755/1113 1124/754/1112
f 1125/755/1113 1126/756/1114 1124/754/1112
f 1127/757/1115 1123/753/1111 1124/754/1112
f 1122/752/1110 1123/753/1111 1128/758/1116
f 1123/753/1111 1127/757/1115 1128/758/1116
f 1071/721/1059 1124/754/1112 1072/722/1060
f 1072/722/1060 1124/754/1112 1129/759/1117
f 1124/754/1112 1126/756/1114 1129/759/1117
f 1129/759/1117 1130/760/1118 1072/722/1060
f 1130/760/1118 1129/759/1117 1131/761/1119
f 1132/762/1120 1129/759/1117 1126/756/1114
f 1132/762/1120 1126/756/1114 1133/763/1121
f 1134/764/1122 1132/762/1120 1133/763/1121
f 1134/764/1122 1111/741/1099 1132/762/1120
f 1111/741/1099 1134/764/1122 1110/740/1098
f 1129/759/1117 1135/765/1123 1131/761/1119
f 1135/765/1123 1136/766/1124 1131/761/1119
f 1135/765/1123 1129/759/1117 1132/762/1120
f 1132/762/1120 1137/767/1125 1135/765/1123
f 1111/741/1099 1137/767/1125 1132/762/1120
f 1082/726/1070 1137/767/1125 1111/741/1099
f 1082/726/1070 1138/768/1126 1137/767/1125
f 1138/768/1126 1082/726/1070 1081/725/1069
f 1081/725/1069 1083/727/1071 1138/768/1126
f 1085/729/1073 1138/768/1126 1083/727/1071
f 1138/768/1126 1085/729/1073 1139/769/1127
f 1139/769/1127 1140/770/1128 1138/768/1126
f 1141/771/1129 1140/770/1128 1139/769/1127
f 1142/772/1130 1141/771/1129 1139/769/1127
f 1143/773/1131 1142/772/1130 1139/769/1127
f 1143/773/1131 1144/774/1132 1142/772/1130
f 1143/773/1131 1145/775/1133 1144/774/1132
f 1089/733/1077 1143/773/1131 1139/769/1127
f 1089/733/1077 1145/775/1133 1143/773/1131
f 1085/729/1073 1089/733/1077 1139/769/1127
f 1146/776/1134 1145/775/1133 1089/733/1077
f 1146/776/1134 1089/733/1077 1090/734/1078
f 1092/736/1080 1146/776/1134 1090/734/1078
f 1147/777/1135 1071/721/1059 1073/723/1061
f 1073/723/1061 1148/778/1136 1147/777/1135
f 1149/779/1137 1131/761/1119 1136/766/1124
f 1149/779/1137 1136/766/1124 1150/780/1138
f 1150/780/1138 1136/766/1124 1151/781/1139
f 1152/782/1140 1150/780/1138 1151/781/1139
f 1141/771/1129 1152/782/1140 1151/781/1139
f 1141/771/1129 1151/781/1139 1140/770/1128
f 1151/781/1139 1138/768/1126 1140/770/1128
f 1138/768/1126 1151/781/1139 1137/767/1125
f 1136/766/1124 1137/767/1125 1151/781/1139
f 1137/767/1125 1136/766/1124 1135/765/1123
f 1149/779/1137 1150/780/1138 1153/783/1141
f 1131/761/1119 1149/779/1137 1130/760/1118
f 1149/779/1137 1153/783/1141 1130/760/1118
f 1130/760/1118 1153/783/1141 1072/722/1060
f 1072/722/1060 1153/783/1141 1073/723/1061
f 1154/738/1142 1098/728/1086 1100/730/1088
f 1098/728/1086 1155/739/1143 1097/727/1085
f 1155/739/1143 1094/724/1082 1097/727/1085
f 1156/740/1144 1095/726/1083 1094/724/1082
f 1157/741/1145 1095/726/1083 1156/740/1144
f 1100/730/1088 1158/742/1146 1154/738/1142
f 1158/742/1146 1100/730/1088 1102/732/1090
f 1158/742/1146 1102/732/1090 1159/743/1147
f 1106/735/1094 1159/743/1147 1102/732/1090
f 1160/744/1148 1159/743/1147 1106/735/1094
f 1076/719/1064 1160/744/1148 1106/735/1094
f 1076/719/1064 1075/720/1063 1160/744/1148
f 1074/718/1062 1161/745/1149 1075/720/1063
f 1161/745/1149 1074/718/1062 1105/736/1093
f 1098/728/1086 1162/746/1150 1155/739/1143
f 1098/728/1086 1154/738/1142 1162/746/1150
f 1163/747/1151 1164/749/1152 1118/748/1106
f 1165/750/1153 1164/749/1152 1163/747/1151
f 1166/751/1154 1167/752/1155 1165/750/1153
f 1168/753/1156 1165/750/1153 1167/752/1155
f 1168/753/1156 1169/754/1157 1165/750/1153
f 1165/750/1153 1169/754/1157 1170/755/1158
f 1170/755/1158 1169/754/1157 1171/756/1159
f 1172/757/1160 1169/754/1157 1168/753/1156
f 1167/752/1155 1173/758/1161 1168/753/1156
f 1168/753/1156 1173/758/1161 1172/757/1160
f 1169/754/1157 1077/721/1065 1079/722/1067
f 1169/754/1157 1079/722/1067 1174/759/1162
f 1171/756/1159 1169/754/1157 1174/759/1162
f 1175/760/1163 1174/759/1162 1079/722/1067
f 1174/759/1162 1175/760/1163 1176/761/1164
f 1171/756/1159 1174/759/1162 1177/762/1165
f 1177/762/1165 1178/763/1166 1171/756/1159
f 1179/764/1167 1178/763/1166 1177/762/1165
f 1157/741/1145 1179/764/1167 1177/762/1165
f 1179/764/1167 1157/741/1145 1156/740/1144
f 1174/759/1162 1176/761/1164 1180/765/1168
f 1180/765/1168 1176/761/1164 1181/766/1169
f 1180/765/1168 1177/762/1165 1174/759/1162
f 1177/762/1165 1180/765/1168 1182/767/1170
f 1157/741/1145 1177/762/1165 1182/767/1170
f 1095/726/1083 1157/741/1145 1182/767/1170
f 1183/768/1171 1095/726/1083 1182/767/1170
f 1095/726/1083 1183/768/1171 1096/725/1084
f 1096/725/1084 1183/768/1171 1097/727/1085
f 1183/768/1171 1099/729/1087 1097/727/1085
f 1099/729/1087 1183/768/1171 1184/769/1172
f 1184/769/1172 1183/768/1171 1185/770/1173
f 1186/771/1174 1184/769/1172 1185/770/1173
f 1187/772/1175 1184/769/1172 1186/771/1174
f 1188/773/1176 1184/769/1172 1187/772/1175
f 1188/773/1176 1187/772/1175 1189/774/1177
f 1188/773/1176 1189/774/1177 1190/775/1178
f 1103/733/1091 1184/769/1172 1188/773/1176
f 1103/733/1091 1188/773/1176 1190/775/1178
f 1099/729/1087 1184/769/1172 1103/733/1091
f 1191/776/1179 1103/733/1091 1190/775/1178
f 1191/776/1179 1104/734/1092 1103/733/1091
f 1105/736/1093 1104/734/1092 1191/776/1179
f 1192/777/1180 1078/723/1066 1077/721/1065
f 1078/723/1066 1192/777/1180 1148/778/1136
f 1193/779/1181 1181/766/1169 1176/761/1164
f 1193/779/1181 1194/780/1182 1181/766/1169
f 1194/780/1182 1195/781/1163 1181/766/1169
f 1196/782/1183 1195/781/1163 1194/780/1182
f 1186/771/1174 1195/781/1163 1196/782/1183
f 1186/771/1174 1185/770/1173 1195/781/1163
f 1183/768/1171 1195/781/1163 1185/770/1173
f 1195/781/1163 1183/768/1171 1182/767/1170
f 1182/767/1170 1181/766/1169 1195/781/1163
f 1181/766/1169 1182/767/1170 1180/765/1168
f 1193/779/1181 1197/783/1184 1194/780/1182
f 1176/761/1164 1175/760/1163 1193/779/1181
f 1193/779/1181 1175/760/1163 1197/783/1184
f 1175/760/1163 1079/722/1067 1197/783/1184
f 1079/722/1067 1078/723/1066 1197/783/1184
f 1133/763/1121 1126/756/1114 1198/784/1185
f 1198/784/1185 1126/756/1114 1125/755/1113
f 1125/755/1113 1119/749/1107 1198/784/1185
f 1119/749/1107 1125/755/1113 1120/750/1108
f 1144/774/1132 1145/775/1133 1146/776/1134
f 1199/785/1186 1144/774/1132 1146/776/1134
f 1092/736/1080 1199/785/1186 1146/776/1134
f 1199/785/1186 1092/736/1080 1115/745/1103
f 1173/758/1161 1167/752/1155 1200/786/1187
f 1167/752/1155 1166/751/1154 1200/786/1187
f 1166/751/1154 1201/787/1188 1200/786/1187
f 1163/747/1151 1201/787/1188 1166/751/1154
f 1165/750/1153 1163/747/1151 1166/751/1154
f 1071/721/1059 1127/757/1115 1124/754/1112
f 1127/757/1115 1071/721/1059 1202/788/1189
f 1071/721/1059 1147/777/1135 1202/788/1189
f 1147/777/1135 1203/789/1190 1202/788/1189
f 1204/790/1191 1203/789/1190 1147/777/1135
f 1204/790/1191 1147/777/1135 1148/778/1136
f 1205/791/1192 1206/792/1193 1207/793/1193
f 1208/794/1194 1206/792/1193 1205/791/1192
f 1205/791/1192 1209/795/1195 1208/794/1194
f 1208/794/1194 1209/795/1195 1210/796/1195
f 1128/758/1116 1211/786/1196 1122/752/1110
f 1122/752/1110 1211/786/1196 1121/751/1109
f 1121/751/1109 1211/786/1196 1212/787/1197
f 1121/751/1109 1212/787/1197 1117/747/1105
f 1120/750/1108 1121/751/1109 1117/747/1105
f 1105/736/1093 1213/785/1198 1161/745/1149
f 1213/785/1198 1105/736/1093 1191/776/1179
f 1213/785/1198 1191/776/1179 1189/774/1177
f 1189/774/1177 1191/776/1179 1190/775/1178
f 1172/757/1160 1077/721/1065 1169/754/1157
f 1077/721/1065 1172/757/1160 1214/788/1199
f 1077/721/1065 1214/788/1199 1192/777/1180
f 1192/777/1180 1214/788/1199 1215/789/1200
f 1204/790/1191 1192/777/1180 1215/789/1200
f 1192/777/1180 1204/790/1191 1148/778/1136
f 1205/791/1192 1207/793/1193 1216/792/1193
f 1217/794/1194 1205/791/1192 1216/792/1193
f 1209/795/1195 1205/791/1192 1217/794/1194
f 1217/794/1194 1218/796/1195 1209/795/1195
f 1178/763/1166 1219/784/1201 1171/756/1159
f 1219/784/1201 1170/755/1158 1171/756/1159
f 1164/749/1152 1170/755/1158 1219/784/1201
f 1170/755/1158 1164/749/1152 1165/750/1153
f 1220/797/1202 1221/798/1203 1222/799/1204
f 1220/797/1202 1223/800/1205 1221/798/1203
f 1224/801/1206 1221/798/1203 1223/800/1205
f 1224/801/1206 1225/802/1207 1221/798/1203
f 1223/800/1205 1226/803/237 1224/801/1206
f 1226/803/237 1225/802/1207 1224/801/1206
f 1226/803/237 1223/800/1205 1227/804/1208
f 1226/803/237 1228/805/1209 1225/802/1207
f 1229/806/1210 1226/803/237 1227/804/1208
f 1228/805/1209 1226/803/237 1229/806/1210
f 1227/804/1208 1230/807/1211 1229/806/1210
f 1229/806/1210 1231/808/1212 1228/805/1209
f 1230/807/1211 1232/809/1213 1229/806/1210
f 1231/808/1212 1229/806/1210 1232/809/1213
f 1232/809/1213 1230/807/1211 1233/810/1214
f 1233/810/1214 1234/811/1214 1232/809/1213
f 1235/812/1215 1232/809/1213 1234/811/1214
f 1235/812/1215 1231/808/1212 1232/809/1213
f 1231/808/1212 1235/812/1215 1236/813/1106
f 1237/797/1216 1238/799/1217 1239/798/1218
f 1240/800/1219 1237/797/1216 1239/798/1218
f 1239/798/1218 1241/801/1220 1240/800/1219
f 1242/802/1221 1241/801/1220 1239/798/1218
f 1243/803/1222 1240/800/1219 1241/801/1220
f 1242/802/1221 1243/803/1222 1241/801/1220
f 1240/800/1219 1243/803/1222 1244/804/1223
f 1242/802/1221 1245/805/1224 1243/803/1222
f 1246/806/1225 1244/804/1223 1243/803/1222
f 1243/803/1222 1245/805/1224 1246/806/1225
f 1247/807/1226 1244/804/1223 1246/806/1225
f 1246/806/1225 1245/805/1224 1248/808/1227
f 1249/809/1228 1247/807/1226 1246/806/1225
f 1248/808/1227 1249/809/1228 1246/806/1225
f 1247/807/1226 1249/809/1228 1250/810/1214
f 1234/811/1214 1250/810/1214 1249/809/1228
f 1234/811/1214 1249/809/1228 1235/812/1215
f 1248/808/1227 1235/812/1215 1249/809/1228
f 1235/812/1215 1248/808/1227 1236/813/1106
f 1251/814/1229 1252/815/1230 1253/816/1231
f 1252/815/1230 1254/817/1232 1255/818/1233
f 1251/814/1229 1256/819/1234 1252/815/1230
f 1254/817/1232 1252/815/1230 1256/819/1234
f 1256/819/1234 1251/814/1229 1257/820/1235
f 1256/819/1234 1258/821/1236 1254/817/1232
f 1258/821/1236 1256/819/1234 1257/820/1235
f 1259/815/1237 1260/814/1238 1261/816/1239
f 1262/817/1240 1259/815/1237 1255/818/1233
f 1260/814/1238 1259/815/1237 1263/819/1241
f 1259/815/1237 1262/817/1240 1263/819/1241
f 1263/819/1241 1264/820/1235 1260/814/1238
f 1262/817/1240 1265/821/1242 1263/819/1241
f 1265/821/1242 1264/820/1235 1263/819/1241
